,cum_cost,cum_reward,n_interventions
0,0.03345560761388302,-0.03345560761388302,0
1,0.03657272610905886,-0.03657272610905886,0
2,0.034262658921253686,-0.034262658921253686,0
3,0.03261171705785037,-0.03261171705785037,0
4,0.030961177525799282,-0.030961177525799282,0
5,0.02850261782412768,-0.02850261782412768,0
6,0.027374398138268,-0.027374398138268,0
7,0.08882465493726253,-0.08882465493726253,0
8,0.15958591420070173,-0.15958591420070173,0
9,0.21137375355674745,-0.21137375355674745,0
10,0.42197387117813917,-0.42197387117813917,0
11,1.0366660708318398,-1.0366660708318398,0
12,1.7512147690265225,-1.7512147690265225,0
13,2.0681628090074033,-2.0681628090074033,0
14,2.2192634414541574,-2.2192634414541574,0
15,2.817071105099201,-2.817071105099201,0
16,3.0427508343839067,-3.0427508343839067,0
17,3.271393087357933,-3.271393087357933,0
18,3.332702871078107,-3.332702871078107,0
19,3.5001614607604044,-3.5001614607604044,0
20,3.583193028551361,-3.583193028551361,0
21,3.6628840112690346,-3.6628840112690346,0
22,3.764088837680196,-3.764088837680196,0
23,3.8025004506305065,-3.8025004506305065,0
24,3.807634971311375,-3.807634971311375,0
25,3.806222723572232,-3.806222723572232,0
26,3.8041700305494275,-3.8041700305494275,0
27,3.802301595509564,-3.802301595509564,0
28,3.7994040232161486,-3.7994040232161486,0
29,3.7986265651773987,-3.7986265651773987,0
30,3.805351698162452,-3.805351698162452,0
31,3.858159435109242,-3.858159435109242,0
32,3.905400118600012,-3.905400118600012,0
33,4.267917101124886,-4.267917101124886,0
34,5.043388803431391,-5.043388803431391,0
35,5.818228108900106,-5.818228108900106,0
36,6.635401062867745,-6.635401062867745,1
37,7.006325055953538,-7.006325055953538,2
38,7.268304110408951,-7.268304110408951,3
39,7.845954591281352,-7.845954591281352,4
40,8.051048458419649,-8.051048458419649,5
41,8.307862949045933,-8.307862949045933,6
42,8.450652405097546,-8.450652405097546,7
43,8.602489250843853,-8.602489250843853,8
44,8.683640197900884,-8.683640197900884,9
45,8.83487527869413,-8.83487527869413,10
46,8.918870629276684,-8.918870629276684,11
47,8.977551634763007,-8.977551634763007,12
48,9.007220533818142,-9.007220533818142,13
49,9.054575236325997,-9.054575236325997,14
50,9.09164385118499,-9.09164385118499,15
51,9.134434249441334,-9.134434249441334,16
52,9.166363055303924,-9.166363055303924,17
53,9.199124455631416,-9.199124455631416,18
54,9.274068348899435,-9.274068348899435,19
55,9.375331176001689,-9.375331176001689,20
56,9.51056069717196,-9.51056069717196,21
57,10.13500591136282,-10.13500591136282,22
58,10.841154491334438,-10.841154491334438,23
59,11.32749009218088,-11.32749009218088,24
60,11.548859975982346,-11.548859975982346,25
61,11.643320750959328,-11.643320750959328,26
62,11.655925799819036,-11.655925799819036,27
63,11.79903664494384,-11.79903664494384,28
64,11.880947226051218,-11.880947226051218,29
65,11.974532451167068,-11.974532451167068,30
66,12.058290273970927,-12.058290273970927,31
67,12.162353577294263,-12.162353577294263,32
68,12.260571347985351,-12.260571347985351,33
69,12.451965168341115,-12.451965168341115,34
70,12.57445168007198,-12.57445168007198,35
71,12.617561009839074,-12.617561009839074,36
72,12.87682337643854,-12.87682337643854,37
73,12.928048084820425,-12.928048084820425,38
74,12.9696937196972,-12.9696937196972,39
75,13.013037562873851,-13.013037562873851,40
76,13.08585998989766,-13.08585998989766,41
77,13.14693046334644,-13.14693046334644,42
78,13.188469013995107,-13.188469013995107,43
79,13.267532302977957,-13.267532302977957,44
80,13.434546729689828,-13.434546729689828,45
81,13.508455560215682,-13.508455560215682,46
82,13.59549615542141,-13.59549615542141,47
83,13.64097985983788,-13.64097985983788,48
84,13.703343933630537,-13.703343933630537,49
85,13.816519879024927,-13.816519879024927,50
86,13.886331192088688,-13.886331192088688,51
87,13.95996654041235,-13.95996654041235,52
88,14.101822548968668,-14.101822548968668,53
89,14.226911544094602,-14.226911544094602,54
90,14.420719486134569,-14.420719486134569,55
91,15.203624683311167,-15.203624683311167,56
92,15.874898908589577,-15.874898908589577,57
93,16.149411029993946,-16.149411029993946,58
94,16.24826092008428,-16.24826092008428,59
95,16.3109005970766,-16.3109005970766,60
96,16.332192964354302,-16.332192964354302,61
97,16.35193727830962,-16.35193727830962,62
98,16.366495673808874,-16.366495673808874,63
99,16.3780124921179,-16.3780124921179,64
100,16.406173099312394,-16.406173099312394,65
101,16.428621137570815,-16.428621137570815,66
102,16.452834355071555,-16.452834355071555,67
103,16.509598607868952,-16.509598607868952,68
104,16.600351642864112,-16.600351642864112,69
105,16.6110446365756,-16.6110446365756,70
106,16.886896192973996,-16.886896192973996,71
107,17.17493035238007,-17.17493035238007,72
108,17.216934917156856,-17.216934917156856,73
109,17.241143556652887,-17.241143556652887,74
110,17.24682956564223,-17.24682956564223,75
111,17.328305583219787,-17.328305583219787,76
112,17.534480462056468,-17.534480462056468,77
113,17.605066824419623,-17.605066824419623,78
114,17.688970208561788,-17.688970208561788,79
115,17.775311145932324,-17.775311145932324,80
116,17.897485631683555,-17.897485631683555,81
117,18.00570378239882,-18.00570378239882,82
118,18.17017023822822,-18.17017023822822,83
119,18.311966174814813,-18.311966174814813,84
120,18.38887529504985,-18.38887529504985,85
121,18.405595019759705,-18.405595019759705,86
122,18.42391036792235,-18.42391036792235,87
123,18.43393634560505,-18.43393634560505,88
124,18.454376471613486,-18.454376471613486,89
125,18.476585581401768,-18.476585581401768,90
126,18.54594150485779,-18.54594150485779,91
127,18.642849595078577,-18.642849595078577,92
128,18.71027747677575,-18.71027747677575,93
129,19.054991113210082,-19.054991113210082,94
130,19.291017873202104,-19.291017873202104,95
131,19.472987131879638,-19.472987131879638,96
132,19.6780029441794,-19.6780029441794,97
133,19.860150517013732,-19.860150517013732,98
134,19.973745745650078,-19.973745745650078,99
135,20.070393006699724,-20.070393006699724,100
136,20.157082565674244,-20.157082565674244,101
137,20.295767135315785,-20.295767135315785,102
138,20.41253234477645,-20.41253234477645,103
139,20.51094166442592,-20.51094166442592,104
140,20.689672727735672,-20.689672727735672,105
141,20.82044123035739,-20.82044123035739,106
142,20.920701182523533,-20.920701182523533,107
143,20.982341044805253,-20.982341044805253,108
144,21.030177901369253,-21.030177901369253,109
145,21.07031681032813,-21.07031681032813,110
146,21.117284827948716,-21.117284827948716,111
147,21.154853219014043,-21.154853219014043,112
148,21.205056011374737,-21.205056011374737,113
149,21.239371671329515,-21.239371671329515,114
150,21.3188111297894,-21.3188111297894,115
151,21.390379317480548,-21.390379317480548,116
152,21.573038588124916,-21.573038588124916,117
153,21.767173044109285,-21.767173044109285,118
154,21.94878155546906,-21.94878155546906,119
155,22.103828025993057,-22.103828025993057,120
156,22.20536560689338,-22.20536560689338,121
157,22.876832637753566,-22.876832637753566,122
158,23.6741887310298,-23.6741887310298,123
159,24.154253458393427,-24.154253458393427,124
160,24.430869309636346,-24.430869309636346,125
161,24.799473627914917,-24.799473627914917,126
162,24.961154749162997,-24.961154749162997,127
163,25.127264836002848,-25.127264836002848,128
164,25.241099423990388,-25.241099423990388,129
165,25.334845601000406,-25.334845601000406,130
166,25.44430679522407,-25.44430679522407,131
167,25.485317952200713,-25.485317952200713,132
168,25.551760799912458,-25.551760799912458,133
169,25.565312454649717,-25.565312454649717,134
170,25.59964392604962,-25.59964392604962,135
171,25.622220070889288,-25.622220070889288,136
172,25.68851504993932,-25.68851504993932,137
173,25.704373641358668,-25.704373641358668,138
174,25.773413726522172,-25.773413726522172,139
175,25.836871433413304,-25.836871433413304,140
176,25.927972305124708,-25.927972305124708,141
177,26.002096818170486,-26.002096818170486,142
178,26.152650360803936,-26.152650360803936,143
179,26.341617457314033,-26.341617457314033,144
180,26.506680519599502,-26.506680519599502,145
181,26.574231303685064,-26.574231303685064,146
182,26.9461022659512,-26.9461022659512,147
183,27.15852118443865,-27.15852118443865,148
184,27.378166439741047,-27.378166439741047,149
185,27.60565687056199,-27.60565687056199,150
186,27.8325813371426,-27.8325813371426,151
187,27.984442300537285,-27.984442300537285,152
188,28.096789419123937,-28.096789419123937,153
189,28.20141767481152,-28.20141767481152,154
190,28.3274978346153,-28.3274978346153,155
191,28.402242970635637,-28.402242970635637,156
192,28.46046305411288,-28.46046305411288,157
193,28.506774822116117,-28.506774822116117,158
194,28.53436153932243,-28.53436153932243,159
195,28.58062097333166,-28.58062097333166,160
196,28.63163097135088,-28.63163097135088,161
197,28.696602855680524,-28.696602855680524,162
198,28.73776242598512,-28.73776242598512,163
199,28.84961127371993,-28.84961127371993,164
200,28.944520797604362,-28.944520797604362,165
201,29.14689362025299,-29.14689362025299,166
202,29.32813938159295,-29.32813938159295,167
203,29.494260251925123,-29.494260251925123,168
204,29.6818662464807,-29.6818662464807,169
205,29.897984911036932,-29.897984911036932,170
206,30.05166099363845,-30.05166099363845,171
207,30.288679268488597,-30.288679268488597,172
208,30.454109516236425,-30.454109516236425,173
209,30.73341273867537,-30.73341273867537,174
210,30.896583222043713,-30.896583222043713,175
211,31.013135204196175,-31.013135204196175,176
212,31.13327170139486,-31.13327170139486,177
213,31.261157228622302,-31.261157228622302,178
214,31.35447328339234,-31.35447328339234,179
215,31.41256716927515,-31.41256716927515,180
216,31.431828173184652,-31.431828173184652,181
217,31.444867153358416,-31.444867153358416,182
218,31.462617494563137,-31.462617494563137,183
219,31.474087225407796,-31.474087225407796,184
220,31.48629776580819,-31.48629776580819,185
221,31.51714451713378,-31.51714451713378,186
222,31.537968534372798,-31.537968534372798,187
223,31.618285384431825,-31.618285384431825,188
224,31.736613013902904,-31.736613013902904,189
225,31.92767446556286,-31.92767446556286,190
226,32.08667044696215,-32.08667044696215,191
227,32.16565932654537,-32.16565932654537,192
228,32.248175039864385,-32.248175039864385,193
229,32.433195682706035,-32.433195682706035,194
230,32.73548961255786,-32.73548961255786,195
231,32.967532783134885,-32.967532783134885,196
232,33.153689738186635,-33.153689738186635,197
233,33.24312585128609,-33.24312585128609,198
234,33.38976237095575,-33.38976237095575,199
235,33.57263515558286,-33.57263515558286,200
236,33.71966755578814,-33.71966755578814,201
237,33.807665659165366,-33.807665659165366,202
238,33.905177005269756,-33.905177005269756,203
239,33.98155125906551,-33.98155125906551,204
240,34.02526190314184,-34.02526190314184,205
241,34.07518550230301,-34.07518550230301,206
242,34.08837590414231,-34.08837590414231,207
243,34.112000377113034,-34.112000377113034,208
244,34.13888628010656,-34.13888628010656,209
245,34.20826129280672,-34.20826129280672,210
246,34.23206675817353,-34.23206675817353,211
247,34.30699581763635,-34.30699581763635,212
248,34.39119468099454,-34.39119468099454,213
249,34.54220899600234,-34.54220899600234,214
250,34.67945721286308,-34.67945721286308,215
251,34.804516369532806,-34.804516369532806,216
252,34.9232866454848,-34.9232866454848,217
253,35.00806643580749,-35.00806643580749,218
254,35.17525119835874,-35.17525119835874,219
255,35.25185901995114,-35.25185901995114,220
256,35.396042951760776,-35.396042951760776,221
257,35.49686791817692,-35.49686791817692,222
258,35.60380032133996,-35.60380032133996,223
259,35.76072301459359,-35.76072301459359,224
260,35.865901019534775,-35.865901019534775,225
261,35.96893185618132,-35.96893185618132,226
262,36.0809148938515,-36.0809148938515,227
263,36.130175242229505,-36.130175242229505,228
264,36.220038300513856,-36.220038300513856,229
265,36.232608154038054,-36.232608154038054,230
266,36.245223828941185,-36.245223828941185,231
267,36.29982732019793,-36.29982732019793,232
268,36.32592783164715,-36.32592783164715,233
269,36.33758663214935,-36.33758663214935,234
270,36.389541758655405,-36.389541758655405,235
271,36.46418922966947,-36.46418922966947,236
272,36.53753288145439,-36.53753288145439,237
273,36.657259865414055,-36.657259865414055,238
274,36.77054857583435,-36.77054857583435,239
275,37.07699306651007,-37.07699306651007,240
276,37.67998580302764,-37.67998580302764,241
277,38.374281802129296,-38.374281802129296,242
278,39.01892735603546,-39.01892735603546,243
279,39.40489365361043,-39.40489365361043,244
280,39.56062201080053,-39.56062201080053,245
281,39.73535023758335,-39.73535023758335,246
282,39.880817438788775,-39.880817438788775,247
283,39.99898798293941,-39.99898798293941,248
284,40.081197053431495,-40.081197053431495,249
285,40.19824168863574,-40.19824168863574,250
286,40.29730371016303,-40.29730371016303,251
287,40.345947198731174,-40.345947198731174,252
288,40.368895296338096,-40.368895296338096,253
289,40.38196279439086,-40.38196279439086,254
290,40.394447102793464,-40.394447102793464,255
291,40.406046681063266,-40.406046681063266,256
292,40.417809523974874,-40.417809523974874,257
293,40.45172832181027,-40.45172832181027,258
294,40.466672633915785,-40.466672633915785,259
295,40.55092298941865,-40.55092298941865,260
296,40.69818750909797,-40.69818750909797,261
297,40.7944229019536,-40.7944229019536,262
298,41.40395541685703,-41.40395541685703,263
299,41.973886824995105,-41.973886824995105,264
300,42.06878529854189,-42.06878529854189,265
301,42.0681395624523,-42.0681395624523,266
302,42.082555314459796,-42.082555314459796,267
303,42.16569697799693,-42.16569697799693,268
304,42.30232152243948,-42.30232152243948,269
305,42.38245746585636,-42.38245746585636,270
306,42.475648805475835,-42.475648805475835,271
307,42.549118057402225,-42.549118057402225,272
308,42.679561535457616,-42.679561535457616,273
309,42.787795505412674,-42.787795505412674,274
310,42.88169849556437,-42.88169849556437,275
311,42.937289725537056,-42.937289725537056,276
312,42.96803411942277,-42.96803411942277,277
313,42.986817269905096,-42.986817269905096,278
314,43.00000979613524,-43.00000979613524,279
315,43.01225071055493,-43.01225071055493,280
316,43.02868615597536,-43.02868615597536,281
317,43.04219046502858,-43.04219046502858,282
318,43.05607726377097,-43.05607726377097,283
319,43.13587287616032,-43.13587287616032,284
320,43.21879050130714,-43.21879050130714,285
321,43.335790404022504,-43.335790404022504,286
322,43.372423131811765,-43.372423131811765,287
323,43.56208293699759,-43.56208293699759,288
324,43.664127114801055,-43.664127114801055,289
325,43.83552646093149,-43.83552646093149,290
326,43.85648728322431,-43.85648728322431,291
327,44.492867769461505,-44.492867769461505,292
328,45.341335105947906,-45.341335105947906,293
329,46.08833922792092,-46.08833922792092,294
330,46.41646236720463,-46.41646236720463,295
331,46.51315640659711,-46.51315640659711,296
332,46.62028636092893,-46.62028636092893,297
333,46.71867006896916,-46.71867006896916,298
334,46.816175488113394,-46.816175488113394,299
335,46.85927801815412,-46.85927801815412,300
336,46.87283291333538,-46.87283291333538,301
337,46.8879676115662,-46.8879676115662,302
338,46.900614037644516,-46.900614037644516,303
339,46.913806508503114,-46.913806508503114,304
340,46.926684745046195,-46.926684745046195,305
341,46.94038676454463,-46.94038676454463,306
342,46.95573238263807,-46.95573238263807,307
343,47.03213203166167,-47.03213203166167,308
344,47.10932501651299,-47.10932501651299,309
345,47.123926846670756,-47.123926846670756,310
346,47.14122716363177,-47.14122716363177,311
347,47.214819413813245,-47.214819413813245,312
348,47.23375949971246,-47.23375949971246,313
349,47.23300101174845,-47.23300101174845,314
350,47.227277167966285,-47.227277167966285,315
351,47.4015055042207,-47.4015055042207,316
352,47.55064054916995,-47.55064054916995,317
353,47.648399514623485,-47.648399514623485,318
354,47.822084717541955,-47.822084717541955,319
355,47.92403416992278,-47.92403416992278,320
356,48.11476668030566,-48.11476668030566,321
357,48.2178187595316,-48.2178187595316,322
358,48.31902732414546,-48.31902732414546,323
359,48.365306643172815,-48.365306643172815,324
360,48.41937324550647,-48.41937324550647,325
361,48.43918697518758,-48.43918697518758,326
362,48.4507962378345,-48.4507962378345,327
363,48.465545723126745,-48.465545723126745,328
364,48.478819021375124,-48.478819021375124,329
365,48.49148538643877,-48.49148538643877,330
366,48.505576273532306,-48.505576273532306,331
367,48.565518080853366,-48.565518080853366,332
368,48.61574903040256,-48.61574903040256,333
369,48.6819914490164,-48.6819914490164,334
370,48.78244760588386,-48.78244760588386,335
371,48.85250363747313,-48.85250363747313,336
372,48.85048826195229,-48.85048826195229,337
373,48.90068892354467,-48.90068892354467,338
374,49.059000108242564,-49.059000108242564,339
375,49.251117749392826,-49.251117749392826,340
376,49.359412632945485,-49.359412632945485,341
377,49.499748847888625,-49.499748847888625,342
378,49.634887169178,-49.634887169178,343
379,49.75427099357145,-49.75427099357145,344
380,49.83026233238651,-49.83026233238651,345
381,49.928123412289516,-49.928123412289516,346
382,50.03238049813528,-50.03238049813528,347
383,50.1356171141385,-50.1356171141385,348
384,50.20108915715455,-50.20108915715455,349
385,50.32577297861516,-50.32577297861516,350
386,50.34513402646758,-50.34513402646758,351
387,50.376487855183015,-50.376487855183015,352
388,50.40798097088569,-50.40798097088569,353
389,50.4431914295585,-50.4431914295585,354
390,50.49087863638179,-50.49087863638179,355
391,50.60632351267792,-50.60632351267792,356
392,50.71332231283622,-50.71332231283622,357
393,50.768942037392776,-50.768942037392776,358
394,50.832153964997,-50.832153964997,359
395,50.868039915097846,-50.868039915097846,360
396,50.97441648368836,-50.97441648368836,361
397,50.972391062001165,-50.972391062001165,362
398,50.96879196366846,-50.96879196366846,363
399,51.145581128853394,-51.145581128853394,364
400,51.35966350308124,-51.35966350308124,365
401,51.46890522893292,-51.46890522893292,366
402,51.57308080810609,-51.57308080810609,367
403,51.72041078478743,-51.72041078478743,368
404,51.82671980703652,-51.82671980703652,369
405,51.90792891284442,-51.90792891284442,370
406,51.9933564098313,-51.9933564098313,371
407,52.05178909747275,-52.05178909747275,372
408,52.07799084931878,-52.07799084931878,373
409,52.090553911152995,-52.090553911152995,374
410,52.10890320502828,-52.10890320502828,375
411,52.119996902881944,-52.119996902881944,376
412,52.13112427163862,-52.13112427163862,377
413,52.143223881297295,-52.143223881297295,378
414,52.15407324050571,-52.15407324050571,379
415,52.25165590306095,-52.25165590306095,380
416,52.322839898604784,-52.322839898604784,381
417,52.389719267578826,-52.389719267578826,382
418,52.50239572943158,-52.50239572943158,383
419,52.62877405144367,-52.62877405144367,384
420,52.779183808517956,-52.779183808517956,385
421,52.844399617714,-52.844399617714,386
422,52.9342431810432,-52.9342431810432,387
423,53.00640689383077,-53.00640689383077,388
424,53.07526251324729,-53.07526251324729,389
425,53.16897429697543,-53.16897429697543,390
426,53.25527937102995,-53.25527937102995,391
427,53.41490694584248,-53.41490694584248,392
428,53.57872230238917,-53.57872230238917,393
429,53.674018821006264,-53.674018821006264,394
430,53.76995907999414,-53.76995907999414,395
431,53.81100294916904,-53.81100294916904,396
432,53.84014680281666,-53.84014680281666,397
433,53.88070115518277,-53.88070115518277,398
434,53.90169792859529,-53.90169792859529,399
435,53.9413710773018,-53.9413710773018,400
436,53.96393476743061,-53.96393476743061,401
437,54.003043681805615,-54.003043681805615,402
438,54.02582230754732,-54.02582230754732,403
439,54.103128128889594,-54.103128128889594,404
440,54.18648857242424,-54.18648857242424,405
441,54.25621347629258,-54.25621347629258,406
442,54.25319014055693,-54.25319014055693,407
443,54.33733674693445,-54.33733674693445,408
444,54.430741028626876,-54.430741028626876,409
445,54.53540884013608,-54.53540884013608,410
446,54.72979682096579,-54.72979682096579,411
447,54.817757468778574,-54.817757468778574,412
448,55.53436722191214,-55.53436722191214,413
449,56.31962084146938,-56.31962084146938,414
450,57.042730830558405,-57.042730830558405,415
451,57.835718897951196,-57.835718897951196,416
452,58.53542765399982,-58.53542765399982,417
453,58.916404390911204,-58.916404390911204,418
454,59.059607489793606,-59.059607489793606,419
455,59.102706681746575,-59.102706681746575,420
456,59.119865649544295,-59.119865649544295,421
457,59.132886403555844,-59.132886403555844,422
458,59.14647581353103,-59.14647581353103,423
459,59.16479815722373,-59.16479815722373,424
460,59.175992129523415,-59.175992129523415,425
461,59.18966361231169,-59.18966361231169,426
462,59.2240514254216,-59.2240514254216,427
463,59.31342717062167,-59.31342717062167,428
464,59.39033410988812,-59.39033410988812,429
465,59.55073203106314,-59.55073203106314,430
466,59.698543087415985,-59.698543087415985,431
467,59.80119422373044,-59.80119422373044,432
468,59.86725429923643,-59.86725429923643,433
469,60.04138068441544,-60.04138068441544,434
470,60.16746034876047,-60.16746034876047,435
471,60.34256540125706,-60.34256540125706,436
472,60.48105801672555,-60.48105801672555,437
473,60.55420062059273,-60.55420062059273,438
474,60.639612645387906,-60.639612645387906,439
475,60.693112668651445,-60.693112668651445,440
476,60.791546360407075,-60.791546360407075,441
477,60.98790547227334,-60.98790547227334,442
478,61.0823672876945,-61.0823672876945,443
479,61.15044126846878,-61.15044126846878,444
480,61.181672999691045,-61.181672999691045,445
481,61.20929317208442,-61.20929317208442,446
482,61.222991237935915,-61.222991237935915,447
483,61.27046696474196,-61.27046696474196,448
484,61.31079550985622,-61.31079550985622,449
485,61.3436974950267,-61.3436974950267,450
486,61.35560720498951,-61.35560720498951,451
487,61.42913696853137,-61.42913696853137,452
488,61.71754985431142,-61.71754985431142,453
489,61.837872818820536,-61.837872818820536,454
490,61.982171802745604,-61.982171802745604,455
491,62.06112292606627,-62.06112292606627,456
492,62.80515498504476,-62.80515498504476,457
493,63.53929406685782,-63.53929406685782,458
494,63.8418510894517,-63.8418510894517,459
495,64.04354142291979,-64.04354142291979,460
496,64.26906986730219,-64.26906986730219,461
497,64.54744981760172,-64.54744981760172,462
498,64.69696885886941,-64.69696885886941,463
499,64.8948941562401,-64.8948941562401,464
500,65.05211817538377,-65.05211817538377,465
501,65.25692139253579,-65.25692139253579,466
502,65.4312806396079,-65.4312806396079,467
503,65.47442015018946,-65.47442015018946,468
504,65.54095750527146,-65.54095750527146,469
505,65.55450038185312,-65.55450038185312,470
506,65.56957899094193,-65.56957899094193,471
507,65.58469178816497,-65.58469178816497,472
508,65.59715379239182,-65.59715379239182,473
509,65.61694493149672,-65.61694493149672,474
510,65.65462193688117,-65.65462193688117,475
511,65.73336777578875,-65.73336777578875,476
512,65.8048549669335,-65.8048549669335,477
513,65.89670167532888,-65.89670167532888,478
514,66.05362203694868,-66.05362203694868,479
515,66.18229541169491,-66.18229541169491,480
516,66.25123646400816,-66.25123646400816,481
517,66.99856625112814,-66.99856625112814,482
518,67.85843602945482,-67.85843602945482,483
519,68.46037254359842,-68.46037254359842,484
520,68.66029567667997,-68.66029567667997,485
521,68.84390197806101,-68.84390197806101,486
522,69.06814132032451,-69.06814132032451,487
523,69.1953307550565,-69.1953307550565,488
524,69.29892547797564,-69.29892547797564,489
525,69.41992032824606,-69.41992032824606,490
526,69.50599747098629,-69.50599747098629,491
527,69.56714612847236,-69.56714612847236,492
528,69.63731856928516,-69.63731856928516,493
529,69.68207964061062,-69.68207964061062,494
530,69.73678555650599,-69.73678555650599,495
531,69.79201779439661,-69.79201779439661,496
532,69.80743908571485,-69.80743908571485,497
533,69.83796402044223,-69.83796402044223,498
534,69.8938660456771,-69.8938660456771,499
535,69.98076332862136,-69.98076332862136,500
536,70.1024197388021,-70.1024197388021,501
537,70.14494500038494,-70.14494500038494,502
538,70.28649602730061,-70.28649602730061,503
539,70.94979999153792,-70.94979999153792,504
540,71.42594062029384,-71.42594062029384,505
541,71.56468789598472,-71.56468789598472,506
542,71.70713766312436,-71.70713766312436,507
543,71.87482194294672,-71.87482194294672,508
544,72.03936596701298,-72.03936596701298,509
545,72.2339697246324,-72.2339697246324,510
546,72.41537761079935,-72.41537761079935,511
547,72.57865772881784,-72.57865772881784,512
548,72.72163482730537,-72.72163482730537,513
549,72.8357036650362,-72.8357036650362,514
550,72.93530256857898,-72.93530256857898,515
551,72.97981673631712,-72.97981673631712,516
552,73.04206771780103,-73.04206771780103,517
553,73.06848804348465,-73.06848804348465,518
554,73.09970668673922,-73.09970668673922,519
555,73.12230328895838,-73.12230328895838,520
556,73.16034450248053,-73.16034450248053,521
557,73.23006693281184,-73.23006693281184,522
558,73.30025863137632,-73.30025863137632,523
559,73.41691683041465,-73.41691683041465,524
560,73.47494802660206,-73.47494802660206,525
561,73.48281723853614,-73.48281723853614,526
562,73.51598244991135,-73.51598244991135,527
563,73.6789663336103,-73.6789663336103,528
564,73.76472131061296,-73.76472131061296,529
565,73.78825843691534,-73.78825843691534,530
566,73.81664165717119,-73.81664165717119,531
567,73.89309725432902,-73.89309725432902,532
568,74.0711791919218,-74.0711791919218,533
569,74.26694287605542,-74.26694287605542,534
570,74.42167760013899,-74.42167760013899,535
571,74.57496150724867,-74.57496150724867,536
572,74.66442983363002,-74.66442983363002,537
573,74.76077752902613,-74.76077752902613,538
574,74.84428360746477,-74.84428360746477,539
575,74.89301950131035,-74.89301950131035,540
576,74.92479839143704,-74.92479839143704,541
577,74.9410157921777,-74.9410157921777,542
578,74.95473846909893,-74.95473846909893,543
579,74.9687954954659,-74.9687954954659,544
580,74.98074996731347,-74.98074996731347,545
581,75.00356691606912,-75.00356691606912,546
582,75.02927583066857,-75.02927583066857,547
583,75.12584853418007,-75.12584853418007,548
584,75.17805432247484,-75.17805432247484,549
585,75.18810926148355,-75.18810926148355,550
586,75.2664716966041,-75.2664716966041,551
587,75.35001531622272,-75.35001531622272,552
588,75.8255621936547,-75.8255621936547,553
589,75.91651766589628,-75.91651766589628,554
590,75.91948871517833,-75.91948871517833,555
591,76.51284626321986,-76.51284626321986,556
592,76.59310977839445,-76.59310977839445,557
593,76.78217067842093,-76.78217067842093,558
594,76.92921536065444,-76.92921536065444,559
595,77.03332809224813,-77.03332809224813,560
596,77.16283203147866,-77.16283203147866,561
597,77.27216411400684,-77.27216411400684,562
598,77.3681363277118,-77.3681363277118,563
599,77.52077780751775,-77.52077780751775,564
600,77.53643717191771,-77.53643717191771,565
601,77.55211264856275,-77.55211264856275,566
602,77.5679137894506,-77.5679137894506,567
603,77.58266338802487,-77.58266338802487,568
604,77.61039436107144,-77.61039436107144,569
605,77.62829127983034,-77.62829127983034,570
606,77.66385822843813,-77.66385822843813,571
607,77.7384051317052,-77.7384051317052,572
608,77.89945257056475,-77.89945257056475,573
609,77.99252013991386,-77.99252013991386,574
610,78.43487899570015,-78.43487899570015,575
611,79.03046120942699,-79.03046120942699,576
612,79.26194892253545,-79.26194892253545,577
613,79.46922673393209,-79.46922673393209,578
614,79.58677016465002,-79.58677016465002,579
615,79.79793168559608,-79.79793168559608,580
616,80.02952138701625,-80.02952138701625,581
617,80.25454032073402,-80.25454032073402,582
618,80.54626816929401,-80.54626816929401,583
619,80.71306805679664,-80.71306805679664,584
620,80.89135321539973,-80.89135321539973,585
621,81.03476047076377,-81.03476047076377,586
622,81.22489764136408,-81.22489764136408,587
623,81.33453281940497,-81.33453281940497,588
624,81.39847017772634,-81.39847017772634,589
625,81.4447891630898,-81.4447891630898,590
626,81.49478893817073,-81.49478893817073,591
627,81.5791892082279,-81.5791892082279,592
628,81.6267676205375,-81.6267676205375,593
629,81.7302958401927,-81.7302958401927,594
630,81.80159911999982,-81.80159911999982,595
631,81.95310997522174,-81.95310997522174,596
632,82.19619337188162,-82.19619337188162,597
633,82.29464868418981,-82.29464868418981,598
634,82.3649841565636,-82.3649841565636,599
635,82.48376684822011,-82.48376684822011,600
636,83.09011729501395,-83.09011729501395,601
637,83.60740345934389,-83.60740345934389,602
638,83.73883311898243,-83.73883311898243,603
639,83.89676888524438,-83.89676888524438,604
640,83.99782197054417,-83.99782197054417,605
641,84.12706378482703,-84.12706378482703,606
642,84.2943381934109,-84.2943381934109,607
643,84.4449327440374,-84.4449327440374,608
644,84.68013424754211,-84.68013424754211,609
645,84.84933535036284,-84.84933535036284,610
646,84.93584037975074,-84.93584037975074,611
647,84.98458753039178,-84.98458753039178,612
648,85.02050487673792,-85.02050487673792,613
649,85.05526751531916,-85.05526751531916,614
650,85.06830278421391,-85.06830278421391,615
651,85.08266196395115,-85.08266196395115,616
652,85.09418105557333,-85.09418105557333,617
653,85.11393339490934,-85.11393339490934,618
654,85.18209804445634,-85.18209804445634,619
655,85.26407142322218,-85.26407142322218,620
656,85.44303191664181,-85.44303191664181,621
657,85.49896580022967,-85.49896580022967,622
658,85.61195669457416,-85.61195669457416,623
659,85.72423337287462,-85.72423337287462,624
660,85.7728846817995,-85.7728846817995,625
661,85.92948556167572,-85.92948556167572,626
662,86.20688223731632,-86.20688223731632,627
663,86.888912774956,-86.888912774956,628
664,87.1058954414653,-87.1058954414653,629
665,87.29917147755042,-87.29917147755042,630
666,87.39673317908519,-87.39673317908519,631
667,87.55687988961743,-87.55687988961743,632
668,87.6913591050524,-87.6913591050524,633
669,87.80276480308952,-87.80276480308952,634
670,87.91587220663186,-87.91587220663186,635
671,87.9848837126149,-87.9848837126149,636
672,88.03629274178553,-88.03629274178553,637
673,88.05827031624935,-88.05827031624935,638
674,88.07250331993332,-88.07250331993332,639
675,88.08484970010426,-88.08484970010426,640
676,88.1006070377979,-88.1006070377979,641
677,88.11212973396377,-88.11212973396377,642
678,88.14370205727725,-88.14370205727725,643
679,88.22598023458325,-88.22598023458325,644
680,88.26858263103375,-88.26858263103375,645
681,88.38023357393313,-88.38023357393313,646
682,88.38084295506958,-88.38084295506958,647
683,88.37942406941629,-88.37942406941629,648
684,88.38014076451866,-88.38014076451866,649
685,88.38100610500852,-88.38100610500852,650
686,88.39295945953828,-88.39295945953828,651
687,88.57667720479091,-88.57667720479091,652
688,88.72633675908432,-88.72633675908432,653
689,88.93174078909819,-88.93174078909819,654
690,89.02163371722142,-89.02163371722142,655
691,89.15262086865005,-89.15262086865005,656
692,89.25765432362083,-89.25765432362083,657
693,89.34713933602784,-89.34713933602784,658
694,89.42847461405113,-89.42847461405113,659
695,89.4787661377264,-89.4787661377264,660
696,89.50996029978911,-89.50996029978911,661
697,89.5479684368159,-89.5479684368159,662
698,89.5694561626228,-89.5694561626228,663
699,89.59874460123197,-89.59874460123197,664
700,89.61633685619486,-89.61633685619486,665
701,89.63624476179446,-89.63624476179446,666
702,89.65611719187575,-89.65611719187575,667
703,89.7242547260291,-89.7242547260291,668
704,89.78798503975474,-89.78798503975474,669
705,89.82476159327152,-89.82476159327152,670
706,90.21925952307855,-90.21925952307855,671
707,90.77686886002857,-90.77686886002857,672
708,91.47373078682422,-91.47373078682422,673
709,92.23801382425502,-92.23801382425502,674
710,92.94157969346695,-92.94157969346695,675
711,93.70374261920176,-93.70374261920176,676
712,94.10035897804461,-94.10035897804461,677
713,94.16751027218454,-94.16751027218454,678
714,94.29903031944102,-94.29903031944102,679
715,94.45086437948811,-94.45086437948811,680
716,94.534220296125,-94.534220296125,681
717,94.6825156889323,-94.6825156889323,682
718,94.79149938737241,-94.79149938737241,683
719,94.93634014897012,-94.93634014897012,684
720,94.98721522938158,-94.98721522938158,685
721,95.03138493458619,-95.03138493458619,686
722,95.05174371207963,-95.05174371207963,687
723,95.06752489302202,-95.06752489302202,688
724,95.08705883499113,-95.08705883499113,689
725,95.12147367018378,-95.12147367018378,690
726,95.18487729772426,-95.18487729772426,691
727,95.28864737214933,-95.28864737214933,692
728,95.52629064675452,-95.52629064675452,693
729,95.6325191779895,-95.6325191779895,694
730,95.64455904465234,-95.64455904465234,695
731,95.67123811625409,-95.67123811625409,696
732,95.69213688199413,-95.69213688199413,697
733,95.75231853799598,-95.75231853799598,698
734,95.92767843141978,-95.92767843141978,699
735,96.04087186160021,-96.04087186160021,700
736,96.16548658538316,-96.16548658538316,701
737,96.2939335082393,-96.2939335082393,702
738,96.44641727569432,-96.44641727569432,703
739,96.6221998679746,-96.6221998679746,704
740,96.7318551168075,-96.7318551168075,705
741,96.82126484099204,-96.82126484099204,706
742,96.90287980836312,-96.90287980836312,707
743,96.95159271463119,-96.95159271463119,708
744,96.98273444922634,-96.98273444922634,709
745,97.01246463183013,-97.01246463183013,710
746,97.04176889635528,-97.04176889635528,711
747,97.06885079834896,-97.06885079834896,712
748,97.0942101805234,-97.0942101805234,713
749,97.12758032534099,-97.12758032534099,714
750,97.14714345600665,-97.14714345600665,715
751,97.23649149508827,-97.23649149508827,716
752,97.42418295969894,-97.42418295969894,717
753,97.52342779086592,-97.52342779086592,718
754,97.61351796447899,-97.61351796447899,719
755,97.6351310291324,-97.6351310291324,720
756,97.67845884275336,-97.67845884275336,721
757,97.73096624812551,-97.73096624812551,722
758,97.75474971656692,-97.75474971656692,723
759,97.8692638979803,-97.8692638979803,724
760,98.01158616003532,-98.01158616003532,725
761,98.1845336938244,-98.1845336938244,726
762,98.3179755115823,-98.3179755115823,727
763,98.42358528191917,-98.42358528191917,728
764,98.62737907565472,-98.62737907565472,729
765,98.74141802932081,-98.74141802932081,730
766,98.87999495635769,-98.87999495635769,731
767,98.98955945769326,-98.98955945769326,732
768,99.04462966447277,-99.04462966447277,733
769,99.08722642601712,-99.08722642601712,734
770,99.12060455919486,-99.12060455919486,735
771,99.17860586155355,-99.17860586155355,736
772,99.21594016350248,-99.21594016350248,737
773,99.23822498907657,-99.23822498907657,738
774,99.2625823124213,-99.2625823124213,739
775,99.34027608400427,-99.34027608400427,740
776,99.57452362928358,-99.57452362928358,741
777,99.68939297552895,-99.68939297552895,742
778,99.80415848128393,-99.80415848128393,743
779,99.87613114714048,-99.87613114714048,744
780,99.9324177448858,-99.9324177448858,745
781,99.97141685073912,-99.97141685073912,746
782,100.01429261816304,-100.01429261816304,747
783,100.13974034430618,-100.13974034430618,748
784,100.34926130203255,-100.34926130203255,749
785,100.55737658815586,-100.55737658815586,750
786,100.66923444898418,-100.66923444898418,751
787,100.8000227594269,-100.8000227594269,752
788,100.90038933768396,-100.90038933768396,753
789,100.97782855269203,-100.97782855269203,754
790,101.0575480591264,-101.0575480591264,755
791,101.10941269104526,-101.10941269104526,756
792,101.12393562257482,-101.12393562257482,757
793,101.14363618649517,-101.14363618649517,758
794,101.16803312719486,-101.16803312719486,759
795,101.18559037872046,-101.18559037872046,760
796,101.22448134187262,-101.22448134187262,761
797,101.25970585096846,-101.25970585096846,762
798,101.32602800219877,-101.32602800219877,763
799,101.41538455637259,-101.41538455637259,764
800,101.49602235932028,-101.49602235932028,765
801,101.54612065875168,-101.54612065875168,766
802,101.59674331662538,-101.59674331662538,767
803,101.62374612425444,-101.62374612425444,768
804,101.61344357606072,-101.61344357606072,769
805,101.6081036020913,-101.6081036020913,770
806,101.6092804198749,-101.6092804198749,771
807,101.77054875072237,-101.77054875072237,772
808,101.83800992800388,-101.83800992800388,773
809,101.918725597357,-101.918725597357,774
810,101.98846449110783,-101.98846449110783,775
811,102.03594865128278,-102.03594865128278,776
812,102.10218125375155,-102.10218125375155,777
813,102.27694992994158,-102.27694992994158,778
814,102.42123023557879,-102.42123023557879,779
815,102.50337036138525,-102.50337036138525,780
816,102.52474140404418,-102.52474140404418,781
817,102.53889961301985,-102.53889961301985,782
818,102.58840339543943,-102.58840339543943,783
819,102.59946598738098,-102.59946598738098,784
820,102.65629255885479,-102.65629255885479,785
821,102.7244710245154,-102.7244710245154,786
822,102.7641140771343,-102.7641140771343,787
823,102.88312350927346,-102.88312350927346,788
824,102.97274837134664,-102.97274837134664,789
825,103.2306031670668,-103.2306031670668,790
826,103.22978233656288,-103.22978233656288,791
827,103.22185239553664,-103.22185239553664,792
828,103.26523641405258,-103.26523641405258,793
829,103.26042132130598,-103.26042132130598,794
830,103.31811203598232,-103.31811203598232,795
831,103.48052592618382,-103.48052592618382,796
832,103.66490410969938,-103.66490410969938,797
833,103.82656923933422,-103.82656923933422,798
834,103.97308179358397,-103.97308179358397,799
835,104.12027735563105,-104.12027735563105,800
836,104.2167383696851,-104.2167383696851,801
837,104.31340713732668,-104.31340713732668,802
838,104.4201883106077,-104.4201883106077,803
839,104.48989203975664,-104.48989203975664,804
840,104.54297303232775,-104.54297303232775,805
841,104.56169848394829,-104.56169848394829,806
842,104.57854572132321,-104.57854572132321,807
843,104.59314485996751,-104.59314485996751,808
844,104.60434751582106,-104.60434751582106,809
845,104.61643913971508,-104.61643913971508,810
846,104.66884599205889,-104.66884599205889,811
847,104.7465315839303,-104.7465315839303,812
848,104.79278917281854,-104.79278917281854,813
849,104.87803599206794,-104.87803599206794,814
850,104.96169090740007,-104.96169090740007,815
851,105.02313759726836,-105.02313759726836,816
852,105.01251921753155,-105.01251921753155,817
853,105.54982207287306,-105.54982207287306,818
854,106.2747729030476,-106.2747729030476,819
855,106.93815339806726,-106.93815339806726,820
856,107.07584708126215,-107.07584708126215,821
857,107.27796327628063,-107.27796327628063,822
858,107.45828663818949,-107.45828663818949,823
859,107.63511057363515,-107.63511057363515,824
860,107.718391915367,-107.718391915367,825
861,107.80945819648429,-107.80945819648429,826
862,107.87106401373204,-107.87106401373204,827
863,107.9026581906173,-107.9026581906173,828
864,107.92866826226701,-107.92866826226701,829
865,107.95371624152114,-107.95371624152114,830
866,107.96637733179578,-107.96637733179578,831
867,107.98219209523451,-107.98219209523451,832
868,107.99397015131024,-107.99397015131024,833
869,108.00668191163123,-108.00668191163123,834
870,108.01886919076459,-108.01886919076459,835
871,108.10399737851944,-108.10399737851944,836
872,108.18229811467036,-108.18229811467036,837
873,108.34242489573103,-108.34242489573103,838
874,108.43463727796242,-108.43463727796242,839
875,108.50833819179327,-108.50833819179327,840
876,108.55740914486857,-108.55740914486857,841
877,108.56716947685506,-108.56716947685506,842
878,108.63375167989211,-108.63375167989211,843
879,108.76367848456965,-108.76367848456965,844
880,108.91157675943654,-108.91157675943654,845
881,109.07972096278009,-109.07972096278009,846
882,109.17681921065191,-109.17681921065191,847
883,109.28508982074854,-109.28508982074854,848
884,109.36688078030706,-109.36688078030706,849
885,109.56509249457028,-109.56509249457028,850
886,109.65075708388737,-109.65075708388737,851
887,109.7068395744142,-109.7068395744142,852
888,109.72193240486531,-109.72193240486531,853
889,109.73654430007123,-109.73654430007123,854
890,109.75127324003078,-109.75127324003078,855
891,109.78419907153928,-109.78419907153928,856
892,109.80183006936971,-109.80183006936971,857
893,109.81307229449659,-109.81307229449659,858
894,109.8479986407786,-109.8479986407786,859
895,109.9368231232163,-109.9368231232163,860
896,110.12227553615456,-110.12227553615456,861
897,110.2432706411127,-110.2432706411127,862
898,110.29929463209739,-110.29929463209739,863
899,110.29956887929585,-110.29956887929585,864
900,110.29779475308467,-110.29779475308467,865
901,110.32151681451377,-110.32151681451377,866
902,110.3175788932266,-110.3175788932266,867
903,110.34728854775443,-110.34728854775443,868
904,110.46065153931873,-110.46065153931873,869
905,110.71387576810248,-110.71387576810248,870
906,110.95459159511115,-110.95459159511115,871
907,111.06583430196484,-111.06583430196484,872
908,111.19084490307897,-111.19084490307897,873
909,111.30534511968254,-111.30534511968254,874
910,111.41172912253097,-111.41172912253097,875
911,111.50578247040082,-111.50578247040082,876
912,111.5515483413188,-111.5515483413188,877
913,111.58537524711753,-111.58537524711753,878
914,111.61665899576191,-111.61665899576191,879
915,111.66066735201755,-111.66066735201755,880
916,111.70012960482775,-111.70012960482775,881
917,111.74196090794047,-111.74196090794047,882
918,111.79062567451277,-111.79062567451277,883
919,111.85941412064601,-111.85941412064601,884
920,111.98503194016573,-111.98503194016573,885
921,112.20351723327177,-112.20351723327177,886
922,112.46939204630027,-112.46939204630027,887
923,113.1511025810867,-113.1511025810867,888
924,113.6611043514099,-113.6611043514099,889
925,113.78825453696736,-113.78825453696736,890
926,113.81813509870952,-113.81813509870952,891
927,113.99478101035439,-113.99478101035439,892
928,114.0692293458233,-114.0692293458233,893
929,114.28152392410941,-114.28152392410941,894
930,114.40589914253033,-114.40589914253033,895
931,114.57481160414014,-114.57481160414014,896
932,114.6689679315758,-114.6689679315758,897
933,114.77040956549227,-114.77040956549227,898
934,114.84342060875345,-114.84342060875345,899
935,114.89740578522873,-114.89740578522873,900
936,114.9379483805367,-114.9379483805367,901
937,114.9665512747737,-114.9665512747737,902
938,114.98632754279743,-114.98632754279743,903
939,115.01245175096147,-115.01245175096147,904
940,115.09033340628511,-115.09033340628511,905
941,115.13762545536316,-115.13762545536316,906
942,115.18279482084765,-115.18279482084765,907
943,115.27554454829935,-115.27554454829935,908
944,115.3570396862001,-115.3570396862001,909
945,115.35524310944693,-115.35524310944693,910
946,115.51013458176685,-115.51013458176685,911
947,115.63839105999583,-115.63839105999583,912
948,115.80521240560334,-115.80521240560334,913
949,115.8703123626391,-115.8703123626391,914
950,115.87020031657252,-115.87020031657252,915
951,115.99676194107477,-115.99676194107477,916
952,116.18986626123699,-116.18986626123699,917
953,116.36912954584866,-116.36912954584866,918
954,116.50573936341027,-116.50573936341027,919
955,116.648778758142,-116.648778758142,920
956,116.7964757358901,-116.7964757358901,921
957,116.91779551929164,-116.91779551929164,922
958,117.04854838057439,-117.04854838057439,923
959,117.14673951901271,-117.14673951901271,924
960,117.17850619753321,-117.17850619753321,925
961,117.19368865597018,-117.19368865597018,926
962,117.2114284523444,-117.2114284523444,927
963,117.2238863471979,-117.2238863471979,928
964,117.23437206474917,-117.23437206474917,929
965,117.25610251050237,-117.25610251050237,930
966,117.28210917212022,-117.28210917212022,931
967,117.36129182497118,-117.36129182497118,932
968,117.41081573892602,-117.41081573892602,933
969,117.4804659128312,-117.4804659128312,934
970,117.6739343882602,-117.6739343882602,935
971,117.6892123892483,-117.6892123892483,936
972,117.75009805887183,-117.75009805887183,937
973,117.79094108111578,-117.79094108111578,938
974,117.79401789396864,-117.79401789396864,939
975,117.83004136277935,-117.83004136277935,940
976,117.88556090803453,-117.88556090803453,941
977,118.00522814480149,-118.00522814480149,942
978,118.09521585969509,-118.09521585969509,943
979,118.20951991865832,-118.20951991865832,944
980,118.33629823680936,-118.33629823680936,945
981,118.42360161967247,-118.42360161967247,946
982,118.63622016484338,-118.63622016484338,947
983,118.72552335523484,-118.72552335523484,948
984,118.86317917753021,-118.86317917753021,949
985,118.9510037068952,-118.9510037068952,950
986,118.9787219441059,-118.9787219441059,951
987,119.00439006912963,-119.00439006912963,952
988,119.05514594660715,-119.05514594660715,953
989,119.0762649211308,-119.0762649211308,954
990,119.12451939043025,-119.12451939043025,955
991,119.24456149430772,-119.24456149430772,956
992,119.4246170182038,-119.4246170182038,957
993,119.54836344029064,-119.54836344029064,958
994,119.71883955165923,-119.71883955165923,959
995,119.99005931159368,-119.99005931159368,960
996,120.84825526484333,-120.84825526484333,961
997,121.6253159406736,-121.6253159406736,962
998,122.07288621742961,-122.07288621742961,963
999,122.36249178375537,-122.36249178375537,964
1000,122.50609653924737,-122.50609653924737,965
1001,122.603281660869,-122.603281660869,966
1002,122.78269650079376,-122.78269650079376,967
1003,122.96331343719189,-122.96331343719189,968
1004,123.09230899610078,-123.09230899610078,969
1005,123.2708239372953,-123.2708239372953,970
1006,123.3670773732626,-123.3670773732626,971
1007,123.4082146637843,-123.4082146637843,972
1008,123.44178236952628,-123.44178236952628,973
1009,123.4548472102981,-123.4548472102981,974
1010,123.48097543909614,-123.48097543909614,975
1011,123.51655562952907,-123.51655562952907,976
1012,123.53985122696115,-123.53985122696115,977
1013,123.57724739178475,-123.57724739178475,978
1014,123.64025632050371,-123.64025632050371,979
1015,123.72493000891367,-123.72493000891367,980
1016,123.86368402621058,-123.86368402621058,981
1017,124.00479700742724,-124.00479700742724,982
1018,124.13582198701894,-124.13582198701894,983
1019,124.21740967613962,-124.21740967613962,984
1020,124.25476958489783,-124.25476958489783,985
1021,124.34583317886272,-124.34583317886272,986
1022,124.42066958590638,-124.42066958590638,987
1023,124.49994877560107,-124.49994877560107,988
1024,124.60785306584617,-124.60785306584617,989
1025,124.73922985359985,-124.73922985359985,990
1026,124.917313954986,-124.917313954986,991
1027,125.05337680424402,-125.05337680424402,992
1028,125.17791224981872,-125.17791224981872,993
1029,125.24984806278721,-125.24984806278721,994
1030,125.31057674163178,-125.31057674163178,995
1031,125.3490300086446,-125.3490300086446,996
1032,125.36835307774797,-125.36835307774797,997
1033,125.39232817758389,-125.39232817758389,998
1034,125.42152599300204,-125.42152599300204,999
1035,125.43683940165123,-125.43683940165123,1000
1036,125.47915073102962,-125.47915073102962,1001
1037,125.49906017390289,-125.49906017390289,1002
1038,125.5130700048855,-125.5130700048855,1003
1039,125.59591071880573,-125.59591071880573,1004
1040,125.68490407159548,-125.68490407159548,1005
1041,125.88597893901296,-125.88597893901296,1006
1042,126.04645817091738,-126.04645817091738,1007
1043,126.22376284870883,-126.22376284870883,1008
1044,126.33032491294362,-126.33032491294362,1009
1045,126.3991388667691,-126.3991388667691,1010
1046,126.49742638771234,-126.49742638771234,1011
1047,126.63383339866587,-126.63383339866587,1012
1048,126.7772592119384,-126.7772592119384,1013
1049,126.89510922870745,-126.89510922870745,1014
1050,126.98657373372922,-126.98657373372922,1015
1051,127.12743258593841,-127.12743258593841,1016
1052,127.28509121480839,-127.28509121480839,1017
1053,127.3457367495869,-127.3457367495869,1018
1054,127.49421138105545,-127.49421138105545,1019
1055,127.56958665563937,-127.56958665563937,1020
1056,127.60648593403513,-127.60648593403513,1021
1057,127.62365448773406,-127.62365448773406,1022
1058,127.65339422897199,-127.65339422897199,1023
1059,127.69244730052533,-127.69244730052533,1024
1060,127.73103857445344,-127.73103857445344,1025
1061,127.78050066928006,-127.78050066928006,1026
1062,127.81585066473122,-127.81585066473122,1027
1063,128.03738193055128,-128.03738193055128,1028
1064,128.9105315570433,-128.9105315570433,1029
1065,129.6092821016709,-129.6092821016709,1030
1066,130.3994926880578,-130.3994926880578,1031
1067,131.0524786457304,-131.0524786457304,1032
1068,131.3735372104837,-131.3735372104837,1033
1069,131.42268322874844,-131.42268322874844,1034
1070,131.47146485755752,-131.47146485755752,1035
1071,131.5847029246712,-131.5847029246712,1036
1072,131.71573281895962,-131.71573281895962,1037
1073,131.85930106079968,-131.85930106079968,1038
1074,132.0006283374408,-132.0006283374408,1039
1075,132.087993235402,-132.087993235402,1040
1076,132.19262045869397,-132.19262045869397,1041
1077,132.3006857586665,-132.3006857586665,1042
1078,132.40802502054194,-132.40802502054194,1043
1079,132.49061714494582,-132.49061714494582,1044
1080,132.52967447907662,-132.52967447907662,1045
1081,132.56657596440024,-132.56657596440024,1046
1082,132.6053140818782,-132.6053140818782,1047
1083,132.64893167662206,-132.64893167662206,1048
1084,132.7121283207471,-132.7121283207471,1049
1085,132.7750060840896,-132.7750060840896,1050
1086,132.83817414814848,-132.83817414814848,1051
1087,133.07123135427835,-133.07123135427835,1052
1088,133.18991912554463,-133.18991912554463,1053
1089,133.32661710513509,-133.32661710513509,1054
1090,133.35050781353291,-133.35050781353291,1055
1091,133.497487192511,-133.497487192511,1056
1092,133.60299838654524,-133.60299838654524,1057
1093,133.71711603724404,-133.71711603724404,1058
1094,133.83717702721594,-133.83717702721594,1059
1095,133.94422162229623,-133.94422162229623,1060
1096,134.08509021345435,-134.08509021345435,1061
1097,134.13778619691598,-134.13778619691598,1062
1098,134.32247807446967,-134.32247807446967,1063
1099,134.4130573490627,-134.4130573490627,1064
1100,134.5363056474734,-134.5363056474734,1065
1101,134.64192268273933,-134.64192268273933,1066
1102,134.76689945821033,-134.76689945821033,1067
1103,134.81574713203946,-134.81574713203946,1068
1104,134.85474170213067,-134.85474170213067,1069
1105,134.89270516243425,-134.89270516243425,1070
1106,134.92314928978897,-134.92314928978897,1071
1107,134.96902557768794,-134.96902557768794,1072
1108,135.0152434913907,-135.0152434913907,1073
1109,135.06454384090208,-135.06454384090208,1074
1110,135.10923286208362,-135.10923286208362,1075
1111,135.1944881151547,-135.1944881151547,1076
1112,135.32190860813634,-135.32190860813634,1077
1113,135.4018359615638,-135.4018359615638,1078
1114,135.62319197951467,-135.62319197951467,1079
1115,135.7667448274109,-135.7667448274109,1080
1116,135.82513380794617,-135.82513380794617,1081
1117,135.87365008076364,-135.87365008076364,1082
1118,135.8953185877305,-135.8953185877305,1083
1119,135.9437516565447,-135.9437516565447,1084
1120,136.0546033128828,-136.0546033128828,1085
1121,136.2027209851218,-136.2027209851218,1086
1122,136.30270131270146,-136.30270131270146,1087
1123,136.44305946578322,-136.44305946578322,1088
1124,136.59275785062962,-136.59275785062962,1089
1125,136.67965958194515,-136.67965958194515,1090
1126,136.76115107027317,-136.76115107027317,1091
1127,136.80114824877364,-136.80114824877364,1092
1128,136.83182931835262,-136.83182931835262,1093
1129,136.84849160758912,-136.84849160758912,1094
1130,136.86308704695105,-136.86308704695105,1095
1131,136.90475557802088,-136.90475557802088,1096
1132,136.9214555117414,-136.9214555117414,1097
1133,136.93679419072484,-136.93679419072484,1098
1134,136.9710287229359,-136.9710287229359,1099
1135,137.05405866758827,-137.05405866758827,1100
1136,137.15460415076387,-137.15460415076387,1101
1137,137.25125373202164,-137.25125373202164,1102
1138,137.35217790002793,-137.35217790002793,1103
1139,137.47367416974726,-137.47367416974726,1104
1140,138.15580549405172,-138.15580549405172,1105
1141,139.07277207159373,-139.07277207159373,1106
1142,139.81079787405113,-139.81079787405113,1107
1143,140.2284553946817,-140.2284553946817,1108
1144,140.3948001022687,-140.3948001022687,1109
1145,140.46103369241496,-140.46103369241496,1110
1146,140.56596499067967,-140.56596499067967,1111
1147,140.62263569098778,-140.62263569098778,1112
1148,140.74022915868443,-140.74022915868443,1113
1149,140.943036469936,-140.943036469936,1114
1150,141.04583553265562,-141.04583553265562,1115
1151,141.098817617317,-141.098817617317,1116
1152,141.12693526464741,-141.12693526464741,1117
1153,141.15763420609147,-141.15763420609147,1118
1154,141.18005279841933,-141.18005279841933,1119
1155,141.19795152889637,-141.19795152889637,1120
1156,141.2315417221069,-141.2315417221069,1121
1157,141.26084306459515,-141.26084306459515,1122
1158,141.30038171502824,-141.30038171502824,1123
1159,141.4035799115987,-141.4035799115987,1124
1160,141.57173487004076,-141.57173487004076,1125
1161,141.84149179118538,-141.84149179118538,1126
1162,141.91117566617237,-141.91117566617237,1127
1163,141.90786135348773,-141.90786135348773,1128
1164,141.89350981685027,-141.89350981685027,1129
1165,141.88864785947504,-141.88864785947504,1130
1166,141.92790350167732,-141.92790350167732,1131
1167,142.0428015427118,-142.0428015427118,1132
1168,142.0946206129914,-142.0946206129914,1133
1169,142.16153912446066,-142.16153912446066,1134
1170,142.32606400752923,-142.32606400752923,1135
1171,142.43149646314785,-142.43149646314785,1136
1172,142.53209159909073,-142.53209159909073,1137
1173,142.60814117911727,-142.60814117911727,1138
1174,142.6869870244651,-142.6869870244651,1139
1175,142.7207703461538,-142.7207703461538,1140
1176,142.73482541510504,-142.73482541510504,1141
1177,142.7525752404756,-142.7525752404756,1142
1178,142.76523094714094,-142.76523094714094,1143
1179,142.7790773264954,-142.7790773264954,1144
1180,142.79163593227395,-142.79163593227395,1145
1181,142.80367176642537,-142.80367176642537,1146
1182,142.81563398671295,-142.81563398671295,1147
1183,142.90334436056185,-142.90334436056185,1148
1184,142.9542779485661,-142.9542779485661,1149
1185,143.04646051101795,-143.04646051101795,1150
1186,143.04585288770136,-143.04585288770136,1151
1187,143.0389338359122,-143.0389338359122,1152
1188,143.39318919113774,-143.39318919113774,1153
1189,143.56614111510788,-143.56614111510788,1154
1190,143.5600142789331,-143.5600142789331,1155
1191,143.5749296242222,-143.5749296242222,1156
1192,143.58767532752407,-143.58767532752407,1157
1193,143.77364708220887,-143.77364708220887,1158
1194,144.3532849433925,-144.3532849433925,1159
1195,145.09195188666226,-145.09195188666226,1160
1196,145.8907272257273,-145.8907272257273,1161
1197,146.54152222197825,-146.54152222197825,1162
1198,147.28701635815855,-147.28701635815855,1163
1199,147.98229715128147,-147.98229715128147,1164
1200,148.53058505666246,-148.53058505666246,1165
1201,148.68396562646853,-148.68396562646853,1166
1202,148.6992263209693,-148.6992263209693,1167
1203,148.71036402683995,-148.71036402683995,1168
1204,148.7264026839657,-148.7264026839657,1169
1205,148.7515797424747,-148.7515797424747,1170
1206,148.76724231168092,-148.76724231168092,1171
1207,148.87204827123188,-148.87204827123188,1172
1208,148.95279307405642,-148.95279307405642,1173
1209,149.5189436949424,-149.5189436949424,1174
1210,149.9677831683644,-149.9677831683644,1175
1211,150.1228019847629,-150.1228019847629,1176
1212,150.2127435826175,-150.2127435826175,1177
1213,150.29720849269344,-150.29720849269344,1178
1214,150.35896555411585,-150.35896555411585,1179
1215,150.54454484451895,-150.54454484451895,1180
1216,150.7969543506011,-150.7969543506011,1181
1217,151.0240397540798,-151.0240397540798,1182
1218,151.18803333489538,-151.18803333489538,1183
1219,151.29234263814283,-151.29234263814283,1184
1220,151.43336560203284,-151.43336560203284,1185
1221,151.52505399340455,-151.52505399340455,1186
1222,151.6304063813297,-151.6304063813297,1187
1223,151.67130482269604,-151.67130482269604,1188
1224,151.71399971022151,-151.71399971022151,1189
1225,151.73900530369545,-151.73900530369545,1190
1226,151.76987701146177,-151.76987701146177,1191
1227,151.79343737449398,-151.79343737449398,1192
1228,151.82567233031037,-151.82567233031037,1193
1229,151.86317482435388,-151.86317482435388,1194
1230,151.95565578860456,-151.95565578860456,1195
1231,152.05466235314302,-152.05466235314302,1196
1232,152.15466849557,-152.15466849557,1197
1233,152.25327860072608,-152.25327860072608,1198
1234,152.27324774701586,-152.27324774701586,1199
1235,152.2726924612059,-152.2726924612059,1200
1236,152.25951974059575,-152.25951974059575,1201
1237,152.24112542257922,-152.24112542257922,1202
1238,152.2928529009529,-152.2928529009529,1203
1239,152.46697771958765,-152.46697771958765,1204
1240,152.57303625799668,-152.57303625799668,1205
1241,152.75700005731193,-152.75700005731193,1206
1242,152.93372547475528,-152.93372547475528,1207
1243,153.01172919959401,-153.01172919959401,1208
1244,153.10072560332688,-153.10072560332688,1209
1245,153.2525933105523,-153.2525933105523,1210
1246,153.3735160977867,-153.3735160977867,1211
1247,153.46228642991426,-153.46228642991426,1212
1248,153.54229491053584,-153.54229491053584,1213
1249,153.55801587223797,-153.55801587223797,1214
1250,153.57223329216689,-153.57223329216689,1215
1251,153.58489430531833,-153.58489430531833,1216
1252,153.60015450613685,-153.60015450613685,1217
1253,153.61252448316696,-153.61252448316696,1218
1254,153.62381302215692,-153.62381302215692,1219
1255,153.69225601202595,-153.69225601202595,1220
1256,153.76940853770296,-153.76940853770296,1221
1257,153.9085459706558,-153.9085459706558,1222
1258,153.99890354332862,-153.99890354332862,1223
1259,154.11037270741826,-154.11037270741826,1224
1260,154.16336670112406,-154.16336670112406,1225
1261,154.22101310586635,-154.22101310586635,1226
1262,154.33787027298587,-154.33787027298587,1227
1263,154.46716973202624,-154.46716973202624,1228
1264,154.6058348425883,-154.6058348425883,1229
1265,154.7503805311835,-154.7503805311835,1230
1266,154.8915508553724,-154.8915508553724,1231
1267,155.03878326532072,-155.03878326532072,1232
1268,155.14420049479006,-155.14420049479006,1233
1269,155.2191042540159,-155.2191042540159,1234
1270,155.2925405801754,-155.2925405801754,1235
1271,155.34377827731612,-155.34377827731612,1236
1272,155.35942204087405,-155.35942204087405,1237
1273,155.37247644889132,-155.37247644889132,1238
1274,155.38874083827875,-155.38874083827875,1239
1275,155.39984414335325,-155.39984414335325,1240
1276,155.41576720493026,-155.41576720493026,1241
1277,155.4268758669675,-155.4268758669675,1242
1278,155.43836501505254,-155.43836501505254,1243
1279,155.5311062554958,-155.5311062554958,1244
1280,155.71768379506108,-155.71768379506108,1245
1281,155.84995715145024,-155.84995715145024,1246
1282,155.93285916291927,-155.93285916291927,1247
1283,155.97826971540732,-155.97826971540732,1248
1284,155.98680097410548,-155.98680097410548,1249
1285,155.99552139520188,-155.99552139520188,1250
1286,156.01784361332986,-156.01784361332986,1251
1287,156.06478357203991,-156.06478357203991,1252
1288,156.21734606565224,-156.21734606565224,1253
1289,156.28079957801927,-156.28079957801927,1254
1290,156.49792733004688,-156.49792733004688,1255
1291,156.59108459744064,-156.59108459744064,1256
1292,156.757008706875,-156.757008706875,1257
1293,156.83158151277186,-156.83158151277186,1258
1294,156.90056610863738,-156.90056610863738,1259
1295,156.94269378561202,-156.94269378561202,1260
1296,156.95730244140617,-156.95730244140617,1261
1297,156.97658121947674,-156.97658121947674,1262
1298,156.98925700009022,-156.98925700009022,1263
1299,157.0026339941082,-157.0026339941082,1264
1300,157.0139352539256,-157.0139352539256,1265
1301,157.02504556572487,-157.02504556572487,1266
1302,157.04189581330508,-157.04189581330508,1267
1303,157.09999466261266,-157.09999466261266,1268
1304,157.21576768500066,-157.21576768500066,1269
1305,157.20478890195642,-157.20478890195642,1270
1306,157.20370312157903,-157.20370312157903,1271
1307,157.20434030165035,-157.20434030165035,1272
1308,157.20530595644536,-157.20530595644536,1273
1309,157.20651603435505,-157.20651603435505,1274
1310,157.20482178585678,-157.20482178585678,1275
1311,157.33201953600326,-157.33201953600326,1276
1312,157.38216643752568,-157.38216643752568,1277
1313,157.4143092244095,-157.4143092244095,1278
1314,157.51833023331517,-157.51833023331517,1279
1315,157.6201076187649,-157.6201076187649,1280
1316,157.75333647108,-157.75333647108,1281
1317,157.82741615835832,-157.82741615835832,1282
1318,157.90526616688234,-157.90526616688234,1283
1319,157.94737954462897,-157.94737954462897,1284
1320,157.96145087658502,-157.96145087658502,1285
1321,157.97867034079215,-157.97867034079215,1286
1322,157.99077092253194,-157.99077092253194,1287
1323,158.0020178252524,-158.0020178252524,1288
1324,158.01575010713023,-158.01575010713023,1289
1325,158.02527832646263,-158.02527832646263,1290
1326,158.06727070542559,-158.06727070542559,1291
1327,158.72103273949907,-158.72103273949907,1292
1328,159.4831856047969,-159.4831856047969,1293
1329,160.3038533280476,-160.3038533280476,1294
1330,161.08575327647836,-161.08575327647836,1295
1331,162.205897365674,-162.205897365674,1296
1332,162.79989118472272,-162.79989118472272,1297
1333,163.5295384621402,-163.5295384621402,1298
1334,163.8144631071195,-163.8144631071195,1299
1335,163.88215959950062,-163.88215959950062,1300
1336,164.03565392713946,-164.03565392713946,1301
1337,164.08166312804735,-164.08166312804735,1302
1338,164.14261036839267,-164.14261036839267,1303
1339,164.20815533045297,-164.20815533045297,1304
1340,164.25726195335082,-164.25726195335082,1305
1341,164.32352122135032,-164.32352122135032,1306
1342,164.3738516159618,-164.3738516159618,1307
1343,164.39780281056738,-164.39780281056738,1308
1344,164.41862921759824,-164.41862921759824,1309
1345,164.43849172918644,-164.43849172918644,1310
1346,164.4537633020242,-164.4537633020242,1311
1347,164.47027088907495,-164.47027088907495,1312
1348,164.48997449605412,-164.48997449605412,1313
1349,164.5122696345129,-164.5122696345129,1314
1350,164.52569944970867,-164.52569944970867,1315
1351,164.59596352135975,-164.59596352135975,1316
1352,164.63811637137655,-164.63811637137655,1317
1353,164.68984987337788,-164.68984987337788,1318
1354,164.69574169576524,-164.69574169576524,1319
1355,164.6943871749777,-164.6943871749777,1320
1356,164.76151727864564,-164.76151727864564,1321
1357,164.77392551311632,-164.77392551311632,1322
1358,164.7982962027995,-164.7982962027995,1323
1359,164.87724017357456,-164.87724017357456,1324
1360,164.97952730805952,-164.97952730805952,1325
1361,165.05888370963442,-165.05888370963442,1326
1362,165.10965315820368,-165.10965315820368,1327
1363,165.2570008532895,-165.2570008532895,1328
1364,165.40274067850308,-165.40274067850308,1329
1365,165.51014347965014,-165.51014347965014,1330
1366,165.59531718035012,-165.59531718035012,1331
1367,165.6441616178873,-165.6441616178873,1332
1368,165.6779729770392,-165.6779729770392,1333
1369,165.7008965776784,-165.7008965776784,1334
1370,165.71820656331298,-165.71820656331298,1335
1371,165.73495533891108,-165.73495533891108,1336
1372,165.74767900881238,-165.74767900881238,1337
1373,165.76082575346774,-165.76082575346774,1338
1374,165.77327972941794,-165.77327972941794,1339
1375,165.83527016348026,-165.83527016348026,1340
1376,165.90166158185434,-165.90166158185434,1341
1377,165.99727800693452,-165.99727800693452,1342
1378,166.0954287386844,-166.0954287386844,1343
1379,166.1633649100666,-166.1633649100666,1344
1380,166.23357618061107,-166.23357618061107,1345
1381,166.30100223422053,-166.30100223422053,1346
1382,166.36846271034392,-166.36846271034392,1347
1383,166.44160677184095,-166.44160677184095,1348
1384,166.57248646671687,-166.57248646671687,1349
1385,166.68977277380947,-166.68977277380947,1350
1386,166.76719275473482,-166.76719275473482,1351
1387,167.07879114534396,-167.07879114534396,1352
1388,167.26226368871534,-167.26226368871534,1353
1389,167.34823603194008,-167.34823603194008,1354
1390,167.50651510623257,-167.50651510623257,1355
1391,167.5973615476714,-167.5973615476714,1356
1392,167.641010752283,-167.641010752283,1357
1393,167.6535291282827,-167.6535291282827,1358
1394,167.66873319007908,-167.66873319007908,1359
1395,167.68190155268206,-167.68190155268206,1360
1396,167.69722038029366,-167.69722038029366,1361
1397,167.70832864475074,-167.70832864475074,1362
1398,167.72440525794522,-167.72440525794522,1363
1399,167.78506366924228,-167.78506366924228,1364
1400,167.90048334498775,-167.90048334498775,1365
1401,167.98493619181934,-167.98493619181934,1366
1402,168.04250250379388,-168.04250250379388,1367
1403,168.11210107209223,-168.11210107209223,1368
1404,168.1443319677224,-168.1443319677224,1369
1405,168.30786034600968,-168.30786034600968,1370
1406,168.38566258235574,-168.38566258235574,1371
1407,168.4600022754788,-168.4600022754788,1372
1408,168.56069657600187,-168.56069657600187,1373
1409,168.69023541595266,-168.69023541595266,1374
1410,168.76976208115258,-168.76976208115258,1375
1411,168.9432140216041,-168.9432140216041,1376
1412,169.02489850625116,-169.02489850625116,1377
1413,169.08304604890486,-169.08304604890486,1378
1414,169.14147075349888,-169.14147075349888,1379
1415,169.19076567368987,-169.19076567368987,1380
1416,169.20745524593593,-169.20745524593593,1381
1417,169.22414648804374,-169.22414648804374,1382
1418,169.23728202081304,-169.23728202081304,1383
1419,169.24897117485582,-169.24897117485582,1384
1420,169.26117724369777,-169.26117724369777,1385
1421,169.27170614742207,-169.27170614742207,1386
1422,169.28977223506448,-169.28977223506448,1387
1423,169.351237381733,-169.351237381733,1388
1424,169.40110929741041,-169.40110929741041,1389
1425,169.4401216365786,-169.4401216365786,1390
1426,169.56594141677994,-169.56594141677994,1391
1427,169.60692060760258,-169.60692060760258,1392
1428,169.69262063716926,-169.69262063716926,1393
1429,169.70933268749238,-169.70933268749238,1394
1430,169.7766874702181,-169.7766874702181,1395
1431,169.83255237675272,-169.83255237675272,1396
1432,169.87122732726397,-169.87122732726397,1397
1433,169.89015966588275,-169.89015966588275,1398
1434,169.9208230743426,-169.9208230743426,1399
1435,170.040039436233,-170.040039436233,1400
1436,170.0632730842266,-170.0632730842266,1401
1437,170.10726685652236,-170.10726685652236,1402
1438,170.17677764310156,-170.17677764310156,1403
1439,170.21992710589728,-170.21992710589728,1404
1440,170.24231250128835,-170.24231250128835,1405
1441,170.26628371872852,-170.26628371872852,1406
1442,170.28098977254433,-170.28098977254433,1407
1443,170.29362002900513,-170.29362002900513,1408
1444,170.31459715150828,-170.31459715150828,1409
1445,170.3262845710777,-170.3262845710777,1410
1446,170.34500646916712,-170.34500646916712,1411
1447,170.39168051220244,-170.39168051220244,1412
1448,170.54319395155747,-170.54319395155747,1413
1449,170.68432350976676,-170.68432350976676,1414
1450,170.67972604586197,-170.67972604586197,1415
1451,170.6704044505423,-170.6704044505423,1416
1452,170.65652755111404,-170.65652755111404,1417
1453,170.6386314354227,-170.6386314354227,1418
1454,170.6246138050723,-170.6246138050723,1419
1455,170.6264285196243,-170.6264285196243,1420
1456,170.6805936845447,-170.6805936845447,1421
1457,170.71585914720075,-170.71585914720075,1422
1458,170.7800055996391,-170.7800055996391,1423
1459,170.85844717596,-170.85844717596,1424
1460,170.9180691952844,-170.9180691952844,1425
1461,170.98903889129596,-170.98903889129596,1426
1462,171.09387271035988,-171.09387271035988,1427
1463,171.13181433396142,-171.13181433396142,1428
1464,171.1495040800052,-171.1495040800052,1429
1465,171.16257092121265,-171.16257092121265,1430
1466,171.1787918394931,-171.1787918394931,1431
1467,171.2034939983682,-171.2034939983682,1432
1468,171.2278455363299,-171.2278455363299,1433
1469,171.24310953970914,-171.24310953970914,1434
1470,171.26846825803315,-171.26846825803315,1435
1471,171.33080649755448,-171.33080649755448,1436
1472,171.35874023740945,-171.35874023740945,1437
1473,171.39047099674826,-171.39047099674826,1438
1474,171.50919859136727,-171.50919859136727,1439
1475,172.13197156076706,-172.13197156076706,1440
1476,172.69958598051122,-172.69958598051122,1441
1477,172.7626280917448,-172.7626280917448,1442
1478,173.0846572078054,-173.0846572078054,1443
1479,173.35281837124788,-173.35281837124788,1444
1480,173.41777779166677,-173.41777779166677,1445
1481,173.46345278113648,-173.46345278113648,1446
1482,173.52822513037302,-173.52822513037302,1447
1483,173.61481076145805,-173.61481076145805,1448
1484,173.6789384143401,-173.6789384143401,1449
1485,173.83078432879142,-173.83078432879142,1450
1486,173.9460416700173,-173.9460416700173,1451
1487,173.98818043785622,-173.98818043785622,1452
1488,174.0381079547953,-174.0381079547953,1453
1489,174.05531808704524,-174.05531808704524,1454
1490,174.06688915049781,-174.06688915049781,1455
1491,174.08262548391068,-174.08262548391068,1456
1492,174.09386447740465,-174.09386447740465,1457
1493,174.1068553708497,-174.1068553708497,1458
1494,174.12338226266274,-174.12338226266274,1459
1495,174.17156415912763,-174.17156415912763,1460
1496,174.20492802064874,-174.20492802064874,1461
1497,174.3297258528741,-174.3297258528741,1462
1498,174.33645120562798,-174.33645120562798,1463
1499,174.32998809366836,-174.32998809366836,1464
1500,174.37636447209525,-174.37636447209525,1465
1501,174.45149348671524,-174.45149348671524,1466
1502,174.46013271390956,-174.46013271390956,1467
1503,174.5173298539398,-174.5173298539398,1468
1504,174.59004072845917,-174.59004072845917,1469
1505,174.72971881240363,-174.72971881240363,1470
1506,174.81111563596824,-174.81111563596824,1471
1507,174.9609640163487,-174.9609640163487,1472
1508,175.11516765571318,-175.11516765571318,1473
1509,175.22492605536385,-175.22492605536385,1474
1510,175.33595380539435,-175.33595380539435,1475
1511,175.37482863640284,-175.37482863640284,1476
1512,175.41383267803303,-175.41383267803303,1477
1513,175.42689328510255,-175.42689328510255,1478
1514,175.44315519293326,-175.44315519293326,1479
1515,175.45480198073287,-175.45480198073287,1480
1516,175.46889011770315,-175.46889011770315,1481
1517,175.4937767256259,-175.4937767256259,1482
1518,175.51531511090323,-175.51531511090323,1483
1519,175.60214405419163,-175.60214405419163,1484
1520,175.66895191868028,-175.66895191868028,1485
1521,175.82311723730535,-175.82311723730535,1486
1522,175.94078004730628,-175.94078004730628,1487
1523,176.0543883697119,-176.0543883697119,1488
1524,176.13918898866717,-176.13918898866717,1489
1525,176.31821622864396,-176.31821622864396,1490
1526,176.51828524110883,-176.51828524110883,1491
1527,176.68603666594353,-176.68603666594353,1492
1528,176.9434601216697,-176.9434601216697,1493
1529,177.0182581889485,-177.0182581889485,1494
1530,177.21662851005573,-177.21662851005573,1495
1531,177.38045366723202,-177.38045366723202,1496
1532,177.54724996951845,-177.54724996951845,1497
1533,177.70479361502402,-177.70479361502402,1498
1534,177.8329742698365,-177.8329742698365,1499
1535,177.87864856542555,-177.87864856542555,1500
1536,177.93013912475854,-177.93013912475854,1501
1537,177.97383812252045,-177.97383812252045,1502
1538,178.01974055299002,-178.01974055299002,1503
1539,178.05476883918288,-178.05476883918288,1504
1540,178.07870520245305,-178.07870520245305,1505
1541,178.10928246505205,-178.10928246505205,1506
1542,178.18805762713453,-178.18805762713453,1507
1543,178.78532596717847,-178.78532596717847,1508
1544,179.31176115976484,-179.31176115976484,1509
1545,179.461649792151,-179.461649792151,1510
1546,179.88348217994218,-179.88348217994218,1511
1547,180.17660129686087,-180.17660129686087,1512
1548,180.16694999418368,-180.16694999418368,1513
1549,180.15718766922555,-180.15718766922555,1514
1550,180.3099798378838,-180.3099798378838,1515
1551,181.1537031492212,-181.1537031492212,1516
1552,181.9448285017862,-181.9448285017862,1517
1553,182.14534484109717,-182.14534484109717,1518
1554,182.22063504767263,-182.22063504767263,1519
1555,182.4033740585503,-182.4033740585503,1520
1556,182.5030647781222,-182.5030647781222,1521
1557,182.58168449210382,-182.58168449210382,1522
1558,182.65848658654056,-182.65848658654056,1523
1559,182.76381310061853,-182.76381310061853,1524
1560,182.78298374585899,-182.78298374585899,1525
1561,182.79756691338744,-182.79756691338744,1526
1562,182.81419102793095,-182.81419102793095,1527
1563,182.82907024130444,-182.82907024130444,1528
1564,182.8428350099981,-182.8428350099981,1529
1565,182.854516344843,-182.854516344843,1530
1566,182.87791121731217,-182.87791121731217,1531
1567,183.45530577455057,-183.45530577455057,1532
1568,184.31789829966698,-184.31789829966698,1533
1569,185.03373299478983,-185.03373299478983,1534
1570,185.84518379789412,-185.84518379789412,1535
1571,186.57176030165198,-186.57176030165198,1536
1572,186.8682785833239,-186.8682785833239,1537
1573,186.92465502424676,-186.92465502424676,1538
1574,186.92285839121172,-186.92285839121172,1539
1575,186.97784164607717,-186.97784164607717,1540
1576,187.05875977254513,-187.05875977254513,1541
1577,187.16625562462977,-187.16625562462977,1542
1578,187.25718912725435,-187.25718912725435,1543
1579,187.36803897150818,-187.36803897150818,1544
1580,187.47219007962767,-187.47219007962767,1545
1581,187.58509453985923,-187.58509453985923,1546
1582,187.66790529198167,-187.66790529198167,1547
1583,187.72247100418895,-187.72247100418895,1548
1584,187.7495353421512,-187.7495353421512,1549
1585,187.7620881888256,-187.7620881888256,1550
1586,187.77706235078819,-187.77706235078819,1551
1587,187.79784730964028,-187.79784730964028,1552
1588,187.8210475654775,-187.8210475654775,1553
1589,187.83835110686906,-187.83835110686906,1554
1590,187.87506742359804,-187.87506742359804,1555
1591,188.12526363748557,-188.12526363748557,1556
1592,188.25438333297663,-188.25438333297663,1557
1593,188.3761179004883,-188.3761179004883,1558
1594,188.47287043635453,-188.47287043635453,1559
1595,188.4776703522008,-188.4776703522008,1560
1596,188.47451467344865,-188.47451467344865,1561
1597,188.47442594068735,-188.47442594068735,1562
1598,188.51970461017703,-188.51970461017703,1563
1599,188.54555284815336,-188.54555284815336,1564
1600,188.57204104653422,-188.57204104653422,1565
1601,188.66585617684848,-188.66585617684848,1566
1602,188.75385064178207,-188.75385064178207,1567
1603,188.92070785048463,-188.92070785048463,1568
1604,189.0574209852304,-189.0574209852304,1569
1605,189.15947386697414,-189.15947386697414,1570
1606,189.25751102105042,-189.25751102105042,1571
1607,189.31257992537195,-189.31257992537195,1572
1608,189.33083564819756,-189.33083564819756,1573
1609,189.343929018834,-189.343929018834,1574
1610,189.3615591087652,-189.3615591087652,1575
1611,189.37238485152395,-189.37238485152395,1576
1612,189.39321590654723,-189.39321590654723,1577
1613,189.41976697533278,-189.41976697533278,1578
1614,189.4555668110999,-189.4555668110999,1579
1615,189.5249894068143,-189.5249894068143,1580
1616,189.5655328500757,-189.5655328500757,1581
1617,189.62700935464636,-189.62700935464636,1582
1618,189.6920842391493,-189.6920842391493,1583
1619,189.70864815068887,-189.70864815068887,1584
1620,189.7095493828683,-189.7095493828683,1585
1621,189.70682434695377,-189.70682434695377,1586
1622,190.72369358193757,-190.72369358193757,1587
1623,191.26427017087332,-191.26427017087332,1588
1624,191.52428701518838,-191.52428701518838,1589
1625,191.71644898242837,-191.71644898242837,1590
1626,191.90441949359038,-191.90441949359038,1591
1627,192.08415759743932,-192.08415759743932,1592
1628,192.29461068534877,-192.29461068534877,1593
1629,192.4220548546009,-192.4220548546009,1594
1630,192.53878629121948,-192.53878629121948,1595
1631,192.60271729464267,-192.60271729464267,1596
1632,192.64538616893853,-192.64538616893853,1597
1633,192.66315390082585,-192.66315390082585,1598
1634,192.67684038286257,-192.67684038286257,1599
1635,192.688986302341,-192.688986302341,1600
1636,192.70646531725353,-192.70646531725353,1601
1637,192.72039196047942,-192.72039196047942,1602
1638,192.73594821686575,-192.73594821686575,1603
1639,192.83191473670706,-192.83191473670706,1604
1640,192.9052299039662,-192.9052299039662,1605
1641,192.99441480844953,-192.99441480844953,1606
1642,193.21753676358992,-193.21753676358992,1607
1643,193.34372531765598,-193.34372531765598,1608
1644,193.95622046387837,-193.95622046387837,1609
1645,194.15683855522406,-194.15683855522406,1610
1646,194.20090259507708,-194.20090259507708,1611
1647,194.251858783321,-194.251858783321,1612
1648,194.30317172689243,-194.30317172689243,1613
1649,194.37745422863523,-194.37745422863523,1614
1650,194.4651056554125,-194.4651056554125,1615
1651,194.5610250664213,-194.5610250664213,1616
1652,194.7345241291759,-194.7345241291759,1617
1653,194.84632358921684,-194.84632358921684,1618
1654,194.94170549266923,-194.94170549266923,1619
1655,195.012803806335,-195.012803806335,1620
1656,195.06478398573995,-195.06478398573995,1621
1657,195.0794061278856,-195.0794061278856,1622
1658,195.1050611420082,-195.1050611420082,1623
1659,195.12550486978125,-195.12550486978125,1624
1660,195.14133550348942,-195.14133550348942,1625
1661,195.17184781694797,-195.17184781694797,1626
1662,195.19067200012535,-195.19067200012535,1627
1663,195.27154288740078,-195.27154288740078,1628
1664,195.42460405449543,-195.42460405449543,1629
1665,196.0714167120988,-196.0714167120988,1630
1666,196.6848456894131,-196.6848456894131,1631
1667,196.928387597349,-196.928387597349,1632
1668,197.05921712152337,-197.05921712152337,1633
1669,197.0898308687283,-197.0898308687283,1634
1670,197.1359133553659,-197.1359133553659,1635
1671,197.21278439280152,-197.21278439280152,1636
1672,197.32492723265918,-197.32492723265918,1637
1673,197.41986341785528,-197.41986341785528,1638
1674,197.50160767795046,-197.50160767795046,1639
1675,197.61065349282507,-197.61065349282507,1640
1676,197.70427802061513,-197.70427802061513,1641
1677,197.79227740013116,-197.79227740013116,1642
1678,197.89542386338326,-197.89542386338326,1643
1679,197.9249657637747,-197.9249657637747,1644
1680,197.9567226480145,-197.9567226480145,1645
1681,197.9738955691425,-197.9738955691425,1646
1682,197.98652417540052,-197.98652417540052,1647
1683,197.99773205621804,-197.99773205621804,1648
1684,198.01420489001154,-198.01420489001154,1649
1685,198.0287601939137,-198.0287601939137,1650
1686,198.0748631200685,-198.0748631200685,1651
1687,198.1598765024956,-198.1598765024956,1652
1688,198.234780566233,-198.234780566233,1653
1689,198.4777468573401,-198.4777468573401,1654
1690,198.64687880009515,-198.64687880009515,1655
1691,198.80695764631372,-198.80695764631372,1656
1692,199.0022210445153,-199.0022210445153,1657
1693,199.15512411107514,-199.15512411107514,1658
1694,199.2728882364197,-199.2728882364197,1659
1695,199.40559919199185,-199.40559919199185,1660
1696,199.51606088690585,-199.51606088690585,1661
1697,199.73453147985052,-199.73453147985052,1662
1698,199.86871190980347,-199.86871190980347,1663
1699,199.99411117528646,-199.99411117528646,1664
1700,200.19993045273898,-200.19993045273898,1665
1701,200.29831845647516,-200.29831845647516,1666
1702,200.37358741900408,-200.37358741900408,1667
1703,200.41512723857758,-200.41512723857758,1668
1704,200.44322472793766,-200.44322472793766,1669
1705,200.45893743395317,-200.45893743395317,1670
1706,200.47473122131387,-200.47473122131387,1671
1707,200.48690025081814,-200.48690025081814,1672
1708,200.49938743243345,-200.49938743243345,1673
1709,200.53185234814742,-200.53185234814742,1674
1710,200.54970023422862,-200.54970023422862,1675
1711,200.61819758322252,-200.61819758322252,1676
1712,200.69512796152063,-200.69512796152063,1677
1713,200.75400338064182,-200.75400338064182,1678
1714,201.48401810642946,-201.48401810642946,1679
1715,202.0741087028151,-202.0741087028151,1680
1716,202.23347657923918,-202.23347657923918,1681
1717,202.36907306910535,-202.36907306910535,1682
1718,202.5328082605364,-202.5328082605364,1683
1719,202.7341267978678,-202.7341267978678,1684
1720,202.93040295741469,-202.93040295741469,1685
1721,203.0074628524651,-203.0074628524651,1686
1722,203.08070039890796,-203.08070039890796,1687
1723,203.17247430652796,-203.17247430652796,1688
1724,203.38297262775194,-203.38297262775194,1689
1725,203.56035876533716,-203.56035876533716,1690
1726,203.6096340165059,-203.6096340165059,1691
1727,203.65482173891542,-203.65482173891542,1692
1728,203.67360923959876,-203.67360923959876,1693
1729,203.68978986480886,-203.68978986480886,1694
1730,203.7034773794861,-203.7034773794861,1695
1731,203.71404566501414,-203.71404566501414,1696
1732,203.73026936566652,-203.73026936566652,1697
1733,203.74372842713962,-203.74372842713962,1698
1734,203.76889036385896,-203.76889036385896,1699
1735,203.84346670651803,-203.84346670651803,1700
1736,203.9119563422318,-203.9119563422318,1701
1737,204.06986033770116,-204.06986033770116,1702
1738,204.09834220306104,-204.09834220306104,1703
1739,204.11606429879288,-204.11606429879288,1704
1740,204.10661461031862,-204.10661461031862,1705
1741,204.09951428303603,-204.09951428303603,1706
1742,204.09438463645975,-204.09438463645975,1707
1743,204.12943345105424,-204.12943345105424,1708
1744,204.19337175273404,-204.19337175273404,1709
1745,204.3227882440808,-204.3227882440808,1710
1746,204.46936639340007,-204.46936639340007,1711
1747,204.59371207363958,-204.59371207363958,1712
1748,204.71572119898084,-204.71572119898084,1713
1749,204.81478807207407,-204.81478807207407,1714
1750,204.89676899293605,-204.89676899293605,1715
1751,204.95964657450466,-204.95964657450466,1716
1752,204.99916750999415,-204.99916750999415,1717
1753,205.04495213560566,-205.04495213560566,1718
1754,205.06486783752922,-205.06486783752922,1719
1755,205.10711175046146,-205.10711175046146,1720
1756,205.13145088117787,-205.13145088117787,1721
1757,205.16380812372773,-205.16380812372773,1722
1758,205.20015541363892,-205.20015541363892,1723
1759,205.2658252243268,-205.2658252243268,1724
1760,205.3074994799251,-205.3074994799251,1725
1761,205.34465835992899,-205.34465835992899,1726
1762,205.33215582774164,-205.33215582774164,1727
1763,205.32973420962585,-205.32973420962585,1728
1764,205.32360160328372,-205.32360160328372,1729
1765,205.3162677775987,-205.3162677775987,1730
1766,205.3568931881709,-205.3568931881709,1731
1767,205.35525557552964,-205.35525557552964,1732
1768,205.54404785646693,-205.54404785646693,1733
1769,206.03964750420988,-206.03964750420988,1734
1770,206.24763837592897,-206.24763837592897,1735
1771,206.39007342968105,-206.39007342968105,1736
1772,206.48951167223865,-206.48951167223865,1737
1773,206.5946988844767,-206.5946988844767,1738
1774,206.7093607314557,-206.7093607314557,1739
1775,206.78824040684424,-206.78824040684424,1740
1776,206.83444619976063,-206.83444619976063,1741
1777,206.87552187311718,-206.87552187311718,1742
1778,206.89796132954248,-206.89796132954248,1743
1779,206.93710665578425,-206.93710665578425,1744
1780,206.96390721371088,-206.96390721371088,1745
1781,206.99215495905568,-206.99215495905568,1746
1782,207.0208995960583,-207.0208995960583,1747
1783,207.4877960753699,-207.4877960753699,1748
1784,208.26568214853816,-208.26568214853816,1749
1785,209.1232635814543,-209.1232635814543,1750
1786,209.9962112804429,-209.9962112804429,1751
1787,210.64305562514963,-210.64305562514963,1752
1788,210.74713501078998,-210.74713501078998,1753
1789,210.73218326955194,-210.73218326955194,1754
1790,210.72903078172885,-210.72903078172885,1755
1791,210.72692474328215,-210.72692474328215,1756
1792,210.7491292295795,-210.7491292295795,1757
1793,210.89039047327813,-210.89039047327813,1758
1794,211.05880446167686,-211.05880446167686,1759
1795,211.14318878068974,-211.14318878068974,1760
1796,211.26436778560796,-211.26436778560796,1761
1797,211.3533312324916,-211.3533312324916,1762
1798,211.46376746667156,-211.46376746667156,1763
1799,211.50836933160844,-211.50836933160844,1764
1800,211.54835080918332,-211.54835080918332,1765
1801,211.56864221774205,-211.56864221774205,1766
1802,211.5850697453416,-211.5850697453416,1767
1803,211.59990081843625,-211.59990081843625,1768
1804,211.622049460397,-211.622049460397,1769
1805,211.63902698628252,-211.63902698628252,1770
1806,211.67677781286486,-211.67677781286486,1771
1807,211.72751510228287,-211.72751510228287,1772
1808,212.05717421670485,-212.05717421670485,1773
1809,212.72990804482214,-212.72990804482214,1774
1810,213.6126626875836,-213.6126626875836,1775
1811,213.97755709541275,-213.97755709541275,1776
1812,214.10911044020074,-214.10911044020074,1777
1813,214.10579952925954,-214.10579952925954,1778
1814,214.10245174893933,-214.10245174893933,1779
1815,214.10908662976632,-214.10908662976632,1780
1816,214.1228758804484,-214.1228758804484,1781
1817,214.12659309133184,-214.12659309133184,1782
1818,214.1767376168107,-214.1767376168107,1783
1819,214.24962489432946,-214.24962489432946,1784
1820,214.32979932861878,-214.32979932861878,1785
1821,214.4188043500588,-214.4188043500588,1786
1822,214.49556712243236,-214.49556712243236,1787
1823,214.54278680993602,-214.54278680993602,1788
1824,214.56048633168442,-214.56048633168442,1789
1825,214.57461787697136,-214.57461787697136,1790
1826,214.58779522554752,-214.58779522554752,1791
1827,214.60608677575348,-214.60608677575348,1792
1828,214.62269582201841,-214.62269582201841,1793
1829,214.64430698149818,-214.64430698149818,1794
1830,214.70183215162137,-214.70183215162137,1795
1831,214.76031606235213,-214.76031606235213,1796
1832,214.85638403953845,-214.85638403953845,1797
1833,214.94593436042538,-214.94593436042538,1798
1834,214.95081405790788,-214.95081405790788,1799
1835,215.69372932692758,-215.69372932692758,1800
1836,215.87301082677916,-215.87301082677916,1801
1837,216.42338780538677,-216.42338780538677,1802
1838,216.42483363450808,-216.42483363450808,1803
1839,216.43835252958877,-216.43835252958877,1804
1840,216.45596497875857,-216.45596497875857,1805
1841,216.46883397497564,-216.46883397497564,1806
1842,216.5097249564256,-216.5097249564256,1807
1843,216.5619367342025,-216.5619367342025,1808
1844,216.648373311465,-216.648373311465,1809
1845,216.6907486906896,-216.6907486906896,1810
1846,216.75352420562822,-216.75352420562822,1811
1847,216.7795454805898,-216.7795454805898,1812
1848,216.7931256196771,-216.7931256196771,1813
1849,216.81247799864303,-216.81247799864303,1814
1850,216.8261346377193,-216.8261346377193,1815
1851,216.84564753877578,-216.84564753877578,1816
1852,216.85786708060147,-216.85786708060147,1817
1853,216.8708764152227,-216.8708764152227,1818
1854,216.8859646992663,-216.8859646992663,1819
1855,216.88838853902547,-216.88838853902547,1820
1856,216.88747951811152,-216.88747951811152,1821
1857,217.17530752191266,-217.17530752191266,1822
1858,217.1623990375515,-217.1623990375515,1823
1859,217.136857533065,-217.136857533065,1824
1860,217.1210805477129,-217.1210805477129,1825
1861,217.80181866083177,-217.80181866083177,1826
1862,218.80886996782522,-218.80886996782522,1827
1863,219.6171762887281,-219.6171762887281,1828
1864,219.69931763867416,-219.69931763867416,1829
1865,219.72498233348892,-219.72498233348892,1830
1866,219.7477062359208,-219.7477062359208,1831
1867,219.87470613706438,-219.87470613706438,1832
1868,219.98520410153887,-219.98520410153887,1833
1869,220.06348373940378,-220.06348373940378,1834
1870,220.1133685290641,-220.1133685290641,1835
1871,220.15704785752976,-220.15704785752976,1836
1872,220.1856608867966,-220.1856608867966,1837
1873,220.19922666008347,-220.19922666008347,1838
1874,220.2128141369869,-220.2128141369869,1839
1875,220.2274851975937,-220.2274851975937,1840
1876,220.2416674130417,-220.2416674130417,1841
1877,220.259942107445,-220.259942107445,1842
1878,220.27398585138474,-220.27398585138474,1843
1879,220.2768118901354,-220.2768118901354,1844
1880,220.27714075900488,-220.27714075900488,1845
1881,220.26716243617835,-220.26716243617835,1846
1882,220.39343417739573,-220.39343417739573,1847
1883,220.87913581035195,-220.87913581035195,1848
1884,221.61314107537564,-221.61314107537564,1849
1885,221.87986045677434,-221.87986045677434,1850
1886,221.87009849464627,-221.87009849464627,1851
1887,221.86916122732075,-221.86916122732075,1852
1888,221.86771926380797,-221.86771926380797,1853
1889,221.88290429169587,-221.88290429169587,1854
1890,221.94950528319424,-221.94950528319424,1855
1891,222.0488793601207,-222.0488793601207,1856
1892,222.10528096669245,-222.10528096669245,1857
1893,222.16385640809344,-222.16385640809344,1858
1894,222.21208758933668,-222.21208758933668,1859
1895,222.2640272188525,-222.2640272188525,1860
1896,222.2931863044408,-222.2931863044408,1861
1897,222.30676316116322,-222.30676316116322,1862
1898,222.32400770331316,-222.32400770331316,1863
1899,222.3350221450682,-222.3350221450682,1864
1900,222.35023484182,-222.35023484182,1865
1901,222.3634204685266,-222.3634204685266,1866
1902,222.4271417913471,-222.4271417913471,1867
1903,222.46920021190658,-222.46920021190658,1868
1904,222.49761163656905,-222.49761163656905,1869
1905,222.49913324954588,-222.49913324954588,1870
1906,222.50228825514017,-222.50228825514017,1871
1907,222.4965044000844,-222.4965044000844,1872
1908,222.4802496722326,-222.4802496722326,1873
1909,222.46247451200134,-222.46247451200134,1874
1910,222.4432630299692,-222.4432630299692,1875
1911,222.4377140288412,-222.4377140288412,1876
1912,222.4643951416279,-222.4643951416279,1877
1913,222.5211261779364,-222.5211261779364,1878
1914,222.58842063877032,-222.58842063877032,1879
1915,222.6418059388779,-222.6418059388779,1880
1916,222.71074311002042,-222.71074311002042,1881
1917,222.76931781310452,-222.76931781310452,1882
1918,222.81180343555314,-222.81180343555314,1883
1919,222.85336198017202,-222.85336198017202,1884
1920,222.8741994487691,-222.8741994487691,1885
1921,222.8904415762575,-222.8904415762575,1886
1922,222.9066757641143,-222.9066757641143,1887
1923,222.9197792538546,-222.9197792538546,1888
1924,222.93643591958428,-222.93643591958428,1889
1925,222.94674498061778,-222.94674498061778,1890
1926,223.01167301833044,-223.01167301833044,1891
1927,223.01345942964895,-223.01345942964895,1892
1928,223.01160864249024,-223.01160864249024,1893
1929,222.99835328463297,-222.99835328463297,1894
1930,222.98126806829885,-222.98126806829885,1895
1931,222.96233698646498,-222.96233698646498,1896
1932,222.9346441991981,-222.9346441991981,1897
1933,222.9066050467997,-222.9066050467997,1898
1934,222.87598179916714,-222.87598179916714,1899
1935,222.86524277962178,-222.86524277962178,1900
1936,222.86306168215827,-222.86306168215827,1901
1937,222.87717795893602,-222.87717795893602,1902
1938,222.934214228689,-222.934214228689,1903
1939,222.98701674257703,-222.98701674257703,1904
1940,223.04869026190698,-223.04869026190698,1905
1941,223.10210434546158,-223.10210434546158,1906
1942,223.15346922909308,-223.15346922909308,1907
1943,223.17740524260432,-223.17740524260432,1908
1944,223.1920030267737,-223.1920030267737,1909
1945,223.20617607572981,-223.20617607572981,1910
1946,223.22446646419388,-223.22446646419388,1911
1947,223.2375859365773,-223.2375859365773,1912
1948,223.24911425496077,-223.24911425496077,1913
1949,223.2626648257328,-223.2626648257328,1914
1950,223.30134068535298,-223.30134068535298,1915
1951,223.31286604434348,-223.31286604434348,1916
1952,223.31075367260598,-223.31075367260598,1917
1953,223.29520672122473,-223.29520672122473,1918
1954,223.26931428383284,-223.26931428383284,1919
1955,223.23752243705204,-223.23752243705204,1920
1956,223.20644681056493,-223.20644681056493,1921
1957,223.17785130196617,-223.17785130196617,1922
1958,223.52595432753287,-223.52595432753287,1923
1959,224.0346841431024,-224.0346841431024,1924
1960,224.03046859422292,-224.03046859422292,1925
1961,224.0292114334136,-224.0292114334136,1926
1962,224.06338969744044,-224.06338969744044,1927
1963,224.09440808686017,-224.09440808686017,1928
1964,224.1280378004004,-224.1280378004004,1929
1965,224.16742893367876,-224.16742893367876,1930
1966,224.19913823145083,-224.19913823145083,1931
1967,224.23866742077706,-224.23866742077706,1932
1968,224.25638778775243,-224.25638778775243,1933
1969,224.27518038406777,-224.27518038406777,1934
1970,224.2908911270213,-224.2908911270213,1935
1971,224.30299722847687,-224.30299722847687,1936
1972,224.3135274582839,-224.3135274582839,1937
1973,224.32458965541866,-224.32458965541866,1938
1974,224.3383642168523,-224.3383642168523,1939
1975,224.34185569253376,-224.34185569253376,1940
1976,224.3386896027835,-224.3386896027835,1941
1977,224.3237685098302,-224.3237685098302,1942
1978,224.30418348599397,-224.30418348599397,1943
1979,224.30831187769047,-224.30831187769047,1944
1980,224.62770568246614,-224.62770568246614,1945
1981,224.61082275764898,-224.61082275764898,1946
1982,224.5847504574438,-224.5847504574438,1947
1983,225.08673651943673,-225.08673651943673,1948
1984,225.07907221733117,-225.07907221733117,1949
1985,225.07755747369274,-225.07755747369274,1950
1986,225.09369672432106,-225.09369672432106,1951
1987,225.11808815877905,-225.11808815877905,1952
1988,225.14402570490148,-225.14402570490148,1953
1989,225.18553978584043,-225.18553978584043,1954
1990,225.2270520621803,-225.2270520621803,1955
1991,225.25825289785584,-225.25825289785584,1956
1992,225.28322329356152,-225.28322329356152,1957
1993,225.30250334393662,-225.30250334393662,1958
1994,225.31715780877488,-225.31715780877488,1959
1995,225.33184536240753,-225.33184536240753,1960
1996,225.3439697751941,-225.3439697751941,1961
1997,225.35565114188415,-225.35565114188415,1962
1998,225.36815103618963,-225.36815103618963,1963
1999,225.38581700729708,-225.38581700729708,1964
2000,225.38440772913953,-225.38440772913953,1965
2001,225.38658696992002,-225.38658696992002,1966
2002,225.3641036755575,-225.3641036755575,1967
2003,225.33657053671496,-225.33657053671496,1968
2004,225.3188430452807,-225.3188430452807,1969
2005,225.2912040934298,-225.2912040934298,1970
2006,225.27734345715072,-225.27734345715072,1971
2007,225.26640293571853,-225.26640293571853,1972
2008,225.2643826321853,-225.2643826321853,1973
2009,225.26347191549448,-225.26347191549448,1974
2010,225.2775620226508,-225.2775620226508,1975
2011,225.31704780715592,-225.31704780715592,1976
2012,225.3564611621419,-225.3564611621419,1977
2013,225.3891281296018,-225.3891281296018,1978
2014,225.43845075395788,-225.43845075395788,1979
2015,225.47741472951805,-225.47741472951805,1980
2016,225.50186812105332,-225.50186812105332,1981
2017,225.52374236091103,-225.52374236091103,1982
2018,225.5368551650377,-225.5368551650377,1983
2019,225.55205792174607,-225.55205792174607,1984
2020,225.5679827404439,-225.5679827404439,1985
2021,225.57918031303146,-225.57918031303146,1986
2022,225.59506497211243,-225.59506497211243,1987
2023,225.59679865490492,-225.59679865490492,1988
2024,225.59026978913954,-225.59026978913954,1989
2025,225.60730765688268,-225.60730765688268,1990
2026,226.6341736489405,-226.6341736489405,1991
2027,227.2252085105517,-227.2252085105517,1992
2028,227.3644491567705,-227.3644491567705,1993
2029,227.33557123187228,-227.33557123187228,1994
2030,227.30919386656717,-227.30919386656717,1995
2031,227.2959718650851,-227.2959718650851,1996
2032,227.30952360719473,-227.30952360719473,1997
2033,227.32596455579915,-227.32596455579915,1998
2034,227.36698741602694,-227.36698741602694,1999
2035,227.40748175505345,-227.40748175505345,2000
2036,227.45419106328117,-227.45419106328117,2001
2037,227.50914111166932,-227.50914111166932,2002
2038,227.57972383836437,-227.57972383836437,2003
2039,227.64776444545396,-227.64776444545396,2004
2040,227.69038239954793,-227.69038239954793,2005
2041,227.72265226663345,-227.72265226663345,2006
2042,227.73831584217044,-227.73831584217044,2007
2043,227.75244657845573,-227.75244657845573,2008
2044,227.7647543415508,-227.7647543415508,2009
2045,227.78198714758148,-227.78198714758148,2010
2046,227.8003112681877,-227.8003112681877,2011
2047,227.83901671849287,-227.83901671849287,2012
2048,227.86439554456905,-227.86439554456905,2013
2049,227.86886522504753,-227.86886522504753,2014
2050,227.8766802849654,-227.8766802849654,2015
2051,227.8625175446159,-227.8625175446159,2016
2052,227.84403600091164,-227.84403600091164,2017
2053,227.81726757040087,-227.81726757040087,2018
2054,227.79117252675093,-227.79117252675093,2019
2055,227.7753332676369,-227.7753332676369,2020
2056,227.77448538459097,-227.77448538459097,2021
2057,227.84312902144717,-227.84312902144717,2022
2058,227.86651076360894,-227.86651076360894,2023
2059,227.9111488516615,-227.9111488516615,2024
2060,227.9728393936721,-227.9728393936721,2025
2061,228.02197723016312,-228.02197723016312,2026
2062,228.0784167369418,-228.0784167369418,2027
2063,228.16142763440172,-228.16142763440172,2028
2064,228.20400315395105,-228.20400315395105,2029
2065,228.23625847796367,-228.23625847796367,2030
2066,228.25194658260634,-228.25194658260634,2031
2067,228.26613108580045,-228.26613108580045,2032
2068,228.27830232549212,-228.27830232549212,2033
2069,228.2900754202746,-228.2900754202746,2034
2070,228.56385705146187,-228.56385705146187,2035
2071,228.81050777174593,-228.81050777174593,2036
2072,228.8357511517316,-228.8357511517316,2037
2073,228.8402928390603,-228.8402928390603,2038
2074,228.84585270693498,-228.84585270693498,2039
2075,228.8346423049629,-228.8346423049629,2040
2076,228.81837957743525,-228.81837957743525,2041
2077,228.79251485989337,-228.79251485989337,2042
2078,228.76866495507133,-228.76866495507133,2043
2079,228.75155429847018,-228.75155429847018,2044
2080,228.76790609068573,-228.76790609068573,2045
2081,229.09227838026678,-229.09227838026678,2046
2082,229.1150212234955,-229.1150212234955,2047
2083,229.15961300763428,-229.15961300763428,2048
2084,229.22135147673978,-229.22135147673978,2049
2085,229.27051635288558,-229.27051635288558,2050
2086,229.3269033604857,-229.3269033604857,2051
2087,229.40991425794562,-229.40991425794562,2052
2088,229.43483810101108,-229.43483810101108,2053
2089,229.46604230666313,-229.46604230666313,2054
2090,229.4840337720582,-229.4840337720582,2055
2091,229.49686943755745,-229.49686943755745,2056
2092,229.50822413274858,-229.50822413274858,2057
2093,229.51827850131073,-229.51827850131073,2058
2094,229.5308272018926,-229.5308272018926,2059
2095,229.8545434636311,-229.8545434636311,2060
2096,230.66354609027192,-230.66354609027192,2061
2097,231.1705567538646,-231.1705567538646,2062
2098,232.308002247973,-232.308002247973,2063
2099,233.2810776640573,-233.2810776640573,2064
2100,233.6638595971735,-233.6638595971735,2065
2101,233.6652728024446,-233.6652728024446,2066
2102,233.68194605514353,-233.68194605514353,2067
2103,233.6828582739213,-233.6828582739213,2068
2104,233.71139707322203,-233.71139707322203,2069
2105,233.7253577552388,-233.7253577552388,2070
2106,233.74875907949377,-233.74875907949377,2071
2107,233.77826637588706,-233.77826637588706,2072
2108,233.816633454129,-233.816633454129,2073
2109,233.86008143644483,-233.86008143644483,2074
2110,233.9035121297228,-233.9035121297228,2075
2111,233.95751413666642,-233.95751413666642,2076
2112,233.98607347197103,-233.98607347197103,2077
2113,234.01001931486942,-234.01001931486942,2078
2114,234.02689620314192,-234.02689620314192,2079
2115,234.0481521131411,-234.0481521131411,2080
2116,234.06507561342866,-234.06507561342866,2081
2117,234.0859130765978,-234.0859130765978,2082
2118,234.09893117502187,-234.09893117502187,2083
2119,234.14017282666327,-234.14017282666327,2084
2120,234.15941989779466,-234.15941989779466,2085
2121,234.21892643451386,-234.21892643451386,2086
2122,234.80417986107258,-234.80417986107258,2087
2123,235.25620024858839,-235.25620024858839,2088
2124,235.3219425361651,-235.3219425361651,2089
2125,235.32092950457462,-235.32092950457462,2090
2126,235.31772026429974,-235.31772026429974,2091
2127,235.50229492109904,-235.50229492109904,2092
2128,235.8564101178345,-235.8564101178345,2093
2129,235.86792276228175,-235.86792276228175,2094
2130,235.9012233642031,-235.9012233642031,2095
2131,235.92302473027786,-235.92302473027786,2096
2132,235.95569761475357,-235.95569761475357,2097
2133,235.9961167723887,-235.9961167723887,2098
2134,236.037572640483,-236.037572640483,2099
2135,236.06146521789697,-236.06146521789697,2100
2136,236.09732799659727,-236.09732799659727,2101
2137,236.11192202823503,-236.11192202823503,2102
2138,236.12656776644658,-236.12656776644658,2103
2139,236.13964561239646,-236.13964561239646,2104
2140,236.15332213168688,-236.15332213168688,2105
2141,236.17147294140938,-236.17147294140938,2106
2142,236.1848263986159,-236.1848263986159,2107
2143,236.20468432035753,-236.20468432035753,2108
2144,236.23995996763995,-236.23995996763995,2109
2145,236.27184069138565,-236.27184069138565,2110
2146,236.27713346502895,-236.27713346502895,2111
2147,236.33667789720377,-236.33667789720377,2112
2148,236.54407817651904,-236.54407817651904,2113
2149,237.21711841960138,-237.21711841960138,2114
2150,237.5659460069578,-237.5659460069578,2115
2151,237.5480978406325,-237.5480978406325,2116
2152,237.55798076980955,-237.55798076980955,2117
2153,237.56360033140427,-237.56360033140427,2118
2154,237.5665985153775,-237.5665985153775,2119
2155,237.60919152830127,-237.60919152830127,2120
2156,237.65898473152274,-237.65898473152274,2121
2157,237.78823151307094,-237.78823151307094,2122
2158,237.85053821854956,-237.85053821854956,2123
2159,237.9580019377628,-237.9580019377628,2124
2160,238.0920232981182,-238.0920232981182,2125
2161,238.13310946288115,-238.13310946288115,2126
2162,238.1472163250412,-238.1472163250412,2127
2163,238.16394208414678,-238.16394208414678,2128
2164,238.17807702251469,-238.17807702251469,2129
2165,238.1913903092189,-238.1913903092189,2130
2166,238.20630662387998,-238.20630662387998,2131
2167,238.37406801359103,-238.37406801359103,2132
2168,239.08159302881407,-239.08159302881407,2133
2169,239.80569132119598,-239.80569132119598,2134
2170,239.84264786232012,-239.84264786232012,2135
2171,239.82158057381224,-239.82158057381224,2136
2172,239.7960761192421,-239.7960761192421,2137
2173,239.82388578742325,-239.82388578742325,2138
2174,240.4499690722541,-240.4499690722541,2139
2175,241.09595575569978,-241.09595575569978,2140
2176,241.70151312876547,-241.70151312876547,2141
2177,241.75889401303084,-241.75889401303084,2142
2178,241.8213377932409,-241.8213377932409,2143
2179,241.8379775885805,-241.8379775885805,2144
2180,241.86158586225997,-241.86158586225997,2145
2181,241.935657536695,-241.935657536695,2146
2182,241.97937789835885,-241.97937789835885,2147
2183,242.02987434925322,-242.02987434925322,2148
2184,242.06879059643595,-242.06879059643595,2149
2185,242.08288181745755,-242.08288181745755,2150
2186,242.097223284555,-242.097223284555,2151
2187,242.11674718950113,-242.11674718950113,2152
2188,242.1342452524131,-242.1342452524131,2153
2189,242.15142898998477,-242.15142898998477,2154
2190,242.16090959651135,-242.16090959651135,2155
2191,242.19340010555163,-242.19340010555163,2156
2192,242.23973535819763,-242.23973535819763,2157
2193,242.29656592562415,-242.29656592562415,2158
2194,242.71034578779748,-242.71034578779748,2159
2195,242.82359087748037,-242.82359087748037,2160
2196,242.8226554658765,-242.8226554658765,2161
2197,242.83829978416264,-242.83829978416264,2162
2198,242.88661727707355,-242.88661727707355,2163
2199,242.96810043176748,-242.96810043176748,2164
2200,243.02412858159502,-243.02412858159502,2165
2201,243.05563725250337,-243.05563725250337,2166
2202,243.11867545482505,-243.11867545482505,2167
2203,243.1539974491862,-243.1539974491862,2168
2204,243.1922585583491,-243.1922585583491,2169
2205,243.2809613767498,-243.2809613767498,2170
2206,243.36030561574978,-243.36030561574978,2171
2207,243.43972432915083,-243.43972432915083,2172
2208,243.4849720874405,-243.4849720874405,2173
2209,243.51722776043655,-243.51722776043655,2174
2210,243.52979073616973,-243.52979073616973,2175
2211,243.54554519060076,-243.54554519060076,2176
2212,243.5577126377922,-243.5577126377922,2177
2213,243.57232499964817,-243.57232499964817,2178
2214,243.58839258905172,-243.58839258905172,2179
2215,243.61739343893905,-243.61739343893905,2180
2216,243.64144419757906,-243.64144419757906,2181
2217,243.72687990842527,-243.72687990842527,2182
2218,244.44859317293586,-244.44859317293586,2183
2219,244.4746896889813,-244.4746896889813,2184
2220,244.46874310415623,-244.46874310415623,2185
2221,244.50651394139723,-244.50651394139723,2186
2222,244.50542079811066,-244.50542079811066,2187
2223,244.5075567788332,-244.5075567788332,2188
2224,244.5574557085702,-244.5574557085702,2189
2225,244.58978903548456,-244.58978903548456,2190
2226,244.6568904934786,-244.6568904934786,2191
2227,244.69632871630878,-244.69632871630878,2192
2228,244.75893277505523,-244.75893277505523,2193
2229,244.82048017970857,-244.82048017970857,2194
2230,244.89764476448462,-244.89764476448462,2195
2231,244.94170771360024,-244.94170771360024,2196
2232,244.9848101604152,-244.9848101604152,2197
2233,245.01967494609008,-245.01967494609008,2198
2234,245.03794431973043,-245.03794431973043,2199
2235,245.05473809903904,-245.05473809903904,2200
2236,245.07065683407066,-245.07065683407066,2201
2237,245.0859346342229,-245.0859346342229,2202
2238,245.10126041735694,-245.10126041735694,2203
2239,245.12914796657302,-245.12914796657302,2204
2240,245.2020379872972,-245.2020379872972,2205
2241,245.33273607988244,-245.33273607988244,2206
2242,245.33371079281758,-245.33371079281758,2207
2243,245.33514038708617,-245.33514038708617,2208
2244,245.3339111291778,-245.3339111291778,2209
2245,245.38410597684629,-245.38410597684629,2210
2246,245.47386020440615,-245.47386020440615,2211
2247,245.51318052880896,-245.51318052880896,2212
2248,245.6533098192985,-245.6533098192985,2213
2249,245.72494529927846,-245.72494529927846,2214
2250,245.78309764062078,-245.78309764062078,2215
2251,245.8276633767205,-245.8276633767205,2216
2252,245.89242871718918,-245.89242871718918,2217
2253,245.96131194298377,-245.96131194298377,2218
2254,246.02926304148613,-246.02926304148613,2219
2255,246.08995188965807,-246.08995188965807,2220
2256,246.1403048877316,-246.1403048877316,2221
2257,246.17566624755992,-246.17566624755992,2222
2258,246.1892514004979,-246.1892514004979,2223
2259,246.20708224097794,-246.20708224097794,2224
2260,246.21933651735506,-246.21933651735506,2225
2261,246.23667206348605,-246.23667206348605,2226
2262,246.248582679461,-246.248582679461,2227
2263,246.2762818373486,-246.2762818373486,2228
2264,246.33481307680537,-246.33481307680537,2229
2265,246.39237421683129,-246.39237421683129,2230
2266,246.40017662230997,-246.40017662230997,2231
2267,246.40163810031663,-246.40163810031663,2232
2268,246.41619275171837,-246.41619275171837,2233
2269,246.41469880998986,-246.41469880998986,2234
2270,246.51353842112715,-246.51353842112715,2235
2271,246.52848560526226,-246.52848560526226,2236
2272,246.57617453145028,-246.57617453145028,2237
2273,246.60940452332125,-246.60940452332125,2238
2274,246.65717902080436,-246.65717902080436,2239
2275,246.71939152404855,-246.71939152404855,2240
2276,246.77948323051382,-246.77948323051382,2241
2277,246.8421407820093,-246.8421407820093,2242
2278,246.91106108311092,-246.91106108311092,2243
2279,246.98573337669413,-246.98573337669413,2244
2280,247.0386947460982,-247.0386947460982,2245
2281,247.07199145411815,-247.07199145411815,2246
2282,247.08973388664685,-247.08973388664685,2247
2283,247.1033908142993,-247.1033908142993,2248
2284,247.11964954389103,-247.11964954389103,2249
2285,247.13072377864242,-247.13072377864242,2250
2286,247.14534282882502,-247.14534282882502,2251
2287,247.1567876946776,-247.1567876946776,2252
2288,247.1814511572843,-247.1814511572843,2253
2289,247.18380328729896,-247.18380328729896,2254
2290,247.180145108281,-247.180145108281,2255
2291,247.17572027545222,-247.17572027545222,2256
2292,247.1652186762108,-247.1652186762108,2257
2293,247.15717870464331,-247.15717870464331,2258
2294,247.15156753169728,-247.15156753169728,2259
2295,247.16796600906412,-247.16796600906412,2260
2296,247.16178373933946,-247.16178373933946,2261
2297,247.15799081362687,-247.15799081362687,2262
2298,247.19430456256353,-247.19430456256353,2263
2299,247.24928422910787,-247.24928422910787,2264
2300,247.2886337456987,-247.2886337456987,2265
2301,247.34504403895963,-247.34504403895963,2266
2302,247.40352196245473,-247.40352196245473,2267
2303,247.44600664125844,-247.44600664125844,2268
2304,247.4833840593965,-247.4833840593965,2269
2305,247.5052545523282,-247.5052545523282,2270
2306,247.51934243108016,-247.51934243108016,2271
2307,247.53145109524607,-247.53145109524607,2272
2308,247.5441277429057,-247.5441277429057,2273
2309,247.5589509376473,-247.5589509376473,2274
2310,247.57069367580732,-247.57069367580732,2275
2311,247.57359455130276,-247.57359455130276,2276
2312,247.574665865933,-247.574665865933,2277
2313,247.5791422983607,-247.5791422983607,2278
2314,247.560444635845,-247.560444635845,2279
2315,247.546377154996,-247.546377154996,2280
2316,247.5313787858913,-247.5313787858913,2281
2317,247.5173303684444,-247.5173303684444,2282
2318,247.5030539781303,-247.5030539781303,2283
2319,247.4887560494464,-247.4887560494464,2284
2320,247.4837368119426,-247.4837368119426,2285
2321,247.48114164444144,-247.48114164444144,2286
2322,247.4792170890289,-247.4792170890289,2287
2323,247.4927057112315,-247.4927057112315,2288
2324,247.51024870715554,-247.51024870715554,2289
2325,247.63110348091817,-247.63110348091817,2290
2326,247.66478825715726,-247.66478825715726,2291
2327,247.72343153063014,-247.72343153063014,2292
2328,247.8574242526773,-247.8574242526773,2293
2329,247.89851367660515,-247.89851367660515,2294
2330,247.91263967884706,-247.91263967884706,2295
2331,247.92938465036858,-247.92938465036858,2296
2332,247.94361563229737,-247.94361563229737,2297
2333,247.9568234613107,-247.9568234613107,2298
2334,247.97160275987372,-247.97160275987372,2299
2335,247.98427052470905,-247.98427052470905,2300
2336,247.9872569566603,-247.9872569566603,2301
2337,248.0412129758524,-248.0412129758524,2302
2338,248.02266765649276,-248.02266765649276,2303
2339,248.27483353936745,-248.27483353936745,2304
2340,248.23947918669757,-248.23947918669757,2305
2341,248.22562182977592,-248.22562182977592,2306
2342,248.20392978907935,-248.20392978907935,2307
2343,248.1791295250052,-248.1791295250052,2308
2344,248.18736078484005,-248.18736078484005,2309
2345,248.18457666918403,-248.18457666918403,2310
2346,248.21327680566748,-248.21327680566748,2311
2347,248.23001495021492,-248.23001495021492,2312
2348,248.25367123709088,-248.25367123709088,2313
2349,248.32791567943275,-248.32791567943275,2314
2350,248.37180213066148,-248.37180213066148,2315
2351,248.42229858155585,-248.42229858155585,2316
2352,248.44667810245738,-248.44667810245738,2317
2353,248.48828503443522,-248.48828503443522,2318
2354,248.50444402963177,-248.50444402963177,2319
2355,248.5237747007402,-248.5237747007402,2320
2356,248.53758266003484,-248.53758266003484,2321
2357,248.54925073082012,-248.54925073082012,2322
2358,248.56233710568546,-248.56233710568546,2323
2359,248.57360548740374,-248.57360548740374,2324
2360,248.70092619933644,-248.70092619933644,2325
2361,249.4762264167396,-249.4762264167396,2326
2362,250.12579426333343,-250.12579426333343,2327
2363,250.42411328478113,-250.42411328478113,2328
2364,250.55151119392193,-250.55151119392193,2329
2365,250.56890003231854,-250.56890003231854,2330
2366,250.5665284690319,-250.5665284690319,2331
2367,250.566977278244,-250.566977278244,2332
2368,250.5851260452443,-250.5851260452443,2333
2369,250.63140748698993,-250.63140748698993,2334
2370,250.7281240546927,-250.7281240546927,2335
2371,250.77847804135126,-250.77847804135126,2336
2372,250.82144999085276,-250.82144999085276,2337
2373,250.8821239832454,-250.8821239832454,2338
2374,250.94333591921458,-250.94333591921458,2339
2375,251.01757653204044,-251.01757653204044,2340
2376,251.05960132219073,-251.05960132219073,2341
2377,251.1094970675713,-251.1094970675713,2342
2378,251.12875789581102,-251.12875789581102,2343
2379,251.14460205386047,-251.14460205386047,2344
2380,251.16540084441385,-251.16540084441385,2345
2381,251.1808687488927,-251.1808687488927,2346
2382,251.19944563005714,-251.19944563005714,2347
2383,251.21070457131646,-251.21070457131646,2348
2384,251.2466165679203,-251.2466165679203,2349
2385,252.01492897082053,-252.01492897082053,2350
2386,252.88176942906318,-252.88176942906318,2351
2387,253.13859964280454,-253.13859964280454,2352
2388,253.1711918745589,-253.1711918745589,2353
2389,253.16518003142193,-253.16518003142193,2354
2390,253.44809459893412,-253.44809459893412,2355
2391,254.13970709744183,-254.13970709744183,2356
2392,254.23104929350046,-254.23104929350046,2357
2393,254.2289314452518,-254.2289314452518,2358
2394,254.24376789742902,-254.24376789742902,2359
2395,254.32111492269982,-254.32111492269982,2360
2396,254.3791955234074,-254.3791955234074,2361
2397,254.47976741757392,-254.47976741757392,2362
2398,254.59071157780429,-254.59071157780429,2363
2399,254.64671244434263,-254.64671244434263,2364
2400,254.68974106971112,-254.68974106971112,2365
2401,254.72458507083857,-254.72458507083857,2366
2402,254.7428179500317,-254.7428179500317,2367
2403,254.75958599129703,-254.75958599129703,2368
2404,254.7782590654471,-254.7782590654471,2369
2405,254.79568091075157,-254.79568091075157,2370
2406,254.81302910036015,-254.81302910036015,2371
2407,254.84002575363417,-254.84002575363417,2372
2408,254.91146127385738,-254.91146127385738,2373
2409,255.04250110827581,-255.04250110827581,2374
2410,255.0436214740603,-255.0436214740603,2375
2411,255.04181493616645,-255.04181493616645,2376
2412,255.03586110122293,-255.03586110122293,2377
2413,255.01916420906028,-255.01916420906028,2378
2414,255.01644664444933,-255.01644664444933,2379
2415,255.01002378866323,-255.01002378866323,2380
2416,255.0741633846504,-255.0741633846504,2381
2417,255.08924726948928,-255.08924726948928,2382
2418,255.09700254538348,-255.09700254538348,2383
2419,255.141547010875,-255.141547010875,2384
2420,255.20613444328663,-255.20613444328663,2385
2421,255.2748842452629,-255.2748842452629,2386
2422,255.34279309738986,-255.34279309738986,2387
2423,255.4034819455618,-255.4034819455618,2388
2424,255.4429325932478,-255.4429325932478,2389
2425,255.47414065372973,-255.47414065372973,2390
2426,255.4908407616307,-255.4908407616307,2391
2427,255.50348009266926,-255.50348009266926,2392
2428,255.51573436904638,-255.51573436904638,2393
2429,255.5289222894288,-255.5289222894288,2394
2430,255.54359127577618,-255.54359127577618,2395
2431,255.5728677345224,-255.5728677345224,2396
2432,255.60409916121475,-255.60409916121475,2397
2433,255.93271024449345,-255.93271024449345,2398
2434,256.79161319807173,-256.79161319807173,2399
2435,257.8880522774177,-257.8880522774177,2400
2436,258.97736003895125,-258.97736003895125,2401
2437,259.7472413514816,-259.7472413514816,2402
2438,259.79947005268,-259.79947005268,2403
2439,259.78831136377784,-259.78831136377784,2404
2440,259.80579192134627,-259.80579192134627,2405
2441,259.8504005149197,-259.8504005149197,2406
2442,259.88311908826995,-259.88311908826995,2407
2443,259.94219918297864,-259.94219918297864,2408
2444,259.99501190804807,-259.99501190804807,2409
2445,260.02547880243264,-260.02547880243264,2410
2446,260.077273053147,-260.077273053147,2411
2447,260.2412876309082,-260.2412876309082,2412
2448,260.29840345709056,-260.29840345709056,2413
2449,260.33637195054234,-260.33637195054234,2414
2450,260.35050079532726,-260.35050079532726,2415
2451,260.3693943882395,-260.3693943882395,2416
2452,260.3815185736068,-260.3815185736068,2417
2453,260.4003665602378,-260.4003665602378,2418
2454,260.4206859215146,-260.4206859215146,2419
2455,260.43883113131943,-260.43883113131943,2420
2456,260.4779079079942,-260.4779079079942,2421
2457,260.47896777376656,-260.47896777376656,2422
2458,260.47411599004073,-260.47411599004073,2423
2459,260.4538503445845,-260.4538503445845,2424
2460,260.42696996713016,-260.42696996713016,2425
2461,260.3979525567862,-260.3979525567862,2426
2462,260.384460012487,-260.384460012487,2427
2463,260.36065053862563,-260.36065053862563,2428
2464,260.3571558614334,-260.3571558614334,2429
2465,260.35797995547387,-260.35797995547387,2430
2466,260.3591304924113,-260.3591304924113,2431
2467,260.40227591263545,-260.40227591263545,2432
2468,260.43299125674145,-260.43299125674145,2433
2469,260.47115849507173,-260.47115849507173,2434
2470,260.54595182418717,-260.54595182418717,2435
2471,260.6076162091105,-260.6076162091105,2436
2472,260.64810284907685,-260.64810284907685,2437
2473,260.67464454587287,-260.67464454587287,2438
2474,260.68716096698955,-260.68716096698955,2439
2475,260.7013002574575,-260.7013002574575,2440
2476,260.7154348659522,-260.7154348659522,2441
2477,260.72768496586787,-260.72768496586787,2442
2478,260.74353603790166,-260.74353603790166,2443
2479,260.7552400089244,-260.7552400089244,2444
2480,260.7563876598129,-260.7563876598129,2445
2481,260.75315795702477,-260.75315795702477,2446
2482,260.802417696056,-260.802417696056,2447
2483,260.77296249153125,-260.77296249153125,2448
2484,260.74317014496825,-260.74317014496825,2449
2485,260.7121103740156,-260.7121103740156,2450
2486,260.69532197616843,-260.69532197616843,2451
2487,260.68078064274533,-260.68078064274533,2452
2488,260.7048256946772,-260.7048256946772,2453
2489,260.77275242692696,-260.77275242692696,2454
2490,260.7753984323268,-260.7753984323268,2455
2491,260.7879284570932,-260.7879284570932,2456
2492,260.80656743708175,-260.80656743708175,2457
2493,260.82298191782377,-260.82298191782377,2458
2494,260.84829197390246,-260.84829197390246,2459
2495,260.87628878451505,-260.87628878451505,2460
2496,260.90591192254857,-260.90591192254857,2461
2497,260.93455061148427,-260.93455061148427,2462
2498,260.94967896016453,-260.94967896016453,2463
2499,260.96122716602224,-260.96122716602224,2464
2500,260.9759437838022,-260.9759437838022,2465
2501,260.9951102517679,-260.9951102517679,2466
2502,261.00640281055615,-261.00640281055615,2467
2503,261.03429593680687,-261.03429593680687,2468
2504,261.0445053806381,-261.0445053806381,2469
2505,261.0367365275613,-261.0367365275613,2470
2506,261.02000347822093,-261.02000347822093,2471
2507,261.3916852189157,-261.3916852189157,2472
2508,261.86563578729806,-261.86563578729806,2473
2509,262.4172819856061,-262.4172819856061,2474
2510,262.9286244893187,-262.9286244893187,2475
2511,263.0502029818958,-263.0502029818958,2476
2512,263.04640833103076,-263.04640833103076,2477
2513,263.0434868793745,-263.0434868793745,2478
2514,263.042118452814,-263.042118452814,2479
2515,263.06972660419757,-263.06972660419757,2480
2516,263.1066738374948,-263.1066738374948,2481
2517,263.13992928301883,-263.13992928301883,2482
2518,263.1788722463577,-263.1788722463577,2483
2519,263.19963793097446,-263.19963793097446,2484
2520,263.23185561227587,-263.23185561227587,2485
2521,263.2604838369882,-263.2604838369882,2486
2522,263.27720665672103,-263.27720665672103,2487
2523,263.2965668634166,-263.2965668634166,2488
2524,263.3081286643778,-263.3081286643778,2489
2525,263.32027154501895,-263.32027154501895,2490
2526,263.3335372741461,-263.3335372741461,2491
2527,263.34847168823774,-263.34847168823774,2492
2528,263.3514695891624,-263.3514695891624,2493
2529,263.34642547068154,-263.34642547068154,2494
2530,263.3223648573911,-263.3223648573911,2495
2531,263.28707561964853,-263.28707561964853,2496
2532,263.252154327999,-263.252154327999,2497
2533,263.92711101622007,-263.92711101622007,2498
2534,264.138129687261,-264.138129687261,2499
2535,264.7557758528814,-264.7557758528814,2500
2536,265.24272176679136,-265.24272176679136,2501
2537,265.2428147821255,-265.2428147821255,2502
2538,265.242985981496,-265.242985981496,2503
2539,265.2720683850267,-265.2720683850267,2504
2540,265.3027024006037,-265.3027024006037,2505
2541,265.33280878580297,-265.33280878580297,2506
2542,265.3816516756546,-265.3816516756546,2507
2543,265.40863652937975,-265.40863652937975,2508
2544,265.437209013079,-265.437209013079,2509
2545,265.4632209551613,-265.4632209551613,2510
2546,265.4767754481809,-265.4767754481809,2511
2547,265.48933481630587,-265.48933481630587,2512
2548,265.50453837591823,-265.50453837591823,2513
2549,265.51615587519876,-265.51615587519876,2514
2550,265.53155057541176,-265.53155057541176,2515
2551,265.54390091478456,-265.54390091478456,2516
2552,265.5448704254867,-265.5448704254867,2517
2553,265.5376086158757,-265.5376086158757,2518
2554,265.6714387085297,-265.6714387085297,2519
2555,266.2292763107387,-266.2292763107387,2520
2556,266.6655322955177,-266.6655322955177,2521
2557,266.7518687798636,-266.7518687798636,2522
2558,266.7261073699316,-266.7261073699316,2523
2559,266.69865168596965,-266.69865168596965,2524
2560,266.68885128799695,-266.68885128799695,2525
2561,266.68241170450904,-266.68241170450904,2526
2562,266.6798875979393,-266.6798875979393,2527
2563,266.6991340066195,-266.6991340066195,2528
2564,266.7230127983475,-266.7230127983475,2529
2565,266.7483940464928,-266.7483940464928,2530
2566,266.77955492213374,-266.77955492213374,2531
2567,266.8055204320095,-266.8055204320095,2532
2568,266.8294320577577,-266.8294320577577,2533
2569,266.8591070910879,-266.8591070910879,2534
2570,266.87839325233085,-266.87839325233085,2535
2571,266.89405534304905,-266.89405534304905,2536
2572,266.91339420052105,-266.91339420052105,2537
2573,266.9249290328472,-266.9249290328472,2538
2574,266.9392544448978,-266.9392544448978,2539
2575,266.95759008338604,-266.95759008338604,2540
2576,266.9599610247966,-266.9599610247966,2541
2577,266.95760123264586,-266.95760123264586,2542
2578,266.940601011413,-266.940601011413,2543
2579,266.9280137879363,-266.9280137879363,2544
2580,266.9092723999525,-266.9092723999525,2545
2581,266.8699497353269,-266.8699497353269,2546
2582,266.83764603261915,-266.83764603261915,2547
2583,266.80705420191424,-266.80705420191424,2548
2584,266.78971770734074,-266.78971770734074,2549
2585,266.7784635692889,-266.7784635692889,2550
2586,266.77674095284857,-266.77674095284857,2551
2587,266.78977271487685,-266.78977271487685,2552
2588,266.813698844181,-266.813698844181,2553
2589,266.83240462409617,-266.83240462409617,2554
2590,266.85787422148246,-266.85787422148246,2555
2591,266.88905340761,-266.88905340761,2556
2592,266.9150220445645,-266.9150220445645,2557
2593,266.92805326270656,-266.92805326270656,2558
2594,266.9442083618822,-266.9442083618822,2559
2595,266.9562204289485,-266.9562204289485,2560
2596,266.9719110451791,-266.9719110451791,2561
2597,266.98554968629435,-266.98554968629435,2562
2598,266.9966915301995,-266.9966915301995,2563
2599,267.01199623487844,-267.01199623487844,2564
2600,267.0097021561045,-267.0097021561045,2565
2601,266.9985242290675,-266.9985242290675,2566
2602,266.9718839255689,-266.9718839255689,2567
2603,266.93876507679744,-266.93876507679744,2568
2604,266.9090903659222,-266.9090903659222,2569
2605,266.8783785761541,-266.8783785761541,2570
2606,266.8543549063138,-266.8543549063138,2571
2607,266.8330440357764,-266.8330440357764,2572
2608,266.82360641053805,-266.82360641053805,2573
2609,266.8169112170886,-266.8169112170886,2574
2610,266.8140489771306,-266.8140489771306,2575
2611,266.8343619092668,-266.8343619092668,2576
2612,266.85518227888974,-266.85518227888974,2577
2613,266.87492897728583,-266.87492897728583,2578
2614,266.9034767919627,-266.9034767919627,2579
2615,266.933626525981,-266.933626525981,2580
2616,266.9570654924462,-266.9570654924462,2581
2617,266.97997710809324,-266.97997710809324,2582
2618,266.9961539968257,-266.9961539968257,2583
2619,267.0107866198715,-267.0107866198715,2584
2620,267.0249284348618,-267.0249284348618,2585
2621,267.03601839663986,-267.03601839663986,2586
2622,267.0493151357298,-267.0493151357298,2587
2623,267.05039866057393,-267.05039866057393,2588
2624,267.04720305104854,-267.04720305104854,2589
2625,267.04053403623107,-267.04053403623107,2590
2626,267.0418553672408,-267.0418553672408,2591
2627,267.6422407903141,-267.6422407903141,2592
2628,268.1244873666896,-268.1244873666896,2593
2629,268.22988145723207,-268.22988145723207,2594
2630,268.22134745688675,-268.22134745688675,2595
2631,268.285821070427,-268.285821070427,2596
2632,268.53346911981373,-268.53346911981373,2597
2633,268.5258778653183,-268.5258778653183,2598
2634,268.5218870957576,-268.5218870957576,2599
2635,268.5406493478289,-268.5406493478289,2600
2636,268.55991828204884,-268.55991828204884,2601
2637,268.57654270384745,-268.57654270384745,2602
2638,268.60147304562446,-268.60147304562446,2603
2639,268.62901966534344,-268.62901966534344,2604
2640,268.6570917218846,-268.6570917218846,2605
2641,268.68623103330674,-268.68623103330674,2606
2642,268.70189094413917,-268.70189094413917,2607
2643,268.7144492367036,-268.7144492367036,2608
2644,268.7270386908142,-268.7270386908142,2609
2645,268.74125646795835,-268.74125646795835,2610
2646,268.75685109317993,-268.75685109317993,2611
2647,268.77892550233673,-268.77892550233673,2612
2648,268.8436688063092,-268.8436688063092,2613
2649,268.8323571334883,-268.8323571334883,2614
2650,268.8059260978562,-268.8059260978562,2615
2651,268.7776653260696,-268.7776653260696,2616
2652,268.75921447940414,-268.75921447940414,2617
2653,269.6032348623502,-269.6032348623502,2618
2654,269.81699177930227,-269.81699177930227,2619
2655,269.80950549082206,-269.80950549082206,2620
2656,269.80035827444726,-269.80035827444726,2621
2657,269.7947254807567,-269.7947254807567,2622
2658,269.789148549346,-269.789148549346,2623
2659,269.8042919831949,-269.8042919831949,2624
2660,269.8225503179887,-269.8225503179887,2625
2661,269.8412721622901,-269.8412721622901,2626
2662,269.87451082699295,-269.87451082699295,2627
2663,269.8994319312145,-269.8994319312145,2628
2664,269.9248897110661,-269.9248897110661,2629
2665,269.9436512808386,-269.9436512808386,2630
2666,269.9567231056518,-269.9567231056518,2631
2667,269.9709817499816,-269.9709817499816,2632
2668,269.9898268595324,-269.9898268595324,2633
2669,270.00197408473736,-270.00197408473736,2634
2670,270.0151325678075,-270.0151325678075,2635
2671,270.11637243400526,-270.11637243400526,2636
2672,270.11857669705785,-270.11857669705785,2637
2673,270.1175420215561,-270.1175420215561,2638
2674,270.10375281498517,-270.10375281498517,2639
2675,270.0928506784474,-270.0928506784474,2640
2676,270.3348208226678,-270.3348208226678,2641
2677,271.0041006601053,-271.0041006601053,2642
2678,271.54837907234514,-271.54837907234514,2643
2679,271.6440026256415,-271.6440026256415,2644
2680,271.6289579961395,-271.6289579961395,2645
2681,271.62181184924754,-271.62181184924754,2646
2682,271.622011541605,-271.622011541605,2647
2683,271.6568823273875,-271.6568823273875,2648
2684,271.674062788121,-271.674062788121,2649
2685,271.69638314813454,-271.69638314813454,2650
2686,271.7202868707655,-271.7202868707655,2651
2687,271.7602981680089,-271.7602981680089,2652
2688,271.7857972540618,-271.7857972540618,2653
2689,271.8092403813108,-271.8092403813108,2654
2690,271.8235243041853,-271.8235243041853,2655
2691,271.8366278383872,-271.8366278383872,2656
2692,271.8529073393816,-271.8529073393816,2657
2693,271.8674843460975,-271.8674843460975,2658
2694,271.8803030940174,-271.8803030940174,2659
2695,271.90936692108824,-271.90936692108824,2660
2696,271.90836760984945,-271.90836760984945,2661
2697,271.9011571020355,-271.9011571020355,2662
2698,271.8802240858822,-271.8802240858822,2663
2699,271.8469277463348,-271.8469277463348,2664
2700,271.8068862797042,-271.8068862797042,2665
2701,272.46646532388996,-272.46646532388996,2666
2702,272.64230922957046,-272.64230922957046,2667
2703,273.30387808496795,-273.30387808496795,2668
2704,273.7432655619399,-273.7432655619399,2669
2705,273.77007366978995,-273.77007366978995,2670
2706,273.7711516635975,-273.7711516635975,2671
2707,273.86676358954264,-273.86676358954264,2672
2708,273.9109561795487,-273.9109561795487,2673
2709,273.96911328446004,-273.96911328446004,2674
2710,274.02619005662814,-274.02619005662814,2675
2711,274.08124578988736,-274.08124578988736,2676
2712,274.1103634201763,-274.1103634201763,2677
2713,274.12705517530327,-274.12705517530327,2678
2714,274.14013524725596,-274.14013524725596,2679
2715,274.15268216892,-274.15268216892,2680
2716,274.16578675377446,-274.16578675377446,2681
2717,274.17790130420343,-274.17790130420343,2682
2718,274.18962374195047,-274.18962374195047,2683
2719,274.20251947041334,-274.20251947041334,2684
2720,274.21010480171515,-274.21010480171515,2685
2721,274.21608543748994,-274.21608543748994,2686
2722,274.41346204043464,-274.41346204043464,2687
2723,275.0487936530121,-275.0487936530121,2688
2724,275.5296954965276,-275.5296954965276,2689
2725,275.601571884011,-275.601571884011,2690
2726,275.57530856715266,-275.57530856715266,2691
2727,275.5464171802876,-275.5464171802876,2692
2728,275.5391789099838,-275.5391789099838,2693
2729,275.5324020990642,-275.5324020990642,2694
2730,275.5317460567587,-275.5317460567587,2695
2731,275.5441675572817,-275.5441675572817,2696
2732,275.5819493603857,-275.5819493603857,2697
2733,275.6155623530008,-275.6155623530008,2698
2734,275.662711741415,-275.662711741415,2699
2735,275.71879713889086,-275.71879713889086,2700
2736,275.7744123643932,-275.7744123643932,2701
2737,275.817580711939,-275.817580711939,2702
2738,275.8425807369677,-275.8425807369677,2703
2739,275.8561902690747,-275.8561902690747,2704
2740,275.868794452511,-275.868794452511,2705
2741,275.88087058135227,-275.88087058135227,2706
2742,275.89719866006334,-275.89719866006334,2707
2743,275.9130823157107,-275.9130823157107,2708
2744,275.9103225893263,-275.9103225893263,2709
2745,275.900124134749,-275.900124134749,2710
2746,275.87250443445487,-275.87250443445487,2711
2747,275.84103325843665,-275.84103325843665,2712
2748,275.8045756479245,-275.8045756479245,2713
2749,275.7711552895856,-275.7711552895856,2714
2750,275.7482900722875,-275.7482900722875,2715
2751,275.72690147819327,-275.72690147819327,2716
2752,275.7147106759219,-275.7147106759219,2717
2753,275.7100601021313,-275.7100601021313,2718
2754,275.70760211547275,-275.70760211547275,2719
2755,275.77515275738506,-275.77515275738506,2720
2756,275.83489438349665,-275.83489438349665,2721
2757,275.8587176800903,-275.8587176800903,2722
2758,275.89649720545196,-275.89649720545196,2723
2759,275.9498581677272,-275.9498581677272,2724
2760,275.9918611720985,-275.9918611720985,2725
2761,276.01577777160657,-276.01577777160657,2726
2762,276.0319483608657,-276.0319483608657,2727
2763,276.0471008204834,-276.0471008204834,2728
2764,276.0602011339188,-276.0602011339188,2729
2765,276.07179093589394,-276.07179093589394,2730
2766,276.0845959667657,-276.0845959667657,2731
2767,276.08578505922964,-276.08578505922964,2732
2768,276.101951334495,-276.101951334495,2733
2769,276.15901989493375,-276.15901989493375,2734
2770,276.14297670043453,-276.14297670043453,2735
2771,276.12600266255424,-276.12600266255424,2736
2772,276.1078289908768,-276.1078289908768,2737
2773,276.0757947054413,-276.0757947054413,2738
2774,276.05386949413105,-276.05386949413105,2739
2775,276.03541721847205,-276.03541721847205,2740
2776,276.023091510389,-276.023091510389,2741
2777,276.01477761503384,-276.01477761503384,2742
2778,276.036850909567,-276.036850909567,2743
2779,276.11884762113993,-276.11884762113993,2744
2780,276.14641347767747,-276.14641347767747,2745
2781,276.1873789801329,-276.1873789801329,2746
2782,276.2412723835031,-276.2412723835031,2747
2783,276.28380465975755,-276.28380465975755,2748
2784,276.31395031408294,-276.31395031408294,2749
2785,276.3290701428189,-276.3290701428189,2750
2786,276.3468005031766,-276.3468005031766,2751
2787,276.364543329707,-276.364543329707,2752
2788,276.38086448841074,-276.38086448841074,2753
2789,276.39392824369423,-276.39392824369423,2754
2790,276.40502829040975,-276.40502829040975,2755
2791,276.41662597039885,-276.41662597039885,2756
2792,276.41240159554326,-276.41240159554326,2757
2793,276.4037070608165,-276.4037070608165,2758
2794,276.392207335406,-276.392207335406,2759
2795,276.38362524858024,-276.38362524858024,2760
2796,277.00268237892396,-277.00268237892396,2761
2797,277.7625960797309,-277.7625960797309,2762
2798,278.1904643894512,-278.1904643894512,2763
2799,278.2571792148386,-278.2571792148386,2764
2800,278.2504889802407,-278.2504889802407,2765
2801,278.2480631752564,-278.2480631752564,2766
2802,278.2490956095689,-278.2490956095689,2767
2803,278.27925017143235,-278.27925017143235,2768
2804,278.30359117214516,-278.30359117214516,2769
2805,278.367872099228,-278.367872099228,2770
2806,278.4244186452904,-278.4244186452904,2771
2807,278.47324382471476,-278.47324382471476,2772
2808,278.51588378808015,-278.51588378808015,2773
2809,278.52735946778233,-278.52735946778233,2774
2810,278.54402772588116,-278.54402772588116,2775
2811,278.5565728947249,-278.5565728947249,2776
2812,278.5738281847168,-278.5738281847168,2777
2813,278.5885193635056,-278.5885193635056,2778
2814,278.60333649072317,-278.60333649072317,2779
2815,278.63729614111327,-278.63729614111327,2780
2816,278.6432060173095,-278.6432060173095,2781
2817,278.64100519979,-278.64100519979,2782
2818,278.6183201879108,-278.6183201879108,2783
2819,278.58727803481463,-278.58727803481463,2784
2820,278.5536745913102,-278.5536745913102,2785
2821,278.5271211481242,-278.5271211481242,2786
2822,278.5021799081047,-278.5021799081047,2787
2823,278.47621328434366,-278.47621328434366,2788
2824,278.46285850567233,-278.46285850567233,2789
2825,278.4567716276924,-278.4567716276924,2790
2826,278.4589785867882,-278.4589785867882,2791
2827,278.5000352026664,-278.5000352026664,2792
2828,278.54453908825064,-278.54453908825064,2793
2829,278.5745391470604,-278.5745391470604,2794
2830,278.6694538506733,-278.6694538506733,2795
2831,278.7312180167848,-278.7312180167848,2796
2832,278.78269909899734,-278.78269909899734,2797
2833,278.80353849173235,-278.80353849173235,2798
2834,278.8213368204028,-278.8213368204028,2799
2835,278.83547973541823,-278.83547973541823,2800
2836,278.85017125361065,-278.85017125361065,2801
2837,278.8612585522734,-278.8612585522734,2802
2838,278.8759536084603,-278.8759536084603,2803
2839,278.88825705327986,-278.88825705327986,2804
2840,278.88496349045164,-278.88496349045164,2805
2841,279.3450894936367,-279.3450894936367,2806
2842,279.3350542229079,-279.3350542229079,2807
2843,279.3140123767719,-279.3140123767719,2808
2844,279.29274019475076,-279.29274019475076,2809
2845,279.2884932394592,-279.2884932394592,2810
2846,279.2757125436969,-279.2757125436969,2811
2847,279.2571924858279,-279.2571924858279,2812
2848,279.25250615554484,-279.25250615554484,2813
2849,279.25223342625407,-279.25223342625407,2814
2850,279.2510286127284,-279.2510286127284,2815
2851,279.28535204097136,-279.28535204097136,2816
2852,279.3169651436082,-279.3169651436082,2817
2853,279.3483782228229,-279.3483782228229,2818
2854,279.3975536967087,-279.3975536967087,2819
2855,279.4514815539673,-279.4514815539673,2820
2856,279.4914993218823,-279.4914993218823,2821
2857,279.5154449336207,-279.5154449336207,2822
2858,279.53109181101064,-279.53109181101064,2823
2859,279.5452136372618,-279.5452136372618,2824
2860,279.5604645561161,-279.5604645561161,2825
2861,279.5729647738675,-279.5729647738675,2826
2862,279.5859971078919,-279.5859971078919,2827
2863,279.6001295247928,-279.6001295247928,2828
2864,279.6006330966135,-279.6006330966135,2829
2865,279.60875934018463,-279.60875934018463,2830
2866,279.60624564794585,-279.60624564794585,2831
2867,279.5968725473906,-279.5968725473906,2832
2868,279.58299891495915,-279.58299891495915,2833
2869,279.55220576436545,-279.55220576436545,2834
2870,279.528971412437,-279.528971412437,2835
2871,279.50262701211176,-279.50262701211176,2836
2872,279.4905555409579,-279.4905555409579,2837
2873,279.4852424233182,-279.4852424233182,2838
2874,279.48806499333205,-279.48806499333205,2839
2875,279.52083248067527,-279.52083248067527,2840
2876,279.59507724029726,-279.59507724029726,2841
2877,279.6365188795268,-279.6365188795268,2842
2878,279.67068337070714,-279.67068337070714,2843
2879,279.721010671033,-279.721010671033,2844
2880,279.76154095253474,-279.76154095253474,2845
2881,279.8000271470312,-279.8000271470312,2846
2882,279.8182752255986,-279.8182752255986,2847
2883,279.8292835508008,-279.8292835508008,2848
2884,279.8460494010087,-279.8460494010087,2849
2885,279.8597643325584,-279.8597643325584,2850
2886,279.8745706041158,-279.8745706041158,2851
2887,279.90231877562553,-279.90231877562553,2852
2888,279.90208746307775,-279.90208746307775,2853
2889,279.8952828929661,-279.8952828929661,2854
2890,279.874703668757,-279.874703668757,2855
2891,279.8495359992439,-279.8495359992439,2856
2892,279.81801541931327,-279.81801541931327,2857
2893,279.81549243181666,-279.81549243181666,2858
2894,279.7831983145482,-279.7831983145482,2859
2895,279.7557563148436,-279.7557563148436,2860
2896,279.7627500087523,-279.7627500087523,2861
2897,279.7598266456398,-279.7598266456398,2862
2898,279.76228374643824,-279.76228374643824,2863
2899,279.83173747270826,-279.83173747270826,2864
2900,279.87172647379873,-279.87172647379873,2865
2901,279.9262159710193,-279.9262159710193,2866
2902,279.981681183946,-279.981681183946,2867
2903,280.0262793142507,-280.0262793142507,2868
2904,280.07454283534344,-280.07454283534344,2869
2905,280.10420383340687,-280.10420383340687,2870
2906,280.1204049160619,-280.1204049160619,2871
2907,280.1381754528933,-280.1381754528933,2872
2908,280.1559838663812,-280.1559838663812,2873
2909,280.1670715344291,-280.1670715344291,2874
2910,280.1803301773668,-280.1803301773668,2875
2911,280.197812329948,-280.197812329948,2876
2912,280.20001990753593,-280.20001990753593,2877
2913,280.1932595514317,-280.1932595514317,2878
2914,280.46415809776124,-280.46415809776124,2879
2915,281.1338393481034,-281.1338393481034,2880
2916,281.1121916376261,-281.1121916376261,2881
2917,281.4971118762482,-281.4971118762482,2882
2918,281.51108918682615,-281.51108918682615,2883
2919,281.4875625982974,-281.4875625982974,2884
2920,281.48048032721493,-281.48048032721493,2885
2921,281.4764152848528,-281.4764152848528,2886
2922,281.4812064565202,-281.4812064565202,2887
2923,281.5206716059988,-281.5206716059988,2888
2924,281.5667983020464,-281.5667983020464,2889
2925,281.60148894175063,-281.60148894175063,2890
2926,281.6481431032007,-281.6481431032007,2891
2927,281.70674725625065,-281.70674725625065,2892
2928,281.7415466272669,-281.7415466272669,2893
2929,281.76081866550624,-281.76081866550624,2894
2930,281.77853212503715,-281.77853212503715,2895
2931,281.79267668535897,-281.79267668535897,2896
2932,281.81050402682615,-281.81050402682615,2897
2933,281.82374395292715,-281.82374395292715,2898
2934,281.83999827894974,-281.83999827894974,2899
2935,281.85865103206515,-281.85865103206515,2900
2936,281.96841442267396,-281.96841442267396,2901
2937,282.2096968639362,-282.2096968639362,2902
2938,282.93366669002637,-282.93366669002637,2903
2939,283.03036091393363,-283.03036091393363,2904
2940,283.02712405475074,-283.02712405475074,2905
2941,283.00626701709695,-283.00626701709695,2906
2942,282.99124429274633,-282.99124429274633,2907
2943,282.9771257165237,-282.9771257165237,2908
2944,282.9957023035482,-282.9957023035482,2909
2945,282.9981630073158,-282.9981630073158,2910
2946,283.007926213634,-283.007926213634,2911
2947,283.041147727204,-283.041147727204,2912
2948,283.0754022280592,-283.0754022280592,2913
2949,283.1085386242102,-283.1085386242102,2914
2950,283.1530763741451,-283.1530763741451,2915
2951,283.1961686262263,-283.1961686262263,2916
2952,283.2361948958349,-283.2361948958349,2917
2953,283.26169539919056,-283.26169539919056,2918
2954,283.2804597111916,-283.2804597111916,2919
2955,283.29573761367783,-283.29573761367783,2920
2956,283.30931460387296,-283.30931460387296,2921
2957,283.3246865197863,-283.3246865197863,2922
2958,283.3379363946093,-283.3379363946093,2923
2959,283.3410756454729,-283.3410756454729,2924
2960,283.3415568134508,-283.3415568134508,2925
2961,283.34111682000616,-283.34111682000616,2926
2962,283.3184304653424,-283.3184304653424,2927
2963,283.29121987432234,-283.29121987432234,2928
2964,283.2554190532959,-283.2554190532959,2929
2965,283.2249508198782,-283.2249508198782,2930
2966,283.20382420928166,-283.20382420928166,2931
2967,283.188192465186,-283.188192465186,2932
2968,283.1857934289669,-283.1857934289669,2933
2969,283.1899456087267,-283.1899456087267,2934
2970,283.1969572187471,-283.1969572187471,2935
2971,283.2302259927955,-283.2302259927955,2936
2972,283.2593023531126,-283.2593023531126,2937
2973,283.3096080915542,-283.3096080915542,2938
2974,283.3651007603455,-283.3651007603455,2939
2975,283.4393086083201,-283.4393086083201,2940
2976,283.4928078043535,-283.4928078043535,2941
2977,283.5203771410238,-283.5203771410238,2942
2978,283.53397130909707,-283.53397130909707,2943
2979,283.5481318117793,-283.5481318117793,2944
2980,283.5623691958972,-283.5623691958972,2945
2981,283.57771163767256,-283.57771163767256,2946
2982,283.5894614975123,-283.5894614975123,2947
2983,283.60534277814617,-283.60534277814617,2948
2984,283.6718022677575,-283.6718022677575,2949
2985,283.7414126292692,-283.7414126292692,2950
2986,283.8188195380221,-283.8188195380221,2951
2987,284.84267358248275,-284.84267358248275,2952
2988,285.2783779997022,-285.2783779997022,2953
2989,285.3941836382778,-285.3941836382778,2954
2990,285.4770272587312,-285.4770272587312,2955
2991,285.69133347989856,-285.69133347989856,2956
2992,286.4630585084841,-286.4630585084841,2957
2993,286.9309025248689,-286.9309025248689,2958
2994,286.98107814895604,-286.98107814895604,2959
2995,287.01489768809944,-287.01489768809944,2960
2996,287.0465146022086,-287.0465146022086,2961
2997,287.0681798456882,-287.0681798456882,2962
2998,287.10329254351626,-287.10329254351626,2963
2999,287.1499321997419,-287.1499321997419,2964
3000,287.192534396575,-287.192534396575,2965
3001,287.2201252871543,-287.2201252871543,2966
3002,287.2342221018715,-287.2342221018715,2967
3003,287.2515157410811,-287.2515157410811,2968
3004,287.2652036534643,-287.2652036534643,2969
3005,287.2779560082753,-287.2779560082753,2970
3006,287.29678546056226,-287.29678546056226,2971
3007,287.3270752743365,-287.3270752743365,2972
3008,287.3296148582578,-287.3296148582578,2973
3009,287.409637275527,-287.409637275527,2974
3010,287.4013638369195,-287.4013638369195,2975
3011,287.65177640575854,-287.65177640575854,2976
3012,287.6427476648651,-287.6427476648651,2977
3013,287.64549186239145,-287.64549186239145,2978
3014,287.6841060475439,-287.6841060475439,2979
3015,287.6796891105315,-287.6796891105315,2980
3016,288.03230271974616,-288.03230271974616,2981
3017,288.28836448253554,-288.28836448253554,2982
3018,288.3159239277459,-288.3159239277459,2983
3019,288.3575272681657,-288.3575272681657,2984
3020,288.4100273275925,-288.4100273275925,2985
3021,288.448414758843,-288.448414758843,2986
3022,288.4966248124831,-288.4966248124831,2987
3023,288.5474568110757,-288.5474568110757,2988
3024,288.5874592482681,-288.5874592482681,2989
3025,288.6114134701379,-288.6114134701379,2990
3026,288.62713542949746,-288.62713542949746,2991
3027,288.64131057185074,-288.64131057185074,2992
3028,288.6551643577957,-288.6551643577957,2993
3029,288.66736114244156,-288.66736114244156,2994
3030,288.6809420572549,-288.6809420572549,2995
3031,289.36034597201626,-289.36034597201626,2996
3032,289.8322171239189,-289.8322171239189,2997
3033,289.8782098458649,-289.8782098458649,2998
3034,289.89874864698606,-289.89874864698606,2999
3035,289.90173780118425,-289.90173780118425,3000
3036,289.90315741263737,-289.90315741263737,3001
3037,289.9002863583869,-289.9002863583869,3002
3038,289.8999576185385,-289.8999576185385,3003
3039,289.89382124157845,-289.89382124157845,3004
3040,289.8846894660043,-289.8846894660043,3005
3041,289.88043718243176,-289.88043718243176,3006
3042,289.8804169186519,-289.8804169186519,3007
3043,289.9130974936925,-289.9130974936925,3008
3044,289.98731822270753,-289.98731822270753,3009
3045,290.0287681627894,-290.0287681627894,3010
3046,290.0629437127729,-290.0629437127729,3011
3047,290.11327101309877,-290.11327101309877,3012
3048,290.15172463571884,-290.15172463571884,3013
3049,290.19540245254416,-290.19540245254416,3014
3050,290.2273584468957,-290.2273584468957,3015
3051,290.2428965098651,-290.2428965098651,3016
3052,290.2564119780217,-290.2564119780217,3017
3053,290.2688135578462,-290.2688135578462,3018
3054,290.27818182214156,-290.27818182214156,3019
3055,290.29398866904484,-290.29398866904484,3020
3056,290.29390008319245,-290.29390008319245,3021
3057,290.29634689149896,-290.29634689149896,3022
3058,290.2839554443516,-290.2839554443516,3023
3059,290.25458438202395,-290.25458438202395,3024
3060,290.2176342839968,-290.2176342839968,3025
3061,290.2031406623922,-290.2031406623922,3026
3062,290.4449470005313,-290.4449470005313,3027
3063,290.4207713079012,-290.4207713079012,3028
3064,290.4175089115723,-290.4175089115723,3029
3065,290.4132464304504,-290.4132464304504,3030
3066,290.4125680667709,-290.4125680667709,3031
3067,290.439965392207,-290.439965392207,3032
3068,290.4664638302263,-290.4664638302263,3033
3069,290.5635441662407,-290.5635441662407,3034
3070,290.5961786841448,-290.5961786841448,3035
3071,290.62156634710425,-290.62156634710425,3036
3072,290.6459109629346,-290.6459109629346,3037
3073,290.6589067852966,-290.6589067852966,3038
3074,290.6714540782971,-290.6714540782971,3039
3075,290.69080481038833,-290.69080481038833,3040
3076,290.7055897878794,-290.7055897878794,3041
3077,290.71891104966943,-290.71891104966943,3042
3078,290.7297082169321,-290.7297082169321,3043
3079,290.7370508993812,-290.7370508993812,3044
3080,290.7330392660357,-290.7330392660357,3045
3081,290.728134197439,-290.728134197439,3046
3082,290.7155613017706,-290.7155613017706,3047
3083,290.708203032372,-290.708203032372,3048
3084,290.7006228042525,-290.7006228042525,3049
3085,290.68026838068977,-290.68026838068977,3050
3086,290.66783828242484,-290.66783828242484,3051
3087,290.66714649263923,-290.66714649263923,3052
3088,290.7110256546521,-290.7110256546521,3053
3089,290.7080343908759,-290.7080343908759,3054
3090,290.7098841120527,-290.7098841120527,3055
3091,290.7534310977458,-290.7534310977458,3056
3092,290.82951152671995,-290.82951152671995,3057
3093,290.86948122686846,-290.86948122686846,3058
3094,290.9203864534944,-290.9203864534944,3059
3095,290.9739033270719,-290.9739033270719,3060
3096,291.03992124723385,-291.03992124723385,3061
3097,291.0545269498118,-291.0545269498118,3062
3098,291.0670730871935,-291.0670730871935,3063
3099,291.0848282233455,-291.0848282233455,3064
3100,291.1005544426275,-291.1005544426275,3065
3101,291.11373346032815,-291.11373346032815,3066
3102,291.12731348256875,-291.12731348256875,3067
3103,291.1271413780397,-291.1271413780397,3068
3104,291.12938666260965,-291.12938666260965,3069
3105,291.1277726800455,-291.1277726800455,3070
3106,291.11278737239604,-291.11278737239604,3071
3107,291.09725507034085,-291.09725507034085,3072
3108,291.0997957347,-291.0997957347,3073
3109,291.0966058767694,-291.0966058767694,3074
3110,291.0935801021878,-291.0935801021878,3075
3111,291.09123632301277,-291.09123632301277,3076
3112,291.08868720587594,-291.08868720587594,3077
3113,291.0907128328213,-291.0907128328213,3078
3114,291.09459400197994,-291.09459400197994,3079
3115,291.13398027862297,-291.13398027862297,3080
3116,291.1744414155379,-291.1744414155379,3081
3117,291.22418822311283,-291.22418822311283,3082
3118,291.28427518114444,-291.28427518114444,3083
3119,291.3459492032289,-291.3459492032289,3084
3120,291.40002019444904,-291.40002019444904,3085
3121,291.41774861409226,-291.41774861409226,3086
3122,291.435476290372,-291.435476290372,3087
3123,291.44963420139084,-291.44963420139084,3088
3124,291.46175386563766,-291.46175386563766,3089
3125,291.4765719200644,-291.4765719200644,3090
3126,291.4877237971264,-291.4877237971264,3091
3127,291.48658016695845,-291.48658016695845,3092
3128,291.4865695114089,-291.4865695114089,3093
3129,291.48045131354263,-291.48045131354263,3094
3130,291.80262588656603,-291.80262588656603,3095
3131,292.3953335314187,-292.3953335314187,3096
3132,292.74839593547375,-292.74839593547375,3097
3133,292.7340819380016,-292.7340819380016,3098
3134,292.720046523341,-292.720046523341,3099
3135,292.71362842918126,-292.71362842918126,3100
3136,292.73392234324166,-292.73392234324166,3101
3137,292.7431558357478,-292.7431558357478,3102
3138,292.82368280663286,-292.82368280663286,3103
3139,292.9124913524653,-292.9124913524653,3104
3140,292.95135014571576,-292.95135014571576,3105
3141,292.99378757502603,-292.99378757502603,3106
3142,293.0772237844,-293.0772237844,3107
3143,293.1607360831645,-293.1607360831645,3108
3144,293.2090767589251,-293.2090767589251,3109
3145,293.23613149252293,-293.23613149252293,3110
3146,293.25076049913105,-293.25076049913105,3111
3147,293.26647713432794,-293.26647713432794,3112
3148,293.2827281503134,-293.2827281503134,3113
3149,293.29735348140326,-293.29735348140326,3114
3150,293.3115953062463,-293.3115953062463,3115
3151,293.3134999575162,-293.3134999575162,3116
3152,293.32692921794603,-293.32692921794603,3117
3153,293.32241099322107,-293.32241099322107,3118
3154,293.30794174114294,-293.30794174114294,3119
3155,293.2821965514763,-293.2821965514763,3120
3156,293.25589230975424,-293.25589230975424,3121
3157,293.25506810253756,-293.25506810253756,3122
3158,293.2439139948645,-293.2439139948645,3123
3159,293.2342440940815,-293.2342440940815,3124
3160,293.2225216430368,-293.2225216430368,3125
3161,293.22107008658236,-293.22107008658236,3126
3162,293.2181494233302,-293.2181494233302,3127
3163,293.2415698669562,-293.2415698669562,3128
3164,293.27577042807013,-293.27577042807013,3129
3165,293.32847395618717,-293.32847395618717,3130
3166,293.3765436627718,-293.3765436627718,3131
3167,293.5083513763372,-293.5083513763372,3132
3168,293.5504326429577,-293.5504326429577,3133
3169,293.5821691664895,-293.5821691664895,3134
3170,293.5973030249758,-293.5973030249758,3135
3171,293.61150184762613,-293.61150184762613,3136
3172,293.627306249609,-293.627306249609,3137
3173,293.639703814357,-293.639703814357,3138
3174,293.6525358802324,-293.6525358802324,3139
3175,293.66626285457124,-293.66626285457124,3140
3176,293.66471829880754,-293.66471829880754,3141
3177,293.65350879245074,-293.65350879245074,3142
3178,293.9647913637383,-293.9647913637383,3143
3179,294.4067011001059,-294.4067011001059,3144
3180,294.8886900423663,-294.8886900423663,3145
3181,295.3926629137342,-295.3926629137342,3146
3182,295.6954299140348,-295.6954299140348,3147
3183,295.67738073868077,-295.67738073868077,3148
3184,295.6645826488133,-295.6645826488133,3149
3185,295.6570642085468,-295.6570642085468,3150
3186,295.71219689689116,-295.71219689689116,3151
3187,295.7428780553839,-295.7428780553839,3152
3188,295.7672573123522,-295.7672573123522,3153
3189,295.79197759034673,-295.79197759034673,3154
3190,295.82431496708165,-295.82431496708165,3155
3191,295.8715112976239,-295.8715112976239,3156
3192,295.9047466439308,-295.9047466439308,3157
3193,295.9292181698475,-295.9292181698475,3158
3194,295.94434640515556,-295.94434640515556,3159
3195,295.9621013970653,-295.9621013970653,3160
3196,295.9762615469148,-295.9762615469148,3161
3197,295.99182194460593,-295.99182194460593,3162
3198,296.0108155849472,-296.0108155849472,3163
3199,296.0294669480997,-296.0294669480997,3164
3200,296.03168107621605,-296.03168107621605,3165
3201,296.0204226433486,-296.0204226433486,3166
3202,295.9928268364824,-295.9928268364824,3167
3203,295.9572458068546,-295.9572458068546,3168
3204,295.9206955663087,-295.9206955663087,3169
3205,295.91685493663175,-295.91685493663175,3170
3206,295.897497035109,-295.897497035109,3171
3207,295.88296045204623,-295.88296045204623,3172
3208,295.8838904489982,-295.8838904489982,3173
3209,295.88458944348616,-295.88458944348616,3174
3210,295.9086548303084,-295.9086548303084,3175
3211,295.96428069029486,-295.96428069029486,3176
3212,296.0084584638104,-296.0084584638104,3177
3213,296.05152296417873,-296.05152296417873,3178
3214,296.13401029473937,-296.13401029473937,3179
3215,296.2098020521948,-296.2098020521948,3180
3216,296.2544898408063,-296.2544898408063,3181
3217,296.2986891256518,-296.2986891256518,3182
3218,296.33042151488826,-296.33042151488826,3183
3219,296.34454731061004,-296.34454731061004,3184
3220,296.358691177184,-296.358691177184,3185
3221,296.3739403068421,-296.3739403068421,3186
3222,296.3893442459022,-296.3893442459022,3187
3223,296.39029209186685,-296.39029209186685,3188
3224,296.4073830250163,-296.4073830250163,3189
3225,296.4058453270883,-296.4058453270883,3190
3226,296.40297021620364,-296.40297021620364,3191
3227,296.44589253470974,-296.44589253470974,3192
3228,296.44488167938147,-296.44488167938147,3193
3229,296.4371248090084,-296.4371248090084,3194
3230,296.42369033977286,-296.42369033977286,3195
3231,296.41086656842083,-296.41086656842083,3196
3232,296.4061369739578,-296.4061369739578,3197
3233,296.4087460010774,-296.4087460010774,3198
3234,296.4290729527426,-296.4290729527426,3199
3235,296.48361408063033,-296.48361408063033,3200
3236,296.5162793236837,-296.5162793236837,3201
3237,296.57006717205405,-296.57006717205405,3202
3238,296.6597152248639,-296.6597152248639,3203
3239,296.7037738862169,-296.7037738862169,3204
3240,296.74525078564255,-296.74525078564255,3205
3241,296.7852415521594,-296.7852415521594,3206
3242,296.8128624448654,-296.8128624448654,3207
3243,296.82447447929565,-296.82447447929565,3208
3244,296.8397422758363,-296.8397422758363,3209
3245,296.85199465706955,-296.85199465706955,3210
3246,296.8678729888052,-296.8678729888052,3211
3247,296.8691183689883,-296.8691183689883,3212
3248,296.868029596277,-296.868029596277,3213
3249,296.8628461864968,-296.8628461864968,3214
3250,296.84224125688354,-296.84224125688354,3215
3251,296.81792449522834,-296.81792449522834,3216
3252,296.7955036277542,-296.7955036277542,3217
3253,296.77065909151946,-296.77065909151946,3218
3254,296.75395689468724,-296.75395689468724,3219
3255,296.7433059964797,-296.7433059964797,3220
3256,296.7269479879365,-296.7269479879365,3221
3257,296.72917069774223,-296.72917069774223,3222
3258,296.73142655345123,-296.73142655345123,3223
3259,296.76313596998216,-296.76313596998216,3224
3260,296.79988259929974,-296.79988259929974,3225
3261,296.83551056572594,-296.83551056572594,3226
3262,296.8717921152274,-296.8717921152274,3227
3263,296.9345570626009,-296.9345570626009,3228
3264,296.97864482847706,-296.97864482847706,3229
3265,296.99217754130893,-296.99217754130893,3230
3266,297.0083622626277,-297.0083622626277,3231
3267,297.0224683024742,-297.0224683024742,3232
3268,297.0386752482827,-297.0386752482827,3233
3269,297.05599638671475,-297.05599638671475,3234
3270,297.06922558351494,-297.06922558351494,3235
3271,297.09343338571347,-297.09343338571347,3236
3272,297.0977489839534,-297.0977489839534,3237
3273,297.0933752987167,-297.0933752987167,3238
3274,297.0730800527261,-297.0730800527261,3239
3275,297.05854195648203,-297.05854195648203,3240
3276,297.0246333747284,-297.0246333747284,3241
3277,296.9892043517698,-296.9892043517698,3242
3278,296.9561040281143,-296.9561040281143,3243
3279,296.92889851265176,-296.92889851265176,3244
3280,296.91994018647836,-296.91994018647836,3245
3281,296.9155355803016,-296.9155355803016,3246
3282,296.91779095849074,-296.91779095849074,3247
3283,296.95469055033016,-296.95469055033016,3248
3284,297.01023864346814,-297.01023864346814,3249
3285,297.0678064447366,-297.0678064447366,3250
3286,297.1154277129175,-297.1154277129175,3251
3287,297.1751051726975,-297.1751051726975,3252
3288,297.19803043386537,-297.19803043386537,3253
3289,297.2110796665498,-297.2110796665498,3254
3290,297.2272652354497,-297.2272652354497,3255
3291,297.2409029712892,-297.2409029712892,3256
3292,297.2566730162801,-297.2566730162801,3257
3293,297.27145388997207,-297.27145388997207,3258
3294,297.28383829489815,-297.28383829489815,3259
3295,297.2840925930754,-297.2840925930754,3260
3296,297.31081212293424,-297.31081212293424,3261
3297,297.3085605353307,-297.3085605353307,3262
3298,297.2915237418721,-297.2915237418721,3263
3299,297.2742877350609,-297.2742877350609,3264
3300,297.2522711439173,-297.2522711439173,3265
3301,297.2287189282216,-297.2287189282216,3266
3302,297.1973520052934,-297.1973520052934,3267
3303,297.1794758651364,-297.1794758651364,3268
3304,297.25538689864163,-297.25538689864163,3269
3305,297.2718659283691,-297.2718659283691,3270
3306,297.30241416159026,-297.30241416159026,3271
3307,297.3609890596006,-297.3609890596006,3272
3308,297.44758313910154,-297.44758313910154,3273
3309,297.49835567153383,-297.49835567153383,3274
3310,297.55224795619876,-297.55224795619876,3275
3311,297.62342337321684,-297.62342337321684,3276
3312,297.67178451299753,-297.67178451299753,3277
3313,297.69884913994485,-297.69884913994485,3278
3314,297.71349048066406,-297.71349048066406,3279
3315,297.7292750068236,-297.7292750068236,3280
3316,297.74558709811686,-297.74558709811686,3281
3317,297.7589092419305,-297.7589092419305,3282
3318,297.76954203659034,-297.76954203659034,3283
3319,297.7826624437646,-297.7826624437646,3284
3320,297.8237773725574,-297.8237773725574,3285
3321,297.83857635000135,-297.83857635000135,3286
3322,297.82896675649334,-297.82896675649334,3287
3323,297.80743537842835,-297.80743537842835,3288
3324,297.77426076746,-297.77426076746,3289
3325,297.7396928609286,-297.7396928609286,3290
3326,297.7118085648906,-297.7118085648906,3291
3327,297.69210911860574,-297.69210911860574,3292
3328,297.6782003344471,-297.6782003344471,3293
3329,297.6747936452342,-297.6747936452342,3294
3330,297.6741838346225,-297.6741838346225,3295
3331,297.6974022751017,-297.6974022751017,3296
3332,297.7316115080144,-297.7316115080144,3297
3333,297.7844361384091,-297.7844361384091,3298
3334,297.83254923805805,-297.83254923805805,3299
3335,297.9643569516235,-297.9643569516235,3300
3336,298.0318771738617,-298.0318771738617,3301
3337,298.0739969337284,-298.0739969337284,3302
3338,298.0979434689012,-298.0979434689012,3303
3339,298.1136807371889,-298.1136807371889,3304
3340,298.1304894678254,-298.1304894678254,3305
3341,298.1443279971953,-298.1443279971953,3306
3342,298.161247255875,-298.161247255875,3307
3343,298.1728221329248,-298.1728221329248,3308
3344,298.17016907049293,-298.17016907049293,3309
3345,298.1596286527923,-298.1596286527923,3310
3346,298.1370729820562,-298.1370729820562,3311
3347,298.10464653637854,-298.10464653637854,3312
3348,298.0675248846565,-298.0675248846565,3313
3349,298.036717495598,-298.036717495598,3314
3350,298.00086355087603,-298.00086355087603,3315
3351,297.969954429875,-297.969954429875,3316
3352,297.95399248396484,-297.95399248396484,3317
3353,297.94565036992657,-297.94565036992657,3318
3354,297.9888183567256,-297.9888183567256,3319
3355,298.0231756481381,-298.0231756481381,3320
3356,298.0522538920514,-298.0522538920514,3321
3357,298.0816757559985,-298.0816757559985,3322
3358,298.11710241745203,-298.11710241745203,3323
3359,298.16575732458995,-298.16575732458995,3324
3360,298.2108864339062,-298.2108864339062,3325
3361,298.24882956065784,-298.24882956065784,3326
3362,298.26446872866165,-298.26446872866165,3327
3363,298.27702611789476,-298.27702611789476,3328
3364,298.2922138722033,-298.2922138722033,3329
3365,298.3043698981477,-298.3043698981477,3330
3366,298.3213600130273,-298.3213600130273,3331
3367,298.3229889964748,-298.3229889964748,3332
3368,298.3186799835077,-298.3186799835077,3333
3369,298.3092877386881,-298.3092877386881,3334
3370,298.79014787184053,-298.79014787184053,3335
3371,298.80266316416373,-298.80266316416373,3336
3372,298.76505236074047,-298.76505236074047,3337
3373,298.7341008328055,-298.7341008328055,3338
3374,298.72963162584557,-298.72963162584557,3339
3375,298.74911804928286,-298.74911804928286,3340
3376,298.74761933126246,-298.74761933126246,3341
3377,298.75082074336575,-298.75082074336575,3342
3378,298.76542640651917,-298.76542640651917,3343
3379,298.79820673501945,-298.79820673501945,3344
3380,298.83979445478303,-298.83979445478303,3345
3381,298.87247341157956,-298.87247341157956,3346
3382,298.9191127599289,-298.9191127599289,3347
3383,298.9756326862561,-298.9756326862561,3348
3384,299.0197462436831,-299.0197462436831,3349
3385,299.0603190126623,-299.0603190126623,3350
3386,299.0791057171247,-299.0791057171247,3351
3387,299.09686241231265,-299.09686241231265,3352
3388,299.11049365831497,-299.11049365831497,3353
3389,299.127359158902,-299.127359158902,3354
3390,299.14402895836173,-299.14402895836173,3355
3391,299.18055364440244,-299.18055364440244,3356
3392,300.01577965900066,-300.01577965900066,3357
3393,300.80675640826416,-300.80675640826416,3358
3394,300.88598806068694,-300.88598806068694,3359
3395,300.8524963667746,-300.8524963667746,3360
3396,300.81347271991046,-300.81347271991046,3361
3397,300.7839442186873,-300.7839442186873,3362
3398,300.7443274517032,-300.7443274517032,3363
3399,300.71325691987573,-300.71325691987573,3364
3400,300.69555995922275,-300.69555995922275,3365
3401,300.688199842349,-300.688199842349,3366
3402,300.68528578844945,-300.68528578844945,3367
3403,300.71283079590415,-300.71283079590415,3368
3404,300.73363174428295,-300.73363174428295,3369
3405,300.75795884289045,-300.75795884289045,3370
3406,300.78537309447273,-300.78537309447273,3371
3407,300.8273568232354,-300.8273568232354,3372
3408,300.8590023724883,-300.8590023724883,3373
3409,300.8891703232037,-300.8891703232037,3374
3410,300.90796120956446,-300.90796120956446,3375
3411,300.92692523012323,-300.92692523012323,3376
3412,300.9476540048044,-300.9476540048044,3377
3413,300.9607651439024,-300.9607651439024,3378
3414,300.9736928982493,-300.9736928982493,3379
3415,300.97119085932553,-300.97119085932553,3380
3416,300.969034294824,-300.969034294824,3381
3417,300.97027789389864,-300.97027789389864,3382
3418,300.94739166284313,-300.94739166284313,3383
3419,300.92184984742744,-300.92184984742744,3384
3420,300.8922923299436,-300.8922923299436,3385
3421,300.8546173509795,-300.8546173509795,3386
3422,300.83204772353315,-300.83204772353315,3387
3423,300.80772665995744,-300.80772665995744,3388
3424,300.7937236863302,-300.7937236863302,3389
3425,300.7864417788366,-300.7864417788366,3390
3426,300.7866037287696,-300.7866037287696,3391
3427,300.80952978759905,-300.80952978759905,3392
3428,300.8516470158927,-300.8516470158927,3393
3429,300.8724213043479,-300.8724213043479,3394
3430,300.8998978376654,-300.8998978376654,3395
3431,300.93623360673655,-300.93623360673655,3396
3432,300.9808889650337,-300.9808889650337,3397
3433,301.01261426175415,-301.01261426175415,3398
3434,301.02774116068247,-301.02774116068247,3399
3435,301.0485985911078,-301.0485985911078,3400
3436,301.06221571178605,-301.06221571178605,3401
3437,301.0759308327055,-301.0759308327055,3402
3438,301.0875956437833,-301.0875956437833,3403
3439,301.10033522548787,-301.10033522548787,3404
3440,301.09767509218113,-301.09767509218113,3405
3441,301.08710408043993,-301.08710408043993,3406
3442,301.0605669219077,-301.0605669219077,3407
3443,301.026782722275,-301.026782722275,3408
3444,300.98841312472433,-300.98841312472433,3409
3445,300.94765058383814,-300.94765058383814,3410
3446,300.9082809750602,-300.9082809750602,3411
3447,300.87814858468107,-300.87814858468107,3412
3448,300.858850668958,-300.858850668958,3413
3449,300.8482387757815,-300.8482387757815,3414
3450,300.84592959996934,-300.84592959996934,3415
3451,300.8688028104225,-300.8688028104225,3416
3452,300.8938059113509,-300.8938059113509,3417
3453,300.9203001762611,-300.9203001762611,3418
3454,300.95090056082,-300.95090056082,3419
3455,300.9970484023177,-300.9970484023177,3420
3456,301.0406720047883,-301.0406720047883,3421
3457,301.0672077891937,-301.0672077891937,3422
3458,301.0885431305395,-301.0885431305395,3423
3459,301.1026589527896,-301.1026589527896,3424
3460,301.11785665220924,-301.11785665220924,3425
3461,301.13206092004003,-301.13206092004003,3426
3462,301.149904699932,-301.149904699932,3427
3463,301.16488124632724,-301.16488124632724,3428
3464,301.160298290451,-301.160298290451,3429
3465,301.1474298704098,-301.1474298704098,3430
3466,301.1211368967418,-301.1211368967418,3431
3467,301.0865745539041,-301.0865745539041,3432
3468,301.04763258664326,-301.04763258664326,3433
3469,301.00740585134133,-301.00740585134133,3434
3470,300.9705860370064,-300.9705860370064,3435
3471,300.94065885488055,-300.94065885488055,3436
3472,300.92181265515984,-300.92181265515984,3437
3473,300.9153569746631,-300.9153569746631,3438
3474,300.9138753417615,-300.9138753417615,3439
3475,300.93317147709917,-300.93317147709917,3440
3476,300.95295311530856,-300.95295311530856,3441
3477,300.9866973093749,-300.9866973093749,3442
3478,301.0141379265367,-301.0141379265367,3443
3479,301.0416099985075,-301.0416099985075,3444
3480,301.0722618900403,-301.0722618900403,3445
3481,301.1003538225743,-301.1003538225743,3446
3482,301.1160067758895,-301.1160067758895,3447
3483,301.1285606390482,-301.1285606390482,3448
3484,301.1452899855022,-301.1452899855022,3449
3485,301.1579092867803,-301.1579092867803,3450
3486,301.172788298147,-301.172788298147,3451
3487,301.18777621712155,-301.18777621712155,3452
3488,301.1837917316369,-301.1837917316369,3453
3489,301.1708817145493,-301.1708817145493,3454
3490,301.5759171662308,-301.5759171662308,3455
3491,302.44517237719856,-302.44517237719856,3456
3492,302.5517224575426,-302.5517224575426,3457
3493,302.51170776480046,-302.51170776480046,3458
3494,302.4776249683364,-302.4776249683364,3459
3495,302.44428366584,-302.44428366584,3460
3496,302.4292220559078,-302.4292220559078,3461
3497,302.42607425362814,-302.42607425362814,3462
3498,302.42230307093996,-302.42230307093996,3463
3499,302.4493648186788,-302.4493648186788,3464
3500,302.4888419247195,-302.4888419247195,3465
3501,302.5231301070903,-302.5231301070903,3466
3502,302.5978973857829,-302.5978973857829,3467
3503,302.6638315030659,-302.6638315030659,3468
3504,302.7022713554535,-302.7022713554535,3469
3505,302.72726680843505,-302.72726680843505,3470
3506,302.74447853140975,-302.74447853140975,3471
3507,302.75807024035333,-302.75807024035333,3472
3508,302.77221417299535,-302.77221417299535,3473
3509,302.78552703923145,-302.78552703923145,3474
3510,302.80352670083636,-302.80352670083636,3475
3511,302.80595088759105,-302.80595088759105,3476
3512,302.8021925675103,-302.8021925675103,3477
3513,302.7968150587181,-302.7968150587181,3478
3514,302.7714360356083,-302.7714360356083,3479
3515,302.7396288523332,-302.7396288523332,3480
3516,302.6991896859713,-302.6991896859713,3481
3517,302.6740039256652,-302.6740039256652,3482
3518,302.64684551944134,-302.64684551944134,3483
3519,302.61769098897827,-302.61769098897827,3484
3520,302.60260358326065,-302.60260358326065,3485
3521,302.5938823983638,-302.5938823983638,3486
3522,302.59124748874297,-302.59124748874297,3487
3523,302.6156900128877,-302.6156900128877,3488
3524,302.6369389656837,-302.6369389656837,3489
3525,302.666853777657,-302.666853777657,3490
3526,302.68903731005463,-302.68903731005463,3491
3527,302.72846761769887,-302.72846761769887,3492
3528,302.77002921994193,-302.77002921994193,3493
3529,302.794492172595,-302.794492172595,3494
3530,302.81119447709233,-302.81119447709233,3495
3531,302.8237660521656,-302.8237660521656,3496
3532,302.8369466558606,-302.8369466558606,3497
3533,302.8502321677648,-302.8502321677648,3498
3534,302.8614885482813,-302.8614885482813,3499
3535,302.8626946919464,-302.8626946919464,3500
3536,303.03642508263823,-303.03642508263823,3501
3537,303.6943726998887,-303.6943726998887,3502
3538,304.2882670469093,-304.2882670469093,3503
3539,304.6033633680738,-304.6033633680738,3504
3540,304.58992152064695,-304.58992152064695,3505
3541,304.5649756613833,-304.5649756613833,3506
3542,304.6153646034438,-304.6153646034438,3507
3543,304.60792919289145,-304.60792919289145,3508
3544,304.58982487400965,-304.58982487400965,3509
3545,304.5816101652376,-304.5816101652376,3510
3546,304.5787232577644,-304.5787232577644,3511
3547,304.60061321354476,-304.60061321354476,3512
3548,304.62869345376384,-304.62869345376384,3513
3549,304.64274031247885,-304.64274031247885,3514
3550,304.6696839755256,-304.6696839755256,3515
3551,304.6981988435838,-304.6981988435838,3516
3552,304.72886213198956,-304.72886213198956,3517
3553,304.7569612558304,-304.7569612558304,3518
3554,304.7819683644631,-304.7819683644631,3519
3555,304.79694187371047,-304.79694187371047,3520
3556,304.8139093960118,-304.8139093960118,3521
3557,304.83137366025426,-304.83137366025426,3522
3558,304.8475887951003,-304.8475887951003,3523
3559,304.8444075093103,-304.8444075093103,3524
3560,304.84034759792877,-304.84034759792877,3525
3561,305.20329790223485,-305.20329790223485,3526
3562,305.8131957354731,-305.8131957354731,3527
3563,305.79786578551347,-305.79786578551347,3528
3564,305.7689530697854,-305.7689530697854,3529
3565,305.7243335262946,-305.7243335262946,3530
3566,305.6864403162266,-305.6864403162266,3531
3567,305.65834621979536,-305.65834621979536,3532
3568,305.64343698809887,-305.64343698809887,3533
3569,305.63507000871834,-305.63507000871834,3534
3570,305.6306721868069,-305.6306721868069,3535
3571,305.65669548877037,-305.65669548877037,3536
3572,305.681189816185,-305.681189816185,3537
3573,305.7144552407533,-305.7144552407533,3538
3574,305.7440582380526,-305.7440582380526,3539
3575,305.79026486130164,-305.79026486130164,3540
3576,305.8219421356157,-305.8219421356157,3541
3577,305.8520884382656,-305.8520884382656,3542
3578,305.8708632529376,-305.8708632529376,3543
3579,305.88654038201634,-305.88654038201634,3544
3580,305.9032640535184,-305.9032640535184,3545
3581,305.9168778127842,-305.9168778127842,3546
3582,305.9316289244893,-305.9316289244893,3547
3583,305.9320393467948,-305.9320393467948,3548
3584,305.9310452948946,-305.9310452948946,3549
3585,305.9312869120811,-305.9312869120811,3550
3586,305.9255043590126,-305.9255043590126,3551
3587,305.9127580541002,-305.9127580541002,3552
3588,305.8984773420468,-305.8984773420468,3553
3589,305.88915174234546,-305.88915174234546,3554
3590,305.88425119636577,-305.88425119636577,3555
3591,305.8768608590257,-305.8768608590257,3556
3592,305.8760414156237,-305.8760414156237,3557
3593,305.87275959003955,-305.87275959003955,3558
3594,305.87275284733465,-305.87275284733465,3559
3595,305.89565471604186,-305.89565471604186,3560
3596,305.93773871283537,-305.93773871283537,3561
3597,305.9584992373976,-305.9584992373976,3562
3598,305.9859608945902,-305.9859608945902,3563
3599,306.0222966636614,-306.0222966636614,3564
3600,306.05449201849177,-306.05449201849177,3565
3601,306.08414066453213,-306.08414066453213,3566
3602,306.1018625178691,-306.1018625178691,3567
3603,306.1144112357891,-306.1144112357891,3568
3604,306.13269833991586,-306.13269833991586,3569
3605,306.1442983204559,-306.1442983204559,3570
3606,306.15798899691714,-306.15798899691714,3571
3607,306.1626698898111,-306.1626698898111,3572
3608,306.158716040197,-306.158716040197,3573
3609,306.5793071164134,-306.5793071164134,3574
3610,307.28427194019747,-307.28427194019747,3575
3611,308.27408799592666,-308.27408799592666,3576
3612,308.8364978327251,-308.8364978327251,3577
3613,308.8881215119853,-308.8881215119853,3578
3614,308.90324194313877,-308.90324194313877,3579
3615,308.9463549829269,-308.9463549829269,3580
3616,309.26252659125856,-309.26252659125856,3581
3617,309.27849206029117,-309.27849206029117,3582
3618,309.3050166677529,-309.3050166677529,3583
3619,309.39639920822776,-309.39639920822776,3584
3620,309.46604168623753,-309.46604168623753,3585
3621,309.51849184322106,-309.51849184322106,3586
3622,309.57194088731234,-309.57194088731234,3587
3623,309.66175238660173,-309.66175238660173,3588
3624,309.72873639078176,-309.72873639078176,3589
3625,309.76306781073504,-309.76306781073504,3590
3626,309.7798059908342,-309.7798059908342,3591
3627,309.80016235632127,-309.80016235632127,3592
3628,309.815795416085,-309.815795416085,3593
3629,309.8309302714745,-309.8309302714745,3594
3630,309.8532923266801,-309.8532923266801,3595
3631,309.8843685832051,-309.8843685832051,3596
3632,309.8991804884122,-309.8991804884122,3597
3633,309.90781410308637,-309.90781410308637,3598
3634,309.95065154863306,-309.95065154863306,3599
3635,310.0521016468529,-310.0521016468529,3600
3636,310.055261040561,-310.055261040561,3601
3637,310.0415810449524,-310.0415810449524,3602
3638,310.03422962401663,-310.03422962401663,3603
3639,310.0251367468177,-310.0251367468177,3604
3640,310.0234134563257,-310.0234134563257,3605
3641,310.02300359409276,-310.02300359409276,3606
3642,310.0387824122845,-310.0387824122845,3607
3643,310.0761137172308,-310.0761137172308,3608
3644,310.17627926161947,-310.17627926161947,3609
3645,310.2135177484513,-310.2135177484513,3610
3646,310.2636269239669,-310.2636269239669,3611
3647,310.30450146647854,-310.30450146647854,3612
3648,310.3522624479288,-310.3522624479288,3613
3649,310.3813928865779,-310.3813928865779,3614
3650,310.3970423942237,-310.3970423942237,3615
3651,310.41432279533683,-310.41432279533683,3616
3652,310.4290185933164,-310.4290185933164,3617
3653,310.4442217310732,-310.4442217310732,3618
3654,310.46216772269094,-310.46216772269094,3619
3655,310.49393418802225,-310.49393418802225,3620
3656,310.4916232422377,-310.4916232422377,3621
3657,310.48085244764764,-310.48085244764764,3622
3658,310.45618344262607,-310.45618344262607,3623
3659,310.4277821088054,-310.4277821088054,3624
3660,310.4118638114968,-310.4118638114968,3625
3661,310.3882542959317,-310.3882542959317,3626
3662,310.3657263531879,-310.3657263531879,3627
3663,310.3440352985604,-310.3440352985604,3628
3664,310.3366536777197,-310.3366536777197,3629
3665,310.3315884054483,-310.3315884054483,3630
3666,310.33142396491354,-310.33142396491354,3631
3667,310.36238933784284,-310.36238933784284,3632
3668,310.38833494716476,-310.38833494716476,3633
3669,310.41266476021895,-310.41266476021895,3634
3670,310.4411601953101,-310.4411601953101,3635
3671,310.4738028996245,-310.4738028996245,3636
3672,310.524704263054,-310.524704263054,3637
3673,310.55852324815964,-310.55852324815964,3638
3674,310.57419443755094,-310.57419443755094,3639
3675,310.5935137660055,-310.5935137660055,3640
3676,310.6092255915593,-310.6092255915593,3641
3677,310.62340925483494,-310.62340925483494,3642
3678,310.6371661462874,-310.6371661462874,3643
3679,310.647285297596,-310.647285297596,3644
3680,310.64926599263885,-310.64926599263885,3645
3681,310.67832325768416,-310.67832325768416,3646
3682,310.71179281574723,-310.71179281574723,3647
3683,310.73931339629405,-310.73931339629405,3648
3684,310.76005099295963,-310.76005099295963,3649
3685,310.7992567352859,-310.7992567352859,3650
3686,310.82855302873645,-310.82855302873645,3651
3687,311.30176100829806,-311.30176100829806,3652
3688,312.0565381930289,-312.0565381930289,3653
3689,312.0980302294659,-312.0980302294659,3654
3690,312.11104698339017,-312.11104698339017,3655
3691,312.127233511165,-312.127233511165,3656
3692,312.138727638188,-312.138727638188,3657
3693,312.1538065822322,-312.1538065822322,3658
3694,312.1750643026908,-312.1750643026908,3659
3695,312.253378768677,-312.253378768677,3660
3696,312.29439895922354,-312.29439895922354,3661
3697,312.32561244564266,-312.32561244564266,3662
3698,312.34285115154006,-312.34285115154006,3663
3699,312.36579623765243,-312.36579623765243,3664
3700,312.3820608022291,-312.3820608022291,3665
3701,312.39521653664514,-312.39521653664514,3666
3702,312.40618954336594,-312.40618954336594,3667
3703,312.40430782637935,-312.40430782637935,3668
3704,312.78414111336656,-312.78414111336656,3669
3705,312.77814096184386,-312.77814096184386,3670
3706,313.3146181238943,-313.3146181238943,3671
3707,314.02159107971596,-314.02159107971596,3672
3708,314.51250986860396,-314.51250986860396,3673
3709,315.1485626835194,-315.1485626835194,3674
3710,315.1486483787279,-315.1486483787279,3675
3711,315.13912137233297,-315.13912137233297,3676
3712,315.14073817310754,-315.14073817310754,3677
3713,315.1409885230539,-315.1409885230539,3678
3714,315.17128384273195,-315.17128384273195,3679
3715,315.1989570762404,-315.1989570762404,3680
3716,315.24425527838275,-315.24425527838275,3681
3717,315.2743445830482,-315.2743445830482,3682
3718,315.3125928839587,-315.3125928839587,3683
3719,315.3514919786972,-315.3514919786972,3684
3720,315.39407707122575,-315.39407707122575,3685
3721,315.4356582366752,-315.4356582366752,3686
3722,315.45907326884486,-315.45907326884486,3687
3723,315.47745393944524,-315.47745393944524,3688
3724,315.4917671933017,-315.4917671933017,3689
3725,315.5069994222624,-315.5069994222624,3690
3726,315.52160853854997,-315.52160853854997,3691
3727,315.53680133432886,-315.53680133432886,3692
3728,315.5332066147125,-315.5332066147125,3693
3729,315.5185695844211,-315.5185695844211,3694
3730,315.4888841255956,-315.4888841255956,3695
3731,315.4651891279548,-315.4651891279548,3696
3732,315.4320519469387,-315.4320519469387,3697
3733,315.40478187572535,-315.40478187572535,3698
3734,315.38086036286376,-315.38086036286376,3699
3735,315.35215798064837,-315.35215798064837,3700
3736,315.3467051045182,-315.3467051045182,3701
3737,315.33939469193183,-315.33939469193183,3702
3738,315.3378275156067,-315.3378275156067,3703
3739,315.370541955077,-315.370541955077,3704
3740,315.3981066540861,-315.3981066540861,3705
3741,315.4178248540611,-315.4178248540611,3706
3742,315.4432291003863,-315.4432291003863,3707
3743,315.4997564619977,-315.4997564619977,3708
3744,315.5376179160098,-315.5376179160098,3709
3745,315.5672447009677,-315.5672447009677,3710
3746,315.58184414525783,-315.58184414525783,3711
3747,315.59699369471707,-315.59699369471707,3712
3748,315.6116605578945,-315.6116605578945,3713
3749,315.62224251773154,-315.62224251773154,3714
3750,315.6320257387877,-315.6320257387877,3715
3751,315.63053748810216,-315.63053748810216,3716
3752,315.637760165608,-315.637760165608,3717
3753,315.63618084896285,-315.63618084896285,3718
3754,315.62666462663185,-315.62666462663185,3719
3755,315.61619636294114,-315.61619636294114,3720
3756,315.6088522610462,-315.6088522610462,3721
3757,315.6514016331863,-315.6514016331863,3722
3758,315.6757198263683,-315.6757198263683,3723
3759,315.6901185510698,-315.6901185510698,3724
3760,315.7088923377743,-315.7088923377743,3725
3761,315.72029395515034,-315.72029395515034,3726
3762,315.73437686721223,-315.73437686721223,3727
3763,315.7552234608198,-315.7552234608198,3728
3764,315.77867952604475,-315.77867952604475,3729
3765,315.79735872274443,-315.79735872274443,3730
3766,315.81646474968915,-315.81646474968915,3731
3767,315.8470640601726,-315.8470640601726,3732
3768,315.8927652567305,-315.8927652567305,3733
3769,315.9239801863374,-315.9239801863374,3734
3770,315.94118971492196,-315.94118971492196,3735
3771,315.95692104035084,-315.95692104035084,3736
3772,315.9716191932188,-315.9716191932188,3737
3773,315.98486392106344,-315.98486392106344,3738
3774,316.0004764238561,-316.0004764238561,3739
3775,316.0145849966664,-316.0145849966664,3740
3776,316.01598637400406,-316.01598637400406,3741
3777,316.01485980528656,-316.01485980528656,3742
3778,316.81256376018575,-316.81256376018575,3743
3779,317.3268293499472,-317.3268293499472,3744
3780,317.3189074162428,-317.3189074162428,3745
3781,317.30912309359906,-317.30912309359906,3746
3782,317.2959618575157,-317.2959618575157,3747
3783,317.283472227318,-317.283472227318,3748
3784,317.27728632131345,-317.27728632131345,3749
3785,317.27593030441096,-317.27593030441096,3750
3786,317.27521580425207,-317.27521580425207,3751
3787,317.2986749855763,-317.2986749855763,3752
3788,317.32784847486647,-317.32784847486647,3753
3789,317.3445214002653,-317.3445214002653,3754
3790,317.3673455420904,-317.3673455420904,3755
3791,317.40985717434324,-317.40985717434324,3756
3792,317.44776561505546,-317.44776561505546,3757
3793,317.4748279505889,-317.4748279505889,3758
3794,317.49358883310146,-317.49358883310146,3759
3795,317.51081501937773,-317.51081501937773,3760
3796,317.5223363066447,-317.5223363066447,3761
3797,317.5376303000244,-317.5376303000244,3762
3798,317.550695505496,-317.550695505496,3763
3799,317.55107157316775,-317.55107157316775,3764
3800,317.8008248567633,-317.8008248567633,3765
3801,318.34935837426406,-318.34935837426406,3766
3802,318.92555154016094,-318.92555154016094,3767
3803,319.36852636819464,-319.36852636819464,3768
3804,319.6004087390922,-319.6004087390922,3769
3805,319.69527752215595,-319.69527752215595,3770
3806,319.663498962037,-319.663498962037,3771
3807,319.6351442930982,-319.6351442930982,3772
3808,319.61549545294713,-319.61549545294713,3773
3809,319.60478825313197,-319.60478825313197,3774
3810,319.60193516014687,-319.60193516014687,3775
3811,319.64509804677584,-319.64509804677584,3776
3812,319.66232867579623,-319.66232867579623,3777
3813,319.67429493027083,-319.67429493027083,3778
3814,319.6976079943485,-319.6976079943485,3779
3815,319.7417072562633,-319.7417072562633,3780
3816,319.79208622927956,-319.79208622927956,3781
3817,319.8288432771164,-319.8288432771164,3782
3818,319.8476071458487,-319.8476071458487,3783
3819,319.8701166164133,-319.8701166164133,3784
3820,319.8842074689516,-319.8842074689516,3785
3821,319.90146212169475,-319.90146212169475,3786
3822,319.91396594160585,-319.91396594160585,3787
3823,319.92457474398043,-319.92457474398043,3788
3824,319.91933216873724,-319.91933216873724,3789
3825,319.90530589710113,-319.90530589710113,3790
3826,320.1174302608759,-320.1174302608759,3791
3827,320.7064949096581,-320.7064949096581,3792
3828,321.49156875396886,-321.49156875396886,3793
3829,322.09850865853986,-322.09850865853986,3794
3830,322.0905034723196,-322.0905034723196,3795
3831,322.0593839467822,-322.0593839467822,3796
3832,322.04384690483056,-322.04384690483056,3797
3833,322.0365500526333,-322.0365500526333,3798
3834,322.0328079613552,-322.0328079613552,3799
3835,322.06098784607155,-322.06098784607155,3800
3836,322.09486939597855,-322.09486939597855,3801
3837,322.12085844483875,-322.12085844483875,3802
3838,322.2386485571849,-322.2386485571849,3803
3839,322.2702304510081,-322.2702304510081,3804
3840,322.30656095519896,-322.30656095519896,3805
3841,322.3372306729597,-322.3372306729597,3806
3842,322.3518120391467,-322.3518120391467,3807
3843,322.36540857494566,-322.36540857494566,3808
3844,322.3785202062501,-322.3785202062501,3809
3845,322.39671789484424,-322.39671789484424,3810
3846,322.41158860882587,-322.41158860882587,3811
3847,322.43271996133666,-322.43271996133666,3812
3848,322.4333649562613,-322.4333649562613,3813
3849,322.4219842983614,-322.4219842983614,3814
3850,322.3921606344148,-322.3921606344148,3815
3851,322.82837651465525,-322.82837651465525,3816
3852,323.3609512577637,-323.3609512577637,3817
3853,323.34412643576786,-323.34412643576786,3818
3854,323.30830797071775,-323.30830797071775,3819
3855,323.27842522136467,-323.27842522136467,3820
3856,323.2634822841589,-323.2634822841589,3821
3857,323.25201779506096,-323.25201779506096,3822
3858,323.2460932395305,-323.2460932395305,3823
3859,323.26070942120833,-323.26070942120833,3824
3860,323.27724404113496,-323.27724404113496,3825
3861,323.294595789115,-323.294595789115,3826
3862,323.3163873344783,-323.3163873344783,3827
3863,323.33556587236217,-323.33556587236217,3828
3864,323.3662169998594,-323.3662169998594,3829
3865,323.39380431668513,-323.39380431668513,3830
3866,323.42347678485163,-323.42347678485163,3831
3867,323.4432957486767,-323.4432957486767,3832
3868,323.4574327148669,-323.4574327148669,3833
3869,323.47216402292486,-323.47216402292486,3834
3870,323.4845484995791,-323.4845484995791,3835
3871,323.50091767343383,-323.50091767343383,3836
3872,323.50163898667586,-323.50163898667586,3837
3873,323.7094981768791,-323.7094981768791,3838
3874,324.37675622537176,-324.37675622537176,3839
3875,324.5116468289005,-324.5116468289005,3840
3876,324.5523710458734,-324.5523710458734,3841
3877,325.26056005284,-325.26056005284,3842
3878,325.67954979376077,-325.67954979376077,3843
3879,325.846673384241,-325.846673384241,3844
3880,325.84319912518544,-325.84319912518544,3845
3881,325.8404144033473,-325.8404144033473,3846
3882,325.888342945099,-325.888342945099,3847
3883,325.91906875982545,-325.91906875982545,3848
3884,325.96016552397674,-325.96016552397674,3849
3885,326.00125874004175,-326.00125874004175,3850
3886,326.0454421433215,-326.0454421433215,3851
3887,326.09009631046416,-326.09009631046416,3852
3888,326.11710107317873,-326.11710107317873,3853
3889,326.1513714486669,-326.1513714486669,3854
3890,326.18101544779796,-326.18101544779796,3855
3891,326.19978405556714,-326.19978405556714,3856
3892,326.21895604499343,-326.21895604499343,3857
3893,326.2328189454976,-326.2328189454976,3858
3894,326.24904745514453,-326.24904745514453,3859
3895,326.2711438778486,-326.2711438778486,3860
3896,326.8045010781671,-326.8045010781671,3861
3897,327.4879171372983,-327.4879171372983,3862
3898,328.20221053258547,-328.20221053258547,3863
3899,328.9128817585367,-328.9128817585367,3864
3900,329.59984251536576,-329.59984251536576,3865
3901,330.42088789551036,-330.42088789551036,3866
3902,330.5782416104886,-330.5782416104886,3867
3903,330.76665301260147,-330.76665301260147,3868
3904,330.75833301002206,-330.75833301002206,3869
3905,330.75523442982507,-330.75523442982507,3870
3906,330.7567231994343,-330.7567231994343,3871
3907,330.77799401361057,-330.77799401361057,3872
3908,330.799785037693,-330.799785037693,3873
3909,330.823108253442,-330.823108253442,3874
3910,330.8583811447433,-330.8583811447433,3875
3911,330.8968154766773,-330.8968154766773,3876
3912,330.92586790390504,-330.92586790390504,3877
3913,330.95287997629663,-330.95287997629663,3878
3914,330.96851951413686,-330.96851951413686,3879
3915,330.9868146547933,-330.9868146547933,3880
3916,331.0042726698064,-331.0042726698064,3881
3917,331.02131044512106,-331.02131044512106,3882
3918,331.0394587527307,-331.0394587527307,3883
3919,331.0396094560872,-331.0396094560872,3884
3920,331.03434433916067,-331.03434433916067,3885
3921,331.02238079033987,-331.02238079033987,3886
3922,330.9980118433861,-330.9980118433861,3887
3923,330.96859323053536,-330.96859323053536,3888
3924,330.93494193630806,-330.93494193630806,3889
3925,330.9075984173677,-330.9075984173677,3890
3926,330.87206160424284,-330.87206160424284,3891
3927,330.8436732068344,-330.8436732068344,3892
3928,330.83016653761865,-330.83016653761865,3893
3929,330.8215806322019,-330.8215806322019,3894
3930,330.8184474284,-330.8184474284,3895
3931,330.8408499887148,-330.8408499887148,3896
3932,330.8689342133035,-330.8689342133035,3897
3933,330.88915908391317,-330.88915908391317,3898
3934,330.9093832975234,-330.9093832975234,3899
3935,330.9374228431604,-330.9374228431604,3900
3936,330.98105909654885,-330.98105909654885,3901
3937,330.9972225339684,-330.9972225339684,3902
3938,331.0123503409998,-331.0123503409998,3903
3939,331.0290679517198,-331.0290679517198,3904
3940,331.0463312644877,-331.0463312644877,3905
3941,331.06109532752777,-331.06109532752777,3906
3942,331.0749263080862,-331.0749263080862,3907
3943,331.07807219018673,-331.07807219018673,3908
3944,331.0884571449928,-331.0884571449928,3909
3945,331.0941238586475,-331.0941238586475,3910
3946,331.09422392369333,-331.09422392369333,3911
3947,331.09210822725043,-331.09210822725043,3912
3948,331.08983751681353,-331.08983751681353,3913
3949,331.09289123121135,-331.09289123121135,3914
3950,331.09614867748996,-331.09614867748996,3915
3951,331.10707845797504,-331.10707845797504,3916
3952,331.10873919036504,-331.10873919036504,3917
3953,331.1108070848368,-331.1108070848368,3918
3954,331.1138835174251,-331.1138835174251,3919
3955,331.1539324377591,-331.1539324377591,3920
3956,331.1877440867647,-331.1877440867647,3921
3957,331.20856045723116,-331.20856045723116,3922
3958,331.2464466280303,-331.2464466280303,3923
3959,331.28380006076384,-331.28380006076384,3924
3960,331.31138701806253,-331.31138701806253,3925
3961,331.32391749254555,-331.32391749254555,3926
3962,331.3380337790698,-331.3380337790698,3927
3963,331.35321404138097,-331.35321404138097,3928
3964,331.36894596021403,-331.36894596021403,3929
3965,331.3888763373052,-331.3888763373052,3930
3966,331.40182647117285,-331.40182647117285,3931
3967,331.40415787287606,-331.40415787287606,3932
3968,331.4029095437222,-331.4029095437222,3933
3969,331.39679308006066,-331.39679308006066,3934
3970,331.3982296062775,-331.3982296062775,3935
3971,331.38032554329203,-331.38032554329203,3936
3972,331.3638958537901,-331.3638958537901,3937
3973,331.3629829714597,-331.3629829714597,3938
3974,331.3626086448198,-331.3626086448198,3939
3975,331.3637998607266,-331.3637998607266,3940
3976,331.37429041673914,-331.37429041673914,3941
3977,331.37981682010604,-331.37981682010604,3942
3978,331.382326060664,-331.382326060664,3943
3979,331.40313001083047,-331.40313001083047,3944
3980,331.43171384633285,-331.43171384633285,3945
3981,331.451922357516,-331.451922357516,3946
3982,331.4830454889399,-331.4830454889399,3947
3983,331.52513113488504,-331.52513113488504,3948
3984,331.5626044221399,-331.5626044221399,3949
3985,331.58552436938083,-331.58552436938083,3950
3986,331.60537460125613,-331.60537460125613,3951
3987,331.62627175218523,-331.62627175218523,3952
3988,331.64043325615046,-331.64043325615046,3953
3989,331.65381484386245,-331.65381484386245,3954
3990,331.6633888719995,-331.6633888719995,3955
3991,331.66533877537745,-331.66533877537745,3956
3992,331.6659783492514,-331.6659783492514,3957
3993,331.6662288051921,-331.6662288051921,3958
3994,331.6465337231454,-331.6465337231454,3959
3995,331.62235485512116,-331.62235485512116,3960
3996,331.6006631534402,-331.6006631534402,3961
3997,331.59600023609215,-331.59600023609215,3962
3998,331.9072149856048,-331.9072149856048,3963
3999,332.5569671195112,-332.5569671195112,3964
4000,332.9039257053795,-332.9039257053795,3965
4001,332.91593071761537,-332.91593071761537,3966
4002,332.9300341535361,-332.9300341535361,3967
4003,332.9643707365577,-332.9643707365577,3968
4004,333.00544943932994,-333.00544943932994,3969
4005,333.0412679007398,-333.0412679007398,3970
4006,333.08846974247984,-333.08846974247984,3971
4007,333.1221997176803,-333.1221997176803,3972
4008,333.1715581433604,-333.1715581433604,3973
4009,333.1913246386528,-333.1913246386528,3974
4010,333.2059230163911,-333.2059230163911,3975
4011,333.21951724263516,-333.21951724263516,3976
4012,333.23314738982634,-333.23314738982634,3977
4013,333.2463419548234,-333.2463419548234,3978
4014,333.25887421631484,-333.25887421631484,3979
4015,333.27367469623675,-333.27367469623675,3980
4016,333.27063812192864,-333.27063812192864,3981
4017,333.26630790919927,-333.26630790919927,3982
4018,333.2446765697356,-333.2446765697356,3983
4019,333.2142795914107,-333.2142795914107,3984
4020,333.17534001703785,-333.17534001703785,3985
4021,333.1513079153029,-333.1513079153029,3986
4022,333.1326180190348,-333.1326180190348,3987
4023,333.10560006549355,-333.10560006549355,3988
4024,333.0887318934773,-333.0887318934773,3989
4025,333.0780707623697,-333.0780707623697,3990
4026,333.0776333019353,-333.0776333019353,3991
4027,333.11971230034686,-333.11971230034686,3992
4028,333.153437536626,-333.153437536626,3993
4029,333.1975134288108,-333.1975134288108,3994
4030,333.22654133259607,-333.22654133259607,3995
4031,333.28203253940126,-333.28203253940126,3996
4032,333.32777254716007,-333.32777254716007,3997
4033,333.3538035838237,-333.3538035838237,3998
4034,333.37101567743645,-333.37101567743645,3999
4035,333.3846040134107,-333.3846040134107,4000
4036,333.40030320126067,-333.40030320126067,4001
4037,333.41241524682255,-333.41241524682255,4002
4038,333.4272824796553,-333.4272824796553,4003
4039,333.44376338243586,-333.44376338243586,4004
4040,333.44212908975953,-333.44212908975953,4005
4041,333.4314530512546,-333.4314530512546,4006
4042,333.60941385687005,-333.60941385687005,4007
4043,333.58708237097244,-333.58708237097244,4008
4044,333.55570169169954,-333.55570169169954,4009
4045,334.10846751959195,-334.10846751959195,4010
4046,334.6306786803678,-334.6306786803678,4011
4047,334.96424274407445,-334.96424274407445,4012
4048,335.68784352171383,-335.68784352171383,4013
4049,336.2316139144255,-336.2316139144255,4014
4050,336.23319312247156,-336.23319312247156,4015
4051,336.26541558213614,-336.26541558213614,4016
4052,336.34276717268887,-336.34276717268887,4017
4053,336.3801313256741,-336.3801313256741,4018
4054,336.41687824118844,-336.41687824118844,4019
4055,336.46926260894014,-336.46926260894014,4020
4056,336.50718752861576,-336.50718752861576,4021
4057,336.53684729327637,-336.53684729327637,4022
4058,336.5530208020125,-336.5530208020125,4023
4059,336.5661048647335,-336.5661048647335,4024
4060,336.58181233045786,-336.58181233045786,4025
4061,336.5972386209148,-336.5972386209148,4026
4062,336.6086370930268,-336.6086370930268,4027
4063,336.6237526080845,-336.6237526080845,4028
4064,336.6367909572036,-336.6367909572036,4029
4065,336.8762305632174,-336.8762305632174,4030
4066,337.36944295483556,-337.36944295483556,4031
4067,337.4040082303671,-337.4040082303671,4032
4068,337.64424077097556,-337.64424077097556,4033
4069,338.200467707586,-338.200467707586,4034
4070,339.0833604010889,-339.0833604010889,4035
4071,339.6205024195675,-339.6205024195675,4036
4072,339.618962442119,-339.618962442119,4037
4073,339.61961752611626,-339.61961752611626,4038
4074,339.621016356041,-339.621016356041,4039
4075,339.6603511431076,-339.6603511431076,4040
4076,339.7013752019632,-339.7013752019632,4041
4077,339.7439038278713,-339.7439038278713,4042
4078,339.7728863415479,-339.7728863415479,4043
4079,339.8128323457871,-339.8128323457871,4044
4080,339.85594134104815,-339.85594134104815,4045
4081,339.8809284087725,-339.8809284087725,4046
4082,339.90229272737514,-339.90229272737514,4047
4083,339.91585555413184,-339.91585555413184,4048
4084,339.934483059829,-339.934483059829,4049
4085,339.950358996204,-339.950358996204,4050
4086,339.9623447498694,-339.9623447498694,4051
4087,339.97424848942825,-339.97424848942825,4052
4088,339.9768120776564,-339.9768120776564,4053
4089,339.98344261990815,-339.98344261990815,4054
4090,339.9883656214335,-339.9883656214335,4055
4091,340.05699438841145,-340.05699438841145,4056
4092,340.05695134753455,-340.05695134753455,4057
4093,340.07396238942425,-340.07396238942425,4058
4094,340.0964828284781,-340.0964828284781,4059
4095,340.1099261551998,-340.1099261551998,4060
4096,340.1271706517334,-340.1271706517334,4061
4097,340.13861356579014,-340.13861356579014,4062
4098,340.1541940225031,-340.1541940225031,4063
4099,340.1697692648254,-340.1697692648254,4064
4100,340.2086981890023,-340.2086981890023,4065
4101,340.2554358839585,-340.2554358839585,4066
4102,340.3005497779065,-340.3005497779065,4067
4103,340.36073843241155,-340.36073843241155,4068
4104,340.43293014518457,-340.43293014518457,4069
4105,340.45374608552913,-340.45374608552913,4070
4106,340.4678311122081,-340.4678311122081,4071
4107,340.48140718958587,-340.48140718958587,4072
4108,340.49864868375994,-340.49864868375994,4073
4109,340.51019013132867,-340.51019013132867,4074
4110,340.52397824552844,-340.52397824552844,4075
4111,340.53709805666244,-340.53709805666244,4076
4112,340.5751412045942,-340.5751412045942,4077
4113,340.5907381778474,-340.5907381778474,4078
4114,340.59333057945247,-340.59333057945247,4079
4115,340.5917202564553,-340.5917202564553,4080
4116,340.5913077598352,-340.5913077598352,4081
4117,340.61367634248353,-340.61367634248353,4082
4118,340.6406001512098,-340.6406001512098,4083
4119,340.66407480672393,-340.66407480672393,4084
4120,340.6813560144386,-340.6813560144386,4085
4121,340.7136890779633,-340.7136890779633,4086
4122,340.7309587148723,-340.7309587148723,4087
4123,340.7637300727692,-340.7637300727692,4088
4124,340.8047100224215,-340.8047100224215,4089
4125,340.83422718352557,-340.83422718352557,4090
4126,340.8631277635336,-340.8631277635336,4091
4127,340.89569836004057,-340.89569836004057,4092
4128,340.9412844791183,-340.9412844791183,4093
4129,340.9605712438341,-340.9605712438341,4094
4130,340.9725833222408,-340.9725833222408,4095
4131,340.9825562047421,-340.9825562047421,4096
4132,340.9992682313007,-340.9992682313007,4097
4133,341.0175554799538,-341.0175554799538,4098
4134,341.0316335122091,-341.0316335122091,4099
4135,341.059160154836,-341.059160154836,4100
4136,341.0586631144808,-341.0586631144808,4101
4137,341.8529949725119,-341.8529949725119,4102
4138,342.76934882138136,-342.76934882138136,4103
4139,343.7222669893892,-343.7222669893892,4104
4140,343.7260041360907,-343.7260041360907,4105
4141,343.69831603249975,-343.69831603249975,4106
4142,343.6812517192962,-343.6812517192962,4107
4143,343.6598405665235,-343.6598405665235,4108
4144,343.6456287181239,-343.6456287181239,4109
4145,343.6393987506295,-343.6393987506295,4110
4146,343.6388623785128,-343.6388623785128,4111
4147,343.67159076157606,-343.67159076157606,4112
4148,343.7126313939686,-343.7126313939686,4113
4149,343.75053787774016,-343.75053787774016,4114
4150,343.78579814153653,-343.78579814153653,4115
4151,343.82469259380616,-343.82469259380616,4116
4152,343.87148469952496,-343.87148469952496,4117
4153,343.892345422604,-343.892345422604,4118
4154,343.9075140511969,-343.9075140511969,4119
4155,343.92008584942073,-343.92008584942073,4120
4156,343.93802813459973,-343.93802813459973,4121
4157,343.955544852562,-343.955544852562,4122
4158,343.9800386850589,-343.9800386850589,4123
4159,343.99457069490967,-343.99457069490967,4124
4160,343.990544642177,-343.990544642177,4125
4161,343.98271023357995,-343.98271023357995,4126
4162,343.9699447063859,-343.9699447063859,4127
4163,343.9637608638931,-343.9637608638931,4128
4164,343.96335682005,-343.96335682005,4129
4165,344.12217084043044,-344.12217084043044,4130
4166,345.03583278586325,-345.03583278586325,4131
4167,345.24679457563735,-345.24679457563735,4132
4168,345.2366914106999,-345.2366914106999,4133
4169,345.22898110381743,-345.22898110381743,4134
4170,345.2513702204714,-345.2513702204714,4135
4171,345.27993991180756,-345.27993991180756,4136
4172,345.3084870847347,-345.3084870847347,4137
4173,345.33079294391865,-345.33079294391865,4138
4174,345.3514984131015,-345.3514984131015,4139
4175,345.3893469911686,-345.3893469911686,4140
4176,345.4203935052891,-345.4203935052891,4141
4177,345.4536960575751,-345.4536960575751,4142
4178,345.47024067596294,-345.47024067596294,4143
4179,345.48489446207606,-345.48489446207606,4144
4180,345.50164888433676,-345.50164888433676,4145
4181,345.514780846124,-345.514780846124,4146
4182,345.52960278242256,-345.52960278242256,4147
4183,345.52710334695763,-345.52710334695763,4148
4184,345.5228567044518,-345.5228567044518,4149
4185,345.54146873966096,-345.54146873966096,4150
4186,345.5436816094689,-345.5436816094689,4151
4187,345.5385143298323,-345.5385143298323,4152
4188,345.52569576289767,-345.52569576289767,4153
4189,345.5187199861599,-345.5187199861599,4154
4190,345.5161129316725,-345.5161129316725,4155
4191,345.8459903742176,-345.8459903742176,4156
4192,346.580729328635,-346.580729328635,4157
4193,347.2689061433494,-347.2689061433494,4158
4194,347.36408957804264,-347.36408957804264,4159
4195,347.37867793797,-347.37867793797,4160
4196,347.3958962915643,-347.3958962915643,4161
4197,347.40683427395885,-347.40683427395885,4162
4198,347.42394232246534,-347.42394232246534,4163
4199,347.4673947247624,-347.4673947247624,4164
4200,347.51033929651385,-347.51033929651385,4165
4201,347.53013692302875,-347.53013692302875,4166
4202,347.54757234738526,-347.54757234738526,4167
4203,347.5589390247887,-347.5589390247887,4168
4204,347.57251013790284,-347.57251013790284,4169
4205,347.5836640239163,-347.5836640239163,4170
4206,347.5963951676581,-347.5963951676581,4171
4207,347.6099148324735,-347.6099148324735,4172
4208,347.6082562971496,-347.6082562971496,4173
4209,347.7869964630222,-347.7869964630222,4174
4210,347.7903418599757,-347.7903418599757,4175
4211,347.7942760414191,-347.7942760414191,4176
4212,347.7981177876675,-347.7981177876675,4177
4213,347.78098938589375,-347.78098938589375,4178
4214,347.76036463525344,-347.76036463525344,4179
4215,347.7888203090011,-347.7888203090011,4180
4216,347.77141784153457,-347.77141784153457,4181
4217,347.76679143595385,-347.76679143595385,4182
4218,347.76634618092766,-347.76634618092766,4183
4219,347.78932053402514,-347.78932053402514,4184
4220,347.80864781760744,-347.80864781760744,4185
4221,347.82255829120936,-347.82255829120936,4186
4222,347.84532837005975,-347.84532837005975,4187
4223,347.87488402895747,-347.87488402895747,4188
4224,347.90659766726736,-347.90659766726736,4189
4225,347.936774512046,-347.936774512046,4190
4226,347.95451144372163,-347.95451144372163,4191
4227,347.9706987953089,-347.9706987953089,4192
4228,347.98828188153897,-347.98828188153897,4193
4229,348.00200865713697,-348.00200865713697,4194
4230,348.01581168497563,-348.01581168497563,4195
4231,348.02661304488305,-348.02661304488305,4196
4232,348.0375139700474,-348.0375139700474,4197
4233,348.03833405707354,-348.03833405707354,4198
4234,348.0322957020533,-348.0322957020533,4199
4235,348.0281353933052,-348.0281353933052,4200
4236,348.32111829647675,-348.32111829647675,4201
4237,348.80623081939456,-348.80623081939456,4202
4238,349.3950982307172,-349.3950982307172,4203
4239,349.393561001915,-349.393561001915,4204
4240,349.3834081501177,-349.3834081501177,4205
4241,349.3772636343841,-349.3772636343841,4206
4242,349.3742919536991,-349.3742919536991,4207
4243,349.39359865127034,-349.39359865127034,4208
4244,349.40460612378655,-349.40460612378655,4209
4245,349.4165885861555,-349.4165885861555,4210
4246,349.4487831067808,-349.4487831067808,4211
4247,349.48875509491074,-349.48875509491074,4212
4248,349.5291148530837,-349.5291148530837,4213
4249,349.5582494059618,-349.5582494059618,4214
4250,349.5847860825195,-349.5847860825195,4215
4251,349.6030178028367,-349.6030178028367,4216
4252,349.6207504978771,-349.6207504978771,4217
4253,349.63332392431965,-349.63332392431965,4218
4254,349.64593187309015,-349.64593187309015,4219
4255,349.6476664571102,-349.6476664571102,4220
4256,349.65078044644565,-349.65078044644565,4221
4257,349.657947558103,-349.657947558103,4222
4258,349.6721553586764,-349.6721553586764,4223
4259,350.3256682516411,-350.3256682516411,4224
4260,350.3421633297397,-350.3421633297397,4225
4261,350.3745603047556,-350.3745603047556,4226
4262,350.4136318768869,-350.4136318768869,4227
4263,350.4150400238062,-350.4150400238062,4228
4264,350.40573386663016,-350.40573386663016,4229
4265,350.40350792187576,-350.40350792187576,4230
4266,350.4042102929985,-350.4042102929985,4231
4267,350.4230544245012,-350.4230544245012,4232
4268,350.44755921304136,-350.44755921304136,4233
4269,350.46574010941225,-350.46574010941225,4234
4270,350.4989287134674,-350.4989287134674,4235
4271,350.5393961504256,-350.5393961504256,4236
4272,350.5669161917969,-350.5669161917969,4237
4273,350.59912867822743,-350.59912867822743,4238
4274,350.6142484780292,-350.6142484780292,4239
4275,350.6299063459742,-350.6299063459742,4240
4276,350.6492371642413,-350.6492371642413,4241
4277,350.6639330158477,-350.6639330158477,4242
4278,350.6797893792082,-350.6797893792082,4243
4279,350.694347927976,-350.694347927976,4244
4280,350.6913381120257,-350.6913381120257,4245
4281,351.569461286283,-351.569461286283,4246
4282,352.1395968901347,-352.1395968901347,4247
4283,352.13301828770534,-352.13301828770534,4248
4284,352.09602844261747,-352.09602844261747,4249
4285,352.05797460940585,-352.05797460940585,4250
4286,352.03009457603514,-352.03009457603514,4251
4287,352.0066434589648,-352.0066434589648,4252
4288,351.9987911659124,-351.9987911659124,4253
4289,351.99370309409557,-351.99370309409557,4254
4290,351.99124987628784,-351.99124987628784,4255
4291,352.0100141580651,-352.0100141580651,4256
4292,352.02722689467254,-352.02722689467254,4257
4293,352.03863082361164,-352.03863082361164,4258
4294,352.0536587739753,-352.0536587739753,4259
4295,352.09364457620376,-352.09364457620376,4260
4296,352.1314073146308,-352.1314073146308,4261
4297,352.16263013866575,-352.16263013866575,4262
4298,352.18138391882366,-352.18138391882366,4263
4299,352.19755742377725,-352.19755742377725,4264
4300,352.21328511892204,-352.21328511892204,4265
4301,352.22918425710765,-352.22918425710765,4266
4302,352.2423571482942,-352.2423571482942,4267
4303,352.54562486106573,-352.54562486106573,4268
4304,353.19038276722137,-353.19038276722137,4269
4305,353.510807078625,-353.510807078625,4270
4306,353.52084528622396,-353.52084528622396,4271
4307,353.5099200512544,-353.5099200512544,4272
4308,353.4996036152714,-353.4996036152714,4273
4309,353.49968226134075,-353.49968226134075,4274
4310,353.49081583610547,-353.49081583610547,4275
4311,353.4837192526532,-353.4837192526532,4276
4312,353.4751457312791,-353.4751457312791,4277
4313,353.46882268014764,-353.46882268014764,4278
4314,353.46735992553204,-353.46735992553204,4279
4315,353.48928423580986,-353.48928423580986,4280
4316,353.51018581812866,-353.51018581812866,4281
4317,353.52203653159904,-353.52203653159904,4282
4318,353.537052684549,-353.537052684549,4283
4319,353.56334561895454,-353.56334561895454,4284
4320,353.5901964484769,-353.5901964484769,4285
4321,353.6182811703501,-353.6182811703501,4286
4322,353.63306063601374,-353.63306063601374,4287
4323,353.64943730672064,-353.64943730672064,4288
4324,353.66306899989036,-353.66306899989036,4289
4325,353.67503761075284,-353.67503761075284,4290
4326,353.68466012546077,-353.68466012546077,4291
4327,353.695752273477,-353.695752273477,4292
4328,353.69133847818966,-353.69133847818966,4293
4329,353.67929779964794,-353.67929779964794,4294
4330,353.65510476451175,-353.65510476451175,4295
4331,353.62349040072223,-353.62349040072223,4296
4332,353.5911218417295,-353.5911218417295,4297
4333,353.5593780916777,-353.5593780916777,4298
4334,353.55068561003054,-353.55068561003054,4299
4335,353.5389481283685,-353.5389481283685,4300
4336,353.5560599408508,-353.5560599408508,4301
4337,353.5673713803337,-353.5673713803337,4302
4338,353.5819662842208,-353.5819662842208,4303
4339,353.65992258626505,-353.65992258626505,4304
4340,353.68184531092635,-353.68184531092635,4305
4341,353.69800540695036,-353.69800540695036,4306
4342,353.7208672518403,-353.7208672518403,4307
4343,353.7492759183046,-353.7492759183046,4308
4344,353.7923870564582,-353.7923870564582,4309
4345,353.8168584226667,-353.8168584226667,4310
4346,353.8330328771166,-353.8330328771166,4311
4347,353.8466426310589,-353.8466426310589,4312
4348,353.8628663838128,-353.8628663838128,4313
4349,353.87550141284856,-353.87550141284856,4314
4350,353.893467151915,-353.893467151915,4315
4351,353.89395375128606,-353.89395375128606,4316
4352,353.895410789842,-353.895410789842,4317
4353,353.89175144640086,-353.89175144640086,4318
4354,353.8705597769475,-353.8705597769475,4319
4355,353.8461884066477,-353.8461884066477,4320
4356,353.8210779066575,-353.8210779066575,4321
4357,353.8200282436518,-353.8200282436518,4322
4358,353.8084654433414,-353.8084654433414,4323
4359,353.8009597889612,-353.8009597889612,4324
4360,353.79891854933555,-353.79891854933555,4325
4361,353.8171019925426,-353.8171019925426,4326
4362,353.82994439965603,-353.82994439965603,4327
4363,353.8575631392477,-353.8575631392477,4328
4364,353.8727099516866,-353.8727099516866,4329
4365,353.8831376311906,-353.8831376311906,4330
4366,353.9033707711095,-353.9033707711095,4331
4367,353.9344812593907,-353.9344812593907,4332
4368,353.97864440726903,-353.97864440726903,4333
4369,354.02544602950525,-354.02544602950525,4334
4370,354.0421448437882,-354.0421448437882,4335
4371,354.0566558827765,-354.0566558827765,4336
4372,354.07082202701395,-354.07082202701395,4337
4373,354.083350570704,-354.083350570704,4338
4374,354.0976240014442,-354.0976240014442,4339
4375,354.1082928533917,-354.1082928533917,4340
4376,354.1033297808966,-354.1033297808966,4341
4377,354.0934971327728,-354.0934971327728,4342
4378,354.0770420893926,-354.0770420893926,4343
4379,354.0607987849619,-354.0607987849619,4344
4380,354.049510632384,-354.049510632384,4345
4381,354.04949066518896,-354.04949066518896,4346
4382,354.1016493727621,-354.1016493727621,4347
4383,354.7707163767198,-354.7707163767198,4348
4384,354.82477377374005,-354.82477377374005,4349
4385,354.8414570787837,-354.8414570787837,4350
4386,354.85968298279363,-354.85968298279363,4351
4387,354.8888944917819,-354.8888944917819,4352
4388,354.90981604531436,-354.90981604531436,4353
4389,354.9212970203886,-354.9212970203886,4354
4390,354.9389351170188,-354.9389351170188,4355
4391,354.97935094745765,-354.97935094745765,4356
4392,355.01668341339945,-355.01668341339945,4357
4393,355.04426561957024,-355.04426561957024,4358
4394,355.0588715248624,-355.0588715248624,4359
4395,355.07350053778896,-355.07350053778896,4360
4396,355.0866088718282,-355.0866088718282,4361
4397,355.1013156379906,-355.1013156379906,4362
4398,355.1140958166574,-355.1140958166574,4363
4399,355.5828229180638,-355.5828229180638,4364
4400,356.4007881165482,-356.4007881165482,4365
4401,357.212974408095,-357.212974408095,4366
4402,358.32876561632213,-358.32876561632213,4367
4403,358.8370057332421,-358.8370057332421,4368
4404,358.833088555159,-358.833088555159,4369
4405,358.81684809142916,-358.81684809142916,4370
4406,358.8008441527098,-358.8008441527098,4371
4407,358.7992869154118,-358.7992869154118,4372
4408,358.78574988994455,-358.78574988994455,4373
4409,358.77601048748295,-358.77601048748295,4374
4410,358.7704126159326,-358.7704126159326,4375
4411,358.7980349280184,-358.7980349280184,4376
4412,358.8168499577696,-358.8168499577696,4377
4413,358.85011721183156,-358.85011721183156,4378
4414,358.8786247229745,-358.8786247229745,4379
4415,358.9185713493881,-358.9185713493881,4380
4416,358.96154063493526,-358.96154063493526,4381
4417,358.9938006040166,-358.9938006040166,4382
4418,359.0138841324701,-359.0138841324701,4383
4419,359.03389050518314,-359.03389050518314,4384
4420,359.0521631559682,-359.0521631559682,4385
4421,359.07169499929586,-359.07169499929586,4386
4422,359.08701967884565,-359.08701967884565,4387
4423,359.0962012768518,-359.0962012768518,4388
4424,359.08956015525087,-359.08956015525087,4389
4425,359.0777827769384,-359.0777827769384,4390
4426,359.0602714822807,-359.0602714822807,4391
4427,359.0377300627198,-359.0377300627198,4392
4428,359.0083084954898,-359.0083084954898,4393
4429,358.97268375003915,-358.97268375003915,4394
4430,358.9466698530072,-358.9466698530072,4395
4431,358.92717340394,-358.92717340394,4396
4432,358.9208480721896,-358.9208480721896,4397
4433,358.91778012633785,-358.91778012633785,4398
4434,358.91757317295196,-358.91757317295196,4399
4435,358.9424386085704,-358.9424386085704,4400
4436,358.9580517249551,-358.9580517249551,4401
4437,358.97831209544665,-358.97831209544665,4402
4438,359.01460708722624,-359.01460708722624,4403
4439,359.05660601299843,-359.05660601299843,4404
4440,359.0896868531192,-359.0896868531192,4405
4441,359.1264552855908,-359.1264552855908,4406
4442,359.14350528571754,-359.14350528571754,4407
4443,359.1545042780835,-359.1545042780835,4408
4444,359.1696831308983,-359.1696831308983,4409
4445,359.180733901766,-359.180733901766,4410
4446,359.19490644278903,-359.19490644278903,4411
4447,359.20720663388647,-359.20720663388647,4412
4448,359.22272177502026,-359.22272177502026,4413
4449,359.2416439434224,-359.2416439434224,4414
4450,359.2910380404378,-359.2910380404378,4415
4451,359.2910403699303,-359.2910403699303,4416
4452,359.28663178654415,-359.28663178654415,4417
4453,359.2708935045768,-359.2708935045768,4418
4454,359.25852907548983,-359.25852907548983,4419
4455,359.24728221119256,-359.24728221119256,4420
4456,359.23820012821506,-359.23820012821506,4421
4457,359.2327166902658,-359.2327166902658,4422
4458,359.2331485958868,-359.2331485958868,4423
4459,359.262336473386,-359.262336473386,4424
4460,359.28785367183804,-359.28785367183804,4425
4461,359.31171143312685,-359.31171143312685,4426
4462,359.3379930762904,-359.3379930762904,4427
4463,359.37275284053646,-359.37275284053646,4428
4464,359.39921441144696,-359.39921441144696,4429
4465,359.4138214626368,-359.4138214626368,4430
4466,359.4253254254355,-359.4253254254355,4431
4467,359.440979633216,-359.440979633216,4432
4468,359.456650291643,-359.456650291643,4433
4469,359.473976214175,-359.473976214175,4434
4470,359.4896757855079,-359.4896757855079,4435
4471,359.48942603412405,-359.48942603412405,4436
4472,359.48575870737386,-359.48575870737386,4437
4473,359.47646634177664,-359.47646634177664,4438
4474,359.81405233652913,-359.81405233652913,4439
4475,360.70241599926135,-360.70241599926135,4440
4476,360.7928004853792,-360.7928004853792,4441
4477,360.7788955626663,-360.7788955626663,4442
4478,360.7655840806073,-360.7655840806073,4443
4479,360.7508192913122,-360.7508192913122,4444
4480,360.73587324231187,-360.73587324231187,4445
4481,360.72399636303334,-360.72399636303334,4446
4482,360.71740076434685,-360.71740076434685,4447
4483,360.73510712306364,-360.73510712306364,4448
4484,360.75123906430673,-360.75123906430673,4449
4485,360.76214426173266,-360.76214426173266,4450
4486,360.8742694094795,-360.8742694094795,4451
4487,360.8966263975801,-360.8966263975801,4452
4488,360.92163218011405,-360.92163218011405,4453
4489,360.9470106731257,-360.9470106731257,4454
4490,360.97304212356187,-360.97304212356187,4455
4491,360.98507083987954,-360.98507083987954,4456
4492,360.9976332534519,-360.9976332534519,4457
4493,361.0090719370272,-361.0090719370272,4458
4494,361.0318333507635,-361.0318333507635,4459
4495,361.03601508651775,-361.03601508651775,4460
4496,361.0320030649179,-361.0320030649179,4461
4497,361.0267878517897,-361.0267878517897,4462
4498,361.0154372765049,-361.0154372765049,4463
4499,361.0119344842661,-361.0119344842661,4464
4500,361.0057493441343,-361.0057493441343,4465
4501,360.96442448862865,-360.96442448862865,4466
4502,360.9379850769322,-360.9379850769322,4467
4503,361.35638571915877,-361.35638571915877,4468
4504,361.35213661406846,-361.35213661406846,4469
4505,361.3478028178006,-361.3478028178006,4470
4506,361.3440777656487,-361.3440777656487,4471
4507,361.3577185068275,-361.3577185068275,4472
4508,361.3763751134146,-361.3763751134146,4473
4509,361.4207685292636,-361.4207685292636,4474
4510,361.448840277031,-361.448840277031,4475
4511,361.48935799016687,-361.48935799016687,4476
4512,361.61448685394436,-361.61448685394436,4477
4513,361.64515720925374,-361.64515720925374,4478
4514,361.6665578930869,-361.6665578930869,4479
4515,361.68328640146876,-361.68328640146876,4480
4516,361.69742869531535,-361.69742869531535,4481
4517,361.70799272897426,-361.70799272897426,4482
4518,361.722185107328,-361.722185107328,4483
4519,361.73469708417457,-361.73469708417457,4484
4520,361.7306580186768,-361.7306580186768,4485
4521,361.72020695314586,-361.72020695314586,4486
4522,361.69949036336925,-361.69949036336925,4487
4523,361.6844291863697,-361.6844291863697,4488
4524,361.66505929450716,-361.66505929450716,4489
4525,361.6442420589084,-361.6442420589084,4490
4526,361.6339277354487,-361.6339277354487,4491
4527,361.8428440153702,-361.8428440153702,4492
4528,361.82504095839386,-361.82504095839386,4493
4529,361.813478080283,-361.813478080283,4494
4530,361.81007946029507,-361.81007946029507,4495
4531,361.8263883065681,-361.8263883065681,4496
4532,361.8492573444555,-361.8492573444555,4497
4533,361.8571011637756,-361.8571011637756,4498
4534,361.87873702872275,-361.87873702872275,4499
4535,361.91630141134345,-361.91630141134345,4500
4536,361.9552398812493,-361.9552398812493,4501
4537,361.9853969729339,-361.9853969729339,4502
4538,362.00311196624256,-362.00311196624256,4503
4539,362.0229384076499,-362.0229384076499,4504
4540,362.03968013628497,-362.03968013628497,4505
4541,362.0580131489047,-362.0580131489047,4506
4542,362.0707780423953,-362.0707780423953,4507
4543,362.06931423364944,-362.06931423364944,4508
4544,362.06711983721914,-362.06711983721914,4509
4545,362.06123834747495,-362.06123834747495,4510
4546,362.0411053730874,-362.0411053730874,4511
4547,362.0214292296116,-362.0214292296116,4512
4548,362.8594709011534,-362.8594709011534,4513
4549,363.5896616024631,-363.5896616024631,4514
4550,363.7216345534248,-363.7216345534248,4515
4551,363.6953597187522,-363.6953597187522,4516
4552,363.68709345172294,-363.68709345172294,4517
4553,363.67930297812717,-363.67930297812717,4518
4554,363.6752762152238,-363.6752762152238,4519
4555,363.6878446923473,-363.6878446923473,4520
4556,363.70251717263403,-363.70251717263403,4521
4557,363.7176092052046,-363.7176092052046,4522
4558,363.77832293005696,-363.77832293005696,4523
4559,363.81878865098133,-363.81878865098133,4524
4560,363.9081085646173,-363.9081085646173,4525
4561,363.9330840799798,-363.9330840799798,4526
4562,363.949763564262,-363.949763564262,4527
4563,363.96335171577897,-363.96335171577897,4528
4564,363.97800259496694,-363.97800259496694,4529
4565,363.98813225479813,-363.98813225479813,4530
4566,364.0008810728584,-364.0008810728584,4531
4567,364.00629061035744,-364.00629061035744,4532
4568,364.0080196637785,-364.0080196637785,4533
4569,364.00428435594733,-364.00428435594733,4534
4570,363.98176108712346,-363.98176108712346,4535
4571,363.9582086391407,-363.9582086391407,4536
4572,363.930981953607,-363.930981953607,4537
4573,363.97236794932456,-363.97236794932456,4538
4574,364.04651104898045,-364.04651104898045,4539
4575,364.0287019262328,-364.0287019262328,4540
4576,364.0274675271375,-364.0274675271375,4541
4577,364.0288729058639,-364.0288729058639,4542
4578,364.02911162699354,-364.02911162699354,4543
4579,364.05218682185705,-364.05218682185705,4544
4580,364.06470794702886,-364.06470794702886,4545
4581,364.08850180330876,-364.08850180330876,4546
4582,364.11537280798154,-364.11537280798154,4547
4583,364.15410459993683,-364.15410459993683,4548
4584,364.1961836182741,-364.1961836182741,4549
4585,364.22480227735826,-364.22480227735826,4550
4586,364.23578886347076,-364.23578886347076,4551
4587,364.24886857723664,-364.24886857723664,4552
4588,364.2614699616669,-364.2614699616669,4553
4589,364.27259452325177,-364.27259452325177,4554
4590,364.29054853346173,-364.29054853346173,4555
4591,364.30529135894216,-364.30529135894216,4556
4592,364.3222178574012,-364.3222178574012,4557
4593,364.4358541614245,-364.4358541614245,4558
4594,364.4243758174318,-364.4243758174318,4559
4595,364.40837935102815,-364.40837935102815,4560
4596,364.3919153435815,-364.3919153435815,4561
4597,364.3662207273857,-364.3662207273857,4562
4598,364.33516198425673,-364.33516198425673,4563
4599,364.3135268217387,-364.3135268217387,4564
4600,364.29810220247595,-364.29810220247595,4565
4601,364.2883010092147,-364.2883010092147,4566
4602,364.28377538132537,-364.28377538132537,4567
4603,364.306748530817,-364.306748530817,4568
4604,364.34315768982094,-364.34315768982094,4569
4605,364.3715681035613,-364.3715681035613,4570
4606,364.40214753394326,-364.40214753394326,4571
4607,364.44622617199406,-364.44622617199406,4572
4608,364.48466738160243,-364.48466738160243,4573
4609,364.5133156576272,-364.5133156576272,4574
4610,364.52897470908,-364.52897470908,4575
4611,364.5446423671229,-364.5446423671229,4576
4612,364.5583890590774,-364.5583890590774,4577
4613,364.56994834371756,-364.56994834371756,4578
4614,364.5841451038122,-364.5841451038122,4579
4615,364.58468351382135,-364.58468351382135,4580
4616,365.2286480358479,-365.2286480358479,4581
4617,365.8931099033626,-365.8931099033626,4582
4618,366.4910793718774,-366.4910793718774,4583
4619,366.5071098952955,-366.5071098952955,4584
4620,366.5084377062155,-366.5084377062155,4585
4621,366.4820125227521,-366.4820125227521,4586
4622,366.45564738567066,-366.45564738567066,4587
4623,366.43168646441745,-366.43168646441745,4588
4624,366.41337096105025,-366.41337096105025,4589
4625,366.40542677073137,-366.40542677073137,4590
4626,366.40283178753606,-366.40283178753606,4591
4627,366.43297659501866,-366.43297659501866,4592
4628,366.4563856527642,-366.4563856527642,4593
4629,366.4787003866977,-366.4787003866977,4594
4630,366.50252352809656,-366.50252352809656,4595
4631,366.53052586165524,-366.53052586165524,4596
4632,366.562213120695,-366.562213120695,4597
4633,366.58512446350477,-366.58512446350477,4598
4634,366.5997379153746,-366.5997379153746,4599
4635,366.614094506044,-366.614094506044,4600
4636,366.63559875367247,-366.63559875367247,4601
4637,366.65164963754006,-366.65164963754006,4602
4638,366.66081787032203,-366.66081787032203,4603
4639,366.67068654125455,-366.67068654125455,4604
4640,366.68570922453017,-366.68570922453017,4605
4641,366.6986940900761,-366.6986940900761,4606
4642,366.69675011571985,-366.69675011571985,4607
4643,366.6921935931914,-366.6921935931914,4608
4644,366.6899685893957,-366.6899685893957,4609
4645,366.6798004084512,-366.6798004084512,4610
4646,366.6739049456803,-366.6739049456803,4611
4647,366.6692215485127,-366.6692215485127,4612
4648,366.6665653361157,-366.6665653361157,4613
4649,366.66343859649186,-366.66343859649186,4614
4650,366.66248529111857,-366.66248529111857,4615
4651,366.680725443896,-366.680725443896,4616
4652,366.7072623827278,-366.7072623827278,4617
4653,366.71975496283636,-366.71975496283636,4618
4654,366.7441561300119,-366.7441561300119,4619
4655,366.7799835811031,-366.7799835811031,4620
4656,366.82415287455694,-366.82415287455694,4621
4657,366.85952769511107,-366.85952769511107,4622
4658,366.8819246280257,-366.8819246280257,4623
4659,366.89912711346665,-366.89912711346665,4624
4660,366.91116289827295,-366.91116289827295,4625
4661,366.92425382275604,-366.92425382275604,4626
4662,366.934738157482,-366.934738157482,4627
4663,366.9462560155704,-366.9462560155704,4628
4664,366.94640078104084,-366.94640078104084,4629
4665,366.94596289758096,-366.94596289758096,4630
4666,366.93998086158314,-366.93998086158314,4631
4667,366.93550146884184,-366.93550146884184,4632
4668,366.9268273462198,-366.9268273462198,4633
4669,366.91518670448926,-366.91518670448926,4634
4670,366.90248633046923,-366.90248633046923,4635
4671,366.8884095335017,-366.8884095335017,4636
4672,366.8855702552354,-366.8855702552354,4637
4673,366.88291333879334,-366.88291333879334,4638
4674,366.9131632795177,-366.9131632795177,4639
4675,366.9355841033561,-366.9355841033561,4640
4676,366.96010870263495,-366.96010870263495,4641
4677,366.9814364233845,-366.9814364233845,4642
4678,367.01463395467846,-367.01463395467846,4643
4679,367.0457219691088,-367.0457219691088,4644
4680,367.085165103905,-367.085165103905,4645
4681,367.11686897867577,-367.11686897867577,4646
4682,367.1382176019543,-367.1382176019543,4647
4683,367.1544077125701,-367.1544077125701,4648
4684,367.17165945854765,-367.17165945854765,4649
4685,367.18425594857314,-367.18425594857314,4650
4686,367.2005560116444,-367.2005560116444,4651
4687,367.21372662248126,-367.21372662248126,4652
4688,367.27523921363,-367.27523921363,4653
4689,367.27706150119445,-367.27706150119445,4654
4690,367.2729099372599,-367.2729099372599,4655
4691,367.26378286713623,-367.26378286713623,4656
4692,367.25291044289776,-367.25291044289776,4657
4693,367.23120532904795,-367.23120532904795,4658
4694,367.2147173869994,-367.2147173869994,4659
4695,367.1956334588827,-367.1956334588827,4660
4696,367.181245855699,-367.181245855699,4661
4697,367.1708679401601,-367.1708679401601,4662
4698,367.16538410582575,-367.16538410582575,4663
4699,367.1924663820689,-367.1924663820689,4664
4700,367.21382017327545,-367.21382017327545,4665
4701,367.22940707616345,-367.22940707616345,4666
4702,367.2517219765196,-367.2517219765196,4667
4703,367.2942613836752,-367.2942613836752,4668
4704,367.32385537949415,-367.32385537949415,4669
4705,367.3534995515069,-367.3534995515069,4670
4706,367.36965688387323,-367.36965688387323,4671
4707,367.38434088573973,-367.38434088573973,4672
4708,367.3953624617238,-367.3953624617238,4673
4709,367.4074635966308,-367.4074635966308,4674
4710,367.4163670502688,-367.4163670502688,4675
4711,367.58767344847223,-367.58767344847223,4676
4712,368.2465401692338,-368.2465401692338,4677
4713,369.0549616384609,-369.0549616384609,4678
4714,369.48187142920005,-369.48187142920005,4679
4715,369.45943747887424,-369.45943747887424,4680
4716,369.43841955421505,-369.43841955421505,4681
4717,369.421919524822,-369.421919524822,4682
4718,369.4085521562487,-369.4085521562487,4683
4719,369.60839648877595,-369.60839648877595,4684
4720,370.28785331228175,-370.28785331228175,4685
4721,370.3283153181717,-370.3283153181717,4686
4722,370.3278332922663,-370.3278332922663,4687
4723,370.34661196802773,-370.34661196802773,4688
4724,370.3617717607356,-370.3617717607356,4689
4725,370.3825586652778,-370.3825586652778,4690
4726,370.41159126864034,-370.41159126864034,4691
4727,370.45156011256404,-370.45156011256404,4692
4728,370.49310658216933,-370.49310658216933,4693
4729,370.5186036677186,-370.5186036677186,4694
4730,370.53404535273023,-370.53404535273023,4695
4731,370.55296568366447,-370.55296568366447,4696
4732,370.5725558458892,-370.5725558458892,4697
4733,370.59093736914605,-370.59093736914605,4698
4734,370.6064052612169,-370.6064052612169,4699
4735,370.98610424809266,-370.98610424809266,4700
4736,370.9959280651324,-370.9959280651324,4701
4737,371.6843088325802,-371.6843088325802,4702
4738,372.7205349567904,-372.7205349567904,4703
4739,373.5307664520252,-373.5307664520252,4704
4740,373.60501684039167,-373.60501684039167,4705
4741,373.57871608530417,-373.57871608530417,4706
4742,373.5442994876575,-373.5442994876575,4707
4743,373.51946321248005,-373.51946321248005,4708
4744,373.5060996577465,-373.5060996577465,4709
4745,373.5009810989799,-373.5009810989799,4710
4746,373.4995318959817,-373.4995318959817,4711
4747,373.5199048345569,-373.5199048345569,4712
4748,373.5402232320512,-373.5402232320512,4713
4749,373.5651453137592,-373.5651453137592,4714
4750,373.5843051599332,-373.5843051599332,4715
4751,373.6283967007872,-373.6283967007872,4716
4752,373.66788939137894,-373.66788939137894,4717
4753,373.68457733703434,-373.68457733703434,4718
4754,373.7016845432247,-373.7016845432247,4719
4755,373.7128000695279,-373.7128000695279,4720
4756,373.7287759007383,-373.7287759007383,4721
4757,373.7425986974914,-373.7425986974914,4722
4758,373.7589943936146,-373.7589943936146,4723
4759,373.76865681516864,-373.76865681516864,4724
4760,373.8058452413852,-373.8058452413852,4725
4761,373.8191666073679,-373.8191666073679,4726
4762,373.81640541609465,-373.81640541609465,4727
4763,373.79954082016883,-373.79954082016883,4728
4764,373.78250919190947,-373.78250919190947,4729
4765,373.7509259288483,-373.7509259288483,4730
4766,373.72631791789263,-373.72631791789263,4731
4767,373.7022938219909,-373.7022938219909,4732
4768,373.68776568377115,-373.68776568377115,4733
4769,373.6796262921766,-373.6796262921766,4734
4770,373.6762365685015,-373.6762365685015,4735
4771,373.6955391307789,-373.6955391307789,4736
4772,373.71480572730917,-373.71480572730917,4737
4773,373.72729480218567,-373.72729480218567,4738
4774,373.75058417424606,-373.75058417424606,4739
4775,373.79157741753363,-373.79157741753363,4740
4776,373.8347230178726,-373.8347230178726,4741
4777,373.86438235931297,-373.86438235931297,4742
4778,373.8758833614567,-373.8758833614567,4743
4779,373.8889896681244,-373.8889896681244,4744
4780,373.900521196886,-373.900521196886,4745
4781,373.91206415175344,-373.91206415175344,4746
4782,373.920987210016,-373.920987210016,4747
4783,373.93350214054755,-373.93350214054755,4748
4784,373.9564694719445,-373.9564694719445,4749
4785,373.9652774168072,-373.9652774168072,4750
4786,373.94938123312147,-373.94938123312147,4751
4787,373.93876353152723,-373.93876353152723,4752
4788,373.92383794615563,-373.92383794615563,4753
4789,373.8928150096499,-373.8928150096499,4754
4790,373.8745175210361,-373.8745175210361,4755
4791,373.8570133967693,-373.8570133967693,4756
4792,373.8483553763798,-373.8483553763798,4757
4793,373.84149595993296,-373.84149595993296,4758
4794,373.838359512008,-373.838359512008,4759
4795,373.8613261268461,-373.8613261268461,4760
4796,373.88688323884986,-373.88688323884986,4761
4797,373.89936082906246,-373.89936082906246,4762
4798,373.9366813681579,-373.9366813681579,4763
4799,373.96621651233943,-373.96621651233943,4764
4800,374.0072492952594,-374.0072492952594,4765
4801,374.03120856368736,-374.03120856368736,4766
4802,374.0437480152196,-374.0437480152196,4767
4803,374.0568292036283,-374.0568292036283,4768
4804,374.0746196166639,-374.0746196166639,4769
4805,374.0851555338368,-374.0851555338368,4770
4806,374.0993176748309,-374.0993176748309,4771
4807,374.097834986535,-374.097834986535,4772
4808,374.09574099942563,-374.09574099942563,4773
4809,374.0908691780098,-374.0908691780098,4774
4810,374.0716140817064,-374.0716140817064,4775
4811,374.05027713229475,-374.05027713229475,4776
4812,374.0277057394107,-374.0277057394107,4777
4813,374.78236615218736,-374.78236615218736,4778
4814,374.8750553042867,-374.8750553042867,4779
4815,374.863815315303,-374.863815315303,4780
4816,374.84773854444046,-374.84773854444046,4781
4817,374.8429429557236,-374.8429429557236,4782
4818,374.8376626040197,-374.8376626040197,4783
4819,374.8569709878098,-374.8569709878098,4784
4820,374.87626108966873,-374.87626108966873,4785
4821,374.89026111653766,-374.89026111653766,4786
4822,374.91256734281905,-374.91256734281905,4787
4823,374.94368669115937,-374.94368669115937,4788
4824,374.97383690141953,-374.97383690141953,4789
4825,374.99365022244297,-374.99365022244297,4790
4826,375.00722912760676,-375.00722912760676,4791
4827,375.0208208340222,-375.0208208340222,4792
4828,375.03185474916467,-375.03185474916467,4793
4829,375.0440284413167,-375.0440284413167,4794
4830,375.0546668074094,-375.0546668074094,4795
4831,375.0534809398662,-375.0534809398662,4796
4832,375.05332979823487,-375.05332979823487,4797
4833,375.0483040999487,-375.0483040999487,4798
4834,375.0313524035089,-375.0313524035089,4799
4835,375.00577127023,-375.00577127023,4800
4836,374.97748672532947,-374.97748672532947,4801
4837,374.9357168532306,-374.9357168532306,4802
4838,374.8999266923199,-374.8999266923199,4803
4839,374.8728919442492,-374.8728919442492,4804
4840,374.8625372631026,-374.8625372631026,4805
4841,374.8823575661329,-374.8823575661329,4806
4842,374.8813459648513,-374.8813459648513,4807
4843,374.91207167868316,-374.91207167868316,4808
4844,374.9448670125553,-374.9448670125553,4809
4845,374.9760468164513,-374.9760468164513,4810
4846,375.0054821105862,-375.0054821105862,4811
4847,375.0439050115802,-375.0439050115802,4812
4848,375.06731974025377,-375.06731974025377,4813
4849,375.0985413957032,-375.0985413957032,4814
4850,375.1136840075937,-375.1136840075937,4815
4851,375.1272940353546,-375.1272940353546,4816
4852,375.14196594951306,-375.14196594951306,4817
4853,375.1567649910574,-375.1567649910574,4818
4854,375.17159781729316,-375.17159781729316,4819
4855,375.17150476971,-375.17150476971,4820
4856,375.16819840328685,-375.16819840328685,4821
4857,375.1591895916548,-375.1591895916548,4822
4858,375.1363306305713,-375.1363306305713,4823
4859,375.11008885052036,-375.11008885052036,4824
4860,375.0827591957233,-375.0827591957233,4825
4861,375.04056068201425,-375.04056068201425,4826
4862,375.0133844912933,-375.0133844912933,4827
4863,374.97998821630665,-374.97998821630665,4828
4864,374.96087676647034,-374.96087676647034,4829
4865,374.9515653867645,-374.9515653867645,4830
4866,374.9470340431823,-374.9470340431823,4831
4867,374.9579513591701,-374.9579513591701,4832
4868,374.9813482049674,-374.9813482049674,4833
4869,375.002111576353,-375.002111576353,4834
4870,375.02701375580926,-375.02701375580926,4835
4871,375.06841573268593,-375.06841573268593,4836
4872,375.1084055318857,-375.1084055318857,4837
4873,375.1422266354114,-375.1422266354114,4838
4874,375.1541053120951,-375.1541053120951,4839
4875,375.16562684491606,-375.16562684491606,4840
4876,375.1808054603055,-375.1808054603055,4841
4877,375.1923095731669,-375.1923095731669,4842
4878,375.20298600484904,-375.20298600484904,4843
4879,375.21461738180705,-375.21461738180705,4844
4880,375.21043485750425,-375.21043485750425,4845
4881,375.2011313335057,-375.2011313335057,4846
4882,375.1758074808786,-375.1758074808786,4847
4883,375.2959836871622,-375.2959836871622,4848
4884,375.6850119429845,-375.6850119429845,4849
4885,376.1341036001632,-376.1341036001632,4850
4886,376.67591649428385,-376.67591649428385,4851
4887,376.9027462363462,-376.9027462363462,4852
4888,376.88466148733784,-376.88466148733784,4853
4889,376.8736833479368,-376.8736833479368,4854
4890,376.87024545521587,-376.87024545521587,4855
4891,376.88746886997535,-376.88746886997535,4856
4892,376.9078074072162,-376.9078074072162,4857
4893,376.9296244196986,-376.9296244196986,4858
4894,376.95018465971236,-376.95018465971236,4859
4895,376.98529155791897,-376.98529155791897,4860
4896,377.0164451662259,-377.0164451662259,4861
4897,377.0456012974274,-377.0456012974274,4862
4898,377.0591777669877,-377.0591777669877,4863
4899,377.07587308413747,-377.07587308413747,4864
4900,377.08897982418983,-377.08897982418983,4865
4901,377.1047392171886,-377.1047392171886,4866
4902,377.11878935377183,-377.11878935377183,4867
4903,377.1326852197352,-377.1326852197352,4868
4904,377.1346748670909,-377.1346748670909,4869
4905,377.12904427595737,-377.12904427595737,4870
4906,377.10597626343343,-377.10597626343343,4871
4907,377.0746997695367,-377.0746997695367,4872
4908,377.0329829638955,-377.0329829638955,4873
4909,377.00100046790993,-377.00100046790993,4874
4910,376.96385126756104,-376.96385126756104,4875
4911,376.93050420412055,-376.93050420412055,4876
4912,376.91182937805115,-376.91182937805115,4877
4913,376.901316895344,-376.901316895344,4878
4914,376.89773910858355,-376.89773910858355,4879
4915,376.91791900497714,-376.91791900497714,4880
4916,376.93461240532173,-376.93461240532173,4881
4917,376.9600853080805,-376.9600853080805,4882
4918,376.9844717026674,-376.9844717026674,4883
4919,377.0285919865238,-377.0285919865238,4884
4920,377.07623218018006,-377.07623218018006,4885
4921,377.0943271521065,-377.0943271521065,4886
4922,377.1058133099181,-377.1058133099181,4887
4923,377.11524256239534,-377.11524256239534,4888
4924,377.1288513200403,-377.1288513200403,4889
4925,377.1409604728207,-377.1409604728207,4890
4926,377.159491503203,-377.159491503203,4891
4927,377.1731398399741,-377.1731398399741,4892
4928,377.16972517837337,-377.16972517837337,4893
4929,377.15933845059106,-377.15933845059106,4894
4930,377.1574972328821,-377.1574972328821,4895
4931,378.066829123012,-378.066829123012,4896
4932,378.84936431036044,-378.84936431036044,4897
4933,379.413778356985,-379.413778356985,4898
4934,380.0797354166159,-380.0797354166159,4899
4935,380.3274250159305,-380.3274250159305,4900
4936,380.31019086951636,-380.31019086951636,4901
4937,380.2980602316587,-380.2980602316587,4902
4938,380.2952706111241,-380.2952706111241,4903
4939,380.3120061495042,-380.3120061495042,4904
4940,380.34009423565783,-380.34009423565783,4905
4941,380.36813611599825,-380.36813611599825,4906
4942,380.3914098109495,-380.3914098109495,4907
4943,380.43481619741186,-380.43481619741186,4908
4944,380.47277585260423,-380.47277585260423,4909
4945,380.49831457297387,-380.49831457297387,4910
4946,380.5165796975773,-380.5165796975773,4911
4947,380.52965260580254,-380.52965260580254,4912
4948,380.5422237624894,-380.5422237624894,4913
4949,380.55343840822246,-380.55343840822246,4914
4950,380.56864031262427,-380.56864031262427,4915
4951,380.5858823751595,-380.5858823751595,4916
4952,380.59011094425546,-380.59011094425546,4917
4953,381.2204173846743,-381.2204173846743,4918
4954,381.20009057633007,-381.20009057633007,4919
4955,381.16869038552704,-381.16869038552704,4920
4956,381.12925214496096,-381.12925214496096,4921
4957,381.0986013627376,-381.0986013627376,4922
4958,381.06436015517676,-381.06436015517676,4923
4959,381.0353356836088,-381.0353356836088,4924
4960,381.02454188438736,-381.02454188438736,4925
4961,381.0141140869514,-381.0141140869514,4926
4962,381.01180024734225,-381.01180024734225,4927
4963,381.0257277823442,-381.0257277823442,4928
4964,381.0484749244384,-381.0484749244384,4929
4965,381.08327971384296,-381.08327971384296,4930
4966,381.11073535371924,-381.11073535371924,4931
4967,381.1422274612544,-381.1422274612544,4932
4968,381.17080463410844,-381.17080463410844,4933
4969,381.1822813896243,-381.1822813896243,4934
4970,381.1958534293058,-381.1958534293058,4935
4971,381.2078879811149,-381.2078879811149,4936
4972,381.2238468863205,-381.2238468863205,4937
4973,381.2406966646378,-381.2406966646378,4938
4974,381.2533637351021,-381.2533637351021,4939
4975,381.26479316678365,-381.26479316678365,4940
4976,381.2604147176376,-381.2604147176376,4941
4977,381.2513142611388,-381.2513142611388,4942
4978,381.22874183291725,-381.22874183291725,4943
4979,381.1985694456142,-381.1985694456142,4944
4980,381.16306801707645,-381.16306801707645,4945
4981,381.13031407974967,-381.13031407974967,4946
4982,381.09818843276344,-381.09818843276344,4947
4983,381.077973735565,-381.077973735565,4948
4984,381.19769585326395,-381.19769585326395,4949
4985,381.4966222749997,-381.4966222749997,4950
4986,381.4971216407643,-381.4971216407643,4951
4987,381.5167511190196,-381.5167511190196,4952
4988,381.5375085794281,-381.5375085794281,4953
4989,381.5588009180628,-381.5588009180628,4954
4990,381.57540115039865,-381.57540115039865,4955
4991,381.6143648381506,-381.6143648381506,4956
4992,381.65339177089254,-381.65339177089254,4957
4993,381.66526268976406,-381.66526268976406,4958
4994,381.6757286619976,-381.6757286619976,4959
4995,381.68760472054896,-381.68760472054896,4960
4996,381.70017006954845,-381.70017006954845,4961
4997,381.7164282932182,-381.7164282932182,4962
4998,381.9762620263008,-381.9762620263008,4963
4999,382.6333132160943,-382.6333132160943,4964
5000,382.89607093500325,-382.89607093500325,4965
5001,382.89032233999416,-382.89032233999416,4966
5002,382.8827834363061,-382.8827834363061,4967
5003,382.88055812256584,-382.88055812256584,4968
5004,382.87758498339434,-382.87758498339434,4969
5005,382.89860779785806,-382.89860779785806,4970
5006,383.2988955249975,-383.2988955249975,4971
5007,384.17453558847563,-384.17453558847563,4972
5008,384.4388612152335,-384.4388612152335,4973
5009,384.6684882963322,-384.6684882963322,4974
5010,384.6686829014188,-384.6686829014188,4975
5011,384.6885044207837,-384.6885044207837,4976
5012,384.71556524047116,-384.71556524047116,4977
5013,384.74000078103717,-384.74000078103717,4978
5014,384.7664216190443,-384.7664216190443,4979
5015,384.7974070604669,-384.7974070604669,4980
5016,384.85238140073534,-384.85238140073534,4981
5017,384.8684934296614,-384.8684934296614,4982
5018,384.8845522161992,-384.8845522161992,4983
5019,384.8985019241575,-384.8985019241575,4984
5020,384.9121389954446,-384.9121389954446,4985
5021,384.92380245225576,-384.92380245225576,4986
5022,384.93441117762524,-384.93441117762524,4987
5023,384.95443964243486,-384.95443964243486,4988
5024,384.9681422482408,-384.9681422482408,4989
5025,384.9890336583821,-384.9890336583821,4990
5026,385.00723317852163,-385.00723317852163,4991
5027,385.0058139186354,-385.0058139186354,4992
5028,384.9907838869483,-384.9907838869483,4993
5029,384.95615601937465,-384.95615601937465,4994
5030,384.9182951352006,-384.9182951352006,4995
5031,384.88783038167696,-384.88783038167696,4996
5032,384.8916608372488,-384.8916608372488,4997
5033,384.88443516096805,-384.88443516096805,4998
5034,384.8819776434208,-384.8819776434208,4999
5035,384.8992036692346,-384.8992036692346,5000
5036,384.921054945741,-384.921054945741,5001
5037,384.9517103994414,-384.9517103994414,5002
5038,384.9911183593314,-384.9911183593314,5003
5039,385.035692383945,-385.035692383945,5004
5040,385.0646856751417,-385.0646856751417,5005
5041,385.0917619969471,-385.0917619969471,5006
5042,385.111955769672,-385.111955769672,5007
5043,385.125535923901,-385.125535923901,5008
5044,385.14068736190484,-385.14068736190484,5009
5045,385.1516638486988,-385.1516638486988,5010
5046,385.16166810783017,-385.16166810783017,5011
5047,385.1763488821535,-385.1763488821535,5012
5048,385.23578550681077,-385.23578550681077,5013
5049,386.1349400522509,-386.1349400522509,5014
5050,387.1333866869288,-387.1333866869288,5015
5051,387.6325434688347,-387.6325434688347,5016
5052,387.81322382939163,-387.81322382939163,5017
5053,388.36411863944903,-388.36411863944903,5018
5054,388.3286108685844,-388.3286108685844,5019
5055,388.29705736008475,-388.29705736008475,5020
5056,388.2895089063376,-388.2895089063376,5021
5057,388.28674213092074,-388.28674213092074,5022
5058,388.31624153998945,-388.31624153998945,5023
5059,388.34019472787384,-388.34019472787384,5024
5060,388.35371258382565,-388.35371258382565,5025
5061,388.37236311715384,-388.37236311715384,5026
5062,388.3965658091751,-388.3965658091751,5027
5063,388.43639985816094,-388.43639985816094,5028
5064,388.4777993081252,-388.4777993081252,5029
5065,388.5187122359003,-388.5187122359003,5030
5066,388.5465235697522,-388.5465235697522,5031
5067,388.5612117699485,-388.5612117699485,5032
5068,388.5787517684294,-388.5787517684294,5033
5069,388.5968184202687,-388.5968184202687,5034
5070,388.61714851605274,-388.61714851605274,5035
5071,388.6168226025788,-388.6168226025788,5036
5072,388.61183129146855,-388.61183129146855,5037
5073,388.60297986207536,-388.60297986207536,5038
5074,388.5879141338634,-388.5879141338634,5039
5075,388.5772746741693,-388.5772746741693,5040
5076,388.5630880044596,-388.5630880044596,5041
5077,388.551410556659,-388.551410556659,5042
5078,388.53739320607804,-388.53739320607804,5043
5079,388.52947363582376,-388.52947363582376,5044
5080,388.5305054820774,-388.5305054820774,5045
5081,388.5490623641606,-388.5490623641606,5046
5082,388.56940031441974,-388.56940031441974,5047
5083,388.5944521543796,-388.5944521543796,5048
5084,388.6194835052831,-388.6194835052831,5049
5085,388.68702062438285,-388.68702062438285,5050
5086,388.71709326132805,-388.71709326132805,5051
5087,388.76428157571917,-388.76428157571917,5052
5088,388.81978778811447,-388.81978778811447,5053
5089,388.8648318129954,-388.8648318129954,5054
5090,388.88463620938006,-388.88463620938006,5055
5091,388.8987496538597,-388.8987496538597,5056
5092,388.9165187462205,-388.9165187462205,5057
5093,388.93333856286597,-388.93333856286597,5058
5094,388.9460927173715,-388.9460927173715,5059
5095,388.94567383676804,-388.94567383676804,5060
5096,388.98646350962713,-388.98646350962713,5061
5097,389.6268725994353,-389.6268725994353,5062
5098,390.46927015951053,-390.46927015951053,5063
5099,390.4411278416182,-390.4411278416182,5064
5100,390.40500398177363,-390.40500398177363,5065
5101,390.367601884509,-390.367601884509,5066
5102,390.33700313847703,-390.33700313847703,5067
5103,390.3060140459026,-390.3060140459026,5068
5104,390.64680760604796,-390.64680760604796,5069
5105,390.6387830818371,-390.6387830818371,5070
5106,390.6362117471411,-390.6362117471411,5071
5107,390.6611761357331,-390.6611761357331,5072
5108,390.7171871019181,-390.7171871019181,5073
5109,390.74626919064326,-390.74626919064326,5074
5110,390.7871948471182,-390.7871948471182,5075
5111,390.82809879887145,-390.82809879887145,5076
5112,390.87218983831275,-390.87218983831275,5077
5113,390.9075496296807,-390.9075496296807,5078
5114,390.93255114838786,-390.93255114838786,5079
5115,390.9457211252273,-390.9457211252273,5080
5116,390.960843942577,-390.960843942577,5081
5117,390.9758171651316,-390.9758171651316,5082
5118,390.9896237963182,-390.9896237963182,5083
5119,390.98800754152956,-390.98800754152956,5084
5120,391.44648324798317,-391.44648324798317,5085
5121,392.1084934076999,-392.1084934076999,5086
5122,392.19166797696965,-392.19166797696965,5087
5123,392.1800585542879,-392.1800585542879,5088
5124,392.1517228597558,-392.1517228597558,5089
5125,392.14356112021096,-392.14356112021096,5090
5126,392.1338386538563,-392.1338386538563,5091
5127,392.1230590854517,-392.1230590854517,5092
5128,392.12368748469544,-392.12368748469544,5093
5129,392.1226659861588,-392.1226659861588,5094
5130,392.12033231088986,-392.12033231088986,5095
5131,392.1400345671278,-392.1400345671278,5096
5132,392.1577265702601,-392.1577265702601,5097
5133,392.17691390123946,-392.17691390123946,5098
5134,392.202818702541,-392.202818702541,5099
5135,392.24740571026155,-392.24740571026155,5100
5136,392.2800879460233,-392.2800879460233,5101
5137,392.3112711655981,-392.3112711655981,5102
5138,392.3284876341179,-392.3284876341179,5103
5139,392.3435599384198,-392.3435599384198,5104
5140,392.362689678901,-392.362689678901,5105
5141,392.3767988956874,-392.3767988956874,5106
5142,392.3898027641268,-392.3898027641268,5107
5143,392.39954231574524,-392.39954231574524,5108
5144,392.39803600029785,-392.39803600029785,5109
5145,392.3956143167538,-392.3956143167538,5110
5146,392.3916220851507,-392.3916220851507,5111
5147,392.38199437399476,-392.38199437399476,5112
5148,392.36564731941473,-392.36564731941473,5113
5149,392.3427971413887,-392.3427971413887,5114
5150,392.33062487370285,-392.33062487370285,5115
5151,392.31510461646786,-392.31510461646786,5116
5152,392.3092948907437,-392.3092948907437,5117
5153,392.3009710031357,-392.3009710031357,5118
5154,392.2978073118741,-392.2978073118741,5119
5155,392.31244817274984,-392.31244817274984,5120
5156,392.3359003109293,-392.3359003109293,5121
5157,392.3545979912785,-392.3545979912785,5122
5158,392.3856946102011,-392.3856946102011,5123
5159,392.4261769413199,-392.4261769413199,5124
5160,392.4646024564666,-392.4646024564666,5125
5161,392.50293589545714,-392.50293589545714,5126
5162,392.51962046326753,-392.51962046326753,5127
5163,392.53163647800767,-392.53163647800767,5128
5164,392.54627139129894,-392.54627139129894,5129
5165,392.55573448740984,-392.55573448740984,5130
5166,392.5694258544298,-392.5694258544298,5131
5167,392.5798930427529,-392.5798930427529,5132
5168,392.57643114788794,-392.57643114788794,5133
5169,392.5686179823902,-392.5686179823902,5134
5170,392.5515342845435,-392.5515342845435,5135
5171,392.53199740529817,-392.53199740529817,5136
5172,392.50809438463426,-392.50809438463426,5137
5173,392.56469866587906,-392.56469866587906,5138
5174,393.1043273984116,-393.1043273984116,5139
5175,393.0986324129248,-393.0986324129248,5140
5176,393.0846329967976,-393.0846329967976,5141
5177,393.07267410624024,-393.07267410624024,5142
5178,393.07134997065,-393.07134997065,5143
5179,393.1005174458184,-393.1005174458184,5144
5180,393.1307247126339,-393.1307247126339,5145
5181,393.1717382836332,-393.1717382836332,5146
5182,393.2184169415808,-393.2184169415808,5147
5183,393.2749597944303,-393.2749597944303,5148
5184,393.3143934985157,-393.3143934985157,5149
5185,393.3450926886245,-393.3450926886245,5150
5186,393.3586665823279,-393.3586665823279,5151
5187,393.36965722958075,-393.36965722958075,5152
5188,393.3843281617193,-393.3843281617193,5153
5189,393.3958985211317,-393.3958985211317,5154
5190,393.4091775941025,-393.4091775941025,5155
5191,393.42562106014776,-393.42562106014776,5156
5192,393.4296590677328,-393.4296590677328,5157
5193,393.43649109004946,-393.43649109004946,5158
5194,393.437027368134,-393.437027368134,5159
5195,393.43594007559585,-393.43594007559585,5160
5196,393.42879783506334,-393.42879783506334,5161
5197,393.39741247441714,-393.39741247441714,5162
5198,393.37948925207155,-393.37948925207155,5163
5199,393.37362931446114,-393.37362931446114,5164
5200,393.36295115814977,-393.36295115814977,5165
5201,393.3588704159131,-393.3588704159131,5166
5202,393.3549187268048,-393.3549187268048,5167
5203,393.3798893606583,-393.3798893606583,5168
5204,393.5657380184882,-393.5657380184882,5169
5205,393.5999154882427,-393.5999154882427,5170
5206,393.71246430373,-393.71246430373,5171
5207,393.75640356730344,-393.75640356730344,5172
5208,393.7984679748649,-393.7984679748649,5173
5209,393.82502675700414,-393.82502675700414,5174
5210,393.8401722228449,-393.8401722228449,5175
5211,393.85429404656367,-393.85429404656367,5176
5212,393.8689528670923,-393.8689528670923,5177
5213,393.8784072522468,-393.8784072522468,5178
5214,393.8899843809913,-393.8899843809913,5179
5215,393.8906815950708,-393.8906815950708,5180
5216,393.88799612278325,-393.88799612278325,5181
5217,393.88284206110137,-393.88284206110137,5182
5218,393.86436748944203,-393.86436748944203,5183
5219,394.44113776450985,-394.44113776450985,5184
5220,394.5314472916517,-394.5314472916517,5185
5221,394.52998093780235,-394.52998093780235,5186
5222,394.51661123089275,-394.51661123089275,5187
5223,394.5055521694738,-394.5055521694738,5188
5224,394.5589408486472,-394.5589408486472,5189
5225,394.555833481769,-394.555833481769,5190
5226,394.5555489021884,-394.5555489021884,5191
5227,394.57949651810094,-394.57949651810094,5192
5228,394.5975676900532,-394.5975676900532,5193
5229,394.6741090030354,-394.6741090030354,5194
5230,394.7025959554163,-394.7025959554163,5195
5231,394.7466833346899,-394.7466833346899,5196
5232,394.7897968031321,-394.7897968031321,5197
5233,394.83399331545155,-394.83399331545155,5198
5234,394.8569177941767,-394.8569177941767,5199
5235,394.87518373626654,-394.87518373626654,5200
5236,394.8883104000669,-394.8883104000669,5201
5237,394.8983860142026,-394.8983860142026,5202
5238,394.91149119220694,-394.91149119220694,5203
5239,394.922851241474,-394.922851241474,5204
5240,394.9202138310254,-394.9202138310254,5205
5241,395.60583566978704,-395.60583566978704,5206
5242,396.2446051865943,-396.2446051865943,5207
5243,396.3435180545976,-396.3435180545976,5208
5244,396.34401311186537,-396.34401311186537,5209
5245,396.3254719989764,-396.3254719989764,5210
5246,396.3050409098266,-396.3050409098266,5211
5247,396.2882206314524,-396.2882206314524,5212
5248,396.27550431395736,-396.27550431395736,5213
5249,396.2675070812219,-396.2675070812219,5214
5250,396.2634268565658,-396.2634268565658,5215
5251,396.28214937512666,-396.28214937512666,5216
5252,396.2981459475829,-396.2981459475829,5217
5253,396.3152963477983,-396.3152963477983,5218
5254,396.36508471649904,-396.36508471649904,5219
5255,396.3956462215562,-396.3956462215562,5220
5256,396.42207332424005,-396.42207332424005,5221
5257,396.45533076479535,-396.45533076479535,5222
5258,396.4652481806871,-396.4652481806871,5223
5259,396.4824765140097,-396.4824765140097,5224
5260,396.4997664031835,-396.4997664031835,5225
5261,396.52243258552056,-396.52243258552056,5226
5262,396.5393393269236,-396.5393393269236,5227
5263,396.5478014808886,-396.5478014808886,5228
5264,396.5423808343747,-396.5423808343747,5229
5265,396.53154116764813,-396.53154116764813,5230
5266,396.5108789013533,-396.5108789013533,5231
5267,396.488527585141,-396.488527585141,5232
5268,396.46461713194066,-396.46461713194066,5233
5269,396.4406007519664,-396.4406007519664,5234
5270,396.42466416943995,-396.42466416943995,5235
5271,396.40950488243635,-396.40950488243635,5236
5272,396.3938579268442,-396.3938579268442,5237
5273,396.3823292746637,-396.3823292746637,5238
5274,396.3798357310769,-396.3798357310769,5239
5275,396.40797936469556,-396.40797936469556,5240
5276,396.4288015189517,-396.4288015189517,5241
5277,396.44949712119677,-396.44949712119677,5242
5278,396.4733893523181,-396.4733893523181,5243
5279,396.49727391265856,-396.49727391265856,5244
5280,396.52206719016544,-396.52206719016544,5245
5281,396.54915437848393,-396.54915437848393,5246
5282,396.5615237658295,-396.5615237658295,5247
5283,396.5802906133683,-396.5802906133683,5248
5284,396.59388009284385,-396.59388009284385,5249
5285,396.60338845449695,-396.60338845449695,5250
5286,396.6146067611436,-396.6146067611436,5251
5287,396.6259102197529,-396.6259102197529,5252
5288,396.62320194127307,-396.62320194127307,5253
5289,396.61911181359784,-396.61911181359784,5254
5290,396.6007215229804,-396.6007215229804,5255
5291,396.5728454501694,-396.5728454501694,5256
5292,396.54188036037,-396.54188036037,5257
5293,396.50188089387075,-396.50188089387075,5258
5294,396.4645712415789,-396.4645712415789,5259
5295,396.43285780134744,-396.43285780134744,5260
5296,396.4176883034185,-396.4176883034185,5261
5297,396.40740999932643,-396.40740999932643,5262
5298,396.40212557573193,-396.40212557573193,5263
5299,396.4151730754268,-396.4151730754268,5264
5300,396.4282198246422,-396.4282198246422,5265
5301,396.51131939011674,-396.51131939011674,5266
5302,396.532124218944,-396.532124218944,5267
5303,396.55654337337506,-396.55654337337506,5268
5304,396.5778559868423,-396.5778559868423,5269
5305,396.60388357352065,-396.60388357352065,5270
5306,396.62522176697405,-396.62522176697405,5271
5307,396.63933773217144,-396.63933773217144,5272
5308,396.65295625536083,-396.65295625536083,5273
5309,396.6640235408126,-396.6640235408126,5274
5310,396.67626047208495,-396.67626047208495,5275
5311,396.6885042311718,-396.6885042311718,5276
5312,396.6891416979286,-396.6891416979286,5277
5313,396.6863424366888,-396.6863424366888,5278
5314,396.6655369941629,-396.6655369941629,5279
5315,396.65086524608324,-396.65086524608324,5280
5316,396.6318435610552,-396.6318435610552,5281
5317,396.6077965551426,-396.6077965551426,5282
5318,396.586440696223,-396.586440696223,5283
5319,396.56484054053993,-396.56484054053993,5284
5320,396.5655462318163,-396.5655462318163,5285
5321,396.58015224161585,-396.58015224161585,5286
5322,396.5917094143692,-396.5917094143692,5287
5323,396.6026071206279,-396.6026071206279,5288
5324,396.622181591801,-396.622181591801,5289
5325,396.63937064116965,-396.63937064116965,5290
5326,396.6638080100754,-396.6638080100754,5291
5327,396.6908398715883,-396.6908398715883,5292
5328,396.71577735347955,-396.71577735347955,5293
5329,396.74801158614804,-396.74801158614804,5294
5330,396.7626207571641,-396.7626207571641,5295
5331,396.77828891812175,-396.77828891812175,5296
5332,396.79449737872943,-396.79449737872943,5297
5333,396.8091879897585,-396.8091879897585,5298
5334,396.82075273618085,-396.82075273618085,5299
5335,396.8298693087555,-396.8298693087555,5300
5336,396.82734142860863,-396.82734142860863,5301
5337,396.8204862223526,-396.8204862223526,5302
5338,397.61699606211533,-397.61699606211533,5303
5339,398.49936540146126,-398.49936540146126,5304
5340,398.695149921726,-398.695149921726,5305
5341,398.667629553532,-398.667629553532,5306
5342,398.6400588580227,-398.6400588580227,5307
5343,398.6157434494,-398.6157434494,5308
5344,398.6068874239119,-398.6068874239119,5309
5345,398.5988431574788,-398.5988431574788,5310
5346,398.59467568624683,-398.59467568624683,5311
5347,398.60773419517926,-398.60773419517926,5312
5348,398.62391852748203,-398.62391852748203,5313
5349,398.65042829947777,-398.65042829947777,5314
5350,398.7304042671539,-398.7304042671539,5315
5351,398.774028478445,-398.774028478445,5316
5352,398.82232352463984,-398.82232352463984,5317
5353,398.86029202185574,-398.86029202185574,5318
5354,398.8774835098548,-398.8774835098548,5319
5355,398.8920972630178,-398.8920972630178,5320
5356,398.906739395114,-398.906739395114,5321
5357,398.92416375465547,-398.92416375465547,5322
5358,398.94361069225766,-398.94361069225766,5323
5359,398.9675118411914,-398.9675118411914,5324
5360,398.96476542980514,-398.96476542980514,5325
5361,398.9556772644301,-398.9556772644301,5326
5362,398.92839343087917,-398.92839343087917,5327
5363,398.89998786929687,-398.89998786929687,5328
5364,398.8651400154654,-398.8651400154654,5329
5365,398.83151845567244,-398.83151845567244,5330
5366,398.79959924621187,-398.79959924621187,5331
5367,398.77211459356016,-398.77211459356016,5332
5368,398.75701021622933,-398.75701021622933,5333
5369,398.75078635606036,-398.75078635606036,5334
5370,398.74870303840413,-398.74870303840413,5335
5371,398.7971345245473,-398.7971345245473,5336
5372,398.8262056809162,-398.8262056809162,5337
5373,398.8717194437314,-398.8717194437314,5338
5374,398.92875959133727,-398.92875959133727,5339
5375,398.96917488313244,-398.96917488313244,5340
5376,399.02003925563463,-399.02003925563463,5341
5377,399.05177265874005,-399.05177265874005,5342
5378,399.08871780359607,-399.08871780359607,5343
5379,399.10334937600834,-399.10334937600834,5344
5380,399.11751017804016,-399.11751017804016,5345
5381,399.13065366639245,-399.13065366639245,5346
5382,399.140841871989,-399.140841871989,5347
5383,399.1521476731158,-399.1521476731158,5348
5384,399.2379111126813,-399.2379111126813,5349
5385,399.99048844496366,-399.99048844496366,5350
5386,400.0343007452631,-400.0343007452631,5351
5387,400.00648586940065,-400.00648586940065,5352
5388,399.9736145312726,-399.9736145312726,5353
5389,399.93641383022145,-399.93641383022145,5354
5390,399.90208977499816,-399.90208977499816,5355
5391,399.8725748282535,-399.8725748282535,5356
5392,400.02547780037855,-400.02547780037855,5357
5393,400.32385712576354,-400.32385712576354,5358
5394,400.3200298470854,-400.3200298470854,5359
5395,400.33411230358996,-400.33411230358996,5360
5396,400.3543120242025,-400.3543120242025,5361
5397,400.3791745313205,-400.3791745313205,5362
5398,400.4170170443033,-400.4170170443033,5363
5399,400.4538062114734,-400.4538062114734,5364
5400,400.49947018483743,-400.49947018483743,5365
5401,400.542547295176,-400.542547295176,5366
5402,400.56857381982877,-400.56857381982877,5367
5403,400.5844105043624,-400.5844105043624,5368
5404,400.60277071571755,-400.60277071571755,5369
5405,400.6153498201753,-400.6153498201753,5370
5406,400.6300428175765,-400.6300428175765,5371
5407,400.6400858137722,-400.6400858137722,5372
5408,400.6382933967416,-400.6382933967416,5373
5409,400.63184907621877,-400.63184907621877,5374
5410,400.6109105402309,-400.6109105402309,5375
5411,400.582604449648,-400.582604449648,5376
5412,400.7579614399903,-400.7579614399903,5377
5413,401.720717479593,-401.720717479593,5378
5414,401.9569467581152,-401.9569467581152,5379
5415,401.9335663138741,-401.9335663138741,5380
5416,401.9226153075199,-401.9226153075199,5381
5417,401.912955977367,-401.912955977367,5382
5418,401.9120453627691,-401.9120453627691,5383
5419,401.9235772820058,-401.9235772820058,5384
5420,401.95012611116033,-401.95012611116033,5385
5421,401.9847618411499,-401.9847618411499,5386
5422,402.025743088393,-402.025743088393,5387
5423,402.064607470018,-402.064607470018,5388
5424,402.09882260843,-402.09882260843,5389
5425,402.1258500054504,-402.1258500054504,5390
5426,402.1382238220894,-402.1382238220894,5391
5427,402.1513144600441,-402.1513144600441,5392
5428,402.1675626257981,-402.1675626257981,5393
5429,402.18229375284943,-402.18229375284943,5394
5430,402.19715479510313,-402.19715479510313,5395
5431,402.2079278860845,-402.2079278860845,5396
5432,402.214011330523,-402.214011330523,5397
5433,402.2098595881541,-402.2098595881541,5398
5434,402.18785466101303,-402.18785466101303,5399
5435,402.15654130368256,-402.15654130368256,5400
5436,402.11588639770946,-402.11588639770946,5401
5437,402.0828702227876,-402.0828702227876,5402
5438,402.0494874672228,-402.0494874672228,5403
5439,402.01902020664625,-402.01902020664625,5404
5440,402.01136223243685,-402.01136223243685,5405
5441,402.00502593008184,-402.00502593008184,5406
5442,402.0032848914369,-402.0032848914369,5407
5443,402.02410736703087,-402.02410736703087,5408
5444,402.08173655727586,-402.08173655727586,5409
5445,402.11855069405135,-402.11855069405135,5410
5446,402.16990836711375,-402.16990836711375,5411
5447,402.2140237337771,-402.2140237337771,5412
5448,402.25128768104804,-402.25128768104804,5413
5449,402.2726605083188,-402.2726605083188,5414
5450,402.2891948710687,-402.2891948710687,5415
5451,402.2981128037325,-402.2981128037325,5416
5452,402.3106872600712,-402.3106872600712,5417
5453,402.3274618138133,-402.3274618138133,5418
5454,402.34022571526344,-402.34022571526344,5419
5455,402.35356406134224,-402.35356406134224,5420
5456,402.36423364611574,-402.36423364611574,5421
5457,402.37820264244135,-402.37820264244135,5422
5458,402.37135330575336,-402.37135330575336,5423
5459,402.3650469920696,-402.3650469920696,5424
5460,402.3505351828588,-402.3505351828588,5425
5461,402.619710278189,-402.619710278189,5426
5462,402.59717850363785,-402.59717850363785,5427
5463,402.5701858560593,-402.5701858560593,5428
5464,402.55548405369024,-402.55548405369024,5429
5465,402.5452611231182,-402.5452611231182,5430
5466,402.54298680975666,-402.54298680975666,5431
5467,402.56578161775707,-402.56578161775707,5432
5468,402.5865208093662,-402.5865208093662,5433
5469,402.60772098207406,-402.60772098207406,5434
5470,402.64970283765024,-402.64970283765024,5435
5471,402.7081977128855,-402.7081977128855,5436
5472,402.7575664792497,-402.7575664792497,5437
5473,402.7870833129935,-402.7870833129935,5438
5474,402.7989724286561,-402.7989724286561,5439
5475,402.8094273290283,-402.8094273290283,5440
5476,402.83026113972545,-402.83026113972545,5441
5477,402.8407502788962,-402.8407502788962,5442
5478,402.85126644306916,-402.85126644306916,5443
5479,402.85156365686737,-402.85156365686737,5444
5480,402.8502579961078,-402.8502579961078,5445
5481,402.8446329509348,-402.8446329509348,5446
5482,402.8254089028904,-402.8254089028904,5447
5483,402.80108696589303,-402.80108696589303,5448
5484,402.7704479950766,-402.7704479950766,5449
5485,402.731907056227,-402.731907056227,5450
5486,402.69756905934315,-402.69756905934315,5451
5487,402.6686232302516,-402.6686232302516,5452
5488,402.65562483016663,-402.65562483016663,5453
5489,402.6488021317369,-402.6488021317369,5454
5490,402.64563055431097,-402.64563055431097,5455
5491,402.66341221260495,-402.66341221260495,5456
5492,402.6863231970979,-402.6863231970979,5457
5493,402.809813421504,-402.809813421504,5458
5494,402.84757758772173,-402.84757758772173,5459
5495,402.89891022237896,-402.89891022237896,5460
5496,402.9325258555226,-402.9325258555226,5461
5497,402.96220492246044,-402.96220492246044,5462
5498,402.97630717673627,-402.97630717673627,5463
5499,402.99507188669816,-402.99507188669816,5464
5500,403.00922728600113,-403.00922728600113,5465
5501,403.0187938115043,-403.0187938115043,5466
5502,403.03047859776,-403.03047859776,5467
5503,403.04118570135756,-403.04118570135756,5468
5504,403.03987778373755,-403.03987778373755,5469
5505,403.03053243243386,-403.03053243243386,5470
5506,403.008903103997,-403.008903103997,5471
5507,402.9795634249945,-402.9795634249945,5472
5508,402.9447223548998,-402.9447223548998,5473
5509,402.908403729963,-402.908403729963,5474
5510,402.8769560606126,-402.8769560606126,5475
5511,402.84880436110257,-402.84880436110257,5476
5512,402.83367041828797,-402.83367041828797,5477
5513,402.8534197032272,-402.8534197032272,5478
5514,402.8519706513275,-402.8519706513275,5479
5515,402.8695594387732,-402.8695594387732,5480
5516,402.8910672340101,-402.8910672340101,5481
5517,402.97875615361613,-402.97875615361613,5482
5518,403.0124295303447,-403.0124295303447,5483
5519,403.051351242141,-403.051351242141,5484
5520,403.1121087035258,-403.1121087035258,5485
5521,403.14680738988244,-403.14680738988244,5486
5522,403.161395208657,-403.161395208657,5487
5523,403.1723967952804,-403.1723967952804,5488
5524,403.1870601421401,-403.1870601421401,5489
5525,403.2048789078002,-403.2048789078002,5490
5526,403.2145363540939,-403.2145363540939,5491
5527,403.2268625041163,-403.2268625041163,5492
5528,403.2279753317694,-403.2279753317694,5493
5529,403.2221409860941,-403.2221409860941,5494
5530,403.201182367245,-403.201182367245,5495
5531,403.17527184244835,-403.17527184244835,5496
5532,403.140516369299,-403.140516369299,5497
5533,403.1033369880223,-403.1033369880223,5498
5534,403.07022228774713,-403.07022228774713,5499
5535,403.06112161158836,-403.06112161158836,5500
5536,403.05007729649856,-403.05007729649856,5501
5537,403.0420874002974,-403.0420874002974,5502
5538,403.0396720159972,-403.0396720159972,5503
5539,403.0641048063058,-403.0641048063058,5504
5540,403.09406194405284,-403.09406194405284,5505
5541,403.13247853466515,-403.13247853466515,5506
5542,403.1972963562156,-403.1972963562156,5507
5543,403.2532448110183,-403.2532448110183,5508
5544,403.29426500280624,-403.29426500280624,5509
5545,403.3337955376508,-403.3337955376508,5510
5546,403.3638418577294,-403.3638418577294,5511
5547,403.37691241226406,-403.37691241226406,5512
5548,403.39417100058563,-403.39417100058563,5513
5549,403.41461652612946,-403.41461652612946,5514
5550,403.4273960192641,-403.4273960192641,5515
5551,403.4407363260114,-403.4407363260114,5516
5552,403.44427560961026,-403.44427560961026,5517
5553,403.4427721456622,-403.4427721456622,5518
5554,403.431001293103,-403.431001293103,5519
5555,403.41032838865584,-403.41032838865584,5520
5556,403.39401968565915,-403.39401968565915,5521
5557,403.35707094090697,-403.35707094090697,5522
5558,403.32971750885247,-403.32971750885247,5523
5559,403.30299541942514,-403.30299541942514,5524
5560,403.2909122234917,-403.2909122234917,5525
5561,403.2846925720411,-403.2846925720411,5526
5562,403.2820684828321,-403.2820684828321,5527
5563,403.2935558856853,-403.2935558856853,5528
5564,403.3163823117217,-403.3163823117217,5529
5565,403.3344317544504,-403.3344317544504,5530
5566,403.3696363938286,-403.3696363938286,5531
5567,403.4095654386954,-403.4095654386954,5532
5568,403.445359559228,-403.445359559228,5533
5569,403.48328053778846,-403.48328053778846,5534
5570,403.4973749666728,-403.4973749666728,5535
5571,403.5083647446371,-403.5083647446371,5536
5572,403.52196337822335,-403.52196337822335,5537
5573,403.5387616385942,-403.5387616385942,5538
5574,403.54937288305933,-403.54937288305933,5539
5575,403.5703683477811,-403.5703683477811,5540
5576,403.586335891768,-403.586335891768,5541
5577,403.5877588707166,-403.5877588707166,5542
5578,403.57448255044244,-403.57448255044244,5543
5579,403.56772075052396,-403.56772075052396,5544
5580,403.5535649221632,-403.5535649221632,5545
5581,403.5740357791157,-403.5740357791157,5546
5582,403.57311209578575,-403.57311209578575,5547
5583,403.5817556609213,-403.5817556609213,5548
5584,403.61444191117005,-403.61444191117005,5549
5585,403.6285363652699,-403.6285363652699,5550
5586,403.645276029827,-403.645276029827,5551
5587,403.6630222189886,-403.6630222189886,5552
5588,403.680763425469,-403.680763425469,5553
5589,403.71448894390113,-403.71448894390113,5554
5590,403.753902154775,-403.753902154775,5555
5591,403.7834546973086,-403.7834546973086,5556
5592,403.82965353718754,-403.82965353718754,5557
5593,403.8723017645374,-403.8723017645374,5558
5594,403.8947262688507,-403.8947262688507,5559
5595,403.9103799458172,-403.9103799458172,5560
5596,403.925526278198,-403.925526278198,5561
5597,403.9407141634649,-403.9407141634649,5562
5598,403.95339197208705,-403.95339197208705,5563
5599,403.9645339918604,-403.9645339918604,5564
5600,403.9623653488186,-403.9623653488186,5565
5601,403.9546192771042,-403.9546192771042,5566
5602,403.9323342702703,-403.9323342702703,5567
5603,403.9043326947387,-403.9043326947387,5568
5604,403.8698891356634,-403.8698891356634,5569
5605,403.8391446664468,-403.8391446664468,5570
5606,403.81363272546844,-403.81363272546844,5571
5607,403.79981819156046,-403.79981819156046,5572
5608,403.789245787003,-403.789245787003,5573
5609,403.78320406053626,-403.78320406053626,5574
5610,403.77973833406656,-403.77973833406656,5575
5611,403.80528215427427,-403.80528215427427,5576
5612,403.8281584422172,-403.8281584422172,5577
5613,403.84477237456497,-403.84477237456497,5578
5614,403.8790283777365,-403.8790283777365,5579
5615,403.92515843599995,-403.92515843599995,5580
5616,403.96925161443346,-403.96925161443346,5581
5617,403.98954188910807,-403.98954188910807,5582
5618,404.0025857795077,-404.0025857795077,5583
5619,404.0140881696816,-404.0140881696816,5584
5620,404.02976541138423,-404.02976541138423,5585
5621,404.04084037065826,-404.04084037065826,5586
5622,404.0525642686474,-404.0525642686474,5587
5623,404.0653926418999,-404.0653926418999,5588
5624,404.0637999896651,-404.0637999896651,5589
5625,404.055342328829,-404.055342328829,5590
5626,404.03492005285744,-404.03492005285744,5591
5627,404.0073028623144,-404.0073028623144,5592
5628,403.9726140396535,-403.9726140396535,5593
5629,403.93683161305444,-403.93683161305444,5594
5630,403.90585464584973,-403.90585464584973,5595
5631,403.87666094096676,-403.87666094096676,5596
5632,403.8607191187802,-403.8607191187802,5597
5633,403.8534046217126,-403.8534046217126,5598
5634,403.8505301754037,-403.8505301754037,5599
5635,403.9067116171099,-403.9067116171099,5600
5636,403.9358585338288,-403.9358585338288,5601
5637,403.9565951361274,-403.9565951361274,5602
5638,403.982467586218,-403.982467586218,5603
5639,404.0369400394111,-404.0369400394111,5604
5640,404.0598337382254,-404.0598337382254,5605
5641,404.08327639687224,-404.08327639687224,5606
5642,404.09633489949744,-404.09633489949744,5607
5643,404.10732796950504,-404.10732796950504,5608
5644,404.12199201642585,-404.12199201642585,5609
5645,404.13826050288725,-404.13826050288725,5610
5646,404.1494654566708,-404.1494654566708,5611
5647,404.16386706306935,-404.16386706306935,5612
5648,404.1649449461898,-404.1649449461898,5613
5649,404.1645870998126,-404.1645870998126,5614
5650,404.1466618472956,-404.1466618472956,5615
5651,404.1225295354365,-404.1225295354365,5616
5652,404.0968785964224,-404.0968785964224,5617
5653,404.07401158989046,-404.07401158989046,5618
5654,404.0522400520388,-404.0522400520388,5619
5655,404.0330451936756,-404.0330451936756,5620
5656,404.0283053648399,-404.0283053648399,5621
5657,404.0227904782667,-404.0227904782667,5622
5658,404.0188981632786,-404.0188981632786,5623
5659,404.0365972159476,-404.0365972159476,5624
5660,404.05276356326203,-404.05276356326203,5625
5661,404.06779779060946,-404.06779779060946,5626
5662,404.09626858907626,-404.09626858907626,5627
5663,404.12173768924583,-404.12173768924583,5628
5664,404.1493002140813,-404.1493002140813,5629
5665,404.16391872048587,-404.16391872048587,5630
5666,404.17646659200574,-404.17646659200574,5631
5667,404.19107461422243,-404.19107461422243,5632
5668,404.2072513238205,-404.2072513238205,5633
5669,404.2193476721252,-404.2193476721252,5634
5670,404.23410663086446,-404.23410663086446,5635
5671,404.2442484907535,-404.2442484907535,5636
5672,404.24221932955726,-404.24221932955726,5637
5673,404.23587175484204,-404.23587175484204,5638
5674,404.22067575107195,-404.22067575107195,5639
5675,404.20802258482456,-404.20802258482456,5640
5676,404.19377272875613,-404.19377272875613,5641
5677,404.1633937779425,-404.1633937779425,5642
5678,404.1479378480194,-404.1479378480194,5643
5679,404.1302543073594,-404.1302543073594,5644
5680,404.1218967357804,-404.1218967357804,5645
5681,404.11564105474946,-404.11564105474946,5646
5682,404.1119531441961,-404.1119531441961,5647
5683,404.1323020666743,-404.1323020666743,5648
5684,404.1941449978437,-404.1941449978437,5649
5685,404.2362083556438,-404.2362083556438,5650
5686,404.2850257238661,-404.2850257238661,5651
5687,404.33422713720364,-404.33422713720364,5652
5688,404.3768739576061,-404.3768739576061,5653
5689,404.40640011398847,-404.40640011398847,5654
5690,404.4225587645081,-404.4225587645081,5655
5691,404.4434063385089,-404.4434063385089,5656
5692,404.461183752111,-404.461183752111,5657
5693,404.47326810338734,-404.47326810338734,5658
5694,404.4870428376863,-404.4870428376863,5659
5695,404.49824306543536,-404.49824306543536,5660
5696,404.4963560053029,-404.4963560053029,5661
5697,404.4899738824527,-404.4899738824527,5662
5698,404.47257816131855,-404.47257816131855,5663
5699,404.4605809905026,-404.4605809905026,5664
5700,404.4524215546106,-404.4524215546106,5665
5701,404.4305490822703,-404.4305490822703,5666
5702,404.4197795272411,-404.4197795272411,5667
5703,404.40810251248087,-404.40810251248087,5668
5704,404.40792164460964,-404.40792164460964,5669
5705,404.40930166577306,-404.40930166577306,5670
5706,404.41157370290415,-404.41157370290415,5671
5707,404.4390275019626,-404.4390275019626,5672
5708,404.47742113334,-404.47742113334,5673
5709,404.5723505818009,-404.5723505818009,5674
5710,404.6257511287837,-404.6257511287837,5675
5711,404.67643987535234,-404.67643987535234,5676
5712,404.719030609347,-404.719030609347,5677
5713,404.75854664356484,-404.75854664356484,5678
5714,404.78610311824525,-404.78610311824525,5679
5715,404.80071656885445,-404.80071656885445,5680
5716,404.81537116690885,-404.81537116690885,5681
5717,404.8326753018988,-404.8326753018988,5682
5718,404.8443688746302,-404.8443688746302,5683
5719,404.84513118598005,-404.84513118598005,5684
5720,404.84456555933195,-404.84456555933195,5685
5721,404.83980713214464,-404.83980713214464,5686
5722,404.8285749367844,-404.8285749367844,5687
5723,404.81707603346143,-404.81707603346143,5688
5724,404.7965652376133,-404.7965652376133,5689
5725,404.7580155960153,-404.7580155960153,5690
5726,404.72584282009166,-404.72584282009166,5691
5727,404.71654820347663,-404.71654820347663,5692
5728,404.7041521504377,-404.7041521504377,5693
5729,404.69428650415233,-404.69428650415233,5694
5730,404.6920371248671,-404.6920371248671,5695
5731,404.71274920230167,-404.71274920230167,5696
5732,404.7296787857142,-404.7296787857142,5697
5733,404.7534846330318,-404.7534846330318,5698
5734,404.79130321824925,-404.79130321824925,5699
5735,404.8322603045352,-404.8322603045352,5700
5736,404.8737638854865,-404.8737638854865,5701
5737,404.9101299951621,-404.9101299951621,5702
5738,404.9346116890607,-404.9346116890607,5703
5739,404.94873021519976,-404.94873021519976,5704
5740,404.9633973300699,-404.9633973300699,5705
5741,404.9761013275447,-404.9761013275447,5706
5742,404.99192989933357,-404.99192989933357,5707
5743,405.0041371208374,-405.0041371208374,5708
5744,405.014344915504,-405.014344915504,5709
5745,405.02804444806554,-405.02804444806554,5710
5746,405.0204547756825,-405.0204547756825,5711
5747,405.01211628365536,-405.01211628365536,5712
5748,405.00883981647985,-405.00883981647985,5713
5749,404.9931946348006,-404.9931946348006,5714
5750,404.9818026115159,-404.9818026115159,5715
5751,404.97314472989615,-404.97314472989615,5716
5752,404.9754063049918,-404.9754063049918,5717
5753,405.0108954084108,-405.0108954084108,5718
5754,405.01121787161105,-405.01121787161105,5719
5755,405.04767700504465,-405.04767700504465,5720
5756,405.0757766034915,-405.0757766034915,5721
5757,405.10535681038886,-405.10535681038886,5722
5758,405.14736153703166,-405.14736153703166,5723
5759,405.19129103317806,-405.19129103317806,5724
5760,405.22138094315517,-405.22138094315517,5725
5761,405.2467122258373,-405.2467122258373,5726
5762,405.26028359008853,-405.26028359008853,5727
5763,405.2717762855193,-405.2717762855193,5728
5764,405.2905433081773,-405.2905433081773,5729
5765,405.30101977963915,-405.30101977963915,5730
5766,405.3105035549283,-405.3105035549283,5731
5767,405.3124988033719,-405.3124988033719,5732
5768,405.31314082763726,-405.31314082763726,5733
5769,405.31394310231076,-405.31394310231076,5734
5770,405.29816421820175,-405.29816421820175,5735
5771,405.27586199312947,-405.27586199312947,5736
5772,405.24962810330993,-405.24962810330993,5737
5773,405.21956417730195,-405.21956417730195,5738
5774,405.1978362576258,-405.1978362576258,5739
5775,405.17457155870363,-405.17457155870363,5740
5776,405.16827345602826,-405.16827345602826,5741
5777,405.17000369607206,-405.17000369607206,5742
5778,405.17253790643224,-405.17253790643224,5743
5779,405.21568166709227,-405.21568166709227,5744
5780,405.2593082086076,-405.2593082086076,5745
5781,405.2935148143276,-405.2935148143276,5746
5782,405.3457464651047,-405.3457464651047,5747
5783,405.39492586580036,-405.39492586580036,5748
5784,405.4572569426046,-405.4572569426046,5749
5785,405.48225322616474,-405.48225322616474,5750
5786,405.49517018319324,-405.49517018319324,5751
5787,405.51185876255215,-405.51185876255215,5752
5788,405.52703692977735,-405.52703692977735,5753
5789,405.54022074003876,-405.54022074003876,5754
5790,405.55601399022123,-405.55601399022123,5755
5791,405.55677356804716,-405.55677356804716,5756
5792,405.55504359049525,-405.55504359049525,5757
5793,405.5525192816774,-405.5525192816774,5758
5794,405.5477708037108,-405.5477708037108,5759
5795,405.53766147397135,-405.53766147397135,5760
5796,405.52161567514645,-405.52161567514645,5761
5797,405.4934699376701,-405.4934699376701,5762
5798,405.48060103707417,-405.48060103707417,5763
5799,405.4612625414409,-405.4612625414409,5764
5800,405.45857735585054,-405.45857735585054,5765
5801,405.4578092669099,-405.4578092669099,5766
5802,405.4595513529259,-405.4595513529259,5767
5803,405.4897120722181,-405.4897120722181,5768
5804,405.5193024191932,-405.5193024191932,5769
5805,405.54101833502256,-405.54101833502256,5770
5806,405.5756895178431,-405.5756895178431,5771
5807,405.6804517462493,-405.6804517462493,5772
5808,405.7244705391775,-405.7244705391775,5773
5809,405.74012597897007,-405.74012597897007,5774
5810,405.75146817298184,-405.75146817298184,5775
5811,405.7666145849487,-405.7666145849487,5776
5812,405.78231463249244,-405.78231463249244,5777
5813,405.79705001258577,-405.79705001258577,5778
5814,405.8102826622365,-405.8102826622365,5779
5815,406.18622094794523,-406.18622094794523,5780
5816,406.2799786761258,-406.2799786761258,5781
5817,406.2746202704259,-406.2746202704259,5782
5818,406.2594602457601,-406.2594602457601,5783
5819,406.2461272707892,-406.2461272707892,5784
5820,406.2335019797013,-406.2335019797013,5785
5821,406.2167654793816,-406.2167654793816,5786
5822,406.2012068612222,-406.2012068612222,5787
5823,406.6620485268989,-406.6620485268989,5788
5824,407.25778328408444,-407.25778328408444,5789
5825,407.2689009107457,-407.2689009107457,5790
5826,407.2775779640735,-407.2775779640735,5791
5827,407.3394596959079,-407.3394596959079,5792
5828,407.4054668111757,-407.4054668111757,5793
5829,407.43960831791725,-407.43960831791725,5794
5830,407.49071897084366,-407.49071897084366,5795
5831,407.5488334781517,-407.5488334781517,5796
5832,407.5940782616098,-407.5940782616098,5797
5833,407.62115984363675,-407.62115984363675,5798
5834,407.6397962260613,-407.6397962260613,5799
5835,407.6564005641057,-407.6564005641057,5800
5836,407.6702194212537,-407.6702194212537,5801
5837,407.68546213146067,-407.68546213146067,5802
5838,407.69837601965645,-407.69837601965645,5803
5839,407.7148591928978,-407.7148591928978,5804
5840,407.7136718824702,-407.7136718824702,5805
5841,408.1776836891526,-408.1776836891526,5806
5842,408.8904194058699,-408.8904194058699,5807
5843,408.8861108519374,-408.8861108519374,5808
5844,408.8643183690817,-408.8643183690817,5809
5845,408.8615924070642,-408.8615924070642,5810
5846,409.1138892736134,-409.1138892736134,5811
5847,409.2752370826295,-409.2752370826295,5812
5848,409.26393306110003,-409.26393306110003,5813
5849,409.2640637492333,-409.2640637492333,5814
5850,409.2658902450089,-409.2658902450089,5815
5851,409.2975028516903,-409.2975028516903,5816
5852,409.3291724238032,-409.3291724238032,5817
5853,409.3621508899368,-409.3621508899368,5818
5854,409.4227763340697,-409.4227763340697,5819
5855,409.4988911159873,-409.4988911159873,5820
5856,409.53251521438443,-409.53251521438443,5821
5857,409.5485211126658,-409.5485211126658,5822
5858,409.56261404266553,-409.56261404266553,5823
5859,409.5762053016085,-409.5762053016085,5824
5860,409.5981335644485,-409.5981335644485,5825
5861,409.6158462025244,-409.6158462025244,5826
5862,409.6302812355021,-409.6302812355021,5827
5863,409.6473779689708,-409.6473779689708,5828
5864,409.6429030813426,-409.6429030813426,5829
5865,409.6362335532782,-409.6362335532782,5830
5866,409.6138224919671,-409.6138224919671,5831
5867,409.58908238625276,-409.58908238625276,5832
5868,409.5575769486101,-409.5575769486101,5833
5869,409.54819410397363,-409.54819410397363,5834
5870,409.5206968665262,-409.5206968665262,5835
5871,409.5070151119211,-409.5070151119211,5836
5872,409.4962765070276,-409.4962765070276,5837
5873,409.4893903883398,-409.4893903883398,5838
5874,409.4903917624338,-409.4903917624338,5839
5875,409.51070047268416,-409.51070047268416,5840
5876,409.55169145572813,-409.55169145572813,5841
5877,409.58370677908556,-409.58370677908556,5842
5878,409.63648770969974,-409.63648770969974,5843
5879,409.67595750427404,-409.67595750427404,5844
5880,409.7165237850531,-409.7165237850531,5845
5881,409.7508666792021,-409.7508666792021,5846
5882,409.77897555091687,-409.77897555091687,5847
5883,409.7949924597929,-409.7949924597929,5848
5884,409.81278139592297,-409.81278139592297,5849
5885,409.82801312987743,-409.82801312987743,5850
5886,409.84495354151227,-409.84495354151227,5851
5887,409.85660520555734,-409.85660520555734,5852
5888,410.3297277686869,-410.3297277686869,5853
5889,411.0187928451232,-411.0187928451232,5854
5890,411.1326169214546,-411.1326169214546,5855
5891,411.1696269211174,-411.1696269211174,5856
5892,411.1438967852771,-411.1438967852771,5857
5893,411.1123543592537,-411.1123543592537,5858
5894,411.0877796203758,-411.0877796203758,5859
5895,411.0664362558072,-411.0664362558072,5860
5896,411.06209313781426,-411.06209313781426,5861
5897,411.0604018500962,-411.0604018500962,5862
5898,411.05946313524424,-411.05946313524424,5863
5899,411.1088063126896,-411.1088063126896,5864
5900,411.1373674155102,-411.1373674155102,5865
5901,411.1694966156463,-411.1694966156463,5866
5902,411.2177419699426,-411.2177419699426,5867
5903,411.2727374107113,-411.2727374107113,5868
5904,411.31373792976575,-411.31373792976575,5869
5905,411.3578964861445,-411.3578964861445,5870
5906,411.38858871106913,-411.38858871106913,5871
5907,411.40721343110084,-411.40721343110084,5872
5908,411.4320539908375,-411.4320539908375,5873
5909,411.44834690497015,-411.44834690497015,5874
5910,411.4626071384649,-411.4626071384649,5875
5911,411.4738123916441,-411.4738123916441,5876
5912,411.47131856648315,-411.47131856648315,5877
5913,411.7163155190799,-411.7163155190799,5878
5914,412.2954532424196,-412.2954532424196,5879
5915,412.8036501636564,-412.8036501636564,5880
5916,412.7936171727281,-412.7936171727281,5881
5917,412.758589642228,-412.758589642228,5882
5918,412.72782187642395,-412.72782187642395,5883
5919,412.6985277982757,-412.6985277982757,5884
5920,412.6871947957508,-412.6871947957508,5885
5921,412.7067518613631,-412.7067518613631,5886
5922,412.72406747781025,-412.72406747781025,5887
5923,412.7578854529585,-412.7578854529585,5888
5924,412.7771323160922,-412.7771323160922,5889
5925,412.80355196079734,-412.80355196079734,5890
5926,412.83980766836964,-412.83980766836964,5891
5927,412.9005050927348,-412.9005050927348,5892
5928,412.9513306770119,-412.9513306770119,5893
5929,412.97886184814126,-412.97886184814126,5894
5930,412.998643104855,-412.998643104855,5895
5931,413.0137623171952,-413.0137623171952,5896
5932,413.03320246412676,-413.03320246412676,5897
5933,413.04986661268566,-413.04986661268566,5898
5934,413.0672741192921,-413.0672741192921,5899
5935,413.10229075787555,-413.10229075787555,5900
5936,413.10223123392757,-413.10223123392757,5901
5937,413.0983715701053,-413.0983715701053,5902
5938,413.07424201142766,-413.07424201142766,5903
5939,413.04501576102035,-413.04501576102035,5904
5940,413.0098954617986,-413.0098954617986,5905
5941,412.9733113591131,-412.9733113591131,5906
5942,412.94231013028826,-412.94231013028826,5907
5943,412.91761755065295,-412.91761755065295,5908
5944,412.91287884672346,-412.91287884672346,5909
5945,412.911188363836,-412.911188363836,5910
5946,412.91023942414563,-412.91023942414563,5911
5947,412.9451514499216,-412.9451514499216,5912
5948,412.9701272839112,-412.9701272839112,5913
5949,413.01265646388043,-413.01265646388043,5914
5950,413.0592460924121,-413.0592460924121,5915
5951,413.145362581392,-413.145362581392,5916
5952,413.2009340164163,-413.2009340164163,5917
5953,413.2290241420622,-413.2290241420622,5918
5954,413.2457358524909,-413.2457358524909,5919
5955,413.26191343005456,-413.26191343005456,5920
5956,413.280219667696,-413.280219667696,5921
5957,413.29386062541477,-413.29386062541477,5922
5958,413.30704186155714,-413.30704186155714,5923
5959,413.3504475591808,-413.3504475591808,5924
5960,413.35005643240913,-413.35005643240913,5925
5961,413.3430162655466,-413.3430162655466,5926
5962,413.3411141868505,-413.3411141868505,5927
5963,413.32853299569626,-413.32853299569626,5928
5964,413.3117110874125,-413.3117110874125,5929
5965,413.27775075037425,-413.27775075037425,5930
5966,413.24586195926435,-413.24586195926435,5931
5967,413.49317957212264,-413.49317957212264,5932
5968,413.8733437094523,-413.8733437094523,5933
5969,413.87071900115103,-413.87071900115103,5934
5970,413.8694608181305,-413.8694608181305,5935
5971,413.8924090700167,-413.8924090700167,5936
5972,413.91836367113433,-413.91836367113433,5937
5973,413.96081560213145,-413.96081560213145,5938
5974,414.00886780636756,-414.00886780636756,5939
5975,414.07056404323407,-414.07056404323407,5940
5976,414.0996613230277,-414.0996613230277,5941
5977,414.1282799532346,-414.1282799532346,5942
5978,414.14708075406213,-414.14708075406213,5943
5979,414.1622320390908,-414.1622320390908,5944
5980,414.17534321124606,-414.17534321124606,5945
5981,414.18805067804414,-414.18805067804414,5946
5982,414.20639962122095,-414.20639962122095,5947
5983,414.2181573550518,-414.2181573550518,5948
5984,414.2208959621033,-414.2208959621033,5949
5985,414.22221358910434,-414.22221358910434,5950
5986,414.22585669795484,-414.22585669795484,5951
5987,414.22023327682035,-414.22023327682035,5952
5988,414.20519505434356,-414.20519505434356,5953
5989,414.1821037278062,-414.1821037278062,5954
5990,414.1631839444756,-414.1631839444756,5955
5991,414.1475717673673,-414.1475717673673,5956
5992,414.14942605155096,-414.14942605155096,5957
5993,414.16506769308916,-414.16506769308916,5958
5994,414.1859665333812,-414.1859665333812,5959
5995,414.2291060064749,-414.2291060064749,5960
5996,414.2674980044593,-414.2674980044593,5961
5997,414.3172398904622,-414.3172398904622,5962
5998,414.373722238966,-414.373722238966,5963
5999,414.4197799573171,-414.4197799573171,5964
6000,414.4660004276706,-414.4660004276706,5965
6001,414.499810372879,-414.499810372879,5966
6002,414.51545706765273,-414.51545706765273,5967
6003,414.5290658683914,-414.5290658683914,5968
6004,414.54474276969745,-414.54474276969745,5969
6005,414.5578531965997,-414.5578531965997,5970
6006,414.57259892665843,-414.57259892665843,5971
6007,414.5873151973262,-414.5873151973262,5972
6008,414.6041956461922,-414.6041956461922,5973
6009,414.6061796045714,-414.6061796045714,5974
6010,414.60258317185094,-414.60258317185094,5975
6011,414.59229035130835,-414.59229035130835,5976
6012,414.57223819329516,-414.57223819329516,5977
6013,414.5412774260652,-414.5412774260652,5978
6014,414.51349203540695,-414.51349203540695,5979
6015,414.4917620053828,-414.4917620053828,5980
6016,414.4879317551649,-414.4879317551649,5981
6017,414.4860443990695,-414.4860443990695,5982
6018,414.53594408362756,-414.53594408362756,5983
6019,414.56399793113883,-414.56399793113883,5984
6020,414.5935328193087,-414.5935328193087,5985
6021,414.6256217284723,-414.6256217284723,5986
6022,414.6899205868338,-414.6899205868338,5987
6023,414.74436750068764,-414.74436750068764,5988
6024,414.79109437055297,-414.79109437055297,5989
6025,414.8186835595124,-414.8186835595124,5990
6026,414.8348549944753,-414.8348549944753,5991
6027,414.84843134549556,-414.84843134549556,5992
6028,414.86513746679833,-414.86513746679833,5993
6029,414.8818832518381,-414.8818832518381,5994
6030,414.8950297036539,-414.8950297036539,5995
6031,414.9080773009426,-414.9080773009426,5996
6032,415.4722911776025,-415.4722911776025,5997
6033,416.46236433815847,-416.46236433815847,5998
6034,417.23501519724687,-417.23501519724687,5999
6035,417.2291434149752,-417.2291434149752,6000
6036,417.19947889581357,-417.19947889581357,6001
6037,417.16745213221014,-417.16745213221014,6002
6038,417.1504102976384,-417.1504102976384,6003
6039,417.1227684282072,-417.1227684282072,6004
6040,417.113416549112,-417.113416549112,6005
6041,417.1054112355774,-417.1054112355774,6006
6042,417.10573852643205,-417.10573852643205,6007
6043,417.1265907751299,-417.1265907751299,6008
6044,417.19874306922424,-417.19874306922424,6009
6045,417.25000017547165,-417.25000017547165,6010
6046,417.3142657456461,-417.3142657456461,6011
6047,417.3650875793203,-417.3650875793203,6012
6048,417.41339974386335,-417.41339974386335,6013
6049,417.4425439858117,-417.4425439858117,6014
6050,417.467538073609,-417.467538073609,6015
6051,417.4881521769715,-417.4881521769715,6016
6052,417.5092096264149,-417.5092096264149,6017
6053,417.52973996738655,-417.52973996738655,6018
6054,417.54601932140304,-417.54601932140304,6019
6055,417.70611754289047,-417.70611754289047,6020
6056,418.32648643112464,-418.32648643112464,6021
6057,418.31697139700725,-418.31697139700725,6022
6058,418.3019055503193,-418.3019055503193,6023
6059,418.28146432185366,-418.28146432185366,6024
6060,418.25821110551556,-418.25821110551556,6025
6061,418.2439159572651,-418.2439159572651,6026
6062,418.22597353229065,-418.22597353229065,6027
6063,418.20744474057386,-418.20744474057386,6028
6064,418.1982497096827,-418.1982497096827,6029
6065,418.1955267439513,-418.1955267439513,6030
6066,418.1944949203287,-418.1944949203287,6031
6067,418.2307409418007,-418.2307409418007,6032
6068,418.27063758581716,-418.27063758581716,6033
6069,418.3104934116216,-418.3104934116216,6034
6070,418.35141897276,-418.35141897276,6035
6071,418.39341147819374,-418.39341147819374,6036
6072,418.42976104428595,-418.42976104428595,6037
6073,418.46873183644516,-418.46873183644516,6038
6074,418.50070655094856,-418.50070655094856,6039
6075,418.5213872359461,-418.5213872359461,6040
6076,418.538169119271,-418.538169119271,6041
6077,418.5534419320853,-418.5534419320853,6042
6078,418.565405348602,-418.565405348602,6043
6079,418.5887946528091,-418.5887946528091,6044
6080,418.58891191946026,-418.58891191946026,6045
6081,418.58453528995665,-418.58453528995665,6046
6082,418.5780771117165,-418.5780771117165,6047
6083,418.56445428310695,-418.56445428310695,6048
6084,418.5528955480442,-418.5528955480442,6049
6085,418.5478981730534,-418.5478981730534,6050
6086,418.5396750699539,-418.5396750699539,6051
6087,418.53314498618073,-418.53314498618073,6052
6088,418.55865642074474,-418.55865642074474,6053
6089,418.6013086183567,-418.6013086183567,6054
6090,418.6522112845839,-418.6522112845839,6055
6091,418.67142354244277,-418.67142354244277,6056
6092,418.6968668107692,-418.6968668107692,6057
6093,418.7337129062088,-418.7337129062088,6058
6094,418.7658682003023,-418.7658682003023,6059
6095,418.8177564743676,-418.8177564743676,6060
6096,418.85510124595953,-418.85510124595953,6061
6097,418.87275938323904,-418.87275938323904,6062
6098,418.88737316287614,-418.88737316287614,6063
6099,418.8994089729772,-418.8994089729772,6064
6100,418.9197770017225,-418.9197770017225,6065
6101,418.93289077912203,-418.93289077912203,6066
6102,418.9485375563908,-418.9485375563908,6067
6103,418.96905095664977,-418.96905095664977,6068
6104,419.00432300785894,-419.00432300785894,6069
6105,419.00010414870513,-419.00010414870513,6070
6106,418.98580476916777,-418.98580476916777,6071
6107,418.9691671750976,-418.9691671750976,6072
6108,418.9541095283233,-418.9541095283233,6073
6109,418.9496237944467,-418.9496237944467,6074
6110,419.42006341699334,-419.42006341699334,6075
6111,420.0389160736212,-420.0389160736212,6076
6112,420.75657885114623,-420.75657885114623,6077
6113,420.893227999152,-420.893227999152,6078
6114,420.90996259205707,-420.90996259205707,6079
6115,420.9318295752025,-420.9318295752025,6080
6116,420.95622940202395,-420.95622940202395,6081
6117,421.0003257311734,-421.0003257311734,6082
6118,421.08537380135925,-421.08537380135925,6083
6119,421.15063578000263,-421.15063578000263,6084
6120,421.19534677121385,-421.19534677121385,6085
6121,421.2186431967744,-421.2186431967744,6086
6122,421.2322273446068,-421.2322273446068,6087
6123,421.2500482867185,-421.2500482867185,6088
6124,421.26576862798805,-421.26576862798805,6089
6125,421.2778666323053,-421.2778666323053,6090
6126,421.2909995268516,-421.2909995268516,6091
6127,421.3107867734501,-421.3107867734501,6092
6128,421.31117438586836,-421.31117438586836,6093
6129,421.3064614889254,-421.3064614889254,6094
6130,421.2923191748284,-421.2923191748284,6095
6131,421.26990779990433,-421.26990779990433,6096
6132,421.24037485856957,-421.24037485856957,6097
6133,421.2123169476124,-421.2123169476124,6098
6134,421.18325749054037,-421.18325749054037,6099
6135,421.1755940684889,-421.1755940684889,6100
6136,421.17765359357566,-421.17765359357566,6101
6137,421.1798749606522,-421.1798749606522,6102
6138,421.18302805902937,-421.18302805902937,6103
6139,421.2267343897267,-421.2267343897267,6104
6140,421.26610299653487,-421.26610299653487,6105
6141,421.31103535712595,-421.31103535712595,6106
6142,421.3612522226401,-421.3612522226401,6107
6143,421.41453285050824,-421.41453285050824,6108
6144,421.4684197427819,-421.4684197427819,6109
6145,421.4902966521049,-421.4902966521049,6110
6146,421.5043837336584,-421.5043837336584,6111
6147,421.51902919313767,-421.51902919313767,6112
6148,421.5331848533694,-421.5331848533694,6113
6149,421.54426524014536,-421.54426524014536,6114
6150,421.5584109090335,-421.5584109090335,6115
6151,421.572781992653,-421.572781992653,6116
6152,421.5710944232167,-421.5710944232167,6117
6153,421.56832642951775,-421.56832642951775,6118
6154,421.5454703470406,-421.5454703470406,6119
6155,421.516885493742,-421.516885493742,6120
6156,421.48385847529516,-421.48385847529516,6121
6157,421.46621827024114,-421.46621827024114,6122
6158,421.45702838864423,-421.45702838864423,6123
6159,421.4547392100582,-421.4547392100582,6124
6160,421.48365651797565,-421.48365651797565,6125
6161,421.5038856806411,-421.5038856806411,6126
6162,421.51740773102483,-421.51740773102483,6127
6163,421.5423621688648,-421.5423621688648,6128
6164,421.56931433018104,-421.56931433018104,6129
6165,421.62788894311393,-421.62788894311393,6130
6166,421.68435904885564,-421.68435904885564,6131
6167,421.7159500588169,-421.7159500588169,6132
6168,421.7746595428508,-421.7746595428508,6133
6169,421.79290533988217,-421.79290533988217,6134
6170,421.80855428435,-421.80855428435,6135
6171,421.82526166157976,-421.82526166157976,6136
6172,421.84251444023386,-421.84251444023386,6137
6173,421.8556438124327,-421.8556438124327,6138
6174,421.8720275041406,-421.8720275041406,6139
6175,421.886363146909,-421.886363146909,6140
6176,421.9382870286382,-421.9382870286382,6141
6177,422.39476459679645,-422.39476459679645,6142
6178,423.06518343687344,-423.06518343687344,6143
6179,423.7650315265794,-423.7650315265794,6144
6180,424.26969456514803,-424.26969456514803,6145
6181,424.30030140769344,-424.30030140769344,6146
6182,424.3100251786074,-424.3100251786074,6147
6183,424.356490140808,-424.356490140808,6148
6184,424.37531946274487,-424.37531946274487,6149
6185,424.39883781530256,-424.39883781530256,6150
6186,424.4196883049128,-424.4196883049128,6151
6187,424.43428718571926,-424.43428718571926,6152
6188,424.44818839485146,-424.44818839485146,6153
6189,424.4740686480377,-424.4740686480377,6154
6190,424.5165931287125,-424.5165931287125,6155
6191,424.57413758239255,-424.57413758239255,6156
6192,424.6162501587607,-424.6162501587607,6157
6193,424.6422806018527,-424.6422806018527,6158
6194,424.65739967205303,-424.65739967205303,6159
6195,424.6715474835623,-424.6715474835623,6160
6196,424.69020116080145,-424.69020116080145,6161
6197,424.71033257861205,-424.71033257861205,6162
6198,424.72687494789193,-424.72687494789193,6163
6199,424.7425099118675,-424.7425099118675,6164
6200,424.77547576573016,-424.77547576573016,6165
6201,424.768295584561,-424.768295584561,6166
6202,424.7475977302437,-424.7475977302437,6167
6203,424.74741595660225,-424.74741595660225,6168
6204,425.5194218982173,-425.5194218982173,6169
6205,425.51620172771834,-425.51620172771834,6170
6206,425.4870130413564,-425.4870130413564,6171
6207,425.46601800707884,-425.46601800707884,6172
6208,425.46071288921513,-425.46071288921513,6173
6209,425.4591039447007,-425.4591039447007,6174
6210,425.4592821396776,-425.4592821396776,6175
6211,425.4874524050955,-425.4874524050955,6176
6212,425.5098173671528,-425.5098173671528,6177
6213,425.57085732668327,-425.57085732668327,6178
6214,425.6382336153099,-425.6382336153099,6179
6215,425.70361179032426,-425.70361179032426,6180
6216,425.74451394317657,-425.74451394317657,6181
6217,425.7819663038339,-425.7819663038339,6182
6218,425.8214949347037,-425.8214949347037,6183
6219,425.83671531686696,-425.83671531686696,6184
6220,425.85295388471235,-425.85295388471235,6185
6221,425.8691004872111,-425.8691004872111,6186
6222,425.8819798742904,-425.8819798742904,6187
6223,425.8987084157179,-425.8987084157179,6188
6224,425.90108466350915,-425.90108466350915,6189
6225,426.2332122605771,-426.2332122605771,6190
6226,427.2893489003408,-427.2893489003408,6191
6227,428.2800855086211,-428.2800855086211,6192
6228,428.64676979309,-428.64676979309,6193
6229,428.6380730454081,-428.6380730454081,6194
6230,428.6294143208734,-428.6294143208734,6195
6231,428.62558967858274,-428.62558967858274,6196
6232,428.620212491543,-428.620212491543,6197
6233,428.6180834968567,-428.6180834968567,6198
6234,428.6198896753795,-428.6198896753795,6199
6235,428.67290778642666,-428.67290778642666,6200
6236,428.7200510279456,-428.7200510279456,6201
6237,428.7469179655188,-428.7469179655188,6202
6238,428.7935174468729,-428.7935174468729,6203
6239,428.8235895690839,-428.8235895690839,6204
6240,428.84898717072645,-428.84898717072645,6205
6241,428.8936181229984,-428.8936181229984,6206
6242,428.92379781050096,-428.92379781050096,6207
6243,428.939450540686,-428.939450540686,6208
6244,428.9591321673035,-428.9591321673035,6209
6245,428.9782648974808,-428.9782648974808,6210
6246,428.99831277748984,-428.99831277748984,6211
6247,429.0241266219409,-429.0241266219409,6212
6248,429.0238817753636,-429.0238817753636,6213
6249,429.0176439968383,-429.0176439968383,6214
6250,429.0176300006294,-429.0176300006294,6215
6251,429.5104163089817,-429.5104163089817,6216
6252,430.0590935519025,-430.0590935519025,6217
6253,430.6688149049477,-430.6688149049477,6218
6254,431.08188595692144,-431.08188595692144,6219
6255,431.0819049613444,-431.0819049613444,6220
6256,431.11834467476353,-431.11834467476353,6221
6257,431.1443494878634,-431.1443494878634,6222
6258,431.18010274432504,-431.18010274432504,6223
6259,431.21486386394145,-431.21486386394145,6224
6260,431.24605617237154,-431.24605617237154,6225
6261,431.2875668534444,-431.2875668534444,6226
6262,431.3400266809492,-431.3400266809492,6227
6263,431.39039073202576,-431.39039073202576,6228
6264,431.4225229192099,-431.4225229192099,6229
6265,431.4521301867713,-431.4521301867713,6230
6266,431.46726367711625,-431.46726367711625,6231
6267,431.48291789624477,-431.48291789624477,6232
6268,431.4991345086592,-431.4991345086592,6233
6269,431.5119369467061,-431.5119369467061,6234
6270,431.52601557462106,-431.52601557462106,6235
6271,431.548016203822,-431.548016203822,6236
6272,431.55216974500973,-431.55216974500973,6237
6273,431.5460855051074,-431.5460855051074,6238
6274,431.5238384303942,-431.5238384303942,6239
6275,431.5053035557821,-431.5053035557821,6240
6276,431.486508174332,-431.486508174332,6241
6277,431.4659071967765,-431.4659071967765,6242
6278,431.44760867799056,-431.44760867799056,6243
6279,431.42766755755025,-431.42766755755025,6244
6280,431.4183387860718,-431.4183387860718,6245
6281,431.41286708624745,-431.41286708624745,6246
6282,431.4149085556374,-431.4149085556374,6247
6283,431.43570978674103,-431.43570978674103,6248
6284,431.4637134665789,-431.4637134665789,6249
6285,431.49061022831575,-431.49061022831575,6250
6286,431.5154590359849,-431.5154590359849,6251
6287,431.54296683050427,-431.54296683050427,6252
6288,431.5668664700163,-431.5668664700163,6253
6289,431.58354712444526,-431.58354712444526,6254
6290,431.5976372542802,-431.5976372542802,6255
6291,431.6096562414751,-431.6096562414751,6256
6292,431.6300216658511,-431.6300216658511,6257
6293,431.6457698150791,-431.6457698150791,6258
6294,431.6574457265149,-431.6574457265149,6259
6295,431.6728761907628,-431.6728761907628,6260
6296,431.6751144987055,-431.6751144987055,6261
6297,431.667510965615,-431.667510965615,6262
6298,431.6478147992585,-431.6478147992585,6263
6299,431.6201482674828,-431.6201482674828,6264
6300,431.5894981831459,-431.5894981831459,6265
6301,431.57018041103765,-431.57018041103765,6266
6302,431.557486129165,-431.557486129165,6267
6303,431.5471645196248,-431.5471645196248,6268
6304,431.5489501940707,-431.5489501940707,6269
6305,431.56666073039656,-431.56666073039656,6270
6306,431.5843761600197,-431.5843761600197,6271
6307,431.60777131409384,-431.60777131409384,6272
6308,431.62752740689035,-431.62752740689035,6273
6309,431.7002329836509,-431.7002329836509,6274
6310,431.7386623282614,-431.7386623282614,6275
6311,431.78854861392756,-431.78854861392756,6276
6312,431.8415746539653,-431.8415746539653,6277
6313,431.8670933203708,-431.8670933203708,6278
6314,431.8780726508683,-431.8780726508683,6279
6315,431.89632373914094,-431.89632373914094,6280
6316,431.915123032954,-431.915123032954,6281
6317,431.92880806700117,-431.92880806700117,6282
6318,432.2353250313175,-432.2353250313175,6283
6319,432.94027002074375,-432.94027002074375,6284
6320,433.6839105032267,-433.6839105032267,6285
6321,434.48676724412707,-434.48676724412707,6286
6322,435.181423168598,-435.181423168598,6287
6323,435.5523660791785,-435.5523660791785,6288
6324,435.5417811649116,-435.5417811649116,6289
6325,435.5276601945184,-435.5276601945184,6290
6326,435.51719328951344,-435.51719328951344,6291
6327,435.50672958164523,-435.50672958164523,6292
6328,435.5077271550728,-435.5077271550728,6293
6329,435.5097540025278,-435.5097540025278,6294
6330,435.50572784359446,-435.50572784359446,6295
6331,435.5291462264799,-435.5291462264799,6296
6332,435.55861775039637,-435.55861775039637,6297
6333,435.5964690388649,-435.5964690388649,6298
6334,435.63271140614586,-435.63271140614586,6299
6335,435.68767018596066,-435.68767018596066,6300
6336,435.73080393854787,-435.73080393854787,6301
6337,435.76059629019767,-435.76059629019767,6302
6338,435.7843484959783,-435.7843484959783,6303
6339,435.80240973040077,-435.80240973040077,6304
6340,435.8208540421688,-435.8208540421688,6305
6341,435.83943684100916,-435.83943684100916,6306
6342,435.8519005300232,-435.8519005300232,6307
6343,435.8636896995077,-435.8636896995077,6308
6344,435.8686211893107,-435.8686211893107,6309
6345,435.9243895519719,-435.9243895519719,6310
6346,435.91804234745285,-435.91804234745285,6311
6347,435.9105155410025,-435.9105155410025,6312
6348,435.8983020213333,-435.8983020213333,6313
6349,435.88738641267275,-435.88738641267275,6314
6350,435.87899805903425,-435.87899805903425,6315
6351,435.8686838414972,-435.8686838414972,6316
6352,435.8648591794257,-435.8648591794257,6317
6353,435.8633934209998,-435.8633934209998,6318
6354,435.88738176042585,-435.88738176042585,6319
6355,435.9144361377509,-435.9144361377509,6320
6356,435.9596147085814,-435.9596147085814,6321
6357,436.0151301063803,-436.0151301063803,6322
6358,436.0819976557653,-436.0819976557653,6323
6359,436.13438581428534,-436.13438581428534,6324
6360,436.18476101649105,-436.18476101649105,6325
6361,436.2128486802879,-436.2128486802879,6326
6362,436.22798446555976,-436.22798446555976,6327
6363,436.24314229638804,-436.24314229638804,6328
6364,436.2599792332168,-436.2599792332168,6329
6365,436.2720977560186,-436.2720977560186,6330
6366,436.28790262510853,-436.28790262510853,6331
6367,436.30200206249884,-436.30200206249884,6332
6368,436.3004439709641,-436.3004439709641,6333
6369,436.2979913256503,-436.2979913256503,6334
6370,436.2814717820483,-436.2814717820483,6335
6371,436.26330222709873,-436.26330222709873,6336
6372,436.2829900220707,-436.2829900220707,6337
6373,436.26691993408315,-436.26691993408315,6338
6374,436.26447104057706,-436.26447104057706,6339
6375,436.2544068008859,-436.2544068008859,6340
6376,436.2658782406997,-436.2658782406997,6341
6377,436.27588189597844,-436.27588189597844,6342
6378,436.2879078992236,-436.2879078992236,6343
6379,436.30711676771074,-436.30711676771074,6344
6380,436.3277854297628,-436.3277854297628,6345
6381,436.4195327149223,-436.4195327149223,6346
6382,436.4812068863841,-436.4812068863841,6347
6383,436.5444752852306,-436.5444752852306,6348
6384,436.5714946546998,-436.5714946546998,6349
6385,436.5980468593225,-436.5980468593225,6350
6386,436.6256315870041,-436.6256315870041,6351
6387,436.6412901791591,-436.6412901791591,6352
6388,436.6580298627662,-436.6580298627662,6353
6389,436.67115135390594,-436.67115135390594,6354
6390,436.6849085448155,-436.6849085448155,6355
6391,437.0363476221268,-437.0363476221268,6356
6392,437.7414806658585,-437.7414806658585,6357
6393,438.3734297059458,-438.3734297059458,6358
6394,438.36423590788183,-438.36423590788183,6359
6395,438.3458817884152,-438.3458817884152,6360
6396,438.3257584437253,-438.3257584437253,6361
6397,438.32267120981817,-438.32267120981817,6362
6398,438.31556267637944,-438.31556267637944,6363
6399,438.30780532058316,-438.30780532058316,6364
6400,438.336589929613,-438.336589929613,6365
6401,438.35635765772344,-438.35635765772344,6366
6402,438.38146256145006,-438.38146256145006,6367
6403,438.40274507338574,-438.40274507338574,6368
6404,438.4289984382921,-438.4289984382921,6369
6405,438.4724729730005,-438.4724729730005,6370
6406,438.51390001019087,-438.51390001019087,6371
6407,438.551302262153,-438.551302262153,6372
6408,438.59751934726876,-438.59751934726876,6373
6409,438.63700170900796,-438.63700170900796,6374
6410,438.6841055800929,-438.6841055800929,6375
6411,438.70078432551867,-438.70078432551867,6376
6412,438.71889167797525,-438.71889167797525,6377
6413,438.73415840119645,-438.73415840119645,6378
6414,438.7539288443283,-438.7539288443283,6379
6415,438.9507224051982,-438.9507224051982,6380
6416,439.5791332511531,-439.5791332511531,6381
6417,440.1067253851026,-440.1067253851026,6382
6418,441.18324248065403,-441.18324248065403,6383
6419,441.62899121747296,-441.62899121747296,6384
6420,441.62895827912934,-441.62895827912934,6385
6421,441.6387054846644,-441.6387054846644,6386
6422,441.63832339003517,-441.63832339003517,6387
6423,441.63898892103384,-441.63898892103384,6388
6424,441.67231263285055,-441.67231263285055,6389
6425,441.699397887146,-441.699397887146,6390
6426,441.7146507814808,-441.7146507814808,6391
6427,441.73859385352847,-441.73859385352847,6392
6428,441.7655832033131,-441.7655832033131,6393
6429,441.8491877790247,-441.8491877790247,6394
6430,441.9815426478954,-441.9815426478954,6395
6431,442.02612856485,-442.02612856485,6396
6432,442.06656189684077,-442.06656189684077,6397
6433,442.0940511704447,-442.0940511704447,6398
6434,442.11261680157133,-442.11261680157133,6399
6435,442.1285692720623,-442.1285692720623,6400
6436,442.14826115067757,-442.14826115067757,6401
6437,442.1680877773314,-442.1680877773314,6402
6438,442.179994338659,-442.179994338659,6403
6439,442.19128626481057,-442.19128626481057,6404
6440,442.2515215351918,-442.2515215351918,6405
6441,442.8620042932312,-442.8620042932312,6406
6442,443.7566700023931,-443.7566700023931,6407
6443,444.84241169530196,-444.84241169530196,6408
6444,445.6658052031763,-445.6658052031763,6409
6445,445.7977358201485,-445.7977358201485,6410
6446,445.79515008474027,-445.79515008474027,6411
6447,445.79674198480706,-445.79674198480706,6412
6448,445.81374916147587,-445.81374916147587,6413
6449,445.8871357046109,-445.8871357046109,6414
6450,445.97346501640794,-445.97346501640794,6415
6451,446.04670155375476,-446.04670155375476,6416
6452,446.09676265883076,-446.09676265883076,6417
6453,446.15922257098845,-446.15922257098845,6418
6454,446.24274260743266,-446.24274260743266,6419
6455,446.2982603603745,-446.2982603603745,6420
6456,446.3257976918755,-446.3257976918755,6421
6457,446.3538906177291,-446.3538906177291,6422
6458,446.37109491736754,-446.37109491736754,6423
6459,446.38785482814,-446.38785482814,6424
6460,446.4060899826404,-446.4060899826404,6425
6461,446.4234941490349,-446.4234941490349,6426
6462,446.44511744501483,-446.44511744501483,6427
6463,446.7213076441799,-446.7213076441799,6428
6464,447.40963834665865,-447.40963834665865,6429
6465,447.98523607373517,-447.98523607373517,6430
6466,448.15898557110415,-448.15898557110415,6431
6467,448.18176120417337,-448.18176120417337,6432
6468,448.17996320597325,-448.17996320597325,6433
6469,448.1678275895831,-448.1678275895831,6434
6470,448.1535795764671,-448.1535795764671,6435
6471,448.14574603192835,-448.14574603192835,6436
6472,448.16256574615204,-448.16256574615204,6437
6473,448.22630031972665,-448.22630031972665,6438
6474,448.28385291356176,-448.28385291356176,6439
6475,448.3341541569849,-448.3341541569849,6440
6476,448.390069447433,-448.390069447433,6441
6477,448.47136398070364,-448.47136398070364,6442
6478,448.54448595936293,-448.54448595936293,6443
6479,448.6254883584169,-448.6254883584169,6444
6480,448.68780890360114,-448.68780890360114,6445
6481,448.706041106548,-448.706041106548,6446
6482,448.7200855379082,-448.7200855379082,6447
6483,448.7381203389093,-448.7381203389093,6448
6484,448.75899401366894,-448.75899401366894,6449
6485,448.7716199445293,-448.7716199445293,6450
6486,448.78544726739693,-448.78544726739693,6451
6487,448.795259700636,-448.795259700636,6452
6488,448.82559478120027,-448.82559478120027,6453
6489,448.82701198352044,-448.82701198352044,6454
6490,448.8810196966754,-448.8810196966754,6455
6491,448.87336441999196,-448.87336441999196,6456
6492,448.92726840776635,-448.92726840776635,6457
6493,448.92475164100125,-448.92475164100125,6458
6494,448.92024056269025,-448.92024056269025,6459
6495,448.9136817016059,-448.9136817016059,6460
6496,448.91546801915297,-448.91546801915297,6461
6497,448.92746526689126,-448.92746526689126,6462
6498,448.97111992075924,-448.97111992075924,6463
6499,449.0089734404937,-449.0089734404937,6464
6500,449.0658853962609,-449.0658853962609,6465
6501,449.14614704375737,-449.14614704375737,6466
6502,449.2066608087308,-449.2066608087308,6467
6503,449.2439432080975,-449.2439432080975,6468
6504,449.2704807819539,-449.2704807819539,6469
6505,449.3006721853204,-449.3006721853204,6470
6506,449.3308482669001,-449.3308482669001,6471
6507,449.3481316260416,-449.3481316260416,6472
6508,449.36646602921655,-449.36646602921655,6473
6509,449.3798324048262,-449.3798324048262,6474
6510,449.3961664750976,-449.3961664750976,6475
6511,449.4177294660822,-449.4177294660822,6476
6512,449.4411709802486,-449.4411709802486,6477
6513,449.43883845902616,-449.43883845902616,6478
6514,449.43359591837986,-449.43359591837986,6479
6515,449.4358827905735,-449.4358827905735,6480
6516,449.4346940403385,-449.4346940403385,6481
6517,449.4330361798426,-449.4330361798426,6482
6518,449.7272129725044,-449.7272129725044,6483
6519,449.727328857935,-449.727328857935,6484
6520,449.7491034049335,-449.7491034049335,6485
6521,449.78290394365064,-449.78290394365064,6486
6522,449.8270447976044,-449.8270447976044,6487
6523,449.91102371042183,-449.91102371042183,6488
6524,449.97936577738454,-449.97936577738454,6489
6525,450.0395007111401,-450.0395007111401,6490
6526,450.1116570024713,-450.1116570024713,6491
6527,450.1776139007261,-450.1776139007261,6492
6528,450.2175852802145,-450.2175852802145,6493
6529,450.24563922245926,-450.24563922245926,6494
6530,450.26076678639345,-450.26076678639345,6495
6531,450.2759736912312,-450.2759736912312,6496
6532,450.2922241559556,-450.2922241559556,6497
6533,450.4056007610104,-450.4056007610104,6498
6534,451.0282617626796,-451.0282617626796,6499
6535,451.6735818024769,-451.6735818024769,6500
6536,451.83209540779876,-451.83209540779876,6501
6537,451.8284743280409,-451.8284743280409,6502
6538,451.8111806179742,-451.8111806179742,6503
6539,451.7885109478049,-451.7885109478049,6504
6540,451.78447350129767,-451.78447350129767,6505
6541,451.7548183975037,-451.7548183975037,6506
6542,451.74233527885514,-451.74233527885514,6507
6543,451.72348378487794,-451.72348378487794,6508
6544,451.71646328361356,-451.71646328361356,6509
6545,451.7136883329099,-451.7136883329099,6510
6546,451.7254994572942,-451.7254994572942,6511
6547,451.744089225516,-451.744089225516,6512
6548,451.76317833742354,-451.76317833742354,6513
6549,451.85799848560674,-451.85799848560674,6514
6550,451.9211978026691,-451.9211978026691,6515
6551,451.9819066391546,-451.9819066391546,6516
6552,452.0090934303349,-452.0090934303349,6517
6553,452.03783898573363,-452.03783898573363,6518
6554,452.0792051554201,-452.0792051554201,6519
6555,452.10623767809886,-452.10623767809886,6520
6556,452.1215826024205,-452.1215826024205,6521
6557,452.1309509799013,-452.1309509799013,6522
6558,452.14112942895724,-452.14112942895724,6523
6559,452.1555400244278,-452.1555400244278,6524
6560,452.16468698009373,-452.16468698009373,6525
6561,452.1625486105427,-452.1625486105427,6526
6562,452.14650476563526,-452.14650476563526,6527
6563,452.1280883630757,-452.1280883630757,6528
6564,452.09965850607847,-452.09965850607847,6529
6565,452.0745179428306,-452.0745179428306,6530
6566,452.0583253142661,-452.0583253142661,6531
6567,452.04968447710723,-452.04968447710723,6532
6568,452.04930037558745,-452.04930037558745,6533
6569,452.0511450479274,-452.0511450479274,6534
6570,452.0913071551605,-452.0913071551605,6535
6571,452.1307612961355,-452.1307612961355,6536
6572,452.17257597284606,-452.17257597284606,6537
6573,452.22073772496316,-452.22073772496316,6538
6574,452.27257659169396,-452.27257659169396,6539
6575,452.32296542488916,-452.32296542488916,6540
6576,452.36241978782573,-452.36241978782573,6541
6577,452.3925015329895,-452.3925015329895,6542
6578,452.40914626982277,-452.40914626982277,6543
6579,452.42433666669797,-452.42433666669797,6544
6580,452.4395575382855,-452.4395575382855,6545
6581,452.45327923251847,-452.45327923251847,6546
6582,452.4655421888214,-452.4655421888214,6547
6583,452.5083651050011,-452.5083651050011,6548
6584,452.57736982819796,-452.57736982819796,6549
6585,452.62041838850735,-452.62041838850735,6550
6586,452.65936877745145,-452.65936877745145,6551
6587,452.72080138224516,-452.72080138224516,6552
6588,452.7274765408914,-452.7274765408914,6553
6589,452.753535666246,-452.753535666246,6554
6590,452.75555593566077,-452.75555593566077,6555
6591,452.75569548732216,-452.75569548732216,6556
6592,452.7972502627373,-452.7972502627373,6557
6593,452.85698627527245,-452.85698627527245,6558
6594,452.92243258826664,-452.92243258826664,6559
6595,452.9779796660234,-452.9779796660234,6560
6596,453.03347925741605,-453.03347925741605,6561
6597,453.1169737592074,-453.1169737592074,6562
6598,453.1869796743956,-453.1869796743956,6563
6599,453.2549547213813,-453.2549547213813,6564
6600,453.29390681695395,-453.29390681695395,6565
6601,453.32979211625377,-453.32979211625377,6566
6602,453.3620983545022,-453.3620983545022,6567
6603,453.3757715050276,-453.3757715050276,6568
6604,453.39202962138563,-453.39202962138563,6569
6605,453.40934136464057,-453.40934136464057,6570
6606,453.42137127113295,-453.42137127113295,6571
6607,453.43380113108213,-453.43380113108213,6572
6608,453.43492775274143,-453.43492775274143,6573
6609,453.43632607821564,-453.43632607821564,6574
6610,453.4170331116696,-453.4170331116696,6575
6611,453.90086716463713,-453.90086716463713,6576
6612,453.9898453203986,-453.9898453203986,6577
6613,453.9806341703018,-453.9806341703018,6578
6614,453.97570636934546,-453.97570636934546,6579
6615,453.972638870939,-453.972638870939,6580
6616,453.96938797349475,-453.96938797349475,6581
6617,453.9689639784631,-453.9689639784631,6582
6618,454.0141366033817,-454.0141366033817,6583
6619,454.0509068138959,-454.0509068138959,6584
6620,454.13378871186654,-454.13378871186654,6585
6621,454.16166804573186,-454.16166804573186,6586
6622,454.1983908657054,-454.1983908657054,6587
6623,454.2466390366656,-454.2466390366656,6588
6624,454.2736120102008,-454.2736120102008,6589
6625,454.3001000325231,-454.3001000325231,6590
6626,454.32872810383003,-454.32872810383003,6591
6627,454.34281816310965,-454.34281816310965,6592
6628,454.35901835940956,-454.35901835940956,6593
6629,454.37268348488425,-454.37268348488425,6594
6630,454.3885375372377,-454.3885375372377,6595
6631,454.402584115145,-454.402584115145,6596
6632,454.4489549420061,-454.4489549420061,6597
6633,454.47408635829026,-454.47408635829026,6598
6634,454.4722429423867,-454.4722429423867,6599
6635,454.4746844340944,-454.4746844340944,6600
6636,454.47764890831564,-454.47764890831564,6601
6637,454.49944974362677,-454.49944974362677,6602
6638,454.5203676024992,-454.5203676024992,6603
6639,454.5418800981468,-454.5418800981468,6604
6640,454.5433508702761,-454.5433508702761,6605
6641,454.55030350865167,-454.55030350865167,6606
6642,454.59854702980124,-454.59854702980124,6607
6643,454.62851143459216,-454.62851143459216,6608
6644,454.6778648489019,-454.6778648489019,6609
6645,454.7603894773082,-454.7603894773082,6610
6646,454.82834550228745,-454.82834550228745,6611
6647,454.9000114208212,-454.9000114208212,6612
6648,454.94051621955396,-454.94051621955396,6613
6649,454.9696138211607,-454.9696138211607,6614
6650,454.9842217023111,-454.9842217023111,6615
6651,454.99784137692984,-454.99784137692984,6616
6652,455.01560290601884,-455.01560290601884,6617
6653,455.02715735432133,-455.02715735432133,6618
6654,455.0421421261877,-455.0421421261877,6619
6655,455.0561577178608,-455.0561577178608,6620
6656,455.0843444582689,-455.0843444582689,6621
6657,455.1306253938485,-455.1306253938485,6622
6658,455.19337796643146,-455.19337796643146,6623
6659,455.21507015266485,-455.21507015266485,6624
6660,455.2385184166477,-455.2385184166477,6625
6661,455.2630404891812,-455.2630404891812,6626
6662,455.300433550698,-455.300433550698,6627
6663,455.346264678597,-455.346264678597,6628
6664,455.3691901010533,-455.3691901010533,6629
6665,455.3957262668979,-455.3957262668979,6630
6666,455.4301033687484,-455.4301033687484,6631
6667,455.47936023525716,-455.47936023525716,6632
6668,455.5477032461932,-455.5477032461932,6633
6669,455.60359034926955,-455.60359034926955,6634
6670,455.65586412955923,-455.65586412955923,6635
6671,455.71086019285195,-455.71086019285195,6636
6672,455.7576036989604,-455.7576036989604,6637
6673,455.79817689997003,-455.79817689997003,6638
6674,455.8148630506854,-455.8148630506854,6639
6675,455.8289720000518,-455.8289720000518,6640
6676,455.84469122800374,-455.84469122800374,6641
6677,455.8578441521953,-455.8578441521953,6642
6678,455.87352127621233,-455.87352127621233,6643
6679,455.8891148092816,-455.8891148092816,6644
6680,455.91135055817523,-455.91135055817523,6645
6681,455.9445132279916,-455.9445132279916,6646
6682,455.95040278258534,-455.95040278258534,6647
6683,455.9534738345103,-455.9534738345103,6648
6684,455.963756156672,-455.963756156672,6649
6685,455.98087540193166,-455.98087540193166,6650
6686,456.00166201441147,-456.00166201441147,6651
6687,456.01216011099655,-456.01216011099655,6652
6688,456.0148582833417,-456.0148582833417,6653
6689,456.0209693567406,-456.0209693567406,6654
6690,456.0375505892792,-456.0375505892792,6655
6691,456.07950683433836,-456.07950683433836,6656
6692,456.1728987868151,-456.1728987868151,6657
6693,456.26729413443536,-456.26729413443536,6658
6694,456.3274113718705,-456.3274113718705,6659
6695,456.39638398667284,-456.39638398667284,6660
6696,456.42802919815836,-456.42802919815836,6661
6697,456.45405821791127,-456.45405821791127,6662
6698,456.46763423854435,-456.46763423854435,6663
6699,456.4843358587334,-456.4843358587334,6664
6700,456.5031402499593,-456.5031402499593,6665
6701,456.51729780192017,-456.51729780192017,6666
6702,456.5304119712147,-456.5304119712147,6667
6703,456.54816169544614,-456.54816169544614,6668
6704,456.5903118670904,-456.5903118670904,6669
6705,456.6127570110358,-456.6127570110358,6670
6706,456.6012013588942,-456.6012013588942,6671
6707,456.58309563064523,-456.58309563064523,6672
6708,456.56777030661516,-456.56777030661516,6673
6709,456.5460565413249,-456.5460565413249,6674
6710,456.5316448669179,-456.5316448669179,6675
6711,456.51792142252316,-456.51792142252316,6676
6712,456.5752126004014,-456.5752126004014,6677
6713,456.6195105186503,-456.6195105186503,6678
6714,456.65844791037125,-456.65844791037125,6679
6715,456.69141985558855,-456.69141985558855,6680
6716,456.72909191946513,-456.72909191946513,6681
6717,456.7829265463574,-456.7829265463574,6682
6718,456.8492431555143,-456.8492431555143,6683
6719,456.88766485350084,-456.88766485350084,6684
6720,456.93183124176574,-456.93183124176574,6685
6721,456.9692868057059,-456.9692868057059,6686
6722,457.0103668896144,-457.0103668896144,6687
6723,457.0265683319112,-457.0265683319112,6688
6724,457.0412516175402,-457.0412516175402,6689
6725,457.05755109307887,-457.05755109307887,6690
6726,457.0706991025934,-457.0706991025934,6691
6727,457.1020351193395,-457.1020351193395,6692
6728,457.1112408769198,-457.1112408769198,6693
6729,457.11134291167525,-457.11134291167525,6694
6730,457.0974796491131,-457.0974796491131,6695
6731,457.08149855927564,-457.08149855927564,6696
6732,457.0582240370305,-457.0582240370305,6697
6733,457.0377700586507,-457.0377700586507,6698
6734,457.02311968672325,-457.02311968672325,6699
6735,457.008130980859,-457.008130980859,6700
6736,457.0246914583623,-457.0246914583623,6701
6737,457.035010943909,-457.035010943909,6702
6738,457.06309534010023,-457.06309534010023,6703
6739,457.1041220976508,-457.1041220976508,6704
6740,457.17308621085795,-457.17308621085795,6705
6741,457.22232502856446,-457.22232502856446,6706
6742,457.2928992260655,-457.2928992260655,6707
6743,457.3582615307142,-457.3582615307142,6708
6744,457.3976747391246,-457.3976747391246,6709
6745,457.4277619757832,-457.4277619757832,6710
6746,457.4444731829652,-457.4444731829652,6711
6747,457.4596634729977,-457.4596634729977,6712
6748,457.4748608579,-457.4748608579,6713
6749,457.4885506103065,-457.4885506103065,6714
6750,457.5007354784143,-457.5007354784143,6715
6751,457.543547280501,-457.543547280501,6716
6752,457.6125091530144,-457.6125091530144,6717
6753,458.1607061561369,-458.1607061561369,6718
6754,458.88312481391523,-458.88312481391523,6719
6755,459.35181951530626,-459.35181951530626,6720
6756,460.1772146160036,-460.1772146160036,6721
6757,460.5094160676122,-460.5094160676122,6722
6758,460.6026073907031,-460.6026073907031,6723
6759,461.0774129759169,-461.0774129759169,6724
6760,461.1113633937866,-461.1113633937866,6725
6761,461.1381012134132,-461.1381012134132,6726
6762,461.20353312900454,-461.20353312900454,6727
6763,461.2589965073179,-461.2589965073179,6728
6764,461.3144715701981,-461.3144715701981,6729
6765,461.39787873223145,-461.39787873223145,6730
6766,461.4678316482214,-461.4678316482214,6731
6767,461.5358066952071,-461.5358066952071,6732
6768,461.5939677825007,-461.5939677825007,6733
6769,461.607009975341,-461.607009975341,6734
6770,461.62218385547527,-461.62218385547527,6735
6771,461.63793361050824,-461.63793361050824,6736
6772,461.65799287351723,-461.65799287351723,6737
6773,461.67514790625927,-461.67514790625927,6738
6774,461.6921474797214,-461.6921474797214,6739
6775,461.7089277985296,-461.7089277985296,6740
6776,461.8310285859092,-461.8310285859092,6741
6777,461.84111633889364,-461.84111633889364,6742
6778,461.8386438369345,-461.8386438369345,6743
6779,461.8271648851415,-461.8271648851415,6744
6780,461.8215758090791,-461.8215758090791,6745
6781,461.817264663258,-461.817264663258,6746
6782,461.8114250759439,-461.8114250759439,6747
6783,461.8299299007946,-461.8299299007946,6748
6784,461.8573997001411,-461.8573997001411,6749
6785,461.86971256591676,-461.86971256591676,6750
6786,461.89723364087524,-461.89723364087524,6751
6787,461.9366307058038,-461.9366307058038,6752
6788,462.0153303277111,-462.0153303277111,6753
6789,462.08783233880166,-462.08783233880166,6754
6790,462.1712402598348,-462.1712402598348,6755
6791,462.2687716754021,-462.2687716754021,6756
6792,462.31453900999884,-462.31453900999884,6757
6793,462.3343394188638,-462.3343394188638,6758
6794,462.3504972014845,-462.3504972014845,6759
6795,462.36579569428795,-462.36579569428795,6760
6796,462.3846498580703,-462.3846498580703,6761
6797,462.3968280959177,-462.3968280959177,6762
6798,462.41020435092446,-462.41020435092446,6763
6799,462.42563551941834,-462.42563551941834,6764
6800,462.44546880493715,-462.44546880493715,6765
6801,462.44571623267774,-462.44571623267774,6766
6802,462.4337863464864,-462.4337863464864,6767
6803,462.41487927034984,-462.41487927034984,6768
6804,462.394852775994,-462.394852775994,6769
6805,462.39464253229943,-462.39464253229943,6770
6806,462.38635697689557,-462.38635697689557,6771
6807,462.37828629333166,-462.37828629333166,6772
6808,462.3798824308909,-462.3798824308909,6773
6809,462.38284197140655,-462.38284197140655,6774
6810,462.5692976293266,-462.5692976293266,6775
6811,462.6340644811604,-462.6340644811604,6776
6812,462.7875637339123,-462.7875637339123,6777
6813,462.9030678390028,-462.9030678390028,6778
6814,463.0165071664984,-463.0165071664984,6779
6815,463.09123012882776,-463.09123012882776,6780
6816,463.15825428275616,-463.15825428275616,6781
6817,463.1796084072384,-463.1796084072384,6782
6818,463.1968084863007,-463.1968084863007,6783
6819,463.2145972608947,-463.2145972608947,6784
6820,463.2298137877278,-463.2298137877278,6785
6821,463.24405537977896,-463.24405537977896,6786
6822,463.2567683434522,-463.2567683434522,6787
6823,463.2746091921331,-463.2746091921331,6788
6824,463.33343378220076,-463.33343378220076,6789
6825,463.3705431602245,-463.3705431602245,6790
6826,463.36815201020613,-463.36815201020613,6791
6827,463.38796044235283,-463.38796044235283,6792
6828,463.3901654402892,-463.3901654402892,6793
6829,463.4295814473081,-463.4295814473081,6794
6830,463.4629972176584,-463.4629972176584,6795
6831,463.5054186958126,-463.5054186958126,6796
6832,463.5843033732375,-463.5843033732375,6797
6833,463.61822322509437,-463.61822322509437,6798
6834,463.75307580979324,-463.75307580979324,6799
6835,463.83573513470213,-463.83573513470213,6800
6836,463.93764580044274,-463.93764580044274,6801
6837,464.0084412503553,-464.0084412503553,6802
6838,464.06482304826017,-464.06482304826017,6803
6839,464.11713956861144,-464.11713956861144,6804
6840,464.1768914700057,-464.1768914700057,6805
6841,464.2018697557052,-464.2018697557052,6806
6842,464.21751266961485,-464.21751266961485,6807
6843,464.2327562443634,-464.2327562443634,6808
6844,464.2480224580117,-464.2480224580117,6809
6845,464.2622373420107,-464.2622373420107,6810
6846,464.2759040261829,-464.2759040261829,6811
6847,464.2939976441504,-464.2939976441504,6812
6848,464.33859369940274,-464.33859369940274,6813
6849,464.3414083175212,-464.3414083175212,6814
6850,464.32892000106256,-464.32892000106256,6815
6851,464.3206699306586,-464.3206699306586,6816
6852,464.3052117878323,-464.3052117878323,6817
6853,464.2953230010064,-464.2953230010064,6818
6854,464.281697139124,-464.281697139124,6819
6855,464.27210889211324,-464.27210889211324,6820
6856,464.30635338937793,-464.30635338937793,6821
6857,464.3470449014178,-464.3470449014178,6822
6858,464.4247237873837,-464.4247237873837,6823
6859,464.491481930281,-464.491481930281,6824
6860,464.58012130170255,-464.58012130170255,6825
6861,464.684368711173,-464.684368711173,6826
6862,464.78496617984973,-464.78496617984973,6827
6863,464.88402701811816,-464.88402701811816,6828
6864,464.9261152963814,-464.9261152963814,6829
6865,464.95681551390607,-464.95681551390607,6830
6866,464.9870056516186,-464.9870056516186,6831
6867,465.0063884773002,-465.0063884773002,6832
6868,465.0216279267455,-465.0216279267455,6833
6869,465.03429403195764,-465.03429403195764,6834
6870,465.04649475544085,-465.04649475544085,6835
6871,465.05958219807405,-465.05958219807405,6836
6872,465.0879728157454,-465.0879728157454,6837
6873,465.0944116168665,-465.0944116168665,6838
6874,465.0915485959973,-465.0915485959973,6839
6875,465.0797777965775,-465.0797777965775,6840
6876,465.0761174339625,-465.0761174339625,6841
6877,465.7020214372971,-465.7020214372971,6842
6878,465.9278455106482,-465.9278455106482,6843
6879,465.92568851987744,-465.92568851987744,6844
6880,466.00104980390904,-466.00104980390904,6845
6881,466.0695555641108,-466.0695555641108,6846
6882,466.14378204845804,-466.14378204845804,6847
6883,466.226642191605,-466.226642191605,6848
6884,466.3197995338237,-466.3197995338237,6849
6885,466.4165759442967,-466.4165759442967,6850
6886,466.46824769362615,-466.46824769362615,6851
6887,466.5196069525736,-466.5196069525736,6852
6888,466.563728793827,-466.563728793827,6853
6889,466.5938478426917,-466.5938478426917,6854
6890,466.62089801400975,-466.62089801400975,6855
6891,466.65376466597775,-466.65376466597775,6856
6892,466.67161580005734,-466.67161580005734,6857
6893,466.68384221602776,-466.68384221602776,6858
6894,466.6981866233337,-466.6981866233337,6859
6895,467.0900470461229,-467.0900470461229,6860
6896,467.7597769680274,-467.7597769680274,6861
6897,468.22800155555433,-468.22800155555433,6862
6898,468.2982974971857,-468.2982974971857,6863
6899,468.35837749388503,-468.35837749388503,6864
6900,468.3956653083022,-468.3956653083022,6865
6901,469.3142773735178,-469.3142773735178,6866
6902,470.0568971868087,-470.0568971868087,6867
6903,470.7852789819615,-470.7852789819615,6868
6904,470.9275374252386,-470.9275374252386,6869
6905,470.9876468704159,-470.9876468704159,6870
6906,471.06275112455074,-471.06275112455074,6871
6907,471.1621843516166,-471.1621843516166,6872
6908,471.2663179247457,-471.2663179247457,6873
6909,471.32490915219825,-471.32490915219825,6874
6910,471.3824762357181,-471.3824762357181,6875
6911,471.45408399831,-471.45408399831,6876
6912,471.49873813319545,-471.49873813319545,6877
6913,471.5335248010482,-471.5335248010482,6878
6914,471.56774446263444,-471.56774446263444,6879
6915,471.58421691709896,-471.58421691709896,6880
6916,471.6023007932482,-471.6023007932482,6881
6917,471.6158996191871,-471.6158996191871,6882
6918,471.6273737743162,-471.6273737743162,6883
6919,471.63838482389644,-471.63838482389644,6884
6920,471.7008507638151,-471.7008507638151,6885
6921,471.7106048485984,-471.7106048485984,6886
6922,471.71151526655945,-471.71151526655945,6887
6923,471.6998416519275,-471.6998416519275,6888
6924,471.6796373989943,-471.6796373989943,6889
6925,471.67170586652503,-471.67170586652503,6890
6926,471.67253786505046,-471.67253786505046,6891
6927,471.6807340948893,-471.6807340948893,6892
6928,471.75026607249646,-471.75026607249646,6893
6929,471.79736835461256,-471.79736835461256,6894
6930,471.8521674406981,-471.8521674406981,6895
6931,471.9184008487656,-471.9184008487656,6896
6932,471.99308340196495,-471.99308340196495,6897
6933,472.04955968965896,-472.04955968965896,6898
6934,472.12883408329776,-472.12883408329776,6899
6935,472.17913890479275,-472.17913890479275,6900
6936,472.19832007829353,-472.19832007829353,6901
6937,472.21701690516187,-472.21701690516187,6902
6938,472.23007126905696,-472.23007126905696,6903
6939,472.24740098542463,-472.24740098542463,6904
6940,472.2621374716036,-472.2621374716036,6905
6941,472.27486878940516,-472.27486878940516,6906
6942,472.28862730793884,-472.28862730793884,6907
6943,472.3281763929148,-472.3281763929148,6908
6944,472.35012880637606,-472.35012880637606,6909
6945,472.3542173996934,-472.3542173996934,6910
6946,472.35325998975486,-472.35325998975486,6911
6947,472.6388795605369,-472.6388795605369,6912
6948,473.2281964243173,-473.2281964243173,6913
6949,473.8499981269052,-473.8499981269052,6914
6950,474.4862437764033,-474.4862437764033,6915
6951,474.87273344734774,-474.87273344734774,6916
6952,474.940771845224,-474.940771845224,6917
6953,475.0098209981597,-475.0098209981597,6918
6954,475.0522929145196,-475.0522929145196,6919
6955,475.1902415553328,-475.1902415553328,6920
6956,475.2944482701611,-475.2944482701611,6921
6957,475.3700399518493,-475.3700399518493,6922
6958,475.4426683285085,-475.4426683285085,6923
6959,475.5133270956772,-475.5133270956772,6924
6960,475.55803615651666,-475.55803615651666,6925
6961,475.5742053671797,-475.5742053671797,6926
6962,475.58884834647404,-475.58884834647404,6927
6963,475.6019905746745,-475.6019905746745,6928
6964,475.62085914003535,-475.62085914003535,6929
6965,475.6339738323175,-475.6339738323175,6930
6966,475.64830015606486,-475.64830015606486,6931
6967,475.66901330824476,-475.66901330824476,6932
6968,475.7010382497854,-475.7010382497854,6933
6969,475.7066359879867,-475.7066359879867,6934
6970,475.6979884821055,-475.6979884821055,6935
6971,475.6779598042263,-475.6779598042263,6936
6972,475.6544831715335,-475.6544831715335,6937
6973,475.6459859496548,-475.6459859496548,6938
6974,475.62537572629833,-475.62537572629833,6939
6975,475.6092533457607,-475.6092533457607,6940
6976,475.62980891378214,-475.62980891378214,6941
6977,475.65623386302536,-475.65623386302536,6942
6978,475.8687496895282,-475.8687496895282,6943
6979,475.94067599255146,-475.94067599255146,6944
6980,476.0723569246744,-476.0723569246744,6945
6981,476.23517880029686,-476.23517880029686,6946
6982,476.33313126755394,-476.33313126755394,6947
6983,476.4120152541612,-476.4120152541612,6948
6984,476.48372794028876,-476.48372794028876,6949
6985,476.5071681985214,-476.5071681985214,6950
6986,476.5228231628829,-476.5228231628829,6951
6987,476.5380131756415,-476.5380131756415,6952
6988,476.5537485002549,-476.5537485002549,6953
6989,476.5705849588857,-476.5705849588857,6954
6990,476.5827327656399,-476.5827327656399,6955
6991,476.59638712209403,-476.59638712209403,6956
6992,476.6377041694481,-476.6377041694481,6957
6993,476.72710750112253,-476.72710750112253,6958
6994,477.2942051067556,-477.2942051067556,6959
6995,477.94885964353404,-477.94885964353404,6960
6996,478.39770450303956,-478.39770450303956,6961
6997,478.44883409876024,-478.44883409876024,6962
6998,478.44059237488796,-478.44059237488796,6963
6999,478.4302959831574,-478.4302959831574,6964
7000,478.46604631439544,-478.46604631439544,6965
7001,478.5034848526636,-478.5034848526636,6966
7002,478.62071365787705,-478.62071365787705,6967
7003,478.6732680795169,-478.6732680795169,6968
7004,478.76414750091163,-478.76414750091163,6969
7005,478.8386245011421,-478.8386245011421,6970
7006,478.9038075072155,-478.9038075072155,6971
7007,478.98154339842745,-478.98154339842745,6972
7008,479.043370010567,-479.043370010567,6973
7009,479.07043493279525,-479.07043493279525,6974
7010,479.102693886928,-479.102693886928,6975
7011,479.1319177009886,-479.1319177009886,6976
7012,479.1462286547153,-479.1462286547153,6977
7013,479.1600918543992,-479.1600918543992,6978
7014,479.1759992748116,-479.1759992748116,6979
7015,479.1928776702485,-479.1928776702485,6980
7016,479.2417058991841,-479.2417058991841,6981
7017,479.28051968570105,-479.28051968570105,6982
7018,479.27859479559135,-479.27859479559135,6983
7019,479.272876038727,-479.272876038727,6984
7020,479.2604642457782,-479.2604642457782,6985
7021,479.24843081532305,-479.24843081532305,6986
7022,479.2386874951254,-479.2386874951254,6987
7023,479.2284209753056,-479.2284209753056,6988
7024,479.2875862381548,-479.2875862381548,6989
7025,479.33929452274776,-479.33929452274776,6990
7026,479.378202914293,-479.378202914293,6991
7027,479.41126349384655,-479.41126349384655,6992
7028,479.5061229110921,-479.5061229110921,6993
7029,479.5776220080435,-479.5776220080435,6994
7030,479.64960179657186,-479.64960179657186,6995
7031,479.70920600635935,-479.70920600635935,6996
7032,479.7346503521375,-479.7346503521375,6997
7033,479.75124784214836,-479.75124784214836,6998
7034,479.7632081687908,-479.7632081687908,6999
7035,479.7769046132512,-479.7769046132512,7000
7036,479.79583384736355,-479.79583384736355,7001
7037,479.8075144424267,-479.8075144424267,7002
7038,479.82282739753305,-479.82282739753305,7003
7039,479.8337214816738,-479.8337214816738,7004
7040,479.9200471875981,-479.9200471875981,7005
7041,479.9231087116711,-479.9231087116711,7006
7042,479.9193092713173,-479.9193092713173,7007
7043,479.9125037761919,-479.9125037761919,7008
7044,479.90924033740004,-479.90924033740004,7009
7045,480.51712789962704,-480.51712789962704,7010
7046,480.743633897374,-480.743633897374,7011
7047,480.73525286494606,-480.73525286494606,7012
7048,480.79135749216437,-480.79135749216437,7013
7049,480.8475391467552,-480.8475391467552,7014
7050,480.8984251980641,-480.8984251980641,7015
7051,480.94543481691034,-480.94543481691034,7016
7052,481.01585621145784,-481.01585621145784,7017
7053,481.07276931391687,-481.07276931391687,7018
7054,481.14119490623517,-481.14119490623517,7019
7055,481.2009369416877,-481.2009369416877,7020
7056,481.2321550474706,-481.2321550474706,7021
7057,481.2670275151575,-481.2670275151575,7022
7058,481.2904559131244,-481.2904559131244,7023
7059,481.30471426785044,-481.30471426785044,7024
7060,481.3168544066339,-481.3168544066339,7025
7061,481.33062015649614,-481.33062015649614,7026
7062,481.3417216220393,-481.3417216220393,7027
7063,481.39525298825197,-481.39525298825197,7028
7064,481.47067307903325,-481.47067307903325,7029
7065,481.4980077270675,-481.4980077270675,7030
7066,481.50117771535145,-481.50117771535145,7031
7067,481.5067304967463,-481.5067304967463,7032
7068,481.50052037633844,-481.50052037633844,7033
7069,482.40638287796867,-482.40638287796867,7034
7070,483.0524773400862,-483.0524773400862,7035
7071,483.5714196158132,-483.5714196158132,7036
7072,483.6434100470891,-483.6434100470891,7037
7073,483.7010619438935,-483.7010619438935,7038
7074,483.7606024260089,-483.7606024260089,7039
7075,483.8534133376163,-483.8534133376163,7040
7076,483.93067108172534,-483.93067108172534,7041
7077,484.0156596239823,-484.0156596239823,7042
7078,484.14431474741406,-484.14431474741406,7043
7079,484.2138675387679,-484.2138675387679,7044
7080,484.2585020628374,-484.2585020628374,7045
7081,484.2959189264151,-484.2959189264151,7046
7082,484.33396201214225,-484.33396201214225,7047
7083,484.35959676879236,-484.35959676879236,7048
7084,484.3727628313426,-484.3727628313426,7049
7085,484.38433334507613,-484.38433334507613,7050
7086,484.39679191988967,-484.39679191988967,7051
7087,484.4077194973816,-484.4077194973816,7052
7088,484.4786323925691,-484.4786323925691,7053
7089,484.5423182704276,-484.5423182704276,7054
7090,484.56842245084823,-484.56842245084823,7055
7091,484.6122354370276,-484.6122354370276,7056
7092,484.6621908789011,-484.6621908789011,7057
7093,484.68460396481555,-484.68460396481555,7058
7094,484.76071178617855,-484.76071178617855,7059
7095,484.7966260850902,-484.7966260850902,7060
7096,484.89633211048783,-484.89633211048783,7061
7097,484.9654169763489,-484.9654169763489,7062
7098,485.0104489745817,-485.0104489745817,7063
7099,485.0695005115987,-485.0695005115987,7064
7100,485.1336070756578,-485.1336070756578,7065
7101,485.199713492021,-485.199713492021,7066
7102,485.3008219681916,-485.3008219681916,7067
7103,485.3947366232626,-485.3947366232626,7068
7104,485.4419380884926,-485.4419380884926,7069
7105,485.45852083211923,-485.45852083211923,7070
7106,485.47620286109884,-485.47620286109884,7071
7107,485.48935237367056,-485.48935237367056,7072
7108,485.50562825874454,-485.50562825874454,7073
7109,485.51879463681496,-485.51879463681496,7074
7110,485.53140080971787,-485.53140080971787,7075
7111,485.5448822682306,-485.5448822682306,7076
7112,485.60606012265333,-485.60606012265333,7077
7113,485.6612541217707,-485.6612541217707,7078
7114,485.8336148993424,-485.8336148993424,7079
7115,485.98860478407755,-485.98860478407755,7080
7116,486.71901083620077,-486.71901083620077,7081
7117,487.4020037026528,-487.4020037026528,7082
7118,487.6782087803563,-487.6782087803563,7083
7119,487.72836963069955,-487.72836963069955,7084
7120,487.7745317819246,-487.7745317819246,7085
7121,487.83743187738236,-487.83743187738236,7086
7122,487.8924878293085,-487.8924878293085,7087
7123,487.9713417876553,-487.9713417876553,7088
7124,488.0692786054336,-488.0692786054336,7089
7125,488.1795382145887,-488.1795382145887,7090
7126,488.2659860297477,-488.2659860297477,7091
7127,488.3666625983598,-488.3666625983598,7092
7128,488.4186395024964,-488.4186395024964,7093
7129,488.4597169522314,-488.4597169522314,7094
7130,488.4738103675336,-488.4738103675336,7095
7131,488.48745730078144,-488.48745730078144,7096
7132,488.5042398716306,-488.5042398716306,7097
7133,488.51812889966385,-488.51812889966385,7098
7134,488.53039347518626,-488.53039347518626,7099
7135,488.54715030028564,-488.54715030028564,7100
7136,488.622484009793,-488.622484009793,7101
7137,488.6913591989824,-488.6913591989824,7102
7138,488.9894545665432,-488.9894545665432,7103
7139,489.67606291199246,-489.67606291199246,7104
7140,489.87414095975106,-489.87414095975106,7105
7141,489.85935802417055,-489.85935802417055,7106
7142,489.8581738082798,-489.8581738082798,7107
7143,489.85683456983156,-489.85683456983156,7108
7144,489.91036600850464,-489.91036600850464,7109
7145,489.9514043021945,-489.9514043021945,7110
7146,490.1091610427155,-490.1091610427155,7111
7147,490.16758819210713,-490.16758819210713,7112
7148,490.29918452195943,-490.29918452195943,7113
7149,490.36587685139483,-490.36587685139483,7114
7150,490.44659391048356,-490.44659391048356,7115
7151,490.51866276052436,-490.51866276052436,7116
7152,490.5617327025794,-490.5617327025794,7117
7153,490.58828567083054,-490.58828567083054,7118
7154,490.6080882487868,-490.6080882487868,7119
7155,490.629019005387,-490.629019005387,7120
7156,490.64426817739843,-490.64426817739843,7121
7157,490.6608671922739,-490.6608671922739,7122
7158,490.6821545573741,-490.6821545573741,7123
7159,490.7169724759894,-490.7169724759894,7124
7160,490.7522436677959,-490.7522436677959,7125
7161,490.78283568003434,-490.78283568003434,7126
7162,490.80378539534365,-490.80378539534365,7127
7163,490.82980967327626,-490.82980967327626,7128
7164,490.8261429804673,-490.8261429804673,7129
7165,490.8246906279612,-490.8246906279612,7130
7166,490.82456529725414,-490.82456529725414,7131
7167,490.82528353229503,-490.82528353229503,7132
7168,490.88853609293074,-490.88853609293074,7133
7169,490.95519328489837,-490.95519328489837,7134
7170,491.0521614045003,-491.0521614045003,7135
7171,491.14633334574677,-491.14633334574677,7136
7172,491.31646832486814,-491.31646832486814,7137
7173,491.3749140805127,-491.3749140805127,7138
7174,491.4765165118082,-491.4765165118082,7139
7175,491.5382574575299,-491.5382574575299,7140
7176,491.5782623768071,-491.5782623768071,7141
7177,491.59908312540273,-491.59908312540273,7142
7178,491.61266656874545,-491.61266656874545,7143
7179,491.6258019240681,-491.6258019240681,7144
7180,491.6420796911713,-491.6420796911713,7145
7181,491.65323174047967,-491.65323174047967,7146
7182,491.6675045155996,-491.6675045155996,7147
7183,491.73372320592824,-491.73372320592824,7148
7184,492.46473197291135,-492.46473197291135,7149
7185,493.17245950690426,-493.17245950690426,7150
7186,493.6213967658212,-493.6213967658212,7151
7187,493.62416483200104,-493.62416483200104,7152
7188,493.61056841366855,-493.61056841366855,7153
7189,493.5962816353584,-493.5962816353584,7154
7190,493.58800751283934,-493.58800751283934,7155
7191,493.58706649899756,-493.58706649899756,7156
7192,493.62281829769836,-493.62281829769836,7157
7193,493.6678748169476,-493.6678748169476,7158
7194,493.70754145244086,-493.70754145244086,7159
7195,493.7673299560546,-493.7673299560546,7160
7196,493.8502264940646,-493.8502264940646,7161
7197,493.95792595850736,-493.95792595850736,7162
7198,494.032554672724,-494.032554672724,7163
7199,494.10832867318675,-494.10832867318675,7164
7200,494.1431611872308,-494.1431611872308,7165
7201,494.17335336319826,-494.17335336319826,7166
7202,494.19012971498273,-494.19012971498273,7167
7203,494.2089297572595,-494.2089297572595,7168
7204,494.22393365907556,-494.22393365907556,7169
7205,494.24332644862926,-494.24332644862926,7170
7206,494.25674107091805,-494.25674107091805,7171
7207,494.3122361055846,-494.3122361055846,7172
7208,494.3574597849421,-494.3574597849421,7173
7209,494.46921324250064,-494.46921324250064,7174
7210,494.4709453816218,-494.4709453816218,7175
7211,494.4636742561862,-494.4636742561862,7176
7212,494.46384865737156,-494.46384865737156,7177
7213,494.48620272054296,-494.48620272054296,7178
7214,494.4789311933091,-494.4789311933091,7179
7215,494.4760567846775,-494.4760567846775,7180
7216,494.54678869774654,-494.54678869774654,7181
7217,494.62162745212333,-494.62162745212333,7182
7218,494.6911683235819,-494.6911683235819,7183
7219,494.7864722665812,-494.7864722665812,7184
7220,494.86717999692286,-494.86717999692286,7185
7221,494.93601848542477,-494.93601848542477,7186
7222,495.01217376327673,-495.01217376327673,7187
7223,495.0547200232215,-495.0547200232215,7188
7224,495.0921171439007,-495.0921171439007,7189
7225,495.11035133556976,-495.11035133556976,7190
7226,495.1276311951819,-495.1276311951819,7191
7227,495.14236792033046,-495.14236792033046,7192
7228,495.15987626421725,-495.15987626421725,7193
7229,495.1731129906708,-495.1731129906708,7194
7230,495.1872621626222,-495.1872621626222,7195
7231,495.2760952921632,-495.2760952921632,7196
7232,495.3436000257405,-495.3436000257405,7197
7233,495.3899905824356,-495.3899905824356,7198
7234,496.0055610136004,-496.0055610136004,7199
7235,496.793723244809,-496.793723244809,7200
7236,497.2192639177512,-497.2192639177512,7201
7237,497.3198422321006,-497.3198422321006,7202
7238,497.3269121291462,-497.3269121291462,7203
7239,497.3474773295695,-497.3474773295695,7204
7240,497.4029549091302,-497.4029549091302,7205
7241,497.48125668972426,-497.48125668972426,7206
7242,497.54853026206996,-497.54853026206996,7207
7243,497.60702880613974,-497.60702880613974,7208
7244,497.662915090968,-497.662915090968,7209
7245,497.7266022767809,-497.7266022767809,7210
7246,497.8480309569239,-497.8480309569239,7211
7247,497.98093097631164,-497.98093097631164,7212
7248,498.01836792973967,-498.01836792973967,7213
7249,498.04646907906596,-498.04646907906596,7214
7250,498.0627577209736,-498.0627577209736,7215
7251,498.0780554871494,-498.0780554871494,7216
7252,498.0954845220845,-498.0954845220845,7217
7253,498.1093128444091,-498.1093128444091,7218
7254,498.12602880624604,-498.12602880624604,7219
7255,498.14990605691554,-498.14990605691554,7220
7256,498.2157126813509,-498.2157126813509,7221
7257,498.40131508973866,-498.40131508973866,7222
7258,498.4510394657159,-498.4510394657159,7223
7259,498.57367719172674,-498.57367719172674,7224
7260,498.62015542915043,-498.62015542915043,7225
7261,499.4367746052422,-499.4367746052422,7226
7262,500.16699707543273,-500.16699707543273,7227
7263,500.7760920579731,-500.7760920579731,7228
7264,500.92280943528027,-500.92280943528027,7229
7265,500.9704524739726,-500.9704524739726,7230
7266,501.01365271228326,-501.01365271228326,7231
7267,501.0499765711745,-501.0499765711745,7232
7268,501.1287151379868,-501.1287151379868,7233
7269,501.209255993696,-501.209255993696,7234
7270,501.2597685651558,-501.2597685651558,7235
7271,501.33191058744194,-501.33191058744194,7236
7272,501.36256170372235,-501.36256170372235,7237
7273,501.37820284946974,-501.37820284946974,7238
7274,501.39593177313765,-501.39593177313765,7239
7275,501.4090685366768,-501.4090685366768,7240
7276,501.4224540057636,-501.4224540057636,7241
7277,501.4418906978925,-501.4418906978925,7242
7278,501.45310230263505,-501.45310230263505,7243
7279,501.5070099144646,-501.5070099144646,7244
7280,501.5954567049076,-501.5954567049076,7245
7281,501.5944642691933,-501.5944642691933,7246
7282,501.6209057369311,-501.6209057369311,7247
7283,501.60188815549196,-501.60188815549196,7248
7284,501.5841677208439,-501.5841677208439,7249
7285,501.5668041249255,-501.5668041249255,7250
7286,501.5603204901148,-501.5603204901148,7251
7287,501.5911536480244,-501.5911536480244,7252
7288,501.6342994535004,-501.6342994535004,7253
7289,501.68055835878835,-501.68055835878835,7254
7290,501.7304358108746,-501.7304358108746,7255
7291,501.7722989571929,-501.7722989571929,7256
7292,501.82974518987527,-501.82974518987527,7257
7293,501.8659587686334,-501.8659587686334,7258
7294,501.92031606420295,-501.92031606420295,7259
7295,501.9488841362693,-501.9488841362693,7260
7296,501.96349462891345,-501.96349462891345,7261
7297,501.9786122690872,-501.9786122690872,7262
7298,501.99693332420094,-501.99693332420094,7263
7299,502.0132803892901,-502.0132803892901,7264
7300,502.02750342795645,-502.02750342795645,7265
7301,502.0408474154147,-502.0408474154147,7266
7302,502.0517880249228,-502.0517880249228,7267
7303,502.1053697736687,-502.1053697736687,7268
7304,502.1470791689965,-502.1470791689965,7269
7305,502.14938697808276,-502.14938697808276,7270
7306,502.59259189893453,-502.59259189893453,7271
7307,503.24383851502654,-503.24383851502654,7272
7308,504.1170356395326,-504.1170356395326,7273
7309,504.2756982715645,-504.2756982715645,7274
7310,504.8212285438536,-504.8212285438536,7275
7311,505.35757026704573,-505.35757026704573,7276
7312,505.3969991605778,-505.3969991605778,7277
7313,505.4447621882287,-505.4447621882287,7278
7314,505.5200005118707,-505.5200005118707,7279
7315,505.5666372500181,-505.5666372500181,7280
7316,505.6569166885876,-505.6569166885876,7281
7317,505.74665004663217,-505.74665004663217,7282
7318,505.8229962608441,-505.8229962608441,7283
7319,505.872912149598,-505.872912149598,7284
7320,505.9030901795264,-505.9030901795264,7285
7321,505.9301402681068,-505.9301402681068,7286
7322,505.9437721322724,-505.9437721322724,7287
7323,505.95844674648043,-505.95844674648043,7288
7324,505.97105554064746,-505.97105554064746,7289
7325,505.98338201717536,-505.98338201717536,7290
7326,506.00053088158825,-506.00053088158825,7291
7327,506.0704019443038,-506.0704019443038,7292
7328,506.1515001887261,-506.1515001887261,7293
7329,506.13891000879556,-506.13891000879556,7294
7330,506.1296394007766,-506.1296394007766,7295
7331,506.1155206484842,-506.1155206484842,7296
7332,506.1003760594469,-506.1003760594469,7297
7333,506.0841903204823,-506.0841903204823,7298
7334,506.0797669117579,-506.0797669117579,7299
7335,506.1286679791353,-506.1286679791353,7300
7336,506.155694277078,-506.155694277078,7301
7337,506.2236765597907,-506.2236765597907,7302
7338,506.29424357194677,-506.29424357194677,7303
7339,506.3589010676668,-506.3589010676668,7304
7340,506.4219984556649,-506.4219984556649,7305
7341,506.52356956333807,-506.52356956333807,7306
7342,506.5904727217798,-506.5904727217798,7307
7343,506.616946565613,-506.616946565613,7308
7344,506.6315086361728,-506.6315086361728,7309
7345,506.6445642381261,-506.6445642381261,7310
7346,506.66393227305565,-506.66393227305565,7311
7347,506.6797240806723,-506.6797240806723,7312
7348,506.6934253197938,-506.6934253197938,7313
7349,506.70451219779306,-506.70451219779306,7314
7350,506.7278647281171,-506.7278647281171,7315
7351,506.76088904236144,-506.76088904236144,7316
7352,506.7686000579959,-506.7686000579959,7317
7353,506.76514764722793,-506.76514764722793,7318
7354,506.76209101208616,-506.76209101208616,7319
7355,506.75861629519807,-506.75861629519807,7320
7356,507.48073350448755,-507.48073350448755,7321
7357,508.36303071258925,-508.36303071258925,7322
7358,508.8339781094485,-508.8339781094485,7323
7359,508.9383995172308,-508.9383995172308,7324
7360,508.9664160268954,-508.9664160268954,7325
7361,509.0525357035747,-509.0525357035747,7326
7362,509.11473618306036,-509.11473618306036,7327
7363,509.22667870126725,-509.22667870126725,7328
7364,509.2985376829637,-509.2985376829637,7329
7365,509.335794314569,-509.335794314569,7330
7366,509.3861882668184,-509.3861882668184,7331
7367,509.4137830201232,-509.4137830201232,7332
7368,509.42838836513414,-509.42838836513414,7333
7369,509.44195673239926,-509.44195673239926,7334
7370,509.46028617741086,-509.46028617741086,7335
7371,509.47602126197853,-509.47602126197853,7336
7372,509.488142536884,-509.488142536884,7337
7373,509.5007554499441,-509.5007554499441,7338
7374,509.5303951536167,-509.5303951536167,7339
7375,509.55319009919987,-509.55319009919987,7340
7376,509.5671113951358,-509.5671113951358,7341
7377,509.56371567218196,-509.56371567218196,7342
7378,509.54986092709817,-509.54986092709817,7343
7379,509.53472424177664,-509.53472424177664,7344
7380,509.53285195112034,-509.53285195112034,7345
7381,509.53050270078273,-509.53050270078273,7346
7382,509.52877425623126,-509.52877425623126,7347
7383,509.57401271812984,-509.57401271812984,7348
7384,509.62629959693066,-509.62629959693066,7349
7385,509.6796255412749,-509.6796255412749,7350
7386,509.7182529844226,-509.7182529844226,7351
7387,509.76483462739424,-509.76483462739424,7352
7388,509.82292481973064,-509.82292481973064,7353
7389,509.88411897920304,-509.88411897920304,7354
7390,509.91997241004213,-509.91997241004213,7355
7391,509.9501593042557,-509.9501593042557,7356
7392,509.975668509211,-509.975668509211,7357
7393,510.00171062769505,-510.00171062769505,7358
7394,510.0200207217481,-510.0200207217481,7359
7395,510.0362984068456,-510.0362984068456,7360
7396,510.04685096291774,-510.04685096291774,7361
7397,510.06105386133834,-510.06105386133834,7362
7398,510.1027406026139,-510.1027406026139,7363
7399,510.16481389556515,-510.16481389556515,7364
7400,510.20048592253295,-510.20048592253295,7365
7401,510.2713661375487,-510.2713661375487,7366
7402,510.3187342282198,-510.3187342282198,7367
7403,510.3577447461141,-510.3577447461141,7368
7404,510.4289637005912,-510.4289637005912,7369
7405,510.4766702176152,-510.4766702176152,7370
7406,510.5228631683183,-510.5228631683183,7371
7407,510.5773497625943,-510.5773497625943,7372
7408,510.6116200088556,-510.6116200088556,7373
7409,510.6567983450174,-510.6567983450174,7374
7410,510.6920504655572,-510.6920504655572,7375
7411,510.72775509112387,-510.72775509112387,7376
7412,510.75621437844535,-510.75621437844535,7377
7413,510.78579700622663,-510.78579700622663,7378
7414,510.8065756559224,-510.8065756559224,7379
7415,510.830990671312,-510.830990671312,7380
7416,510.85957174430195,-510.85957174430195,7381
7417,510.87524946942415,-510.87524946942415,7382
7418,510.89150847498985,-510.89150847498985,7383
7419,510.90983631489553,-510.90983631489553,7384
7420,510.92245635957386,-510.92245635957386,7385
7421,510.93646413970464,-510.93646413970464,7386
7422,510.9535481831793,-510.9535481831793,7387
7423,511.0200332648798,-511.0200332648798,7388
7424,511.0291043398953,-511.0291043398953,7389
7425,511.02552373517443,-511.02552373517443,7390
7426,511.0123799854266,-511.0123799854266,7391
7427,511.0011823327579,-511.0011823327579,7392
7428,510.99277736691323,-510.99277736691323,7393
7429,510.98694994124656,-510.98694994124656,7394
7430,510.9793630391158,-510.9793630391158,7395
7431,511.02245205658653,-511.02245205658653,7396
7432,511.06655429834416,-511.06655429834416,7397
7433,511.1485730425262,-511.1485730425262,7398
7434,511.20360715368236,-511.20360715368236,7399
7435,511.2768408525875,-511.2768408525875,7400
7436,511.336048564579,-511.336048564579,7401
7437,511.4160472811369,-511.4160472811369,7402
7438,511.4555295843304,-511.4555295843304,7403
7439,511.4965654804575,-511.4965654804575,7404
7440,511.5210359287367,-511.5210359287367,7405
7441,511.5434276742663,-511.5434276742663,7406
7442,511.56330860143373,-511.56330860143373,7407
7443,511.5837154113569,-511.5837154113569,7408
7444,511.60261069003457,-511.60261069003457,7409
7445,511.6219426108302,-511.6219426108302,7410
7446,511.64126295498545,-511.64126295498545,7411
7447,511.71114326662257,-511.71114326662257,7412
7448,511.74935638595605,-511.74935638595605,7413
7449,511.80921397836806,-511.80921397836806,7414
7450,511.84625546342437,-511.84625546342437,7415
7451,512.1503513014384,-512.1503513014384,7416
7452,512.9155415368348,-512.9155415368348,7417
7453,513.2695242128516,-513.2695242128516,7418
7454,513.308531462926,-513.308531462926,7419
7455,513.3552366618601,-513.3552366618601,7420
7456,513.4465320245532,-513.4465320245532,7421
7457,513.5565228511102,-513.5565228511102,7422
7458,513.6306446936385,-513.6306446936385,7423
7459,513.6829357872474,-513.6829357872474,7424
7460,513.7502609402488,-513.7502609402488,7425
7461,513.8203101590564,-513.8203101590564,7426
7462,513.8711680471797,-513.8711680471797,7427
7463,513.9013191537728,-513.9013191537728,7428
7464,513.9252523154888,-513.9252523154888,7429
7465,513.9491936008195,-513.9491936008195,7430
7466,513.965950778217,-513.965950778217,7431
7467,513.9857941446212,-513.9857941446212,7432
7468,514.0041261997305,-514.0041261997305,7433
7469,514.02285592952,-514.02285592952,7434
7470,514.0405133102698,-514.0405133102698,7435
7471,514.119552931783,-514.119552931783,7436
7472,514.2019982531325,-514.2019982531325,7437
7473,514.2043076143573,-514.2043076143573,7438
7474,514.2234420637744,-514.2234420637744,7439
7475,514.2170399419954,-514.2170399419954,7440
7476,514.9032456278322,-514.9032456278322,7441
7477,515.5037305677977,-515.5037305677977,7442
7478,516.1727535482778,-516.1727535482778,7443
7479,516.8394960504588,-516.8394960504588,7444
7480,517.1641319313034,-517.1641319313034,7445
7481,517.2585287515061,-517.2585287515061,7446
7482,517.3544988206652,-517.3544988206652,7447
7483,517.4161209143928,-517.4161209143928,7448
7484,517.4902107266091,-517.4902107266091,7449
7485,517.5290804760485,-517.5290804760485,7450
7486,517.595552084665,-517.595552084665,7451
7487,517.6495813975317,-517.6495813975317,7452
7488,517.6709163338677,-517.6709163338677,7453
7489,517.6922699339202,-517.6922699339202,7454
7490,517.715269034628,-517.715269034628,7455
7491,517.7362249712579,-517.7362249712579,7456
7492,517.7535511439927,-517.7535511439927,7457
7493,517.773441693611,-517.773441693611,7458
7494,517.7899371730605,-517.7899371730605,7459
7495,517.8585929492958,-517.8585929492958,7460
7496,517.9072625725368,-517.9072625725368,7461
7497,518.4161696655228,-518.4161696655228,7462
7498,519.0329328804208,-519.0329328804208,7463
7499,519.3084845871009,-519.3084845871009,7464
7500,519.4048704303847,-519.4048704303847,7465
7501,519.4024410362646,-519.4024410362646,7466
7502,519.38772340354,-519.38772340354,7467
7503,519.4402737720925,-519.4402737720925,7468
7504,519.47273438232,-519.47273438232,7469
7505,519.5390220383235,-519.5390220383235,7470
7506,519.6152503479243,-519.6152503479243,7471
7507,519.6820976545574,-519.6820976545574,7472
7508,519.7625100750992,-519.7625100750992,7473
7509,519.8584067831741,-519.8584067831741,7474
7510,519.9222039658592,-519.9222039658592,7475
7511,519.9684609391325,-519.9684609391325,7476
7512,519.9908359916878,-519.9908359916878,7477
7513,520.0142409949244,-520.0142409949244,7478
7514,520.035664075752,-520.035664075752,7479
7515,520.0560408115418,-520.0560408115418,7480
7516,520.0771712077587,-520.0771712077587,7481
7517,520.1470887314526,-520.1470887314526,7482
7518,520.1757333335373,-520.1757333335373,7483
7519,520.2506794898063,-520.2506794898063,7484
7520,520.2936679511638,-520.2936679511638,7485
7521,520.2945368155945,-520.2945368155945,7486
7522,520.4273793028005,-520.4273793028005,7487
7523,521.1051776940918,-521.1051776940918,7488
7524,521.641730364154,-521.641730364154,7489
7525,522.435167663626,-522.435167663626,7490
7526,522.9325987866567,-522.9325987866567,7491
7527,523.0489741236628,-523.0489741236628,7492
7528,523.1086546486874,-523.1086546486874,7493
7529,523.1542567785069,-523.1542567785069,7494
7530,523.2102222945463,-523.2102222945463,7495
7531,523.2645021992502,-523.2645021992502,7496
7532,523.3384892453532,-523.3384892453532,7497
7533,523.5091676233096,-523.5091676233096,7498
7534,523.5807779332209,-523.5807779332209,7499
7535,523.6488353714385,-523.6488353714385,7500
7536,523.6842619651419,-523.6842619651419,7501
7537,523.7061499164906,-523.7061499164906,7502
7538,523.7255358581276,-523.7255358581276,7503
7539,523.7463597699001,-523.7463597699001,7504
7540,523.7655510752772,-523.7655510752772,7505
7541,523.7871009486032,-523.7871009486032,7506
7542,523.80737015066,-523.80737015066,7507
7543,523.8857670063409,-523.8857670063409,7508
7544,524.0789332176641,-524.0789332176641,7509
7545,524.1348339571015,-524.1348339571015,7510
7546,524.2379312162946,-524.2379312162946,7511
7547,524.7450257193735,-524.7450257193735,7512
7548,525.5156324757653,-525.5156324757653,7513
7549,525.8747133947472,-525.8747133947472,7514
7550,526.0639489486342,-526.0639489486342,7515
7551,526.2659477307194,-526.2659477307194,7516
7552,526.4726970857943,-526.4726970857943,7517
7553,526.5322953573141,-526.5322953573141,7518
7554,526.6138258173947,-526.6138258173947,7519
7555,526.672723794434,-526.672723794434,7520
7556,526.7307350709142,-526.7307350709142,7521
7557,526.8032310756863,-526.8032310756863,7522
7558,526.876302242407,-526.876302242407,7523
7559,526.9116071285688,-526.9116071285688,7524
7560,526.9433340597715,-526.9433340597715,7525
7561,526.957410662386,-526.957410662386,7526
7562,526.9710598922372,-526.9710598922372,7527
7563,526.9890775492886,-526.9890775492886,7528
7564,527.0023978530559,-527.0023978530559,7529
7565,527.0168353905776,-527.0168353905776,7530
7566,527.0636532857083,-527.0636532857083,7531
7567,527.1208716619955,-527.1208716619955,7532
7568,527.1432218884014,-527.1432218884014,7533
7569,527.2400879436931,-527.2400879436931,7534
7570,527.2410275423804,-527.2410275423804,7535
7571,527.4529026835704,-527.4529026835704,7536
7572,527.820794057582,-527.820794057582,7537
7573,528.1965720053845,-528.1965720053845,7538
7574,528.193663768077,-528.193663768077,7539
7575,528.241927773666,-528.241927773666,7540
7576,528.281847490015,-528.281847490015,7541
7577,528.3471672946754,-528.3471672946754,7542
7578,528.5911804199092,-528.5911804199092,7543
7579,528.6705064715912,-528.6705064715912,7544
7580,528.7393526379968,-528.7393526379968,7545
7581,528.8321257704106,-528.8321257704106,7546
7582,528.8860979445049,-528.8860979445049,7547
7583,528.9333543819675,-528.9333543819675,7548
7584,528.9661409968492,-528.9661409968492,7549
7585,529.0020877212373,-529.0020877212373,7550
7586,529.0183244425062,-529.0183244425062,7551
7587,529.0346052868437,-529.0346052868437,7552
7588,529.0485090960312,-529.0485090960312,7553
7589,529.0611566700841,-529.0611566700841,7554
7590,529.0772014575922,-529.0772014575922,7555
7591,529.5730725033558,-529.5730725033558,7556
7592,529.5989776228504,-529.5989776228504,7557
7593,529.6192521960234,-529.6192521960234,7558
7594,529.6251959133596,-529.6251959133596,7559
7595,529.613160457217,-529.613160457217,7560
7596,529.9990182295832,-529.9990182295832,7561
7597,530.598308363326,-530.598308363326,7562
7598,530.8276274648358,-530.8276274648358,7563
7599,530.8651342694044,-530.8651342694044,7564
7600,530.9063986550627,-530.9063986550627,7565
7601,530.9659373229446,-530.9659373229446,7566
7602,531.0338136747662,-531.0338136747662,7567
7603,531.1078788084928,-531.1078788084928,7568
7604,531.2000855491402,-531.2000855491402,7569
7605,531.2565783135493,-531.2565783135493,7570
7606,531.3203792635162,-531.3203792635162,7571
7607,531.346314976315,-531.346314976315,7572
7608,531.3618831477219,-531.3618831477219,7573
7609,531.3811595894947,-531.3811595894947,7574
7610,531.399272196755,-531.399272196755,7575
7611,531.4111186562058,-531.4111186562058,7576
7612,531.4245612212214,-531.4245612212214,7577
7613,531.4371221904464,-531.4371221904464,7578
7614,531.471646778018,-531.471646778018,7579
7615,531.5140983028904,-531.5140983028904,7580
7616,531.5178178292803,-531.5178178292803,7581
7617,531.5154845501849,-531.5154845501849,7582
7618,531.5359724191158,-531.5359724191158,7583
7619,531.7019209416688,-531.7019209416688,7584
7620,531.7015282117127,-531.7015282117127,7585
7621,531.6909015711807,-531.6909015711807,7586
7622,531.684338998892,-531.684338998892,7587
7623,532.0419379423912,-532.0419379423912,7588
7624,532.7917790133386,-532.7917790133386,7589
7625,533.3137124091527,-533.3137124091527,7590
7626,533.4298106032619,-533.4298106032619,7591
7627,533.5032982209021,-533.5032982209021,7592
7628,533.579480800153,-533.579480800153,7593
7629,533.6639928158554,-533.6639928158554,7594
7630,533.7200929079246,-533.7200929079246,7595
7631,533.7585733391162,-533.7585733391162,7596
7632,533.772641797563,-533.772641797563,7597
7633,533.7867661528965,-533.7867661528965,7598
7634,533.8071540978285,-533.8071540978285,7599
7635,533.8239034152317,-533.8239034152317,7600
7636,533.8365035820822,-533.8365035820822,7601
7637,533.8496669825516,-533.8496669825516,7602
7638,533.8624920274112,-533.8624920274112,7603
7639,533.9343568458797,-533.9343568458797,7604
7640,534.0104806201239,-534.0104806201239,7605
7641,534.0441463983548,-534.0441463983548,7606
7642,534.0468620506258,-534.0468620506258,7607
7643,534.0613092566398,-534.0613092566398,7608
7644,534.0635935535989,-534.0635935535989,7609
7645,534.0776765278076,-534.0776765278076,7610
7646,534.0708935491401,-534.0708935491401,7611
7647,534.2063881066185,-534.2063881066185,7612
7648,534.2921500820993,-534.2921500820993,7613
7649,534.4268844101597,-534.4268844101597,7614
7650,534.4739861042052,-534.4739861042052,7615
7651,534.5090680518307,-534.5090680518307,7616
7652,534.5550486444793,-534.5550486444793,7617
7653,534.5892129354013,-534.5892129354013,7618
7654,534.6463161834603,-534.6463161834603,7619
7655,534.6946768590627,-534.6946768590627,7620
7656,534.719144220053,-534.719144220053,7621
7657,534.7358036768422,-534.7358036768422,7622
7658,534.7489465517028,-534.7489465517028,7623
7659,534.7662871444281,-534.7662871444281,7624
7660,534.7769229133993,-534.7769229133993,7625
7661,534.7931434836499,-534.7931434836499,7626
7662,534.8190349673497,-534.8190349673497,7627
7663,534.8912325494487,-534.8912325494487,7628
7664,534.9412205525316,-534.9412205525316,7629
7665,535.6377290922653,-535.6377290922653,7630
7666,536.4760726364393,-536.4760726364393,7631
7667,537.1875956842964,-537.1875956842964,7632
7668,537.9638525711737,-537.9638525711737,7633
7669,538.6451207539137,-538.6451207539137,7634
7670,539.0075342433277,-539.0075342433277,7635
7671,539.0932028215134,-539.0932028215134,7636
7672,539.2200593102957,-539.2200593102957,7637
7673,539.3623278140525,-539.3623278140525,7638
7674,539.5077262603621,-539.5077262603621,7639
7675,539.5819468172198,-539.5819468172198,7640
7676,539.6613423934712,-539.6613423934712,7641
7677,539.7728397212212,-539.7728397212212,7642
7678,539.8413134200486,-539.8413134200486,7643
7679,539.8828768949733,-539.8828768949733,7644
7680,539.9000822083204,-539.9000822083204,7645
7681,539.9147140879398,-539.9147140879398,7646
7682,539.9289051198355,-539.9289051198355,7647
7683,539.9472505033327,-539.9472505033327,7648
7684,539.961204300211,-539.961204300211,7649
7685,539.9806023550248,-539.9806023550248,7650
7686,540.03859833218,-540.03859833218,7651
7687,540.1437788904864,-540.1437788904864,7652
7688,540.1448252582359,-540.1448252582359,7653
7689,540.1622728948325,-540.1622728948325,7654
7690,540.1585719340003,-540.1585719340003,7655
7691,540.1454322980102,-540.1454322980102,7656
7692,540.1307231723928,-540.1307231723928,7657
7693,540.123632613893,-540.123632613893,7658
7694,540.1180679196891,-540.1180679196891,7659
7695,540.1971770736883,-540.1971770736883,7660
7696,540.2663860239545,-540.2663860239545,7661
7697,540.3356326836296,-540.3356326836296,7662
7698,540.4185725896831,-540.4185725896831,7663
7699,540.4909974360435,-540.4909974360435,7664
7700,540.5675032200811,-540.5675032200811,7665
7701,540.6452215277645,-540.6452215277645,7666
7702,540.7085394772117,-540.7085394772117,7667
7703,540.7527306660013,-540.7527306660013,7668
7704,540.767864521966,-540.767864521966,7669
7705,540.7851314969986,-540.7851314969986,7670
7706,540.8024923945748,-540.8024923945748,7671
7707,540.8182386685161,-540.8182386685161,7672
7708,540.8324750049322,-540.8324750049322,7673
7709,540.8433520177568,-540.8433520177568,7674
7710,540.8698453815831,-540.8698453815831,7675
7711,540.9630122599431,-540.9630122599431,7676
7712,541.0887316436658,-541.0887316436658,7677
7713,541.1174808845936,-541.1174808845936,7678
7714,541.1326112632705,-541.1326112632705,7679
7715,541.202891104111,-541.202891104111,7680
7716,541.2746646527064,-541.2746646527064,7681
7717,541.381087351872,-541.381087351872,7682
7718,541.4427731389527,-541.4427731389527,7683
7719,541.5330571201756,-541.5330571201756,7684
7720,541.687177991067,-541.687177991067,7685
7721,541.7649272507493,-541.7649272507493,7686
7722,541.8764181282514,-541.8764181282514,7687
7723,542.0522140782915,-542.0522140782915,7688
7724,542.1911496090935,-542.1911496090935,7689
7725,542.2735599557448,-542.2735599557448,7690
7726,542.3591944680894,-542.3591944680894,7691
7727,542.3982024132495,-542.3982024132495,7692
7728,542.4278514517023,-542.4278514517023,7693
7729,542.4601225594865,-542.4601225594865,7694
7730,542.4852486183444,-542.4852486183444,7695
7731,542.4974953616922,-542.4974953616922,7696
7732,542.511223807414,-542.511223807414,7697
7733,542.5247716546498,-542.5247716546498,7698
7734,542.5391283236843,-542.5391283236843,7699
7735,542.6360535024083,-542.6360535024083,7700
7736,542.704220603884,-542.704220603884,7701
7737,542.7783850757658,-542.7783850757658,7702
7738,542.7798447841171,-542.7798447841171,7703
7739,542.7758218210624,-542.7758218210624,7704
7740,543.4155065222553,-543.4155065222553,7705
7741,543.5231399131296,-543.5231399131296,7706
7742,543.8302847298897,-543.8302847298897,7707
7743,544.0896542833757,-544.0896542833757,7708
7744,544.8367298917847,-544.8367298917847,7709
7745,545.1303691713829,-545.1303691713829,7710
7746,545.3053223471021,-545.3053223471021,7711
7747,545.712640587271,-545.712640587271,7712
7748,546.2040060580518,-546.2040060580518,7713
7749,546.9488680474934,-546.9488680474934,7714
7750,547.6937465105517,-547.6937465105517,7715
7751,548.4127361145485,-548.4127361145485,7716
7752,549.1169045226095,-549.1169045226095,7717
7753,549.705859033425,-549.705859033425,7718
7754,549.8264142027284,-549.8264142027284,7719
7755,549.8411526433159,-549.8411526433159,7720
7756,549.8534998262772,-549.8534998262772,7721
7757,549.8671924744881,-549.8671924744881,7722
7758,549.880071912266,-549.880071912266,7723
7759,549.9607836599995,-549.9607836599995,7724
7760,550.02128623276,-550.02128623276,7725
7761,550.092527689768,-550.092527689768,7726
7762,550.4502635084197,-550.4502635084197,7727
7763,551.0574424958055,-551.0574424958055,7728
7764,551.1138087436934,-551.1138087436934,7729
7765,551.1083460281635,-551.1083460281635,7730
7766,551.104838888447,-551.104838888447,7731
7767,551.1847959878036,-551.1847959878036,7732
7768,551.2676597518799,-551.2676597518799,7733
7769,551.3632821429816,-551.3632821429816,7734
7770,551.5182422131165,-551.5182422131165,7735
7771,551.6082255131716,-551.6082255131716,7736
7772,551.7916435592845,-551.7916435592845,7737
7773,551.8706397213855,-551.8706397213855,7738
7774,551.9576812868353,-551.9576812868353,7739
7775,551.9777952841474,-551.9777952841474,7740
7776,551.9931829792243,-551.9931829792243,7741
7777,552.0053395750588,-552.0053395750588,7742
7778,552.0257719180897,-552.0257719180897,7743
7779,552.0394559980999,-552.0394559980999,7744
7780,552.051761340312,-552.051761340312,7745
7781,552.0656099721235,-552.0656099721235,7746
7782,552.1336833662382,-552.1336833662382,7747
7783,552.8598318040592,-552.8598318040592,7748
7784,553.5288185835395,-553.5288185835395,7749
7785,554.2269120285666,-554.2269120285666,7750
7786,554.9158428772654,-554.9158428772654,7751
7787,555.2753237691301,-555.2753237691301,7752
7788,555.4121861854222,-555.4121861854222,7753
7789,555.4101804480733,-555.4101804480733,7754
7790,555.4875397222662,-555.4875397222662,7755
7791,555.6242263526937,-555.6242263526937,7756
7792,555.7673128647782,-555.7673128647782,7757
7793,555.8594228858663,-555.8594228858663,7758
7794,555.9670476852758,-555.9670476852758,7759
7795,556.0609771371404,-556.0609771371404,7760
7796,556.1048371411825,-556.1048371411825,7761
7797,556.1788861013988,-556.1788861013988,7762
7798,556.2266922754541,-556.2266922754541,7763
7799,556.2568714869874,-556.2568714869874,7764
7800,556.278746393477,-556.278746393477,7765
7801,556.2934211324082,-556.2934211324082,7766
7802,556.3127102641756,-556.3127102641756,7767
7803,556.3283760979558,-556.3283760979558,7768
7804,556.346281134396,-556.346281134396,7769
7805,556.3611718991182,-556.3611718991182,7770
7806,556.4063369964198,-556.4063369964198,7771
7807,556.4708453524654,-556.4708453524654,7772
7808,556.5200339144887,-556.5200339144887,7773
7809,556.6460559107285,-556.6460559107285,7774
7810,557.2292586091233,-557.2292586091233,7775
7811,557.8564383491256,-557.8564383491256,7776
7812,558.4555507948504,-558.4555507948504,7777
7813,558.762249977219,-558.762249977219,7778
7814,558.762835013593,-558.762835013593,7779
7815,558.9057583279753,-558.9057583279753,7780
7816,559.0545648139606,-559.0545648139606,7781
7817,559.1778452729973,-559.1778452729973,7782
7818,559.29862431124,-559.29862431124,7783
7819,559.4651913064773,-559.4651913064773,7784
7820,559.5428898861815,-559.5428898861815,7785
7821,559.6487396886928,-559.6487396886928,7786
7822,559.7318108940271,-559.7318108940271,7787
7823,559.7733909436018,-559.7733909436018,7788
7824,559.7994167406501,-559.7994167406501,7789
7825,559.8171907612691,-559.8171907612691,7790
7826,559.843333008872,-559.843333008872,7791
7827,559.86017672021,-559.86017672021,7792
7828,559.8746161303992,-559.8746161303992,7793
7829,559.8901414421936,-559.8901414421936,7794
7830,559.9091699857173,-559.9091699857173,7795
7831,560.0591495377712,-560.0591495377712,7796
7832,560.1460650381241,-560.1460650381241,7797
7833,560.3994865277672,-560.3994865277672,7798
7834,561.0593433990385,-561.0593433990385,7799
7835,561.4795853488504,-561.4795853488504,7800
7836,561.6092286805897,-561.6092286805897,7801
7837,561.6656509991882,-561.6656509991882,7802
7838,561.6675812070237,-561.6675812070237,7803
7839,561.731086905461,-561.731086905461,7804
7840,561.905820152694,-561.905820152694,7805
7841,562.0503217349793,-562.0503217349793,7806
7842,562.1137416457057,-562.1137416457057,7807
7843,562.1877578734452,-562.1877578734452,7808
7844,562.2829612815958,-562.2829612815958,7809
7845,562.362210535623,-562.362210535623,7810
7846,562.4395363944583,-562.4395363944583,7811
7847,562.476431812919,-562.476431812919,7812
7848,562.4930905749624,-562.4930905749624,7813
7849,562.5081774206517,-562.5081774206517,7814
7850,562.5385763716981,-562.5385763716981,7815
7851,562.5570572437628,-562.5570572437628,7816
7852,562.5737298837214,-562.5737298837214,7817
7853,562.5917039749377,-562.5917039749377,7818
7854,562.6139148446498,-562.6139148446498,7819
7855,562.6894321280486,-562.6894321280486,7820
7856,562.8359767274387,-562.8359767274387,7821
7857,563.5077835332427,-563.5077835332427,7822
7858,564.1883867573413,-564.1883867573413,7823
7859,564.4682201781358,-564.4682201781358,7824
7860,564.524968289805,-564.524968289805,7825
7861,564.5878459674517,-564.5878459674517,7826
7862,564.6499805290215,-564.6499805290215,7827
7863,564.7460501291226,-564.7460501291226,7828
7864,564.8817788558754,-564.8817788558754,7829
7865,565.0587866990355,-565.0587866990355,7830
7866,565.2299454938644,-565.2299454938644,7831
7867,565.3651846993131,-565.3651846993131,7832
7868,565.5622385572555,-565.5622385572555,7833
7869,565.6685130444212,-565.6685130444212,7834
7870,565.8175177264308,-565.8175177264308,7835
7871,565.8882014791919,-565.8882014791919,7836
7872,565.9292685508678,-565.9292685508678,7837
7873,565.9531730809582,-565.9531730809582,7838
7874,565.9855242145562,-565.9855242145562,7839
7875,566.010245060954,-566.010245060954,7840
7876,566.0554685693481,-566.0554685693481,7841
7877,566.0886056428357,-566.0886056428357,7842
7878,566.1298144178859,-566.1298144178859,7843
7879,566.255629284547,-566.255629284547,7844
7880,566.2953903695534,-566.2953903695534,7845
7881,566.3518544687088,-566.3518544687088,7846
7882,566.352842104557,-566.352842104557,7847
7883,566.3718263054695,-566.3718263054695,7848
7884,566.8955955994574,-566.8955955994574,7849
7885,567.0199849382549,-567.0199849382549,7850
7886,567.0981029749872,-567.0981029749872,7851
7887,567.2714154074789,-567.2714154074789,7852
7888,567.4355466192796,-567.4355466192796,7853
7889,567.5447720812689,-567.5447720812689,7854
7890,567.6812542812044,-567.6812542812044,7855
7891,567.7975075506943,-567.7975075506943,7856
7892,567.9123736961869,-567.9123736961869,7857
7893,568.0360278599252,-568.0360278599252,7858
7894,568.1506270529999,-568.1506270529999,7859
7895,568.2051625471971,-568.2051625471971,7860
7896,568.288802543164,-568.288802543164,7861
7897,568.301837966652,-568.301837966652,7862
7898,568.3150168275731,-568.3150168275731,7863
7899,568.3265308423552,-568.3265308423552,7864
7900,568.3429370631206,-568.3429370631206,7865
7901,568.35647352544,-568.35647352544,7866
7902,568.3937938900388,-568.3937938900388,7867
7903,568.4784373393409,-568.4784373393409,7868
7904,568.5301943247856,-568.5301943247856,7869
7905,568.5897154492138,-568.5897154492138,7870
7906,568.6152734911041,-568.6152734911041,7871
7907,568.7187753061737,-568.7187753061737,7872
7908,568.9177230036653,-568.9177230036653,7873
7909,569.5898669652548,-569.5898669652548,7874
7910,570.2578796739567,-570.2578796739567,7875
7911,570.9211169513969,-570.9211169513969,7876
7912,571.1901062413671,-571.1901062413671,7877
7913,571.386094630392,-571.386094630392,7878
7914,571.5161243762468,-571.5161243762468,7879
7915,571.7261219050275,-571.7261219050275,7880
7916,571.8913312558535,-571.8913312558535,7881
7917,572.019780424016,-572.019780424016,7882
7918,572.1021527134757,-572.1021527134757,7883
7919,572.1398835599463,-572.1398835599463,7884
7920,572.1705954726293,-572.1705954726293,7885
7921,572.1821419005752,-572.1821419005752,7886
7922,572.1974041535021,-572.1974041535021,7887
7923,572.2095613724865,-572.2095613724865,7888
7924,572.2254498702486,-572.2254498702486,7889
7925,572.2417166346802,-572.2417166346802,7890
7926,572.291338887245,-572.291338887245,7891
7927,572.374411093472,-572.374411093472,7892
7928,572.4683048142103,-572.4683048142103,7893
7929,572.6289527119131,-572.6289527119131,7894
7930,572.7563002039865,-572.7563002039865,7895
7931,572.7840509163111,-572.7840509163111,7896
7932,572.8508176045756,-572.8508176045756,7897
7933,572.8494550748724,-572.8494550748724,7898
7934,572.9064731698339,-572.9064731698339,7899
7935,573.1342357117493,-573.1342357117493,7900
7936,573.3218809641463,-573.3218809641463,7901
7937,573.5281208655261,-573.5281208655261,7902
7938,573.6753998944548,-573.6753998944548,7903
7939,573.8285359190303,-573.8285359190303,7904
7940,574.0181498897738,-574.0181498897738,7905
7941,574.1124453042352,-574.1124453042352,7906
7942,574.1876861586338,-574.1876861586338,7907
7943,574.2453364386547,-574.2453364386547,7908
7944,574.2729402464915,-574.2729402464915,7909
7945,574.287094403663,-574.287094403663,7910
7946,574.299765803109,-574.299765803109,7911
7947,574.3135049855395,-574.3135049855395,7912
7948,574.328506332635,-574.328506332635,7913
7949,574.3408387607896,-574.3408387607896,7914
7950,574.3544325507655,-574.3544325507655,7915
7951,574.4313606994131,-574.4313606994131,7916
7952,574.5056055749423,-574.5056055749423,7917
7953,574.651445170721,-574.651445170721,7918
7954,574.6944520020135,-574.6944520020135,7919
7955,574.8318952224046,-574.8318952224046,7920
7956,574.8671291405466,-574.8671291405466,7921
7957,574.9132168542961,-574.9132168542961,7922
7958,575.0882408010368,-575.0882408010368,7923
7959,575.3470360439322,-575.3470360439322,7924
7960,575.5744808929816,-575.5744808929816,7925
7961,575.7864391787786,-575.7864391787786,7926
7962,575.9697022750173,-575.9697022750173,7927
7963,576.129035986286,-576.129035986286,7928
7964,576.2653072676886,-576.2653072676886,7929
7965,576.377766174868,-576.377766174868,7930
7966,576.4763074038265,-576.4763074038265,7931
7967,576.5194260298854,-576.5194260298854,7932
7968,576.5371539518434,-576.5371539518434,7933
7969,576.5496964898348,-576.5496964898348,7934
7970,576.564415013857,-576.564415013857,7935
7971,576.5781168147892,-576.5781168147892,7936
7972,576.5919776467138,-576.5919776467138,7937
7973,576.6040723521893,-576.6040723521893,7938
7974,576.6581092940994,-576.6581092940994,7939
7975,576.7274940333548,-576.7274940333548,7940
7976,576.8746980727866,-576.8746980727866,7941
7977,577.0429535867977,-577.0429535867977,7942
7978,577.0897370972606,-577.0897370972606,7943
7979,577.1327522293582,-577.1327522293582,7944
7980,577.1651964874866,-577.1651964874866,7945
7981,577.3328612669858,-577.3328612669858,7946
7982,577.4986975716677,-577.4986975716677,7947
7983,577.7130672004765,-577.7130672004765,7948
7984,577.8749903959457,-577.8749903959457,7949
7985,578.0094806057568,-578.0094806057568,7950
7986,578.1517718055314,-578.1517718055314,7951
7987,578.2613998576327,-578.2613998576327,7952
7988,578.3716054532322,-578.3716054532322,7953
7989,578.4746581040737,-578.4746581040737,7954
7990,578.559247692884,-578.559247692884,7955
7991,578.6039614116635,-578.6039614116635,7956
7992,578.6227297951242,-578.6227297951242,7957
7993,578.6669996916057,-578.6669996916057,7958
7994,578.6806847282177,-578.6806847282177,7959
7995,578.6929737955554,-578.6929737955554,7960
7996,578.7083906634872,-578.7083906634872,7961
7997,578.7219543472522,-578.7219543472522,7962
7998,578.7737444041807,-578.7737444041807,7963
7999,578.8542914626028,-578.8542914626028,7964
8000,579.0220367388819,-579.0220367388819,7965
8001,579.090280841219,-579.090280841219,7966
8002,579.1637751110313,-579.1637751110313,7967
8003,579.2895663787507,-579.2895663787507,7968
8004,579.4117170849656,-579.4117170849656,7969
8005,579.5568044489696,-579.5568044489696,7970
8006,579.6933364804813,-579.6933364804813,7971
8007,579.8253537760202,-579.8253537760202,7972
8008,579.9646958551099,-579.9646958551099,7973
8009,580.1990404244591,-580.1990404244591,7974
8010,580.3326995772313,-580.3326995772313,7975
8011,580.4922658115142,-580.4922658115142,7976
8012,580.6098401969926,-580.6098401969926,7977
8013,580.7430614688949,-580.7430614688949,7978
8014,580.8728235315716,-580.8728235315716,7979
8015,580.9631734423881,-580.9631734423881,7980
8016,580.9916949419812,-580.9916949419812,7981
8017,581.024547521085,-581.024547521085,7982
8018,581.095880567173,-581.095880567173,7983
8019,581.149730267556,-581.149730267556,7984
8020,581.1920902649367,-581.1920902649367,7985
8021,581.2494265632852,-581.2494265632852,7986
8022,581.3041186549943,-581.3041186549943,7987
8023,581.3865380509299,-581.3865380509299,7988
8024,581.5252865029063,-581.5252865029063,7989
8025,581.57499860683,-581.57499860683,7990
8026,581.7421301441852,-581.7421301441852,7991
8027,581.9559173310637,-581.9559173310637,7992
8028,582.152331494694,-582.152331494694,7993
8029,582.3782433006332,-582.3782433006332,7994
8030,582.5786674053923,-582.5786674053923,7995
8031,582.6955902004815,-582.6955902004815,7996
8032,582.858607574709,-582.858607574709,7997
8033,583.033804829258,-583.033804829258,7998
8034,583.3798156714267,-583.3798156714267,7999
8035,583.5367696115319,-583.5367696115319,8000
8036,583.7232409252623,-583.7232409252623,8001
8037,583.8386800560298,-583.8386800560298,8002
8038,583.9231799864413,-583.9231799864413,8003
8039,583.9710265409913,-583.9710265409913,8004
8040,584.0047943587219,-584.0047943587219,8005
8041,584.0202760662111,-584.0202760662111,8006
8042,584.0374465370966,-584.0374465370966,8007
8043,584.0630442965889,-584.0630442965889,8008
8044,584.0875056557617,-584.0875056557617,8009
8045,584.10903000298,-584.10903000298,8010
8046,584.1643799787563,-584.1643799787563,8011
8047,584.2376041745173,-584.2376041745173,8012
8048,584.4817324389259,-584.4817324389259,8013
8049,584.6806284636963,-584.6806284636963,8014
8050,584.8633128940826,-584.8633128940826,8015
8051,585.0039609632711,-585.0039609632711,8016
8052,585.2540893368244,-585.2540893368244,8017
8053,585.6663465765233,-585.6663465765233,8018
8054,586.4326495990873,-586.4326495990873,8019
8055,587.1591371341719,-587.1591371341719,8020
8056,587.9881348595874,-587.9881348595874,8021
8057,588.7297155402609,-588.7297155402609,8022
8058,589.1727165945852,-589.1727165945852,8023
8059,589.3530141346639,-589.3530141346639,8024
8060,589.4819323115388,-589.4819323115388,8025
8061,589.6130746485629,-589.6130746485629,8026
8062,589.7075093467596,-589.7075093467596,8027
8063,589.7739880417546,-589.7739880417546,8028
8064,589.82287747676,-589.82287747676,8029
8065,589.8728404515424,-589.8728404515424,8030
8066,589.904644639405,-589.904644639405,8031
8067,589.9332203798998,-589.9332203798998,8032
8068,589.9665469760187,-589.9665469760187,8033
8069,589.9816392416187,-589.9816392416187,8034
8070,590.0235947483296,-590.0235947483296,8035
8071,590.1244026232854,-590.1244026232854,8036
8072,590.1843023561953,-590.1843023561953,8037
8073,590.2114451283155,-590.2114451283155,8038
8074,590.3813302873184,-590.3813302873184,8039
8075,590.4995784423455,-590.4995784423455,8040
8076,590.8372294471188,-590.8372294471188,8041
8077,591.5560977764187,-591.5560977764187,8042
8078,591.6594152976542,-591.6594152976542,8043
8079,591.7526327954082,-591.7526327954082,8044
8080,591.8950051546238,-591.8950051546238,8045
8081,592.0739143616192,-592.0739143616192,8046
8082,592.2618786588092,-592.2618786588092,8047
8083,592.3809031939101,-592.3809031939101,8048
8084,592.4911290467629,-592.4911290467629,8049
8085,592.5952539331465,-592.5952539331465,8050
8086,592.698451404475,-592.698451404475,8051
8087,592.7451179066605,-592.7451179066605,8052
8088,592.8333121420511,-592.8333121420511,8053
8089,592.9086374781315,-592.9086374781315,8054
8090,592.9944505114004,-592.9944505114004,8055
8091,593.1368773274813,-593.1368773274813,8056
8092,593.2284959677063,-593.2284959677063,8057
8093,593.3436245680477,-593.3436245680477,8058
8094,593.429103793196,-593.429103793196,8059
8095,593.5915671908405,-593.5915671908405,8060
8096,593.7368732691025,-593.7368732691025,8061
8097,593.885684006231,-593.885684006231,8062
8098,594.029934856723,-594.029934856723,8063
8099,594.1545569937726,-594.1545569937726,8064
8100,594.2937323984081,-594.2937323984081,8065
8101,594.4547579203863,-594.4547579203863,8066
8102,594.59832597337,-594.59832597337,8067
8103,594.7802066173376,-594.7802066173376,8068
8104,594.9733414605107,-594.9733414605107,8069
8105,595.1431707138429,-595.1431707138429,8070
8106,595.3105561551425,-595.3105561551425,8071
8107,595.5086552683439,-595.5086552683439,8072
8108,595.7513977035836,-595.7513977035836,8073
8109,596.0015215023371,-596.0015215023371,8074
8110,596.1516696335113,-596.1516696335113,8075
8111,596.3452444092964,-596.3452444092964,8076
8112,596.3592622275299,-596.3592622275299,8077
8113,596.3938636181387,-596.3938636181387,8078
8114,596.4050985056383,-596.4050985056383,8079
8115,596.4242505190097,-596.4242505190097,8080
8116,596.4491118475089,-596.4491118475089,8081
8117,596.4786258923401,-596.4786258923401,8082
8118,596.4980837033442,-596.4980837033442,8083
8119,596.6066135892323,-596.6066135892323,8084
8120,596.912489296652,-596.912489296652,8085
8121,597.6498544304756,-597.6498544304756,8086
8122,598.4543270942102,-598.4543270942102,8087
8123,599.1575252696388,-599.1575252696388,8088
8124,599.5276622946809,-599.5276622946809,8089
8125,599.6500612244392,-599.6500612244392,8090
8126,599.7920961890009,-599.7920961890009,8091
8127,600.0530089850585,-600.0530089850585,8092
8128,600.2515468385018,-600.2515468385018,8093
8129,600.3494229550728,-600.3494229550728,8094
8130,600.5089585491986,-600.5089585491986,8095
8131,600.6721388706893,-600.6721388706893,8096
8132,600.8530654986915,-600.8530654986915,8097
8133,600.9697630814251,-600.9697630814251,8098
8134,601.0912465565572,-601.0912465565572,8099
8135,601.1354396049378,-601.1354396049378,8100
8136,601.150532943981,-601.150532943981,8101
8137,601.1636113896986,-601.1636113896986,8102
8138,601.1783566643322,-601.1783566643322,8103
8139,601.1941793554516,-601.1941793554516,8104
8140,601.2110355266127,-601.2110355266127,8105
8141,601.2281730912955,-601.2281730912955,8106
8142,601.2661611545255,-601.2661611545255,8107
8143,601.3511360167065,-601.3511360167065,8108
8144,601.5451335820723,-601.5451335820723,8109
8145,601.6229081055681,-601.6229081055681,8110
8146,601.6354094559869,-601.6354094559869,8111
8147,602.0598012898291,-602.0598012898291,8112
8148,602.7988091933809,-602.7988091933809,8113
8149,602.8953282853238,-602.8953282853238,8114
8150,602.890700241423,-602.890700241423,8115
8151,602.986067112774,-602.986067112774,8116
8152,603.1032560569943,-603.1032560569943,8117
8153,603.3308183187455,-603.3308183187455,8118
8154,603.5441796393824,-603.5441796393824,8119
8155,603.7076598456653,-603.7076598456653,8120
8156,603.8349519605109,-603.8349519605109,8121
8157,604.0152844663875,-604.0152844663875,8122
8158,604.1735995526317,-604.1735995526317,8123
8159,604.2899667947285,-604.2899667947285,8124
8160,604.3217136998113,-604.3217136998113,8125
8161,604.3529699787323,-604.3529699787323,8126
8162,604.383280039149,-604.383280039149,8127
8163,604.4267956599257,-604.4267956599257,8128
8164,604.4640470044678,-604.4640470044678,8129
8165,604.49851076416,-604.49851076416,8130
8166,604.5422505849172,-604.5422505849172,8131
8167,604.6402040223697,-604.6402040223697,8132
8168,604.8742120430869,-604.8742120430869,8133
8169,604.9175614839204,-604.9175614839204,8134
8170,605.0177164595835,-605.0177164595835,8135
8171,605.0185886781942,-605.0185886781942,8136
8172,605.0875879921807,-605.0875879921807,8137
8173,605.0969870113609,-605.0969870113609,8138
8174,605.1927631728105,-605.1927631728105,8139
8175,605.3809491208203,-605.3809491208203,8140
8176,605.5070689400802,-605.5070689400802,8141
8177,605.6483758411212,-605.6483758411212,8142
8178,605.736827923504,-605.736827923504,8143
8179,605.8578849711083,-605.8578849711083,8144
8180,605.9673318896158,-605.9673318896158,8145
8181,606.0768700905057,-606.0768700905057,8146
8182,606.1986257054684,-606.1986257054684,8147
8183,606.2620062175916,-606.2620062175916,8148
8184,606.3248707289018,-606.3248707289018,8149
8185,606.3840947287196,-606.3840947287196,8150
8186,606.4573853572987,-606.4573853572987,8151
8187,606.5476864010294,-606.5476864010294,8152
8188,606.5967591584603,-606.5967591584603,8153
8189,606.6807266114048,-606.6807266114048,8154
8190,606.7573330134537,-606.7573330134537,8155
8191,606.9253297889935,-606.9253297889935,8156
8192,607.0522962922706,-607.0522962922706,8157
8193,607.0956042557046,-607.0956042557046,8158
8194,607.1497064830123,-607.1497064830123,8159
8195,607.2368503573614,-607.2368503573614,8160
8196,607.2920737196771,-607.2920737196771,8161
8197,607.3801573097223,-607.3801573097223,8162
8198,607.8585198103953,-607.8585198103953,8163
8199,608.1925438763303,-608.1925438763303,8164
8200,608.3033992058427,-608.3033992058427,8165
8201,608.4144036615245,-608.4144036615245,8166
8202,608.5375358580857,-608.5375358580857,8167
8203,608.644745233838,-608.644745233838,8168
8204,608.7591751137464,-608.7591751137464,8169
8205,608.878340564486,-608.878340564486,8170
8206,609.0102003540537,-609.0102003540537,8171
8207,609.0854247696285,-609.0854247696285,8172
8208,609.1741881160468,-609.1741881160468,8173
8209,609.243131784299,-609.243131784299,8174
8210,609.3075653952352,-609.3075653952352,8175
8211,609.3549270628993,-609.3549270628993,8176
8212,609.4141040865051,-609.4141040865051,8177
8213,609.480941221832,-609.480941221832,8178
8214,609.5756144721308,-609.5756144721308,8179
8215,609.7993271463748,-609.7993271463748,8180
8216,609.9712231992777,-609.9712231992777,8181
8217,610.0843216973913,-610.0843216973913,8182
8218,610.1848259548855,-610.1848259548855,8183
8219,610.2622230469648,-610.2622230469648,8184
8220,610.9356053157456,-610.9356053157456,8185
8221,611.8076440500439,-611.8076440500439,8186
8222,612.0722359799389,-612.0722359799389,8187
8223,612.1727879161886,-612.1727879161886,8188
8224,612.3210893298346,-612.3210893298346,8189
8225,612.4314954228049,-612.4314954228049,8190
8226,612.5382303402265,-612.5382303402265,8191
8227,612.6215767562525,-612.6215767562525,8192
8228,612.7650655099893,-612.7650655099893,8193
8229,612.8976808853905,-612.8976808853905,8194
8230,613.0418550843275,-613.0418550843275,8195
8231,613.1195665517961,-613.1195665517961,8196
8232,613.1729619514774,-613.1729619514774,8197
8233,613.23475989688,-613.23475989688,8198
8234,613.2937745932563,-613.2937745932563,8199
8235,613.3480668011015,-613.3480668011015,8200
8236,613.4389986423749,-613.4389986423749,8201
8237,613.4833713640969,-613.4833713640969,8202
8238,613.5278469240324,-613.5278469240324,8203
8239,613.6333497663167,-613.6333497663167,8204
8240,613.7463563721901,-613.7463563721901,8205
8241,613.9859581708827,-613.9859581708827,8206
8242,614.3206083928876,-614.3206083928876,8207
8243,615.1577959694133,-615.1577959694133,8208
8244,615.7807111631079,-615.7807111631079,8209
8245,616.1453279295736,-616.1453279295736,8210
8246,616.296687627319,-616.296687627319,8211
8247,616.354048989245,-616.354048989245,8212
8248,616.467092789478,-616.467092789478,8213
8249,616.5776488264702,-616.5776488264702,8214
8250,616.7057249163335,-616.7057249163335,8215
8251,616.7852719320509,-616.7852719320509,8216
8252,616.8736415394237,-616.8736415394237,8217
8253,617.0975653112772,-617.0975653112772,8218
8254,617.1909077395169,-617.1909077395169,8219
8255,617.246481309168,-617.246481309168,8220
8256,617.3081966453431,-617.3081966453431,8221
8257,617.3481257726856,-617.3481257726856,8222
8258,617.403145682563,-617.403145682563,8223
8259,617.4373666878506,-617.4373666878506,8224
8260,617.4861525993593,-617.4861525993593,8225
8261,617.574324467157,-617.574324467157,8226
8262,617.6581645299178,-617.6581645299178,8227
8263,617.7918926799698,-617.7918926799698,8228
8264,617.9087659756207,-617.9087659756207,8229
8265,618.572523254328,-618.572523254328,8230
8266,619.2944863711231,-619.2944863711231,8231
8267,619.9776195582483,-619.9776195582483,8232
8268,620.6497127299706,-620.6497127299706,8233
8269,621.3621308947106,-621.3621308947106,8234
8270,621.8416675360556,-621.8416675360556,8235
8271,621.9369730865808,-621.9369730865808,8236
8272,622.0558766870353,-622.0558766870353,8237
8273,622.122141953379,-622.122141953379,8238
8274,622.2227815157277,-622.2227815157277,8239
8275,622.3018489932505,-622.3018489932505,8240
8276,622.3987802441576,-622.3987802441576,8241
8277,622.5133466515741,-622.5133466515741,8242
8278,622.6446126708208,-622.6446126708208,8243
8279,622.7328190342683,-622.7328190342683,8244
8280,622.7806449086486,-622.7806449086486,8245
8281,622.8269000242019,-622.8269000242019,8246
8282,622.9101686193558,-622.9101686193558,8247
8283,622.9481510140038,-622.9481510140038,8248
8284,622.9895504478885,-622.9895504478885,8249
8285,623.0556323882641,-623.0556323882641,8250
8286,623.1330259392012,-623.1330259392012,8251
8287,623.2710223606498,-623.2710223606498,8252
8288,623.4811200456833,-623.4811200456833,8253
8289,623.6128152922739,-623.6128152922739,8254
8290,623.6732326372414,-623.6732326372414,8255
8291,623.7475715419946,-623.7475715419946,8256
8292,624.4619955773984,-624.4619955773984,8257
8293,625.169659633043,-625.169659633043,8258
8294,625.93534679039,-625.93534679039,8259
8295,626.2944403096163,-626.2944403096163,8260
8296,626.40811968377,-626.40811968377,8261
8297,626.5336917114039,-626.5336917114039,8262
8298,626.6628912528101,-626.6628912528101,8263
8299,626.805949939319,-626.805949939319,8264
8300,626.937989729752,-626.937989729752,8265
8301,627.065918352314,-627.065918352314,8266
8302,627.1960711142042,-627.1960711142042,8267
8303,627.3066413029843,-627.3066413029843,8268
8304,627.3663010556196,-627.3663010556196,8269
8305,627.4196924283159,-627.4196924283159,8270
8306,627.4878998184989,-627.4878998184989,8271
8307,627.5391475869345,-627.5391475869345,8272
8308,627.5985624721891,-627.5985624721891,8273
8309,627.6774315757988,-627.6774315757988,8274
8310,627.7523318282281,-627.7523318282281,8275
8311,627.8658211469578,-627.8658211469578,8276
8312,627.9819752013616,-627.9819752013616,8277
8313,628.05334637295,-628.05334637295,8278
8314,628.1346134276538,-628.1346134276538,8279
8315,628.1845563818893,-628.1845563818893,8280
8316,628.249669520414,-628.249669520414,8281
8317,628.7717424436146,-628.7717424436146,8282
8318,629.3638667897346,-629.3638667897346,8283
8319,630.1208600621061,-630.1208600621061,8284
8320,630.8442376794737,-630.8442376794737,8285
8321,631.2915692876438,-631.2915692876438,8286
8322,631.4921140207783,-631.4921140207783,8287
8323,631.6231207864187,-631.6231207864187,8288
8324,631.8117346046522,-631.8117346046522,8289
8325,631.9084683392251,-631.9084683392251,8290
8326,632.0385453815517,-632.0385453815517,8291
8327,632.1158660875518,-632.1158660875518,8292
8328,632.1734858712201,-632.1734858712201,8293
8329,632.2591196039564,-632.2591196039564,8294
8330,632.309566336603,-632.309566336603,8295
8331,632.3604855403165,-632.3604855403165,8296
8332,632.4098244602915,-632.4098244602915,8297
8333,632.5131431652535,-632.5131431652535,8298
8334,632.5981417426285,-632.5981417426285,8299
8335,632.7450732280353,-632.7450732280353,8300
8336,632.8771327463054,-632.8771327463054,8301
8337,632.9305839882321,-632.9305839882321,8302
8338,632.9994036624397,-632.9994036624397,8303
8339,633.0656615492912,-633.0656615492912,8304
8340,633.1577783805262,-633.1577783805262,8305
8341,633.2545190219824,-633.2545190219824,8306
8342,633.3434854472476,-633.3434854472476,8307
8343,633.4823329261382,-633.4823329261382,8308
8344,633.624899293696,-633.624899293696,8309
8345,633.7874877748559,-633.7874877748559,8310
8346,633.9729493495894,-633.9729493495894,8311
8347,634.1442974562644,-634.1442974562644,8312
8348,634.3159153988004,-634.3159153988004,8313
8349,634.4890013554304,-634.4890013554304,8314
8350,634.5937642769776,-634.5937642769776,8315
8351,634.7063245773829,-634.7063245773829,8316
8352,634.757661417938,-634.757661417938,8317
8353,634.8070374171268,-634.8070374171268,8318
8354,634.8845689332238,-634.8845689332238,8319
8355,634.954223421849,-634.954223421849,8320
8356,635.0081377297455,-635.0081377297455,8321
8357,635.0739752857148,-635.0739752857148,8322
8358,635.1328836024444,-635.1328836024444,8323
8359,635.2802367815264,-635.2802367815264,8324
8360,635.4433813392703,-635.4433813392703,8325
8361,635.5457220506806,-635.5457220506806,8326
8362,635.6449741671996,-635.6449741671996,8327
8363,635.7560554127112,-635.7560554127112,8328
8364,635.8241628251758,-635.8241628251758,8329
8365,636.1143428773016,-636.1143428773016,8330
8366,636.8951160401161,-636.8951160401161,8331
8367,637.3962800808848,-637.3962800808848,8332
8368,637.5846060480676,-637.5846060480676,8333
8369,637.7424821492455,-637.7424821492455,8334
8370,637.9050651432029,-637.9050651432029,8335
8371,638.0659738195725,-638.0659738195725,8336
8372,638.2316220373762,-638.2316220373762,8337
8373,638.4260561803488,-638.4260561803488,8338
8374,638.5945882905996,-638.5945882905996,8339
8375,638.6890799582367,-638.6890799582367,8340
8376,638.8001606410793,-638.8001606410793,8341
8377,638.9012761116189,-638.9012761116189,8342
8378,639.0005098676502,-639.0005098676502,8343
8379,639.0832251533922,-639.0832251533922,8344
8380,639.1855822187227,-639.1855822187227,8345
8381,639.2753939529238,-639.2753939529238,8346
8382,639.3726642147913,-639.3726642147913,8347
8383,639.5223721176134,-639.5223721176134,8348
8384,639.6808024989567,-639.6808024989567,8349
8385,639.8629284000244,-639.8629284000244,8350
8386,640.0303495097394,-640.0303495097394,8351
8387,640.1702714656086,-640.1702714656086,8352
8388,640.2355775898483,-640.2355775898483,8353
8389,640.3193288867835,-640.3193288867835,8354
8390,640.4221252223912,-640.4221252223912,8355
8391,640.5396525902119,-640.5396525902119,8356
8392,640.6293020104665,-640.6293020104665,8357
8393,640.7178529440023,-640.7178529440023,8358
8394,640.8690590997703,-640.8690590997703,8359
8395,641.0362949205831,-641.0362949205831,8360
8396,641.1951271205857,-641.1951271205857,8361
8397,641.3577790463411,-641.3577790463411,8362
8398,641.5118009798505,-641.5118009798505,8363
8399,641.632575982256,-641.632575982256,8364
8400,641.7357159941358,-641.7357159941358,8365
8401,641.8170988658953,-641.8170988658953,8366
8402,641.8601738760636,-641.8601738760636,8367
8403,641.9458116832467,-641.9458116832467,8368
8404,642.0243356281856,-642.0243356281856,8369
8405,642.1011172757837,-642.1011172757837,8370
8406,642.205705309898,-642.205705309898,8371
8407,642.3314527239123,-642.3314527239123,8372
8408,642.5095913383433,-642.5095913383433,8373
8409,643.1737950053441,-643.1737950053441,8374
8410,643.7673440205745,-643.7673440205745,8375
8411,644.1407151584061,-644.1407151584061,8376
8412,644.5530858276453,-644.5530858276453,8377
8413,644.7592642062099,-644.7592642062099,8378
8414,644.8813459484036,-644.8813459484036,8379
8415,644.9816588645889,-644.9816588645889,8380
8416,645.0984498593714,-645.0984498593714,8381
8417,645.2051093308103,-645.2051093308103,8382
8418,645.3225775388859,-645.3225775388859,8383
8419,645.4083554248107,-645.4083554248107,8384
8420,645.5247135402511,-645.5247135402511,8385
8421,645.6358822996108,-645.6358822996108,8386
8422,645.6968667397224,-645.6968667397224,8387
8423,645.7298945780968,-645.7298945780968,8388
8424,645.7713771480485,-645.7713771480485,8389
8425,645.8036308592051,-645.8036308592051,8390
8426,645.8170962594928,-645.8170962594928,8391
8427,645.8312168943685,-645.8312168943685,8392
8428,645.8698698089569,-645.8698698089569,8393
8429,645.8893141797113,-645.8893141797113,8394
8430,645.9136920772056,-645.9136920772056,8395
8431,645.9943484102265,-645.9943484102265,8396
8432,646.0761392634303,-646.0761392634303,8397
8433,646.1984807995624,-646.1984807995624,8398
8434,646.7668404272455,-646.7668404272455,8399
8435,647.4425248323731,-647.4425248323731,8400
8436,647.6796075812006,-647.6796075812006,8401
8437,647.7344815714636,-647.7344815714636,8402
8438,647.7825684612623,-647.7825684612623,8403
8439,647.845718790021,-647.845718790021,8404
8440,647.9478145392939,-647.9478145392939,8405
8441,648.113712000446,-648.113712000446,8406
8442,648.2905139389541,-648.2905139389541,8407
8443,648.43241543771,-648.43241543771,8408
8444,648.6169559346646,-648.6169559346646,8409
8445,648.7528764545402,-648.7528764545402,8410
8446,648.9262534522927,-648.9262534522927,8411
8447,649.0607041016108,-649.0607041016108,8412
8448,649.168714919026,-649.168714919026,8413
8449,649.2612297515476,-649.2612297515476,8414
8450,649.3698907321464,-649.3698907321464,8415
8451,649.422979874541,-649.422979874541,8416
8452,649.474205806327,-649.474205806327,8417
8453,649.5219775535282,-649.5219775535282,8418
8454,649.6291146763308,-649.6291146763308,8419
8455,649.709296298793,-649.709296298793,8420
8456,649.8436170273759,-649.8436170273759,8421
8457,650.0047721308053,-650.0047721308053,8422
8458,650.203886348566,-650.203886348566,8423
8459,650.3552291501004,-650.3552291501004,8424
8460,650.4513843582642,-650.4513843582642,8425
8461,650.5694996136161,-650.5694996136161,8426
8462,650.6495578605044,-650.6495578605044,8427
8463,650.7491877534594,-650.7491877534594,8428
8464,650.8713340508142,-650.8713340508142,8429
8465,651.0274002948169,-651.0274002948169,8430
8466,651.1464911249417,-651.1464911249417,8431
8467,651.3449223227485,-651.3449223227485,8432
8468,651.4738274185661,-651.4738274185661,8433
8469,651.5803446744005,-651.5803446744005,8434
8470,651.6853857063257,-651.6853857063257,8435
8471,651.7375658806901,-651.7375658806901,8436
8472,651.8317971244176,-651.8317971244176,8437
8473,651.8804532464538,-651.8804532464538,8438
8474,651.9277306535582,-651.9277306535582,8439
8475,651.9979775028039,-651.9979775028039,8440
8476,652.0583458644248,-652.0583458644248,8441
8477,652.1364326996394,-652.1364326996394,8442
8478,652.2226554254096,-652.2226554254096,8443
8479,652.3428016867995,-652.3428016867995,8444
8480,652.4274889381713,-652.4274889381713,8445
8481,652.544239235982,-652.544239235982,8446
8482,652.7661298807922,-652.7661298807922,8447
8483,652.8983839805848,-652.8983839805848,8448
8484,653.0262669689765,-653.0262669689765,8449
8485,653.1774149403134,-653.1774149403134,8450
8486,653.308882239078,-653.308882239078,8451
8487,653.4348233919807,-653.4348233919807,8452
8488,653.5274502589066,-653.5274502589066,8453
8489,653.6164144618542,-653.6164144618542,8454
8490,653.6651450756216,-653.6651450756216,8455
8491,653.7925798487233,-653.7925798487233,8456
8492,653.8878242179084,-653.8878242179084,8457
8493,654.0532398941465,-654.0532398941465,8458
8494,654.1398779863932,-654.1398779863932,8459
8495,654.1807395928512,-654.1807395928512,8460
8496,654.224916940341,-654.224916940341,8461
8497,654.2524677318982,-654.2524677318982,8462
8498,654.2935163284561,-654.2935163284561,8463
8499,654.318958161301,-654.318958161301,8464
8500,654.3350342071503,-654.3350342071503,8465
8501,654.3662590622737,-654.3662590622737,8466
8502,654.3962820750845,-654.3962820750845,8467
8503,654.481468928404,-654.481468928404,8468
8504,654.7336467467969,-654.7336467467969,8469
8505,654.9197708797776,-654.9197708797776,8470
8506,655.0243385258992,-655.0243385258992,8471
8507,655.197379688837,-655.197379688837,8472
8508,655.3604616985518,-655.3604616985518,8473
8509,655.8792486102413,-655.8792486102413,8474
8510,656.0944995200522,-656.0944995200522,8475
8511,656.1738040310329,-656.1738040310329,8476
8512,656.2656631323246,-656.2656631323246,8477
8513,656.3809084811845,-656.3809084811845,8478
8514,656.5389533463075,-656.5389533463075,8479
8515,656.6902135829723,-656.6902135829723,8480
8516,656.7779657948267,-656.7779657948267,8481
8517,656.873332873225,-656.873332873225,8482
8518,656.9615601157489,-656.9615601157489,8483
8519,657.0103299096478,-657.0103299096478,8484
8520,657.0643441589546,-657.0643441589546,8485
8521,657.0809530634496,-657.0809530634496,8486
8522,657.0946160311438,-657.0946160311438,8487
8523,657.1102253973171,-657.1102253973171,8488
8524,657.1237564130424,-657.1237564130424,8489
8525,657.1535866462754,-657.1535866462754,8490
8526,657.1632875279269,-657.1632875279269,8491
8527,657.4317240063804,-657.4317240063804,8492
8528,657.7741989644841,-657.7741989644841,8493
8529,657.9123625156869,-657.9123625156869,8494
8530,658.1713574465531,-658.1713574465531,8495
8531,658.4591702322102,-658.4591702322102,8496
8532,658.5740021862837,-658.5740021862837,8497
8533,658.8731446919521,-658.8731446919521,8498
8534,658.9775590818799,-658.9775590818799,8499
8535,659.0361094234402,-659.0361094234402,8500
8536,659.1962619069146,-659.1962619069146,8501
8537,659.2788842190748,-659.2788842190748,8502
8538,659.390633544856,-659.390633544856,8503
8539,659.4947897137384,-659.4947897137384,8504
8540,659.6154725345741,-659.6154725345741,8505
8541,659.7128574306278,-659.7128574306278,8506
8542,659.7838784960022,-659.7838784960022,8507
8543,659.8471444164759,-659.8471444164759,8508
8544,659.9583392303414,-659.9583392303414,8509
8545,660.0596516538351,-660.0596516538351,8510
8546,660.159447012644,-660.159447012644,8511
8547,660.2432463646641,-660.2432463646641,8512
8548,660.3463559031884,-660.3463559031884,8513
8549,660.4365586081374,-660.4365586081374,8514
8550,660.533682863541,-660.533682863541,8515
8551,660.6831322692611,-660.6831322692611,8516
8552,660.8414630643472,-660.8414630643472,8517
8553,661.0201191884098,-661.0201191884098,8518
8554,661.1839422123056,-661.1839422123056,8519
8555,661.5589003001213,-661.5589003001213,8520
8556,662.1121519394857,-662.1121519394857,8521
8557,662.8238568949679,-662.8238568949679,8522
8558,663.0736281022979,-663.0736281022979,8523
8559,663.191188112019,-663.191188112019,8524
8560,663.2809030790277,-663.2809030790277,8525
8561,663.3694476043645,-663.3694476043645,8526
8562,663.5207848878549,-663.5207848878549,8527
8563,663.6882529348145,-663.6882529348145,8528
8564,663.8475301786489,-663.8475301786489,8529
8565,664.0105601417929,-664.0105601417929,8530
8566,664.1646899600231,-664.1646899600231,8531
8567,664.2854649624286,-664.2854649624286,8532
8568,664.322669694673,-664.322669694673,8533
8569,664.3547311779913,-664.3547311779913,8534
8570,664.3713290653651,-664.3713290653651,8535
8571,664.3842770121129,-664.3842770121129,8536
8572,664.3973332861477,-664.3973332861477,8537
8573,664.4102574004612,-664.4102574004612,8538
8574,664.4221829772548,-664.4221829772548,8539
8575,664.5041726270628,-664.5041726270628,8540
8576,664.5884839578129,-664.5884839578129,8541
8577,664.8222975397784,-664.8222975397784,8542
8578,665.6678953524448,-665.6678953524448,8543
8579,666.4491293008574,-666.4491293008574,8544
8580,667.3274196278979,-667.3274196278979,8545
8581,668.3689503843983,-668.3689503843983,8546
8582,669.138176078944,-669.138176078944,8547
8583,669.5089673687296,-669.5089673687296,8548
8584,669.737990767186,-669.737990767186,8549
8585,669.8695874479184,-669.8695874479184,8550
8586,670.0452061914652,-670.0452061914652,8551
8587,670.1194633489969,-670.1194633489969,8552
8588,670.2689570672554,-670.2689570672554,8553
8589,670.35512090666,-670.35512090666,8554
8590,670.4560346510473,-670.4560346510473,8555
8591,670.5068770778898,-670.5068770778898,8556
8592,670.5385507652674,-670.5385507652674,8557
8593,670.5557473773279,-670.5557473773279,8558
8594,670.5704760798827,-670.5704760798827,8559
8595,670.5836745090484,-670.5836745090484,8560
8596,670.5977696545614,-670.5977696545614,8561
8597,670.6167954256015,-670.6167954256015,8562
8598,670.6870007658631,-670.6870007658631,8563
8599,670.7710793380422,-670.7710793380422,8564
8600,670.8681831147592,-670.8681831147592,8565
8601,670.9983644812831,-670.9983644812831,8566
8602,671.194918028822,-671.194918028822,8567
8603,671.4538047531203,-671.4538047531203,8568
8604,671.6408437593184,-671.6408437593184,8569
8605,671.7261660337189,-671.7261660337189,8570
8606,671.9384175837198,-671.9384175837198,8571
8607,672.0609434446188,-672.0609434446188,8572
8608,672.2225487787209,-672.2225487787209,8573
8609,672.457426074215,-672.457426074215,8574
8610,672.6898032622256,-672.6898032622256,8575
8611,672.813465552192,-672.813465552192,8576
8612,673.0374741782841,-673.0374741782841,8577
8613,673.232931505398,-673.232931505398,8578
8614,673.2925536040168,-673.2925536040168,8579
8615,673.33045995859,-673.33045995859,8580
8616,673.3730984353891,-673.3730984353891,8581
8617,673.403373380178,-673.403373380178,8582
8618,673.4170824104788,-673.4170824104788,8583
8619,673.4329179139675,-673.4329179139675,8584
8620,673.4445863549507,-673.4445863549507,8585
8621,673.4572207092928,-673.4572207092928,8586
8622,673.486778719683,-673.486778719683,8587
8623,673.5612769583917,-673.5612769583917,8588
8624,673.6601304770267,-673.6601304770267,8589
8625,673.7297192197383,-673.7297192197383,8590
8626,673.9954296031162,-673.9954296031162,8591
8627,674.1926219567538,-674.1926219567538,8592
8628,674.3905273335378,-674.3905273335378,8593
8629,674.5255517453134,-674.5255517453134,8594
8630,674.6640608658931,-674.6640608658931,8595
8631,674.8300110384512,-674.8300110384512,8596
8632,675.051282408378,-675.051282408378,8597
8633,675.2189175175273,-675.2189175175273,8598
8634,675.3762766544301,-675.3762766544301,8599
8635,675.5821142064013,-675.5821142064013,8600
8636,675.6931722192968,-675.6931722192968,8601
8637,675.7865183114822,-675.7865183114822,8602
8638,675.9064038471234,-675.9064038471234,8603
8639,675.9748797266169,-675.9748797266169,8604
8640,675.9992970979305,-675.9992970979305,8605
8641,676.0160103815762,-676.0160103815762,8606
8642,676.0291701945572,-676.0291701945572,8607
8643,676.0434497414522,-676.0434497414522,8608
8644,676.0550862384426,-676.0550862384426,8609
8645,676.0680389142321,-676.0680389142321,8610
8646,676.0849116039608,-676.0849116039608,8611
8647,676.1590578062101,-676.1590578062101,8612
8648,676.3785162714705,-676.3785162714705,8613
8649,676.4522925715951,-676.4522925715951,8614
8650,676.5479911640643,-676.5479911640643,8615
8651,676.6082451355721,-676.6082451355721,8616
8652,676.6110551658974,-676.6110551658974,8617
8653,676.6235163074257,-676.6235163074257,8618
8654,676.6578959502198,-676.6578959502198,8619
8655,676.7943999605349,-676.7943999605349,8620
8656,676.9512905990675,-676.9512905990675,8621
8657,677.1237181077053,-677.1237181077053,8622
8658,677.3162931749725,-677.3162931749725,8623
8659,677.4187903599499,-677.4187903599499,8624
8660,677.5830466779886,-677.5830466779886,8625
8661,677.7187036494199,-677.7187036494199,8626
8662,677.8208475633356,-677.8208475633356,8627
8663,677.8842161825698,-677.8842161825698,8628
8664,677.923738552078,-677.923738552078,8629
8665,677.9674318597102,-677.9674318597102,8630
8666,678.0003196201689,-678.0003196201689,8631
8667,678.052729013035,-678.052729013035,8632
8668,678.103526357627,-678.103526357627,8633
8669,678.1325007740514,-678.1325007740514,8634
8670,678.1754753341096,-678.1754753341096,8635
8671,678.2695588960519,-678.2695588960519,8636
8672,678.3814287819732,-678.3814287819732,8637
8673,678.4773658510096,-678.4773658510096,8638
8674,678.6402179200435,-678.6402179200435,8639
8675,678.7052370206682,-678.7052370206682,8640
8676,678.7075809641636,-678.7075809641636,8641
8677,679.2496428607908,-679.2496428607908,8642
8678,679.66021388431,-679.66021388431,8643
8679,679.9980650706312,-679.9980650706312,8644
8680,680.42769161051,-680.42769161051,8645
8681,680.7610786369062,-680.7610786369062,8646
8682,680.9532707386727,-680.9532707386727,8647
8683,681.1848316298597,-681.1848316298597,8648
8684,681.314227976421,-681.314227976421,8649
8685,681.459861483106,-681.459861483106,8650
8686,681.6093255241956,-681.6093255241956,8651
8687,681.6783965783512,-681.6783965783512,8652
8688,681.7100621186241,-681.7100621186241,8653
8689,681.7256591081209,-681.7256591081209,8654
8690,681.7407486249631,-681.7407486249631,8655
8691,681.7600859113815,-681.7600859113815,8656
8692,681.7822004827254,-681.7822004827254,8657
8693,681.7976835567744,-681.7976835567744,8658
8694,681.8294227626459,-681.8294227626459,8659
8695,681.9088592309912,-681.9088592309912,8660
8696,681.9997765785714,-681.9997765785714,8661
8697,682.0956173076571,-682.0956173076571,8662
8698,682.194936273883,-682.194936273883,8663
8699,682.3588598149951,-682.3588598149951,8664
8700,682.677437176232,-682.677437176232,8665
8701,683.5571314879561,-683.5571314879561,8666
8702,684.1051976612732,-684.1051976612732,8667
8703,684.4642229581135,-684.4642229581135,8668
8704,684.6195328886222,-684.6195328886222,8669
8705,684.7264619689627,-684.7264619689627,8670
8706,684.8545812546727,-684.8545812546727,8671
8707,685.0120033327881,-685.0120033327881,8672
8708,685.1853951964388,-685.1853951964388,8673
8709,685.3484780834833,-685.3484780834833,8674
8710,685.4703469823656,-685.4703469823656,8675
8711,685.6037983518507,-685.6037983518507,8676
8712,685.6339870166403,-685.6339870166403,8677
8713,685.6834060488766,-685.6834060488766,8678
8714,685.7251007707525,-685.7251007707525,8679
8715,685.7683961916425,-685.7683961916425,8680
8716,685.8393508545139,-685.8393508545139,8681
8717,685.8972588536691,-685.8972588536691,8682
8718,685.936153495364,-685.936153495364,8683
8719,686.01641452234,-686.01641452234,8684
8720,686.1896895974184,-686.1896895974184,8685
8721,686.2497441815991,-686.2497441815991,8686
8722,686.3149934670777,-686.3149934670777,8687
8723,686.343012457039,-686.343012457039,8688
8724,686.3675626453149,-686.3675626453149,8689
8725,686.4465288388196,-686.4465288388196,8690
8726,686.4470169420119,-686.4470169420119,8691
8727,686.5209642123888,-686.5209642123888,8692
8728,686.6627121040005,-686.6627121040005,8693
8729,686.7875914783941,-686.7875914783941,8694
8730,686.907676147446,-686.907676147446,8695
8731,687.0306718165408,-687.0306718165408,8696
8732,687.1231219622968,-687.1231219622968,8697
8733,687.2281048389818,-687.2281048389818,8698
8734,687.3269718519657,-687.3269718519657,8699
8735,687.3903909791313,-687.3903909791313,8700
