,cum_cost,cum_penalty,cum_interventions
0,-0.004922271205291749,0.0,0.0
1,-0.007350595782537462,0.0,0.0
2,-0.008243394008674623,0.0,0.0
3,-0.004325405694143773,0.0,0.0
4,0.0008473186005699632,0.0,0.0
5,0.004709331429738998,0.0,0.0
6,0.014914425640472174,0.0,0.0
7,0.08301703157996178,0.0,0.0
8,0.163611062561903,0.0,0.0
9,0.22807027460353016,0.0,0.0
10,0.4177500776596209,0.0,0.0
11,0.94582211570546,0.0,0.0
12,1.6055472529991566,0.0,0.0
13,1.9897799064552413,0.0,0.0
14,2.22186039996029,0.0,0.0
15,2.7699475167786134,0.0,0.0
16,3.063751589331893,0.0,0.0
17,3.3328727239220646,0.0,0.0
18,3.463013199814289,0.0,0.0
19,3.648658947436706,0.0,0.0
20,3.7714019191675354,0.0,0.0
21,3.8819100507755553,0.0,0.0
22,4.00489735017717,0.0,0.0
23,4.0806015131474,0.0,0.0
24,4.122699731891315,0.0,0.0
25,4.1481332220111184,0.0,0.0
26,4.168400400752698,0.0,0.0
27,4.18565635400432,0.0,0.0
28,4.193245482051824,0.0,0.0
29,4.210261798025818,0.0,0.0
30,4.249251597083895,0.0,0.0
31,4.315857844705072,0.0,0.0
32,4.35472536047615,0.0,0.0
33,4.628423513866918,0.0,0.0
34,5.3567231019576305,0.0,0.0
35,6.114303209315795,0.0,0.0
36,6.876794289385411,0.0,0.0
37,7.300002420329233,0.0,0.0
38,7.629018179904966,0.0,0.0
39,8.170789087123183,0.0,0.0
40,8.438329338818683,0.0,0.0
41,8.711709031979106,0.0,0.0
42,8.889099523990591,0.0,0.0
43,9.051271940382726,0.0,0.0
44,9.15518124708407,0.0,0.0
45,9.303100851966828,0.0,0.0
46,9.401156260648277,0.0,0.0
47,9.471587283682954,0.0,0.0
48,9.512876553347446,0.0,0.0
49,9.561316755840783,0.0,0.0
50,9.600898847318245,0.0,0.0
51,9.641051632926455,0.0,0.0
52,9.674250401442636,0.0,0.0
53,9.711168250372817,0.0,0.0
54,9.758726094351108,0.0,0.0
55,9.807821336349122,0.0,0.0
56,9.885672653893005,0.0,0.0
57,10.414384917177141,0.0,0.0
58,11.09329735838033,0.0,0.0
59,11.590494207107678,0.0,0.0
60,11.837171917513974,0.0,0.0
61,11.981648558106027,0.0,0.0
62,12.047964166336971,0.0,0.0
63,12.188932081096969,0.0,0.0
64,12.289545177265246,0.0,0.0
65,12.38871700214643,0.0,0.0
66,12.474411172694715,0.0,0.0
67,12.57336199005827,0.0,0.0
68,12.673082349037054,0.0,0.0
69,12.843365645529513,0.0,0.0
70,12.97013626593927,0.0,0.0
71,13.032268105017538,0.0,0.0
72,13.248790959550574,0.0,0.0
73,13.327558172789347,0.0,0.0
74,13.385142408874485,0.0,0.0
75,13.43368019592484,0.0,0.0
76,13.509794515004852,0.0,0.0
77,13.564254173791044,0.0,0.0
78,13.577031715366894,0.0,0.0
79,13.608928803657081,0.0,0.0
80,13.740220072831287,0.0,0.0
81,13.839977700688465,0.0,0.0
82,13.956460877905593,0.0,0.0
83,14.01861344054827,0.0,0.0
84,14.082414659638259,0.0,0.0
85,14.17890529655343,0.0,0.0
86,14.25269817970069,0.0,0.0
87,14.325736566152985,0.0,0.0
88,14.451435924642348,0.0,0.0
89,14.56865376186147,0.0,0.0
90,14.734256007005675,0.0,0.0
91,15.391747350939168,0.0,0.0
92,16.015951477167366,0.0,0.0
93,16.34156981167979,0.0,0.0
94,16.509219088525455,0.0,0.0
95,16.620748918262183,0.0,0.0
96,16.671929079026487,0.0,0.0
97,16.703664055971007,0.0,0.0
98,16.72514706586568,0.0,0.0
99,16.743154226271777,0.0,0.0
100,16.76473277431808,0.0,0.0
101,16.781387282079542,0.0,0.0
102,16.796924940451962,0.0,0.0
103,16.847453608237466,0.0,0.0
104,16.92593104671854,0.0,0.0
105,16.94616704677685,0.0,0.0
106,17.15747139883203,0.0,0.0
107,17.411276251761326,0.0,0.0
108,17.49328279501299,0.0,0.0
109,17.537628766247167,0.0,0.0
110,17.56638374399002,0.0,0.0
111,17.634860883330976,0.0,0.0
112,17.773044997503106,0.0,0.0
113,17.81452114619733,0.0,0.0
114,17.916695932983465,0.0,0.0
115,18.029327503373363,0.0,0.0
116,18.15221241312716,0.0,0.0
117,18.264026949208773,0.0,0.0
118,18.416556144698724,0.0,0.0
119,18.556924072343126,0.0,0.0
120,18.64703214011931,0.0,0.0
121,18.682315602644834,0.0,0.0
122,18.709224079502174,0.0,0.0
123,18.725245961390197,0.0,0.0
124,18.738683142581472,0.0,0.0
125,18.762258640383518,0.0,0.0
126,18.820183767382094,0.0,0.0
127,18.893921324933668,0.0,0.0
128,18.941270544583396,0.0,0.0
129,19.224789763830803,0.0,0.0
130,19.470430939621128,0.0,0.0
131,19.662432228313012,0.0,0.0
132,19.858683280730574,0.0,0.0
133,20.030156447342442,0.0,0.0
134,20.15694707533015,0.0,0.0
135,20.268615392287384,0.0,0.0
136,20.36173635684596,0.0,0.0
137,20.489515449103976,0.0,0.0
138,20.60344650959463,0.0,0.0
139,20.699380636204392,0.0,0.0
140,20.853985027676586,0.0,0.0
141,20.98720417668742,0.0,0.0
142,21.09935083866721,0.0,0.0
143,21.17613151299368,0.0,0.0
144,21.23366005541109,0.0,0.0
145,21.280161717611925,0.0,0.0
146,21.327882751264603,0.0,0.0
147,21.363585286018388,0.0,0.0
148,21.412237303991752,0.0,0.0
149,21.445372606161868,0.0,0.0
150,21.49876910314045,0.0,0.0
151,21.552505691379586,0.0,0.0
152,21.70711637337675,0.0,0.0
153,21.88004898537353,0.0,0.0
154,22.054087998866642,0.0,0.0
155,22.21370693368046,0.0,0.0
156,22.331141619110916,0.0,0.0
157,22.886526611939452,0.0,0.0
158,23.59753990255207,0.0,0.0
159,24.103009472129923,0.0,0.0
160,24.43536949614204,0.0,0.0
161,24.802082296648774,0.0,0.0
162,25.008362343342338,0.0,0.0
163,25.19646220396443,0.0,0.0
164,25.334344568672318,0.0,0.0
165,25.445133619511537,0.0,0.0
166,25.558269173949924,0.0,0.0
167,25.616018061284404,0.0,0.0
168,25.68337174909394,0.0,0.0
169,25.70932423217369,0.0,0.0
170,25.744025909099463,0.0,0.0
171,25.769071692061917,0.0,0.0
172,25.823905374426708,0.0,0.0
173,25.838567891008772,0.0,0.0
174,25.887888970867184,0.0,0.0
175,25.937397260635667,0.0,0.0
176,26.036629845097583,0.0,0.0
177,26.109948419892746,0.0,0.0
178,26.2155686062332,0.0,0.0
179,26.33668278670303,0.0,0.0
180,26.49865522030967,0.0,0.0
181,26.59958889392575,0.0,0.0
182,26.91817899641951,0.0,0.0
183,27.13935182826148,0.0,0.0
184,27.36860147528911,0.0,0.0
185,27.597765363842615,0.0,0.0
186,27.824973578074978,0.0,0.0
187,27.993627974496608,0.0,0.0
188,28.12356241471614,0.0,0.0
189,28.23860256355684,0.0,0.0
190,28.364814522224968,0.0,0.0
191,28.452026705338405,0.0,0.0
192,28.517576449186546,0.0,0.0
193,28.568477769903087,0.0,0.0
194,28.60275708987424,0.0,0.0
195,28.645986609012525,0.0,0.0
196,28.691051174191156,0.0,0.0
197,28.748909365965446,0.0,0.0
198,28.791629130656755,0.0,0.0
199,28.882247376194893,0.0,0.0
200,28.961835543710727,0.0,0.0
201,29.139831641655334,0.0,0.0
202,29.311524779965687,0.0,0.0
203,29.463038569456085,0.0,0.0
204,29.63461399813216,0.0,0.0
205,29.840214424599594,0.0,0.0
206,29.996717235471984,0.0,0.0
207,30.21518795262335,0.0,0.0
208,30.391443387720663,0.0,0.0
209,30.653695468922326,0.0,0.0
210,30.83384809412983,0.0,0.0
211,30.966720243740248,0.0,0.0
212,31.094275962896543,0.0,0.0
213,31.224541479657123,0.0,0.0
214,31.32725573399181,0.0,0.0
215,31.398406677146497,0.0,0.0
216,31.43194228360882,0.0,0.0
217,31.45092645141951,0.0,0.0
218,31.47017738114685,0.0,0.0
219,31.482967922571735,0.0,0.0
220,31.49393740214212,0.0,0.0
221,31.516209219544212,0.0,0.0
222,31.528314404122497,0.0,0.0
223,31.585010674478276,0.0,0.0
224,31.684783670820675,0.0,0.0
225,31.845286261143368,0.0,0.0
226,31.996381264314017,0.0,0.0
227,32.08698862201735,0.0,0.0
228,32.17529744067245,0.0,0.0
229,32.334108566797866,0.0,0.0
230,32.59192709574382,0.0,0.0
231,32.81905817982398,0.0,0.0
232,33.02002575580625,0.0,0.0
233,33.13724357962046,0.0,0.0
234,33.28064919263465,0.0,0.0
235,33.45234377049019,0.0,0.0
236,33.603758932793134,0.0,0.0
237,33.709564055096386,0.0,0.0
238,33.81329817955746,0.0,0.0
239,33.896114060713245,0.0,0.0
240,33.95006483211169,0.0,0.0
241,34.002259822536814,0.0,0.0
242,34.0244356499843,0.0,0.0
243,34.04991392662406,0.0,0.0
244,34.07451945159369,0.0,0.0
245,34.126798867570706,0.0,0.0
246,34.14424988881244,0.0,0.0
247,34.20143570813696,0.0,0.0
248,34.281309691212705,0.0,0.0
249,34.41819658610396,0.0,0.0
250,34.54163747636988,0.0,0.0
251,34.650461048339466,0.0,0.0
252,34.758349289608695,0.0,0.0
253,34.85267189968505,0.0,0.0
254,35.01076808997413,0.0,0.0
255,35.10195051671093,0.0,0.0
256,35.23016254325727,0.0,0.0
257,35.33300599275712,0.0,0.0
258,35.442036989189695,0.0,0.0
259,35.58710605142366,0.0,0.0
260,35.698025608201746,0.0,0.0
261,35.804280913576065,0.0,0.0
262,35.91508431064948,0.0,0.0
263,35.978917014068514,0.0,0.0
264,36.06687041688537,0.0,0.0
265,36.09352466280347,0.0,0.0
266,36.11105045351854,0.0,0.0
267,36.158278856376846,0.0,0.0
268,36.18627035921937,0.0,0.0
269,36.19841452269335,0.0,0.0
270,36.23565247566202,0.0,0.0
271,36.29412423102995,0.0,0.0
272,36.35833638643846,0.0,0.0
273,36.461770912514446,0.0,0.0
274,36.566691689725396,0.0,0.0
275,36.82141184747961,0.0,0.0
276,37.33535949392537,0.0,0.0
277,37.96727348308302,0.0,0.0
278,38.592010171837714,0.0,0.0
279,39.02313735653909,0.0,0.0
280,39.24780709215571,0.0,0.0
281,39.45067391193418,0.0,0.0
282,39.61522641639149,0.0,0.0
283,39.748336288563735,0.0,0.0
284,39.8458082391376,0.0,0.0
285,39.960419288570556,0.0,0.0
286,40.065069881944986,0.0,0.0
287,40.128527448330395,0.0,0.0
288,40.160551182313974,0.0,0.0
289,40.18072939978478,0.0,0.0
290,40.19782307751922,0.0,0.0
291,40.208933305464946,0.0,0.0
292,40.21574648626501,0.0,0.0
293,40.2432892521049,0.0,0.0
294,40.257088651598266,0.0,0.0
295,40.32722446514988,0.0,0.0
296,40.4413084352271,0.0,0.0
297,40.49823296399172,0.0,0.0
298,40.98172466364497,0.0,0.0
299,41.49167482529095,0.0,0.0
300,41.66269286719556,0.0,0.0
301,41.73246968587552,0.0,0.0
302,41.781131026151826,0.0,0.0
303,41.86532104642242,0.0,0.0
304,41.991967458211555,0.0,0.0
305,42.081439163048614,0.0,0.0
306,42.172664958608316,0.0,0.0
307,42.24736724126924,0.0,0.0
308,42.36628779412822,0.0,0.0
309,42.47534114399753,0.0,0.0
310,42.572594666486125,0.0,0.0
311,42.637620195136506,0.0,0.0
312,42.6782784830278,0.0,0.0
313,42.70307088534841,0.0,0.0
314,42.719931052632134,0.0,0.0
315,42.73487961296896,0.0,0.0
316,42.743826456118086,0.0,0.0
317,42.76029431408642,0.0,0.0
318,42.76831589005541,0.0,0.0
319,42.80741844180463,0.0,0.0
320,42.84489391427719,0.0,0.0
321,42.96411865404154,0.0,0.0
322,43.04274718668794,0.0,0.0
323,43.203334034694876,0.0,0.0
324,43.30502508959365,0.0,0.0
325,43.4518785380123,0.0,0.0
326,43.49597581553072,0.0,0.0
327,44.012201372433275,0.0,0.0
328,44.75848756534306,0.0,0.0
329,45.469066218715675,0.0,0.0
330,45.867751999512464,0.0,0.0
331,46.05010125084671,0.0,0.0
332,46.19556035114534,0.0,0.0
333,46.31531911819306,0.0,0.0
334,46.42325062939018,0.0,0.0
335,46.48357520620426,0.0,0.0
336,46.51140346969507,0.0,0.0
337,46.531880715454335,0.0,0.0
338,46.54849759248253,0.0,0.0
339,46.562676064114996,0.0,0.0
340,46.570126966362274,0.0,0.0
341,46.57955824801027,0.0,0.0
342,46.5901750749581,0.0,0.0
343,46.64982007576454,0.0,0.0
344,46.71388608819279,0.0,0.0
345,46.726148079648304,0.0,0.0
346,46.75759635992147,0.0,0.0
347,46.82206532905982,0.0,0.0
348,46.81995308163687,0.0,0.0
349,46.80708679917822,0.0,0.0
350,46.79531350604902,0.0,0.0
351,46.96110510841719,0.0,0.0
352,47.12918257929109,0.0,0.0
353,47.241903628107956,0.0,0.0
354,47.399661887441695,0.0,0.0
355,47.50872780010783,0.0,0.0
356,47.683342784100304,0.0,0.0
357,47.80081700770128,0.0,0.0
358,47.90866491596384,0.0,0.0
359,47.9697038934771,0.0,0.0
360,48.02812466834158,0.0,0.0
361,48.05677326768962,0.0,0.0
362,48.07514221176784,0.0,0.0
363,48.091343981840005,0.0,0.0
364,48.095987067878696,0.0,0.0
365,48.107652789292786,0.0,0.0
366,48.12174586988616,0.0,0.0
367,48.16908436212262,0.0,0.0
368,48.21127834866365,0.0,0.0
369,48.26591040315903,0.0,0.0
370,48.36364372523951,0.0,0.0
371,48.429155509678516,0.0,0.0
372,48.426451659452816,0.0,0.0
373,48.45696797079445,0.0,0.0
374,48.580564764579975,0.0,0.0
375,48.75231000044381,0.0,0.0
376,48.86728076996465,0.0,0.0
377,49.000067784648415,0.0,0.0
378,49.131102137279136,0.0,0.0
379,49.25444448962221,0.0,0.0
380,49.34272973777921,0.0,0.0
381,49.4409712087593,0.0,0.0
382,49.54391624125366,0.0,0.0
383,49.6465652002387,0.0,0.0
384,49.71908281560151,0.0,0.0
385,49.832045046155606,0.0,0.0
386,49.870004950408905,0.0,0.0
387,49.905563078550074,0.0,0.0
388,49.935726033223546,0.0,0.0
389,49.96894242029507,0.0,0.0
390,50.011265670395204,0.0,0.0
391,50.102522956065414,0.0,0.0
392,50.19999609255871,0.0,0.0
393,50.2660921524523,0.0,0.0
394,50.33322736847102,0.0,0.0
395,50.35792571927848,0.0,0.0
396,50.43874257060472,0.0,0.0
397,50.43862776760877,0.0,0.0
398,50.4351679125831,0.0,0.0
399,50.57112810431154,0.0,0.0
400,50.7560156920667,0.0,0.0
401,50.877324831862225,0.0,0.0
402,50.987431411460484,0.0,0.0
403,51.123794505604444,0.0,0.0
404,51.234543229379696,0.0,0.0
405,51.32169910072263,0.0,0.0
406,51.405998357736415,0.0,0.0
407,51.47257962335492,0.0,0.0
408,51.511752163206886,0.0,0.0
409,51.53226539474647,0.0,0.0
410,51.55356555997302,0.0,0.0
411,51.56566594431299,0.0,0.0
412,51.56807332444341,0.0,0.0
413,51.575553570106486,0.0,0.0
414,51.585186794612696,0.0,0.0
415,51.663163235653954,0.0,0.0
416,51.72932731087274,0.0,0.0
417,51.78963812824195,0.0,0.0
418,51.9011406907441,0.0,0.0
419,52.01986589851894,0.0,0.0
420,52.14768624522782,0.0,0.0
421,52.20921010118204,0.0,0.0
422,52.29593283535236,0.0,0.0
423,52.37249645021195,0.0,0.0
424,52.43970455413025,0.0,0.0
425,52.526016022153435,0.0,0.0
426,52.610986933017166,0.0,0.0
427,52.75053966798791,0.0,0.0
428,52.902567242943796,0.0,0.0
429,53.0094283901538,0.0,0.0
430,53.11084946029248,0.0,0.0
431,53.16602207564223,0.0,0.0
432,53.20398210750223,0.0,0.0
433,53.24510449877993,0.0,0.0
434,53.27186897961378,0.0,0.0
435,53.308396455615146,0.0,0.0
436,53.327394219906026,0.0,0.0
437,53.35919467248914,0.0,0.0
438,53.38185595063343,0.0,0.0
439,53.44303879836053,0.0,0.0
440,53.5110252929386,0.0,0.0
441,53.569213155440444,0.0,0.0
442,53.567922113294046,0.0,0.0
443,53.63633667879785,0.0,0.0
444,53.72246513566993,0.0,0.0
445,53.8177794148465,0.0,0.0
446,53.98518643027239,0.0,0.0
447,54.08534488492244,0.0,0.0
448,54.6677500543272,0.0,0.0
449,55.36712735573889,0.0,0.0
450,56.06134504573816,0.0,0.0
451,56.826876128814156,0.0,0.0
452,57.53308428151263,0.0,0.0
453,57.98714600051398,0.0,0.0
454,58.21647769011102,0.0,0.0
455,58.3223058588202,0.0,0.0
456,58.375214023839135,0.0,0.0
457,58.40580249860844,0.0,0.0
458,58.42800156215109,0.0,0.0
459,58.448848054130394,0.0,0.0
460,58.455001133618055,0.0,0.0
461,58.46680138160707,0.0,0.0
462,58.49573537708319,0.0,0.0
463,58.57649773103279,0.0,0.0
464,58.64189240419504,0.0,0.0
465,58.77629385225829,0.0,0.0
466,58.90982350919715,0.0,0.0
467,59.0221657941173,0.0,0.0
468,59.095468099708775,0.0,0.0
469,59.22027329829149,0.0,0.0
470,59.30748248686485,0.0,0.0
471,59.45741964190484,0.0,0.0
472,59.57889665278835,0.0,0.0
473,59.65125688258643,0.0,0.0
474,59.76013934717384,0.0,0.0
475,59.85367203897632,0.0,0.0
476,59.96501983264273,0.0,0.0
477,60.14397295448949,0.0,0.0
478,60.25290430259917,0.0,0.0
479,60.332781410570405,0.0,0.0
480,60.376970969603846,0.0,0.0
481,60.411557056111086,0.0,0.0
482,60.432308542512516,0.0,0.0
483,60.472820666123454,0.0,0.0
484,60.50835373910037,0.0,0.0
485,60.5377255194819,0.0,0.0
486,60.54649888079807,0.0,0.0
487,60.59909620755667,0.0,0.0
488,60.83101070204087,0.0,0.0
489,60.96089300952437,0.0,0.0
490,61.10009283049039,0.0,0.0
491,61.1880576737502,0.0,0.0
492,61.79370210755415,0.0,0.0
493,62.457250430297684,0.0,0.0
494,62.82150407668672,0.0,0.0
495,63.07627636467755,0.0,0.0
496,63.32348322255046,0.0,0.0
497,63.594017430259704,0.0,0.0
498,63.76094004229377,0.0,0.0
499,63.95594426094231,0.0,0.0
500,64.1250887838363,0.0,0.0
501,64.32445747895173,0.0,0.0
502,64.50409155450843,0.0,0.0
503,64.57976218657684,0.0,0.0
504,64.65415191791298,0.0,0.0
505,64.68149816327018,0.0,0.0
506,64.70422753476949,0.0,0.0
507,64.72809251167227,0.0,0.0
508,64.73740214016844,0.0,0.0
509,64.74347958927765,0.0,0.0
510,64.76615160499554,0.0,0.0
511,64.85073395610746,0.0,0.0
512,64.91544068840187,0.0,0.0
513,64.95944186948601,0.0,0.0
514,65.05575163388691,0.0,0.0
515,65.1906125841588,0.0,0.0
516,65.29141323364318,0.0,0.0
517,65.90914570856208,0.0,0.0
518,66.67737347381784,0.0,0.0
519,67.28515600256696,0.0,0.0
520,67.57609383224299,0.0,0.0
521,67.80250263470037,0.0,0.0
522,68.03150087248399,0.0,0.0
523,68.18364564445487,0.0,0.0
524,68.31028032381913,0.0,0.0
525,68.43969470549125,0.0,0.0
526,68.5380107545181,0.0,0.0
527,68.61102558539243,0.0,0.0
528,68.68369638464291,0.0,0.0
529,68.73494593071398,0.0,0.0
530,68.79004041324919,0.0,0.0
531,68.84263478890836,0.0,0.0
532,68.85862634966183,0.0,0.0
533,68.89357220772537,0.0,0.0
534,68.93856927212177,0.0,0.0
535,69.006359789014,0.0,0.0
536,69.12934213765405,0.0,0.0
537,69.17608376069059,0.0,0.0
538,69.26647331383423,0.0,0.0
539,69.78011347384516,0.0,0.0
540,70.22675087183546,0.0,0.0
541,70.4413264113062,0.0,0.0
542,70.62457131903169,0.0,0.0
543,70.79655980774793,0.0,0.0
544,70.96713273844469,0.0,0.0
545,71.16010749798015,0.0,0.0
546,71.34081724107047,0.0,0.0
547,71.50816607824187,0.0,0.0
548,71.65828491189426,0.0,0.0
549,71.78172038763566,0.0,0.0
550,71.88898466515136,0.0,0.0
551,71.94799262602363,0.0,0.0
552,72.01193180787112,0.0,0.0
553,72.04908855066498,0.0,0.0
554,72.08447462465321,0.0,0.0
555,72.10887408135316,0.0,0.0
556,72.1369750147957,0.0,0.0
557,72.19550152957505,0.0,0.0
558,72.27214420989118,0.0,0.0
559,72.37098011094935,0.0,0.0
560,72.39766035129388,0.0,0.0
561,72.39553884444426,0.0,0.0
562,72.44299833151987,0.0,0.0
563,72.58956467048206,0.0,0.0
564,72.67754430340355,0.0,0.0
565,72.71475240430452,0.0,0.0
566,72.7457808591884,0.0,0.0
567,72.81240034074555,0.0,0.0
568,72.96095165522854,0.0,0.0
569,73.1379282299433,0.0,0.0
570,73.29242479319647,0.0,0.0
571,73.4468074389842,0.0,0.0
572,73.55278184220124,0.0,0.0
573,73.65498807581065,0.0,0.0
574,73.74395208142431,0.0,0.0
575,73.80341857016496,0.0,0.0
576,73.84439253180796,0.0,0.0
577,73.8670619367598,0.0,0.0
578,73.88237809607463,0.0,0.0
579,73.89362343512376,0.0,0.0
580,73.8954915483493,0.0,0.0
581,73.91841831260359,0.0,0.0
582,73.9464745488776,0.0,0.0
583,74.02637384372218,0.0,0.0
584,74.06846563289949,0.0,0.0
585,74.07919879780586,0.0,0.0
586,74.14858414387845,0.0,0.0
587,74.22350057879288,0.0,0.0
588,74.60616312740947,0.0,0.0
589,74.72502096266581,0.0,0.0
590,74.75750744683505,0.0,0.0
591,75.23759443220028,0.0,0.0
592,75.37640085130029,0.0,0.0
593,75.56887062920536,0.0,0.0
594,75.72686787026507,0.0,0.0
595,75.84468902773004,0.0,0.0
596,75.97524277282469,0.0,0.0
597,76.090182225646,0.0,0.0
598,76.19183524439134,0.0,0.0
599,76.3329843510523,0.0,0.0
600,76.37372424373554,0.0,0.0
601,76.40105456443585,0.0,0.0
602,76.42288346098748,0.0,0.0
603,76.43738513746247,0.0,0.0
604,76.45537765463884,0.0,0.0
605,76.47282924076531,0.0,0.0
606,76.5048710720315,0.0,0.0
607,76.57404612931104,0.0,0.0
608,76.70414539860398,0.0,0.0
609,76.77016019864223,0.0,0.0
610,77.15879932813027,0.0,0.0
611,77.6946354568291,0.0,0.0
612,77.92948581736997,0.0,0.0
613,78.15272205675555,0.0,0.0
614,78.30693175911323,0.0,0.0
615,78.51036001132347,0.0,0.0
616,78.73540020534327,0.0,0.0
617,78.95684922895676,0.0,0.0
618,79.23186338570187,0.0,0.0
619,79.41566013630813,0.0,0.0
620,79.59538590817166,0.0,0.0
621,79.75200165782498,0.0,0.0
622,79.94036160424969,0.0,0.0
623,80.06605800399421,0.0,0.0
624,80.14710467781656,0.0,0.0
625,80.20466141589719,0.0,0.0
626,80.25938384103645,0.0,0.0
627,80.33839540612072,0.0,0.0
628,80.38466321740431,0.0,0.0
629,80.47778371969335,0.0,0.0
630,80.54700115539381,0.0,0.0
631,80.66073425681792,0.0,0.0
632,80.84162184142923,0.0,0.0
633,80.94835205382971,0.0,0.0
634,81.05411372644498,0.0,0.0
635,81.17041449230065,0.0,0.0
636,81.67781176456758,0.0,0.0
637,82.15384940274673,0.0,0.0
638,82.34303781102601,0.0,0.0
639,82.51962578346118,0.0,0.0
640,82.64545401447515,0.0,0.0
641,82.78471875028556,0.0,0.0
642,82.9445411719634,0.0,0.0
643,83.09188360431838,0.0,0.0
644,83.30630294796934,0.0,0.0
645,83.48522561616963,0.0,0.0
646,83.59749203338778,0.0,0.0
647,83.6655341936392,0.0,0.0
648,83.71235479391491,0.0,0.0
649,83.75161364005339,0.0,0.0
650,83.7711381294824,0.0,0.0
651,83.78869870590836,0.0,0.0
652,83.79347255592047,0.0,0.0
653,83.80180987274926,0.0,0.0
654,83.8547310404746,0.0,0.0
655,83.94478226017836,0.0,0.0
656,84.09471997286886,0.0,0.0
657,84.12906657889562,0.0,0.0
658,84.20694710710544,0.0,0.0
659,84.32640464173376,0.0,0.0
660,84.4022505431453,0.0,0.0
661,84.54178376538044,0.0,0.0
662,84.78132888320613,0.0,0.0
663,85.36243709439398,0.0,0.0
664,85.62352282357904,0.0,0.0
665,85.835629996497,0.0,0.0
666,85.96352529856415,0.0,0.0
667,86.12912506777982,0.0,0.0
668,86.27507768262147,0.0,0.0
669,86.3967128341193,0.0,0.0
670,86.51330235533455,0.0,0.0
671,86.59404649001475,0.0,0.0
672,86.65483109680852,0.0,0.0
673,86.68857194304279,0.0,0.0
674,86.70937769521036,0.0,0.0
675,86.72375280993276,0.0,0.0
676,86.73291694371177,0.0,0.0
677,86.73814799418774,0.0,0.0
678,86.76275749637945,0.0,0.0
679,86.8274643689116,0.0,0.0
680,86.86887605691697,0.0,0.0
681,86.96343606220921,0.0,0.0
682,86.96568206776399,0.0,0.0
683,86.95856558935994,0.0,0.0
684,86.9499200231358,0.0,0.0
685,86.94724742202092,0.0,0.0
686,86.97597327224643,0.0,0.0
687,87.12879040828402,0.0,0.0
688,87.26934922542804,0.0,0.0
689,87.45447368949003,0.0,0.0
690,87.56146518936693,0.0,0.0
691,87.68974744359402,0.0,0.0
692,87.79953150643608,0.0,0.0
693,87.89565233955507,0.0,0.0
694,87.98259138321671,0.0,0.0
695,88.04282993381074,0.0,0.0
696,88.08224226560449,0.0,0.0
697,88.12186774046229,0.0,0.0
698,88.14818744380253,0.0,0.0
699,88.17367338107049,0.0,0.0
700,88.18845523732044,0.0,0.0
701,88.20644442059267,0.0,0.0
702,88.22028018018307,0.0,0.0
703,88.2781450178285,0.0,0.0
704,88.34096350707706,0.0,0.0
705,88.37710731706083,0.0,0.0
706,88.69640221932046,0.0,0.0
707,89.17000968440928,0.0,0.0
708,89.79788878005435,0.0,0.0
709,90.50229333357387,0.0,0.0
710,91.1884499451395,0.0,0.0
711,91.93433722285528,0.0,0.0
712,92.39981061899546,0.0,0.0
713,92.57140673519912,0.0,0.0
714,92.73628960859628,0.0,0.0
715,92.89811384053509,0.0,0.0
716,93.00325012915185,0.0,0.0
717,93.1468602188361,0.0,0.0
718,93.2616198299502,0.0,0.0
719,93.39974879046447,0.0,0.0
720,93.46792584980632,0.0,0.0
721,93.52141503774384,0.0,0.0
722,93.55228509421445,0.0,0.0
723,93.57210054346275,0.0,0.0
724,93.58684435138562,0.0,0.0
725,93.62258568538529,0.0,0.0
726,93.67845226290078,0.0,0.0
727,93.751160354534,0.0,0.0
728,93.92254465409265,0.0,0.0
729,94.00149101297637,0.0,0.0
730,94.01119322962543,0.0,0.0
731,94.02968280349022,0.0,0.0
732,94.05041978893662,0.0,0.0
733,94.12483566333445,0.0,0.0
734,94.31060947740835,0.0,0.0
735,94.43744872953309,0.0,0.0
736,94.5605224087961,0.0,0.0
737,94.68766066252404,0.0,0.0
738,94.83252950235617,0.0,0.0
739,94.99466771343879,0.0,0.0
740,95.11122815394849,0.0,0.0
741,95.21046444352565,0.0,0.0
742,95.30057984206749,0.0,0.0
743,95.36094116250653,0.0,0.0
744,95.40196901533265,0.0,0.0
745,95.43637371950405,0.0,0.0
746,95.46703480097874,0.0,0.0
747,95.49402102969191,0.0,0.0
748,95.51308603192162,0.0,0.0
749,95.53212417074725,0.0,0.0
750,95.54761045062136,0.0,0.0
751,95.62649417621942,0.0,0.0
752,95.78725669512437,0.0,0.0
753,95.89050115194689,0.0,0.0
754,95.98146669154926,0.0,0.0
755,96.00659057909259,0.0,0.0
756,96.04438322910497,0.0,0.0
757,96.09313340952089,0.0,0.0
758,96.11966992596359,0.0,0.0
759,96.2138008064178,0.0,0.0
760,96.33669858846191,0.0,0.0
761,96.49384625363554,0.0,0.0
762,96.63007513627586,0.0,0.0
763,96.74242134888775,0.0,0.0
764,96.92664768627199,0.0,0.0
765,97.05265088990512,0.0,0.0
766,97.19030104258297,0.0,0.0
767,97.30473204278766,0.0,0.0
768,97.37400397936487,0.0,0.0
769,97.42508508686362,0.0,0.0
770,97.46510920933666,0.0,0.0
771,97.52109690963462,0.0,0.0
772,97.55575860216523,0.0,0.0
773,97.5735474810111,0.0,0.0
774,97.59295284818202,0.0,0.0
775,97.65797966145352,0.0,0.0
776,97.85256879747287,0.0,0.0
777,97.97262592697837,0.0,0.0
778,98.09184578282562,0.0,0.0
779,98.17194780757454,0.0,0.0
780,98.23072974514302,0.0,0.0
781,98.26642860743237,0.0,0.0
782,98.30268358125049,0.0,0.0
783,98.41106365376613,0.0,0.0
784,98.59013007998938,0.0,0.0
785,98.77967355070321,0.0,0.0
786,98.90421186620894,0.0,0.0
787,99.03601929432364,0.0,0.0
788,99.14260201503144,0.0,0.0
789,99.23083595876302,0.0,0.0
790,99.31687812867382,0.0,0.0
791,99.37718742046556,0.0,0.0
792,99.40182426855887,0.0,0.0
793,99.4245017078229,0.0,0.0
794,99.45069857758504,0.0,0.0
795,99.47335758310025,0.0,0.0
796,99.50154940035212,0.0,0.0
797,99.5245101590837,0.0,0.0
798,99.57395940797664,0.0,0.0
799,99.65180328902824,0.0,0.0
800,99.72819683019588,0.0,0.0
801,99.78122749665553,0.0,0.0
802,99.83637139182689,0.0,0.0
803,99.8652045464544,0.0,0.0
804,99.85590389649839,0.0,0.0
805,99.84604548972455,0.0,0.0
806,99.84210555422742,0.0,0.0
807,99.96593747909016,0.0,0.0
808,100.03771529137819,0.0,0.0
809,100.11650918751766,0.0,0.0
810,100.18798001775214,0.0,0.0
811,100.23962298057421,0.0,0.0
812,100.30346722637844,0.0,0.0
813,100.45264842818847,0.0,0.0
814,100.59026372063572,0.0,0.0
815,100.68232203662137,0.0,0.0
816,100.72176261980916,0.0,0.0
817,100.74545837809426,0.0,0.0
818,100.79040646921005,0.0,0.0
819,100.804164544049,0.0,0.0
820,100.84535909966833,0.0,0.0
821,100.90515781755722,0.0,0.0
822,100.94634834835267,0.0,0.0
823,101.04589815745219,0.0,0.0
824,101.13278784739606,0.0,0.0
825,101.35240000694917,0.0,0.0
826,101.38944862499542,0.0,0.0
827,101.38244044400575,0.0,0.0
828,101.40504450893347,0.0,0.0
829,101.39876738441168,0.0,0.0
830,101.43767046613867,0.0,0.0
831,101.56876311776807,0.0,0.0
832,101.73702578235759,0.0,0.0
833,101.89327438560547,0.0,0.0
834,102.03136290452906,0.0,0.0
835,102.16906523692178,0.0,0.0
836,102.27575976908211,0.0,0.0
837,102.38210192692719,0.0,0.0
838,102.49060512256067,0.0,0.0
839,102.56788636495693,0.0,0.0
840,102.62876775563335,0.0,0.0
841,102.65612526420989,0.0,0.0
842,102.67655468925312,0.0,0.0
843,102.6915229155903,0.0,0.0
844,102.70179987865806,0.0,0.0
845,102.7103513519983,0.0,0.0
846,102.73860569419836,0.0,0.0
847,102.81064487667417,0.0,0.0
848,102.86795409598642,0.0,0.0
849,102.94175803061891,0.0,0.0
850,103.0222457959607,0.0,0.0
851,103.07918325459698,0.0,0.0
852,103.06902446422482,0.0,0.0
853,103.47752373694759,0.0,0.0
854,104.10255999481235,0.0,0.0
855,104.72640137334116,0.0,0.0
856,104.9616569503163,0.0,0.0
857,105.195071545871,0.0,0.0
858,105.39430799808768,0.0,0.0
859,105.57829249693299,0.0,0.0
860,105.68647398299565,0.0,0.0
861,105.78846934104389,0.0,0.0
862,105.86312023711372,0.0,0.0
863,105.90774517498059,0.0,0.0
864,105.94039067887654,0.0,0.0
865,105.9690790320916,0.0,0.0
866,105.98591905002262,0.0,0.0
867,105.9978940591094,0.0,0.0
868,106.00488698736429,0.0,0.0
869,106.01678099784613,0.0,0.0
870,106.02571226389168,0.0,0.0
871,106.08759830020648,0.0,0.0
872,106.1688634786209,0.0,0.0
873,106.31274511544935,0.0,0.0
874,106.37749127434017,0.0,0.0
875,106.4041841731697,0.0,0.0
876,106.4380645954955,0.0,0.0
877,106.48296175960728,0.0,0.0
878,106.56333839230199,0.0,0.0
879,106.67405188630357,0.0,0.0
880,106.8083928642353,0.0,0.0
881,106.96785569823439,0.0,0.0
882,107.07817096795966,0.0,0.0
883,107.1894271286976,0.0,0.0
884,107.27999564948831,0.0,0.0
885,107.45430251459872,0.0,0.0
886,107.55311385412779,0.0,0.0
887,107.6218730399508,0.0,0.0
888,107.65172701892,0.0,0.0
889,107.67272933493793,0.0,0.0
890,107.69140737234044,0.0,0.0
891,107.72071068006089,0.0,0.0
892,107.7341642518684,0.0,0.0
893,107.74466344733636,0.0,0.0
894,107.76680623295712,0.0,0.0
895,107.83504770896174,0.0,0.0
896,107.98920592277099,0.0,0.0
897,108.10685220813474,0.0,0.0
898,108.18160540200617,0.0,0.0
899,108.18814691432385,0.0,0.0
900,108.18431791378346,0.0,0.0
901,108.19156549203335,0.0,0.0
902,108.18637450263702,0.0,0.0
903,108.20876998466956,0.0,0.0
904,108.30321840564869,0.0,0.0
905,108.51177988031247,0.0,0.0
906,108.72553801899365,0.0,0.0
907,108.8535194808686,0.0,0.0
908,108.98759719443096,0.0,0.0
909,109.10978846536688,0.0,0.0
910,109.22208806969161,0.0,0.0
911,109.32006171087421,0.0,0.0
912,109.37644007517406,0.0,0.0
913,109.41811160336717,0.0,0.0
914,109.45489559848174,0.0,0.0
915,109.49867706117307,0.0,0.0
916,109.529764197256,0.0,0.0
917,109.56215151749483,0.0,0.0
918,109.60013345589539,0.0,0.0
919,109.66027766554184,0.0,0.0
920,109.77824525037181,0.0,0.0
921,109.97017588052186,0.0,0.0
922,110.20886117485168,0.0,0.0
923,110.78982914230326,0.0,0.0
924,111.28877039018462,0.0,0.0
925,111.47987348563801,0.0,0.0
926,111.54837620385473,0.0,0.0
927,111.708603180687,0.0,0.0
928,111.80401834311692,0.0,0.0
929,111.99798215862954,0.0,0.0
930,112.13141930167991,0.0,0.0
931,112.29224490990462,0.0,0.0
932,112.39933826079198,0.0,0.0
933,112.50684385752808,0.0,0.0
934,112.59059582725537,0.0,0.0
935,112.65323124347856,0.0,0.0
936,112.69936411004906,0.0,0.0
937,112.7323037475212,0.0,0.0
938,112.75551394742398,0.0,0.0
939,112.78147592993741,0.0,0.0
940,112.84524748706392,0.0,0.0
941,112.88708006715552,0.0,0.0
942,112.9303073977605,0.0,0.0
943,112.99779329585115,0.0,0.0
944,113.04151300754269,0.0,0.0
945,113.03569136830048,0.0,0.0
946,113.19511168572848,0.0,0.0
947,113.3305853416821,0.0,0.0
948,113.48560313543643,0.0,0.0
949,113.55836738725368,0.0,0.0
950,113.56853121273998,0.0,0.0
951,113.67166917989142,0.0,0.0
952,113.8387413909178,0.0,0.0
953,114.00933426574699,0.0,0.0
954,114.15225117470733,0.0,0.0
955,114.29586874131957,0.0,0.0
956,114.44283607632731,0.0,0.0
957,114.56946848477902,0.0,0.0
958,114.70029915179595,0.0,0.0
959,114.80708912376095,0.0,0.0
960,114.85652204966982,0.0,0.0
961,114.88017641821945,0.0,0.0
962,114.90171886851999,0.0,0.0
963,114.91578424884874,0.0,0.0
964,114.92106794886186,0.0,0.0
965,114.94070922522857,0.0,0.0
966,114.96774669135173,0.0,0.0
967,115.02927713978387,0.0,0.0
968,115.0672692387778,0.0,0.0
969,115.11796258480966,0.0,0.0
970,115.28252530835954,0.0,0.0
971,115.32864960853327,0.0,0.0
972,115.38601911676845,0.0,0.0
973,115.41660463048721,0.0,0.0
974,115.42274764630814,0.0,0.0
975,115.45711071184016,0.0,0.0
976,115.50743643790138,0.0,0.0
977,115.6090046380531,0.0,0.0
978,115.69597630357174,0.0,0.0
979,115.8002662772122,0.0,0.0
980,115.91846093067936,0.0,0.0
981,116.01414569921614,0.0,0.0
982,116.20230000702348,0.0,0.0
983,116.30688680913018,0.0,0.0
984,116.4399535254922,0.0,0.0
985,116.53605384501157,0.0,0.0
986,116.58163412097491,0.0,0.0
987,116.61306584152176,0.0,0.0
988,116.65613558875174,0.0,0.0
989,116.6850156623864,0.0,0.0
990,116.72590016071375,0.0,0.0
991,116.81742780675668,0.0,0.0
992,116.97212840922451,0.0,0.0
993,117.09671094857737,0.0,0.0
994,117.25588011847863,0.0,0.0
995,117.49632159571149,0.0,0.0
996,118.22817385503306,0.0,0.0
997,118.94426972335432,0.0,0.0
998,119.42520066695124,0.0,0.0
999,119.76714059468965,0.0,0.0
1000,119.96597672610207,0.0,0.0
1001,120.100991880036,0.0,0.0
1002,120.27627229755701,0.0,0.0
1003,120.44951837559228,0.0,0.0
1004,120.5865078880924,0.0,0.0
1005,120.75618498173401,0.0,0.0
1006,120.86636261324252,0.0,0.0
1007,120.93180907718477,0.0,0.0
1008,120.97859589854913,0.0,0.0
1009,121.00106522618722,0.0,0.0
1010,121.03033976130921,0.0,0.0
1011,121.06485951393465,0.0,0.0
1012,121.08059969839152,0.0,0.0
1013,121.10888370361693,0.0,0.0
1014,121.15997337800218,0.0,0.0
1015,121.240326304739,0.0,0.0
1016,121.35593745766778,0.0,0.0
1017,121.44299437253423,0.0,0.0
1018,121.52740360540852,0.0,0.0
1019,121.62873643608926,0.0,0.0
1020,121.70733314084634,0.0,0.0
1021,121.8045258625608,0.0,0.0
1022,121.88604113960142,0.0,0.0
1023,121.96338563561706,0.0,0.0
1024,122.06041583378065,0.0,0.0
1025,122.17981726066205,0.0,0.0
1026,122.3375046864343,0.0,0.0
1027,122.47438810520882,0.0,0.0
1028,122.60588448329997,0.0,0.0
1029,122.69417650879402,0.0,0.0
1030,122.7656981400957,0.0,0.0
1031,122.81294294875828,0.0,0.0
1032,122.83933076653578,0.0,0.0
1033,122.86556191896852,0.0,0.0
1034,122.89341448626169,0.0,0.0
1035,122.9094760165724,0.0,0.0
1036,122.94143136150123,0.0,0.0
1037,122.95850768002508,0.0,0.0
1038,122.96744138550967,0.0,0.0
1039,123.028722353979,0.0,0.0
1040,123.10938868741631,0.0,0.0
1041,123.2777420116142,0.0,0.0
1042,123.43139551300783,0.0,0.0
1043,123.59712546520296,0.0,0.0
1044,123.71547424894095,0.0,0.0
1045,123.79509196616345,0.0,0.0
1046,123.8875118254448,0.0,0.0
1047,124.00945885263847,0.0,0.0
1048,124.14178147471031,0.0,0.0
1049,124.26089555708086,0.0,0.0
1050,124.36023958030245,0.0,0.0
1051,124.49342679046859,0.0,0.0
1052,124.64323519872502,0.0,0.0
1053,124.72322696725774,0.0,0.0
1054,124.85909251737564,0.0,0.0
1055,124.94410732733097,0.0,0.0
1056,124.99352967914274,0.0,0.0
1057,125.01899894900879,0.0,0.0
1058,125.05100512314026,0.0,0.0
1059,125.0888329252364,0.0,0.0
1060,125.12167516351238,0.0,0.0
1061,125.16643087331443,0.0,0.0
1062,125.1935678027602,0.0,0.0
1063,125.3620132899272,0.0,0.0
1064,126.08287446403433,0.0,0.0
1065,126.7351376704855,0.0,0.0
1066,127.49080720742032,0.0,0.0
1067,128.14810197649297,0.0,0.0
1068,128.53719920237793,0.0,0.0
1069,128.67384070036732,0.0,0.0
1070,128.76418370312177,0.0,0.0
1071,128.88585572333568,0.0,0.0
1072,129.01201408486799,0.0,0.0
1073,129.15050881587658,0.0,0.0
1074,129.29093056355362,0.0,0.0
1075,129.38703454778073,0.0,0.0
1076,129.49058663274585,0.0,0.0
1077,129.60055897760813,0.0,0.0
1078,129.70968521199057,0.0,0.0
1079,129.79735049142187,0.0,0.0
1080,129.84721861386413,0.0,0.0
1081,129.88817856309745,0.0,0.0
1082,129.93152608582363,0.0,0.0
1083,129.9871890915245,0.0,0.0
1084,130.03473542049142,0.0,0.0
1085,130.04891510910855,0.0,0.0
1086,130.07238369274384,0.0,0.0
1087,130.25781700144952,0.0,0.0
1088,130.36136584020633,0.0,0.0
1089,130.51510150679303,0.0,0.0
1090,130.59285596524018,0.0,0.0
1091,130.7386455548362,0.0,0.0
1092,130.84783391580086,0.0,0.0
1093,130.95382286903526,0.0,0.0
1094,131.06602983509973,0.0,0.0
1095,131.1736271988884,0.0,0.0
1096,131.30829360089052,0.0,0.0
1097,131.37850938783984,0.0,0.0
1098,131.53746939198157,0.0,0.0
1099,131.63481243694014,0.0,0.0
1100,131.75347193252884,0.0,0.0
1101,131.8626920718846,0.0,0.0
1102,131.98479120267248,0.0,0.0
1103,132.0491338916067,0.0,0.0
1104,132.09677561982963,0.0,0.0
1105,132.13706946295247,0.0,0.0
1106,132.17286484886301,0.0,0.0
1107,132.21290581465803,0.0,0.0
1108,132.24552304806056,0.0,0.0
1109,132.2852408579165,0.0,0.0
1110,132.33120859249132,0.0,0.0
1111,132.41047709882886,0.0,0.0
1112,132.52010031820052,0.0,0.0
1113,132.59919385794413,0.0,0.0
1114,132.78788676848566,0.0,0.0
1115,132.92833718722605,0.0,0.0
1116,132.99933832988378,0.0,0.0
1117,133.0579567080058,0.0,0.0
1118,133.09057195538594,0.0,0.0
1119,133.13557707512368,0.0,0.0
1120,133.22752711591608,0.0,0.0
1121,133.35974633039493,0.0,0.0
1122,133.4591226518136,0.0,0.0
1123,133.58742866032583,0.0,0.0
1124,133.73080678212236,0.0,0.0
1125,133.83080424999645,0.0,0.0
1126,133.91908851535638,0.0,0.0
1127,133.97131978739682,0.0,0.0
1128,134.00850979792688,0.0,0.0
1129,134.02981682589004,0.0,0.0
1130,134.04674083594827,0.0,0.0
1131,134.08296879060015,0.0,0.0
1132,134.0984019401886,0.0,0.0
1133,134.11190397657018,0.0,0.0
1134,134.13844338479774,0.0,0.0
1135,134.1934021131454,0.0,0.0
1136,134.2808073809034,0.0,0.0
1137,134.3693545099571,0.0,0.0
1138,134.47191778182682,0.0,0.0
1139,134.58822422076855,0.0,0.0
1140,135.15043204735878,0.0,0.0
1141,135.95361243352798,0.0,0.0
1142,136.66651861639824,0.0,0.0
1143,137.1408521269142,0.0,0.0
1144,137.38555538579217,0.0,0.0
1145,137.50838065821236,0.0,0.0
1146,137.63202036912313,0.0,0.0
1147,137.71010103145588,0.0,0.0
1148,137.82396517020757,0.0,0.0
1149,138.00484075905104,0.0,0.0
1150,138.1204932350503,0.0,0.0
1151,138.1899635139621,0.0,0.0
1152,138.2293227123689,0.0,0.0
1153,138.26493740510637,0.0,0.0
1154,138.2925372795261,0.0,0.0
1155,138.31233488441023,0.0,0.0
1156,138.33604126341052,0.0,0.0
1157,138.36291493918944,0.0,0.0
1158,138.39465098914684,0.0,0.0
1159,138.49244255145976,0.0,0.0
1160,138.63791957255484,0.0,0.0
1161,138.84017584896355,0.0,0.0
1162,138.8706689564608,0.0,0.0
1163,138.86594828353853,0.0,0.0
1164,138.86115513948744,0.0,0.0
1165,138.86994912561556,0.0,0.0
1166,138.91260030159705,0.0,0.0
1167,139.01514008896945,0.0,0.0
1168,139.07734852887367,0.0,0.0
1169,139.14184304899115,0.0,0.0
1170,139.2729198060782,0.0,0.0
1171,139.3755558363567,0.0,0.0
1172,139.4808649477604,0.0,0.0
1173,139.56555203076854,0.0,0.0
1174,139.64683521917584,0.0,0.0
1175,139.6917634237802,0.0,0.0
1176,139.71511655618283,0.0,0.0
1177,139.73494418582644,0.0,0.0
1178,139.74986294375444,0.0,0.0
1179,139.76261763464314,0.0,0.0
1180,139.77168355937656,0.0,0.0
1181,139.77553055775846,0.0,0.0
1182,139.7747067944319,0.0,0.0
1183,139.83966443891538,0.0,0.0
1184,139.90201782616202,0.0,0.0
1185,139.9881230535725,0.0,0.0
1186,139.99804364858943,0.0,0.0
1187,139.98927087945273,0.0,0.0
1188,140.2501801353067,0.0,0.0
1189,140.41544537035733,0.0,0.0
1190,140.42222906242992,0.0,0.0
1191,140.44230511953845,0.0,0.0
1192,140.45687682412958,0.0,0.0
1193,140.6054065338071,0.0,0.0
1194,141.07794703632652,0.0,0.0
1195,141.72951139022416,0.0,0.0
1196,142.4744769006542,0.0,0.0
1197,143.1305555451018,0.0,0.0
1198,143.85680607162848,0.0,0.0
1199,144.5520662868905,0.0,0.0
1200,145.1310791655494,0.0,0.0
1201,145.38717296770085,0.0,0.0
1202,145.4840281753751,0.0,0.0
1203,145.533075678206,0.0,0.0
1204,145.56221557267588,0.0,0.0
1205,145.59132639484937,0.0,0.0
1206,145.6070492101127,0.0,0.0
1207,145.70270861515448,0.0,0.0
1208,145.78637335818698,0.0,0.0
1209,146.22970846471839,0.0,0.0
1210,146.63234547322028,0.0,0.0
1211,146.84876682735182,0.0,0.0
1212,146.98846319941237,0.0,0.0
1213,147.09479658171497,0.0,0.0
1214,147.15842339371702,0.0,0.0
1215,147.29342391896213,0.0,0.0
1216,147.48199605254777,0.0,0.0
1217,147.67710541476603,0.0,0.0
1218,147.8440937699588,0.0,0.0
1219,147.954258538384,0.0,0.0
1220,148.07895872723495,0.0,0.0
1221,148.18706883844854,0.0,0.0
1222,148.32657049469776,0.0,0.0
1223,148.41285149553698,0.0,0.0
1224,148.4736642941268,0.0,0.0
1225,148.50930145118207,0.0,0.0
1226,148.54469120012521,0.0,0.0
1227,148.57076453433442,0.0,0.0
1228,148.6065124454807,0.0,0.0
1229,148.63766538921485,0.0,0.0
1230,148.6884091227478,0.0,0.0
1231,148.75116108220527,0.0,0.0
1232,148.85224594450045,0.0,0.0
1233,148.95864433849042,0.0,0.0
1234,148.99956854265736,0.0,0.0
1235,149.0023046219571,0.0,0.0
1236,148.98852325246912,0.0,0.0
1237,148.96788013331206,0.0,0.0
1238,148.98143341132615,0.0,0.0
1239,149.11727143052514,0.0,0.0
1240,149.2219596938885,0.0,0.0
1241,149.38850657228173,0.0,0.0
1242,149.55609294598517,0.0,0.0
1243,149.65275602779715,0.0,0.0
1244,149.74917060291793,0.0,0.0
1245,149.89042975917798,0.0,0.0
1246,150.01241158102164,0.0,0.0
1247,150.108201073634,0.0,0.0
1248,150.19272763102637,0.0,0.0
1249,150.22588701005347,0.0,0.0
1250,150.24784019514436,0.0,0.0
1251,150.2605490298795,0.0,0.0
1252,150.26899134846062,0.0,0.0
1253,150.2787565451914,0.0,0.0
1254,150.2852146886897,0.0,0.0
1255,150.3371431620297,0.0,0.0
1256,150.41116065695437,0.0,0.0
1257,150.53904741408806,0.0,0.0
1258,150.64508844873473,0.0,0.0
1259,150.73996587342035,0.0,0.0
1260,150.7929070672057,0.0,0.0
1261,150.84111089093454,0.0,0.0
1262,150.9363434991306,0.0,0.0
1263,151.0472971672518,0.0,0.0
1264,151.18092983373663,0.0,0.0
1265,151.32207161821628,0.0,0.0
1266,151.45592838134564,0.0,0.0
1267,151.59595641481863,0.0,0.0
1268,151.707377934308,0.0,0.0
1269,151.79237152307263,0.0,0.0
1270,151.8732440633429,0.0,0.0
1271,151.93391864620227,0.0,0.0
1272,151.96108805573553,0.0,0.0
1273,151.97911908732937,0.0,0.0
1274,151.99743788768,0.0,0.0
1275,152.0099121404407,0.0,0.0
1276,152.02264068167264,0.0,0.0
1277,152.02869315278537,0.0,0.0
1278,152.0320292237099,0.0,0.0
1279,152.10142904617356,0.0,0.0
1280,152.25063127487437,0.0,0.0
1281,152.38052448941917,0.0,0.0
1282,152.47405146651562,0.0,0.0
1283,152.52751171568488,0.0,0.0
1284,152.54418647253422,0.0,0.0
1285,152.55510631434151,0.0,0.0
1286,152.57387843366854,0.0,0.0
1287,152.61190082822148,0.0,0.0
1288,152.7323345755636,0.0,0.0
1289,152.8015183277736,0.0,0.0
1290,152.9858671453726,0.0,0.0
1291,153.09052277063407,0.0,0.0
1292,153.2444041155516,0.0,0.0
1293,153.3357512582156,0.0,0.0
1294,153.41387138873853,0.0,0.0
1295,153.46541284753565,0.0,0.0
1296,153.4899051355713,0.0,0.0
1297,153.51163450295766,0.0,0.0
1298,153.52805648576145,0.0,0.0
1299,153.54418418702548,0.0,0.0
1300,153.551056748406,0.0,0.0
1301,153.55085906043786,0.0,0.0
1302,153.55580725799632,0.0,0.0
1303,153.60099819192928,0.0,0.0
1304,153.69793775925103,0.0,0.0
1305,153.69130895840385,0.0,0.0
1306,153.68944541557295,0.0,0.0
1307,153.6877327469062,0.0,0.0
1308,153.68466281435732,0.0,0.0
1309,153.6817643557255,0.0,0.0
1310,153.67702108745385,0.0,0.0
1311,153.76708443515938,0.0,0.0
1312,153.81363161686807,0.0,0.0
1313,153.8472837655814,0.0,0.0
1314,153.9344103914529,0.0,0.0
1315,154.02928176723938,0.0,0.0
1316,154.15133546608132,0.0,0.0
1317,154.2343307602448,0.0,0.0
1318,154.31473473691904,0.0,0.0
1319,154.36517521309298,0.0,0.0
1320,154.38875348984092,0.0,0.0
1321,154.40897996881984,0.0,0.0
1322,154.42361683154692,0.0,0.0
1323,154.43473500804473,0.0,0.0
1324,154.44012163081578,0.0,0.0
1325,154.4467885204904,0.0,0.0
1326,154.4830765031316,0.0,0.0
1327,155.00151057787178,0.0,0.0
1328,155.6723476877746,0.0,0.0
1329,156.43032456110367,0.0,0.0
1330,157.19801131425675,0.0,0.0
1331,158.2435468876409,0.0,0.0
1332,158.89293046704898,0.0,0.0
1333,159.6183735935806,0.0,0.0
1334,160.00140783870825,0.0,0.0
1335,160.15938894050817,0.0,0.0
1336,160.33055875076352,0.0,0.0
1337,160.40942482273482,0.0,0.0
1338,160.48275168719348,0.0,0.0
1339,160.552866270547,0.0,0.0
1340,160.60832340066807,0.0,0.0
1341,160.67458428606108,0.0,0.0
1342,160.7276390521665,0.0,0.0
1343,160.75791558297877,0.0,0.0
1344,160.7813440818848,0.0,0.0
1345,160.80211938378739,0.0,0.0
1346,160.83214080783148,0.0,0.0
1347,160.84618122472915,0.0,0.0
1348,160.84262270132433,0.0,0.0
1349,160.83845007975194,0.0,0.0
1350,160.83717609461982,0.0,0.0
1351,160.87852668656507,0.0,0.0
1352,160.8896165603916,0.0,0.0
1353,160.92634903666405,0.0,0.0
1354,160.95891276746053,0.0,0.0
1355,160.97237498483574,0.0,0.0
1356,161.06593759225396,0.0,0.0
1357,161.0919784598594,0.0,0.0
1358,161.12047401203583,0.0,0.0
1359,161.1903307854162,0.0,0.0
1360,161.279987318235,0.0,0.0
1361,161.35717456572382,0.0,0.0
1362,161.41096594240457,0.0,0.0
1363,161.5356217621563,0.0,0.0
1364,161.6704797071326,0.0,0.0
1365,161.78062904832288,0.0,0.0
1366,161.8709741912542,0.0,0.0
1367,161.92991221983124,0.0,0.0
1368,161.97131301244013,0.0,0.0
1369,161.99893445445338,0.0,0.0
1370,162.01988290670621,0.0,0.0
1371,162.03699083497966,0.0,0.0
1372,162.04461793885733,0.0,0.0
1373,162.05591126308215,0.0,0.0
1374,162.06525505873694,0.0,0.0
1375,162.117673053567,0.0,0.0
1376,162.1773783277668,0.0,0.0
1377,162.2572177682951,0.0,0.0
1378,162.34831171730255,0.0,0.0
1379,162.417608039664,0.0,0.0
1380,162.48309021432385,0.0,0.0
1381,162.5428192799318,0.0,0.0
1382,162.60798335422575,0.0,0.0
1383,162.67930336884834,0.0,0.0
1384,162.78925631254396,0.0,0.0
1385,162.8938807531662,0.0,0.0
1386,162.9740269184245,0.0,0.0
1387,163.23240424278666,0.0,0.0
1388,163.42016754507583,0.0,0.0
1389,163.53142126957502,0.0,0.0
1390,163.68452127088315,0.0,0.0
1391,163.7875752920121,0.0,0.0
1392,163.8471361427847,0.0,0.0
1393,163.87382463226973,0.0,0.0
1394,163.89579749437186,0.0,0.0
1395,163.91182087396612,0.0,0.0
1396,163.92495816803137,0.0,0.0
1397,163.9329394270461,0.0,0.0
1398,163.94234348306432,0.0,0.0
1399,163.98635549603898,0.0,0.0
1400,164.07998007535284,0.0,0.0
1401,164.16017070985484,0.0,0.0
1402,164.22069765054658,0.0,0.0
1403,164.28910915266906,0.0,0.0
1404,164.32755483716747,0.0,0.0
1405,164.45757538075458,0.0,0.0
1406,164.54226311944169,0.0,0.0
1407,164.6181126593759,0.0,0.0
1408,164.69984755633908,0.0,0.0
1409,164.81247126435247,0.0,0.0
1410,164.90161736326436,0.0,0.0
1411,165.0536283973508,0.0,0.0
1412,165.14481620620046,0.0,0.0
1413,165.21675880385553,0.0,0.0
1414,165.28313037375858,0.0,0.0
1415,165.33773752220844,0.0,0.0
1416,165.36318338118357,0.0,0.0
1417,165.3830313013566,0.0,0.0
1418,165.3986098981089,0.0,0.0
1419,165.4118204140099,0.0,0.0
1420,165.42034709345702,0.0,0.0
1421,165.42309237807171,0.0,0.0
1422,165.43386655773324,0.0,0.0
1423,165.48102388679268,0.0,0.0
1424,165.5286450696877,0.0,0.0
1425,165.56582208247167,0.0,0.0
1426,165.66315686875248,0.0,0.0
1427,165.70918403929733,0.0,0.0
1428,165.78745494385078,0.0,0.0
1429,165.8130647984507,0.0,0.0
1430,165.87197700486945,0.0,0.0
1431,165.9260184389883,0.0,0.0
1432,165.96278789622482,0.0,0.0
1433,165.985730243632,0.0,0.0
1434,166.01816755316005,0.0,0.0
1435,166.11512781161468,0.0,0.0
1436,166.14862331515909,0.0,0.0
1437,166.19333822820164,0.0,0.0
1438,166.25648986468997,0.0,0.0
1439,166.30121659756648,0.0,0.0
1440,166.3279082715993,0.0,0.0
1441,166.35249489133292,0.0,0.0
1442,166.3695299466884,0.0,0.0
1443,166.38190913553282,0.0,0.0
1444,166.39551456153228,0.0,0.0
1445,166.4074470899419,0.0,0.0
1446,166.42189581169447,0.0,0.0
1447,166.45461765610054,0.0,0.0
1448,166.574687747989,0.0,0.0
1449,166.69891365919025,0.0,0.0
1450,166.70069897279743,0.0,0.0
1451,166.69266599428838,0.0,0.0
1452,166.67832607534277,0.0,0.0
1453,166.6598368636354,0.0,0.0
1454,166.64376366159306,0.0,0.0
1455,166.63972645242427,0.0,0.0
1456,166.6662390364942,0.0,0.0
1457,166.69560747946926,0.0,0.0
1458,166.74938265637982,0.0,0.0
1459,166.81485677394411,0.0,0.0
1460,166.8713108116881,0.0,0.0
1461,166.9380096509881,0.0,0.0
1462,167.031511897753,0.0,0.0
1463,167.07853887692252,0.0,0.0
1464,167.10427720155644,0.0,0.0
1465,167.1209159998158,0.0,0.0
1466,167.13787359641398,0.0,0.0
1467,167.1621364846234,0.0,0.0
1468,167.18082635903286,0.0,0.0
1469,167.18809456313707,0.0,0.0
1470,167.20039830170452,0.0,0.0
1471,167.25272090736985,0.0,0.0
1472,167.29094410316688,0.0,0.0
1473,167.32344033278568,0.0,0.0
1474,167.42769989198976,0.0,0.0
1475,167.92824682992563,0.0,0.0
1476,168.44339322566248,0.0,0.0
1477,168.58297699931165,0.0,0.0
1478,168.88116945181838,0.0,0.0
1479,169.14824101270332,0.0,0.0
1480,169.2581622097648,0.0,0.0
1481,169.33087403184567,0.0,0.0
1482,169.40143524408086,0.0,0.0
1483,169.48145695935472,0.0,0.0
1484,169.54845997802624,0.0,0.0
1485,169.68251719683062,0.0,0.0
1486,169.79684717452628,0.0,0.0
1487,169.8541231794055,0.0,0.0
1488,169.9077533624305,0.0,0.0
1489,169.93315166928824,0.0,0.0
1490,169.94947081050807,0.0,0.0
1491,169.96544986379234,0.0,0.0
1492,169.97163183296215,0.0,0.0
1493,169.98622568172465,0.0,0.0
1494,170.00824591166344,0.0,0.0
1495,170.04137812151333,0.0,0.0
1496,170.04088636481217,0.0,0.0
1497,170.1118677888029,0.0,0.0
1498,170.14273506040698,0.0,0.0
1499,170.13950649873635,0.0,0.0
1500,170.16619702162893,0.0,0.0
1501,170.23858048887416,0.0,0.0
1502,170.26621076654942,0.0,0.0
1503,170.3191455525932,0.0,0.0
1504,170.38556784084605,0.0,0.0
1505,170.50551862964957,0.0,0.0
1506,170.58358387343026,0.0,0.0
1507,170.71326309223986,0.0,0.0
1508,170.85895382370379,0.0,0.0
1509,170.97505127361472,0.0,0.0
1510,171.08879200036978,0.0,0.0
1511,171.14558816238704,0.0,0.0
1512,171.19211271607773,0.0,0.0
1513,171.21382025486517,0.0,0.0
1514,171.23233731745654,0.0,0.0
1515,171.24549217942035,0.0,0.0
1516,171.2559289555698,0.0,0.0
1517,171.27819742401076,0.0,0.0
1518,171.2926169828522,0.0,0.0
1519,171.3649111144234,0.0,0.0
1520,171.43046424711474,0.0,0.0
1521,171.55500060382985,0.0,0.0
1522,171.66341110363726,0.0,0.0
1523,171.77274673455545,0.0,0.0
1524,171.86506309729631,0.0,0.0
1525,172.01637423192295,0.0,0.0
1526,172.1946351000166,0.0,0.0
1527,172.35920163096011,0.0,0.0
1528,172.59104273014913,0.0,0.0
1529,172.68730223958494,0.0,0.0
1530,172.87062845723082,0.0,0.0
1531,173.0354322307201,0.0,0.0
1532,173.2033464128552,0.0,0.0
1533,173.3644013006285,0.0,0.0
1534,173.50067376342193,0.0,0.0
1535,173.568858280995,0.0,0.0
1536,173.62942123034313,0.0,0.0
1537,173.67810432909107,0.0,0.0
1538,173.7258178676553,0.0,0.0
1539,173.7610309942708,0.0,0.0
1540,173.78499689925502,0.0,0.0
1541,173.8152337422304,0.0,0.0
1542,173.8749381438895,0.0,0.0
1543,174.34605656569036,0.0,0.0
1544,174.82532813624059,0.0,0.0
1545,175.03361030964962,0.0,0.0
1546,175.4147186237699,0.0,0.0
1547,175.71142587053643,0.0,0.0
1548,175.7280726782626,0.0,0.0
1549,175.72519064430892,0.0,0.0
1550,175.84367691828987,0.0,0.0
1551,176.55099361188908,0.0,0.0
1552,177.268737305481,0.0,0.0
1553,177.55763753331294,0.0,0.0
1554,177.69908362146606,0.0,0.0
1555,177.88876279454587,0.0,0.0
1556,178.01534252392267,0.0,0.0
1557,178.11277916731544,0.0,0.0
1558,178.19743193043732,0.0,0.0
1559,178.29825330175066,0.0,0.0
1560,178.334670956384,0.0,0.0
1561,178.36000678261453,0.0,0.0
1562,178.39054880330917,0.0,0.0
1563,178.40363020486055,0.0,0.0
1564,178.40025293161315,0.0,0.0
1565,178.39729911563188,0.0,0.0
1566,178.41662008683284,0.0,0.0
1567,178.88443101867188,0.0,0.0
1568,179.6256538787079,0.0,0.0
1569,180.34836110552257,0.0,0.0
1570,181.18450103597445,0.0,0.0
1571,181.88499680015187,0.0,0.0
1572,182.18334310208192,0.0,0.0
1573,182.26703947526588,0.0,0.0
1574,182.34022514614605,0.0,0.0
1575,182.4472270114692,0.0,0.0
1576,182.53402846970883,0.0,0.0
1577,182.63545169733976,0.0,0.0
1578,182.73327652697986,0.0,0.0
1579,182.83937752170937,0.0,0.0
1580,182.93948698837966,0.0,0.0
1581,183.05051140533385,0.0,0.0
1582,183.14073184221678,0.0,0.0
1583,183.20396598907786,0.0,0.0
1584,183.24053673123476,0.0,0.0
1585,183.26038137328294,0.0,0.0
1586,183.28935856753645,0.0,0.0
1587,183.31123830601442,0.0,0.0
1588,183.30935515490847,0.0,0.0
1589,183.303505170663,0.0,0.0
1590,183.3085484640572,0.0,0.0
1591,183.50414931539586,0.0,0.0
1592,183.6150726212626,0.0,0.0
1593,183.76676435308084,0.0,0.0
1594,183.9090065636707,0.0,0.0
1595,183.94613223875012,0.0,0.0
1596,183.94346518316732,0.0,0.0
1597,183.94161298228494,0.0,0.0
1598,183.96793553463738,0.0,0.0
1599,183.99136468202877,0.0,0.0
1600,184.01380082150203,0.0,0.0
1601,184.09046987378935,0.0,0.0
1602,184.16868338755336,0.0,0.0
1603,184.31079688367552,0.0,0.0
1604,184.44280710854454,0.0,0.0
1605,184.55145576347704,0.0,0.0
1606,184.65380611720843,0.0,0.0
1607,184.7200071672035,0.0,0.0
1608,184.75077734666692,0.0,0.0
1609,184.77062084037829,0.0,0.0
1610,184.7948651767635,0.0,0.0
1611,184.80546338532275,0.0,0.0
1612,184.81143454680537,0.0,0.0
1613,184.82551190495937,0.0,0.0
1614,184.8534801879365,0.0,0.0
1615,184.90868413496236,0.0,0.0
1616,184.95684467002027,0.0,0.0
1617,185.01532599787598,0.0,0.0
1618,185.0781852831617,0.0,0.0
1619,185.0956541652193,0.0,0.0
1620,185.0970888273276,0.0,0.0
1621,185.09226884995627,0.0,0.0
1622,185.918485943243,0.0,0.0
1623,186.42809394765598,0.0,0.0
1624,186.7292890523812,0.0,0.0
1625,186.95668397043437,0.0,0.0
1626,187.16283742778793,0.0,0.0
1627,187.35180992551724,0.0,0.0
1628,187.56009054732027,0.0,0.0
1629,187.70801802735116,0.0,0.0
1630,187.83673940282725,0.0,0.0
1631,187.91766794383855,0.0,0.0
1632,187.97298079535474,0.0,0.0
1633,188.00159973328962,0.0,0.0
1634,188.0207908005637,0.0,0.0
1635,188.0312726165931,0.0,0.0
1636,188.04466431738237,0.0,0.0
1637,188.0579192403641,0.0,0.0
1638,188.07075119035812,0.0,0.0
1639,188.14375624139356,0.0,0.0
1640,188.21115867204395,0.0,0.0
1641,188.31815980055325,0.0,0.0
1642,188.5103400314472,0.0,0.0
1643,188.58339171241047,0.0,0.0
1644,189.0836478401149,0.0,0.0
1645,189.33324673249683,0.0,0.0
1646,189.42552955688046,0.0,0.0
1647,189.49402222108213,0.0,0.0
1648,189.55010506319547,0.0,0.0
1649,189.62056320412864,0.0,0.0
1650,189.70366803487653,0.0,0.0
1651,189.79726445161623,0.0,0.0
1652,189.95157735222656,0.0,0.0
1653,190.0696369368358,0.0,0.0
1654,190.1721918332631,0.0,0.0
1655,190.25213259838011,0.0,0.0
1656,190.31167143214228,0.0,0.0
1657,190.3372345012673,0.0,0.0
1658,190.36685886237575,0.0,0.0
1659,190.38887578502263,0.0,0.0
1660,190.4012831800048,0.0,0.0
1661,190.42555161582052,0.0,0.0
1662,190.4424643754273,0.0,0.0
1663,190.50997028967794,0.0,0.0
1664,190.63269166281816,0.0,0.0
1665,191.14396858255,0.0,0.0
1666,191.6943798691431,0.0,0.0
1667,192.00895994249072,0.0,0.0
1668,192.19171555392106,0.0,0.0
1669,192.26613253620394,0.0,0.0
1670,192.32866226042967,0.0,0.0
1671,192.40641541156435,0.0,0.0
1672,192.50682380148567,0.0,0.0
1673,192.5937731191433,0.0,0.0
1674,192.67319708477882,0.0,0.0
1675,192.77569455701283,0.0,0.0
1676,192.86874780751873,0.0,0.0
1677,192.95831695223376,0.0,0.0
1678,193.0595083230677,0.0,0.0
1679,193.1041865273612,0.0,0.0
1680,193.14204473688835,0.0,0.0
1681,193.1644293906987,0.0,0.0
1682,193.18037138258802,0.0,0.0
1683,193.19425079698652,0.0,0.0
1684,193.2164343738294,0.0,0.0
1685,193.22089826502966,0.0,0.0
1686,193.22553986959988,0.0,0.0
1687,193.25774858381294,0.0,0.0
1688,193.33269549919092,0.0,0.0
1689,193.55702804913486,0.0,0.0
1690,193.73564251386145,0.0,0.0
1691,193.90131533721873,0.0,0.0
1692,194.08531551432668,0.0,0.0
1693,194.23698843920744,0.0,0.0
1694,194.36175830809816,0.0,0.0
1695,194.49492426803545,0.0,0.0
1696,194.6082493496445,0.0,0.0
1697,194.80148332126907,0.0,0.0
1698,194.94038007412615,0.0,0.0
1699,195.06809525438925,0.0,0.0
1700,195.25752221476785,0.0,0.0
1701,195.37369971774066,0.0,0.0
1702,195.4620963210553,0.0,0.0
1703,195.51745287691364,0.0,0.0
1704,195.5544148075113,0.0,0.0
1705,195.5769874691675,0.0,0.0
1706,195.59613622485503,0.0,0.0
1707,195.60777865641802,0.0,0.0
1708,195.61923062241897,0.0,0.0
1709,195.6426497314787,0.0,0.0
1710,195.6495885249881,0.0,0.0
1711,195.69667202516627,0.0,0.0
1712,195.76255358353268,0.0,0.0
1713,195.81606886360075,0.0,0.0
1714,196.40360693107036,0.0,0.0
1715,196.94708649418124,0.0,0.0
1716,197.18224157472284,0.0,0.0
1717,197.35349477199088,0.0,0.0
1718,197.52133261688095,0.0,0.0
1719,197.71891770445708,0.0,0.0
1720,197.9135372628196,0.0,0.0
1721,198.0116916188786,0.0,0.0
1722,198.0970233652196,0.0,0.0
1723,198.1937471845948,0.0,0.0
1724,198.3784327079545,0.0,0.0
1725,198.55090568587272,0.0,0.0
1726,198.62720208004205,0.0,0.0
1727,198.685807314004,0.0,0.0
1728,198.71696971859808,0.0,0.0
1729,198.73846128750802,0.0,0.0
1730,198.75437149543467,0.0,0.0
1731,198.76596795798392,0.0,0.0
1732,198.77735024289527,0.0,0.0
1733,198.80168015918275,0.0,0.0
1734,198.81968523735844,0.0,0.0
1735,198.84667610418364,0.0,0.0
1736,198.8743963585721,0.0,0.0
1737,199.01981375289148,0.0,0.0
1738,199.08038189132648,0.0,0.0
1739,199.10685899514996,0.0,0.0
1740,199.09757593420514,0.0,0.0
1741,199.08874685328178,0.0,0.0
1742,199.08265257889457,0.0,0.0
1743,199.11400215495922,0.0,0.0
1744,199.16684226352038,0.0,0.0
1745,199.26313487438983,0.0,0.0
1746,199.3858317417419,0.0,0.0
1747,199.50946610906723,0.0,0.0
1748,199.634324142788,0.0,0.0
1749,199.73937487779833,0.0,0.0
1750,199.82764471503697,0.0,0.0
1751,199.89703936909973,0.0,0.0
1752,199.94398326365723,0.0,0.0
1753,199.99075461774342,0.0,0.0
1754,200.01736085116048,0.0,0.0
1755,200.0560205995866,0.0,0.0
1756,200.07853813462,0.0,0.0
1757,200.1066613907541,0.0,0.0
1758,200.13174919482015,0.0,0.0
1759,200.18099236060698,0.0,0.0
1760,200.2283091128223,0.0,0.0
1761,200.2669681626937,0.0,0.0
1762,200.2584731780906,0.0,0.0
1763,200.2527995905191,0.0,0.0
1764,200.24328028160417,0.0,0.0
1765,200.23250431115073,0.0,0.0
1766,200.24347084674082,0.0,0.0
1767,200.23921059704554,0.0,0.0
1768,200.3776373992253,0.0,0.0
1769,200.78038619882068,0.0,0.0
1770,201.007433904204,0.0,0.0
1771,201.17398079867417,0.0,0.0
1772,201.29551392341884,0.0,0.0
1773,201.40971468792418,0.0,0.0
1774,201.52608591499077,0.0,0.0
1775,201.61346667987658,0.0,0.0
1776,201.66995809206188,0.0,0.0
1777,201.7164925621958,0.0,0.0
1778,201.74434679524617,0.0,0.0
1779,201.7811300739616,0.0,0.0
1780,201.8046771568974,0.0,0.0
1781,201.83070357471394,0.0,0.0
1782,201.85743519516467,0.0,0.0
1783,202.22865876170698,0.0,0.0
1784,202.90011049960137,0.0,0.0
1785,203.69043494095564,0.0,0.0
1786,204.52821698916915,0.0,0.0
1787,205.200047905615,0.0,0.0
1788,205.428990119736,0.0,0.0
1789,205.42793603671032,0.0,0.0
1790,205.42303845350597,0.0,0.0
1791,205.4206934500797,0.0,0.0
1792,205.45469755088627,0.0,0.0
1793,205.5729979325695,0.0,0.0
1794,205.72366123361866,0.0,0.0
1795,205.81603637843548,0.0,0.0
1796,205.93241825502378,0.0,0.0
1797,206.0275466324673,0.0,0.0
1798,206.13608251993764,0.0,0.0
1799,206.19454646140326,0.0,0.0
1800,206.24085188754876,0.0,0.0
1801,206.2677627550179,0.0,0.0
1802,206.29694633540163,0.0,0.0
1803,206.31603059416315,0.0,0.0
1804,206.31542166502106,0.0,0.0
1805,206.31044026377643,0.0,0.0
1806,206.30951606647614,0.0,0.0
1807,206.32829675067785,0.0,0.0
1808,206.61010754379313,0.0,0.0
1809,207.25212431574937,0.0,0.0
1810,208.09839414092013,0.0,0.0
1811,208.49993002424424,0.0,0.0
1812,208.69706959888947,0.0,0.0
1813,208.73291472396724,0.0,0.0
1814,208.7308385732991,0.0,0.0
1815,208.73457758725797,0.0,0.0
1816,208.74640762384155,0.0,0.0
1817,208.75161010479368,0.0,0.0
1818,208.79018087276066,0.0,0.0
1819,208.8499424342406,0.0,0.0
1820,208.9223806135679,0.0,0.0
1821,209.00592066093813,0.0,0.0
1822,209.0821571027265,0.0,0.0
1823,209.13548055261023,0.0,0.0
1824,209.1619633515136,0.0,0.0
1825,209.18057427143444,0.0,0.0
1826,209.19453080753763,0.0,0.0
1827,209.21537519449515,0.0,0.0
1828,209.23152186126796,0.0,0.0
1829,209.2359349840747,0.0,0.0
1830,209.25355688588272,0.0,0.0
1831,209.2564754862223,0.0,0.0
1832,209.34335436342846,0.0,0.0
1833,209.4755639888283,0.0,0.0
1834,209.51152179739458,0.0,0.0
1835,210.1083932812448,0.0,0.0
1836,210.3281360818981,0.0,0.0
1837,210.81327529103896,0.0,0.0
1838,210.90078222787204,0.0,0.0
1839,210.9526879736991,0.0,0.0
1840,210.9840043851744,0.0,0.0
1841,211.00207473604632,0.0,0.0
1842,211.0374499322355,0.0,0.0
1843,211.0821367372172,0.0,0.0
1844,211.15678994196912,0.0,0.0
1845,211.20447218756416,0.0,0.0
1846,211.26469627691583,0.0,0.0
1847,211.29654004819713,0.0,0.0
1848,211.3144215401631,0.0,0.0
1849,211.33442682433073,0.0,0.0
1850,211.34856759763397,0.0,0.0
1851,211.3633859298961,0.0,0.0
1852,211.37336807206722,0.0,0.0
1853,211.3797945072474,0.0,0.0
1854,211.40647021832544,0.0,0.0
1855,211.4060565948574,0.0,0.0
1856,211.39435936423482,0.0,0.0
1857,211.60597954078924,0.0,0.0
1858,211.59674344008067,0.0,0.0
1859,211.57800895124362,0.0,0.0
1860,211.56670082281013,0.0,0.0
1861,212.09049523717968,0.0,0.0
1862,212.9578931877383,0.0,0.0
1863,213.72932889540922,0.0,0.0
1864,213.94931820865264,0.0,0.0
1865,214.04984065952166,0.0,0.0
1866,214.1100292502092,0.0,0.0
1867,214.22948393668406,0.0,0.0
1868,214.34000234111744,0.0,0.0
1869,214.4259477240443,0.0,0.0
1870,214.48500296780534,0.0,0.0
1871,214.53331785284382,0.0,0.0
1872,214.56621367715815,0.0,0.0
1873,214.58426137214985,0.0,0.0
1874,214.59699947726384,0.0,0.0
1875,214.61014603267762,0.0,0.0
1876,214.62732770802992,0.0,0.0
1877,214.6495134442811,0.0,0.0
1878,214.64860539239066,0.0,0.0
1879,214.65185484656405,0.0,0.0
1880,214.66151013963358,0.0,0.0
1881,214.64361271995708,0.0,0.0
1882,214.70126794198484,0.0,0.0
1883,215.04405379375336,0.0,0.0
1884,215.69116845057874,0.0,0.0
1885,216.0245237250589,0.0,0.0
1886,216.06978007951864,0.0,0.0
1887,216.09176531463746,0.0,0.0
1888,216.09018823966767,0.0,0.0
1889,216.09949590525582,0.0,0.0
1890,216.152694586533,0.0,0.0
1891,216.23798328008374,0.0,0.0
1892,216.29661556038837,0.0,0.0
1893,216.355184707984,0.0,0.0
1894,216.40556684197645,0.0,0.0
1895,216.45657668195696,0.0,0.0
1896,216.48916467401085,0.0,0.0
1897,216.5066369364859,0.0,0.0
1898,216.52180919937797,0.0,0.0
1899,216.5327277490612,0.0,0.0
1900,216.54083574498486,0.0,0.0
1901,216.56028602105928,0.0,0.0
1902,216.6221852793202,0.0,0.0
1903,216.65637381180565,0.0,0.0
1904,216.66037575898946,0.0,0.0
1905,216.6506073883019,0.0,0.0
1906,216.65995501776882,0.0,0.0
1907,216.67787056429586,0.0,0.0
1908,216.6649365383362,0.0,0.0
1909,216.6461128873766,0.0,0.0
1910,216.62434667794767,0.0,0.0
1911,216.61258023989927,0.0,0.0
1912,216.6120830260743,0.0,0.0
1913,216.64717606429082,0.0,0.0
1914,216.7025323571753,0.0,0.0
1915,216.75142879621328,0.0,0.0
1916,216.812453892027,0.0,0.0
1917,216.86904995269182,0.0,0.0
1918,216.91407319384447,0.0,0.0
1919,216.95594573091321,0.0,0.0
1920,216.9804699309214,0.0,0.0
1921,216.99953942675765,0.0,0.0
1922,217.01534910249399,0.0,0.0
1923,217.02468462094743,0.0,0.0
1924,217.0352495375928,0.0,0.0
1925,217.04525334399156,0.0,0.0
1926,217.09535019746858,0.0,0.0
1927,217.09502333852404,0.0,0.0
1928,217.09275858313947,0.0,0.0
1929,217.07992986336265,0.0,0.0
1930,217.06394600126677,0.0,0.0
1931,217.04399794733354,0.0,0.0
1932,217.01521328847292,0.0,0.0
1933,216.98376566618353,0.0,0.0
1934,216.9493778745393,0.0,0.0
1935,216.93130406179895,0.0,0.0
1936,216.9221624243287,0.0,0.0
1937,216.92069698498602,0.0,0.0
1938,216.9571820522309,0.0,0.0
1939,216.99932503435298,0.0,0.0
1940,217.05218071210598,0.0,0.0
1941,217.1025761313681,0.0,0.0
1942,217.15205695688158,0.0,0.0
1943,217.18015685803505,0.0,0.0
1944,217.1976096073743,0.0,0.0
1945,217.21330421798314,0.0,0.0
1946,217.2273904809225,0.0,0.0
1947,217.23611480675464,0.0,0.0
1948,217.24280866177534,0.0,0.0
1949,217.25811961400046,0.0,0.0
1950,217.29258435029996,0.0,0.0
1951,217.30594633570823,0.0,0.0
1952,217.3031828719927,0.0,0.0
1953,217.28825201652288,0.0,0.0
1954,217.26437491720733,0.0,0.0
1955,217.23272546831743,0.0,0.0
1956,217.1991334381384,0.0,0.0
1957,217.16631758266578,0.0,0.0
1958,217.39061173874543,0.0,0.0
1959,217.79930812066542,0.0,0.0
1960,217.83958917514826,0.0,0.0
1961,217.85307394759718,0.0,0.0
1962,217.89039350980707,0.0,0.0
1963,217.92228234852323,0.0,0.0
1964,217.9556857046832,0.0,0.0
1965,217.99343030404773,0.0,0.0
1966,218.0247042794117,0.0,0.0
1967,218.06039931161698,0.0,0.0
1968,218.0799358900665,0.0,0.0
1969,218.0988642947675,0.0,0.0
1970,218.11214987984988,0.0,0.0
1971,218.1204274687484,0.0,0.0
1972,218.1262002278894,0.0,0.0
1973,218.1357580576236,0.0,0.0
1974,218.15127403396633,0.0,0.0
1975,218.1609716128192,0.0,0.0
1976,218.157296056109,0.0,0.0
1977,218.14335839306057,0.0,0.0
1978,218.12066688609542,0.0,0.0
1979,218.1114683960202,0.0,0.0
1980,218.31859476312835,0.0,0.0
1981,218.3105427706175,0.0,0.0
1982,218.29378151767025,0.0,0.0
1983,218.6689339521318,0.0,0.0
1984,218.6786258299889,0.0,0.0
1985,218.68154480545982,0.0,0.0
1986,218.70083618100188,0.0,0.0
1987,218.723105660468,0.0,0.0
1988,218.74581672569204,0.0,0.0
1989,218.78131052101216,0.0,0.0
1990,218.81856309900962,0.0,0.0
1991,218.84853040687554,0.0,0.0
1992,218.87308212066694,0.0,0.0
1993,218.8922189424918,0.0,0.0
1994,218.90505901875704,0.0,0.0
1995,218.91674824239422,0.0,0.0
1996,218.92444337122086,0.0,0.0
1997,218.935982178728,0.0,0.0
1998,218.95344495395304,0.0,0.0
1999,218.97688994331807,0.0,0.0
2000,218.97345382790954,0.0,0.0
2001,218.9664277375855,0.0,0.0
2002,218.94745772090914,0.0,0.0
2003,218.92265337434938,0.0,0.0
2004,218.896018617785,0.0,0.0
2005,218.86787510217118,0.0,0.0
2006,218.85286785285982,0.0,0.0
2007,218.83650298872365,0.0,0.0
2008,218.82801989505273,0.0,0.0
2009,218.82203673947802,0.0,0.0
2010,218.82234066086286,0.0,0.0
2011,218.8463862455935,0.0,0.0
2012,218.87650697300202,0.0,0.0
2013,218.9048526372769,0.0,0.0
2014,218.9469291977779,0.0,0.0
2015,218.9833585287831,0.0,0.0
2016,219.0084765003091,0.0,0.0
2017,219.02994847972124,0.0,0.0
2018,219.04235106808514,0.0,0.0
2019,219.05539061111037,0.0,0.0
2020,219.06655445961783,0.0,0.0
2021,219.07869893003038,0.0,0.0
2022,219.09050721713987,0.0,0.0
2023,219.0936621373566,0.0,0.0
2024,219.08750440618803,0.0,0.0
2025,219.09411151670767,0.0,0.0
2026,219.92692231801675,0.0,0.0
2027,220.481863155393,0.0,0.0
2028,220.69617646271115,0.0,0.0
2029,220.68582396209487,0.0,0.0
2030,220.6655925318689,0.0,0.0
2031,220.6512704848134,0.0,0.0
2032,220.64991427288126,0.0,0.0
2033,220.65444904335047,0.0,0.0
2034,220.6840388827237,0.0,0.0
2035,220.71609037900384,0.0,0.0
2036,220.75538191698288,0.0,0.0
2037,220.80377102342456,0.0,0.0
2038,220.8663034000357,0.0,0.0
2039,220.9298206974106,0.0,0.0
2040,220.97453959931457,0.0,0.0
2041,221.0088634293401,0.0,0.0
2042,221.02652829368205,0.0,0.0
2043,221.039866769079,0.0,0.0
2044,221.05201366498144,0.0,0.0
2045,221.08911894801037,0.0,0.0
2046,221.1113243999696,0.0,0.0
2047,221.10985980812592,0.0,0.0
2048,221.1051898611172,0.0,0.0
2049,221.15083195795967,0.0,0.0
2050,221.18549236798498,0.0,0.0
2051,221.17324246616832,0.0,0.0
2052,221.15276837803194,0.0,0.0
2053,221.12399119515604,0.0,0.0
2054,221.0940143431928,0.0,0.0
2055,221.07257015342358,0.0,0.0
2056,221.06420902095326,0.0,0.0
2057,221.1014154289899,0.0,0.0
2058,221.11810078568797,0.0,0.0
2059,221.15305645385567,0.0,0.0
2060,221.20347816606724,0.0,0.0
2061,221.24917969422157,0.0,0.0
2062,221.3017758018028,0.0,0.0
2063,221.3760787102464,0.0,0.0
2064,221.42266326783707,0.0,0.0
2065,221.45807825245282,0.0,0.0
2066,221.47853502659376,0.0,0.0
2067,221.49276532749158,0.0,0.0
2068,221.50280335929898,0.0,0.0
2069,221.5110210690708,0.0,0.0
2070,221.72283637389657,0.0,0.0
2071,221.94315667721767,0.0,0.0
2072,222.00693447560172,0.0,0.0
2073,222.03733324190793,0.0,0.0
2074,222.0573708189279,0.0,0.0
2075,222.04834549266332,0.0,0.0
2076,222.03171898303424,0.0,0.0
2077,222.0045732416771,0.0,0.0
2078,221.97710434921075,0.0,0.0
2079,221.9547711003815,0.0,0.0
2080,221.95187369381438,0.0,0.0
2081,222.1874373035669,0.0,0.0
2082,222.2358711088424,0.0,0.0
2083,222.28756176684504,0.0,0.0
2084,222.3454036449493,0.0,0.0
2085,222.39490875106688,0.0,0.0
2086,222.44985976574353,0.0,0.0
2087,222.52535664734842,0.0,0.0
2088,222.5590503421641,0.0,0.0
2089,222.59890154872485,0.0,0.0
2090,222.62193915731848,0.0,0.0
2091,222.6215789304677,0.0,0.0
2092,222.62048035131943,0.0,0.0
2093,222.63045002184268,0.0,0.0
2094,222.65054159094242,0.0,0.0
2095,222.90534561861608,0.0,0.0
2096,223.58404181111118,0.0,0.0
2097,224.09197417378294,0.0,0.0
2098,225.11549783993388,0.0,0.0
2099,226.06379344485012,0.0,0.0
2100,226.55523178014548,0.0,0.0
2101,226.66472132732378,0.0,0.0
2102,226.713435408688,0.0,0.0
2103,226.73452329537105,0.0,0.0
2104,226.77922671119998,0.0,0.0
2105,226.79674330493017,0.0,0.0
2106,226.81903721620054,0.0,0.0
2107,226.84361728027298,0.0,0.0
2108,226.87424561440582,0.0,0.0
2109,226.91287739873275,0.0,0.0
2110,226.9534649192274,0.0,0.0
2111,227.0024184090027,0.0,0.0
2112,227.03338727725202,0.0,0.0
2113,227.05839078256278,0.0,0.0
2114,227.08386103113716,0.0,0.0
2115,227.11247978712885,0.0,0.0
2116,227.11228097925127,0.0,0.0
2117,227.10815214066892,0.0,0.0
2118,227.10682601512332,0.0,0.0
2119,227.10989945476584,0.0,0.0
2120,227.10348524507532,0.0,0.0
2121,227.1975168010278,0.0,0.0
2122,227.7447714421343,0.0,0.0
2123,228.16735616709198,0.0,0.0
2124,228.29279187042144,0.0,0.0
2125,228.32225579501457,0.0,0.0
2126,228.3215045006302,0.0,0.0
2127,228.46699858223465,0.0,0.0
2128,228.7627581576894,0.0,0.0
2129,228.822352076534,0.0,0.0
2130,228.87322043420374,0.0,0.0
2131,228.90443711243094,0.0,0.0
2132,228.93717274099205,0.0,0.0
2133,228.97509410669437,0.0,0.0
2134,229.01444851089397,0.0,0.0
2135,229.04027778185917,0.0,0.0
2136,229.07296463598587,0.0,0.0
2137,229.08942517267567,0.0,0.0
2138,229.10448172002063,0.0,0.0
2139,229.11645937595682,0.0,0.0
2140,229.12748656598959,0.0,0.0
2141,229.15248459965284,0.0,0.0
2142,229.16344540563918,0.0,0.0
2143,229.16107069532924,0.0,0.0
2144,229.16096532324406,0.0,0.0
2145,229.20184559812932,0.0,0.0
2146,229.22805841978348,0.0,0.0
2147,229.28737955422088,0.0,0.0
2148,229.44136932554454,0.0,0.0
2149,229.98031576734803,0.0,0.0
2150,230.33231107890796,0.0,0.0
2151,230.35256612252914,0.0,0.0
2152,230.3932842038731,0.0,0.0
2153,230.4141301022007,0.0,0.0
2154,230.42265588877936,0.0,0.0
2155,230.45859505852678,0.0,0.0
2156,230.50205207275474,0.0,0.0
2157,230.60749580975937,0.0,0.0
2158,230.67253966581578,0.0,0.0
2159,230.7698306225775,0.0,0.0
2160,230.89104024058685,0.0,0.0
2161,230.94568293816002,0.0,0.0
2162,230.9716690044084,0.0,0.0
2163,230.99322474456108,0.0,0.0
2164,231.00875771726393,0.0,0.0
2165,231.0137812754337,0.0,0.0
2166,231.03441278918697,0.0,0.0
2167,231.16821696356402,0.0,0.0
2168,231.77390993936498,0.0,0.0
2169,232.41728016705054,0.0,0.0
2170,232.50080080712863,0.0,0.0
2171,232.49206581159333,0.0,0.0
2172,232.48227175256085,0.0,0.0
2173,232.51791301766102,0.0,0.0
2174,233.0016633608369,0.0,0.0
2175,233.56767928595426,0.0,0.0
2176,234.14561776833844,0.0,0.0
2177,234.30745275836102,0.0,0.0
2178,234.41519030894935,0.0,0.0
2179,234.46548857436292,0.0,0.0
2180,234.50050157714296,0.0,0.0
2181,234.56306430091604,0.0,0.0
2182,234.610807008953,0.0,0.0
2183,234.66440372504093,0.0,0.0
2184,234.70633532995214,0.0,0.0
2185,234.72639121158102,0.0,0.0
2186,234.74653086770576,0.0,0.0
2187,234.77466301432986,0.0,0.0
2188,234.78347417667885,0.0,0.0
2189,234.7802579740773,0.0,0.0
2190,234.7725055222913,0.0,0.0
2191,234.81826664625498,0.0,0.0
2192,234.9008739698095,0.0,0.0
2193,234.9714685190422,0.0,0.0
2194,235.31169319387462,0.0,0.0
2195,235.3935726795283,0.0,0.0
2196,235.38652061447598,0.0,0.0
2197,235.40620356092424,0.0,0.0
2198,235.47761512057514,0.0,0.0
2199,235.57658379217506,0.0,0.0
2200,235.63912159159275,0.0,0.0
2201,235.678755241602,0.0,0.0
2202,235.73450806243594,0.0,0.0
2203,235.77211199590073,0.0,0.0
2204,235.80909005598036,0.0,0.0
2205,235.88399967296633,0.0,0.0
2206,235.95863800404078,0.0,0.0
2207,236.0346811390693,0.0,0.0
2208,236.08461589051683,0.0,0.0
2209,236.12083203090467,0.0,0.0
2210,236.13922485943013,0.0,0.0
2211,236.15558265018268,0.0,0.0
2212,236.16798515350757,0.0,0.0
2213,236.18279007411033,0.0,0.0
2214,236.1994903004415,0.0,0.0
2215,236.20369990677352,0.0,0.0
2216,236.21657030980106,0.0,0.0
2217,236.29804107224155,0.0,0.0
2218,236.8817492101139,0.0,0.0
2219,236.98266800136318,0.0,0.0
2220,236.98800295143528,0.0,0.0
2221,237.02980904699044,0.0,0.0
2222,237.02992652824295,0.0,0.0
2223,237.02975781401312,0.0,0.0
2224,237.07004804029367,0.0,0.0
2225,237.10024851272536,0.0,0.0
2226,237.15491355264183,0.0,0.0
2227,237.19106358545253,0.0,0.0
2228,237.24475407046543,0.0,0.0
2229,237.3016908060687,0.0,0.0
2230,237.37298151858204,0.0,0.0
2231,237.42160230713978,0.0,0.0
2232,237.46612793491337,0.0,0.0
2233,237.50233048300456,0.0,0.0
2234,237.52412784931622,0.0,0.0
2235,237.53984495431482,0.0,0.0
2236,237.5567482189857,0.0,0.0
2237,237.58062646573845,0.0,0.0
2238,237.6000827153742,0.0,0.0
2239,237.59800467822728,0.0,0.0
2240,237.65803942239992,0.0,0.0
2241,237.79736703890578,0.0,0.0
2242,237.7988391959222,0.0,0.0
2243,237.7986804312294,0.0,0.0
2244,237.79549339353582,0.0,0.0
2245,237.83153243212482,0.0,0.0
2246,237.8979877552477,0.0,0.0
2247,237.935615080502,0.0,0.0
2248,238.05048337458396,0.0,0.0
2249,238.1240806113732,0.0,0.0
2250,238.183412438837,0.0,0.0
2251,238.22945651201405,0.0,0.0
2252,238.2897269457278,0.0,0.0
2253,238.35436708088642,0.0,0.0
2254,238.41918849320655,0.0,0.0
2255,238.47953569138863,0.0,0.0
2256,238.53104335123177,0.0,0.0
2257,238.56914927006025,0.0,0.0
2258,238.58838949300548,0.0,0.0
2259,238.60801305476696,0.0,0.0
2260,238.62187210833983,0.0,0.0
2261,238.62945520286956,0.0,0.0
2262,238.6347673854696,0.0,0.0
2263,238.65926200387628,0.0,0.0
2264,238.71606871752576,0.0,0.0
2265,238.76766210718523,0.0,0.0
2266,238.77933018467255,0.0,0.0
2267,238.77821911141913,0.0,0.0
2268,238.78490455142065,0.0,0.0
2269,238.78103355136395,0.0,0.0
2270,238.84978164556756,0.0,0.0
2271,238.87159845281928,0.0,0.0
2272,238.91669035819646,0.0,0.0
2273,238.949900520501,0.0,0.0
2274,238.9917249889752,0.0,0.0
2275,239.04556805909667,0.0,0.0
2276,239.10035253783008,0.0,0.0
2277,239.15827674756002,0.0,0.0
2278,239.22291256983831,0.0,0.0
2279,239.29391331908477,0.0,0.0
2280,239.34907990968276,0.0,0.0
2281,239.38666722788727,0.0,0.0
2282,239.40911741958172,0.0,0.0
2283,239.4257733485021,0.0,0.0
2284,239.44092899226885,0.0,0.0
2285,239.44609318370516,0.0,0.0
2286,239.4564975907792,0.0,0.0
2287,239.46824991274102,0.0,0.0
2288,239.48935921701596,0.0,0.0
2289,239.49075257521662,0.0,0.0
2290,239.48538501785444,0.0,0.0
2291,239.47820315307072,0.0,0.0
2292,239.46563681272107,0.0,0.0
2293,239.45510092757223,0.0,0.0
2294,239.44592361271947,0.0,0.0
2295,239.44595636444686,0.0,0.0
2296,239.43755045738743,0.0,0.0
2297,239.43071692848986,0.0,0.0
2298,239.45057909421632,0.0,0.0
2299,239.49222118110632,0.0,0.0
2300,239.52582894463126,0.0,0.0
2301,239.57418689676553,0.0,0.0
2302,239.62801579397112,0.0,0.0
2303,239.67178820265178,0.0,0.0
2304,239.70999074211807,0.0,0.0
2305,239.7344712119399,0.0,0.0
2306,239.7503788159843,0.0,0.0
2307,239.76097210322337,0.0,0.0
2308,239.7728325886071,0.0,0.0
2309,239.78309850177442,0.0,0.0
2310,239.7962924856566,0.0,0.0
2311,239.79812867424243,0.0,0.0
2312,239.79730542058923,0.0,0.0
2313,239.79893028019418,0.0,0.0
2314,239.781974201669,0.0,0.0
2315,239.76517082769732,0.0,0.0
2316,239.74724016638677,0.0,0.0
2317,239.7303649470198,0.0,0.0
2318,239.71343921213864,0.0,0.0
2319,239.69493941414106,0.0,0.0
2320,239.68404471651783,0.0,0.0
2321,239.67652004397274,0.0,0.0
2322,239.67024752946438,0.0,0.0
2323,239.67110608687435,0.0,0.0
2324,239.67983859201624,0.0,0.0
2325,239.77047997571376,0.0,0.0
2326,239.8084967244503,0.0,0.0
2327,239.86280843889222,0.0,0.0
2328,239.9756893494785,0.0,0.0
2329,240.02610129028272,0.0,0.0
2330,240.04851725404993,0.0,0.0
2331,240.06839233337737,0.0,0.0
2332,240.08409542915444,0.0,0.0
2333,240.09450376108524,0.0,0.0
2334,240.10976692041552,0.0,0.0
2335,240.12524878731116,0.0,0.0
2336,240.13074953951002,0.0,0.0
2337,240.1712087740001,0.0,0.0
2338,240.154873487924,0.0,0.0
2339,240.3374658483114,0.0,0.0
2340,240.31205644825306,0.0,0.0
2341,240.2958354103882,0.0,0.0
2342,240.2733103392872,0.0,0.0
2343,240.2467423540619,0.0,0.0
2344,240.24304714935337,0.0,0.0
2345,240.23577297666122,0.0,0.0
2346,240.2428307431406,0.0,0.0
2347,240.25465512215368,0.0,0.0
2348,240.27187497631738,0.0,0.0
2349,240.32364639795338,0.0,0.0
2350,240.36411562765,0.0,0.0
2351,240.4138100491953,0.0,0.0
2352,240.44266641133834,0.0,0.0
2353,240.48115244416675,0.0,0.0
2354,240.50020090282302,0.0,0.0
2355,240.51698601809838,0.0,0.0
2356,240.5313428840738,0.0,0.0
2357,240.53970867284977,0.0,0.0
2358,240.55316277551822,0.0,0.0
2359,240.57218959812647,0.0,0.0
2360,240.6603014941937,0.0,0.0
2361,241.2964508617132,0.0,0.0
2362,241.91376991639095,0.0,0.0
2363,242.25668562460845,0.0,0.0
2364,242.43943751292394,0.0,0.0
2365,242.50138822243326,0.0,0.0
2366,242.50433753837544,0.0,0.0
2367,242.50340366201354,0.0,0.0
2368,242.51772059090146,0.0,0.0
2369,242.55243775753738,0.0,0.0
2370,242.62826762141157,0.0,0.0
2371,242.67661667945285,0.0,0.0
2372,242.7196947507606,0.0,0.0
2373,242.77522691370382,0.0,0.0
2374,242.8319861584774,0.0,0.0
2375,242.90005456345602,0.0,0.0
2376,242.94537944046337,0.0,0.0
2377,242.99382474738914,0.0,0.0
2378,243.01823607713894,0.0,0.0
2379,243.03933081642634,0.0,0.0
2380,243.07299481746568,0.0,0.0
2381,243.08167412948575,0.0,0.0
2382,243.07711557228265,0.0,0.0
2383,243.07043972598834,0.0,0.0
2384,243.10549739307586,0.0,0.0
2385,243.75827584652234,0.0,0.0
2386,244.5318958719732,0.0,0.0
2387,244.871187967963,0.0,0.0
2388,244.98879308759098,0.0,0.0
2389,245.00373346833504,0.0,0.0
2390,245.22996433534107,0.0,0.0
2391,245.80516134773524,0.0,0.0
2392,245.97028593634786,0.0,0.0
2393,246.01229117573166,0.0,0.0
2394,246.04905402018267,0.0,0.0
2395,246.121615773266,0.0,0.0
2396,246.1797981126756,0.0,0.0
2397,246.26928188276082,0.0,0.0
2398,246.37094480577375,0.0,0.0
2399,246.4351243381083,0.0,0.0
2400,246.48472505788092,0.0,0.0
2401,246.5234337491993,0.0,0.0
2402,246.54624061482986,0.0,0.0
2403,246.56385462839108,0.0,0.0
2404,246.59909201767178,0.0,0.0
2405,246.61329673433767,0.0,0.0
2406,246.61069213678087,0.0,0.0
2407,246.60398679868604,0.0,0.0
2408,246.6672008841153,0.0,0.0
2409,246.82045424850185,0.0,0.0
2410,246.83755413254775,0.0,0.0
2411,246.83179590536142,0.0,0.0
2412,246.8169240409676,0.0,0.0
2413,246.8012435048639,0.0,0.0
2414,246.8109856904594,0.0,0.0
2415,246.80230516260534,0.0,0.0
2416,246.83738226633517,0.0,0.0
2417,246.8473299778581,0.0,0.0
2418,246.85031794627957,0.0,0.0
2419,246.88281441256,0.0,0.0
2420,246.93712104248326,0.0,0.0
2421,247.0000450254917,0.0,0.0
2422,247.06427464281438,0.0,0.0
2423,247.1243270413594,0.0,0.0
2424,247.1673457723573,0.0,0.0
2425,247.20096553370163,0.0,0.0
2426,247.22144508822552,0.0,0.0
2427,247.2368434649115,0.0,0.0
2428,247.24998756242803,0.0,0.0
2429,247.25320327528843,0.0,0.0
2430,247.25953695392263,0.0,0.0
2431,247.28623816404829,0.0,0.0
2432,247.31282779999594,0.0,0.0
2433,247.5757085240779,0.0,0.0
2434,248.2955984626982,0.0,0.0
2435,249.2852320243237,0.0,0.0
2436,250.31734521282632,0.0,0.0
2437,251.11090099389952,0.0,0.0
2438,251.330542540684,0.0,0.0
2439,251.36965374518996,0.0,0.0
2440,251.41824114598907,0.0,0.0
2441,251.46774043486795,0.0,0.0
2442,251.50322718074048,0.0,0.0
2443,251.55532321718226,0.0,0.0
2444,251.60467769497947,0.0,0.0
2445,251.63807026192592,0.0,0.0
2446,251.68566181136583,0.0,0.0
2447,251.82042474852364,0.0,0.0
2448,251.88681292451622,0.0,0.0
2449,251.9326985369134,0.0,0.0
2450,251.9554262541138,0.0,0.0
2451,251.97435478700206,0.0,0.0
2452,251.99356767959057,0.0,0.0
2453,252.01468051255972,0.0,0.0
2454,252.01948470986693,0.0,0.0
2455,252.01383163240624,0.0,0.0
2456,252.0109582273232,0.0,0.0
2457,252.00478981814007,0.0,0.0
2458,252.00170017504166,0.0,0.0
2459,251.99676583745298,0.0,0.0
2460,251.98208729737422,0.0,0.0
2461,251.9521502707183,0.0,0.0
2462,251.93188627848718,0.0,0.0
2463,251.9058897416557,0.0,0.0
2464,251.89602485149877,0.0,0.0
2465,251.89103901079827,0.0,0.0
2466,251.88842619061222,0.0,0.0
2467,251.91524870786603,0.0,0.0
2468,251.93181575687493,0.0,0.0
2469,251.9607613481737,0.0,0.0
2470,252.02471363015954,0.0,0.0
2471,252.0836315119494,0.0,0.0
2472,252.12661882907355,0.0,0.0
2473,252.15643244650545,0.0,0.0
2474,252.17239222334044,0.0,0.0
2475,252.1872785203672,0.0,0.0
2476,252.19862600397056,0.0,0.0
2477,252.20352455656922,0.0,0.0
2478,252.21858406489594,0.0,0.0
2479,252.22932439202276,0.0,0.0
2480,252.22831597515838,0.0,0.0
2481,252.22521330300648,0.0,0.0
2482,252.25951765981353,0.0,0.0
2483,252.23505794045187,0.0,0.0
2484,252.20535921806882,0.0,0.0
2485,252.17277301140516,0.0,0.0
2486,252.15018401782802,0.0,0.0
2487,252.1300075290795,0.0,0.0
2488,252.12842127671777,0.0,0.0
2489,252.16727461400507,0.0,0.0
2490,252.1674691221307,0.0,0.0
2491,252.1741678526716,0.0,0.0
2492,252.18600586762543,0.0,0.0
2493,252.19889282167705,0.0,0.0
2494,252.22005717854896,0.0,0.0
2495,252.24484730487498,0.0,0.0
2496,252.27112189053477,0.0,0.0
2497,252.2967942109242,0.0,0.0
2498,252.31202911341788,0.0,0.0
2499,252.32039833016873,0.0,0.0
2500,252.33268442046943,0.0,0.0
2501,252.3488981399129,0.0,0.0
2502,252.36151686279345,0.0,0.0
2503,252.38011716529158,0.0,0.0
2504,252.39493997675706,0.0,0.0
2505,252.3898581964482,0.0,0.0
2506,252.37338387592814,0.0,0.0
2507,252.64939849035363,0.0,0.0
2508,253.0415549281467,0.0,0.0
2509,253.52955986028184,0.0,0.0
2510,254.00995956764615,0.0,0.0
2511,254.20642612544034,0.0,0.0
2512,254.2514744624714,0.0,0.0
2513,254.25852191083948,0.0,0.0
2514,254.2575559815985,0.0,0.0
2515,254.28137704021762,0.0,0.0
2516,254.31226671985885,0.0,0.0
2517,254.34117853660504,0.0,0.0
2518,254.37485197635795,0.0,0.0
2519,254.39643668790677,0.0,0.0
2520,254.4255494358128,0.0,0.0
2521,254.45162100776383,0.0,0.0
2522,254.4684457786961,0.0,0.0
2523,254.48367203996892,0.0,0.0
2524,254.4935256897598,0.0,0.0
2525,254.5008180170653,0.0,0.0
2526,254.5236356000372,0.0,0.0
2527,254.54475998877993,0.0,0.0
2528,254.5375367709816,0.0,0.0
2529,254.52054955219396,0.0,0.0
2530,254.49082079211587,0.0,0.0
2531,254.45624000932642,0.0,0.0
2532,254.42744307640695,0.0,0.0
2533,254.98293014393997,0.0,0.0
2534,255.19811030525574,0.0,0.0
2535,255.72219746682285,0.0,0.0
2536,256.18800857026474,0.0,0.0
2537,256.2775259535832,0.0,0.0
2538,256.31414851019485,0.0,0.0
2539,256.3579549387395,0.0,0.0
2540,256.3950308605592,0.0,0.0
2541,256.4266333039026,0.0,0.0
2542,256.4702590307861,0.0,0.0
2543,256.4986579522279,0.0,0.0
2544,256.5262377628298,0.0,0.0
2545,256.55115418819446,0.0,0.0
2546,256.5657071951186,0.0,0.0
2547,256.5749446057025,0.0,0.0
2548,256.58649682940734,0.0,0.0
2549,256.59471598438694,0.0,0.0
2550,256.6091591776811,0.0,0.0
2551,256.6270381334534,0.0,0.0
2552,256.6351391888923,0.0,0.0
2553,256.6263188984046,0.0,0.0
2554,256.68832193680896,0.0,0.0
2555,257.127298818755,0.0,0.0
2556,257.5122174576864,0.0,0.0
2557,257.61566984796383,0.0,0.0
2558,257.6092635801052,0.0,0.0
2559,257.593245983733,0.0,0.0
2560,257.5822435745908,0.0,0.0
2561,257.57269602804803,0.0,0.0
2562,257.56611678758753,0.0,0.0
2563,257.57178448825425,0.0,0.0
2564,257.5864461965224,0.0,0.0
2565,257.605243745561,0.0,0.0
2566,257.63010531434,0.0,0.0
2567,257.65326272753083,0.0,0.0
2568,257.67495358926146,0.0,0.0
2569,257.7005931229332,0.0,0.0
2570,257.7187397231459,0.0,0.0
2571,257.73037107051465,0.0,0.0
2572,257.74541609984175,0.0,0.0
2573,257.7596297004403,0.0,0.0
2574,257.7824037461799,0.0,0.0
2575,257.79555689177454,0.0,0.0
2576,257.7877634877157,0.0,0.0
2577,257.77700256844406,0.0,0.0
2578,257.76600811285624,0.0,0.0
2579,257.7593547722996,0.0,0.0
2580,257.7417717887345,0.0,0.0
2581,257.7038272302992,0.0,0.0
2582,257.6690616712868,0.0,0.0
2583,257.63426441212704,0.0,0.0
2584,257.6105561568181,0.0,0.0
2585,257.5927925230983,0.0,0.0
2586,257.5842700220017,0.0,0.0
2587,257.5831642257967,0.0,0.0
2588,257.5936038681839,0.0,0.0
2589,257.60488933824587,0.0,0.0
2590,257.62297296086115,0.0,0.0
2591,257.64789665910047,0.0,0.0
2592,257.6705302702865,0.0,0.0
2593,257.68320884164126,0.0,0.0
2594,257.69737600466124,0.0,0.0
2595,257.70620178008545,0.0,0.0
2596,257.71910086616896,0.0,0.0
2597,257.7270802309174,0.0,0.0
2598,257.74091940279294,0.0,0.0
2599,257.75563507046917,0.0,0.0
2600,257.75060741041835,0.0,0.0
2601,257.7400680359811,0.0,0.0
2602,257.7151726272973,0.0,0.0
2603,257.6839003026031,0.0,0.0
2604,257.65222764929433,0.0,0.0
2605,257.61881800217293,0.0,0.0
2606,257.5896886795531,0.0,0.0
2607,257.56247149329164,0.0,0.0
2608,257.54572742914394,0.0,0.0
2609,257.532641032572,0.0,0.0
2610,257.5241054056496,0.0,0.0
2611,257.5268244072536,0.0,0.0
2612,257.53583849508425,0.0,0.0
2613,257.54821525853146,0.0,0.0
2614,257.56999155314776,0.0,0.0
2615,257.59495863215983,0.0,0.0
2616,257.6158491288604,0.0,0.0
2617,257.635865496956,0.0,0.0
2618,257.6507209592892,0.0,0.0
2619,257.66065819417264,0.0,0.0
2620,257.67160149307324,0.0,0.0
2621,257.67798248326955,0.0,0.0
2622,257.6930440150835,0.0,0.0
2623,257.6951361850307,0.0,0.0
2624,257.6911241966652,0.0,0.0
2625,257.68380380757844,0.0,0.0
2626,257.68129152341623,0.0,0.0
2627,258.1479949089995,0.0,0.0
2628,258.575426890479,0.0,0.0
2629,258.7354332857808,0.0,0.0
2630,258.74317065819343,0.0,0.0
2631,258.8028420518791,0.0,0.0
2632,259.0027330004044,0.0,0.0
2633,259.00171862648415,0.0,0.0
2634,258.99879365509844,0.0,0.0
2635,259.01499869709284,0.0,0.0
2636,259.03096167110454,0.0,0.0
2637,259.0450806678599,0.0,0.0
2638,259.0653625660238,0.0,0.0
2639,259.08869343043773,0.0,0.0
2640,259.1130799116879,0.0,0.0
2641,259.13864365033993,0.0,0.0
2642,259.15260171394914,0.0,0.0
2643,259.164096536963,0.0,0.0
2644,259.17507565237594,0.0,0.0
2645,259.19219932947516,0.0,0.0
2646,259.21702058385534,0.0,0.0
2647,259.2392162993396,0.0,0.0
2648,259.2598453870184,0.0,0.0
2649,259.2426232940162,0.0,0.0
2650,259.2215706738316,0.0,0.0
2651,259.19860245092684,0.0,0.0
2652,259.1768702173538,0.0,0.0
2653,259.8271541105059,0.0,0.0
2654,260.06409173880144,0.0,0.0
2655,260.09833117269864,0.0,0.0
2656,260.09393905721925,0.0,0.0
2657,260.08804297968953,0.0,0.0
2658,260.0809987413853,0.0,0.0
2659,260.08719136771634,0.0,0.0
2660,260.0981774677622,0.0,0.0
2661,260.1109838897546,0.0,0.0
2662,260.13596596748374,0.0,0.0
2663,260.15765989770796,0.0,0.0
2664,260.18033851596346,0.0,0.0
2665,260.19776587910684,0.0,0.0
2666,260.21004708449294,0.0,0.0
2667,260.2215741522158,0.0,0.0
2668,260.23487795103387,0.0,0.0
2669,260.2384815168592,0.0,0.0
2670,260.2534554864512,0.0,0.0
2671,260.34128189850844,0.0,0.0
2672,260.34866358383397,0.0,0.0
2673,260.34727558277575,0.0,0.0
2674,260.32312494841585,0.0,0.0
2675,260.30702915729006,0.0,0.0
2676,260.5382676660449,0.0,0.0
2677,261.0748408486987,0.0,0.0
2678,261.5605809204835,0.0,0.0
2679,261.7237504153362,0.0,0.0
2680,261.7211136850139,0.0,0.0
2681,261.71658453307754,0.0,0.0
2682,261.71512209533245,0.0,0.0
2683,261.7405684749278,0.0,0.0
2684,261.75531874336093,0.0,0.0
2685,261.7736304722907,0.0,0.0
2686,261.7938975170051,0.0,0.0
2687,261.82730870040945,0.0,0.0
2688,261.85117589762444,0.0,0.0
2689,261.8724758946632,0.0,0.0
2690,261.88767707744034,0.0,0.0
2691,261.89924105248036,0.0,0.0
2692,261.907193847008,0.0,0.0
2693,261.91847349380816,0.0,0.0
2694,261.9370472350245,0.0,0.0
2695,261.9715946990139,0.0,0.0
2696,261.96847778833967,0.0,0.0
2697,261.95258374667185,0.0,0.0
2698,261.922357931183,0.0,0.0
2699,261.8827220087952,0.0,0.0
2700,261.8496361310814,0.0,0.0
2701,262.3883125857681,0.0,0.0
2702,262.5770656191773,0.0,0.0
2703,263.1304766064596,0.0,0.0
2704,263.55783421462564,0.0,0.0
2705,263.67312389288776,0.0,0.0
2706,263.717529399081,0.0,0.0
2707,263.8142980238077,0.0,0.0
2708,263.8686766327016,0.0,0.0
2709,263.92736239647996,0.0,0.0
2710,263.9838826516063,0.0,0.0
2711,264.03824615175847,0.0,0.0
2712,264.07184940121937,0.0,0.0
2713,264.09209640961865,0.0,0.0
2714,264.10682642545544,0.0,0.0
2715,264.11534567943716,0.0,0.0
2716,264.1249454538166,0.0,0.0
2717,264.1337899797259,0.0,0.0
2718,264.1471565470503,0.0,0.0
2719,264.16251864261255,0.0,0.0
2720,264.19139048726174,0.0,0.0
2721,264.20954499014937,0.0,0.0
2722,264.3336647803669,0.0,0.0
2723,264.8475959511923,0.0,0.0
2724,265.2773882618223,0.0,0.0
2725,265.37622866669204,0.0,0.0
2726,265.37045077013136,0.0,0.0
2727,265.35283535084494,0.0,0.0
2728,265.3431766753525,0.0,0.0
2729,265.3334505028571,0.0,0.0
2730,265.32866358226187,0.0,0.0
2731,265.33039927919367,0.0,0.0
2732,265.35471692547236,0.0,0.0
2733,265.3820393457183,0.0,0.0
2734,265.4225191847528,0.0,0.0
2735,265.47204724748974,0.0,0.0
2736,265.5229458394213,0.0,0.0
2737,265.56503290758826,0.0,0.0
2738,265.5922876333283,0.0,0.0
2739,265.60703774053786,0.0,0.0
2740,265.62047102959025,0.0,0.0
2741,265.63367146005004,0.0,0.0
2742,265.65581788299886,0.0,0.0
2743,265.6618200305526,0.0,0.0
2744,265.649081805989,0.0,0.0
2745,265.6318076366116,0.0,0.0
2746,265.6115130012255,0.0,0.0
2747,265.588970037432,0.0,0.0
2748,265.55472486490936,0.0,0.0
2749,265.5192381392559,0.0,0.0
2750,265.4912652822678,0.0,0.0
2751,265.46451435206444,0.0,0.0
2752,265.44604768434016,0.0,0.0
2753,265.43459920218817,0.0,0.0
2754,265.4265977775677,0.0,0.0
2755,265.46519905342865,0.0,0.0
2756,265.50890356975697,0.0,0.0
2757,265.53060094836144,0.0,0.0
2758,265.56273861995004,0.0,0.0
2759,265.6091855000892,0.0,0.0
2760,265.6498205084266,0.0,0.0
2761,265.67614454491934,0.0,0.0
2762,265.6939380360314,0.0,0.0
2763,265.70538719719593,0.0,0.0
2764,265.7173607242625,0.0,0.0
2765,265.72457071486406,0.0,0.0
2766,265.73929791350344,0.0,0.0
2767,265.73910265213635,0.0,0.0
2768,265.75824346641764,0.0,0.0
2769,265.81027107047476,0.0,0.0
2770,265.79624638670003,0.0,0.0
2771,265.7788833213112,0.0,0.0
2772,265.7585189679811,0.0,0.0
2773,265.7255416874324,0.0,0.0
2774,265.69952247487436,0.0,0.0
2775,265.67563974471943,0.0,0.0
2776,265.6568988582527,0.0,0.0
2777,265.64241771667764,0.0,0.0
2778,265.6418423379857,0.0,0.0
2779,265.6981969051808,0.0,0.0
2780,265.7220435495593,0.0,0.0
2781,265.7562614444753,0.0,0.0
2782,265.8032545936799,0.0,0.0
2783,265.8442106191366,0.0,0.0
2784,265.8751331987142,0.0,0.0
2785,265.8928317482978,0.0,0.0
2786,265.9084536704063,0.0,0.0
2787,265.9268549957878,0.0,0.0
2788,265.94089277860024,0.0,0.0
2789,265.9479218662036,0.0,0.0
2790,265.95618376430053,0.0,0.0
2791,265.96963895759427,0.0,0.0
2792,265.96453354251923,0.0,0.0
2793,265.9560487924394,0.0,0.0
2794,265.9436828786594,0.0,0.0
2795,265.9329877411903,0.0,0.0
2796,266.40230995945836,0.0,0.0
2797,267.05503058825803,0.0,0.0
2798,267.4956987251974,0.0,0.0
2799,267.6399365257019,0.0,0.0
2800,267.65485618500946,0.0,0.0
2801,267.6565598203809,0.0,0.0
2802,267.65827107825265,0.0,0.0
2803,267.6823964715822,0.0,0.0
2804,267.7032149624725,0.0,0.0
2805,267.7556512402102,0.0,0.0
2806,267.80751424497066,0.0,0.0
2807,267.8544393645954,0.0,0.0
2808,267.8958720460308,0.0,0.0
2809,267.912522902745,0.0,0.0
2810,267.92940068943835,0.0,0.0
2811,267.93841578613393,0.0,0.0
2812,267.9532910267876,0.0,0.0
2813,267.96780105817606,0.0,0.0
2814,267.98565016452636,0.0,0.0
2815,268.0288681440109,0.0,0.0
2816,268.0304166632869,0.0,0.0
2817,268.015853026238,0.0,0.0
2818,267.9835608689014,0.0,0.0
2819,267.95184398246374,0.0,0.0
2820,267.92635092944727,0.0,0.0
2821,267.90319793783914,0.0,0.0
2822,267.87723710178784,0.0,0.0
2823,267.84853736989896,0.0,0.0
2824,267.8296502240847,0.0,0.0
2825,267.8175993221704,0.0,0.0
2826,267.8130940554472,0.0,0.0
2827,267.8334665210917,0.0,0.0
2828,267.86440430084,0.0,0.0
2829,267.88985423843917,0.0,0.0
2830,267.9671977295476,0.0,0.0
2831,268.0268862957622,0.0,0.0
2832,268.0782155688593,0.0,0.0
2833,268.10449964527146,0.0,0.0
2834,268.1239711831699,0.0,0.0
2835,268.1384177173324,0.0,0.0
2836,268.1494086368491,0.0,0.0
2837,268.15583158148826,0.0,0.0
2838,268.17123591425207,0.0,0.0
2839,268.18693924312066,0.0,0.0
2840,268.18406200702486,0.0,0.0
2841,268.54210347140224,0.0,0.0
2842,268.54190324012075,0.0,0.0
2843,268.5267377543686,0.0,0.0
2844,268.50688447364894,0.0,0.0
2845,268.49764945823676,0.0,0.0
2846,268.4818028171451,0.0,0.0
2847,268.4602718892163,0.0,0.0
2848,268.44913057755093,0.0,0.0
2849,268.4428516106981,0.0,0.0
2850,268.43737082550825,0.0,0.0
2851,268.45298636945313,0.0,0.0
2852,268.4729007617708,0.0,0.0
2853,268.49792018401047,0.0,0.0
2854,268.5398054643402,0.0,0.0
2855,268.5883142374347,0.0,0.0
2856,268.62743879225,0.0,0.0
2857,268.6533367984534,0.0,0.0
2858,268.6705653299735,0.0,0.0
2859,268.68094955677077,0.0,0.0
2860,268.7056125444532,0.0,0.0
2861,268.7228459803021,0.0,0.0
2862,268.7205666266427,0.0,0.0
2863,268.735207859738,0.0,0.0
2864,268.75124093300246,0.0,0.0
2865,268.7558278428544,0.0,0.0
2866,268.75024144733266,0.0,0.0
2867,268.73965120373765,0.0,0.0
2868,268.7244627046533,0.0,0.0
2869,268.6940268720398,0.0,0.0
2870,268.66730494056685,0.0,0.0
2871,268.6377283580251,0.0,0.0
2872,268.61946233435486,0.0,0.0
2873,268.6077172532979,0.0,0.0
2874,268.60425876351957,0.0,0.0
2875,268.61978496783456,0.0,0.0
2876,268.6723934190618,0.0,0.0
2877,268.70906091948666,0.0,0.0
2878,268.74210994656653,0.0,0.0
2879,268.78736656396165,0.0,0.0
2880,268.8263023807319,0.0,0.0
2881,268.86300634754866,0.0,0.0
2882,268.8837162043362,0.0,0.0
2883,268.8945376480507,0.0,0.0
2884,268.9105122253893,0.0,0.0
2885,268.92057500079574,0.0,0.0
2886,268.9348101181095,0.0,0.0
2887,268.9573163105956,0.0,0.0
2888,268.95486483091156,0.0,0.0
2889,268.94791350247385,0.0,0.0
2890,268.9287200950063,0.0,0.0
2891,268.9044273653835,0.0,0.0
2892,268.8724405039864,0.0,0.0
2893,268.86090645589746,0.0,0.0
2894,268.82854097067445,0.0,0.0
2895,268.79778309805863,0.0,0.0
2896,268.7913022160205,0.0,0.0
2897,268.7827016013812,0.0,0.0
2898,268.77982583352724,0.0,0.0
2899,268.8268735118447,0.0,0.0
2900,268.86000985560565,0.0,0.0
2901,268.90550420145104,0.0,0.0
2902,268.95462988323095,0.0,0.0
2903,268.9982581500363,0.0,0.0
2904,269.04448762533525,0.0,0.0
2905,269.07585119683677,0.0,0.0
2906,269.09499967875524,0.0,0.0
2907,269.109362944835,0.0,0.0
2908,269.12465285785896,0.0,0.0
2909,269.1324461943811,0.0,0.0
2910,269.147978854616,0.0,0.0
2911,269.1661690844695,0.0,0.0
2912,269.17042489576914,0.0,0.0
2913,269.1636203625885,0.0,0.0
2914,269.36267054014115,0.0,0.0
2915,269.92102793263695,0.0,0.0
2916,269.92017683286105,0.0,0.0
2917,270.2348905129115,0.0,0.0
2918,270.2934483082932,0.0,0.0
2919,270.27827866173857,0.0,0.0
2920,270.26973658590884,0.0,0.0
2921,270.2629420567529,0.0,0.0
2922,270.26198385295186,0.0,0.0
2923,270.2885302383964,0.0,0.0
2924,270.324856252377,0.0,0.0
2925,270.3553475482817,0.0,0.0
2926,270.39635431628983,0.0,0.0
2927,270.44890412400736,0.0,0.0
2928,270.48473425508814,0.0,0.0
2929,270.5066701011038,0.0,0.0
2930,270.5251238964168,0.0,0.0
2931,270.53641877776636,0.0,0.0
2932,270.5511813822443,0.0,0.0
2933,270.56712196501724,0.0,0.0
2934,270.58932296237936,0.0,0.0
2935,270.6056058651763,0.0,0.0
2936,270.6600114862703,0.0,0.0
2937,270.8603148133172,0.0,0.0
2938,271.50613446110106,0.0,0.0
2939,271.64952503207394,0.0,0.0
2940,271.7006060037674,0.0,0.0
2941,271.6866205007403,0.0,0.0
2942,271.6711575655465,0.0,0.0
2943,271.6541654192562,0.0,0.0
2944,271.6530619976767,0.0,0.0
2945,271.65077195293406,0.0,0.0
2946,271.652065499091,0.0,0.0
2947,271.6742603355177,0.0,0.0
2948,271.69954973208513,0.0,0.0
2949,271.7275535324551,0.0,0.0
2950,271.7665549449562,0.0,0.0
2951,271.8061832950394,0.0,0.0
2952,271.8437012812537,0.0,0.0
2953,271.86966817717615,0.0,0.0
2954,271.8890970165887,0.0,0.0
2955,271.9066922658654,0.0,0.0
2956,271.9231515668418,0.0,0.0
2957,271.9377346467519,0.0,0.0
2958,271.94311615797295,0.0,0.0
2959,271.93601739527355,0.0,0.0
2960,271.93330190251214,0.0,0.0
2961,271.95768656949684,0.0,0.0
2962,271.93854820670725,0.0,0.0
2963,271.9134476297068,0.0,0.0
2964,271.8774950298359,0.0,0.0
2965,271.8432343004296,0.0,0.0
2966,271.81681009597526,0.0,0.0
2967,271.7956319289664,0.0,0.0
2968,271.7863273051466,0.0,0.0
2969,271.7831315097659,0.0,0.0
2970,271.78214653859374,0.0,0.0
2971,271.8024974718812,0.0,0.0
2972,271.8236500209212,0.0,0.0
2973,271.8632229649942,0.0,0.0
2974,271.91110233807115,0.0,0.0
2975,271.97609305013873,0.0,0.0
2976,272.0285133357061,0.0,0.0
2977,272.060288170614,0.0,0.0
2978,272.0768023451232,0.0,0.0
2979,272.0915616168661,0.0,0.0
2980,272.10496196948395,0.0,0.0
2981,272.1137118650753,0.0,0.0
2982,272.124947090052,0.0,0.0
2983,272.1419875843312,0.0,0.0
2984,272.202886625793,0.0,0.0
2985,272.2751846903963,0.0,0.0
2986,272.34788579798976,0.0,0.0
2987,273.1869420555304,0.0,0.0
2988,273.62499844299793,0.0,0.0
2989,273.809578250987,0.0,0.0
2990,273.92760405650927,0.0,0.0
2991,274.1232280093194,0.0,0.0
2992,274.76659590355746,0.0,0.0
2993,275.22875509886006,0.0,0.0
2994,275.37041379813945,0.0,0.0
2995,275.44946190102024,0.0,0.0
2996,275.50094709222304,0.0,0.0
2997,275.5337085724435,0.0,0.0
2998,275.5717689289786,0.0,0.0
2999,275.6170989728956,0.0,0.0
3000,275.658815578728,0.0,0.0
3001,275.6878435616515,0.0,0.0
3002,275.70440237134363,0.0,0.0
3003,275.7223409189921,0.0,0.0
3004,275.73589876496027,0.0,0.0
3005,275.7436403483127,0.0,0.0
3006,275.7799910559008,0.0,0.0
3007,275.8006204165074,0.0,0.0
3008,275.7910418363499,0.0,0.0
3009,275.829167175964,0.0,0.0
3010,275.8289835268277,0.0,0.0
3011,276.055791250911,0.0,0.0
3012,276.045761945091,0.0,0.0
3013,276.0392764658288,0.0,0.0
3014,276.0474824013337,0.0,0.0
3015,276.0596325749244,0.0,0.0
3016,276.3535748249862,0.0,0.0
3017,276.59150769903084,0.0,0.0
3018,276.66418315777435,0.0,0.0
3019,276.72316764096394,0.0,0.0
3020,276.77910554950705,0.0,0.0
3021,276.8205647977014,0.0,0.0
3022,276.8674833310993,0.0,0.0
3023,276.9165309405111,0.0,0.0
3024,276.9567841281438,0.0,0.0
3025,276.98329380250175,0.0,0.0
3026,276.9999916967427,0.0,0.0
3027,277.0146883345465,0.0,0.0
3028,277.0283817984787,0.0,0.0
3029,277.03863792019814,0.0,0.0
3030,277.05225060108916,0.0,0.0
3031,277.5882889704288,0.0,0.0
3032,278.01868517926715,0.0,0.0
3033,278.1427890429681,0.0,0.0
3034,278.2134250434222,0.0,0.0
3035,278.2389856969605,0.0,0.0
3036,278.24051712950376,0.0,0.0
3037,278.2327393393964,0.0,0.0
3038,278.22628278361685,0.0,0.0
3039,278.22082802287076,0.0,0.0
3040,278.2121979288103,0.0,0.0
3041,278.2050429682395,0.0,0.0
3042,278.20138512675277,0.0,0.0
3043,278.22162532995173,0.0,0.0
3044,278.27711807262665,0.0,0.0
3045,278.31526027419903,0.0,0.0
3046,278.34899736902804,0.0,0.0
3047,278.3946093462606,0.0,0.0
3048,278.43214128272535,0.0,0.0
3049,278.4726838343095,0.0,0.0
3050,278.52171295746973,0.0,0.0
3051,278.538950791238,0.0,0.0
3052,278.53537793870487,0.0,0.0
3053,278.53135626927036,0.0,0.0
3054,278.55318789388957,0.0,0.0
3055,278.5826794984114,0.0,0.0
3056,278.5815554217254,0.0,0.0
3057,278.58108023647765,0.0,0.0
3058,278.5687021299135,0.0,0.0
3059,278.54066885260687,0.0,0.0
3060,278.5052344652321,0.0,0.0
3061,278.48468968664093,0.0,0.0
3062,278.6466084290973,0.0,0.0
3063,278.62856628086723,0.0,0.0
3064,278.622347386089,0.0,0.0
3065,278.61445110482236,0.0,0.0
3066,278.60987825265914,0.0,0.0
3067,278.62530609259335,0.0,0.0
3068,278.6437635508188,0.0,0.0
3069,278.718227901341,0.0,0.0
3070,278.75239074594765,0.0,0.0
3071,278.77928877950274,0.0,0.0
3072,278.8044023761223,0.0,0.0
3073,278.81935390157594,0.0,0.0
3074,278.8316733551669,0.0,0.0
3075,278.8448269156189,0.0,0.0
3076,278.85859760643007,0.0,0.0
3077,278.86737206587793,0.0,0.0
3078,278.87721878088263,0.0,0.0
3079,278.88380293237617,0.0,0.0
3080,278.8800842977599,0.0,0.0
3081,278.8751387549425,0.0,0.0
3082,278.86064153900185,0.0,0.0
3083,278.8460463868655,0.0,0.0
3084,278.8353109707982,0.0,0.0
3085,278.8170584456602,0.0,0.0
3086,278.8002404358281,0.0,0.0
3087,278.7923344671166,0.0,0.0
3088,278.80821171676143,0.0,0.0
3089,278.8023682710755,0.0,0.0
3090,278.7996146955195,0.0,0.0
3091,278.8289774011745,0.0,0.0
3092,278.8900884442872,0.0,0.0
3093,278.9294657719329,0.0,0.0
3094,278.9768000741242,0.0,0.0
3095,279.0265546398919,0.0,0.0
3096,279.0857756380292,0.0,0.0
3097,279.10736471459415,0.0,0.0
3098,279.12171609926133,0.0,0.0
3099,279.1374262452034,0.0,0.0
3100,279.1514993754676,0.0,0.0
3101,279.16452493520603,0.0,0.0
3102,279.1816903896431,0.0,0.0
3103,279.18019117659384,0.0,0.0
3104,279.1784879151567,0.0,0.0
3105,279.1748236941836,0.0,0.0
3106,279.1600811969412,0.0,0.0
3107,279.1430837867419,0.0,0.0
3108,279.1387362374001,0.0,0.0
3109,279.1309120872551,0.0,0.0
3110,279.1248203589208,0.0,0.0
3111,279.11907786454316,0.0,0.0
3112,279.11254596322135,0.0,0.0
3113,279.1091286343736,0.0,0.0
3114,279.10813507356335,0.0,0.0
3115,279.1357880498228,0.0,0.0
3116,279.16665731447927,0.0,0.0
3117,279.2067125619153,0.0,0.0
3118,279.26028827426654,0.0,0.0
3119,279.3181874148511,0.0,0.0
3120,279.37023360784957,0.0,0.0
3121,279.39389263828997,0.0,0.0
3122,279.4113038909219,0.0,0.0
3123,279.42688365403455,0.0,0.0
3124,279.4392716039727,0.0,0.0
3125,279.44975514599156,0.0,0.0
3126,279.4624940423413,0.0,0.0
3127,279.4607324289231,0.0,0.0
3128,279.45911353406325,0.0,0.0
3129,279.45020717273553,0.0,0.0
3130,279.6825702428949,0.0,0.0
3131,280.17147787426995,0.0,0.0
3132,280.5222060956493,0.0,0.0
3133,280.5424881619061,0.0,0.0
3134,280.53604757961574,0.0,0.0
3135,280.52955069494817,0.0,0.0
3136,280.54220348067275,0.0,0.0
3137,280.54697477205895,0.0,0.0
3138,280.607371120705,0.0,0.0
3139,280.68125811985544,0.0,0.0
3140,280.7213584646108,0.0,0.0
3141,280.76235146174827,0.0,0.0
3142,280.8358134051362,0.0,0.0
3143,280.9135967202322,0.0,0.0
3144,280.9659773677146,0.0,0.0
3145,280.99871389929314,0.0,0.0
3146,281.01532850463917,0.0,0.0
3147,281.03262444403924,0.0,0.0
3148,281.0484233582501,0.0,0.0
3149,281.06667351145654,0.0,0.0
3150,281.08764204905685,0.0,0.0
3151,281.0814361779791,0.0,0.0
3152,281.0757621103375,0.0,0.0
3153,281.06724906145666,0.0,0.0
3154,281.06032197039826,0.0,0.0
3155,281.0412984442773,0.0,0.0
3156,281.0137706221684,0.0,0.0
3157,281.0058602506548,0.0,0.0
3158,280.99038378345676,0.0,0.0
3159,280.97563199559517,0.0,0.0
3160,280.95996236559427,0.0,0.0
3161,280.9536050051818,0.0,0.0
3162,280.94754198575464,0.0,0.0
3163,280.9561990904178,0.0,0.0
3164,280.97668744483076,0.0,0.0
3165,281.01765352750476,0.0,0.0
3166,281.06139232061156,0.0,0.0
3167,281.17085460931145,0.0,0.0
3168,281.22124113313043,0.0,0.0
3169,281.2580411549307,0.0,0.0
3170,281.27592327277586,0.0,0.0
3171,281.2933768459377,0.0,0.0
3172,281.30923590149337,0.0,0.0
3173,281.31737759331054,0.0,0.0
3174,281.3307858631084,0.0,0.0
3175,281.34630979429636,0.0,0.0
3176,281.34567962939,0.0,0.0
3177,281.33359521720456,0.0,0.0
3178,281.55836638660594,0.0,0.0
3179,281.92112233727937,0.0,0.0
3180,282.3571603990659,0.0,0.0
3181,282.8316894296293,0.0,0.0
3182,283.1630508839412,0.0,0.0
3183,283.16704566066375,0.0,0.0
3184,283.16115213228426,0.0,0.0
3185,283.153801455905,0.0,0.0
3186,283.1920872342649,0.0,0.0
3187,283.21902634077503,0.0,0.0
3188,283.2367999919032,0.0,0.0
3189,283.2582860396411,0.0,0.0
3190,283.288633484113,0.0,0.0
3191,283.3307144148453,0.0,0.0
3192,283.363453867405,0.0,0.0
3193,283.38815943163706,0.0,0.0
3194,283.4042787702576,0.0,0.0
3195,283.4176287120767,0.0,0.0
3196,283.42909612518,0.0,0.0
3197,283.4475596649239,0.0,0.0
3198,283.47258347748175,0.0,0.0
3199,283.47515206801756,0.0,0.0
3200,283.4654281784902,0.0,0.0
3201,283.4469409247334,0.0,0.0
3202,283.41806505963666,0.0,0.0
3203,283.387985721328,0.0,0.0
3204,283.35983091193276,0.0,0.0
3205,283.35327023647835,0.0,0.0
3206,283.3314696174547,0.0,0.0
3207,283.3111185912409,0.0,0.0
3208,283.3046544700496,0.0,0.0
3209,283.3003789882429,0.0,0.0
3210,283.3103339790978,0.0,0.0
3211,283.3511066888508,0.0,0.0
3212,283.38744491315964,0.0,0.0
3213,283.42519965374464,0.0,0.0
3214,283.49494568036306,0.0,0.0
3215,283.5648570223573,0.0,0.0
3216,283.6124034499774,0.0,0.0
3217,283.65686943787426,0.0,0.0
3218,283.6901943263635,0.0,0.0
3219,283.70478444057153,0.0,0.0
3220,283.7178759942653,0.0,0.0
3221,283.72955655200434,0.0,0.0
3222,283.7472725764032,0.0,0.0
3223,283.7472013734485,0.0,0.0
3224,283.77077935145263,0.0,0.0
3225,283.7679388222726,0.0,0.0
3226,283.76132206050914,0.0,0.0
3227,283.7909116796909,0.0,0.0
3228,283.7879180905856,0.0,0.0
3229,283.7778365266566,0.0,0.0
3230,283.7621306465069,0.0,0.0
3231,283.74543423597163,0.0,0.0
3232,283.73540178947064,0.0,0.0
3233,283.7323156538441,0.0,0.0
3234,283.74004611139003,0.0,0.0
3235,283.77827508156906,0.0,0.0
3236,283.8052095118525,0.0,0.0
3237,283.85092564324026,0.0,0.0
3238,283.92679923266985,0.0,0.0
3239,283.97365322891534,0.0,0.0
3240,284.0169612976599,0.0,0.0
3241,284.05719681819653,0.0,0.0
3242,284.0841530141501,0.0,0.0
3243,284.10025641831396,0.0,0.0
3244,284.11529100550354,0.0,0.0
3245,284.1280773376044,0.0,0.0
3246,284.14629069963627,0.0,0.0
3247,284.1455068271532,0.0,0.0
3248,284.1409038843659,0.0,0.0
3249,284.1333737065876,0.0,0.0
3250,284.1136655382264,0.0,0.0
3251,284.08982424486015,0.0,0.0
3252,284.06580163372973,0.0,0.0
3253,284.03858458489486,0.0,0.0
3254,284.0174064351223,0.0,0.0
3255,284.0004358924877,0.0,0.0
3256,283.9800406600538,0.0,0.0
3257,283.9745913569854,0.0,0.0
3258,283.9715889023532,0.0,0.0
3259,283.9868891763891,0.0,0.0
3260,284.0135220493401,0.0,0.0
3261,284.0437725168406,0.0,0.0
3262,284.07522178012084,0.0,0.0
3263,284.1284313520982,0.0,0.0
3264,284.1715546344882,0.0,0.0
3265,284.1905646703675,0.0,0.0
3266,284.2060904423821,0.0,0.0
3267,284.2195718217403,0.0,0.0
3268,284.23333743409853,0.0,0.0
3269,284.2453175390776,0.0,0.0
3270,284.25983114074035,0.0,0.0
3271,284.28577359793644,0.0,0.0
3272,284.2941603917455,0.0,0.0
3273,284.28947847762447,0.0,0.0
3274,284.269938955912,0.0,0.0
3275,284.2515175289205,0.0,0.0
3276,284.21857225959275,0.0,0.0
3277,284.18191329279585,0.0,0.0
3278,284.14577299734606,0.0,0.0
3279,284.1133016317262,0.0,0.0
3280,284.0963861137285,0.0,0.0
3281,284.08513069926335,0.0,0.0
3282,284.08113810193197,0.0,0.0
3283,284.10097944541377,0.0,0.0
3284,284.1393941116191,0.0,0.0
3285,284.186179620106,0.0,0.0
3286,284.23107992897883,0.0,0.0
3287,284.28571969344364,0.0,0.0
3288,284.31321791857454,0.0,0.0
3289,284.3292990671954,0.0,0.0
3290,284.34503783471314,0.0,0.0
3291,284.35522199102985,0.0,0.0
3292,284.36732832174056,0.0,0.0
3293,284.3769431925955,0.0,0.0
3294,284.3905219389257,0.0,0.0
3295,284.3895372149308,0.0,0.0
3296,284.4089914709176,0.0,0.0
3297,284.40648382419886,0.0,0.0
3298,284.3910249529362,0.0,0.0
3299,284.37380077171633,0.0,0.0
3300,284.3500367786642,0.0,0.0
3301,284.32284812294256,0.0,0.0
3302,284.28921694867404,0.0,0.0
3303,284.264951269186,0.0,0.0
3304,284.2954582609255,0.0,0.0
3305,284.29667817872155,0.0,0.0
3306,284.3143318051787,0.0,0.0
3307,284.35887783738156,0.0,0.0
3308,284.4292868060628,0.0,0.0
3309,284.4803440771193,0.0,0.0
3310,284.53358505788833,0.0,0.0
3311,284.59896504898074,0.0,0.0
3312,284.64820562185247,0.0,0.0
3313,284.67909022825165,0.0,0.0
3314,284.6948772650518,0.0,0.0
3315,284.71277677613506,0.0,0.0
3316,284.72858810383275,0.0,0.0
3317,284.7365576363227,0.0,0.0
3318,284.7488490907995,0.0,0.0
3319,284.76350685555303,0.0,0.0
3320,284.79715544463284,0.0,0.0
3321,284.8160565519054,0.0,0.0
3322,284.8066322686169,0.0,0.0
3323,284.7881529978805,0.0,0.0
3324,284.7547367315168,0.0,0.0
3325,284.71688919526434,0.0,0.0
3326,284.6839788955186,0.0,0.0
3327,284.65852487513547,0.0,0.0
3328,284.6390192780352,0.0,0.0
3329,284.62853676887937,0.0,0.0
3330,284.6229091325949,0.0,0.0
3331,284.63201555420665,0.0,0.0
3332,284.65315857325527,0.0,0.0
3333,284.6934898809911,0.0,0.0
3334,284.7364572060769,0.0,0.0
3335,284.8455244754616,0.0,0.0
3336,284.915173554542,0.0,0.0
3337,284.9626912686237,0.0,0.0
3338,284.9924127114747,0.0,0.0
3339,285.0115103762773,0.0,0.0
3340,285.0290888323524,0.0,0.0
3341,285.0345501407305,0.0,0.0
3342,285.05156081313885,0.0,0.0
3343,285.0629796622006,0.0,0.0
3344,285.05966855946144,0.0,0.0
3345,285.05059471425216,0.0,0.0
3346,285.0289877555952,0.0,0.0
3347,284.99754647280264,0.0,0.0
3348,284.95930055485957,0.0,0.0
3349,284.9246060186907,0.0,0.0
3350,284.88561842921575,0.0,0.0
3351,284.8497429347038,0.0,0.0
3352,284.8266777068898,0.0,0.0
3353,284.8111153193321,0.0,0.0
3354,284.82219112410525,0.0,0.0
3355,284.8409697956885,0.0,0.0
3356,284.8567136082239,0.0,0.0
3357,284.87786475048506,0.0,0.0
3358,284.9089365983959,0.0,0.0
3359,284.9522277607203,0.0,0.0
3360,284.9947264138418,0.0,0.0
3361,285.031720634727,0.0,0.0
3362,285.05058815174687,0.0,0.0
3363,285.060797180253,0.0,0.0
3364,285.0739548230087,0.0,0.0
3365,285.08270522226877,0.0,0.0
3366,285.1006107460171,0.0,0.0
3367,285.1010124543992,0.0,0.0
3368,285.0964979173945,0.0,0.0
3369,285.08669153747707,0.0,0.0
3370,285.45804548913685,0.0,0.0
3371,285.51223981703936,0.0,0.0
3372,285.48467926059817,0.0,0.0
3373,285.4555875294538,0.0,0.0
3374,285.443730089893,0.0,0.0
3375,285.4409104416868,0.0,0.0
3376,285.4352826713769,0.0,0.0
3377,285.433827129549,0.0,0.0
3378,285.4398795289512,0.0,0.0
3379,285.46370361786086,0.0,0.0
3380,285.495987796993,0.0,0.0
3381,285.5235949973259,0.0,0.0
3382,285.5630685632521,0.0,0.0
3383,285.61344096130966,0.0,0.0
3384,285.6564510088817,0.0,0.0
3385,285.695837713928,0.0,0.0
3386,285.7160262942967,0.0,0.0
3387,285.7331034868483,0.0,0.0
3388,285.74656932332425,0.0,0.0
3389,285.7706027423944,0.0,0.0
3390,285.7991411698423,0.0,0.0
3391,285.8043474329524,0.0,0.0
3392,286.47816470065567,0.0,0.0
3393,287.23063647556586,0.0,0.0
3394,287.41015320129765,0.0,0.0
3395,287.3929010823808,0.0,0.0
3396,287.3596786945876,0.0,0.0
3397,287.3295606756704,0.0,0.0
3398,287.29081679984915,0.0,0.0
3399,287.25633132890675,0.0,0.0
3400,287.23279731950026,0.0,0.0
3401,287.218560666584,0.0,0.0
3402,287.20990162342446,0.0,0.0
3403,287.2173554334861,0.0,0.0
3404,287.2266175739622,0.0,0.0
3405,287.242284720054,0.0,0.0
3406,287.26334548356886,0.0,0.0
3407,287.2981706306523,0.0,0.0
3408,287.32765421277924,0.0,0.0
3409,287.3557948046636,0.0,0.0
3410,287.37533321935524,0.0,0.0
3411,287.41091633168753,0.0,0.0
3412,287.42916937697385,0.0,0.0
3413,287.42519965216115,0.0,0.0
3414,287.4167613623874,0.0,0.0
3415,287.42403426228714,0.0,0.0
3416,287.4523182121978,0.0,0.0
3417,287.4570021253898,0.0,0.0
3418,287.43560976481416,0.0,0.0
3419,287.41074408150666,0.0,0.0
3420,287.3802796834548,0.0,0.0
3421,287.3409775841466,0.0,0.0
3422,287.31227700108354,0.0,0.0
3423,287.28249018939283,0.0,0.0
3424,287.2616197066437,0.0,0.0
3425,287.2476924327769,0.0,0.0
3426,287.2414910657946,0.0,0.0
3427,287.2472451624599,0.0,0.0
3428,287.27330102051167,0.0,0.0
3429,287.28897190268543,0.0,0.0
3430,287.3108878652989,0.0,0.0
3431,287.3413431192409,0.0,0.0
3432,287.3797631591941,0.0,0.0
3433,287.40990823089345,0.0,0.0
3434,287.42511506451683,0.0,0.0
3435,287.44485356348855,0.0,0.0
3436,287.45949725668174,0.0,0.0
3437,287.4645578103995,0.0,0.0
3438,287.47825538095213,0.0,0.0
3439,287.4916197590258,0.0,0.0
3440,287.4881268875395,0.0,0.0
3441,287.47821022085776,0.0,0.0
3442,287.45312698545956,0.0,0.0
3443,287.41981206648774,0.0,0.0
3444,287.38045619728615,0.0,0.0
3445,287.33759304423074,0.0,0.0
3446,287.29472489327526,0.0,0.0
3447,287.2584123648074,0.0,0.0
3448,287.23199508935386,0.0,0.0
3449,287.2138802664271,0.0,0.0
3450,287.2048100312507,0.0,0.0
3451,287.2076969101815,0.0,0.0
3452,287.21922188938237,0.0,0.0
3453,287.2355590107548,0.0,0.0
3454,287.2588667753978,0.0,0.0
3455,287.2970305932861,0.0,0.0
3456,287.3356903017558,0.0,0.0
3457,287.3623159128872,0.0,0.0
3458,287.38360973779055,0.0,0.0
3459,287.39495901394776,0.0,0.0
3460,287.4074294800624,0.0,0.0
3461,287.41809183802053,0.0,0.0
3462,287.436028163007,0.0,0.0
3463,287.45481854101814,0.0,0.0
3464,287.45026801101795,0.0,0.0
3465,287.437625506752,0.0,0.0
3466,287.41286559511093,0.0,0.0
3467,287.37920814075545,0.0,0.0
3468,287.33921044352803,0.0,0.0
3469,287.2965680432619,0.0,0.0
3470,287.2554459727024,0.0,0.0
3471,287.2191863886336,0.0,0.0
3472,287.19295268313556,0.0,0.0
3473,287.17820741424316,0.0,0.0
3474,287.1700514332411,0.0,0.0
3475,287.170750389764,0.0,0.0
3476,287.17768581372957,0.0,0.0
3477,287.19933020916193,0.0,0.0
3478,287.22110991907783,0.0,0.0
3479,287.24483279247437,0.0,0.0
3480,287.27175763505284,0.0,0.0
3481,287.29722151764304,0.0,0.0
3482,287.31287082579485,0.0,0.0
3483,287.32083934397883,0.0,0.0
3484,287.33388503311573,0.0,0.0
3485,287.343493826942,0.0,0.0
3486,287.3596996204394,0.0,0.0
3487,287.37780220775124,0.0,0.0
3488,287.3736495773089,0.0,0.0
3489,287.36122430272206,0.0,0.0
3490,287.67296830588276,0.0,0.0
3491,288.4065353187526,0.0,0.0
3492,288.591255110264,0.0,0.0
3493,288.56973805799464,0.0,0.0
3494,288.5411934941881,0.0,0.0
3495,288.50787467842673,0.0,0.0
3496,288.4874797301265,0.0,0.0
3497,288.47720670588956,0.0,0.0
3498,288.46844758948356,0.0,0.0
3499,288.4775796938958,0.0,0.0
3500,288.50319123875056,0.0,0.0
3501,288.5294075282989,0.0,0.0
3502,288.5887926260161,0.0,0.0
3503,288.6480952918299,0.0,0.0
3504,288.68843726831784,0.0,0.0
3505,288.7159713864158,0.0,0.0
3506,288.7349579453783,0.0,0.0
3507,288.7452571931604,0.0,0.0
3508,288.75708231068705,0.0,0.0
3509,288.7771836329389,0.0,0.0
3510,288.80211666632164,0.0,0.0
3511,288.7987715975921,0.0,0.0
3512,288.78247390507295,0.0,0.0
3513,288.7764814420879,0.0,0.0
3514,288.7642394211547,0.0,0.0
3515,288.7353390260937,0.0,0.0
3516,288.6948052310515,0.0,0.0
3517,288.66362925181335,0.0,0.0
3518,288.63147626309706,0.0,0.0
3519,288.59778757149445,0.0,0.0
3520,288.57600743606145,0.0,0.0
3521,288.56055185729684,0.0,0.0
3522,288.55167772098997,0.0,0.0
3523,288.55441715506595,0.0,0.0
3524,288.56226090908893,0.0,0.0
3525,288.5828856329689,0.0,0.0
3526,288.60190058675505,0.0,0.0
3527,288.6348484692507,0.0,0.0
3528,288.67133486798457,0.0,0.0
3529,288.6957160916236,0.0,0.0
3530,288.7105034276985,0.0,0.0
3531,288.72320984961897,0.0,0.0
3532,288.73539896694643,0.0,0.0
3533,288.7451260209167,0.0,0.0
3534,288.7553629328881,0.0,0.0
3535,288.7546564719279,0.0,0.0
3536,288.8971378974015,0.0,0.0
3537,289.44118850573955,0.0,0.0
3538,289.9854553425396,0.0,0.0
3539,290.3330539790984,0.0,0.0
3540,290.35557550143164,0.0,0.0
3541,290.33945486113043,0.0,0.0
3542,290.3705411001898,0.0,0.0
3543,290.3619340411871,0.0,0.0
3544,290.34451837366186,0.0,0.0
3545,290.3327517015198,0.0,0.0
3546,290.3255808459855,0.0,0.0
3547,290.33312443210446,0.0,0.0
3548,290.34953644102933,0.0,0.0
3549,290.35840193022733,0.0,0.0
3550,290.3787257523611,0.0,0.0
3551,290.4027391954858,0.0,0.0
3552,290.42945323828457,0.0,0.0
3553,290.45459696497477,0.0,0.0
3554,290.47584936045627,0.0,0.0
3555,290.49505353617934,0.0,0.0
3556,290.5205388048636,0.0,0.0
3557,290.52626044592745,0.0,0.0
3558,290.52287556241737,0.0,0.0
3559,290.51041686887874,0.0,0.0
3560,290.5062953074039,0.0,0.0
3561,290.8332769560883,0.0,0.0
3562,291.37372702529416,0.0,0.0
3563,291.37857525818873,0.0,0.0
3564,291.35942250756483,0.0,0.0
3565,291.3230509805275,0.0,0.0
3566,291.28582241718703,0.0,0.0
3567,291.2531978435547,0.0,0.0
3568,291.2316520003394,0.0,0.0
3569,291.21663737550716,0.0,0.0
3570,291.2067337525543,0.0,0.0
3571,291.2125740621506,0.0,0.0
3572,291.2247524622736,0.0,0.0
3573,291.24766591222806,0.0,0.0
3574,291.27096305360044,0.0,0.0
3575,291.3086072417719,0.0,0.0
3576,291.338309546477,0.0,0.0
3577,291.36656149585656,0.0,0.0
3578,291.38297707091857,0.0,0.0
3579,291.39951062705137,0.0,0.0
3580,291.4250252850882,0.0,0.0
3581,291.442099206975,0.0,0.0
3582,291.44177740372083,0.0,0.0
3583,291.43212414732466,0.0,0.0
3584,291.4308881488756,0.0,0.0
3585,291.45771668142834,0.0,0.0
3586,291.452344827308,0.0,0.0
3587,291.44040105841697,0.0,0.0
3588,291.42387388674814,0.0,0.0
3589,291.4103610273661,0.0,0.0
3590,291.4000323866104,0.0,0.0
3591,291.3877632110182,0.0,0.0
3592,291.38101269430024,0.0,0.0
3593,291.3730578700059,0.0,0.0
3594,291.3684044561203,0.0,0.0
3595,291.3782913238491,0.0,0.0
3596,291.40660241308024,0.0,0.0
3597,291.42365482702155,0.0,0.0
3598,291.4464050425252,0.0,0.0
3599,291.477303011773,0.0,0.0
3600,291.5064273957723,0.0,0.0
3601,291.533709394607,0.0,0.0
3602,291.5501978128314,0.0,0.0
3603,291.5633607095106,0.0,0.0
3604,291.5801661070452,0.0,0.0
3605,291.58938409492487,0.0,0.0
3606,291.60016360860374,0.0,0.0
3607,291.60446507836303,0.0,0.0
3608,291.60030323176846,0.0,0.0
3609,291.9211057735808,0.0,0.0
3610,292.51593958097516,0.0,0.0
3611,293.3960305271206,0.0,0.0
3612,293.9858497252263,0.0,0.0
3613,294.166254564062,0.0,0.0
3614,294.24931836279575,0.0,0.0
3615,294.31521058552545,0.0,0.0
3616,294.5751845899962,0.0,0.0
3617,294.62945979594565,0.0,0.0
3618,294.67223134656876,0.0,0.0
3619,294.75532711818346,0.0,0.0
3620,294.82360233866285,0.0,0.0
3621,294.8775251665491,0.0,0.0
3622,294.93004421831677,0.0,0.0
3623,295.0101258846779,0.0,0.0
3624,295.07636856240464,0.0,0.0
3625,295.11633271419515,0.0,0.0
3626,295.13714034121483,0.0,0.0
3627,295.1583557690137,0.0,0.0
3628,295.1833506760223,0.0,0.0
3629,295.20172731434565,0.0,0.0
3630,295.20320497598334,0.0,0.0
3631,295.2011849873886,0.0,0.0
3632,295.19318531472646,0.0,0.0
3633,295.19890118074846,0.0,0.0
3634,295.2895758492499,0.0,0.0
3635,295.400526046185,0.0,0.0
3636,295.4133616627973,0.0,0.0
3637,295.39771403766036,0.0,0.0
3638,295.38873533167623,0.0,0.0
3639,295.37977497930984,0.0,0.0
3640,295.3735744227048,0.0,0.0
3641,295.3689176024624,0.0,0.0
3642,295.37514136573037,0.0,0.0
3643,295.40352613758773,0.0,0.0
3644,295.479858710419,0.0,0.0
3645,295.5177323379699,0.0,0.0
3646,295.5660448833234,0.0,0.0
3647,295.60832027867997,0.0,0.0
3648,295.65379563964285,0.0,0.0
3649,295.6849123833345,0.0,0.0
3650,295.70397040933466,0.0,0.0
3651,295.71954297823174,0.0,0.0
3652,295.734214322923,0.0,0.0
3653,295.7491310440137,0.0,0.0
3654,295.7642011055848,0.0,0.0
3655,295.7886906348583,0.0,0.0
3656,295.7827298324475,0.0,0.0
3657,295.77223301773296,0.0,0.0
3658,295.74978872194424,0.0,0.0
3659,295.72229194699236,0.0,0.0
3660,295.70177128844955,0.0,0.0
3661,295.6765196455976,0.0,0.0
3662,295.65130843392797,0.0,0.0
3663,295.62572361552856,0.0,0.0
3664,295.61154080723344,0.0,0.0
3665,295.6000071601441,0.0,0.0
3666,295.59431652977395,0.0,0.0
3667,295.60978611312913,0.0,0.0
3668,295.626945922449,0.0,0.0
3669,295.6450064938341,0.0,0.0
3670,295.66851930789886,0.0,0.0
3671,295.6971961315009,0.0,0.0
3672,295.74049586025643,0.0,0.0
3673,295.773030890531,0.0,0.0
3674,295.79124148930083,0.0,0.0
3675,295.8059974522685,0.0,0.0
3676,295.81835508579144,0.0,0.0
3677,295.82887869140086,0.0,0.0
3678,295.8468199248229,0.0,0.0
3679,295.86174895368504,0.0,0.0
3680,295.8681620830641,0.0,0.0
3681,295.8888770462516,0.0,0.0
3682,295.9181015456373,0.0,0.0
3683,295.94780056887606,0.0,0.0
3684,295.96558912333995,0.0,0.0
3685,295.9959582628146,0.0,0.0
3686,296.0197448694062,0.0,0.0
3687,296.3812471335089,0.0,0.0
3688,297.018671264744,0.0,0.0
3689,297.15468484408984,0.0,0.0
3690,297.21882498894854,0.0,0.0
3691,297.2589391533773,0.0,0.0
3692,297.281596463017,0.0,0.0
3693,297.29852630474034,0.0,0.0
3694,297.3182455313537,0.0,0.0
3695,297.3820342968533,0.0,0.0
3696,297.4230485385976,0.0,0.0
3697,297.45512768160796,0.0,0.0
3698,297.4733647008376,0.0,0.0
3699,297.4964931821855,0.0,0.0
3700,297.5128927156379,0.0,0.0
3701,297.52818245485196,0.0,0.0
3702,297.53599423586377,0.0,0.0
3703,297.53191538657137,0.0,0.0
3704,297.8168746380049,0.0,0.0
3705,297.82533744966327,0.0,0.0
3706,298.2783347665264,0.0,0.0
3707,298.92264842583046,0.0,0.0
3708,299.37254763016347,0.0,0.0
3709,299.93562995998093,0.0,0.0
3710,300.04903691285836,0.0,0.0
3711,300.0946973487609,0.0,0.0
3712,300.12141492864765,0.0,0.0
3713,300.12709590845134,0.0,0.0
3714,300.15731497578497,0.0,0.0
3715,300.18295346274334,0.0,0.0
3716,300.21807862253246,0.0,0.0
3717,300.244866890732,0.0,0.0
3718,300.27953243854427,0.0,0.0
3719,300.31570853979355,0.0,0.0
3720,300.3544546048417,0.0,0.0
3721,300.39289696717225,0.0,0.0
3722,300.41530483896577,0.0,0.0
3723,300.4443300610958,0.0,0.0
3724,300.4624096335388,0.0,0.0
3725,300.46927313016784,0.0,0.0
3726,300.4840907648139,0.0,0.0
3727,300.48288051802547,0.0,0.0
3728,300.4674792826763,0.0,0.0
3729,300.44737580157744,0.0,0.0
3730,300.4196614817063,0.0,0.0
3731,300.40093782930654,0.0,0.0
3732,300.37693789692315,0.0,0.0
3733,300.3487974881931,0.0,0.0
3734,300.3215211610482,0.0,0.0
3735,300.29073662394603,0.0,0.0
3736,300.2774764744383,0.0,0.0
3737,300.265227685832,0.0,0.0
3738,300.25861131137606,0.0,0.0
3739,300.2741641414212,0.0,0.0
3740,300.2921720989573,0.0,0.0
3741,300.3065333352567,0.0,0.0
3742,300.3259975054923,0.0,0.0
3743,300.3713986225392,0.0,0.0
3744,300.40711333009136,0.0,0.0
3745,300.4363444965316,0.0,0.0
3746,300.45294071321143,0.0,0.0
3747,300.4638171586018,0.0,0.0
3748,300.47642770114254,0.0,0.0
3749,300.4837952087805,0.0,0.0
3750,300.4990110625681,0.0,0.0
3751,300.49685903763105,0.0,0.0
3752,300.5006523316932,0.0,0.0
3753,300.49816203586806,0.0,0.0
3754,300.4875093180673,0.0,0.0
3755,300.4756110703371,0.0,0.0
3756,300.4653458737012,0.0,0.0
3757,300.4842447701434,0.0,0.0
3758,300.49723765091744,0.0,0.0
3759,300.5011618155749,0.0,0.0
3760,300.5086193210852,0.0,0.0
3761,300.511830750595,0.0,0.0
3762,300.5207026016016,0.0,0.0
3763,300.535298178917,0.0,0.0
3764,300.5513362613933,0.0,0.0
3765,300.56541727805035,0.0,0.0
3766,300.5813512776109,0.0,0.0
3767,300.60705743790396,0.0,0.0
3768,300.64537642729954,0.0,0.0
3769,300.67458943803194,0.0,0.0
3770,300.69046252123593,0.0,0.0
3771,300.7074728449944,0.0,0.0
3772,300.7224461450652,0.0,0.0
3773,300.73229663094156,0.0,0.0
3774,300.7474430635042,0.0,0.0
3775,300.76325208329155,0.0,0.0
3776,300.76616428996266,0.0,0.0
3777,300.76236105067915,0.0,0.0
3778,301.38270256112435,0.0,0.0
3779,301.84991374613907,0.0,0.0
3780,301.9083149305393,0.0,0.0
3781,301.90734425343186,0.0,0.0
3782,301.89774579867174,0.0,0.0
3783,301.88540966239447,0.0,0.0
3784,301.8764605840466,0.0,0.0
3785,301.8712608971569,0.0,0.0
3786,301.8671075925503,0.0,0.0
3787,301.87958305805995,0.0,0.0
3788,301.89922539395207,0.0,0.0
3789,301.910803140717,0.0,0.0
3790,301.92823397013103,0.0,0.0
3791,301.9628129306109,0.0,0.0
3792,301.99655997851454,0.0,0.0
3793,302.02264758272486,0.0,0.0
3794,302.04141823442023,0.0,0.0
3795,302.05574356629063,0.0,0.0
3796,302.0669626376076,0.0,0.0
3797,302.0981878760149,0.0,0.0
3798,302.1141736823195,0.0,0.0
3799,302.10492217853107,0.0,0.0
3800,302.27113981358167,0.0,0.0
3801,302.76846962318206,0.0,0.0
3802,303.3045127224668,0.0,0.0
3803,303.7327246892784,0.0,0.0
3804,304.00486288624086,0.0,0.0
3805,304.14183896488413,0.0,0.0
3806,304.12426626893273,0.0,0.0
3807,304.10018022350755,0.0,0.0
3808,304.0791203161576,0.0,0.0
3809,304.064183350969,0.0,0.0
3810,304.056308169012,0.0,0.0
3811,304.07808496361736,0.0,0.0
3812,304.0871599901406,0.0,0.0
3813,304.0940008750703,0.0,0.0
3814,304.11101359613906,0.0,0.0
3815,304.1459465905814,0.0,0.0
3816,304.1888352526607,0.0,0.0
3817,304.2236352538134,0.0,0.0
3818,304.24218625874204,0.0,0.0
3819,304.2701907529014,0.0,0.0
3820,304.2906894597297,0.0,0.0
3821,304.2944185376725,0.0,0.0
3822,304.2906038543173,0.0,0.0
3823,304.2850015752715,0.0,0.0
3824,304.276678818041,0.0,0.0
3825,304.2671337305215,0.0,0.0
3826,304.4392512913157,0.0,0.0
3827,304.947693652272,0.0,0.0
3828,305.6621399119258,0.0,0.0
3829,306.25097823760365,0.0,0.0
3830,306.3358091655779,0.0,0.0
3831,306.3192391246874,0.0,0.0
3832,306.30562503797245,0.0,0.0
3833,306.29604198198535,0.0,0.0
3834,306.2892535974885,0.0,0.0
3835,306.30321405647726,0.0,0.0
3836,306.32507749495585,0.0,0.0
3837,306.34364929912044,0.0,0.0
3838,306.4347877879863,0.0,0.0
3839,306.47249788129363,0.0,0.0
3840,306.50967108316195,0.0,0.0
3841,306.54095817884007,0.0,0.0
3842,306.55831310891057,0.0,0.0
3843,306.5691593998709,0.0,0.0
3844,306.579965019204,0.0,0.0
3845,306.6002310666891,0.0,0.0
3846,306.6224133649846,0.0,0.0
3847,306.6308038965053,0.0,0.0
3848,306.6177191963277,0.0,0.0
3849,306.59690967370216,0.0,0.0
3850,306.5673190197915,0.0,0.0
3851,306.9682559798107,0.0,0.0
3852,307.473133662312,0.0,0.0
3853,307.4690535242625,0.0,0.0
3854,307.4413377147226,0.0,0.0
3855,307.4117903837221,0.0,0.0
3856,307.39218475234986,0.0,0.0
3857,307.3760375140959,0.0,0.0
3858,307.36487665366536,0.0,0.0
3859,307.36320524067736,0.0,0.0
3860,307.36759549379394,0.0,0.0
3861,307.3783910422955,0.0,0.0
3862,307.3941310031885,0.0,0.0
3863,307.4101968557298,0.0,0.0
3864,307.4355914879511,0.0,0.0
3865,307.45953695848846,0.0,0.0
3866,307.4851444949712,0.0,0.0
3867,307.5001763055967,0.0,0.0
3868,307.51339310649325,0.0,0.0
3869,307.52410208438005,0.0,0.0
3870,307.5499784140352,0.0,0.0
3871,307.5733255417729,0.0,0.0
3872,307.56738587883217,0.0,0.0
3873,307.6918589277053,0.0,0.0
3874,308.26753933275523,0.0,0.0
3875,308.48269136329884,0.0,0.0
3876,308.5615808028503,0.0,0.0
3877,309.1394024325618,0.0,0.0
3878,309.5457688872344,0.0,0.0
3879,309.75772730283296,0.0,0.0
3880,309.79358910528344,0.0,0.0
3881,309.7961036625613,0.0,0.0
3882,309.8395779766505,0.0,0.0
3883,309.8720690606349,0.0,0.0
3884,309.9101466237014,0.0,0.0
3885,309.9476948251585,0.0,0.0
3886,309.98740024498795,0.0,0.0
3887,310.0278602959485,0.0,0.0
3888,310.0557808825723,0.0,0.0
3889,310.08772753454343,0.0,0.0
3890,310.11589337405456,0.0,0.0
3891,310.1328739033602,0.0,0.0
3892,310.15778891264,0.0,0.0
3893,310.18084197444597,0.0,0.0
3894,310.18882075435175,0.0,0.0
3895,310.18500263851035,0.0,0.0
3896,310.63840783104945,0.0,0.0
3897,311.26750712668854,0.0,0.0
3898,311.886790592565,0.0,0.0
3899,312.5406047764875,0.0,0.0
3900,313.25146190251087,0.0,0.0
3901,314.0588079559989,0.0,0.0
3902,314.3313964421448,0.0,0.0
3903,314.55427689611605,0.0,0.0
3904,314.5745678482045,0.0,0.0
3905,314.5780869882397,0.0,0.0
3906,314.58202485504614,0.0,0.0
3907,314.6011689261927,0.0,0.0
3908,314.6202683706965,0.0,0.0
3909,314.6411252802729,0.0,0.0
3910,314.6705693392463,0.0,0.0
3911,314.70372360085946,0.0,0.0
3912,314.73118097309685,0.0,0.0
3913,314.7566854659614,0.0,0.0
3914,314.77333132031833,0.0,0.0
3915,314.8026167778709,0.0,0.0
3916,314.81903200751754,0.0,0.0
3917,314.81683870716995,0.0,0.0
3918,314.8120027772967,0.0,0.0
3919,314.80394773015337,0.0,0.0
3920,314.7946254404625,0.0,0.0
3921,314.77879488748573,0.0,0.0
3922,314.75186276732376,0.0,0.0
3923,314.72817654393066,0.0,0.0
3924,314.70561560765077,0.0,0.0
3925,314.67997223350966,0.0,0.0
3926,314.64776345673096,0.0,0.0
3927,314.61654557682425,0.0,0.0
3928,314.5970977717311,0.0,0.0
3929,314.5827555521998,0.0,0.0
3930,314.57404328263294,0.0,0.0
3931,314.5778854489614,0.0,0.0
3932,314.5926846535964,0.0,0.0
3933,314.606306964039,0.0,0.0
3934,314.62188978252266,0.0,0.0
3935,314.6447279480019,0.0,0.0
3936,314.6806407176507,0.0,0.0
3937,314.69789025861854,0.0,0.0
3938,314.7105566423879,0.0,0.0
3939,314.723942191044,0.0,0.0
3940,314.73931238123595,0.0,0.0
3941,314.7517576180616,0.0,0.0
3942,314.7671347748607,0.0,0.0
3943,314.77204727880024,0.0,0.0
3944,314.7845581413455,0.0,0.0
3945,314.79332806515083,0.0,0.0
3946,314.7912516314015,0.0,0.0
3947,314.788028173355,0.0,0.0
3948,314.78300931374844,0.0,0.0
3949,314.7813294058279,0.0,0.0
3950,314.7801253931898,0.0,0.0
3951,314.779525010245,0.0,0.0
3952,314.7767503853164,0.0,0.0
3953,314.7742328302524,0.0,0.0
3954,314.77336532346277,0.0,0.0
3955,314.80171563331396,0.0,0.0
3956,314.82830101415027,0.0,0.0
3957,314.8457193282281,0.0,0.0
3958,314.8773504617385,0.0,0.0
3959,314.9108302649132,0.0,0.0
3960,314.93705491903575,0.0,0.0
3961,314.9507888361095,0.0,0.0
3962,314.96217605982457,0.0,0.0
3963,314.97699047716077,0.0,0.0
3964,314.99050321623355,0.0,0.0
3965,315.0069579651723,0.0,0.0
3966,315.01782183812907,0.0,0.0
3967,315.0178161492511,0.0,0.0
3968,315.01502745123884,0.0,0.0
3969,315.0073019775992,0.0,0.0
3970,315.0037826905136,0.0,0.0
3971,314.9857489370946,0.0,0.0
3972,314.96743086255424,0.0,0.0
3973,314.9612052862162,0.0,0.0
3974,314.9569529128234,0.0,0.0
3975,314.9538735399851,0.0,0.0
3976,314.95383120450595,0.0,0.0
3977,314.953492803337,0.0,0.0
3978,314.95287152800506,0.0,0.0
3979,314.96600329388565,0.0,0.0
3980,314.98634786109255,0.0,0.0
3981,315.0031719104105,0.0,0.0
3982,315.0295138453861,0.0,0.0
3983,315.06534069717725,0.0,0.0
3984,315.09915462245834,0.0,0.0
3985,315.1218342830662,0.0,0.0
3986,315.1384873604069,0.0,0.0
3987,315.158186520369,0.0,0.0
3988,315.1716664007635,0.0,0.0
3989,315.18448690020244,0.0,0.0
3990,315.19726239252566,0.0,0.0
3991,315.1963492799053,0.0,0.0
3992,315.19628594734303,0.0,0.0
3993,315.19443616838066,0.0,0.0
3994,315.1748913150496,0.0,0.0
3995,315.1494473373144,0.0,0.0
3996,315.12460280873,0.0,0.0
3997,315.11347770645847,0.0,0.0
3998,315.3340594969918,0.0,0.0
3999,315.86289293069336,0.0,0.0
4000,316.2130353731891,0.0,0.0
4001,316.30201965613924,0.0,0.0
4002,316.35293674585307,0.0,0.0
4003,316.39938563886756,0.0,0.0
4004,316.44234729081165,0.0,0.0
4005,316.4786963427145,0.0,0.0
4006,316.5228798770425,0.0,0.0
4007,316.55707244275084,0.0,0.0
4008,316.6014572295169,0.0,0.0
4009,316.62428028121445,0.0,0.0
4010,316.6391189205905,0.0,0.0
4011,316.65305656880804,0.0,0.0
4012,316.6657541067959,0.0,0.0
4013,316.67214113887275,0.0,0.0
4014,316.6848304517807,0.0,0.0
4015,316.7024560771185,0.0,0.0
4016,316.70047309336525,0.0,0.0
4017,316.6950460093442,0.0,0.0
4018,316.6707198497683,0.0,0.0
4019,316.6326747444644,0.0,0.0
4020,316.5856059823142,0.0,0.0
4021,316.5542894633983,0.0,0.0
4022,316.53761115078527,0.0,0.0
4023,316.5126237753585,0.0,0.0
4024,316.49227328626,0.0,0.0
4025,316.47708989443385,0.0,0.0
4026,316.4707006163616,0.0,0.0
4027,316.4924030290176,0.0,0.0
4028,316.5155540173421,0.0,0.0
4029,316.54941927410823,0.0,0.0
4030,316.57624610985647,0.0,0.0
4031,316.62385831591655,0.0,0.0
4032,316.6664572973524,0.0,0.0
4033,316.6939685280955,0.0,0.0
4034,316.7126078836506,0.0,0.0
4035,316.7234131195463,0.0,0.0
4036,316.7374757446595,0.0,0.0
4037,316.74418118323075,0.0,0.0
4038,316.759130591888,0.0,0.0
4039,316.7780372061953,0.0,0.0
4040,316.77652810896257,0.0,0.0
4041,316.76660545765935,0.0,0.0
4042,316.8923496838849,0.0,0.0
4043,316.8742375950136,0.0,0.0
4044,316.8458096219752,0.0,0.0
4045,317.25934809462314,0.0,0.0
4046,317.7096498870806,0.0,0.0
4047,318.03891852403046,0.0,0.0
4048,318.67511797860794,0.0,0.0
4049,319.20799154564963,0.0,0.0
4050,319.32414992855115,0.0,0.0
4051,319.4058697642109,0.0,0.0
4052,319.4943237670032,0.0,0.0
4053,319.5447045221706,0.0,0.0
4054,319.5879705619041,0.0,0.0
4055,319.63953830695436,0.0,0.0
4056,319.67924202564893,0.0,0.0
4057,319.71030422481607,0.0,0.0
4058,319.7290646736239,0.0,0.0
4059,319.7396280211425,0.0,0.0
4060,319.7525118612147,0.0,0.0
4061,319.7692955724072,0.0,0.0
4062,319.78835936773004,0.0,0.0
4063,319.7886552847393,0.0,0.0
4064,319.8216104758303,0.0,0.0
4065,320.0245935568331,0.0,0.0
4066,320.4123794078908,0.0,0.0
4067,320.45717988060767,0.0,0.0
4068,320.6684320097724,0.0,0.0
4069,321.13787517020313,0.0,0.0
4070,321.9227267367477,0.0,0.0
4071,322.50848303412556,0.0,0.0
4072,322.626599765021,0.0,0.0
4073,322.6711797460627,0.0,0.0
4074,322.6922656876058,0.0,0.0
4075,322.73517496944436,0.0,0.0
4076,322.7750173089754,0.0,0.0
4077,322.8149970831615,0.0,0.0
4078,322.84503697134267,0.0,0.0
4079,322.882417677294,0.0,0.0
4080,322.92243183995396,0.0,0.0
4081,322.9483830896174,0.0,0.0
4082,322.9696800489055,0.0,0.0
4083,322.98365580181365,0.0,0.0
4084,323.00562654136627,0.0,0.0
4085,323.02541081697825,0.0,0.0
4086,323.0251951441477,0.0,0.0
4087,323.0223396662386,0.0,0.0
4088,323.03114482536466,0.0,0.0
4089,323.04206733434887,0.0,0.0
4090,323.0356388331335,0.0,0.0
4091,323.04399400493185,0.0,0.0
4092,323.041603179882,0.0,0.0
4093,323.10538265368854,0.0,0.0
4094,323.1552288963933,0.0,0.0
4095,323.1694413148406,0.0,0.0
4096,323.1827402204739,0.0,0.0
4097,323.18943386874093,0.0,0.0
4098,323.2000807670583,0.0,0.0
4099,323.21235801270956,0.0,0.0
4100,323.24188203980066,0.0,0.0
4101,323.2797391356954,0.0,0.0
4102,323.31970616113955,0.0,0.0
4103,323.37292647437016,0.0,0.0
4104,323.4375731664959,0.0,0.0
4105,323.46488316466633,0.0,0.0
4106,323.482519805746,0.0,0.0
4107,323.495492857394,0.0,0.0
4108,323.51206133776265,0.0,0.0
4109,323.52295102369845,0.0,0.0
4110,323.5373135133721,0.0,0.0
4111,323.54837564570846,0.0,0.0
4112,323.575491892333,0.0,0.0
4113,323.58913350920204,0.0,0.0
4114,323.591085692295,0.0,0.0
4115,323.5873434533337,0.0,0.0
4116,323.58413239307833,0.0,0.0
4117,323.59731599564014,0.0,0.0
4118,323.6170460243516,0.0,0.0
4119,323.6366184667785,0.0,0.0
4120,323.65202589122833,0.0,0.0
4121,323.67716021170935,0.0,0.0
4122,323.6920835618609,0.0,0.0
4123,323.71867376598897,0.0,0.0
4124,323.7509881176189,0.0,0.0
4125,323.77579481052754,0.0,0.0
4126,323.8031989788581,0.0,0.0
4127,323.8344683852373,0.0,0.0
4128,323.87480567325855,0.0,0.0
4129,323.8958651899565,0.0,0.0
4130,323.9092116227599,0.0,0.0
4131,323.91960945286473,0.0,0.0
4132,323.9329570643006,0.0,0.0
4133,323.94485048396297,0.0,0.0
4134,323.95651564035546,0.0,0.0
4135,323.97980750897074,0.0,0.0
4136,323.97835184946064,0.0,0.0
4137,324.6018410278984,0.0,0.0
4138,325.40195498718015,0.0,0.0
4139,326.28400410652495,0.0,0.0
4140,326.4581004552556,0.0,0.0
4141,326.45130272289236,0.0,0.0
4142,326.4411653071503,0.0,0.0
4143,326.422773264186,0.0,0.0
4144,326.4071506535356,0.0,0.0
4145,326.39702306508286,0.0,0.0
4146,326.39199554517694,0.0,0.0
4147,326.41013674849563,0.0,0.0
4148,326.4392530600723,0.0,0.0
4149,326.4690588734581,0.0,0.0
4150,326.5001298063047,0.0,0.0
4151,326.5357101242794,0.0,0.0
4152,326.5777794259753,0.0,0.0
4153,326.6003369918329,0.0,0.0
4154,326.61636041125035,0.0,0.0
4155,326.6255036248889,0.0,0.0
4156,326.659419362113,0.0,0.0
4157,326.6760112692375,0.0,0.0
4158,326.67220290724674,0.0,0.0
4159,326.6669411920179,0.0,0.0
4160,326.6544285546292,0.0,0.0
4161,326.6623299538066,0.0,0.0
4162,326.66171082457896,0.0,0.0
4163,326.6541459904696,0.0,0.0
4164,326.6495933408791,0.0,0.0
4165,326.7538937014578,0.0,0.0
4166,327.49450951148225,0.0,0.0
4167,327.74766519693065,0.0,0.0
4168,327.77077046390264,0.0,0.0
4169,327.76776566117746,0.0,0.0
4170,327.79014522107843,0.0,0.0
4171,327.8188412572135,0.0,0.0
4172,327.84516963989296,0.0,0.0
4173,327.86553037981474,0.0,0.0
4174,327.88514051994184,0.0,0.0
4175,327.91787993757924,0.0,0.0
4176,327.9465500658987,0.0,0.0
4177,327.97660881108936,0.0,0.0
4178,327.9939798280135,0.0,0.0
4179,328.0049455876832,0.0,0.0
4180,328.0203878902541,0.0,0.0
4181,328.03224711772157,0.0,0.0
4182,328.04945525272785,0.0,0.0
4183,328.0461418010227,0.0,0.0
4184,328.03809585300604,0.0,0.0
4185,328.06026401075604,0.0,0.0
4186,328.05701556333173,0.0,0.0
4187,328.04036047489654,0.0,0.0
4188,328.02427814796494,0.0,0.0
4189,328.0355182172787,0.0,0.0
4190,328.0305284760979,0.0,0.0
4191,328.26431171397377,0.0,0.0
4192,328.86432262436637,0.0,0.0
4193,329.48810207289745,0.0,0.0
4194,329.68456428383064,0.0,0.0
4195,329.7647001796168,0.0,0.0
4196,329.81173932083584,0.0,0.0
4197,329.8373644637308,0.0,0.0
4198,329.85910520616085,0.0,0.0
4199,329.89812541731294,0.0,0.0
4200,329.93780940558656,0.0,0.0
4201,329.9598012271317,0.0,0.0
4202,329.9748139245219,0.0,0.0
4203,329.9868662654645,0.0,0.0
4204,330.00176732023345,0.0,0.0
4205,330.0165103217246,0.0,0.0
4206,330.02381331864075,0.0,0.0
4207,330.0335155228338,0.0,0.0
4208,330.03104744829847,0.0,0.0
4209,330.164715671076,0.0,0.0
4210,330.1902955101996,0.0,0.0
4211,330.1968267235366,0.0,0.0
4212,330.1905122877366,0.0,0.0
4213,330.16438816218846,0.0,0.0
4214,330.13618153452364,0.0,0.0
4215,330.16450982160666,0.0,0.0
4216,330.15549441095334,0.0,0.0
4217,330.1492988601377,0.0,0.0
4218,330.14589312763485,0.0,0.0
4219,330.15927547736516,0.0,0.0
4220,330.1707944995876,0.0,0.0
4221,330.17952179133016,0.0,0.0
4222,330.1969557509938,0.0,0.0
4223,330.2213670276204,0.0,0.0
4224,330.2486905141749,0.0,0.0
4225,330.27549425581475,0.0,0.0
4226,330.2929802808903,0.0,0.0
4227,330.30554476847976,0.0,0.0
4228,330.32672253736575,0.0,0.0
4229,330.340425970957,0.0,0.0
4230,330.34400154994034,0.0,0.0
4231,330.3512728687414,0.0,0.0
4232,330.3588406609405,0.0,0.0
4233,330.35801350880416,0.0,0.0
4234,330.3520921986066,0.0,0.0
4235,330.3459962963502,0.0,0.0
4236,330.56334551805253,0.0,0.0
4237,330.95935009589397,0.0,0.0
4238,331.48627149533013,0.0,0.0
4239,331.56604549078975,0.0,0.0
4240,331.5650737411405,0.0,0.0
4241,331.5609095640645,0.0,0.0
4242,331.55695623943194,0.0,0.0
4243,331.5701063284908,0.0,0.0
4244,331.57772499749433,0.0,0.0
4245,331.58555861195754,0.0,0.0
4246,331.6092233608481,0.0,0.0
4247,331.642082367382,0.0,0.0
4248,331.67742832207716,0.0,0.0
4249,331.7050454611004,0.0,0.0
4250,331.72997901101246,0.0,0.0
4251,331.7479004128539,0.0,0.0
4252,331.76277748440134,0.0,0.0
4253,331.7725280140309,0.0,0.0
4254,331.78616788302185,0.0,0.0
4255,331.7894468595973,0.0,0.0
4256,331.78773290982156,0.0,0.0
4257,331.7856277185561,0.0,0.0
4258,331.78281496379844,0.0,0.0
4259,332.2850740796507,0.0,0.0
4260,332.3760568660387,0.0,0.0
4261,332.4660977461878,0.0,0.0
4262,332.5177423491158,0.0,0.0
4263,332.52085941936167,0.0,0.0
4264,332.511141440442,0.0,0.0
4265,332.5055512177996,0.0,0.0
4266,332.5024593400804,0.0,0.0
4267,332.5107421605222,0.0,0.0
4268,332.52560972837205,0.0,0.0
4269,332.53832183858026,0.0,0.0
4270,332.56391501382404,0.0,0.0
4271,332.59757225375824,0.0,0.0
4272,332.6234333171821,0.0,0.0
4273,332.65238471870475,0.0,0.0
4274,332.6669727408363,0.0,0.0
4275,332.6824848534941,0.0,0.0
4276,332.70076006685844,0.0,0.0
4277,332.7168665772716,0.0,0.0
4278,332.7451605987583,0.0,0.0
4279,332.7588794491121,0.0,0.0
4280,332.7478261425044,0.0,0.0
4281,333.45649667794055,0.0,0.0
4282,333.99913868194744,0.0,0.0
4283,334.05039223189294,0.0,0.0
4284,334.0286592234992,0.0,0.0
4285,333.9971764633163,0.0,0.0
4286,333.9697344151874,0.0,0.0
4287,333.94334031348217,0.0,0.0
4288,333.92931444345425,0.0,0.0
4289,333.91861478607586,0.0,0.0
4290,333.9112564917716,0.0,0.0
4291,333.9141851586623,0.0,0.0
4292,333.92117122319314,0.0,0.0
4293,333.9270454800196,0.0,0.0
4294,333.93683864399725,0.0,0.0
4295,333.9675605459603,0.0,0.0
4296,333.9997796399823,0.0,0.0
4297,334.0278864093134,0.0,0.0
4298,334.04658683507705,0.0,0.0
4299,334.0588304513991,0.0,0.0
4300,334.0952436341292,0.0,0.0
4301,334.11237533358275,0.0,0.0
4302,334.1089324504868,0.0,0.0
4303,334.31494435492215,0.0,0.0
4304,334.9055455205748,0.0,0.0
4305,335.26285243206604,0.0,0.0
4306,335.33548989103315,0.0,0.0
4307,335.33211194875065,0.0,0.0
4308,335.322541910012,0.0,0.0
4309,335.3188522191591,0.0,0.0
4310,335.3077300885561,0.0,0.0
4311,335.2966618372215,0.0,0.0
4312,335.28425710035395,0.0,0.0
4313,335.27365886029196,0.0,0.0
4314,335.26768848356096,0.0,0.0
4315,335.27564267408235,0.0,0.0
4316,335.28635489962096,0.0,0.0
4317,335.2925396837711,0.0,0.0
4318,335.30255142766686,0.0,0.0
4319,335.3227380208954,0.0,0.0
4320,335.3451697693454,0.0,0.0
4321,335.3694033087465,0.0,0.0
4322,335.3901982601054,0.0,0.0
4323,335.41087288880186,0.0,0.0
4324,335.41065821082776,0.0,0.0
4325,335.40531765643163,0.0,0.0
4326,335.4033680443063,0.0,0.0
4327,335.43926655554117,0.0,0.0
4328,335.4391435251462,0.0,0.0
4329,335.42734785510584,0.0,0.0
4330,335.4037673207047,0.0,0.0
4331,335.37175216493387,0.0,0.0
4332,335.33834706854844,0.0,0.0
4333,335.3043447145962,0.0,0.0
4334,335.2884349984956,0.0,0.0
4335,335.2715963456493,0.0,0.0
4336,335.2698876004388,0.0,0.0
4337,335.26896652739174,0.0,0.0
4338,335.2736571143995,0.0,0.0
4339,335.3300804095501,0.0,0.0
4340,335.3517501053734,0.0,0.0
4341,335.3669337580519,0.0,0.0
4342,335.3860408134262,0.0,0.0
4343,335.41028925556697,0.0,0.0
4344,335.44664296338374,0.0,0.0
4345,335.4705757632497,0.0,0.0
4346,335.4869959886036,0.0,0.0
4347,335.4967584605918,0.0,0.0
4348,335.5096015424703,0.0,0.0
4349,335.51896366890026,0.0,0.0
4350,335.5371965293715,0.0,0.0
4351,335.5368454492991,0.0,0.0
4352,335.53671888539054,0.0,0.0
4353,335.5328798718259,0.0,0.0
4354,335.51265440497804,0.0,0.0
4355,335.4874240239686,0.0,0.0
4356,335.4584529398597,0.0,0.0
4357,335.44863380813365,0.0,0.0
4358,335.43278810191055,0.0,0.0
4359,335.42051716156175,0.0,0.0
4360,335.412765978952,0.0,0.0
4361,335.4145305772507,0.0,0.0
4362,335.4215505751717,0.0,0.0
4363,335.44133685980404,0.0,0.0
4364,335.45291438601583,0.0,0.0
4365,335.4598585346211,0.0,0.0
4366,335.4749190438611,0.0,0.0
4367,335.5001991811917,0.0,0.0
4368,335.5369953544125,0.0,0.0
4369,335.5778837601131,0.0,0.0
4370,335.5952714549685,0.0,0.0
4371,335.61044870802203,0.0,0.0
4372,335.6239366021865,0.0,0.0
4373,335.632081810822,0.0,0.0
4374,335.6464679884364,0.0,0.0
4375,335.66057247153566,0.0,0.0
4376,335.6570402574612,0.0,0.0
4377,335.6458622087703,0.0,0.0
4378,335.6276466983346,0.0,0.0
4379,335.6088332828002,0.0,0.0
4380,335.5937384442388,0.0,0.0
4381,335.58785310162796,0.0,0.0
4382,335.61033968198376,0.0,0.0
4383,336.12762576168353,0.0,0.0
4384,336.23626381080544,0.0,0.0
4385,336.2875904231971,0.0,0.0
4386,336.32265849542847,0.0,0.0
4387,336.3565256741447,0.0,0.0
4388,336.37964893028874,0.0,0.0
4389,336.3912490526469,0.0,0.0
4390,336.4053366520689,0.0,0.0
4391,336.4384614663052,0.0,0.0
4392,336.4720667958001,0.0,0.0
4393,336.4985970751788,0.0,0.0
4394,336.5141871998393,0.0,0.0
4395,336.52423669573125,0.0,0.0
4396,336.535865744403,0.0,0.0
4397,336.5491790693474,0.0,0.0
4398,336.565836325356,0.0,0.0
4399,336.93526178788306,0.0,0.0
4400,337.6347091844067,0.0,0.0
4401,338.38304762498905,0.0,0.0
4402,339.45860541425645,0.0,0.0
4403,340.006540629093,0.0,0.0
4404,340.07412826950065,0.0,0.0
4405,340.07339421498966,0.0,0.0
4406,340.06943107807393,0.0,0.0
4407,340.06697972969926,0.0,0.0
4408,340.05413423981685,0.0,0.0
4409,340.0425814349562,0.0,0.0
4410,340.03408107312356,0.0,0.0
4411,340.04672920792444,0.0,0.0
4412,340.05661197464906,0.0,0.0
4413,340.07940724010405,0.0,0.0
4414,340.1025155924162,0.0,0.0
4415,340.1363178171962,0.0,0.0
4416,340.1742337705683,0.0,0.0
4417,340.2048928535457,0.0,0.0
4418,340.23677888751007,0.0,0.0
4419,340.26104272876097,0.0,0.0
4420,340.25966234766656,0.0,0.0
4421,340.2544746480086,0.0,0.0
4422,340.2500896629357,0.0,0.0
4423,340.24500191120956,0.0,0.0
4424,340.23959624305866,0.0,0.0
4425,340.25438324627845,0.0,0.0
4426,340.24445645821606,0.0,0.0
4427,340.22275286333445,0.0,0.0
4428,340.19278852596864,0.0,0.0
4429,340.15667627080603,0.0,0.0
4430,340.12795952913086,0.0,0.0
4431,340.1031555215782,0.0,0.0
4432,340.08960252930774,0.0,0.0
4433,340.08000619359706,0.0,0.0
4434,340.07423259686936,0.0,0.0
4435,340.08272556004965,0.0,0.0
4436,340.08960685897466,0.0,0.0
4437,340.1018101863005,0.0,0.0
4438,340.12890334740104,0.0,0.0
4439,340.1641153015462,0.0,0.0
4440,340.1947384374257,0.0,0.0
4441,340.22811334175736,0.0,0.0
4442,340.2464684346331,0.0,0.0
4443,340.25483256412076,0.0,0.0
4444,340.2678515434318,0.0,0.0
4445,340.27852364487757,0.0,0.0
4446,340.2923252739685,0.0,0.0
4447,340.30545864304014,0.0,0.0
4448,340.3205246960619,0.0,0.0
4449,340.34615183365105,0.0,0.0
4450,340.38977045057896,0.0,0.0
4451,340.3896497384679,0.0,0.0
4452,340.38302143011435,0.0,0.0
4453,340.3658889903795,0.0,0.0
4454,340.3499000789723,0.0,0.0
4455,340.33438985728884,0.0,0.0
4456,340.3206844730091,0.0,0.0
4457,340.31042237268724,0.0,0.0
4458,340.30563112696314,0.0,0.0
4459,340.3184332656535,0.0,0.0
4460,340.33396261486826,0.0,0.0
4461,340.3512170010202,0.0,0.0
4462,340.3717516267381,0.0,0.0
4463,340.4010225118972,0.0,0.0
4464,340.4257765252431,0.0,0.0
4465,340.44076463507514,0.0,0.0
4466,340.45176842626165,0.0,0.0
4467,340.4647098864979,0.0,0.0
4468,340.4775856011531,0.0,0.0
4469,340.491088140486,0.0,0.0
4470,340.50422198909285,0.0,0.0
4471,340.501176475733,0.0,0.0
4472,340.4952725271909,0.0,0.0
4473,340.4856955539757,0.0,0.0
4474,340.7372196775084,0.0,0.0
4475,341.4755744064965,0.0,0.0
4476,341.65610437654425,0.0,0.0
4477,341.6599965085605,0.0,0.0
4478,341.65222371541205,0.0,0.0
4479,341.6379207115811,0.0,0.0
4480,341.6211271931259,0.0,0.0
4481,341.6059694183668,0.0,0.0
4482,341.5952664626167,0.0,0.0
4483,341.5961770341128,0.0,0.0
4484,341.60139905174935,0.0,0.0
4485,341.6063189472533,0.0,0.0
4486,341.690786290512,0.0,0.0
4487,341.71885584297604,0.0,0.0
4488,341.74462398957354,0.0,0.0
4489,341.768678779269,0.0,0.0
4490,341.79042228307674,0.0,0.0
4491,341.802537913698,0.0,0.0
4492,341.8142695895142,0.0,0.0
4493,341.8314302392817,0.0,0.0
4494,341.8612626171736,0.0,0.0
4495,341.8599845425193,0.0,0.0
4496,341.844799524794,0.0,0.0
4497,341.8376581146928,0.0,0.0
4498,341.83654814212576,0.0,0.0
4499,341.8298019206109,0.0,0.0
4500,341.8206764592189,0.0,0.0
4501,341.7822820436484,0.0,0.0
4502,341.7535126788023,0.0,0.0
4503,342.0397911512887,0.0,0.0
4504,342.04226793252104,0.0,0.0
4505,342.03871678335776,0.0,0.0
4506,342.0334676709434,0.0,0.0
4507,342.0351949574083,0.0,0.0
4508,342.0468127177397,0.0,0.0
4509,342.08200101473346,0.0,0.0
4510,342.1069959201741,0.0,0.0
4511,342.1413738866579,0.0,0.0
4512,342.24246887876376,0.0,0.0
4513,342.2819157455565,0.0,0.0
4514,342.30659449096754,0.0,0.0
4515,342.32575365283435,0.0,0.0
4516,342.3417146365262,0.0,0.0
4517,342.3527206882934,0.0,0.0
4518,342.3700090984002,0.0,0.0
4519,342.38034391461866,0.0,0.0
4520,342.372303936824,0.0,0.0
4521,342.36252647111,0.0,0.0
4522,342.3425563717901,0.0,0.0
4523,342.3271053544391,0.0,0.0
4524,342.29900968106875,0.0,0.0
4525,342.2757159088289,0.0,0.0
4526,342.2643580019562,0.0,0.0
4527,342.3959901433557,0.0,0.0
4528,342.3818331414558,0.0,0.0
4529,342.3688710215873,0.0,0.0
4530,342.36156739125255,0.0,0.0
4531,342.36708247179575,0.0,0.0
4532,342.3792179091025,0.0,0.0
4533,342.3790082431078,0.0,0.0
4534,342.3936034009834,0.0,0.0
4535,342.42514202879295,0.0,0.0
4536,342.45927624584715,0.0,0.0
4537,342.487823292589,0.0,0.0
4538,342.50632755852615,0.0,0.0
4539,342.52118649418685,0.0,0.0
4540,342.5360238687708,0.0,0.0
4541,342.550598816614,0.0,0.0
4542,342.57051598369407,0.0,0.0
4543,342.5680579801155,0.0,0.0
4544,342.56412093947534,0.0,0.0
4545,342.55701164837353,0.0,0.0
4546,342.53682854305674,0.0,0.0
4547,342.5143482518682,0.0,0.0
4548,343.1558511128916,0.0,0.0
4549,343.7955431388499,0.0,0.0
4550,344.02057671470607,0.0,0.0
4551,344.0118786717839,0.0,0.0
4552,344.0063845403781,0.0,0.0
4553,343.99798140617486,0.0,0.0
4554,343.99160977024394,0.0,0.0
4555,343.9954949273424,0.0,0.0
4556,344.00220166805826,0.0,0.0
4557,344.0106085821509,0.0,0.0
4558,344.0559131173958,0.0,0.0
4559,344.0924110216981,0.0,0.0
4560,344.16689290389064,0.0,0.0
4561,344.19772607151873,0.0,0.0
4562,344.2154460276981,0.0,0.0
4563,344.23137215151775,0.0,0.0
4564,344.2458791105475,0.0,0.0
4565,344.2529778787169,0.0,0.0
4566,344.2683611262073,0.0,0.0
4567,344.2867566991284,0.0,0.0
4568,344.28205471409115,0.0,0.0
4569,344.26707783644326,0.0,0.0
4570,344.2339070979877,0.0,0.0
4571,344.2167367491411,0.0,0.0
4572,344.1982661001521,0.0,0.0
4573,344.1993968691241,0.0,0.0
4574,344.24201630641613,0.0,0.0
4575,344.2256045943631,0.0,0.0
4576,344.22010640026417,0.0,0.0
4577,344.2169941200345,0.0,0.0
4578,344.21348738247127,0.0,0.0
4579,344.22455911793236,0.0,0.0
4580,344.2301316077951,0.0,0.0
4581,344.2435997440039,0.0,0.0
4582,344.26472718434525,0.0,0.0
4583,344.2982984650711,0.0,0.0
4584,344.33556484715297,0.0,0.0
4585,344.3633983340986,0.0,0.0
4586,344.37532389998984,0.0,0.0
4587,344.3867637194861,0.0,0.0
4588,344.398218469515,0.0,0.0
4589,344.4060278645901,0.0,0.0
4590,344.4255274434471,0.0,0.0
4591,344.4417066451776,0.0,0.0
4592,344.46076475263357,0.0,0.0
4593,344.56425410630806,0.0,0.0
4594,344.5519466695286,0.0,0.0
4595,344.5351428636325,0.0,0.0
4596,344.5181633460781,0.0,0.0
4597,344.4925429862874,0.0,0.0
4598,344.459993308521,0.0,0.0
4599,344.4337579388865,0.0,0.0
4600,344.4130190475852,0.0,0.0
4601,344.39764356102563,0.0,0.0
4602,344.38775804184263,0.0,0.0
4603,344.39189856716206,0.0,0.0
4604,344.4125687412411,0.0,0.0
4605,344.4320286994418,0.0,0.0
4606,344.4564682995156,0.0,0.0
4607,344.4938999671772,0.0,0.0
4608,344.5289919980692,0.0,0.0
4609,344.5568471920765,0.0,0.0
4610,344.57366125910426,0.0,0.0
4611,344.58815021636707,0.0,0.0
4612,344.60285506107596,0.0,0.0
4613,344.60631153083114,0.0,0.0
4614,344.61365838787424,0.0,0.0
4615,344.6130044344038,0.0,0.0
4616,345.118016225227,0.0,0.0
4617,345.7086554836131,0.0,0.0
4618,346.28962785431406,0.0,0.0
4619,346.424269186407,0.0,0.0
4620,346.47852709132354,0.0,0.0
4621,346.46047403748344,0.0,0.0
4622,346.43660424736913,0.0,0.0
4623,346.4107089855712,0.0,0.0
4624,346.38833620174495,0.0,0.0
4625,346.37412026093773,0.0,0.0
4626,346.36574578537085,0.0,0.0
4627,346.3761292048011,0.0,0.0
4628,346.3881629908405,0.0,0.0
4629,346.40277022640777,0.0,0.0
4630,346.42127451670797,0.0,0.0
4631,346.4448738352705,0.0,0.0
4632,346.47214657828613,0.0,0.0
4633,346.49347513298795,0.0,0.0
4634,346.50625707220513,0.0,0.0
4635,346.5346161018355,0.0,0.0
4636,346.55493983470257,0.0,0.0
4637,346.55133725518857,0.0,0.0
4638,346.5445024558915,0.0,0.0
4639,346.5425428749478,0.0,0.0
4640,346.57392012823055,0.0,0.0
4641,346.6170897870193,0.0,0.0
4642,346.61624212519484,0.0,0.0
4643,346.6123961691168,0.0,0.0
4644,346.60859362808833,0.0,0.0
4645,346.59685581014617,0.0,0.0
4646,346.5875681441966,0.0,0.0
4647,346.5778472803576,0.0,0.0
4648,346.5699850906194,0.0,0.0
4649,346.56222824917,0.0,0.0
4650,346.5569291187483,0.0,0.0
4651,346.5630857170051,0.0,0.0
4652,346.57930547468993,0.0,0.0
4653,346.58759201094153,0.0,0.0
4654,346.6057166263253,0.0,0.0
4655,346.63484966705414,0.0,0.0
4656,346.67224557874613,0.0,0.0
4657,346.70431146579506,0.0,0.0
4658,346.72675645165936,0.0,0.0
4659,346.7441164055284,0.0,0.0
4660,346.755812256022,0.0,0.0
4661,346.7641166197833,0.0,0.0
4662,346.77310723837877,0.0,0.0
4663,346.7847370505556,0.0,0.0
4664,346.78253566752,0.0,0.0
4665,346.7803540508562,0.0,0.0
4666,346.7728960009218,0.0,0.0
4667,346.7659991302322,0.0,0.0
4668,346.7548675746006,0.0,0.0
4669,346.74070098928615,0.0,0.0
4670,346.72573465965263,0.0,0.0
4671,346.7085436742964,0.0,0.0
4672,346.70008799481553,0.0,0.0
4673,346.69256348169347,0.0,0.0
4674,346.704272907668,0.0,0.0
4675,346.7188514127534,0.0,0.0
4676,346.7361852865445,0.0,0.0
4677,346.7518524235561,0.0,0.0
4678,346.77779404066143,0.0,0.0
4679,346.8048105671857,0.0,0.0
4680,346.8392683010104,0.0,0.0
4681,346.86901343059105,0.0,0.0
4682,346.89035002454654,0.0,0.0
4683,346.9044867617051,0.0,0.0
4684,346.9206731262514,0.0,0.0
4685,346.9321001402833,0.0,0.0
4686,346.9484559577521,0.0,0.0
4687,346.9603630093975,0.0,0.0
4688,347.00917080386046,0.0,0.0
4689,347.01331979237995,0.0,0.0
4690,347.0080579487908,0.0,0.0
4691,346.9988759738904,0.0,0.0
4692,346.9859488104582,0.0,0.0
4693,346.9636647348351,0.0,0.0
4694,346.9434919245624,0.0,0.0
4695,346.9205854516678,0.0,0.0
4696,346.9017351086716,0.0,0.0
4697,346.88680745732046,0.0,0.0
4698,346.8765325559722,0.0,0.0
4699,346.8839760995037,0.0,0.0
4700,346.89438961690774,0.0,0.0
4701,346.9033603885066,0.0,0.0
4702,346.9191015105006,0.0,0.0
4703,346.95264483593746,0.0,0.0
4704,346.97949410153075,0.0,0.0
4705,347.0063495304492,0.0,0.0
4706,347.0228494613879,0.0,0.0
4707,347.0378460377803,0.0,0.0
4708,347.0458307516479,0.0,0.0
4709,347.0514480356238,0.0,0.0
4710,347.06006297737764,0.0,0.0
4711,347.1923245941745,0.0,0.0
4712,347.72582110651604,0.0,0.0
4713,348.4439992290287,0.0,0.0
4714,348.90668641188586,0.0,0.0
4715,348.927346715607,0.0,0.0
4716,348.91747158757715,0.0,0.0
4717,348.9040864628902,0.0,0.0
4718,348.89030383269767,0.0,0.0
4719,349.02239550586654,0.0,0.0
4720,349.5631144087652,0.0,0.0
4721,349.66992562276585,0.0,0.0
4722,349.7015068977609,0.0,0.0
4723,349.7351631768229,0.0,0.0
4724,349.7561294775749,0.0,0.0
4725,349.7769032104876,0.0,0.0
4726,349.80270652075194,0.0,0.0
4727,349.83749759636765,0.0,0.0
4728,349.8748970541983,0.0,0.0
4729,349.90062722964075,0.0,0.0
4730,349.9203849128732,0.0,0.0
4731,349.9478970104945,0.0,0.0
4732,349.9585219327005,0.0,0.0
4733,349.9546514784651,0.0,0.0
4734,349.9484448590973,0.0,0.0
4735,350.2536565591527,0.0,0.0
4736,350.34370419246744,0.0,0.0
4737,350.94734222139664,0.0,0.0
4738,351.8621360196873,0.0,0.0
4739,352.67069905539023,0.0,0.0
4740,352.8429352406538,0.0,0.0
4741,352.8263259979531,0.0,0.0
4742,352.8032028720216,0.0,0.0
4743,352.7880252352999,0.0,0.0
4744,352.77266157328177,0.0,0.0
4745,352.76319469563185,0.0,0.0
4746,352.75727920941597,0.0,0.0
4747,352.76394187489274,0.0,0.0
4748,352.77431304061696,0.0,0.0
4749,352.7906596298215,0.0,0.0
4750,352.805932356901,0.0,0.0
4751,352.8415107513497,0.0,0.0
4752,352.8763462922514,0.0,0.0
4753,352.894550233825,0.0,0.0
4754,352.9199532854081,0.0,0.0
4755,352.93052196869735,0.0,0.0
4756,352.93979218195506,0.0,0.0
4757,352.9538265835801,0.0,0.0
4758,352.9516448352053,0.0,0.0
4759,352.9432042295575,0.0,0.0
4760,352.9407175511529,0.0,0.0
4761,353.00146146975254,0.0,0.0
4762,353.0330810588229,0.0,0.0
4763,353.02048521326464,0.0,0.0
4764,353.0039038713192,0.0,0.0
4765,352.97213875028996,0.0,0.0
4766,352.944309669396,0.0,0.0
4767,352.9158307208899,0.0,0.0
4768,352.8953310795654,0.0,0.0
4769,352.88096205610594,0.0,0.0
4770,352.87190698285434,0.0,0.0
4771,352.87363357512294,0.0,0.0
4772,352.88032665792105,0.0,0.0
4773,352.88573327142876,0.0,0.0
4774,352.90233847079145,0.0,0.0
4775,352.93480002272264,0.0,0.0
4776,352.97166229687053,0.0,0.0
4777,352.9997287395829,0.0,0.0
4778,353.0132369165909,0.0,0.0
4779,353.02639207983077,0.0,0.0
4780,353.0363687273452,0.0,0.0
4781,353.04175022622167,0.0,0.0
4782,353.0440482372866,0.0,0.0
4783,353.05722008639714,0.0,0.0
4784,353.07536055297965,0.0,0.0
4785,353.0925400305757,0.0,0.0
4786,353.0784225487382,0.0,0.0
4787,353.0670844713366,0.0,0.0
4788,353.05054902064705,0.0,0.0
4789,353.0190439346272,0.0,0.0
4790,352.9966512194258,0.0,0.0
4791,352.97409600127673,0.0,0.0
4792,352.959191092119,0.0,0.0
4793,352.94669189156093,0.0,0.0
4794,352.9385045382788,0.0,0.0
4795,352.9444895601203,0.0,0.0
4796,352.95742200747503,0.0,0.0
4797,352.9636501543908,0.0,0.0
4798,352.99088233482223,0.0,0.0
4799,353.0167241872405,0.0,0.0
4800,353.05199082537837,0.0,0.0
4801,353.07539664008823,0.0,0.0
4802,353.0889423969027,0.0,0.0
4803,353.101373833598,0.0,0.0
4804,353.11462008848093,0.0,0.0
4805,353.1184439570663,0.0,0.0
4806,353.1338007560505,0.0,0.0
4807,353.13114656944606,0.0,0.0
4808,353.12623701412906,0.0,0.0
4809,353.12132672597687,0.0,0.0
4810,353.1023384922662,0.0,0.0
4811,353.08096122997296,0.0,0.0
4812,353.05581864855793,0.0,0.0
4813,353.6265947639759,0.0,0.0
4814,353.75902966854625,0.0,0.0
4815,353.7561880256265,0.0,0.0
4816,353.74305502259983,0.0,0.0
4817,353.7354453464302,0.0,0.0
4818,353.7276792193826,0.0,0.0
4819,353.7347363415347,0.0,0.0
4820,353.7454177552558,0.0,0.0
4821,353.7537963500362,0.0,0.0
4822,353.7702445487064,0.0,0.0
4823,353.7958576399855,0.0,0.0
4824,353.82192984392935,0.0,0.0
4825,353.8403419851323,0.0,0.0
4826,353.8511220467082,0.0,0.0
4827,353.8636876676217,0.0,0.0
4828,353.87397772354143,0.0,0.0
4829,353.88161036315654,0.0,0.0
4830,353.89361780123096,0.0,0.0
4831,353.8912496851243,0.0,0.0
4832,353.8898583021188,0.0,0.0
4833,353.8841273101728,0.0,0.0
4834,353.85745119898985,0.0,0.0
4835,353.82963026227736,0.0,0.0
4836,353.8073426300161,0.0,0.0
4837,353.7653480138743,0.0,0.0
4838,353.7267637407602,0.0,0.0
4839,353.6940699319624,0.0,0.0
4840,353.67578862736895,0.0,0.0
4841,353.6723999106846,0.0,0.0
4842,353.66670403920455,0.0,0.0
4843,353.6814241023779,0.0,0.0
4844,353.7028139218183,0.0,0.0
4845,353.72643938311757,0.0,0.0
4846,353.7513355866609,0.0,0.0
4847,353.78427123527536,0.0,0.0
4848,353.80700691078493,0.0,0.0
4849,353.8346358146287,0.0,0.0
4850,353.8480421447635,0.0,0.0
4851,353.86091315936915,0.0,0.0
4852,353.8744112083278,0.0,0.0
4853,353.88598716613393,0.0,0.0
4854,353.9011261171983,0.0,0.0
4855,353.89966245476666,0.0,0.0
4856,353.89420306110344,0.0,0.0
4857,353.8848356882277,0.0,0.0
4858,353.8633266630935,0.0,0.0
4859,353.83772958672165,0.0,0.0
4860,353.80835446002106,0.0,0.0
4861,353.7647786881229,0.0,0.0
4862,353.73100268429215,0.0,0.0
4863,353.6936324046597,0.0,0.0
4864,353.66808713186856,0.0,0.0
4865,353.6516074088462,0.0,0.0
4866,353.6410683101588,0.0,0.0
4867,353.63952083537265,0.0,0.0
4868,353.6485825795965,0.0,0.0
4869,353.66102847138376,0.0,0.0
4870,353.6789351633827,0.0,0.0
4871,353.7119354469363,0.0,0.0
4872,353.74683409645615,0.0,0.0
4873,353.7779273407582,0.0,0.0
4874,353.7900051073167,0.0,0.0
4875,353.80113895065995,0.0,0.0
4876,353.81403046430194,0.0,0.0
4877,353.8226177118889,0.0,0.0
4878,353.8353056846446,0.0,0.0
4879,353.850130432318,0.0,0.0
4880,353.8442623823286,0.0,0.0
4881,353.835153735824,0.0,0.0
4882,353.81078101372697,0.0,0.0
4883,353.88733206637625,0.0,0.0
4884,354.1903932538184,0.0,0.0
4885,354.5777634975151,0.0,0.0
4886,355.06243309790773,0.0,0.0
4887,355.324106321604,0.0,0.0
4888,355.32283009291046,0.0,0.0
4889,355.316629864115,0.0,0.0
4890,355.3126891383347,0.0,0.0
4891,355.3250156010989,0.0,0.0
4892,355.3394413974268,0.0,0.0
4893,355.3553064235794,0.0,0.0
4894,355.3717671860658,0.0,0.0
4895,355.4011906470595,0.0,0.0
4896,355.4292876844981,0.0,0.0
4897,355.45558682920614,0.0,0.0
4898,355.469932470528,0.0,0.0
4899,355.4817752009917,0.0,0.0
4900,355.4930015866672,0.0,0.0
4901,355.5035474010764,0.0,0.0
4902,355.52409628642204,0.0,0.0
4903,355.5457004197118,0.0,0.0
4904,355.540992000381,0.0,0.0
4905,355.52369191800284,0.0,0.0
4906,355.4931863168884,0.0,0.0
4907,355.45893634831197,0.0,0.0
4908,355.42305498048063,0.0,0.0
4909,355.39780269433237,0.0,0.0
4910,355.3628541434241,0.0,0.0
4911,355.3257588537346,0.0,0.0
4912,355.30044570304017,0.0,0.0
4913,355.2829703535605,0.0,0.0
4914,355.27293113592015,0.0,0.0
4915,355.27294545993504,0.0,0.0
4916,355.2774332118522,0.0,0.0
4917,355.29226949815063,0.0,0.0
4918,355.3099973905695,0.0,0.0
4919,355.34523543756046,0.0,0.0
4920,355.38619017924236,0.0,0.0
4921,355.4062661488583,0.0,0.0
4922,355.4187139816993,0.0,0.0
4923,355.4250524701399,0.0,0.0
4924,355.43472562456793,0.0,0.0
4925,355.4430769459394,0.0,0.0
4926,355.46058517756614,0.0,0.0
4927,355.477602940422,0.0,0.0
4928,355.4739197060564,0.0,0.0
4929,355.46363673356336,0.0,0.0
4930,355.45765316032293,0.0,0.0
4931,356.18801707075556,0.0,0.0
4932,356.8883603883131,0.0,0.0
4933,357.4478887457277,0.0,0.0
4934,358.08323828295937,0.0,0.0
4935,358.40000469519623,0.0,0.0
4936,358.4161321815721,0.0,0.0
4937,358.4111045983944,0.0,0.0
4938,358.4086172468326,0.0,0.0
4939,358.42314029390093,0.0,0.0
4940,358.44414159826897,0.0,0.0
4941,358.4659583802317,0.0,0.0
4942,358.48692287818494,0.0,0.0
4943,358.5240810663112,0.0,0.0
4944,358.5588012393709,0.0,0.0
4945,358.58406142250357,0.0,0.0
4946,358.602249799081,0.0,0.0
4947,358.6116055545779,0.0,0.0
4948,358.6218194872797,0.0,0.0
4949,358.6321461964797,0.0,0.0
4950,358.664877055497,0.0,0.0
4951,358.6837106190319,0.0,0.0
4952,358.67029969108273,0.0,0.0
4953,359.15528502518004,0.0,0.0
4954,359.14230390859086,0.0,0.0
4955,359.11809173738067,0.0,0.0
4956,359.0883277565637,0.0,0.0
4957,359.0680308308354,0.0,0.0
4958,359.03672880694154,0.0,0.0
4959,359.003976763459,0.0,0.0
4960,358.9855191825104,0.0,0.0
4961,358.9692215154764,0.0,0.0
4962,358.9608873439532,0.0,0.0
4963,358.9604093113985,0.0,0.0
4964,358.9697693904155,0.0,0.0
4965,358.9926557054417,0.0,0.0
4966,359.01465331919144,0.0,0.0
4967,359.04149815952354,0.0,0.0
4968,359.067231509444,0.0,0.0
4969,359.07983658874423,0.0,0.0
4970,359.0920972770262,0.0,0.0
4971,359.0994388861226,0.0,0.0
4972,359.12812715573347,0.0,0.0
4973,359.1494210640557,0.0,0.0
4974,359.14597201757726,0.0,0.0
4975,359.15853471153287,0.0,0.0
4976,359.15845723352436,0.0,0.0
4977,359.14834893524744,0.0,0.0
4978,359.1255890535766,0.0,0.0
4979,359.0959627446027,0.0,0.0
4980,359.0594961467943,0.0,0.0
4981,359.0230305417014,0.0,0.0
4982,358.98718308200864,0.0,0.0
4983,358.9601803489847,0.0,0.0
4984,359.017710552725,0.0,0.0
4985,359.2385037748566,0.0,0.0
4986,359.25894959087356,0.0,0.0
4987,359.28670904099505,0.0,0.0
4988,359.30941094568396,0.0,0.0
4989,359.33013244350997,0.0,0.0
4990,359.3469586286369,0.0,0.0
4991,359.3796380549164,0.0,0.0
4992,359.41397270098923,0.0,0.0
4993,359.42808350682327,0.0,0.0
4994,359.4383647600285,0.0,0.0
4995,359.4457013788863,0.0,0.0
4996,359.45504665489693,0.0,0.0
4997,359.46605576194463,0.0,0.0
4998,359.67107085309294,0.0,0.0
4999,360.2193029662036,0.0,0.0
5000,360.5132446309021,0.0,0.0
5001,360.5570185833156,0.0,0.0
5002,360.5557326022691,0.0,0.0
5003,360.5572265905763,0.0,0.0
5004,360.55230221202356,0.0,0.0
5005,360.55166990316684,0.0,0.0
5006,360.8337352803478,0.0,0.0
5007,361.5661412242366,0.0,0.0
5008,361.88973153696764,0.0,0.0
5009,362.1467760453155,0.0,0.0
5010,362.20470742734994,0.0,0.0
5011,362.2516507812851,0.0,0.0
5012,362.287602935244,0.0,0.0
5013,362.31506183111867,0.0,0.0
5014,362.34253058347804,0.0,0.0
5015,362.37226795326495,0.0,0.0
5016,362.41952673850585,0.0,0.0
5017,362.4454370051057,0.0,0.0
5018,362.4697712099425,0.0,0.0
5019,362.4697776722988,0.0,0.0
5020,362.4649136866587,0.0,0.0
5021,362.46398077581205,0.0,0.0
5022,362.5019295766305,0.0,0.0
5023,362.5332630124872,0.0,0.0
5024,362.5528513247791,0.0,0.0
5025,362.576879482135,0.0,0.0
5026,362.5988669817315,0.0,0.0
5027,362.5886429653185,0.0,0.0
5028,362.56311243089374,0.0,0.0
5029,362.52618095896156,0.0,0.0
5030,362.4969339479388,0.0,0.0
5031,362.4676960561645,0.0,0.0
5032,362.4642538755186,0.0,0.0
5033,362.453984387589,0.0,0.0
5034,362.4475200972395,0.0,0.0
5035,362.4526922916607,0.0,0.0
5036,362.4644029017141,0.0,0.0
5037,362.4845420556129,0.0,0.0
5038,362.51619717393663,0.0,0.0
5039,362.5551464307717,0.0,0.0
5040,362.58346604915334,0.0,0.0
5041,362.60907255424985,0.0,0.0
5042,362.62883280750594,0.0,0.0
5043,362.64210579248316,0.0,0.0
5044,362.65495556257093,0.0,0.0
5045,362.6642309048457,0.0,0.0
5046,362.6670218271283,0.0,0.0
5047,362.6795131389963,0.0,0.0
5048,362.7202229293357,0.0,0.0
5049,363.4528985270773,0.0,0.0
5050,364.344664259993,0.0,0.0
5051,364.90173959645193,0.0,0.0
5052,365.1669568826662,0.0,0.0
5053,365.66707763050846,0.0,0.0
5054,365.65770237451113,0.0,0.0
5055,365.63617675517787,0.0,0.0
5056,365.62715302057114,0.0,0.0
5057,365.62078862661787,0.0,0.0
5058,365.6334182660662,0.0,0.0
5059,365.64925708673854,0.0,0.0
5060,365.6588432847326,0.0,0.0
5061,365.6731855056323,0.0,0.0
5062,365.69261432152393,0.0,0.0
5063,365.7251878930855,0.0,0.0
5064,365.7613181161878,0.0,0.0
5065,365.7981207669828,0.0,0.0
5066,365.82565761051205,0.0,0.0
5067,365.84322704745455,0.0,0.0
5068,365.8794337921722,0.0,0.0
5069,365.8922766360582,0.0,0.0
5070,365.8884130609857,0.0,0.0
5071,365.87389612591977,0.0,0.0
5072,365.86729259090475,0.0,0.0
5073,365.86442590871326,0.0,0.0
5074,365.84753274595715,0.0,0.0
5075,365.8424051216696,0.0,0.0
5076,365.83583318796383,0.0,0.0
5077,365.82033173373634,0.0,0.0
5078,365.80213132203073,0.0,0.0
5079,365.7878375884353,0.0,0.0
5080,365.7823938170165,0.0,0.0
5081,365.78462675800426,0.0,0.0
5082,365.79475470705,0.0,0.0
5083,365.81152381793515,0.0,0.0
5084,365.8297566141354,0.0,0.0
5085,365.88132665294177,0.0,0.0
5086,365.9099489125124,0.0,0.0
5087,365.95145920741186,0.0,0.0
5088,366.0015005823296,0.0,0.0
5089,366.0451139669493,0.0,0.0
5090,366.06681847127066,0.0,0.0
5091,366.08242467196766,0.0,0.0
5092,366.0999193682897,0.0,0.0
5093,366.1155811212114,0.0,0.0
5094,366.131649704202,0.0,0.0
5095,366.12993156752185,0.0,0.0
5096,366.15930281274285,0.0,0.0
5097,366.66047730572365,0.0,0.0
5098,367.3919543337581,0.0,0.0
5099,367.4066613676286,0.0,0.0
5100,367.38490169220785,0.0,0.0
5101,367.35239964780476,0.0,0.0
5102,367.32063377765616,0.0,0.0
5103,367.2875318491822,0.0,0.0
5104,367.5174336106594,0.0,0.0
5105,367.513824660091,0.0,0.0
5106,367.51063539605684,0.0,0.0
5107,367.5304600999595,0.0,0.0
5108,367.57481532586,0.0,0.0
5109,367.6010806229343,0.0,0.0
5110,367.636282532719,0.0,0.0
5111,367.6744012790374,0.0,0.0
5112,367.71574037700134,0.0,0.0
5113,367.75004131400954,0.0,0.0
5114,367.77333471291576,0.0,0.0
5115,367.79037284957326,0.0,0.0
5116,367.817869845955,0.0,0.0
5117,367.83051071996795,0.0,0.0
5118,367.8304225538048,0.0,0.0
5119,367.81621594470073,0.0,0.0
5120,368.2097133620904,0.0,0.0
5121,368.8518486696903,0.0,0.0
5122,368.98636073588193,0.0,0.0
5123,368.9845361561679,0.0,0.0
5124,368.96135628796003,0.0,0.0
5125,368.9457546284952,0.0,0.0
5126,368.93344920053136,0.0,0.0
5127,368.92248172199936,0.0,0.0
5128,368.91645020789866,0.0,0.0
5129,368.9100269294435,0.0,0.0
5130,368.9039519811262,0.0,0.0
5131,368.9116187918576,0.0,0.0
5132,368.9214389533186,0.0,0.0
5133,368.9341506833702,0.0,0.0
5134,368.95356747920755,0.0,0.0
5135,368.98953943441524,0.0,0.0
5136,369.0198267259914,0.0,0.0
5137,369.0489931137844,0.0,0.0
5138,369.06508775209096,0.0,0.0
5139,369.09114749067425,0.0,0.0
5140,369.1120643102087,0.0,0.0
5141,369.11090280893444,0.0,0.0
5142,369.1046943867932,0.0,0.0
5143,369.11284780859705,0.0,0.0
5144,369.1438255023663,0.0,0.0
5145,369.1417585589784,0.0,0.0
5146,369.1363123072801,0.0,0.0
5147,369.1247007672483,0.0,0.0
5148,369.1066203548398,0.0,0.0
5149,369.08189143266105,0.0,0.0
5150,369.06479732728786,0.0,0.0
5151,369.0458711066557,0.0,0.0
5152,369.0347500906762,0.0,0.0
5153,369.022276643284,0.0,0.0
5154,369.0144926756154,0.0,0.0
5155,369.0145680423446,0.0,0.0
5156,369.02548646087826,0.0,0.0
5157,369.0368994731082,0.0,0.0
5158,369.0599349236937,0.0,0.0
5159,369.0932930180299,0.0,0.0
5160,369.12742541857415,0.0,0.0
5161,369.1620326627505,0.0,0.0
5162,369.180429985112,0.0,0.0
5163,369.19139801947466,0.0,0.0
5164,369.2042956249323,0.0,0.0
5165,369.21333731139975,0.0,0.0
5166,369.2250270123677,0.0,0.0
5167,369.23383160114867,0.0,0.0
5168,369.2289150689487,0.0,0.0
5169,369.220447316813,0.0,0.0
5170,369.20397070283127,0.0,0.0
5171,369.18328419003336,0.0,0.0
5172,369.1574280559143,0.0,0.0
5173,369.1676956821835,0.0,0.0
5174,369.5772114854269,0.0,0.0
5175,369.59868137957034,0.0,0.0
5176,369.5901006668896,0.0,0.0
5177,369.5785804451426,0.0,0.0
5178,369.5737766594915,0.0,0.0
5179,369.5904593443121,0.0,0.0
5180,369.6115318448263,0.0,0.0
5181,369.6429411738723,0.0,0.0
5182,369.68157847933077,0.0,0.0
5183,369.7312785601293,0.0,0.0
5184,369.77034829507875,0.0,0.0
5185,369.80147424078945,0.0,0.0
5186,369.8179053541028,0.0,0.0
5187,369.8265536953751,0.0,0.0
5188,369.8388943851695,0.0,0.0
5189,369.84907150098564,0.0,0.0
5190,369.8634123941203,0.0,0.0
5191,369.8808564943717,0.0,0.0
5192,369.8880199949402,0.0,0.0
5193,369.90464709494586,0.0,0.0
5194,369.90181605128134,0.0,0.0
5195,369.89059003335507,0.0,0.0
5196,369.8820970980566,0.0,0.0
5197,369.85957989401834,0.0,0.0
5198,369.8388030527904,0.0,0.0
5199,369.82565954197645,0.0,0.0
5200,369.8102716190698,0.0,0.0
5201,369.8003927563615,0.0,0.0
5202,369.7920239863954,0.0,0.0
5203,369.79980845988973,0.0,0.0
5204,369.93601289510053,0.0,0.0
5205,369.9788682490782,0.0,0.0
5206,370.0766114641751,0.0,0.0
5207,370.12888193237137,0.0,0.0
5208,370.1746585163991,0.0,0.0
5209,370.20516988178423,0.0,0.0
5210,370.2237254354254,0.0,0.0
5211,370.2370373946717,0.0,0.0
5212,370.2513053237836,0.0,0.0
5213,370.2592852064035,0.0,0.0
5214,370.2695203414181,0.0,0.0
5215,370.26806071017467,0.0,0.0
5216,370.26182093783547,0.0,0.0
5217,370.25612763844487,0.0,0.0
5218,370.238831705242,0.0,0.0
5219,370.6798676599979,0.0,0.0
5220,370.80013130417353,0.0,0.0
5221,370.8189403302301,0.0,0.0
5222,370.8098000886166,0.0,0.0
5223,370.7985557579669,0.0,0.0
5224,370.82600135654053,0.0,0.0
5225,370.81908506317393,0.0,0.0
5226,370.8152204139828,0.0,0.0
5227,370.8282081366455,0.0,0.0
5228,370.84071582128786,0.0,0.0
5229,370.90048577278515,0.0,0.0
5230,370.9308961581789,0.0,0.0
5231,370.9718078964277,0.0,0.0
5232,371.0121878992657,0.0,0.0
5233,371.053235886077,0.0,0.0
5234,371.07668858810086,0.0,0.0
5235,371.0956349875119,0.0,0.0
5236,371.10898821450905,0.0,0.0
5237,371.1176121647878,0.0,0.0
5238,371.1456171935362,0.0,0.0
5239,371.16692896454396,0.0,0.0
5240,371.1560588150581,0.0,0.0
5241,371.69008307623074,0.0,0.0
5242,372.28831195672274,0.0,0.0
5243,372.46231934950555,0.0,0.0
5244,372.50747714580547,0.0,0.0
5245,372.4945655855668,0.0,0.0
5246,372.4761630135752,0.0,0.0
5247,372.4579991435719,0.0,0.0
5248,372.4421979234962,0.0,0.0
5249,372.42967144030564,0.0,0.0
5250,372.42044195148264,0.0,0.0
5251,372.4229208114186,0.0,0.0
5252,372.4299184704219,0.0,0.0
5253,372.43963863230687,0.0,0.0
5254,372.47602658135514,0.0,0.0
5255,372.5035443209278,0.0,0.0
5256,372.5285386005782,0.0,0.0
5257,372.55831984107147,0.0,0.0
5258,372.57064912619984,0.0,0.0
5259,372.5830036764422,0.0,0.0
5260,372.615598692271,0.0,0.0
5261,372.6379584915565,0.0,0.0
5262,372.6353693294616,0.0,0.0
5263,372.6284082953305,0.0,0.0
5264,372.62508491601227,0.0,0.0
5265,372.620286911071,0.0,0.0
5266,372.6022850548546,0.0,0.0
5267,372.5803336621703,0.0,0.0
5268,372.5551497127612,0.0,0.0
5269,372.52861469559997,0.0,0.0
5270,372.50848787715427,0.0,0.0
5271,372.48828392566725,0.0,0.0
5272,372.46795010728516,0.0,0.0
5273,372.4514917956435,0.0,0.0
5274,372.4431606043877,0.0,0.0
5275,372.44973969066393,0.0,0.0
5276,372.4595673312132,0.0,0.0
5277,372.4730377119562,0.0,0.0
5278,372.49075684094373,0.0,0.0
5279,372.5108937590701,0.0,0.0
5280,372.5323225266025,0.0,0.0
5281,372.55546491941345,0.0,0.0
5282,372.5673592863941,0.0,0.0
5283,372.5802504711647,0.0,0.0
5284,372.5918209042443,0.0,0.0
5285,372.5989762451911,0.0,0.0
5286,372.6126344993864,0.0,0.0
5287,372.62605572814005,0.0,0.0
5288,372.6227291859465,0.0,0.0
5289,372.6176493142162,0.0,0.0
5290,372.5990386989707,0.0,0.0
5291,372.57080809643173,0.0,0.0
5292,372.5386345275266,0.0,0.0
5293,372.4979863207045,0.0,0.0
5294,372.4582536696595,0.0,0.0
5295,372.4215267062518,0.0,0.0
5296,372.39855223595623,0.0,0.0
5297,372.38129211720576,0.0,0.0
5298,372.36988800065154,0.0,0.0
5299,372.36856093293164,0.0,0.0
5300,372.3698480315631,0.0,0.0
5301,372.42825219720055,0.0,0.0
5302,372.449218928407,0.0,0.0
5303,372.47195516035384,0.0,0.0
5304,372.49150034177694,0.0,0.0
5305,372.5141314905275,0.0,0.0
5306,372.5336178195351,0.0,0.0
5307,372.5441006119816,0.0,0.0
5308,372.5573590415046,0.0,0.0
5309,372.56330989321725,0.0,0.0
5310,372.57544218921345,0.0,0.0
5311,372.58966503093467,0.0,0.0
5312,372.5884562498696,0.0,0.0
5313,372.58497238573557,0.0,0.0
5314,372.56563297786573,0.0,0.0
5315,372.5500400340544,0.0,0.0
5316,372.5287561126216,0.0,0.0
5317,372.5021416467863,0.0,0.0
5318,372.47677960594046,0.0,0.0
5319,372.4503471254559,0.0,0.0
5320,372.44293654307637,0.0,0.0
5321,372.4411277714825,0.0,0.0
5322,372.4399509531913,0.0,0.0
5323,372.44172295466296,0.0,0.0
5324,372.4543480395353,0.0,0.0
5325,372.46686676455045,0.0,0.0
5326,372.48525005558025,0.0,0.0
5327,372.50706035347974,0.0,0.0
5328,372.52865157471234,0.0,0.0
5329,372.5561367685258,0.0,0.0
5330,372.5710318599079,0.0,0.0
5331,372.58331031506776,0.0,0.0
5332,372.597043613904,0.0,0.0
5333,372.60490758766434,0.0,0.0
5334,372.62051758555447,0.0,0.0
5335,372.6341517193334,0.0,0.0
5336,372.63007260270047,0.0,0.0
5337,372.62235811781807,0.0,0.0
5338,373.24711867211096,0.0,0.0
5339,374.0277329002241,0.0,0.0
5340,374.30882198091217,0.0,0.0
5341,374.30195143329286,0.0,0.0
5342,374.2814873641813,0.0,0.0
5343,374.25840322628636,0.0,0.0
5344,374.245866493059,0.0,0.0
5345,374.23423351029777,0.0,0.0
5346,374.2259129515246,0.0,0.0
5347,374.22580882180586,0.0,0.0
5348,374.232437624096,0.0,0.0
5349,374.2495464016352,0.0,0.0
5350,374.3100760762909,0.0,0.0
5351,374.3513401111429,0.0,0.0
5352,374.39615452544115,0.0,0.0
5353,374.43307423025715,0.0,0.0
5354,374.4530587682274,0.0,0.0
5355,374.4657471183547,0.0,0.0
5356,374.47973240494196,0.0,0.0
5357,374.51578833864664,0.0,0.0
5358,374.5355398343278,0.0,0.0
5359,374.53394294573036,0.0,0.0
5360,374.51746039200583,0.0,0.0
5361,374.51147894836646,0.0,0.0
5362,374.49670011761356,0.0,0.0
5363,374.47214641870306,0.0,0.0
5364,374.43699946408117,0.0,0.0
5365,374.4008301855866,0.0,0.0
5366,374.36554115989014,0.0,0.0
5367,374.3329925251223,0.0,0.0
5368,374.31111460055894,0.0,0.0
5369,374.29786360652196,0.0,0.0
5370,374.28962258391743,0.0,0.0
5371,374.3105507141884,0.0,0.0
5372,374.32815286953524,0.0,0.0
5373,374.36232849794726,0.0,0.0
5374,374.4094926373338,0.0,0.0
5375,374.44855521474324,0.0,0.0
5376,374.495407832708,0.0,0.0
5377,374.52808559893333,0.0,0.0
5378,374.5630242648046,0.0,0.0
5379,374.57751440856316,0.0,0.0
5380,374.5908094719043,0.0,0.0
5381,374.60023220109866,0.0,0.0
5382,374.6125890092678,0.0,0.0
5383,374.6273920726831,0.0,0.0
5384,374.700480421753,0.0,0.0
5385,375.3118098626323,0.0,0.0
5386,375.4273180899316,0.0,0.0
5387,375.41269627500327,0.0,0.0
5388,375.3854026967802,0.0,0.0
5389,375.34954612942886,0.0,0.0
5390,375.3133152078106,0.0,0.0
5391,375.2791753505858,0.0,0.0
5392,375.35510712327425,0.0,0.0
5393,375.57771199832194,0.0,0.0
5394,375.58566562293225,0.0,0.0
5395,375.6084995246525,0.0,0.0
5396,375.6303599761661,0.0,0.0
5397,375.653513243677,0.0,0.0
5398,375.6859991855217,0.0,0.0
5399,375.71888640897845,0.0,0.0
5400,375.7599111911587,0.0,0.0
5401,375.8001756166603,0.0,0.0
5402,375.82730584391555,0.0,0.0
5403,375.845291637416,0.0,0.0
5404,375.8768944521463,0.0,0.0
5405,375.8928490680506,0.0,0.0
5406,375.8884596758652,0.0,0.0
5407,375.8914071357122,0.0,0.0
5408,375.91095874945637,0.0,0.0
5409,375.9041858647856,0.0,0.0
5410,375.8841646345161,0.0,0.0
5411,375.8572921143293,0.0,0.0
5412,375.96620077214436,0.0,0.0
5413,376.74306744924127,0.0,0.0
5414,376.9873880225109,0.0,0.0
5415,376.982722769854,0.0,0.0
5416,376.97939543593833,0.0,0.0
5417,376.970327880311,0.0,0.0
5418,376.9664490620204,0.0,0.0
5419,376.9704997147772,0.0,0.0
5420,376.98773486425887,0.0,0.0
5421,377.0131636933337,0.0,0.0
5422,377.04586084514034,0.0,0.0
5423,377.0802935875317,0.0,0.0
5424,377.11266246139064,0.0,0.0
5425,377.1392717297734,0.0,0.0
5426,377.15350728161224,0.0,0.0
5427,377.16350993401164,0.0,0.0
5428,377.1767933907451,0.0,0.0
5429,377.1866819992467,0.0,0.0
5430,377.20127992159536,0.0,0.0
5431,377.22078250759097,0.0,0.0
5432,377.2266342771804,0.0,0.0
5433,377.21836551622715,0.0,0.0
5434,377.1848281929172,0.0,0.0
5435,377.1523328058592,0.0,0.0
5436,377.1246168543277,0.0,0.0
5437,377.09052986604803,0.0,0.0
5438,377.0532643735862,0.0,0.0
5439,377.01772781715175,0.0,0.0
5440,377.0012520387749,0.0,0.0
5441,376.98807254503765,0.0,0.0
5442,376.9801119683669,0.0,0.0
5443,376.9827179637062,0.0,0.0
5444,377.0201649697935,0.0,0.0
5445,377.04965556635307,0.0,0.0
5446,377.0927055647481,0.0,0.0
5447,377.1337445288318,0.0,0.0
5448,377.1698229549392,0.0,0.0
5449,377.19261192065215,0.0,0.0
5450,377.209375408629,0.0,0.0
5451,377.21626037261865,0.0,0.0
5452,377.2263216798044,0.0,0.0
5453,377.2376443277608,0.0,0.0
5454,377.2513111936045,0.0,0.0
5455,377.2664040020711,0.0,0.0
5456,377.28361765075863,0.0,0.0
5457,377.3019522358768,0.0,0.0
5458,377.2944706858483,0.0,0.0
5459,377.28757258147505,0.0,0.0
5460,377.2712421785104,0.0,0.0
5461,377.454329223055,0.0,0.0
5462,377.43760453446663,0.0,0.0
5463,377.4124216435429,0.0,0.0
5464,377.3942832352631,0.0,0.0
5465,377.37916503947116,0.0,0.0
5466,377.37138402818954,0.0,0.0
5467,377.37622289277755,0.0,0.0
5468,377.38602425701026,0.0,0.0
5469,377.40019409263704,0.0,0.0
5470,377.4328495197674,0.0,0.0
5471,377.48180689132744,0.0,0.0
5472,377.5275089384333,0.0,0.0
5473,377.5581653823638,0.0,0.0
5474,377.5729648493299,0.0,0.0
5475,377.5838180326455,0.0,0.0
5476,377.6010790423731,0.0,0.0
5477,377.6063257107469,0.0,0.0
5478,377.61738187648825,0.0,0.0
5479,377.61544901716786,0.0,0.0
5480,377.61199742914886,0.0,0.0
5481,377.6063846438757,0.0,0.0
5482,377.58298742610265,0.0,0.0
5483,377.5602803315748,0.0,0.0
5484,377.5325440455815,0.0,0.0
5485,377.49327444543763,0.0,0.0
5486,377.45555131078095,0.0,0.0
5487,377.42128822570044,0.0,0.0
5488,377.400357711897,0.0,0.0
5489,377.3864332939163,0.0,0.0
5490,377.37737906885667,0.0,0.0
5491,377.3771549053967,0.0,0.0
5492,377.38540600264446,0.0,0.0
5493,377.47518314550473,0.0,0.0
5494,377.5153895856058,0.0,0.0
5495,377.56501592637863,0.0,0.0
5496,377.60066845663073,0.0,0.0
5497,377.63027147564395,0.0,0.0
5498,377.6450871518396,0.0,0.0
5499,377.6628166047524,0.0,0.0
5500,377.67636314251126,0.0,0.0
5501,377.68378251195514,0.0,0.0
5502,377.6959743610821,0.0,0.0
5503,377.7080775260787,0.0,0.0
5504,377.70502385000765,0.0,0.0
5505,377.6958313155756,0.0,0.0
5506,377.6751942983294,0.0,0.0
5507,377.64692288084785,0.0,0.0
5508,377.6112269451674,0.0,0.0
5509,377.5721422736614,0.0,0.0
5510,377.5362433151114,0.0,0.0
5511,377.50247097785,0.0,0.0
5512,377.4805816651751,0.0,0.0
5513,377.47674442868066,0.0,0.0
5514,377.4693146752292,0.0,0.0
5515,377.47155352496515,0.0,0.0
5516,377.48389163222964,0.0,0.0
5517,377.5495663156326,0.0,0.0
5518,377.5838099784285,0.0,0.0
5519,377.62107412055866,0.0,0.0
5520,377.67432469123713,0.0,0.0
5521,377.70988922121956,0.0,0.0
5522,377.7284694352183,0.0,0.0
5523,377.7384260968043,0.0,0.0
5524,377.7506758294824,0.0,0.0
5525,377.76371062090647,0.0,0.0
5526,377.7750201267469,0.0,0.0
5527,377.790592158802,0.0,0.0
5528,377.7903569248316,0.0,0.0
5529,377.78417669942166,0.0,0.0
5530,377.7642458548871,0.0,0.0
5531,377.7385551200989,0.0,0.0
5532,377.70361432589226,0.0,0.0
5533,377.664146952536,0.0,0.0
5534,377.62611984426906,0.0,0.0
5535,377.6069273657243,0.0,0.0
5536,377.5904418745236,0.0,0.0
5537,377.5771218075637,0.0,0.0
5538,377.56862091022236,0.0,0.0
5539,377.5750767735468,0.0,0.0
5540,377.5932696821229,0.0,0.0
5541,377.6201236463752,0.0,0.0
5542,377.67168438365076,0.0,0.0
5543,377.7231604417002,0.0,0.0
5544,377.764687076785,0.0,0.0
5545,377.8029946166129,0.0,0.0
5546,377.8329058948627,0.0,0.0
5547,377.8467708639264,0.0,0.0
5548,377.86202216252155,0.0,0.0
5549,377.87727903807166,0.0,0.0
5550,377.89186162806624,0.0,0.0
5551,377.90817813672834,0.0,0.0
5552,377.91626817505966,0.0,0.0
5553,377.91406743834364,0.0,0.0
5554,377.90304001931696,0.0,0.0
5555,377.8826952403324,0.0,0.0
5556,377.8625258119914,0.0,0.0
5557,377.82519858224754,0.0,0.0
5558,377.79451353156554,0.0,0.0
5559,377.7633703525234,0.0,0.0
5560,377.7443175880777,0.0,0.0
5561,377.7313034954262,0.0,0.0
5562,377.7227655341417,0.0,0.0
5563,377.7214262079588,0.0,0.0
5564,377.7302621077969,0.0,0.0
5565,377.7413200237097,0.0,0.0
5566,377.76730582873694,0.0,0.0
5567,377.8003916357126,0.0,0.0
5568,377.8333286286287,0.0,0.0
5569,377.86776943827596,0.0,0.0
5570,377.88384120055287,0.0,0.0
5571,377.89400070810717,0.0,0.0
5572,377.90583885403316,0.0,0.0
5573,377.9168308016554,0.0,0.0
5574,377.9282312328354,0.0,0.0
5575,377.95081064014454,0.0,0.0
5576,377.9627509435701,0.0,0.0
5577,377.96731072931266,0.0,0.0
5578,377.95449780892113,0.0,0.0
5579,377.94620881458576,0.0,0.0
5580,377.9304345773896,0.0,0.0
5581,377.9304964576461,0.0,0.0
5582,377.9255512631013,0.0,0.0
5583,377.9240737501512,0.0,0.0
5584,377.9412228160454,0.0,0.0
5585,377.94755675819994,0.0,0.0
5586,377.9580950883984,0.0,0.0
5587,377.9699923359244,0.0,0.0
5588,377.98252094281895,0.0,0.0
5589,378.0076569064069,0.0,0.0
5590,378.0395307369711,0.0,0.0
5591,378.06721752009406,0.0,0.0
5592,378.10788836198,0.0,0.0
5593,378.1467630794629,0.0,0.0
5594,378.17049666548144,0.0,0.0
5595,378.18706915125176,0.0,0.0
5596,378.1992302746803,0.0,0.0
5597,378.20812545189943,0.0,0.0
5598,378.22240957548166,0.0,0.0
5599,378.2384992335411,0.0,0.0
5600,378.23604303809157,0.0,0.0
5601,378.2271212094111,0.0,0.0
5602,378.20450829826837,0.0,0.0
5603,378.17573486222807,0.0,0.0
5604,378.13986822688844,0.0,0.0
5605,378.10580147608306,0.0,0.0
5606,378.0756872010083,0.0,0.0
5607,378.0554013739833,0.0,0.0
5608,378.0402805838044,0.0,0.0
5609,378.02951999148956,0.0,0.0
5610,378.0213664120464,0.0,0.0
5611,378.02948448784133,0.0,0.0
5612,378.0425501882129,0.0,0.0
5613,378.0528560673934,0.0,0.0
5614,378.0776116716215,0.0,0.0
5615,378.1155239985518,0.0,0.0
5616,378.1551989325612,0.0,0.0
5617,378.17739528012726,0.0,0.0
5618,378.19158777378965,0.0,0.0
5619,378.20007994898083,0.0,0.0
5620,378.2129527732206,0.0,0.0
5621,378.2196063142978,0.0,0.0
5622,378.2333173062611,0.0,0.0
5623,378.2474925141083,0.0,0.0
5624,378.24545032546604,0.0,0.0
5625,378.2367900975101,0.0,0.0
5626,378.21696937379716,0.0,0.0
5627,378.1895345298293,0.0,0.0
5628,378.1529984233854,0.0,0.0
5629,378.11483701379416,0.0,0.0
5630,378.08005909778643,0.0,0.0
5631,378.04606585824445,0.0,0.0
5632,378.02317585813296,0.0,0.0
5633,378.00869681068565,0.0,0.0
5634,377.9998804444876,0.0,0.0
5635,378.02830106203294,0.0,0.0
5636,378.04590321737976,0.0,0.0
5637,378.06048116894976,0.0,0.0
5638,378.0816090432037,0.0,0.0
5639,378.126453428058,0.0,0.0
5640,378.15039097557116,0.0,0.0
5641,378.17256617305287,0.0,0.0
5642,378.1860593887853,0.0,0.0
5643,378.19373602116383,0.0,0.0
5644,378.2049618437963,0.0,0.0
5645,378.2162963086648,0.0,0.0
5646,378.2290374513925,0.0,0.0
5647,378.24458768802197,0.0,0.0
5648,378.24461423845344,0.0,0.0
5649,378.24311209496415,0.0,0.0
5650,378.22603457239154,0.0,0.0
5651,378.2024658851169,0.0,0.0
5652,378.175295910945,0.0,0.0
5653,378.14880950745027,0.0,0.0
5654,378.1228015185535,0.0,0.0
5655,378.0981254400999,0.0,0.0
5656,378.0854160639255,0.0,0.0
5657,378.0740530952784,0.0,0.0
5658,378.06564766016515,0.0,0.0
5659,378.06728979830274,0.0,0.0
5660,378.07208802892654,0.0,0.0
5661,378.08046081420053,0.0,0.0
5662,378.1013931819251,0.0,0.0
5663,378.12273458604966,0.0,0.0
5664,378.146559035428,0.0,0.0
5665,378.1604688672847,0.0,0.0
5666,378.1715238426653,0.0,0.0
5667,378.1821044327619,0.0,0.0
5668,378.19525433906745,0.0,0.0
5669,378.19988871223893,0.0,0.0
5670,378.2151318092325,0.0,0.0
5671,378.2280652273801,0.0,0.0
5672,378.22573657929183,0.0,0.0
5673,378.2185461391475,0.0,0.0
5674,378.20298646398777,0.0,0.0
5675,378.1887021215472,0.0,0.0
5676,378.1711688135149,0.0,0.0
5677,378.1398016283981,0.0,0.0
5678,378.11927588723825,0.0,0.0
5679,378.097023864639,0.0,0.0
5680,378.0827569726357,0.0,0.0
5681,378.07109445846703,0.0,0.0
5682,378.06260115075406,0.0,0.0
5683,378.06615765748256,0.0,0.0
5684,378.1072650719398,0.0,0.0
5685,378.14136695353926,0.0,0.0
5686,378.18358991919445,0.0,0.0
5687,378.2282437986471,0.0,0.0
5688,378.2683883885421,0.0,0.0
5689,378.2981017465489,0.0,0.0
5690,378.3160381581625,0.0,0.0
5691,378.33265281888464,0.0,0.0
5692,378.34858465845423,0.0,0.0
5693,378.36017803565534,0.0,0.0
5694,378.37681988465476,0.0,0.0
5695,378.39066584115005,0.0,0.0
5696,378.3862561880491,0.0,0.0
5697,378.3797539792283,0.0,0.0
5698,378.36200393973206,0.0,0.0
5699,378.3483193754399,0.0,0.0
5700,378.3359233183361,0.0,0.0
5701,378.3125147695162,0.0,0.0
5702,378.2973517974035,0.0,0.0
5703,378.2811534944465,0.0,0.0
5704,378.27447457742227,0.0,0.0
5705,378.269581085832,0.0,0.0
5706,378.2668812936994,0.0,0.0
5707,378.281371987741,0.0,0.0
5708,378.3083223736076,0.0,0.0
5709,378.38225440531477,0.0,0.0
5710,378.4340676043876,0.0,0.0
5711,378.4840490007394,0.0,0.0
5712,378.5265938346618,0.0,0.0
5713,378.5653687741093,0.0,0.0
5714,378.5941430662163,0.0,0.0
5715,378.60847869473076,0.0,0.0
5716,378.62273128685973,0.0,0.0
5717,378.6362787971707,0.0,0.0
5718,378.65468608370617,0.0,0.0
5719,378.6542949511599,0.0,0.0
5720,378.6507095284806,0.0,0.0
5721,378.645025896514,0.0,0.0
5722,378.63199416744243,0.0,0.0
5723,378.6193012059369,0.0,0.0
5724,378.5969551434215,0.0,0.0
5725,378.5587843826868,0.0,0.0
5726,378.52351594862375,0.0,0.0
5727,378.50569597417336,0.0,0.0
5728,378.4887508850352,0.0,0.0
5729,378.4740861584052,0.0,0.0
5730,378.46572953163167,0.0,0.0
5731,378.4681602660695,0.0,0.0
5732,378.4759981678852,0.0,0.0
5733,378.4920871459548,0.0,0.0
5734,378.5210360152416,0.0,0.0
5735,378.55577310775936,0.0,0.0
5736,378.59346484696806,0.0,0.0
5737,378.627728128211,0.0,0.0
5738,378.65066453280195,0.0,0.0
5739,378.66604441686064,0.0,0.0
5740,378.6801831952615,0.0,0.0
5741,378.6920133064722,0.0,0.0
5742,378.7090303538581,0.0,0.0
5743,378.71968720749504,0.0,0.0
5744,378.7256556247245,0.0,0.0
5745,378.7428588499451,0.0,0.0
5746,378.73635342618115,0.0,0.0
5747,378.7274463625308,0.0,0.0
5748,378.71923894798977,0.0,0.0
5749,378.7018700735849,0.0,0.0
5750,378.68723009827255,0.0,0.0
5751,378.6737190166146,0.0,0.0
5752,378.6692780681293,0.0,0.0
5753,378.68281848946276,0.0,0.0
5754,378.68014825395534,0.0,0.0
5755,378.70347573709716,0.0,0.0
5756,378.7244542737575,0.0,0.0
5757,378.747982528452,0.0,0.0
5758,378.78229726289453,0.0,0.0
5759,378.8209863220463,0.0,0.0
5760,378.8508991004447,0.0,0.0
5761,378.8760663010692,0.0,0.0
5762,378.89080826011894,0.0,0.0
5763,378.90171281784205,0.0,0.0
5764,378.91716816297077,0.0,0.0
5765,378.9219638562319,0.0,0.0
5766,378.93146963012606,0.0,0.0
5767,378.93172493356275,0.0,0.0
5768,378.93005964727166,0.0,0.0
5769,378.9286603453934,0.0,0.0
5770,378.9132786371733,0.0,0.0
5771,378.89159007555764,0.0,0.0
5772,378.8638726738596,0.0,0.0
5773,378.831207115081,0.0,0.0
5774,378.8048385438584,0.0,0.0
5775,378.77784872643076,0.0,0.0
5776,378.7648950929386,0.0,0.0
5777,378.7597697472058,0.0,0.0
5778,378.7570940882362,0.0,0.0
5779,378.7823504013966,0.0,0.0
5780,378.81430351478076,0.0,0.0
5781,378.8434205202837,0.0,0.0
5782,378.887741682386,0.0,0.0
5783,378.93296340443015,0.0,0.0
5784,378.9888402478025,0.0,0.0
5785,379.017323594474,0.0,0.0
5786,379.0324218351516,0.0,0.0
5787,379.04942857614,0.0,0.0
5788,379.0640181137755,0.0,0.0
5789,379.0713095440404,0.0,0.0
5790,379.08587194225356,0.0,0.0
5791,379.0850965802222,0.0,0.0
5792,379.08184427263114,0.0,0.0
5793,379.07874581142363,0.0,0.0
5794,379.0716428209073,0.0,0.0
5795,379.060996110541,0.0,0.0
5796,379.04305582049875,0.0,0.0
5797,379.0135862411679,0.0,0.0
5798,378.99429632967565,0.0,0.0
5799,378.9710007841721,0.0,0.0
5800,378.96143384880827,0.0,0.0
5801,378.9549262647517,0.0,0.0
5802,378.95178116784814,0.0,0.0
5803,378.9677667335165,0.0,0.0
5804,378.98730939884086,0.0,0.0
5805,379.00303140938524,0.0,0.0
5806,379.0316483680191,0.0,0.0
5807,379.1167350274258,0.0,0.0
5808,379.1634427152717,0.0,0.0
5809,379.1856843437204,0.0,0.0
5810,379.1985127281414,0.0,0.0
5811,379.2126756586449,0.0,0.0
5812,379.2273446755605,0.0,0.0
5813,379.2420438678957,0.0,0.0
5814,379.25391941442575,0.0,0.0
5815,379.5453070292237,0.0,0.0
5816,379.6556439622137,0.0,0.0
5817,379.66179789329726,0.0,0.0
5818,379.6505039650467,0.0,0.0
5819,379.63796905232346,0.0,0.0
5820,379.6229859583935,0.0,0.0
5821,379.6039520453537,0.0,0.0
5822,379.58460408601286,0.0,0.0
5823,379.9149614306624,0.0,0.0
5824,380.4129000832903,0.0,0.0
5825,380.5050668042836,0.0,0.0
5826,380.5552095439387,0.0,0.0
5827,380.6236735728478,0.0,0.0
5828,380.6856471727874,0.0,0.0
5829,380.7247730978833,0.0,0.0
5830,380.7761789793961,0.0,0.0
5831,380.83215903929386,0.0,0.0
5832,380.87768646948945,0.0,0.0
5833,380.90749749535536,0.0,0.0
5834,380.9371607664576,0.0,0.0
5835,380.95339262479865,0.0,0.0
5836,380.9521385742038,0.0,0.0
5837,380.9557071944006,0.0,0.0
5838,380.97966340537903,0.0,0.0
5839,381.0025833937311,0.0,0.0
5840,381.0004007534729,0.0,0.0
5841,381.35837518986506,0.0,0.0
5842,381.9968070101153,0.0,0.0
5843,382.0392147835833,0.0,0.0
5844,382.02127813078215,0.0,0.0
5845,382.0119553693726,0.0,0.0
5846,382.2250169229692,0.0,0.0
5847,382.40337789716557,0.0,0.0
5848,382.3982816753355,0.0,0.0
5849,382.3970630087888,0.0,0.0
5850,382.3971159386558,0.0,0.0
5851,382.4220249751423,0.0,0.0
5852,382.44733346374136,0.0,0.0
5853,382.47532408445124,0.0,0.0
5854,382.5265152072153,0.0,0.0
5855,382.5934739173624,0.0,0.0
5856,382.6312290863583,0.0,0.0
5857,382.65214384449865,0.0,0.0
5858,382.6677814427991,0.0,0.0
5859,382.6783122525586,0.0,0.0
5860,382.7076348822988,0.0,0.0
5861,382.72624225518194,0.0,0.0
5862,382.7299283053,0.0,0.0
5863,382.72471349341674,0.0,0.0
5864,382.72336005180665,0.0,0.0
5865,382.72823667573164,0.0,0.0
5866,382.70594722559383,0.0,0.0
5867,382.6747486573267,0.0,0.0
5868,382.6406761235481,0.0,0.0
5869,382.62599095574024,0.0,0.0
5870,382.5998779032681,0.0,0.0
5871,382.58105815096314,0.0,0.0
5872,382.5659598815853,0.0,0.0
5873,382.5543996892258,0.0,0.0
5874,382.5499920693737,0.0,0.0
5875,382.55477492067644,0.0,0.0
5876,382.5789459835897,0.0,0.0
5877,382.60435667162324,0.0,0.0
5878,382.6493338198474,0.0,0.0
5879,382.6871238347103,0.0,0.0
5880,382.7249668966173,0.0,0.0
5881,382.75744009421356,0.0,0.0
5882,382.78484544697227,0.0,0.0
5883,382.79912946379204,0.0,0.0
5884,382.8156208696061,0.0,0.0
5885,382.8263792049283,0.0,0.0
5886,382.84509665114297,0.0,0.0
5887,382.86016898006363,0.0,0.0
5888,383.24045948447923,0.0,0.0
5889,383.8343573367498,0.0,0.0
5890,384.017880188471,0.0,0.0
5891,384.10649131069965,0.0,0.0
5892,384.09081177439185,0.0,0.0
5893,384.0637130270113,0.0,0.0
5894,384.03797200232674,0.0,0.0
5895,384.01303993648787,0.0,0.0
5896,384.00184747431314,0.0,0.0
5897,383.9940015763113,0.0,0.0
5898,383.98805466527756,0.0,0.0
5899,384.0155071789462,0.0,0.0
5900,384.03593697205935,0.0,0.0
5901,384.0615718926548,0.0,0.0
5902,384.1010553242791,0.0,0.0
5903,384.14887488654705,0.0,0.0
5904,384.1886713825998,0.0,0.0
5905,384.2302139529955,0.0,0.0
5906,384.26114390868764,0.0,0.0
5907,384.2912710738114,0.0,0.0
5908,384.3179866710346,0.0,0.0
5909,384.3170229345122,0.0,0.0
5910,384.3118122235513,0.0,0.0
5911,384.3169945465455,0.0,0.0
5912,384.33272861523534,0.0,0.0
5913,384.53433551975195,0.0,0.0
5914,385.0242128990911,0.0,0.0
5915,385.5018966387042,0.0,0.0
5916,385.54396147512796,0.0,0.0
5917,385.5212538353968,0.0,0.0
5918,385.49376292492116,0.0,0.0
5919,385.46363523071057,0.0,0.0
5920,385.4465709608167,0.0,0.0
5921,385.44442245603665,0.0,0.0
5922,385.44752757864103,0.0,0.0
5923,385.46916366257824,0.0,0.0
5924,385.4832053579791,0.0,0.0
5925,385.5038742176857,0.0,0.0
5926,385.5331056080967,0.0,0.0
5927,385.5835394626779,0.0,0.0
5928,385.63073551493176,0.0,0.0
5929,385.66046289363476,0.0,0.0
5930,385.6819411019932,0.0,0.0
5931,385.69556564815974,0.0,0.0
5932,385.71853169452015,0.0,0.0
5933,385.73835309773244,0.0,0.0
5934,385.7460288478131,0.0,0.0
5935,385.74991862006334,0.0,0.0
5936,385.74167635696386,0.0,0.0
5937,385.7538723422508,0.0,0.0
5938,385.73946149614244,0.0,0.0
5939,385.71291931114564,0.0,0.0
5940,385.67783110505724,0.0,0.0
5941,385.639228421467,0.0,0.0
5942,385.60277317192305,0.0,0.0
5943,385.5716546621505,0.0,0.0
5944,385.5582428196544,0.0,0.0
5945,385.5500698766273,0.0,0.0
5946,385.54417438040406,0.0,0.0
5947,385.56100477463565,0.0,0.0
5948,385.5751049589726,0.0,0.0
5949,385.6057635422389,0.0,0.0
5950,385.6449706441105,0.0,0.0
5951,385.71751998087785,0.0,0.0
5952,385.77208791599037,0.0,0.0
5953,385.8044912540562,0.0,0.0
5954,385.82540737089846,0.0,0.0
5955,385.8404271155163,0.0,0.0
5956,385.85565705880094,0.0,0.0
5957,385.8630422364127,0.0,0.0
5958,385.87734278054626,0.0,0.0
5959,385.9169829341931,0.0,0.0
5960,385.91659058046844,0.0,0.0
5961,385.9100336634209,0.0,0.0
5962,385.90559756187486,0.0,0.0
5963,385.8933517790462,0.0,0.0
5964,385.87458177422957,0.0,0.0
5965,385.8396572489951,0.0,0.0
5966,385.80499069568543,0.0,0.0
5967,385.951437564594,0.0,0.0
5968,386.2518789601173,0.0,0.0
5969,386.2793500446496,0.0,0.0
5970,386.2849247378848,0.0,0.0
5971,386.30950462338325,0.0,0.0
5972,386.33114794266095,0.0,0.0
5973,386.3659986704255,0.0,0.0
5974,386.40949716001217,0.0,0.0
5975,386.4654905036963,0.0,0.0
5976,386.4979878735747,0.0,0.0
5977,386.52685509343,0.0,0.0
5978,386.5476471545103,0.0,0.0
5979,386.560304083437,0.0,0.0
5980,386.5701601847415,0.0,0.0
5981,386.58094516058077,0.0,0.0
5982,386.60381953850185,0.0,0.0
5983,386.61299729419625,0.0,0.0
5984,386.61245997763257,0.0,0.0
5985,386.61331138192446,0.0,0.0
5986,386.6218511979193,0.0,0.0
5987,386.6155002447209,0.0,0.0
5988,386.59399069490115,0.0,0.0
5989,386.56394875027576,0.0,0.0
5990,386.54422146785856,0.0,0.0
5991,386.528835579345,0.0,0.0
5992,386.52425629619984,0.0,0.0
5993,386.5241923503553,0.0,0.0
5994,386.5332525111607,0.0,0.0
5995,386.5618722093726,0.0,0.0
5996,386.59124435197987,0.0,0.0
5997,386.6331254860454,0.0,0.0
5998,386.6832094669499,0.0,0.0
5999,386.7273428909287,0.0,0.0
6000,386.7714354761405,0.0,0.0
6001,386.80591160856216,0.0,0.0
6002,386.82456743676175,0.0,0.0
6003,386.83700201103363,0.0,0.0
6004,386.8522516541166,0.0,0.0
6005,386.86389962074384,0.0,0.0
6006,386.87508893689113,0.0,0.0
6007,386.8865906225974,0.0,0.0
6008,386.90088092505766,0.0,0.0
6009,386.90724989532663,0.0,0.0
6010,386.9026569115356,0.0,0.0
6011,386.8925312014031,0.0,0.0
6012,386.8718744389555,0.0,0.0
6013,386.8397992223092,0.0,0.0
6014,386.8085087694159,0.0,0.0
6015,386.7818775073789,0.0,0.0
6016,386.7705204322461,0.0,0.0
6017,386.7628048471511,0.0,0.0
6018,386.7855614239382,0.0,0.0
6019,386.8049482637848,0.0,0.0
6020,386.8281164549972,0.0,0.0
6021,386.8545252109425,0.0,0.0
6022,386.9072492380191,0.0,0.0
6023,386.9578466868428,0.0,0.0
6024,387.0034059729617,0.0,0.0
6025,387.0333453588855,0.0,0.0
6026,387.0520098285318,0.0,0.0
6027,387.0660467991168,0.0,0.0
6028,387.07927279807836,0.0,0.0
6029,387.09159276343087,0.0,0.0
6030,387.10318024842405,0.0,0.0
6031,387.11544482127573,0.0,0.0
6032,387.5554215501476,0.0,0.0
6033,388.40914682525823,0.0,0.0
6034,389.1544124587043,0.0,0.0
6035,389.28015992691604,0.0,0.0
6036,389.26799723376683,0.0,0.0
6037,389.24282553488797,0.0,0.0
6038,389.2236735393715,0.0,0.0
6039,389.1946389644393,0.0,0.0
6040,389.179767357165,0.0,0.0
6041,389.1673800281045,0.0,0.0
6042,389.16214559300397,0.0,0.0
6043,389.1666183791073,0.0,0.0
6044,389.21549624619377,0.0,0.0
6045,389.25826524989037,0.0,0.0
6046,389.31464975248554,0.0,0.0
6047,389.3642675697502,0.0,0.0
6048,389.4114789530986,0.0,0.0
6049,389.44283933731367,0.0,0.0
6050,389.468367149378,0.0,0.0
6051,389.5011686531863,0.0,0.0
6052,389.52608224332624,0.0,0.0
6053,389.5244921244588,0.0,0.0
6054,389.51875346744646,0.0,0.0
6055,389.6085157437704,0.0,0.0
6056,390.18841304679734,0.0,0.0
6057,390.2428495621258,0.0,0.0
6058,390.2356359663022,0.0,0.0
6059,390.218389802224,0.0,0.0
6060,390.1951173962147,0.0,0.0
6061,390.1778138046069,0.0,0.0
6062,390.15637065433543,0.0,0.0
6063,390.13388966227564,0.0,0.0
6064,390.11883168537037,0.0,0.0
6065,390.10926632270133,0.0,0.0
6066,390.10289465525835,0.0,0.0
6067,390.11965544107835,0.0,0.0
6068,390.1468041609652,0.0,0.0
6069,390.1788530675658,0.0,0.0
6070,390.21485178922916,0.0,0.0
6071,390.2531511929883,0.0,0.0
6072,390.28776170451664,0.0,0.0
6073,390.32407746783053,0.0,0.0
6074,390.3589974521629,0.0,0.0
6075,390.388733491412,0.0,0.0
6076,390.4021626081323,0.0,0.0
6077,390.3984238215646,0.0,0.0
6078,390.41223031450437,0.0,0.0
6079,390.45580658178096,0.0,0.0
6080,390.45568491480003,0.0,0.0
6081,390.4493985008949,0.0,0.0
6082,390.4410879637921,0.0,0.0
6083,390.42632719571753,0.0,0.0
6084,390.4120177348099,0.0,0.0
6085,390.4025757415335,0.0,0.0
6086,390.39067633139854,0.0,0.0
6087,390.37956634295017,0.0,0.0
6088,390.382056187917,0.0,0.0
6089,390.40563564330535,0.0,0.0
6090,390.44285306123527,0.0,0.0
6091,390.4607231181548,0.0,0.0
6092,390.4824765077959,0.0,0.0
6093,390.5132845218281,0.0,0.0
6094,390.54152448417335,0.0,0.0
6095,390.5854032039452,0.0,0.0
6096,390.6213609863701,0.0,0.0
6097,390.64180941027274,0.0,0.0
6098,390.65753639755394,0.0,0.0
6099,390.666887810955,0.0,0.0
6100,390.68305460501455,0.0,0.0
6101,390.6957265085653,0.0,0.0
6102,390.70969868812614,0.0,0.0
6103,390.7319488681301,0.0,0.0
6104,390.7632973286541,0.0,0.0
6105,390.7587682025585,0.0,0.0
6106,390.7442523652143,0.0,0.0
6107,390.7268827483004,0.0,0.0
6108,390.7092489249326,0.0,0.0
6109,390.69879929371524,0.0,0.0
6110,391.0408918317003,0.0,0.0
6111,391.55912446259623,0.0,0.0
6112,392.20914617353117,0.0,0.0
6113,392.44184126488636,0.0,0.0
6114,392.5298009246278,0.0,0.0
6115,392.58403664852085,0.0,0.0
6116,392.6213394849441,0.0,0.0
6117,392.66603126639257,0.0,0.0
6118,392.7415121871587,0.0,0.0
6119,392.8059352133441,0.0,0.0
6120,392.8535625002342,0.0,0.0
6121,392.8815631138377,0.0,0.0
6122,392.8987090467499,0.0,0.0
6123,392.91466915780836,0.0,0.0
6124,392.9290283792475,0.0,0.0
6125,392.9357382795617,0.0,0.0
6126,392.95012069192285,0.0,0.0
6127,392.9726005346928,0.0,0.0
6128,392.972380867992,0.0,0.0
6129,392.96690161263854,0.0,0.0
6130,392.9483472510177,0.0,0.0
6131,392.9148013883339,0.0,0.0
6132,392.87517118681853,0.0,0.0
6133,392.83955569465905,0.0,0.0
6134,392.81343404146116,0.0,0.0
6135,392.80802859333323,0.0,0.0
6136,392.8064633605947,0.0,0.0
6137,392.8053295582101,0.0,0.0
6138,392.80453154806804,0.0,0.0
6139,392.83276501511756,0.0,0.0
6140,392.86269211983637,0.0,0.0
6141,392.9011485682463,0.0,0.0
6142,392.94704050227415,0.0,0.0
6143,392.9968841156374,0.0,0.0
6144,393.0472567691987,0.0,0.0
6145,393.07332000407825,0.0,0.0
6146,393.0903651148051,0.0,0.0
6147,393.1024846133833,0.0,0.0
6148,393.11440807326534,0.0,0.0
6149,393.1219771524151,0.0,0.0
6150,393.1357386589002,0.0,0.0
6151,393.15253644888935,0.0,0.0
6152,393.1502706972752,0.0,0.0
6153,393.1464919753904,0.0,0.0
6154,393.12514831678874,0.0,0.0
6155,393.09759598237787,0.0,0.0
6156,393.06190276698436,0.0,0.0
6157,393.03794974088356,0.0,0.0
6158,393.02272622283584,0.0,0.0
6159,393.0134525202325,0.0,0.0
6160,393.0197661099397,0.0,0.0
6161,393.02670628011396,0.0,0.0
6162,393.03318902783207,0.0,0.0
6163,393.0498653208184,0.0,0.0
6164,393.0693752821707,0.0,0.0
6165,393.1146077053509,0.0,0.0
6166,393.16477369094036,0.0,0.0
6167,393.1987315163282,0.0,0.0
6168,393.2508415198307,0.0,0.0
6169,393.27371069479716,0.0,0.0
6170,393.29108169816345,0.0,0.0
6171,393.30427664273253,0.0,0.0
6172,393.3202873556131,0.0,0.0
6173,393.32717397057667,0.0,0.0
6174,393.3440233492332,0.0,0.0
6175,393.36122213888575,0.0,0.0
6176,393.41613878045814,0.0,0.0
6177,393.7812453872225,0.0,0.0
6178,394.3565882684905,0.0,0.0
6179,394.99718015201296,0.0,0.0
6180,395.50497087724295,0.0,0.0
6181,395.6416075997157,0.0,0.0
6182,395.7031432906752,0.0,0.0
6183,395.7668497089112,0.0,0.0
6184,395.80001147468505,0.0,0.0
6185,395.8280187966496,0.0,0.0
6186,395.84801466044945,0.0,0.0
6187,395.8620619193642,0.0,0.0
6188,395.8746722581621,0.0,0.0
6189,395.89462722744776,0.0,0.0
6190,395.9300207992247,0.0,0.0
6191,395.97998971581177,0.0,0.0
6192,396.0201724258134,0.0,0.0
6193,396.0474846210573,0.0,0.0
6194,396.0644868554902,0.0,0.0
6195,396.07935478245855,0.0,0.0
6196,396.1034568702915,0.0,0.0
6197,396.1226551602793,0.0,0.0
6198,396.121122333989,0.0,0.0
6199,396.1157456767292,0.0,0.0
6200,396.1133997832116,0.0,0.0
6201,396.10776206008643,0.0,0.0
6202,396.0970427057139,0.0,0.0
6203,396.10093827090304,0.0,0.0
6204,396.7078943977121,0.0,0.0
6205,396.763712426999,0.0,0.0
6206,396.7464803003797,0.0,0.0
6207,396.72842887897843,0.0,0.0
6208,396.72026711513763,0.0,0.0
6209,396.71511274468025,0.0,0.0
6210,396.71175155893866,0.0,0.0
6211,396.72688179471356,0.0,0.0
6212,396.7405018706897,0.0,0.0
6213,396.78627005084786,0.0,0.0
6214,396.84385548880846,0.0,0.0
6215,396.90422643286865,0.0,0.0
6216,396.94712375835525,0.0,0.0
6217,396.9846455222723,0.0,0.0
6218,397.0221958518083,0.0,0.0
6219,397.0398599665779,0.0,0.0
6220,397.0558606578409,0.0,0.0
6221,397.06578870066824,0.0,0.0
6222,397.08245920338067,0.0,0.0
6223,397.11490087158325,0.0,0.0
6224,397.12345352097543,0.0,0.0
6225,397.3555364118891,0.0,0.0
6226,398.2560917915559,0.0,0.0
6227,399.230524831492,0.0,0.0
6228,399.64146691596284,0.0,0.0
6229,399.694279487037,0.0,0.0
6230,399.693021348436,0.0,0.0
6231,399.68956519584236,0.0,0.0
6232,399.6831675495286,0.0,0.0
6233,399.67798872196875,0.0,0.0
6234,399.6756275509042,0.0,0.0
6235,399.70923796447465,0.0,0.0
6236,399.7457400831815,0.0,0.0
6237,399.7718179306889,0.0,0.0
6238,399.8120358551025,0.0,0.0
6239,399.8411237734273,0.0,0.0
6240,399.8668248317586,0.0,0.0
6241,399.9060490068034,0.0,0.0
6242,399.9352605699905,0.0,0.0
6243,399.95059374980264,0.0,0.0
6244,399.9775324282843,0.0,0.0
6245,400.0065621887003,0.0,0.0
6246,400.0119337997648,0.0,0.0
6247,400.0067411552767,0.0,0.0
6248,399.99198314097345,0.0,0.0
6249,399.99640439948803,0.0,0.0
6250,400.0373484523732,0.0,0.0
6251,400.4359565633357,0.0,0.0
6252,400.90938257928775,0.0,0.0
6253,401.47073944043325,0.0,0.0
6254,401.9023875801702,0.0,0.0
6255,401.9925563548911,0.0,0.0
6256,402.0646447069585,0.0,0.0
6257,402.10808297267204,0.0,0.0
6258,402.1497567839651,0.0,0.0
6259,402.18565344008795,0.0,0.0
6260,402.2176350822302,0.0,0.0
6261,402.2559825487881,0.0,0.0
6262,402.3013898094722,0.0,0.0
6263,402.34734764414617,0.0,0.0
6264,402.3809773940275,0.0,0.0
6265,402.4105868575508,0.0,0.0
6266,402.42811012142255,0.0,0.0
6267,402.44183884358813,0.0,0.0
6268,402.455058696708,0.0,0.0
6269,402.46434597419557,0.0,0.0
6270,402.48847594018963,0.0,0.0
6271,402.5096094256439,0.0,0.0
6272,402.5020541547981,0.0,0.0
6273,402.48437242988655,0.0,0.0
6274,402.45824609920527,0.0,0.0
6275,402.4418050646064,0.0,0.0
6276,402.4289800320327,0.0,0.0
6277,402.4120154767084,0.0,0.0
6278,402.39106126270195,0.0,0.0
6279,402.368582865299,0.0,0.0
6280,402.35452654415576,0.0,0.0
6281,402.3444684050735,0.0,0.0
6282,402.3411062054439,0.0,0.0
6283,402.34782532818616,0.0,0.0
6284,402.3648341314108,0.0,0.0
6285,402.38530222207964,0.0,0.0
6286,402.4063589810913,0.0,0.0
6287,402.430592573124,0.0,0.0
6288,402.4523616083951,0.0,0.0
6289,402.46802800086783,0.0,0.0
6290,402.4810396215478,0.0,0.0
6291,402.48937104908674,0.0,0.0
6292,402.5039009748035,0.0,0.0
6293,402.5148903439382,0.0,0.0
6294,402.5326483517696,0.0,0.0
6295,402.549799644185,0.0,0.0
6296,402.55105195028585,0.0,0.0
6297,402.5429063245233,0.0,0.0
6298,402.5230698835179,0.0,0.0
6299,402.49605047246536,0.0,0.0
6300,402.4643024576488,0.0,0.0
6301,402.4405484719912,0.0,0.0
6302,402.4221287371288,0.0,0.0
6303,402.40598489904283,0.0,0.0
6304,402.40058355811647,0.0,0.0
6305,402.4004002232422,0.0,0.0
6306,402.40658765758684,0.0,0.0
6307,402.42107813138955,0.0,0.0
6308,402.43520449145115,0.0,0.0
6309,402.49097723914787,0.0,0.0
6310,402.5275098154908,0.0,0.0
6311,402.5727610127495,0.0,0.0
6312,402.62121012268426,0.0,0.0
6313,402.6487623804898,0.0,0.0
6314,402.6628379709851,0.0,0.0
6315,402.67803928716467,0.0,0.0
6316,402.6931991317616,0.0,0.0
6317,402.7024118913825,0.0,0.0
6318,402.9445732811261,0.0,0.0
6319,403.53576081473676,0.0,0.0
6320,404.220739115197,0.0,0.0
6321,404.98472848326065,0.0,0.0
6322,405.6760015630522,0.0,0.0
6323,406.1137417584387,0.0,0.0
6324,406.1737608005947,0.0,0.0
6325,406.16935757945174,0.0,0.0
6326,406.1605530201139,0.0,0.0
6327,406.1492109561166,0.0,0.0
6328,406.14634513308886,0.0,0.0
6329,406.14455824224655,0.0,0.0
6330,406.13768903658917,0.0,0.0
6331,406.14913308689705,0.0,0.0
6332,406.1689434609327,0.0,0.0
6333,406.1972826634398,0.0,0.0
6334,406.2289168843659,0.0,0.0
6335,406.27708031924055,0.0,0.0
6336,406.31781472671423,0.0,0.0
6337,406.3553156353018,0.0,0.0
6338,406.38731627333317,0.0,0.0
6339,406.3898410002077,0.0,0.0
6340,406.38569202156884,0.0,0.0
6341,406.3814500537855,0.0,0.0
6342,406.3790747787826,0.0,0.0
6343,406.3786576272836,0.0,0.0
6344,406.4080388926338,0.0,0.0
6345,406.4995720589985,0.0,0.0
6346,406.5008005638293,0.0,0.0
6347,406.49396691164634,0.0,0.0
6348,406.48056982062604,0.0,0.0
6349,406.4663544648325,0.0,0.0
6350,406.4547023179719,0.0,0.0
6351,406.44092943481485,0.0,0.0
6352,406.43239255707255,0.0,0.0
6353,406.4258743696534,0.0,0.0
6354,406.4347067652878,0.0,0.0
6355,406.45114958643336,0.0,0.0
6356,406.48363189957485,0.0,0.0
6357,406.52837061292837,0.0,0.0
6358,406.5862320719498,0.0,0.0
6359,406.6366792847891,0.0,0.0
6360,406.6856874009803,0.0,0.0
6361,406.71685226837263,0.0,0.0
6362,406.7349930143105,0.0,0.0
6363,406.7492656606855,0.0,0.0
6364,406.76614248597457,0.0,0.0
6365,406.77584159899175,0.0,0.0
6366,406.7865511395184,0.0,0.0
6367,406.7996717855128,0.0,0.0
6368,406.79753232028236,0.0,0.0
6369,406.7935442637021,0.0,0.0
6370,406.7771483566399,0.0,0.0
6371,406.75793268631253,0.0,0.0
6372,406.75662131095055,0.0,0.0
6373,406.74055480687093,0.0,0.0
6374,406.73241998460054,0.0,0.0
6375,406.71952443628675,0.0,0.0
6376,406.71837349416,0.0,0.0
6377,406.7181950652883,0.0,0.0
6378,406.72118935096324,0.0,0.0
6379,406.7314504780103,0.0,0.0
6380,406.7454090908667,0.0,0.0
6381,406.8153269590445,0.0,0.0
6382,406.87252216560773,0.0,0.0
6383,406.93292793057117,0.0,0.0
6384,406.96567697487825,0.0,0.0
6385,406.99382210513755,0.0,0.0
6386,407.0206728753571,0.0,0.0
6387,407.03477084293263,0.0,0.0
6388,407.05071539344425,0.0,0.0
6389,407.06053381183546,0.0,0.0
6390,407.07606684121606,0.0,0.0
6391,407.355870204536,0.0,0.0
6392,407.95024774404214,0.0,0.0
6393,408.53627430503843,0.0,0.0
6394,408.6098739499329,0.0,0.0
6395,408.60488355697214,0.0,0.0
6396,408.58860465695466,0.0,0.0
6397,408.58273227569566,0.0,0.0
6398,408.5724905598344,0.0,0.0
6399,408.56150104587283,0.0,0.0
6400,408.5747449497456,0.0,0.0
6401,408.5862376790506,0.0,0.0
6402,408.6005732792523,0.0,0.0
6403,408.61418676985585,0.0,0.0
6404,408.6342595196171,0.0,0.0
6405,408.6707855452882,0.0,0.0
6406,408.7083032723873,0.0,0.0
6407,408.743040838415,0.0,0.0
6408,408.78477964747367,0.0,0.0
6409,408.82225381724936,0.0,0.0
6410,408.8740240737744,0.0,0.0
6411,408.89954004002163,0.0,0.0
6412,408.9010090945065,0.0,0.0
6413,408.89658961514687,0.0,0.0
6414,408.892686296417,0.0,0.0
6415,409.0808888268268,0.0,0.0
6416,409.650587978847,0.0,0.0
6417,410.13137725363225,0.0,0.0
6418,411.0830395340129,0.0,0.0
6419,411.58958604832185,0.0,0.0
6420,411.7026703355603,0.0,0.0
6421,411.7654273837678,0.0,0.0
6422,411.7784182990996,0.0,0.0
6423,411.7808206364305,0.0,0.0
6424,411.81069206905175,0.0,0.0
6425,411.8357976825112,0.0,0.0
6426,411.8489791202973,0.0,0.0
6427,411.8693796410083,0.0,0.0
6428,411.89241733172287,0.0,0.0
6429,411.95888210643204,0.0,0.0
6430,412.06854797215374,0.0,0.0
6431,412.12041862571556,0.0,0.0
6432,412.16564246695225,0.0,0.0
6433,412.1981715659131,0.0,0.0
6434,412.22455830209924,0.0,0.0
6435,412.25016186364905,0.0,0.0
6436,412.2576880294261,0.0,0.0
6437,412.255543879723,0.0,0.0
6438,412.25231753360913,0.0,0.0
6439,412.24644296602395,0.0,0.0
6440,412.2894989910652,0.0,0.0
6441,412.87093195316476,0.0,0.0
6442,413.66144151269094,0.0,0.0
6443,414.636515837876,0.0,0.0
6444,415.4477675953834,0.0,0.0
6445,415.7236517456881,0.0,0.0
6446,415.80096791862564,0.0,0.0
6447,415.8388361867342,0.0,0.0
6448,415.874597525664,0.0,0.0
6449,415.94410346135584,0.0,0.0
6450,416.0189823034699,0.0,0.0
6451,416.0833470666409,0.0,0.0
6452,416.13555977697484,0.0,0.0
6453,416.1973152841248,0.0,0.0
6454,416.2743259857848,0.0,0.0
6455,416.3325152414169,0.0,0.0
6456,416.3668964909186,0.0,0.0
6457,416.39675961069446,0.0,0.0
6458,416.4160839864505,0.0,0.0
6459,416.4342128619903,0.0,0.0
6460,416.46393915640164,0.0,0.0
6461,416.47827265274634,0.0,0.0
6462,416.4761267345735,0.0,0.0
6463,416.66355418212487,0.0,0.0
6464,417.21740156777327,0.0,0.0
6465,417.74303812780767,0.0,0.0
6466,418.0058739174522,0.0,0.0
6467,418.1236602656919,0.0,0.0
6468,418.15377830606735,0.0,0.0
6469,418.1445589562248,0.0,0.0
6470,418.13025242463783,0.0,0.0
6471,418.11905887412473,0.0,0.0
6472,418.1205405393567,0.0,0.0
6473,418.1671350504774,0.0,0.0
6474,418.21527132579445,0.0,0.0
6475,418.2586780793437,0.0,0.0
6476,418.30898369486044,0.0,0.0
6477,418.38182283173666,0.0,0.0
6478,418.4517340872086,0.0,0.0
6479,418.5282431574568,0.0,0.0
6480,418.59133784177266,0.0,0.0
6481,418.6188500185004,0.0,0.0
6482,418.6441209134892,0.0,0.0
6483,418.6695589040951,0.0,0.0
6484,418.6759185630739,0.0,0.0
6485,418.67106352069595,0.0,0.0
6486,418.66590189690066,0.0,0.0
6487,418.6907380682839,0.0,0.0
6488,418.7351682021978,0.0,0.0
6489,418.75074523219126,0.0,0.0
6490,418.79864994400936,0.0,0.0
6491,418.79414282370277,0.0,0.0
6492,418.8337656630434,0.0,0.0
6493,418.8294196539163,0.0,0.0
6494,418.82163279269173,0.0,0.0
6495,418.8120031068126,0.0,0.0
6496,418.80955417636505,0.0,0.0
6497,418.81217765474923,0.0,0.0
6498,418.8421761050169,0.0,0.0
6499,418.8720125530853,0.0,0.0
6500,418.9173626900399,0.0,0.0
6501,418.98508811514,0.0,0.0
6502,419.0452732805167,0.0,0.0
6503,419.08787105648634,0.0,0.0
6504,419.1179747761132,0.0,0.0
6505,419.1476089995058,0.0,0.0
6506,419.17616434327005,0.0,0.0
6507,419.19347506083403,0.0,0.0
6508,419.21087448837267,0.0,0.0
6509,419.22174463757545,0.0,0.0
6510,419.2396668462497,0.0,0.0
6511,419.2578336137497,0.0,0.0
6512,419.27791364116257,0.0,0.0
6513,419.2739605073516,0.0,0.0
6514,419.26705775110355,0.0,0.0
6515,419.2668060363635,0.0,0.0
6516,419.2627390765845,0.0,0.0
6517,419.25855139200064,0.0,0.0
6518,419.4718357357313,0.0,0.0
6519,419.4887039976104,0.0,0.0
6520,419.5159698860191,0.0,0.0
6521,419.5482534005252,0.0,0.0
6522,419.5852527422499,0.0,0.0
6523,419.6544922302059,0.0,0.0
6524,419.71935666709834,0.0,0.0
6525,419.7793970914174,0.0,0.0
6526,419.84688252510267,0.0,0.0
6527,419.91026867605416,0.0,0.0
6528,419.9540547742946,0.0,0.0
6529,419.9857335712067,0.0,0.0
6530,420.00468470239787,0.0,0.0
6531,420.0188876045771,0.0,0.0
6532,420.03344034860993,0.0,0.0
6533,420.12134681043307,0.0,0.0
6534,420.62227239519655,0.0,0.0
6535,421.19791444457366,0.0,0.0
6536,421.43163263738455,0.0,0.0
6537,421.4800746233582,0.0,0.0
6538,421.4701103123033,0.0,0.0
6539,421.44761828865654,0.0,0.0
6540,421.4392746715932,0.0,0.0
6541,421.41349916046175,0.0,0.0
6542,421.3967696296571,0.0,0.0
6543,421.375557917204,0.0,0.0
6544,421.36322545558545,0.0,0.0
6545,421.3554121303443,0.0,0.0
6546,421.35501943063997,0.0,0.0
6547,421.36237403487775,0.0,0.0
6548,421.3735591045317,0.0,0.0
6549,421.4458215677449,0.0,0.0
6550,421.5047083883554,0.0,0.0
6551,421.563291384848,0.0,0.0
6552,421.5988797765027,0.0,0.0
6553,421.64075636517265,0.0,0.0
6554,421.6740598872963,0.0,0.0
6555,421.6730251292036,0.0,0.0
6556,421.6679567023952,0.0,0.0
6557,421.68380614179404,0.0,0.0
6558,421.72399877640845,0.0,0.0
6559,421.75229640808317,0.0,0.0
6560,421.77008664175634,0.0,0.0
6561,421.7664998447211,0.0,0.0
6562,421.7512561579735,0.0,0.0
6563,421.73257754245196,0.0,0.0
6564,421.70371057126846,0.0,0.0
6565,421.6760275639346,0.0,0.0
6566,421.65364356149894,0.0,0.0
6567,421.6385058847115,0.0,0.0
6568,421.63180498564316,0.0,0.0
6569,421.6283572423262,0.0,0.0
6570,421.6483235981218,0.0,0.0
6571,421.6743304558819,0.0,0.0
6572,421.7077892158998,0.0,0.0
6573,421.7507570351268,0.0,0.0
6574,421.7982191175227,0.0,0.0
6575,421.8442764027514,0.0,0.0
6576,421.8827226039565,0.0,0.0
6577,421.91378057613656,0.0,0.0
6578,421.93313456813416,0.0,0.0
6579,421.94693687692086,0.0,0.0
6580,421.96087983812197,0.0,0.0
6581,421.9689122579147,0.0,0.0
6582,421.9825701257508,0.0,0.0
6583,422.0203982378442,0.0,0.0
6584,422.08339929333965,0.0,0.0
6585,422.1326622323212,0.0,0.0
6586,422.1758133914222,0.0,0.0
6587,422.2305256053127,0.0,0.0
6588,422.239615750058,0.0,0.0
6589,422.25928443881656,0.0,0.0
6590,422.25809233223526,0.0,0.0
6591,422.2548931621111,0.0,0.0
6592,422.281356672978,0.0,0.0
6593,422.32731020547203,0.0,0.0
6594,422.3823241944696,0.0,0.0
6595,422.4326599058963,0.0,0.0
6596,422.48366752727736,0.0,0.0
6597,422.55689921743823,0.0,0.0
6598,422.62401253129826,0.0,0.0
6599,422.69042135856483,0.0,0.0
6600,422.73427089061084,0.0,0.0
6601,422.77189291829745,0.0,0.0
6602,422.8054123382491,0.0,0.0
6603,422.8235528428695,0.0,0.0
6604,422.8379952300946,0.0,0.0
6605,422.84889364359617,0.0,0.0
6606,422.8604584143676,0.0,0.0
6607,422.87129767750264,0.0,0.0
6608,422.8698288313178,0.0,0.0
6609,422.86885206829226,0.0,0.0
6610,422.8505329095273,0.0,0.0
6611,423.21367678897434,0.0,0.0
6612,423.325873449619,0.0,0.0
6613,423.3237319678697,0.0,0.0
6614,423.3191724422409,0.0,0.0
6615,423.31432636679955,0.0,0.0
6616,423.3090192467261,0.0,0.0
6617,423.30554695820246,0.0,0.0
6618,423.334327471981,0.0,0.0
6619,423.3621554262926,0.0,0.0
6620,423.42823042383384,0.0,0.0
6621,423.4605604698119,0.0,0.0
6622,423.4964133050469,0.0,0.0
6623,423.5402413206072,0.0,0.0
6624,423.5695423328667,0.0,0.0
6625,423.59604622607947,0.0,0.0
6626,423.6225496856497,0.0,0.0
6627,423.6361538270323,0.0,0.0
6628,423.6516395984257,0.0,0.0
6629,423.65842263095414,0.0,0.0
6630,423.6864767810357,0.0,0.0
6631,423.710532251906,0.0,0.0
6632,423.72796711783167,0.0,0.0
6633,423.74233068680763,0.0,0.0
6634,423.75070522780834,0.0,0.0
6635,423.75168541474574,0.0,0.0
6636,423.75120259914837,0.0,0.0
6637,423.76742430924406,0.0,0.0
6638,423.7805950047622,0.0,0.0
6639,423.7945842328391,0.0,0.0
6640,423.79268445166434,0.0,0.0
6641,423.792385110668,0.0,0.0
6642,423.8280730545979,0.0,0.0
6643,423.85488855018053,0.0,0.0
6644,423.89555152796913,0.0,0.0
6645,423.9650219561584,0.0,0.0
6646,424.0283689009626,0.0,0.0
6647,424.0951800810507,0.0,0.0
6648,424.13963828265076,0.0,0.0
6649,424.17221232917353,0.0,0.0
6650,424.19057047738823,0.0,0.0
6651,424.20589398679397,0.0,0.0
6652,424.2217580380569,0.0,0.0
6653,424.22780500237775,0.0,0.0
6654,424.2420058522873,0.0,0.0
6655,424.2545390492452,0.0,0.0
6656,424.2804650489001,0.0,0.0
6657,424.3170782601875,0.0,0.0
6658,424.3688993584936,0.0,0.0
6659,424.38997026572736,0.0,0.0
6660,424.4137402489217,0.0,0.0
6661,424.4393553202235,0.0,0.0
6662,424.47142668766577,0.0,0.0
6663,424.5094707133658,0.0,0.0
6664,424.53228594645185,0.0,0.0
6665,424.55567475329536,0.0,0.0
6666,424.58289853044994,0.0,0.0
6667,424.6223460120263,0.0,0.0
6668,424.67939235262,0.0,0.0
6669,424.73201670575537,0.0,0.0
6670,424.7833733905163,0.0,0.0
6671,424.83689901131993,0.0,0.0
6672,424.8835808144844,0.0,0.0
6673,424.92394914226014,0.0,0.0
6674,424.9448321557816,0.0,0.0
6675,424.96062444506674,0.0,0.0
6676,424.97588501714563,0.0,0.0
6677,424.98774152787064,0.0,0.0
6678,424.99837581628526,0.0,0.0
6679,425.00837314851105,0.0,0.0
6680,425.0262909063664,0.0,0.0
6681,425.054502953109,0.0,0.0
6682,425.0609576409112,0.0,0.0
6683,425.062129233612,0.0,0.0
6684,425.06814875004335,0.0,0.0
6685,425.08230089681854,0.0,0.0
6686,425.10004857353465,0.0,0.0
6687,425.1084597571874,0.0,0.0
6688,425.10839923410776,0.0,0.0
6689,425.10961003426104,0.0,0.0
6690,425.1209597545353,0.0,0.0
6691,425.15299292772613,0.0,0.0
6692,425.2273035569823,0.0,0.0
6693,425.309790038919,0.0,0.0
6694,425.37081921483207,0.0,0.0
6695,425.4381144984782,0.0,0.0
6696,425.47687463135264,0.0,0.0
6697,425.5064300867417,0.0,0.0
6698,425.5233742984253,0.0,0.0
6699,425.5397391480162,0.0,0.0
6700,425.5566545520017,0.0,0.0
6701,425.5667233823671,0.0,0.0
6702,425.5788111759522,0.0,0.0
6703,425.5941250744626,0.0,0.0
6704,425.63011307001864,0.0,0.0
6705,425.6494326138374,0.0,0.0
6706,425.637674306391,0.0,0.0
6707,425.6194928960304,0.0,0.0
6708,425.60176343663744,0.0,0.0
6709,425.5790755822594,0.0,0.0
6710,425.56081319573406,0.0,0.0
6711,425.5438757647918,0.0,0.0
6712,425.5715493652683,0.0,0.0
6713,425.5976778109181,0.0,0.0
6714,425.62529474683123,0.0,0.0
6715,425.65303001147544,0.0,0.0
6716,425.68575597565535,0.0,0.0
6717,425.7329841747708,0.0,0.0
6718,425.79281244669414,0.0,0.0
6719,425.83380584592106,0.0,0.0
6720,425.8764825219023,0.0,0.0
6721,425.91299645500203,0.0,0.0
6722,425.95155087046317,0.0,0.0
6723,425.97166671944956,0.0,0.0
6724,425.9857071492925,0.0,0.0
6725,425.9934291075479,0.0,0.0
6726,426.00663925070813,0.0,0.0
6727,426.0367315204569,0.0,0.0
6728,426.05058305812696,0.0,0.0
6729,426.05004723454454,0.0,0.0
6730,426.03658501838595,0.0,0.0
6731,426.0209524998879,0.0,0.0
6732,425.99564430531063,0.0,0.0
6733,425.9712931654677,0.0,0.0
6734,425.9506702609658,0.0,0.0
6735,425.93137737524927,0.0,0.0
6736,425.92992899068537,0.0,0.0
6737,425.9295892370951,0.0,0.0
6738,425.9454596197864,0.0,0.0
6739,425.9744596614021,0.0,0.0
6740,426.0299025006752,0.0,0.0
6741,426.0759541164498,0.0,0.0
6742,426.1378277450414,0.0,0.0
6743,426.1982703974567,0.0,0.0
6744,426.24101232671944,0.0,0.0
6745,426.27415609549416,0.0,0.0
6746,426.29455399061163,0.0,0.0
6747,426.30866784194285,0.0,0.0
6748,426.32254817540746,0.0,0.0
6749,426.32966719289243,0.0,0.0
6750,426.3439097403004,0.0,0.0
6751,426.38152978589676,0.0,0.0
6752,426.44601411867956,0.0,0.0
6753,426.88653657061917,0.0,0.0
6754,427.51738861943835,0.0,0.0
6755,427.99422418523443,0.0,0.0
6756,428.7394231143532,0.0,0.0
6757,429.13505533668973,0.0,0.0
6758,429.3031521292106,0.0,0.0
6759,429.7257171085709,0.0,0.0
6760,429.834484455652,0.0,0.0
6761,429.8970458185162,0.0,0.0
6762,429.97160543488985,0.0,0.0
6763,430.0313761230526,0.0,0.0
6764,430.0868619325535,0.0,0.0
6765,430.163227992993,0.0,0.0
6766,430.2324116920334,0.0,0.0
6767,430.2998806070925,0.0,0.0
6768,430.35896910416335,0.0,0.0
6769,430.3815343230927,0.0,0.0
6770,430.40065953462215,0.0,0.0
6771,430.4177982689137,0.0,0.0
6772,430.44538731663425,0.0,0.0
6773,430.4587878003611,0.0,0.0
6774,430.45594925714244,0.0,0.0
6775,430.4519353763828,0.0,0.0
6776,430.53095848305014,0.0,0.0
6777,430.5305690690844,0.0,0.0
6778,430.53232083118723,0.0,0.0
6779,430.5289138860517,0.0,0.0
6780,430.5202471629083,0.0,0.0
6781,430.51626209457606,0.0,0.0
6782,430.5137530530015,0.0,0.0
6783,430.51849452714237,0.0,0.0
6784,430.5389599084846,0.0,0.0
6785,430.54840594683014,0.0,0.0
6786,430.5692209609348,0.0,0.0
6787,430.6004095645444,0.0,0.0
6788,430.66325503030976,0.0,0.0
6789,430.7280808322349,0.0,0.0
6790,430.8061333508709,0.0,0.0
6791,430.89729140262233,0.0,0.0
6792,430.95017616327726,0.0,0.0
6793,430.9780784668565,0.0,0.0
6794,430.9979949102547,0.0,0.0
6795,431.0170862596777,0.0,0.0
6796,431.0324052404619,0.0,0.0
6797,431.0357644938146,0.0,0.0
6798,431.0472313007992,0.0,0.0
6799,431.0656349226732,0.0,0.0
6800,431.08433913649435,0.0,0.0
6801,431.0834832901675,0.0,0.0
6802,431.0709943219563,0.0,0.0
6803,431.0525672895952,0.0,0.0
6804,431.0293120551227,0.0,0.0
6805,431.0223946514711,0.0,0.0
6806,431.01067368755065,0.0,0.0
6807,430.9995283096994,0.0,0.0
6808,430.99586806291575,0.0,0.0
6809,430.99384330686894,0.0,0.0
6810,431.13036837256976,0.0,0.0
6811,431.1949556128718,0.0,0.0
6812,431.323880466275,0.0,0.0
6813,431.43662477730555,0.0,0.0
6814,431.5505732001544,0.0,0.0
6815,431.6340545722382,0.0,0.0
6816,431.70576726824004,0.0,0.0
6817,431.7385762189992,0.0,0.0
6818,431.7615459007613,0.0,0.0
6819,431.7794968154675,0.0,0.0
6820,431.79510907431535,0.0,0.0
6821,431.80348085036167,0.0,0.0
6822,431.81727411812716,0.0,0.0
6823,431.83611710230355,0.0,0.0
6824,431.8923148105075,0.0,0.0
6825,431.93073028296783,0.0,0.0
6826,431.92682055837366,0.0,0.0
6827,431.9415738423873,0.0,0.0
6828,431.9411231040875,0.0,0.0
6829,431.97478465137266,0.0,0.0
6830,431.99778694748903,0.0,0.0
6831,432.02400504716735,0.0,0.0
6832,432.0830455083695,0.0,0.0
6833,432.1154540479088,0.0,0.0
6834,432.2215207442897,0.0,0.0
6835,432.30168880197056,0.0,0.0
6836,432.39700652779135,0.0,0.0
6837,432.4719056360696,0.0,0.0
6838,432.53483163168545,0.0,0.0
6839,432.5913256309448,0.0,0.0
6840,432.6499363073409,0.0,0.0
6841,432.681043090631,0.0,0.0
6842,432.70083588175106,0.0,0.0
6843,432.71720715378234,0.0,0.0
6844,432.73225116480154,0.0,0.0
6845,432.7404895723632,0.0,0.0
6846,432.7538663993418,0.0,0.0
6847,432.7712711921366,0.0,0.0
6848,432.8086471727027,0.0,0.0
6849,432.8107322802017,0.0,0.0
6850,432.79829581897695,0.0,0.0
6851,432.78701248378786,0.0,0.0
6852,432.7699838059044,0.0,0.0
6853,432.75650414998415,0.0,0.0
6854,432.74050213204384,0.0,0.0
6855,432.72668094981555,0.0,0.0
6856,432.7381633774183,0.0,0.0
6857,432.7638447920043,0.0,0.0
6858,432.8242371362361,0.0,0.0
6859,432.88521719643813,0.0,0.0
6860,432.96389733561995,0.0,0.0
6861,433.05720988068686,0.0,0.0
6862,433.1531568327632,0.0,0.0
6863,433.2501680269854,0.0,0.0
6864,433.30328625601925,0.0,0.0
6865,433.3408315230099,0.0,0.0
6866,433.37339727071276,0.0,0.0
6867,433.394790103178,0.0,0.0
6868,433.4103583235066,0.0,0.0
6869,433.4176170854876,0.0,0.0
6870,433.4303695265365,0.0,0.0
6871,433.4474613674446,0.0,0.0
6872,433.4728069187431,0.0,0.0
6873,433.482435214948,0.0,0.0
6874,433.4778824736968,0.0,0.0
6875,433.4666508142197,0.0,0.0
6876,433.45793784942316,0.0,0.0
6877,433.9353071689526,0.0,0.0
6878,434.1609011795118,0.0,0.0
6879,434.1952508048625,0.0,0.0
6880,434.2784741547322,0.0,0.0
6881,434.3502984908974,0.0,0.0
6882,434.42182697752406,0.0,0.0
6883,434.49799172705025,0.0,0.0
6884,434.5836581909097,0.0,0.0
6885,434.67735177065487,0.0,0.0
6886,434.73871300518067,0.0,0.0
6887,434.7935815010733,0.0,0.0
6888,434.84019541916007,0.0,0.0
6889,434.87386083143184,0.0,0.0
6890,434.9022371712442,0.0,0.0
6891,434.93206183714176,0.0,0.0
6892,434.9516092949663,0.0,0.0
6893,434.96136473386986,0.0,0.0
6894,434.9742328261927,0.0,0.0
6895,435.2820497990383,0.0,0.0
6896,435.89057291159133,0.0,0.0
6897,436.3403125115906,0.0,0.0
6898,436.4418925204107,0.0,0.0
6899,436.5303303453622,0.0,0.0
6900,436.6150114716325,0.0,0.0
6901,437.37891639697324,0.0,0.0
6902,438.0497971313665,0.0,0.0
6903,438.74545522602654,0.0,0.0
6904,439.00139993831687,0.0,0.0
6905,439.12969314745067,0.0,0.0
6906,439.2324148970027,0.0,0.0
6907,439.3403695248274,0.0,0.0
6908,439.44715362867754,0.0,0.0
6909,439.51652367694663,0.0,0.0
6910,439.57943089340193,0.0,0.0
6911,439.6490791837636,0.0,0.0
6912,439.69712141274687,0.0,0.0
6913,439.73516041877974,0.0,0.0
6914,439.7802183859063,0.0,0.0
6915,439.8044873880416,0.0,0.0
6916,439.8041303305999,0.0,0.0
6917,439.7987719570649,0.0,0.0
6918,439.79635469565613,0.0,0.0
6919,439.82769921876206,0.0,0.0
6920,439.92281106029526,0.0,0.0
6921,439.93279412958276,0.0,0.0
6922,439.91790276377463,0.0,0.0
6923,439.89662958654895,0.0,0.0
6924,439.87603039990927,0.0,0.0
6925,439.87196119625486,0.0,0.0
6926,439.8954491778448,0.0,0.0
6927,439.90234108559235,0.0,0.0
6928,439.9556594624236,0.0,0.0
6929,439.9971350351216,0.0,0.0
6930,440.0483588596975,0.0,0.0
6931,440.1093864907137,0.0,0.0
6932,440.17681518262356,0.0,0.0
6933,440.23334156264616,0.0,0.0
6934,440.30645183773606,0.0,0.0
6935,440.35925216664447,0.0,0.0
6936,440.38657247422316,0.0,0.0
6937,440.4085000860967,0.0,0.0
6938,440.42309336129745,0.0,0.0
6939,440.4390488172078,0.0,0.0
6940,440.451882484111,0.0,0.0
6941,440.4583643693966,0.0,0.0
6942,440.46945504105827,0.0,0.0
6943,440.50427342347774,0.0,0.0
6944,440.5321662829131,0.0,0.0
6945,440.54227690369277,0.0,0.0
6946,440.5399225869667,0.0,0.0
6947,440.7547490801469,0.0,0.0
6948,441.2335888331703,0.0,0.0
6949,441.7898691691249,0.0,0.0
6950,442.38760798882794,0.0,0.0
6951,442.8103710487249,0.0,0.0
6952,442.96750042911145,0.0,0.0
6953,443.07772419875835,0.0,0.0
6954,443.1452961645288,0.0,0.0
6955,443.2701347023331,0.0,0.0
6956,443.37497124401955,0.0,0.0
6957,443.458512150042,0.0,0.0
6958,443.53527687724085,0.0,0.0
6959,443.6072236327595,0.0,0.0
6960,443.65703535218967,0.0,0.0
6961,443.6810826148974,0.0,0.0
6962,443.6996417110822,0.0,0.0
6963,443.7119074223527,0.0,0.0
6964,443.7280105265464,0.0,0.0
6965,443.73849471224224,0.0,0.0
6966,443.7595646136782,0.0,0.0
6967,443.7837142186898,0.0,0.0
6968,443.7934046956277,0.0,0.0
6969,443.7865602679562,0.0,0.0
6970,443.7685355765849,0.0,0.0
6971,443.7461041361582,0.0,0.0
6972,443.72625228803884,0.0,0.0
6973,443.721583861525,0.0,0.0
6974,443.70508178878083,0.0,0.0
6975,443.68770589311924,0.0,0.0
6976,443.68726176380824,0.0,0.0
6977,443.6987698279119,0.0,0.0
6978,443.85989695420193,0.0,0.0
6979,443.93808322084647,0.0,0.0
6980,444.05648042062603,0.0,0.0
6981,444.2050126704432,0.0,0.0
6982,444.31187154615054,0.0,0.0
6983,444.3991947239529,0.0,0.0
6984,444.47531678415817,0.0,0.0
6985,444.5105562089303,0.0,0.0
6986,444.53296758416167,0.0,0.0
6987,444.5496391368682,0.0,0.0
6988,444.56486890886157,0.0,0.0
6989,444.57529854661885,0.0,0.0
6990,444.58822965586864,0.0,0.0
6991,444.6024877711503,0.0,0.0
6992,444.6425493953689,0.0,0.0
6993,444.7196425632946,0.0,0.0
6994,445.17127277617084,0.0,0.0
6995,445.75292979017064,0.0,0.0
6996,446.20401987008904,0.0,0.0
6997,446.342408579891,0.0,0.0
6998,446.3465348702827,0.0,0.0
6999,446.3379067150814,0.0,0.0
7000,446.366385455468,0.0,0.0
7001,446.399293131262,0.0,0.0
7002,446.48897624095963,0.0,0.0
7003,446.5436258534558,0.0,0.0
7004,446.6268982422757,0.0,0.0
7005,446.7004304806746,0.0,0.0
7006,446.7685498429989,0.0,0.0
7007,446.845058395553,0.0,0.0
7008,446.9086848675523,0.0,0.0
7009,446.94317145473826,0.0,0.0
7010,446.97654172263447,0.0,0.0
7011,447.0056688907948,0.0,0.0
7012,447.02419820299764,0.0,0.0
7013,447.0452396359888,0.0,0.0
7014,447.0568248195443,0.0,0.0
7015,447.05410750502057,0.0,0.0
7016,447.0531126176222,0.0,0.0
7017,447.0790753231794,0.0,0.0
7018,447.1011387170263,0.0,0.0
7019,447.10696018353855,0.0,0.0
7020,447.09613370541086,0.0,0.0
7021,447.0821714650972,0.0,0.0
7022,447.0681584271503,0.0,0.0
7023,447.0537329018878,0.0,0.0
7024,447.0861587677468,0.0,0.0
7025,447.12380697983934,0.0,0.0
7026,447.1569115163546,0.0,0.0
7027,447.18749564108015,0.0,0.0
7028,447.2635416747096,0.0,0.0
7029,447.32997133442586,0.0,0.0
7030,447.399981324815,0.0,0.0
7031,447.460261199616,0.0,0.0
7032,447.49243501056316,0.0,0.0
7033,447.51397889132863,0.0,0.0
7034,447.52865919919213,0.0,0.0
7035,447.5415460945427,0.0,0.0
7036,447.5595070205288,0.0,0.0
7037,447.5661095235338,0.0,0.0
7038,447.57681396025697,0.0,0.0
7039,447.5876369732314,0.0,0.0
7040,447.6553917705094,0.0,0.0
7041,447.6702912436215,0.0,0.0
7042,447.66617692408823,0.0,0.0
7043,447.6596495961624,0.0,0.0
7044,447.65184491928113,0.0,0.0
7045,448.11404284255224,0.0,0.0
7046,448.3376487715436,0.0,0.0
7047,448.3537784237834,0.0,0.0
7048,448.42043032200763,0.0,0.0
7049,448.4774631169995,0.0,0.0
7050,448.52760876176177,0.0,0.0
7051,448.5733558744123,0.0,0.0
7052,448.6363338980955,0.0,0.0
7053,448.6931388384722,0.0,0.0
7054,448.75869393787156,0.0,0.0
7055,448.8181016039544,0.0,0.0
7056,448.8541749620956,0.0,0.0
7057,448.8889921617476,0.0,0.0
7058,448.9137142163777,0.0,0.0
7059,448.93004617807475,0.0,0.0
7060,448.9425208632205,0.0,0.0
7061,448.9483005494176,0.0,0.0
7062,448.95900250608486,0.0,0.0
7063,449.0039041035286,0.0,0.0
7064,449.084321161008,0.0,0.0
7065,449.1183574551567,0.0,0.0
7066,449.11231816582534,0.0,0.0
7067,449.1112571079186,0.0,0.0
7068,449.11005567446665,0.0,0.0
7069,449.841275918902,0.0,0.0
7070,450.4154990722262,0.0,0.0
7071,450.9268136168654,0.0,0.0
7072,451.09965144586505,0.0,0.0
7073,451.2064541969885,0.0,0.0
7074,451.2881640948485,0.0,0.0
7075,451.38176420321815,0.0,0.0
7076,451.46178605562045,0.0,0.0
7077,451.5462950527112,0.0,0.0
7078,451.6631656574442,0.0,0.0
7079,451.7395288249011,0.0,0.0
7080,451.7928432461688,0.0,0.0
7081,451.83518660561674,0.0,0.0
7082,451.87534918914173,0.0,0.0
7083,451.90427133848647,0.0,0.0
7084,451.91642936213833,0.0,0.0
7085,451.92389793327925,0.0,0.0
7086,451.9357840809212,0.0,0.0
7087,451.9466552716222,0.0,0.0
7088,452.02638719271175,0.0,0.0
7089,452.08649129772743,0.0,0.0
7090,452.08263078283545,0.0,0.0
7091,452.0836337715317,0.0,0.0
7092,452.13617309350496,0.0,0.0
7093,452.18142634944076,0.0,0.0
7094,452.2629546544134,0.0,0.0
7095,452.2981501340091,0.0,0.0
7096,452.3810399977272,0.0,0.0
7097,452.448211832927,0.0,0.0
7098,452.4952332895302,0.0,0.0
7099,452.54726023305005,0.0,0.0
7100,452.6065854894367,0.0,0.0
7101,452.6715181565485,0.0,0.0
7102,452.76281421008883,0.0,0.0
7103,452.8516764739167,0.0,0.0
7104,452.9063520500356,0.0,0.0
7105,452.93348008844123,0.0,0.0
7106,452.9552081952148,0.0,0.0
7107,452.97160258382735,0.0,0.0
7108,452.98744595833483,0.0,0.0
7109,452.994834670309,0.0,0.0
7110,453.0043092272854,0.0,0.0
7111,453.01628192019166,0.0,0.0
7112,453.06387369821687,0.0,0.0
7113,453.11179406734317,0.0,0.0
7114,453.2519417845573,0.0,0.0
7115,453.3941668311046,0.0,0.0
7116,453.9910898891781,0.0,0.0
7117,454.6122279258591,0.0,0.0
7118,454.9457304043385,0.0,0.0
7119,455.076403664366,0.0,0.0
7120,455.1605422098067,0.0,0.0
7121,455.23716212830135,0.0,0.0
7122,455.29916393491294,0.0,0.0
7123,455.3713567252545,0.0,0.0
7124,455.45821117078145,0.0,0.0
7125,455.5610690644513,0.0,0.0
7126,455.65081238622935,0.0,0.0
7127,455.7490362806817,0.0,0.0
7128,455.8097916299514,0.0,0.0
7129,455.8563820290048,0.0,0.0
7130,455.8782647628026,0.0,0.0
7131,455.8960761921722,0.0,0.0
7132,455.91281820376884,0.0,0.0
7133,455.92636517656456,0.0,0.0
7134,455.9360091690689,0.0,0.0
7135,455.95534179968655,0.0,0.0
7136,456.0083164275601,0.0,0.0
7137,456.03398146695383,0.0,0.0
7138,456.2396967098115,0.0,0.0
7139,456.84998103934333,0.0,0.0
7140,457.1125129816928,0.0,0.0
7141,457.1213866537874,0.0,0.0
7142,457.13053550095435,0.0,0.0
7143,457.12947537240365,0.0,0.0
7144,457.17456833478764,0.0,0.0
7145,457.21046743015575,0.0,0.0
7146,457.3353666677697,0.0,0.0
7147,457.3988652618502,0.0,0.0
7148,457.5138052435192,0.0,0.0
7149,457.5874042881429,0.0,0.0
7150,457.6687564170145,0.0,0.0
7151,457.7433870673696,0.0,0.0
7152,457.7937397531288,0.0,0.0
7153,457.8261766355738,0.0,0.0
7154,457.8492712374648,0.0,0.0
7155,457.8719818961016,0.0,0.0
7156,457.88805826098394,0.0,0.0
7157,457.9027967512481,0.0,0.0
7158,457.926992691018,0.0,0.0
7159,457.9429638550398,0.0,0.0
7160,457.94049508680416,0.0,0.0
7161,457.96704219162905,0.0,0.0
7162,458.0160536280775,0.0,0.0
7163,458.05614229958957,0.0,0.0
7164,458.05178578344197,0.0,0.0
7165,458.048040881273,0.0,0.0
7166,458.04383448896755,0.0,0.0
7167,458.03997877574716,0.0,0.0
7168,458.0835506637245,0.0,0.0
7169,458.1373176589915,0.0,0.0
7170,458.21947142443213,0.0,0.0
7171,458.3058427777846,0.0,0.0
7172,458.4518277278233,0.0,0.0
7173,458.5247031326463,0.0,0.0
7174,458.6235437837297,0.0,0.0
7175,458.69239212935327,0.0,0.0
7176,458.7397410409763,0.0,0.0
7177,458.76771087675775,0.0,0.0
7178,458.78579098658065,0.0,0.0
7179,458.79895736000134,0.0,0.0
7180,458.81347139562297,0.0,0.0
7181,458.8207345331836,0.0,0.0
7182,458.8347343741008,0.0,0.0
7183,458.88567820162575,0.0,0.0
7184,459.4658457471394,0.0,0.0
7185,460.10063599465394,0.0,0.0
7186,460.56782356609517,0.0,0.0
7187,460.68091999241983,0.0,0.0
7188,460.678418640043,0.0,0.0
7189,460.6676617654187,0.0,0.0
7190,460.6573356108005,0.0,0.0
7191,460.6522277229674,0.0,0.0
7192,460.67360536543015,0.0,0.0
7193,460.7046842929473,0.0,0.0
7194,460.7392536335848,0.0,0.0
7195,460.7911331289691,0.0,0.0
7196,460.862755520257,0.0,0.0
7197,460.9593322353867,0.0,0.0
7198,461.03617941646587,0.0,0.0
7199,461.1122690608525,0.0,0.0
7200,461.15542037246695,0.0,0.0
7201,461.18943496057557,0.0,0.0
7202,461.21155416014324,0.0,0.0
7203,461.2467496995711,0.0,0.0
7204,461.25717584485307,0.0,0.0
7205,461.2529366128645,0.0,0.0
7206,461.24690162929363,0.0,0.0
7207,461.2838933225775,0.0,0.0
7208,461.35632479059944,0.0,0.0
7209,461.47897781625363,0.0,0.0
7210,461.4973019836765,0.0,0.0
7211,461.49224252958606,0.0,0.0
7212,461.48783056011854,0.0,0.0
7213,461.4948966044029,0.0,0.0
7214,461.4859589622452,0.0,0.0
7215,461.4798817611734,0.0,0.0
7216,461.52955676954997,0.0,0.0
7217,461.58847127537183,0.0,0.0
7218,461.64749396573836,0.0,0.0
7219,461.7295968889826,0.0,0.0
7220,461.80641946800216,0.0,0.0
7221,461.8762842317769,0.0,0.0
7222,461.9510893687875,0.0,0.0
7223,461.99997335114193,0.0,0.0
7224,462.04083889366547,0.0,0.0
7225,462.0641099438969,0.0,0.0
7226,462.0838926800045,0.0,0.0
7227,462.09797834547015,0.0,0.0
7228,462.11302249555433,0.0,0.0
7229,462.1211265171335,0.0,0.0
7230,462.1284487105383,0.0,0.0
7231,462.19930483406546,0.0,0.0
7232,462.2677564443105,0.0,0.0
7233,462.3157424173987,0.0,0.0
7234,462.80299645093015,0.0,0.0
7235,463.4994739426572,0.0,0.0
7236,463.948204628214,0.0,0.0
7237,464.128358436893,0.0,0.0
7238,464.1888843734057,0.0,0.0
7239,464.2312077450103,0.0,0.0
7240,464.2883483287505,0.0,0.0
7241,464.3607067151164,0.0,0.0
7242,464.42632116287,0.0,0.0
7243,464.4843661755876,0.0,0.0
7244,464.54013202579847,0.0,0.0
7245,464.6015668542318,0.0,0.0
7246,464.7077010521565,0.0,0.0
7247,464.82919955017695,0.0,0.0
7248,464.88174684129183,0.0,0.0
7249,464.9182757429904,0.0,0.0
7250,464.9425149743589,0.0,0.0
7251,464.95920173792865,0.0,0.0
7252,464.97277558244707,0.0,0.0
7253,464.9931733046089,0.0,0.0
7254,465.0095697016533,0.0,0.0
7255,465.0079848615388,0.0,0.0
7256,465.0161242703647,0.0,0.0
7257,465.16179425880176,0.0,0.0
7258,465.25715324467154,0.0,0.0
7259,465.3891681893761,0.0,0.0
7260,465.44633886254593,0.0,0.0
7261,466.10559084935596,0.0,0.0
7262,466.762390252209,0.0,0.0
7263,467.3617988463097,0.0,0.0
7264,467.60885225216117,0.0,0.0
7265,467.72699716664573,0.0,0.0
7266,467.8039115457399,0.0,0.0
7267,467.8516389064541,0.0,0.0
7268,467.92191792334097,0.0,0.0
7269,468.0005799871751,0.0,0.0
7270,468.05920783737673,0.0,0.0
7271,468.12941392529626,0.0,0.0
7272,468.1675123801825,0.0,0.0
7273,468.1889488087585,0.0,0.0
7274,468.2082028914784,0.0,0.0
7275,468.2231247560589,0.0,0.0
7276,468.2385180995077,0.0,0.0
7277,468.25128241527284,0.0,0.0
7278,468.25229416510695,0.0,0.0
7279,468.28994135224167,0.0,0.0
7280,468.38391501600915,0.0,0.0
7281,468.37810214897513,0.0,0.0
7282,468.374371049988,0.0,0.0
7283,468.3466575815437,0.0,0.0
7284,468.3309792853869,0.0,0.0
7285,468.3193487625119,0.0,0.0
7286,468.3153814159922,0.0,0.0
7287,468.3383250886495,0.0,0.0
7288,468.3733605106286,0.0,0.0
7289,468.41049490641996,0.0,0.0
7290,468.45240652217046,0.0,0.0
7291,468.4909770129949,0.0,0.0
7292,468.5407946955177,0.0,0.0
7293,468.57818327055566,0.0,0.0
7294,468.6291355085768,0.0,0.0
7295,468.66072899809444,0.0,0.0
7296,468.6790539458142,0.0,0.0
7297,468.69440381778867,0.0,0.0
7298,468.71147118455434,0.0,0.0
7299,468.72623938032314,0.0,0.0
7300,468.73335168366407,0.0,0.0
7301,468.741960872545,0.0,0.0
7302,468.7540746896671,0.0,0.0
7303,468.7976893347829,0.0,0.0
7304,468.8414803985719,0.0,0.0
7305,468.85381009148426,0.0,0.0
7306,469.20274906048894,0.0,0.0
7307,469.75223947764067,0.0,0.0
7308,470.529855102924,0.0,0.0
7309,470.7872827617852,0.0,0.0
7310,471.2879620372593,0.0,0.0
7311,471.8062280550364,0.0,0.0
7312,471.9489062383795,0.0,0.0
7313,472.0430233926605,0.0,0.0
7314,472.1332693997942,0.0,0.0
7315,472.1919314810222,0.0,0.0
7316,472.2773499741276,0.0,0.0
7317,472.36475407808433,0.0,0.0
7318,472.4418292229549,0.0,0.0
7319,472.4965639664743,0.0,0.0
7320,472.5323557403993,0.0,0.0
7321,472.56165739152743,0.0,0.0
7322,472.57944208145244,0.0,0.0
7323,472.5945574460648,0.0,0.0
7324,472.6018327793478,0.0,0.0
7325,472.62108992961436,0.0,0.0
7326,472.63992103179385,0.0,0.0
7327,472.6783142515397,0.0,0.0
7328,472.71406137766724,0.0,0.0
7329,472.6945182816001,0.0,0.0
7330,472.6868331282156,0.0,0.0
7331,472.67527617934076,0.0,0.0
7332,472.6561809637407,0.0,0.0
7333,472.64425509873513,0.0,0.0
7334,472.6417987711847,0.0,0.0
7335,472.67610104112896,0.0,0.0
7336,472.6999432514968,0.0,0.0
7337,472.7533919519163,0.0,0.0
7338,472.812317131347,0.0,0.0
7339,472.87098621492095,0.0,0.0
7340,472.93159249573944,0.0,0.0
7341,473.02263169005477,0.0,0.0
7342,473.09153125299935,0.0,0.0
7343,473.12774468037287,0.0,0.0
7344,473.14886878874074,0.0,0.0
7345,473.16436597625847,0.0,0.0
7346,473.1835929054423,0.0,0.0
7347,473.1991566093288,0.0,0.0
7348,473.2010053180547,0.0,0.0
7349,473.2099448138979,0.0,0.0
7350,473.23253910301776,0.0,0.0
7351,473.2652846328463,0.0,0.0
7352,473.27841769794327,0.0,0.0
7353,473.2747038058896,0.0,0.0
7354,473.2706729741919,0.0,0.0
7355,473.26325916160846,0.0,0.0
7356,473.81972955406627,0.0,0.0
7357,474.579819818404,0.0,0.0
7358,475.06957771186865,0.0,0.0
7359,475.2639699276952,0.0,0.0
7360,475.3530979922815,0.0,0.0
7361,475.45332971172746,0.0,0.0
7362,475.5236295102682,0.0,0.0
7363,475.6266275594706,0.0,0.0
7364,475.70514738688547,0.0,0.0
7365,475.7542955038987,0.0,0.0
7366,475.80641093045574,0.0,0.0
7367,475.83837425642866,0.0,0.0
7368,475.8567516058513,0.0,0.0
7369,475.8715902036066,0.0,0.0
7370,475.88726669127396,0.0,0.0
7371,475.9017613487339,0.0,0.0
7372,475.90868974833234,0.0,0.0
7373,475.92137454796017,0.0,0.0
7374,475.94746337583763,0.0,0.0
7375,475.9870548439792,0.0,0.0
7376,475.9971699623596,0.0,0.0
7377,475.9813998860099,0.0,0.0
7378,475.9549333004379,0.0,0.0
7379,475.9380369728579,0.0,0.0
7380,475.95367696475546,0.0,0.0
7381,475.9530092360116,0.0,0.0
7382,475.94945262269187,0.0,0.0
7383,475.98139455425644,0.0,0.0
7384,476.0206822574519,0.0,0.0
7385,476.06638314781765,0.0,0.0
7386,476.10554732048996,0.0,0.0
7387,476.1488429130042,0.0,0.0
7388,476.20174008220516,0.0,0.0
7389,476.25942133023676,0.0,0.0
7390,476.2982407776674,0.0,0.0
7391,476.32946017686476,0.0,0.0
7392,476.3551229402922,0.0,0.0
7393,476.3803674670981,0.0,0.0
7394,476.3973318416197,0.0,0.0
7395,476.41216517718135,0.0,0.0
7396,476.4190997179463,0.0,0.0
7397,476.4306799626981,0.0,0.0
7398,476.4686636400739,0.0,0.0
7399,476.5286120480249,0.0,0.0
7400,476.56657974689523,0.0,0.0
7401,476.626421835175,0.0,0.0
7402,476.6740044908825,0.0,0.0
7403,476.7090117643448,0.0,0.0
7404,476.7672361928166,0.0,0.0
7405,476.8079019747684,0.0,0.0
7406,476.84912143322754,0.0,0.0
7407,476.8986342588076,0.0,0.0
7408,476.9338062526463,0.0,0.0
7409,476.97390189537714,0.0,0.0
7410,477.006653520062,0.0,0.0
7411,477.0405450675247,0.0,0.0
7412,477.0692942041898,0.0,0.0
7413,477.09741919538993,0.0,0.0
7414,477.1180126825716,0.0,0.0
7415,477.140188835525,0.0,0.0
7416,477.165493459089,0.0,0.0
7417,477.1821343803048,0.0,0.0
7418,477.19789597548873,0.0,0.0
7419,477.2119147705896,0.0,0.0
7420,477.22120476481956,0.0,0.0
7421,477.23192687457146,0.0,0.0
7422,477.2437403981657,0.0,0.0
7423,477.29527161871147,0.0,0.0
7424,477.30757721872715,0.0,0.0
7425,477.302608911468,0.0,0.0
7426,477.2892357034833,0.0,0.0
7427,477.27596172906703,0.0,0.0
7428,477.2643591214751,0.0,0.0
7429,477.25522969231537,0.0,0.0
7430,477.244796851396,0.0,0.0
7431,477.2691744244916,0.0,0.0
7432,477.30191222900345,0.0,0.0
7433,477.36765230816684,0.0,0.0
7434,477.41931351380543,0.0,0.0
7435,477.4855702896136,0.0,0.0
7436,477.54266253534894,0.0,0.0
7437,477.61482014890106,0.0,0.0
7438,477.658898363971,0.0,0.0
7439,477.7005954570708,0.0,0.0
7440,477.7276876092542,0.0,0.0
7441,477.7507814789232,0.0,0.0
7442,477.7715907711195,0.0,0.0
7443,477.78800207820274,0.0,0.0
7444,477.8002914156153,0.0,0.0
7445,477.81646059947656,0.0,0.0
7446,477.83766578960035,0.0,0.0
7447,477.9000471365633,0.0,0.0
7448,477.9429792519101,0.0,0.0
7449,477.9954418975927,0.0,0.0
7450,478.03914139730665,0.0,0.0
7451,478.2740625960103,0.0,0.0
7452,478.90813679389345,0.0,0.0
7453,479.27231022006174,0.0,0.0
7454,479.38722929437046,0.0,0.0
7455,479.4677967470707,0.0,0.0
7456,479.564529047209,0.0,0.0
7457,479.67037381191767,0.0,0.0
7458,479.7487641283766,0.0,0.0
7459,479.8079436368576,0.0,0.0
7460,479.87471478009627,0.0,0.0
7461,479.9430147976606,0.0,0.0
7462,479.99656411134805,0.0,0.0
7463,480.03160791686753,0.0,0.0
7464,480.05809657885595,0.0,0.0
7465,480.0819445134212,0.0,0.0
7466,480.10027459123813,0.0,0.0
7467,480.11810764865567,0.0,0.0
7468,480.1321799453886,0.0,0.0
7469,480.14682065854487,0.0,0.0
7470,480.16762835500646,0.0,0.0
7471,480.2405419145058,0.0,0.0
7472,480.29950683234335,0.0,0.0
7473,480.2927259320874,0.0,0.0
7474,480.29287464234125,0.0,0.0
7475,480.29966074954194,0.0,0.0
7476,480.8551838940527,0.0,0.0
7477,481.38919261292614,0.0,0.0
7478,482.0076928224126,0.0,0.0
7479,482.65322592146816,0.0,0.0
7480,483.0448555733043,0.0,0.0
7481,483.22043522377163,0.0,0.0
7482,483.35193213806406,0.0,0.0
7483,483.4385098364096,0.0,0.0
7484,483.5222970568639,0.0,0.0
7485,483.5735278541106,0.0,0.0
7486,483.6385418870386,0.0,0.0
7487,483.6935900246275,0.0,0.0
7488,483.72166202271677,0.0,0.0
7489,483.7449845243945,0.0,0.0
7490,483.76879041534283,0.0,0.0
7491,483.7895473495246,0.0,0.0
7492,483.79883765617836,0.0,0.0
7493,483.81492615556704,0.0,0.0
7494,483.8305742172646,0.0,0.0
7495,483.90664747278396,0.0,0.0
7496,483.9521870931725,0.0,0.0
7497,484.34459191311316,0.0,0.0
7498,484.85695055220305,0.0,0.0
7499,485.1250388888795,0.0,0.0
7500,485.244837154059,0.0,0.0
7501,485.29189705834193,0.0,0.0
7502,485.29017058255494,0.0,0.0
7503,485.3523869865606,0.0,0.0
7504,485.39157322545947,0.0,0.0
7505,485.45289803377926,0.0,0.0
7506,485.5238709119657,0.0,0.0
7507,485.5874755583364,0.0,0.0
7508,485.6612453901225,0.0,0.0
7509,485.75065114366305,0.0,0.0
7510,485.8180811238695,0.0,0.0
7511,485.8685841606313,0.0,0.0
7512,485.8973998145157,0.0,0.0
7513,485.9225848483731,0.0,0.0
7514,485.9452564111152,0.0,0.0
7515,485.96479762053144,0.0,0.0
7516,485.9884194223323,0.0,0.0
7517,486.04891468760917,0.0,0.0
7518,486.05639110883,0.0,0.0
7519,486.08555709661334,0.0,0.0
7520,486.1207128092379,0.0,0.0
7521,486.151263155817,0.0,0.0
7522,486.2782678943414,0.0,0.0
7523,486.82907703079775,0.0,0.0
7524,487.32917960867235,0.0,0.0
7525,488.0451815892752,0.0,0.0
7526,488.5637414348851,0.0,0.0
7527,488.7745643146964,0.0,0.0
7528,488.8917752912704,0.0,0.0
7529,488.9660284884034,0.0,0.0
7530,489.030642302564,0.0,0.0
7531,489.088762497051,0.0,0.0
7532,489.1604117815428,0.0,0.0
7533,489.3071129189461,0.0,0.0
7534,489.3890207732511,0.0,0.0
7535,489.46167009853144,0.0,0.0
7536,489.50713670644114,0.0,0.0
7537,489.5350604715853,0.0,0.0
7538,489.5555497618226,0.0,0.0
7539,489.57529287760246,0.0,0.0
7540,489.58799056494877,0.0,0.0
7541,489.6115563122505,0.0,0.0
7542,489.6429247775615,0.0,0.0
7543,489.7034883728715,0.0,0.0
7544,489.8317798756553,0.0,0.0
7545,489.85888136084077,0.0,0.0
7546,489.9299082762177,0.0,0.0
7547,490.3522389869968,0.0,0.0
7548,491.08080591940956,0.0,0.0
7549,491.48237594490246,0.0,0.0
7550,491.72223783555944,0.0,0.0
7551,491.94547727152917,0.0,0.0
7552,492.16267656806144,0.0,0.0
7553,492.2567005704338,0.0,0.0
7554,492.3430849199998,0.0,0.0
7555,492.4096865127791,0.0,0.0
7556,492.4734047441713,0.0,0.0
7557,492.54507726637473,0.0,0.0
7558,492.6177621215458,0.0,0.0
7559,492.66067948223537,0.0,0.0
7560,492.69571806457435,0.0,0.0
7561,492.7141086967922,0.0,0.0
7562,492.73016284865076,0.0,0.0
7563,492.7498786018476,0.0,0.0
7564,492.75580246241634,0.0,0.0
7565,492.76223693024434,0.0,0.0
7566,492.80529941286983,0.0,0.0
7567,492.85890076397055,0.0,0.0
7568,492.85804250216574,0.0,0.0
7569,492.88911047428957,0.0,0.0
7570,492.8947585485836,0.0,0.0
7571,493.09899561231674,0.0,0.0
7572,493.41474508211184,0.0,0.0
7573,493.7567508160836,0.0,0.0
7574,493.8162947742801,0.0,0.0
7575,493.89190559913817,0.0,0.0
7576,493.94579023018946,0.0,0.0
7577,494.0114644043863,0.0,0.0
7578,494.21024089554663,0.0,0.0
7579,494.30336424828675,0.0,0.0
7580,494.3816328826925,0.0,0.0
7581,494.47319862132707,0.0,0.0
7582,494.5352895777584,0.0,0.0
7583,494.587149654525,0.0,0.0
7584,494.6240032878068,0.0,0.0
7585,494.66088129401436,0.0,0.0
7586,494.68116827710014,0.0,0.0
7587,494.6941443325639,0.0,0.0
7588,494.705313084727,0.0,0.0
7589,494.71997460704785,0.0,0.0
7590,494.73503660563125,0.0,0.0
7591,495.131240445803,0.0,0.0
7592,495.1898997292888,0.0,0.0
7593,495.2059858451711,0.0,0.0
7594,495.21227489028354,0.0,0.0
7595,495.2059107543757,0.0,0.0
7596,495.5211041944947,0.0,0.0
7597,496.0334176359275,0.0,0.0
7598,496.2902317063874,0.0,0.0
7599,496.37790901639215,0.0,0.0
7600,496.4462352273377,0.0,0.0
7601,496.51863907724317,0.0,0.0
7602,496.587150113206,0.0,0.0
7603,496.6594659175855,0.0,0.0
7604,496.7465830182697,0.0,0.0
7605,496.8077849802877,0.0,0.0
7606,496.8709332813444,0.0,0.0
7607,496.9048138051961,0.0,0.0
7608,496.9258942081881,0.0,0.0
7609,496.94587005684406,0.0,0.0
7610,496.97509531188,0.0,0.0
7611,496.9864248516517,0.0,0.0
7612,496.98419955147176,0.0,0.0
7613,496.9919745556912,0.0,0.0
7614,497.02980895448496,0.0,0.0
7615,497.0745038496264,0.0,0.0
7616,497.07869181555606,0.0,0.0
7617,497.06896511740706,0.0,0.0
7618,497.0641933582176,0.0,0.0
7619,497.1833173943647,0.0,0.0
7620,497.2210058615687,0.0,0.0
7621,497.2140065988754,0.0,0.0
7622,497.20614423611164,0.0,0.0
7623,497.47588118374546,0.0,0.0
7624,498.0978388386031,0.0,0.0
7625,498.59845691497156,0.0,0.0
7626,498.79630570902094,0.0,0.0
7627,498.9173935789774,0.0,0.0
7628,499.0165241302135,0.0,0.0
7629,499.11060212672066,0.0,0.0
7630,499.1765413969342,0.0,0.0
7631,499.2227718940876,0.0,0.0
7632,499.2454209580791,0.0,0.0
7633,499.2632328621277,0.0,0.0
7634,499.28279768073884,0.0,0.0
7635,499.2943912172771,0.0,0.0
7636,499.3032549765316,0.0,0.0
7637,499.3179652225881,0.0,0.0
7638,499.33499317429266,0.0,0.0
7639,499.39362673094615,0.0,0.0
7640,499.44792212979166,0.0,0.0
7641,499.48281875971196,0.0,0.0
7642,499.5099084432781,0.0,0.0
7643,499.5291572953656,0.0,0.0
7644,499.5212374137607,0.0,0.0
7645,499.5129271427286,0.0,0.0
7646,499.5002017352834,0.0,0.0
7647,499.63165583136623,0.0,0.0
7648,499.73237863122665,0.0,0.0
7649,499.8551109278291,0.0,0.0
7650,499.91441296748786,0.0,0.0
7651,499.957578402532,0.0,0.0
7652,500.0053043764717,0.0,0.0
7653,500.043558272725,0.0,0.0
7654,500.0964055458068,0.0,0.0
7655,500.1426432498995,0.0,0.0
7656,500.1701288583408,0.0,0.0
7657,500.18897084362715,0.0,0.0
7658,500.20433624432536,0.0,0.0
7659,500.22076007573224,0.0,0.0
7660,500.2252198977514,0.0,0.0
7661,500.23579676776626,0.0,0.0
7662,500.256078252693,0.0,0.0
7663,500.31474892188976,0.0,0.0
7664,500.36486615636824,0.0,0.0
7665,500.9186752682127,0.0,0.0
7666,501.66597612135746,0.0,0.0
7667,502.34621017621737,0.0,0.0
7668,503.0944892223557,0.0,0.0
7669,503.7678771708955,0.0,0.0
7670,504.1936938261207,0.0,0.0
7671,504.37647253716494,0.0,0.0
7672,504.54092359103475,0.0,0.0
7673,504.6961579119368,0.0,0.0
7674,504.84585189330164,0.0,0.0
7675,504.935936816359,0.0,0.0
7676,505.02015655638115,0.0,0.0
7677,505.12638346940844,0.0,0.0
7678,505.2020091051121,0.0,0.0
7679,505.25220931376833,0.0,0.0
7680,505.27809577624066,0.0,0.0
7681,505.2969287940829,0.0,0.0
7682,505.31313526874294,0.0,0.0
7683,505.3290552418685,0.0,0.0
7684,505.35402777845053,0.0,0.0
7685,505.3686749817358,0.0,0.0
7686,505.38364496728843,0.0,0.0
7687,505.43011512205663,0.0,0.0
7688,505.4262860500475,0.0,0.0
7689,505.4283651113611,0.0,0.0
7690,505.4226739010535,0.0,0.0
7691,505.4159946273473,0.0,0.0
7692,505.4096852443747,0.0,0.0
7693,505.4035147468512,0.0,0.0
7694,505.39532010272495,0.0,0.0
7695,505.44825873668486,0.0,0.0
7696,505.5095082027311,0.0,0.0
7697,505.57439676804006,0.0,0.0
7698,505.6475902014559,0.0,0.0
7699,505.7165929783668,0.0,0.0
7700,505.79153365805587,0.0,0.0
7701,505.86859210078546,0.0,0.0
7702,505.9343450330955,0.0,0.0
7703,505.98266293174737,0.0,0.0
7704,506.0051166903448,0.0,0.0
7705,506.0255711461935,0.0,0.0
7706,506.0445024481858,0.0,0.0
7707,506.0540350355085,0.0,0.0
7708,506.06158755863913,0.0,0.0
7709,506.0732397311285,0.0,0.0
7710,506.0948673734931,0.0,0.0
7711,506.17213741897604,0.0,0.0
7712,506.28430031966246,0.0,0.0
7713,506.32911035695923,0.0,0.0
7714,506.3573096014482,0.0,0.0
7715,506.4128068772209,0.0,0.0
7716,506.47201373804205,0.0,0.0
7717,506.5574748111148,0.0,0.0
7718,506.617698732726,0.0,0.0
7719,506.698353510974,0.0,0.0
7720,506.8310668235731,0.0,0.0
7721,506.91443951539725,0.0,0.0
7722,507.01850418468206,0.0,0.0
7723,507.1736464862154,0.0,0.0
7724,507.3109007047838,0.0,0.0
7725,507.406424696227,0.0,0.0
7726,507.4969934484486,0.0,0.0
7727,507.5477950985952,0.0,0.0
7728,507.5842215698353,0.0,0.0
7729,507.6184772456003,0.0,0.0
7730,507.6469179493394,0.0,0.0
7731,507.6627101636532,0.0,0.0
7732,507.6694560094771,0.0,0.0
7733,507.67567550815926,0.0,0.0
7734,507.68950951726396,0.0,0.0
7735,507.7706354608806,0.0,0.0
7736,507.8322409386224,0.0,0.0
7737,507.89330704348265,0.0,0.0
7738,507.8977601819907,0.0,0.0
7739,507.8940237366469,0.0,0.0
7740,508.3920268097891,0.0,0.0
7741,508.53848926703085,0.0,0.0
7742,508.82050261228886,0.0,0.0
7743,509.0785850731875,0.0,0.0
7744,509.71575288378887,0.0,0.0
7745,510.050179276837,0.0,0.0
7746,510.27348977833265,0.0,0.0
7747,510.64926367465694,0.0,0.0
7748,511.1074411058595,0.0,0.0
7749,511.7839917450816,0.0,0.0
7750,512.4932836758157,0.0,0.0
7751,513.1996105002077,0.0,0.0
7752,513.9005164289888,0.0,0.0
7753,514.5115918277053,0.0,0.0
7754,514.7502126109431,0.0,0.0
7755,514.8427308233931,0.0,0.0
7756,514.8850600291541,0.0,0.0
7757,514.9160209489361,0.0,0.0
7758,514.935390932425,0.0,0.0
7759,515.0235349880469,0.0,0.0
7760,515.0846707556049,0.0,0.0
7761,515.1200362023105,0.0,0.0
7762,515.4068090302014,0.0,0.0
7763,515.966600774566,0.0,0.0
7764,516.0548018634373,0.0,0.0
7765,516.0495913031554,0.0,0.0
7766,516.0516741609204,0.0,0.0
7767,516.1469606921994,0.0,0.0
7768,516.2211365157148,0.0,0.0
7769,516.2922202057522,0.0,0.0
7770,516.4061451082335,0.0,0.0
7771,516.4787745793757,0.0,0.0
7772,516.6402625265754,0.0,0.0
7773,516.716861956422,0.0,0.0
7774,516.8104919294502,0.0,0.0
7775,516.8793996785644,0.0,0.0
7776,516.9372354437585,0.0,0.0
7777,516.9647916088887,0.0,0.0
7778,516.9911132988611,0.0,0.0
7779,517.007732851551,0.0,0.0
7780,517.0140763886006,0.0,0.0
7781,517.0314771822848,0.0,0.0
7782,517.0879735438432,0.0,0.0
7783,517.6665881445426,0.0,0.0
7784,518.2337123800647,0.0,0.0
7785,518.9047816136003,0.0,0.0
7786,519.6190596417764,0.0,0.0
7787,520.0252652371994,0.0,0.0
7788,520.2270494670952,0.0,0.0
7789,520.2682197696047,0.0,0.0
7790,520.3499691309355,0.0,0.0
7791,520.4764792620248,0.0,0.0
7792,520.6100951412855,0.0,0.0
7793,520.705890595594,0.0,0.0
7794,520.8104769559734,0.0,0.0
7795,520.9076686448389,0.0,0.0
7796,520.9661615875431,0.0,0.0
7797,521.0413519370051,0.0,0.0
7798,521.0944537419389,0.0,0.0
7799,521.1296379414307,0.0,0.0
7800,521.1547346321216,0.0,0.0
7801,521.1730399279106,0.0,0.0
7802,521.2072050725565,0.0,0.0
7803,521.2182247498362,0.0,0.0
7804,521.2133640326717,0.0,0.0
7805,521.2092500113893,0.0,0.0
7806,521.2227226108765,0.0,0.0
7807,521.2586462378387,0.0,0.0
7808,521.3170103040379,0.0,0.0
7809,521.4604942920483,0.0,0.0
7810,521.9656601188635,0.0,0.0
7811,522.5301331680156,0.0,0.0
7812,523.0928813904518,0.0,0.0
7813,523.4407466712108,0.0,0.0
7814,523.5272349359257,0.0,0.0
7815,523.6799555043038,0.0,0.0
7816,523.831644636178,0.0,0.0
7817,523.9633570930529,0.0,0.0
7818,524.086799099873,0.0,0.0
7819,524.242461688237,0.0,0.0
7820,524.3357166920125,0.0,0.0
7821,524.4421358854026,0.0,0.0
7822,524.5298042404734,0.0,0.0
7823,524.5820491193296,0.0,0.0
7824,524.6159029947083,0.0,0.0
7825,524.6392297286767,0.0,0.0
7826,524.665501812662,0.0,0.0
7827,524.6800569127428,0.0,0.0
7828,524.6919251032493,0.0,0.0
7829,524.7125832868242,0.0,0.0
7830,524.7255645728843,0.0,0.0
7831,524.8183799368805,0.0,0.0
7832,524.8596337053756,0.0,0.0
7833,525.0582735644571,0.0,0.0
7834,525.6549526462228,0.0,0.0
7835,526.0982161159071,0.0,0.0
7836,526.2872793265282,0.0,0.0
7837,526.376652850421,0.0,0.0
7838,526.4063932325928,0.0,0.0
7839,526.4695841993248,0.0,0.0
7840,526.6147830867419,0.0,0.0
7841,526.7527077333373,0.0,0.0
7842,526.8313712637234,0.0,0.0
7843,526.9084027354886,0.0,0.0
7844,527.0012487604005,0.0,0.0
7845,527.083831208235,0.0,0.0
7846,527.1623270070615,0.0,0.0
7847,527.2074767086539,0.0,0.0
7848,527.2318869201808,0.0,0.0
7849,527.2503121011972,0.0,0.0
7850,527.281040996059,0.0,0.0
7851,527.2986487588743,0.0,0.0
7852,527.3108711403871,0.0,0.0
7853,527.3293873777616,0.0,0.0
7854,527.3385273327858,0.0,0.0
7855,527.366502791923,0.0,0.0
7856,527.4655989142694,0.0,0.0
7857,528.0557493512657,0.0,0.0
7858,528.6885340171852,0.0,0.0
7859,529.0217850433086,0.0,0.0
7860,529.1507215828892,0.0,0.0
7861,529.233824704361,0.0,0.0
7862,529.3035267575355,0.0,0.0
7863,529.3997559747648,0.0,0.0
7864,529.5263218888329,0.0,0.0
7865,529.6857162275206,0.0,0.0
7866,529.8469687700881,0.0,0.0
7867,529.9843081402646,0.0,0.0
7868,530.1683631773807,0.0,0.0
7869,530.2909124431361,0.0,0.0
7870,530.4366563242551,0.0,0.0
7871,530.5216568411963,0.0,0.0
7872,530.5757057237893,0.0,0.0
7873,530.609428103331,0.0,0.0
7874,530.6450693694369,0.0,0.0
7875,530.6735334372773,0.0,0.0
7876,530.7227445079803,0.0,0.0
7877,530.7467052829601,0.0,0.0
7878,530.750335908573,0.0,0.0
7879,530.8142503856327,0.0,0.0
7880,530.8662652435214,0.0,0.0
7881,530.9471587792233,0.0,0.0
7882,530.9666366093865,0.0,0.0
7883,530.9894840128984,0.0,0.0
7884,531.4016306537957,0.0,0.0
7885,531.5521093080986,0.0,0.0
7886,531.6471649907829,0.0,0.0
7887,531.8105764364946,0.0,0.0
7888,531.9701861802598,0.0,0.0
7889,532.0883606706594,0.0,0.0
7890,532.2216860375264,0.0,0.0
7891,532.3403271344681,0.0,0.0
7892,532.4570409657986,0.0,0.0
7893,532.5824965768311,0.0,0.0
7894,532.6998342405744,0.0,0.0
7895,532.7689399439671,0.0,0.0
7896,532.8515079118588,0.0,0.0
7897,532.8786410985625,0.0,0.0
7898,532.9001355467402,0.0,0.0
7899,532.9120769345421,0.0,0.0
7900,532.9200792755053,0.0,0.0
7901,532.9345179900666,0.0,0.0
7902,532.9647962735248,0.0,0.0
7903,533.0478998301746,0.0,0.0
7904,533.0983317730128,0.0,0.0
7905,533.1250195870512,0.0,0.0
7906,533.1506550951212,0.0,0.0
7907,533.2469665975659,0.0,0.0
7908,533.4106914842935,0.0,0.0
7909,533.9613233491025,0.0,0.0
7910,534.5699444634431,0.0,0.0
7911,535.2041170913919,0.0,0.0
7912,535.5446443739419,0.0,0.0
7913,535.7893204649419,0.0,0.0
7914,535.9538822403158,0.0,0.0
7915,536.1613956500304,0.0,0.0
7916,536.3359698617531,0.0,0.0
7917,536.4764403192288,0.0,0.0
7918,536.5768189361262,0.0,0.0
7919,536.6347678919179,0.0,0.0
7920,536.6756659416349,0.0,0.0
7921,536.6959901504825,0.0,0.0
7922,536.7148142812002,0.0,0.0
7923,536.7252798071125,0.0,0.0
7924,536.7349951832356,0.0,0.0
7925,536.7479414103558,0.0,0.0
7926,536.7899169923929,0.0,0.0
7927,536.8660777441586,0.0,0.0
7928,536.954155279192,0.0,0.0
7929,537.0805707106883,0.0,0.0
7930,537.1644334748919,0.0,0.0
7931,537.1680077052272,0.0,0.0
7932,537.2192483972411,0.0,0.0
7933,537.2384725389171,0.0,0.0
7934,537.316375979377,0.0,0.0
7935,537.5142806435761,0.0,0.0
7936,537.6917695681203,0.0,0.0
7937,537.8853605349549,0.0,0.0
7938,538.0418411205147,0.0,0.0
7939,538.1999057700408,0.0,0.0
7940,538.3848285956602,0.0,0.0
7941,538.4994448927619,0.0,0.0
7942,538.5887635810021,0.0,0.0
7943,538.6565891588475,0.0,0.0
7944,538.6950294159268,0.0,0.0
7945,538.7173447754542,0.0,0.0
7946,538.7340262588509,0.0,0.0
7947,538.7467961440625,0.0,0.0
7948,538.754865558549,0.0,0.0
7949,538.7665905509641,0.0,0.0
7950,538.770337013875,0.0,0.0
7951,538.8261680961158,0.0,0.0
7952,538.8947661988578,0.0,0.0
7953,539.0226742328283,0.0,0.0
7954,539.0865794008146,0.0,0.0
7955,539.2047081323797,0.0,0.0
7956,539.2413566673198,0.0,0.0
7957,539.2780544896003,0.0,0.0
7958,539.4179893529104,0.0,0.0
7959,539.643097001114,0.0,0.0
7960,539.8589364164374,0.0,0.0
7961,540.0646553273283,0.0,0.0
7962,540.2538605013928,0.0,0.0
7963,540.423902598078,0.0,0.0
7964,540.5697563437922,0.0,0.0
7965,540.6930849079142,0.0,0.0
7966,540.8003699173782,0.0,0.0
7967,540.8598139595061,0.0,0.0
7968,540.8902509698178,0.0,0.0
7969,540.90908213254,0.0,0.0
7970,540.927002467577,0.0,0.0
7971,540.9413189214915,0.0,0.0
7972,540.9525117935309,0.0,0.0
7973,540.9573553351961,0.0,0.0
7974,540.9974329565206,0.0,0.0
7975,541.0517098906485,0.0,0.0
7976,541.1728584661857,0.0,0.0
7977,541.3257698229396,0.0,0.0
7978,541.3966752795251,0.0,0.0
7979,541.4403018676212,0.0,0.0
7980,541.4646467069343,0.0,0.0
7981,541.5929987333831,0.0,0.0
7982,541.7405109554451,0.0,0.0
7983,541.9364811788406,0.0,0.0
7984,542.102141268783,0.0,0.0
7985,542.245253016638,0.0,0.0
7986,542.3888941043954,0.0,0.0
7987,542.5062587151448,0.0,0.0
7988,542.6218222705529,0.0,0.0
7989,542.7307448391426,0.0,0.0
7990,542.8218923988635,0.0,0.0
7991,542.8777737695956,0.0,0.0
7992,542.9068297332469,0.0,0.0
7993,542.9502377422381,0.0,0.0
7994,542.9698294752685,0.0,0.0
7995,542.9839507957977,0.0,0.0
7996,542.996610133404,0.0,0.0
7997,542.9998792807921,0.0,0.0
7998,543.0332373016888,0.0,0.0
7999,543.1002171227905,0.0,0.0
8000,543.2491375857308,0.0,0.0
8001,543.3255855515702,0.0,0.0
8002,543.3947068350215,0.0,0.0
8003,543.4948030443283,0.0,0.0
8004,543.6019233718797,0.0,0.0
8005,543.7351070727982,0.0,0.0
8006,543.8693198964621,0.0,0.0
8007,544.0039909450685,0.0,0.0
8008,544.1426510501257,0.0,0.0
8009,544.3534379020894,0.0,0.0
8010,544.496966724431,0.0,0.0
8011,544.6542038814625,0.0,0.0
8012,544.7826497631901,0.0,0.0
8013,544.9176589007409,0.0,0.0
8014,545.0467738639929,0.0,0.0
8015,545.1455581779495,0.0,0.0
8016,545.1922677630846,0.0,0.0
8017,545.2329117999896,0.0,0.0
8018,545.2986849682225,0.0,0.0
8019,545.3526169865768,0.0,0.0
8020,545.3892921112206,0.0,0.0
8021,545.4358208388678,0.0,0.0
8022,545.4875845021129,0.0,0.0
8023,545.5641667592746,0.0,0.0
8024,545.6835829996048,0.0,0.0
8025,545.7370504123811,0.0,0.0
8026,545.8795467947813,0.0,0.0
8027,546.0634580850891,0.0,0.0
8028,546.2543779789327,0.0,0.0
8029,546.4639160139062,0.0,0.0
8030,546.6565429242904,0.0,0.0
8031,546.79041819186,0.0,0.0
8032,546.9526890259415,0.0,0.0
8033,547.1237183731049,0.0,0.0
8034,547.4264303505689,0.0,0.0
8035,547.6024255167115,0.0,0.0
8036,547.7922183029242,0.0,0.0
8037,547.9305436035801,0.0,0.0
8038,548.0330422890908,0.0,0.0
8039,548.0943315018944,0.0,0.0
8040,548.1370933638659,0.0,0.0
8041,548.1611510002566,0.0,0.0
8042,548.181136954489,0.0,0.0
8043,548.2058232495546,0.0,0.0
8044,548.2239406492373,0.0,0.0
8045,548.2428817420932,0.0,0.0
8046,548.2898520928471,0.0,0.0
8047,548.3504130412315,0.0,0.0
8048,548.539986647195,0.0,0.0
8049,548.7172622145538,0.0,0.0
8050,548.890642714524,0.0,0.0
8051,549.036341521286,0.0,0.0
8052,549.269312281238,0.0,0.0
8053,549.6427321988174,0.0,0.0
8054,550.309644152262,0.0,0.0
8055,550.9838903888235,0.0,0.0
8056,551.772344420027,0.0,0.0
8057,552.5156947624274,0.0,0.0
8058,553.0173910454645,0.0,0.0
8059,553.2864619316854,0.0,0.0
8060,553.4682505955129,0.0,0.0
8061,553.6242650238571,0.0,0.0
8062,553.7395358615422,0.0,0.0
8063,553.8218910621176,0.0,0.0
8064,553.8808936526112,0.0,0.0
8065,553.9351537849452,0.0,0.0
8066,553.9727604042725,0.0,0.0
8067,554.0061053065556,0.0,0.0
8068,554.0354361414519,0.0,0.0
8069,554.043321282647,0.0,0.0
8070,554.0696229459325,0.0,0.0
8071,554.1506842209607,0.0,0.0
8072,554.2135703455342,0.0,0.0
8073,554.2448429290116,0.0,0.0
8074,554.3705434558052,0.0,0.0
8075,554.4499545844121,0.0,0.0
8076,554.7224432224473,0.0,0.0
8077,555.3524370158862,0.0,0.0
8078,555.4888903232315,0.0,0.0
8079,555.6325151323178,0.0,0.0
8080,555.8144560607012,0.0,0.0
8081,556.0061524824732,0.0,0.0
8082,556.1932742678148,0.0,0.0
8083,556.327987700593,0.0,0.0
8084,556.449306612868,0.0,0.0
8085,556.5599970315848,0.0,0.0
8086,556.6654568069528,0.0,0.0
8087,556.7261859694385,0.0,0.0
8088,556.8104061800973,0.0,0.0
8089,556.8858362130886,0.0,0.0
8090,556.970285263094,0.0,0.0
8091,557.0943365794211,0.0,0.0
8092,557.1826453518288,0.0,0.0
8093,557.2949728721188,0.0,0.0
8094,557.3862782966718,0.0,0.0
8095,557.5312341054357,0.0,0.0
8096,557.6723560709173,0.0,0.0
8097,557.798490407545,0.0,0.0
8098,557.9067837918863,0.0,0.0
8099,558.0350326505783,0.0,0.0
8100,558.2019014194099,0.0,0.0
8101,558.3509761352013,0.0,0.0
8102,558.4851024738198,0.0,0.0
8103,558.653876005368,0.0,0.0
8104,558.8400682112818,0.0,0.0
8105,559.013661633718,0.0,0.0
8106,559.1805660054606,0.0,0.0
8107,559.3712900956115,0.0,0.0
8108,559.6011351895866,0.0,0.0
8109,559.8417753153565,0.0,0.0
8110,560.0101487620254,0.0,0.0
8111,560.1994728716472,0.0,0.0
8112,560.2497639941267,0.0,0.0
8113,560.2962895484586,0.0,0.0
8114,560.3203507575054,0.0,0.0
8115,560.3426475043552,0.0,0.0
8116,560.3637055679822,0.0,0.0
8117,560.3868873139613,0.0,0.0
8118,560.4022815347223,0.0,0.0
8119,560.4873590514401,0.0,0.0
8120,560.7390588187338,0.0,0.0
8121,561.3575070406815,0.0,0.0
8122,562.0947526496337,0.0,0.0
8123,562.7780663204622,0.0,0.0
8124,563.2059951398696,0.0,0.0
8125,563.4038535148289,0.0,0.0
8126,563.577285574732,0.0,0.0
8127,563.8294359504057,0.0,0.0
8128,564.0343322387423,0.0,0.0
8129,564.1511903445346,0.0,0.0
8130,564.3041381435874,0.0,0.0
8131,564.4624180511338,0.0,0.0
8132,564.6382519362078,0.0,0.0
8133,564.7730363697037,0.0,0.0
8134,564.9057545109328,0.0,0.0
8135,564.9716859068866,0.0,0.0
8136,565.0036220973428,0.0,0.0
8137,565.023590958174,0.0,0.0
8138,565.0421013328703,0.0,0.0
8139,565.0626779899011,0.0,0.0
8140,565.0802427787524,0.0,0.0
8141,565.080720187677,0.0,0.0
8142,565.079390813327,0.0,0.0
8143,565.1065019549508,0.0,0.0
8144,565.2563103948168,0.0,0.0
8145,565.3551813679952,0.0,0.0
8146,565.4165099953605,0.0,0.0
8147,565.7749109078096,0.0,0.0
8148,566.4068078698716,0.0,0.0
8149,566.5834113059611,0.0,0.0
8150,566.6252552190927,0.0,0.0
8151,566.7287796669398,0.0,0.0
8152,566.838876871525,0.0,0.0
8153,567.0347894792101,0.0,0.0
8154,567.2351085640038,0.0,0.0
8155,567.4039787760962,0.0,0.0
8156,567.544631791572,0.0,0.0
8157,567.7214023198572,0.0,0.0
8158,567.8822375774946,0.0,0.0
8159,568.008064742339,0.0,0.0
8160,568.062769612428,0.0,0.0
8161,568.1051993084965,0.0,0.0
8162,568.1416149573092,0.0,0.0
8163,568.1854268157922,0.0,0.0
8164,568.2148523759357,0.0,0.0
8165,568.2396012648065,0.0,0.0
8166,568.284278718814,0.0,0.0
8167,568.379320055371,0.0,0.0
8168,568.5620383908915,0.0,0.0
8169,568.5764520063403,0.0,0.0
8170,568.6848955417089,0.0,0.0
8171,568.7356138889817,0.0,0.0
8172,568.8000046053376,0.0,0.0
8173,568.8098955188364,0.0,0.0
8174,568.8769939568846,0.0,0.0
8175,569.029032201548,0.0,0.0
8176,569.1555058824672,0.0,0.0
8177,569.2948375196597,0.0,0.0
8178,569.3907202509146,0.0,0.0
8179,569.5033215033255,0.0,0.0
8180,569.6132736104711,0.0,0.0
8181,569.7273738918243,0.0,0.0
8182,569.84983849706,0.0,0.0
8183,569.9254565642314,0.0,0.0
8184,569.9924634601174,0.0,0.0
8185,570.053389533937,0.0,0.0
8186,570.1245269809855,0.0,0.0
8187,570.2113658949995,0.0,0.0
8188,570.2573670451394,0.0,0.0
8189,570.3273160565211,0.0,0.0
8190,570.3980756633679,0.0,0.0
8191,570.5467204926703,0.0,0.0
8192,570.6738181207803,0.0,0.0
8193,570.7340501835806,0.0,0.0
8194,570.800308144159,0.0,0.0
8195,570.8725828855437,0.0,0.0
8196,570.9220345860394,0.0,0.0
8197,570.9949983887273,0.0,0.0
8198,571.3797700140306,0.0,0.0
8199,571.7003102037828,0.0,0.0
8200,571.8555201040624,0.0,0.0
8201,571.9859784461127,0.0,0.0
8202,572.113171324711,0.0,0.0
8203,572.2241184774336,0.0,0.0
8204,572.3398747344905,0.0,0.0
8205,572.459505911015,0.0,0.0
8206,572.587614691816,0.0,0.0
8207,572.6711954401137,0.0,0.0
8208,572.7591456751952,0.0,0.0
8209,572.8324295647951,0.0,0.0
8210,572.9006672043879,0.0,0.0
8211,572.950665136144,0.0,0.0
8212,572.9982819527655,0.0,0.0
8213,573.059583200568,0.0,0.0
8214,573.1478482796018,0.0,0.0
8215,573.3398266213532,0.0,0.0
8216,573.5039920980704,0.0,0.0
8217,573.6358252432714,0.0,0.0
8218,573.7412706254404,0.0,0.0
8219,573.7994395327933,0.0,0.0
8220,574.3380275936298,0.0,0.0
8221,575.1334629944046,0.0,0.0
8222,575.4716984615188,0.0,0.0
8223,575.6396583994654,0.0,0.0
8224,575.807830164862,0.0,0.0
8225,575.9359723484545,0.0,0.0
8226,576.0487446133349,0.0,0.0
8227,576.13891677334,0.0,0.0
8228,576.272024955759,0.0,0.0
8229,576.4017450586966,0.0,0.0
8230,576.5401780844205,0.0,0.0
8231,576.6306094107047,0.0,0.0
8232,576.6959220668593,0.0,0.0
8233,576.760968446164,0.0,0.0
8234,576.8232096102648,0.0,0.0
8235,576.8758167402842,0.0,0.0
8236,576.9471144652554,0.0,0.0
8237,576.9890114186682,0.0,0.0
8238,577.0353478426653,0.0,0.0
8239,577.1480467608919,0.0,0.0
8240,577.2562125930624,0.0,0.0
8241,577.4339813187685,0.0,0.0
8242,577.682206969394,0.0,0.0
8243,578.431806341732,0.0,0.0
8244,579.0701641012088,0.0,0.0
8245,579.4646398478957,0.0,0.0
8246,579.6755915145527,0.0,0.0
8247,579.7854863155579,0.0,0.0
8248,579.9099260170973,0.0,0.0
8249,580.023187516802,0.0,0.0
8250,580.1437630893064,0.0,0.0
8251,580.2289655697408,0.0,0.0
8252,580.3200171017594,0.0,0.0
8253,580.5150454780479,0.0,0.0
8254,580.6234203464745,0.0,0.0
8255,580.6949002845603,0.0,0.0
8256,580.7608961012597,0.0,0.0
8257,580.8048559666069,0.0,0.0
8258,580.8597988275943,0.0,0.0
8259,580.8991004560444,0.0,0.0
8260,580.9454195259534,0.0,0.0
8261,581.0207841504206,0.0,0.0
8262,581.1007060930515,0.0,0.0
8263,581.2034496416886,0.0,0.0
8264,581.2724223852604,0.0,0.0
8265,581.8068786599138,0.0,0.0
8266,582.4905913363525,0.0,0.0
8267,583.1643598617832,0.0,0.0
8268,583.8273391119786,0.0,0.0
8269,584.5183491951869,0.0,0.0
8270,585.0305720715338,0.0,0.0
8271,585.2289036464059,0.0,0.0
8272,585.3950705422028,0.0,0.0
8273,585.4923264528207,0.0,0.0
8274,585.5904293426544,0.0,0.0
8275,585.674738024979,0.0,0.0
8276,585.7745794069143,0.0,0.0
8277,585.885306207663,0.0,0.0
8278,586.0095087086551,0.0,0.0
8279,586.103106547767,0.0,0.0
8280,586.1634922018023,0.0,0.0
8281,586.2148642384664,0.0,0.0
8282,586.2893887392282,0.0,0.0
8283,586.3309420281785,0.0,0.0
8284,586.3789972202063,0.0,0.0
8285,586.4402116168824,0.0,0.0
8286,586.4784080250363,0.0,0.0
8287,586.5637704945347,0.0,0.0
8288,586.738456146662,0.0,0.0
8289,586.8584658840192,0.0,0.0
8290,586.9178341051794,0.0,0.0
8291,587.0046982615303,0.0,0.0
8292,587.6478337941144,0.0,0.0
8293,588.3070010624402,0.0,0.0
8294,589.0181181647972,0.0,0.0
8295,589.4381963022993,0.0,0.0
8296,589.6352769429913,0.0,0.0
8297,589.7962700019411,0.0,0.0
8298,589.9374904355793,0.0,0.0
8299,590.0792117552405,0.0,0.0
8300,590.2135575597405,0.0,0.0
8301,590.3469164961256,0.0,0.0
8302,590.4776619433484,0.0,0.0
8303,590.5896360038204,0.0,0.0
8304,590.6625986372284,0.0,0.0
8305,590.7244115078051,0.0,0.0
8306,590.7922554118895,0.0,0.0
8307,590.84623254015,0.0,0.0
8308,590.8974851686517,0.0,0.0
8309,590.9604640070368,0.0,0.0
8310,591.0276922110938,0.0,0.0
8311,591.1542985092125,0.0,0.0
8312,591.2648044676185,0.0,0.0
8313,591.3000351162019,0.0,0.0
8314,591.339169360674,0.0,0.0
8315,591.3693889446548,0.0,0.0
8316,591.4468249425217,0.0,0.0
8317,591.922278909048,0.0,0.0
8318,592.4544342092225,0.0,0.0
8319,593.1425542300731,0.0,0.0
8320,593.8369805158836,0.0,0.0
8321,594.3280021511267,0.0,0.0
8322,594.6031472878203,0.0,0.0
8323,594.7818141711368,0.0,0.0
8324,594.978933469565,0.0,0.0
8325,595.1041086939705,0.0,0.0
8326,595.2399809619121,0.0,0.0
8327,595.3306781566209,0.0,0.0
8328,595.3992731876733,0.0,0.0
8329,595.4823910131998,0.0,0.0
8330,595.5381198829639,0.0,0.0
8331,595.5897915471876,0.0,0.0
8332,595.6332193397144,0.0,0.0
8333,595.7226597821985,0.0,0.0
8334,595.803423731206,0.0,0.0
8335,595.9341024333794,0.0,0.0
8336,596.0732167860962,0.0,0.0
8337,596.1345381665722,0.0,0.0
8338,596.1804526242473,0.0,0.0
8339,596.2104586675065,0.0,0.0
8340,596.2683096863356,0.0,0.0
8341,596.3398596655489,0.0,0.0
8342,596.438981857218,0.0,0.0
8343,596.5984384523725,0.0,0.0
8344,596.7508037209624,0.0,0.0
8345,596.9090223464683,0.0,0.0
8346,597.086505657112,0.0,0.0
8347,597.2571072104219,0.0,0.0
8348,597.4289216713888,0.0,0.0
8349,597.6021392072654,0.0,0.0
8350,597.7205824182095,0.0,0.0
8351,597.8375663084092,0.0,0.0
8352,597.906889102284,0.0,0.0
8353,597.9638590826953,0.0,0.0
8354,598.0360113333729,0.0,0.0
8355,598.1021001985036,0.0,0.0
8356,598.149561762488,0.0,0.0
8357,598.2114181910209,0.0,0.0
8358,598.2713566007706,0.0,0.0
8359,598.4008009858899,0.0,0.0
8360,598.5492974900751,0.0,0.0
8361,598.6548144139389,0.0,0.0
8362,598.7565394077858,0.0,0.0
8363,598.8605177973702,0.0,0.0
8364,598.9332173322832,0.0,0.0
8365,599.1701798036397,0.0,0.0
8366,599.8260249971414,0.0,0.0
8367,600.3150754969474,0.0,0.0
8368,600.5668504977223,0.0,0.0
8369,600.7584597051504,0.0,0.0
8370,600.9350166616683,0.0,0.0
8371,601.1035347292562,0.0,0.0
8372,601.2723515002152,0.0,0.0
8373,601.4635807164503,0.0,0.0
8374,601.6371015730882,0.0,0.0
8375,601.7479156878135,0.0,0.0
8376,601.8616715964862,0.0,0.0
8377,601.9659458492067,0.0,0.0
8378,602.0681038872012,0.0,0.0
8379,602.1549943264602,0.0,0.0
8380,602.2476877431621,0.0,0.0
8381,602.3293012284236,0.0,0.0
8382,602.4239446147092,0.0,0.0
8383,602.5586358305181,0.0,0.0
8384,602.7127991417834,0.0,0.0
8385,602.8989560695942,0.0,0.0
8386,603.0490318750409,0.0,0.0
8387,603.1477153079937,0.0,0.0
8388,603.2038684971484,0.0,0.0
8389,603.3161209911011,0.0,0.0
8390,603.4304665372246,0.0,0.0
8391,603.5464429577086,0.0,0.0
8392,603.6410244781426,0.0,0.0
8393,603.7299061051636,0.0,0.0
8394,603.861603821683,0.0,0.0
8395,604.015078768961,0.0,0.0
8396,604.1725704508804,0.0,0.0
8397,604.3338212049364,0.0,0.0
8398,604.486865646334,0.0,0.0
8399,604.6147165788141,0.0,0.0
8400,604.7246733847924,0.0,0.0
8401,604.8129312291082,0.0,0.0
8402,604.8684798905343,0.0,0.0
8403,604.9489855557842,0.0,0.0
8404,605.0225978076977,0.0,0.0
8405,605.0932252266228,0.0,0.0
8406,605.1847205284855,0.0,0.0
8407,605.2944347687971,0.0,0.0
8408,605.4559024279823,0.0,0.0
8409,606.0092379800996,0.0,0.0
8410,606.5640554459877,0.0,0.0
8411,606.9598553543171,0.0,0.0
8412,607.3734070360714,0.0,0.0
8413,607.628012557872,0.0,0.0
8414,607.7917532097138,0.0,0.0
8415,607.9128986478396,0.0,0.0
8416,608.0317865021153,0.0,0.0
8417,608.140212078308,0.0,0.0
8418,608.2539419057786,0.0,0.0
8419,608.3440391648386,0.0,0.0
8420,608.4553861091125,0.0,0.0
8421,608.5649332680503,0.0,0.0
8422,608.6385980826585,0.0,0.0
8423,608.6856470053967,0.0,0.0
8424,608.7296683100076,0.0,0.0
8425,608.7636764479436,0.0,0.0
8426,608.7819250350819,0.0,0.0
8427,608.7967049139572,0.0,0.0
8428,608.8357393945383,0.0,0.0
8429,608.8491772084399,0.0,0.0
8430,608.8470881837789,0.0,0.0
8431,608.8847825124093,0.0,0.0
8432,608.9540915478144,0.0,0.0
8433,609.0663562089895,0.0,0.0
8434,609.5416083895818,0.0,0.0
8435,610.1619728504039,0.0,0.0
8436,610.4614184087683,0.0,0.0
8437,610.5846804788284,0.0,0.0
8438,610.664357802384,0.0,0.0
8439,610.7398852008603,0.0,0.0
8440,610.8385063056319,0.0,0.0
8441,610.984223653391,0.0,0.0
8442,611.1452392877395,0.0,0.0
8443,611.2893029539442,0.0,0.0
8444,611.4660864591663,0.0,0.0
8445,611.6077640339867,0.0,0.0
8446,611.7738641739593,0.0,0.0
8447,611.9142953797576,0.0,0.0
8448,612.0299692354305,0.0,0.0
8449,612.127402698328,0.0,0.0
8450,612.2354618093624,0.0,0.0
8451,612.3003770033174,0.0,0.0
8452,612.3533463731244,0.0,0.0
8453,612.4102210112194,0.0,0.0
8454,612.5024665679125,0.0,0.0
8455,612.5517497688045,0.0,0.0
8456,612.6317333371987,0.0,0.0
8457,612.7845938622271,0.0,0.0
8458,613.0004736060919,0.0,0.0
8459,613.1618501956351,0.0,0.0
8460,613.2743117018778,0.0,0.0
8461,613.3907335792204,0.0,0.0
8462,613.4720799487002,0.0,0.0
8463,613.5646398090859,0.0,0.0
8464,613.6766091152181,0.0,0.0
8465,613.8184757084664,0.0,0.0
8466,613.9376657906332,0.0,0.0
8467,614.1153871328934,0.0,0.0
8468,614.2493453035408,0.0,0.0
8469,614.3657645687732,0.0,0.0
8470,614.4745704637387,0.0,0.0
8471,614.5393397246125,0.0,0.0
8472,614.6306174342066,0.0,0.0
8473,614.6907749710497,0.0,0.0
8474,614.7422882248354,0.0,0.0
8475,614.8064341612414,0.0,0.0
8476,614.8646238450793,0.0,0.0
8477,614.9346590661075,0.0,0.0
8478,615.0087605746006,0.0,0.0
8479,615.1089636438055,0.0,0.0
8480,615.1927986592707,0.0,0.0
8481,615.3038797464023,0.0,0.0
8482,615.4978924326288,0.0,0.0
8483,615.6378167503952,0.0,0.0
8484,615.7687912174792,0.0,0.0
8485,615.911424769569,0.0,0.0
8486,616.0415101031678,0.0,0.0
8487,616.16700240627,0.0,0.0
8488,616.2627722614707,0.0,0.0
8489,616.3536306506475,0.0,0.0
8490,616.413988338605,0.0,0.0
8491,616.5286825470408,0.0,0.0
8492,616.6253284242158,0.0,0.0
8493,616.7727190339426,0.0,0.0
8494,616.8691964211248,0.0,0.0
8495,616.925716673055,0.0,0.0
8496,616.9747713960927,0.0,0.0
8497,617.0073792723147,0.0,0.0
8498,617.0466526817302,0.0,0.0
8499,617.0716369190876,0.0,0.0
8500,617.0870400965482,0.0,0.0
8501,617.115963600536,0.0,0.0
8502,617.1412367617297,0.0,0.0
8503,617.2017193433979,0.0,0.0
8504,617.4043833405598,0.0,0.0
8505,617.5818814000629,0.0,0.0
8506,617.7003783316467,0.0,0.0
8507,617.8594984118018,0.0,0.0
8508,618.0189153037983,0.0,0.0
8509,618.4544389771244,0.0,0.0
8510,618.6998766428561,0.0,0.0
8511,618.8250015863064,0.0,0.0
8512,618.9338424705701,0.0,0.0
8513,619.0475781598197,0.0,0.0
8514,619.1894076371998,0.0,0.0
8515,619.3346748413505,0.0,0.0
8516,619.4378711775961,0.0,0.0
8517,619.5387465534444,0.0,0.0
8518,619.6301864740993,0.0,0.0
8519,619.687826463186,0.0,0.0
8520,619.7445187509798,0.0,0.0
8521,619.7707649821308,0.0,0.0
8522,619.7896186461186,0.0,0.0
8523,619.809443621449,0.0,0.0
8524,619.8202314517014,0.0,0.0
8525,619.831904694143,0.0,0.0
8526,619.834569093553,0.0,0.0
8527,620.0434065842036,0.0,0.0
8528,620.3520043001469,0.0,0.0
8529,620.5013393954894,0.0,0.0
8530,620.7184565851785,0.0,0.0
8531,620.9838733046258,0.0,0.0
8532,621.1464635782806,0.0,0.0
8533,621.4245493320757,0.0,0.0
8534,621.5593575275346,0.0,0.0
8535,621.6376344728029,0.0,0.0
8536,621.7812356017452,0.0,0.0
8537,621.8763037729843,0.0,0.0
8538,621.9864693227609,0.0,0.0
8539,622.0902255964685,0.0,0.0
8540,622.2065392246328,0.0,0.0
8541,622.3065042607343,0.0,0.0
8542,622.3853428595637,0.0,0.0
8543,622.4540287986074,0.0,0.0
8544,622.5556705231726,0.0,0.0
8545,622.652450509506,0.0,0.0
8546,622.7553689604059,0.0,0.0
8547,622.843522604273,0.0,0.0
8548,622.9276157033999,0.0,0.0
8549,623.0003034119561,0.0,0.0
8550,623.0924930381095,0.0,0.0
8551,623.2242431755238,0.0,0.0
8552,623.3682972523507,0.0,0.0
8553,623.5359086519907,0.0,0.0
8554,623.6934816039022,0.0,0.0
8555,624.0229753909913,0.0,0.0
8556,624.5225944589018,0.0,0.0
8557,625.168157171572,0.0,0.0
8558,625.486220922779,0.0,0.0
8559,625.6666145798034,0.0,0.0
8560,625.7894954305242,0.0,0.0
8561,625.8918854267414,0.0,0.0
8562,626.0341296057035,0.0,0.0
8563,626.195505055067,0.0,0.0
8564,626.3531822549345,0.0,0.0
8565,626.5107027934113,0.0,0.0
8566,626.6612324203351,0.0,0.0
8567,626.7877959208188,0.0,0.0
8568,626.8469264371392,0.0,0.0
8569,626.8894937528166,0.0,0.0
8570,626.9149464594714,0.0,0.0
8571,626.9320029785924,0.0,0.0
8572,626.9431927254604,0.0,0.0
8573,626.9511100526635,0.0,0.0
8574,626.9625614364735,0.0,0.0
8575,627.0287327132833,0.0,0.0
8576,627.0923031974,0.0,0.0
8577,627.2597929429332,0.0,0.0
8578,627.9531208474097,0.0,0.0
8579,628.6873040086389,0.0,0.0
8580,629.5540448367196,0.0,0.0
8581,630.5398054361375,0.0,0.0
8582,631.3257488611716,0.0,0.0
8583,631.7826591566717,0.0,0.0
8584,632.0790356704641,0.0,0.0
8585,632.2631862768094,0.0,0.0
8586,632.4511310508764,0.0,0.0
8587,632.5520927306193,0.0,0.0
8588,632.6974282715579,0.0,0.0
8589,632.8003355275556,0.0,0.0
8590,632.907009919893,0.0,0.0
8591,632.9716494900683,0.0,0.0
8592,633.0139647285507,0.0,0.0
8593,633.0385777521111,0.0,0.0
8594,633.0582305707661,0.0,0.0
8595,633.0732390010163,0.0,0.0
8596,633.0866449595788,0.0,0.0
8597,633.1114419551546,0.0,0.0
8598,633.158528656193,0.0,0.0
8599,633.1897628593239,0.0,0.0
8600,633.2468149511378,0.0,0.0
8601,633.3508387592185,0.0,0.0
8602,633.497378780642,0.0,0.0
8603,633.725773100577,0.0,0.0
8604,633.9455814970996,0.0,0.0
8605,634.0769331532688,0.0,0.0
8606,634.2808832769451,0.0,0.0
8607,634.4208170357526,0.0,0.0
8608,634.5815061743658,0.0,0.0
8609,634.7976084477834,0.0,0.0
8610,635.0187385372334,0.0,0.0
8611,635.1621051133602,0.0,0.0
8612,635.3719227284816,0.0,0.0
8613,635.5681441722058,0.0,0.0
8614,635.6596503571594,0.0,0.0
8615,635.717615452138,0.0,0.0
8616,635.7681168142398,0.0,0.0
8617,635.8053596801174,0.0,0.0
8618,635.8254956610172,0.0,0.0
8619,635.8405630962774,0.0,0.0
8620,635.8500942993383,0.0,0.0
8621,635.8602162349531,0.0,0.0
8622,635.8816380826397,0.0,0.0
8623,635.9335243683122,0.0,0.0
8624,636.005666669563,0.0,0.0
8625,636.0728356476978,0.0,0.0
8626,636.2956523871416,0.0,0.0
8627,636.4837942236558,0.0,0.0
8628,636.6777885800423,0.0,0.0
8629,636.8246115087053,0.0,0.0
8630,636.9582264408085,0.0,0.0
8631,637.1149388525915,0.0,0.0
8632,637.3224561232988,0.0,0.0
8633,637.4896611366812,0.0,0.0
8634,637.6449816437753,0.0,0.0
8635,637.8460884103856,0.0,0.0
8636,637.9808758062538,0.0,0.0
8637,638.0873094557176,0.0,0.0
8638,638.2065154177751,0.0,0.0
8639,638.2863633333496,0.0,0.0
8640,638.3257211993625,0.0,0.0
8641,638.3511117682868,0.0,0.0
8642,638.3695209708441,0.0,0.0
8643,638.3847152356453,0.0,0.0
8644,638.3926676991414,0.0,0.0
8645,638.4038189617464,0.0,0.0
8646,638.4162806029437,0.0,0.0
8647,638.4645695855394,0.0,0.0
8648,638.6304759463787,0.0,0.0
8649,638.7087695980048,0.0,0.0
8650,638.8045709044371,0.0,0.0
8651,638.8752399714073,0.0,0.0
8652,638.8901804580285,0.0,0.0
8653,638.9016613399131,0.0,0.0
8654,638.929631781637,0.0,0.0
8655,639.042851582878,0.0,0.0
8656,639.1792392263653,0.0,0.0
8657,639.3406579009891,0.0,0.0
8658,639.5247779899814,0.0,0.0
8659,639.64031865156,0.0,0.0
8660,639.7964749918189,0.0,0.0
8661,639.9373252596366,0.0,0.0
8662,640.0499388916379,0.0,0.0
8663,640.1263722379206,0.0,0.0
8664,640.1767152838369,0.0,0.0
8665,640.2237735431671,0.0,0.0
8666,640.2611208358446,0.0,0.0
8667,640.3132145837013,0.0,0.0
8668,640.3541405151382,0.0,0.0
8669,640.3788506352324,0.0,0.0
8670,640.4138040980123,0.0,0.0
8671,640.4926578900483,0.0,0.0
8672,640.5936611845415,0.0,0.0
8673,640.6862903157156,0.0,0.0
8674,640.8403719407407,0.0,0.0
8675,640.9125459798558,0.0,0.0
8676,640.9247383520091,0.0,0.0
8677,641.348203349008,0.0,0.0
8678,641.7202898469409,0.0,0.0
8679,642.0580879050348,0.0,0.0
8680,642.4694051545373,0.0,0.0
8681,642.8126673802968,0.0,0.0
8682,643.0385453368176,0.0,0.0
8683,643.2778038216395,0.0,0.0
8684,643.4368041055923,0.0,0.0
8685,643.5933453035346,0.0,0.0
8686,643.7467086725788,0.0,0.0
8687,643.8356094088408,0.0,0.0
8688,643.8832912184962,0.0,0.0
8689,643.9093207519506,0.0,0.0
8690,643.9310717467522,0.0,0.0
8691,643.9518147402111,0.0,0.0
8692,643.966444688517,0.0,0.0
8693,643.9809868030766,0.0,0.0
8694,644.0044357848413,0.0,0.0
8695,644.062165288678,0.0,0.0
8696,644.1555596225476,0.0,0.0
8697,644.2450261695723,0.0,0.0
8698,644.3136448738364,0.0,0.0
8699,644.4324806809816,0.0,0.0
8700,644.7124687383548,0.0,0.0
8701,645.4699162750956,0.0,0.0
8702,646.0038096392288,0.0,0.0
8703,646.4026237498014,0.0,0.0
8704,646.6221176269504,0.0,0.0
8705,646.7726244595426,0.0,0.0
8706,646.9158351663261,0.0,0.0
8707,647.0697903594059,0.0,0.0
8708,647.2400977111367,0.0,0.0
8709,647.4072185342227,0.0,0.0
8710,647.5409166286458,0.0,0.0
8711,647.6765018634262,0.0,0.0
8712,647.7300084480579,0.0,0.0
8713,647.7856666925858,0.0,0.0
8714,647.8326081624634,0.0,0.0
8715,647.8765119911554,0.0,0.0
8716,647.9345113609942,0.0,0.0
8717,647.989372704832,0.0,0.0
8718,648.0290195136517,0.0,0.0
8719,648.1005234402428,0.0,0.0
8720,648.256648884322,0.0,0.0
8721,648.3035862672725,0.0,0.0
8722,648.327967012012,0.0,0.0
8723,648.3306961256218,0.0,0.0
8724,648.3899774855453,0.0,0.0
8725,648.4755874312,0.0,0.0
8726,648.4931158530807,0.0,0.0
8727,648.5616049301777,0.0,0.0
8728,648.6803476912495,0.0,0.0
8729,648.7933109485148,0.0,0.0
8730,648.9076985932104,0.0,0.0
8731,649.0256670582706,0.0,0.0
8732,649.1230703093871,0.0,0.0
8733,649.2307981021179,0.0,0.0
8734,649.3333625143359,0.0,0.0
8735,649.405742950205,0.0,0.0
