,cum_cost,cum_penalty,cum_interventions
0,0.014880503399631975,0.0,0.0
1,0.012918631510365007,0.0,0.0
2,0.01079364210900545,0.0,0.0
3,0.010636144613845346,0.0,0.0
4,0.014323450687577127,0.0,0.0
5,0.029938361194689272,0.0,0.0
6,0.05078595076564789,0.0,0.0
7,0.10136160026239395,0.0,0.0
8,0.17154691012516976,0.0,0.0
9,0.22983916951394023,0.0,0.0
10,0.3888959094974688,0.0,0.0
11,0.8581014893061367,0.0,0.0
12,1.4726961091915816,0.0,0.0
13,1.8118678235154302,0.0,0.0
14,2.020891088097635,0.0,0.0
15,2.552140653918224,0.0,0.0
16,2.8329744232117138,0.0,0.0
17,3.103587311987294,0.0,0.0
18,3.230262386461011,0.0,0.0
19,3.4275672917414237,0.0,0.0
20,3.5646562949257135,0.0,0.0
21,3.696252021311079,0.0,0.0
22,3.835781393921532,0.0,0.0
23,3.910544274893233,0.0,0.0
24,3.9538284220154014,0.0,0.0
25,3.989492351682655,0.0,0.0
26,4.013142606689688,0.0,0.0
27,4.035796624858263,0.0,0.0
28,4.058596465178441,0.0,0.0
29,4.084237712744929,0.0,0.0
30,4.131577785695289,0.0,0.0
31,4.219448010633606,0.0,0.0
32,4.301992204104816,0.0,0.0
33,4.54933038022045,0.0,0.0
34,5.188369753296945,0.0,0.0
35,5.851679585922848,0.0,0.0
36,6.663182507958303,0.0,0.0
37,7.109810865140792,0.0,0.0
38,7.418780017833118,0.0,0.0
39,7.940190790788743,0.0,0.0
40,8.203382133262654,0.0,0.0
41,8.478132203833281,0.0,0.0
42,8.659329736931022,0.0,0.0
43,8.838155205668077,0.0,0.0
44,8.958706346263375,0.0,0.0
45,9.123011918141865,0.0,0.0
46,9.22333924922167,0.0,0.0
47,9.291714316410486,0.0,0.0
48,9.333607388288423,0.0,0.0
49,9.39216889233404,0.0,0.0
50,9.435531690690253,0.0,0.0
51,9.47970379080083,0.0,0.0
52,9.52186223947938,0.0,0.0
53,9.576002306569148,0.0,0.0
54,9.655398923822233,0.0,0.0
55,9.703259693761535,0.0,0.0
56,9.814072978743877,0.0,0.0
57,10.266790074087158,0.0,0.0
58,10.87805282249045,0.0,0.0
59,11.336825498723238,0.0,0.0
60,11.621253145691565,0.0,0.0
61,11.815030586063212,0.0,0.0
62,11.897838929888668,0.0,0.0
63,12.064857131891644,0.0,0.0
64,12.171435020132694,0.0,0.0
65,12.278311294021165,0.0,0.0
66,12.370986531276973,0.0,0.0
67,12.487440354744908,0.0,0.0
68,12.587209139296151,0.0,0.0
69,12.755984966261186,0.0,0.0
70,12.877215840998804,0.0,0.0
71,12.933535006974006,0.0,0.0
72,13.133745663166149,0.0,0.0
73,13.194093172340196,0.0,0.0
74,13.248303714638773,0.0,0.0
75,13.304683094502039,0.0,0.0
76,13.369311395533451,0.0,0.0
77,13.44111808446569,0.0,0.0
78,13.500608015331874,0.0,0.0
79,13.56617229522435,0.0,0.0
80,13.727353320481113,0.0,0.0
81,13.830186422783067,0.0,0.0
82,13.94474790581461,0.0,0.0
83,14.007112281329727,0.0,0.0
84,14.069164649410537,0.0,0.0
85,14.169750271099254,0.0,0.0
86,14.229506623128769,0.0,0.0
87,14.296204553690895,0.0,0.0
88,14.409692692400112,0.0,0.0
89,14.52214941882357,0.0,0.0
90,14.68487185287084,0.0,0.0
91,15.300715162797976,0.0,0.0
92,15.838734079126034,0.0,0.0
93,16.132102660703435,0.0,0.0
94,16.291234776276635,0.0,0.0
95,16.39558294901944,0.0,0.0
96,16.44971409581146,0.0,0.0
97,16.509248058268906,0.0,0.0
98,16.550848403389967,0.0,0.0
99,16.582289007550976,0.0,0.0
100,16.631213253458444,0.0,0.0
101,16.675530823807286,0.0,0.0
102,16.721296807121995,0.0,0.0
103,16.785405743705894,0.0,0.0
104,16.866499064545483,0.0,0.0
105,16.883438531265067,0.0,0.0
106,17.085990118037255,0.0,0.0
107,17.31129359484804,0.0,0.0
108,17.381538564006455,0.0,0.0
109,17.435980874395618,0.0,0.0
110,17.470387323585673,0.0,0.0
111,17.553274031315578,0.0,0.0
112,17.68753520659695,0.0,0.0
113,17.79649907731177,0.0,0.0
114,17.927435112965863,0.0,0.0
115,18.02563175818701,0.0,0.0
116,18.12556602877487,0.0,0.0
117,18.2207028406031,0.0,0.0
118,18.346499141463813,0.0,0.0
119,18.46705442667919,0.0,0.0
120,18.543972833366976,0.0,0.0
121,18.571193717583174,0.0,0.0
122,18.599103094876707,0.0,0.0
123,18.621121416612826,0.0,0.0
124,18.658394597285483,0.0,0.0
125,18.6817432196976,0.0,0.0
126,18.756357139504157,0.0,0.0
127,18.85527852591532,0.0,0.0
128,18.916563825182173,0.0,0.0
129,19.18541682813064,0.0,0.0
130,19.40866722872471,0.0,0.0
131,19.57511146779197,0.0,0.0
132,19.761989214974474,0.0,0.0
133,19.925386074837206,0.0,0.0
134,20.049582255130197,0.0,0.0
135,20.15890439412948,0.0,0.0
136,20.25637686266747,0.0,0.0
137,20.389305516732534,0.0,0.0
138,20.508358090059964,0.0,0.0
139,20.607322875460103,0.0,0.0
140,20.776759827366305,0.0,0.0
141,20.906403073164952,0.0,0.0
142,21.00939071090336,0.0,0.0
143,21.07685751959056,0.0,0.0
144,21.126198263890682,0.0,0.0
145,21.169734903561114,0.0,0.0
146,21.21838081538078,0.0,0.0
147,21.259402162774016,0.0,0.0
148,21.29962053191058,0.0,0.0
149,21.35626204707888,0.0,0.0
150,21.433756806360037,0.0,0.0
151,21.495473272497645,0.0,0.0
152,21.649068680547536,0.0,0.0
153,21.81584467860581,0.0,0.0
154,21.987110261937744,0.0,0.0
155,22.145307253956865,0.0,0.0
156,22.25040999203831,0.0,0.0
157,22.761374103744497,0.0,0.0
158,23.44318651494721,0.0,0.0
159,23.903770203158853,0.0,0.0
160,24.20538775768512,0.0,0.0
161,24.57187936820319,0.0,0.0
162,24.782867537843078,0.0,0.0
163,24.978796857942385,0.0,0.0
164,25.12100648063366,0.0,0.0
165,25.236167669462727,0.0,0.0
166,25.362893325901275,0.0,0.0
167,25.42494273797717,0.0,0.0
168,25.507030329082998,0.0,0.0
169,25.550105432972572,0.0,0.0
170,25.59786684753412,0.0,0.0
171,25.63761088533516,0.0,0.0
172,25.72255640558995,0.0,0.0
173,25.76165757121545,0.0,0.0
174,25.83442985003731,0.0,0.0
175,25.89550371816247,0.0,0.0
176,25.95901953972776,0.0,0.0
177,26.04142903877661,0.0,0.0
178,26.164746073069967,0.0,0.0
179,26.290665534143262,0.0,0.0
180,26.459606185237348,0.0,0.0
181,26.567132385903953,0.0,0.0
182,26.84262242377734,0.0,0.0
183,27.055295141440556,0.0,0.0
184,27.269420628426158,0.0,0.0
185,27.48031660934901,0.0,0.0
186,27.700955349041656,0.0,0.0
187,27.852766045354702,0.0,0.0
188,27.99929133816265,0.0,0.0
189,28.112300526635355,0.0,0.0
190,28.242491745428683,0.0,0.0
191,28.326539765068127,0.0,0.0
192,28.390698685641414,0.0,0.0
193,28.44255187104009,0.0,0.0
194,28.485432335600727,0.0,0.0
195,28.539874755401808,0.0,0.0
196,28.593837203638962,0.0,0.0
197,28.66449798737972,0.0,0.0
198,28.724547759158465,0.0,0.0
199,28.822781990036113,0.0,0.0
200,28.91503478435176,0.0,0.0
201,29.064157196679368,0.0,0.0
202,29.235181485505656,0.0,0.0
203,29.377543001776974,0.0,0.0
204,29.541371535963076,0.0,0.0
205,29.730762915533965,0.0,0.0
206,29.88034911384503,0.0,0.0
207,30.10019349785656,0.0,0.0
208,30.27719948681327,0.0,0.0
209,30.526625212822122,0.0,0.0
210,30.69044051809116,0.0,0.0
211,30.817558146119303,0.0,0.0
212,30.949375471750933,0.0,0.0
213,31.088883607890004,0.0,0.0
214,31.190664920666848,0.0,0.0
215,31.261293649684518,0.0,0.0
216,31.299806413095137,0.0,0.0
217,31.337307366128865,0.0,0.0
218,31.371597350942878,0.0,0.0
219,31.39575091372661,0.0,0.0
220,31.42057592558368,0.0,0.0
221,31.469039970718164,0.0,0.0
222,31.4996527844358,0.0,0.0
223,31.55914140084068,0.0,0.0
224,31.647463273975273,0.0,0.0
225,31.79604933664299,0.0,0.0
226,31.93106683576738,0.0,0.0
227,32.02933036447593,0.0,0.0
228,32.113886668140985,0.0,0.0
229,32.27258005428722,0.0,0.0
230,32.508370916999695,0.0,0.0
231,32.72200552848646,0.0,0.0
232,32.91088281590976,0.0,0.0
233,33.015764691692574,0.0,0.0
234,33.16104574966009,0.0,0.0
235,33.34669837444554,0.0,0.0
236,33.494275079967835,0.0,0.0
237,33.5996522595108,0.0,0.0
238,33.69847126215251,0.0,0.0
239,33.77125034312005,0.0,0.0
240,33.81609601988916,0.0,0.0
241,33.878120521528324,0.0,0.0
242,33.89933076619155,0.0,0.0
243,33.93654475825036,0.0,0.0
244,33.97384768928657,0.0,0.0
245,34.04861359290925,0.0,0.0
246,34.093410766870086,0.0,0.0
247,34.159872173470234,0.0,0.0
248,34.239475571504244,0.0,0.0
249,34.3553837708129,0.0,0.0
250,34.476678700217,0.0,0.0
251,34.59071930622567,0.0,0.0
252,34.713754224555885,0.0,0.0
253,34.81325762838141,0.0,0.0
254,34.95536177002696,0.0,0.0
255,35.037950630727906,0.0,0.0
256,35.165913598772455,0.0,0.0
257,35.26679499345577,0.0,0.0
258,35.37477894566423,0.0,0.0
259,35.51558696172515,0.0,0.0
260,35.61845643160101,0.0,0.0
261,35.737301015038135,0.0,0.0
262,35.84864124605488,0.0,0.0
263,35.90486328907367,0.0,0.0
264,35.98608480360189,0.0,0.0
265,36.019686016354356,0.0,0.0
266,36.05133024414727,0.0,0.0
267,36.10063733618637,0.0,0.0
268,36.13370202579338,0.0,0.0
269,36.159850405312504,0.0,0.0
270,36.20972996607073,0.0,0.0
271,36.274704422315104,0.0,0.0
272,36.33720197880994,0.0,0.0
273,36.43070899039245,0.0,0.0
274,36.52109656210539,0.0,0.0
275,36.755547985166075,0.0,0.0
276,37.21944603227723,0.0,0.0
277,37.8049733683245,0.0,0.0
278,38.39703597957208,0.0,0.0
279,38.78976699345427,0.0,0.0
280,39.008152899635185,0.0,0.0
281,39.214622314258655,0.0,0.0
282,39.39202351777157,0.0,0.0
283,39.53027390292061,0.0,0.0
284,39.65880382692403,0.0,0.0
285,39.79364442090344,0.0,0.0
286,39.909787806608556,0.0,0.0
287,39.973966573009356,0.0,0.0
288,40.022092508791864,0.0,0.0
289,40.06178426237692,0.0,0.0
290,40.08545069324647,0.0,0.0
291,40.106125673035194,0.0,0.0
292,40.130150230869226,0.0,0.0
293,40.1853465961837,0.0,0.0
294,40.19895309662501,0.0,0.0
295,40.256536846730135,0.0,0.0
296,40.37645754776066,0.0,0.0
297,40.42992381430898,0.0,0.0
298,40.842200522601324,0.0,0.0
299,41.31948897267371,0.0,0.0
300,41.534846302455406,0.0,0.0
301,41.62658707831098,0.0,0.0
302,41.68019342328145,0.0,0.0
303,41.77440319496671,0.0,0.0
304,41.90410001180833,0.0,0.0
305,41.99236085481535,0.0,0.0
306,42.08907546307031,0.0,0.0
307,42.18023423224879,0.0,0.0
308,42.29809720730404,0.0,0.0
309,42.39921815869113,0.0,0.0
310,42.48628205376143,0.0,0.0
311,42.5365576709587,0.0,0.0
312,42.55814021317056,0.0,0.0
313,42.60020458683984,0.0,0.0
314,42.62078923332388,0.0,0.0
315,42.641992068701406,0.0,0.0
316,42.67337858634346,0.0,0.0
317,42.678896221786516,0.0,0.0
318,42.706900881659294,0.0,0.0
319,42.778174145213164,0.0,0.0
320,42.85485815807597,0.0,0.0
321,42.981334321772934,0.0,0.0
322,43.039595318377444,0.0,0.0
323,43.17998545431144,0.0,0.0
324,43.272548492324844,0.0,0.0
325,43.405742604195204,0.0,0.0
326,43.44508668027737,0.0,0.0
327,43.91756224671667,0.0,0.0
328,44.61468612755096,0.0,0.0
329,45.287579190220534,0.0,0.0
330,45.647375677328036,0.0,0.0
331,45.810633221604036,0.0,0.0
332,45.964010902524144,0.0,0.0
333,46.094764795621835,0.0,0.0
334,46.21065152624794,0.0,0.0
335,46.27500140566586,0.0,0.0
336,46.32169649237916,0.0,0.0
337,46.36103671574374,0.0,0.0
338,46.388790121751924,0.0,0.0
339,46.40913798159479,0.0,0.0
340,46.4371848805572,0.0,0.0
341,46.484760779006486,0.0,0.0
342,46.50777773444181,0.0,0.0
343,46.59042494806882,0.0,0.0
344,46.65579287868518,0.0,0.0
345,46.702233241439764,0.0,0.0
346,46.72920274227777,0.0,0.0
347,46.79298511135918,0.0,0.0
348,46.81502003877665,0.0,0.0
349,46.80309432610622,0.0,0.0
350,46.81073897490909,0.0,0.0
351,46.96358214234697,0.0,0.0
352,47.098190375796435,0.0,0.0
353,47.18879323182788,0.0,0.0
354,47.32871235744078,0.0,0.0
355,47.42763340436094,0.0,0.0
356,47.57789105757294,0.0,0.0
357,47.675619329965166,0.0,0.0
358,47.76835443309403,0.0,0.0
359,47.81251382492046,0.0,0.0
360,47.86342273039538,0.0,0.0
361,47.88144039165164,0.0,0.0
362,47.899678186745206,0.0,0.0
363,47.91826344191388,0.0,0.0
364,47.95525669491412,0.0,0.0
365,47.996474530840985,0.0,0.0
366,48.0246897059836,0.0,0.0
367,48.076785804542,0.0,0.0
368,48.1310933135791,0.0,0.0
369,48.195462353816836,0.0,0.0
370,48.280704615103915,0.0,0.0
371,48.33914894652453,0.0,0.0
372,48.365599678154595,0.0,0.0
373,48.425000125474526,0.0,0.0
374,48.52456809929299,0.0,0.0
375,48.66233996833379,0.0,0.0
376,48.7641217347596,0.0,0.0
377,48.884018703800514,0.0,0.0
378,49.0157493214442,0.0,0.0
379,49.12916571382252,0.0,0.0
380,49.22323176711467,0.0,0.0
381,49.323188158510305,0.0,0.0
382,49.419088713481365,0.0,0.0
383,49.51022639326155,0.0,0.0
384,49.56825678461268,0.0,0.0
385,49.673686984198774,0.0,0.0
386,49.69192210648716,0.0,0.0
387,49.7272050502233,0.0,0.0
388,49.771039067476146,0.0,0.0
389,49.83353211329129,0.0,0.0
390,49.89988852725186,0.0,0.0
391,49.99633484063382,0.0,0.0
392,50.08870435829854,0.0,0.0
393,50.14981647352277,0.0,0.0
394,50.22516046332956,0.0,0.0
395,50.26160856657564,0.0,0.0
396,50.368911349218735,0.0,0.0
397,50.39619069787201,0.0,0.0
398,50.39389560507506,0.0,0.0
399,50.5140110022172,0.0,0.0
400,50.67201374591137,0.0,0.0
401,50.769507765238984,0.0,0.0
402,50.86375707370425,0.0,0.0
403,50.9923817667966,0.0,0.0
404,51.09296591703932,0.0,0.0
405,51.19780658259961,0.0,0.0
406,51.28520193256209,0.0,0.0
407,51.35953143656904,0.0,0.0
408,51.39756463066521,0.0,0.0
409,51.4183238648882,0.0,0.0
410,51.44122699241587,0.0,0.0
411,51.4600258970791,0.0,0.0
412,51.48240404273313,0.0,0.0
413,51.51807042935069,0.0,0.0
414,51.542098084263294,0.0,0.0
415,51.59952586069372,0.0,0.0
416,51.669109307128366,0.0,0.0
417,51.727877052515126,0.0,0.0
418,51.828419373470425,0.0,0.0
419,51.937383364884184,0.0,0.0
420,52.05804553147173,0.0,0.0
421,52.129734625154455,0.0,0.0
422,52.211573629164704,0.0,0.0
423,52.28297506094302,0.0,0.0
424,52.34274735650727,0.0,0.0
425,52.42203144087887,0.0,0.0
426,52.50136323356525,0.0,0.0
427,52.638817016209074,0.0,0.0
428,52.783527730748055,0.0,0.0
429,52.88401227042358,0.0,0.0
430,52.97144233193782,0.0,0.0
431,53.00726918074533,0.0,0.0
432,53.03006505917844,0.0,0.0
433,53.06245691428771,0.0,0.0
434,53.085993607358674,0.0,0.0
435,53.12790546842429,0.0,0.0
436,53.14710199064769,0.0,0.0
437,53.18595758898203,0.0,0.0
438,53.22319571004159,0.0,0.0
439,53.30306822570976,0.0,0.0
440,53.38589918404413,0.0,0.0
441,53.453653649802945,0.0,0.0
442,53.464754622549684,0.0,0.0
443,53.53087725190554,0.0,0.0
444,53.613988309871665,0.0,0.0
445,53.69870020802372,0.0,0.0
446,53.85150564039719,0.0,0.0
447,53.94923761502032,0.0,0.0
448,54.495410057553116,0.0,0.0
449,55.15862343969476,0.0,0.0
450,55.80454849567254,0.0,0.0
451,56.54154375334327,0.0,0.0
452,57.2063946337744,0.0,0.0
453,57.61330396492204,0.0,0.0
454,57.827907991046786,0.0,0.0
455,57.941527909441966,0.0,0.0
456,58.02359815035299,0.0,0.0
457,58.09291184534805,0.0,0.0
458,58.147765900971926,0.0,0.0
459,58.1864613226582,0.0,0.0
460,58.235672313839906,0.0,0.0
461,58.292729436706885,0.0,0.0
462,58.34221712504167,0.0,0.0
463,58.43959024195247,0.0,0.0
464,58.51878427192827,0.0,0.0
465,58.646453694211736,0.0,0.0
466,58.786491680894116,0.0,0.0
467,58.84743474092945,0.0,0.0
468,58.93070643068827,0.0,0.0
469,59.06751844622812,0.0,0.0
470,59.14741637430615,0.0,0.0
471,59.29054755813718,0.0,0.0
472,59.4248338440392,0.0,0.0
473,59.548661138717115,0.0,0.0
474,59.6891390410175,0.0,0.0
475,59.77832769057841,0.0,0.0
476,59.86056323183804,0.0,0.0
477,59.999393344655026,0.0,0.0
478,60.09218869450354,0.0,0.0
479,60.16332488365685,0.0,0.0
480,60.191594017099845,0.0,0.0
481,60.214759573343514,0.0,0.0
482,60.23118732742751,0.0,0.0
483,60.273085849527575,0.0,0.0
484,60.31664913560346,0.0,0.0
485,60.36881970909599,0.0,0.0
486,60.40084435000467,0.0,0.0
487,60.473473848755624,0.0,0.0
488,60.687944615463415,0.0,0.0
489,60.797284261427194,0.0,0.0
490,60.927935177205,0.0,0.0
491,61.01977368893617,0.0,0.0
492,61.606437975795586,0.0,0.0
493,62.231623240344604,0.0,0.0
494,62.54416901592242,0.0,0.0
495,62.775701197285905,0.0,0.0
496,63.01945828844841,0.0,0.0
497,63.292619488421494,0.0,0.0
498,63.470437428604754,0.0,0.0
499,63.687219486895316,0.0,0.0
500,63.8670352645769,0.0,0.0
501,64.07849644087335,0.0,0.0
502,64.24951065714976,0.0,0.0
503,64.31012761251608,0.0,0.0
504,64.3728855166957,0.0,0.0
505,64.4413081667753,0.0,0.0
506,64.49629869573886,0.0,0.0
507,64.52809493966473,0.0,0.0
508,64.55919864623156,0.0,0.0
509,64.59469532723986,0.0,0.0
510,64.6459389698184,0.0,0.0
511,64.69520550497492,0.0,0.0
512,64.77509386344393,0.0,0.0
513,64.83379245581192,0.0,0.0
514,64.94272020704835,0.0,0.0
515,65.09368832223963,0.0,0.0
516,65.18047548484694,0.0,0.0
517,65.745938397283,0.0,0.0
518,66.47586772725306,0.0,0.0
519,67.0237216269298,0.0,0.0
520,67.28901220865063,0.0,0.0
521,67.51155925474599,0.0,0.0
522,67.76226674579605,0.0,0.0
523,67.91806211666547,0.0,0.0
524,68.0700659272968,0.0,0.0
525,68.20800461771373,0.0,0.0
526,68.31422937694464,0.0,0.0
527,68.38511344541513,0.0,0.0
528,68.45890246330362,0.0,0.0
529,68.51227280418689,0.0,0.0
530,68.56557648282072,0.0,0.0
531,68.61612945033502,0.0,0.0
532,68.6601013805111,0.0,0.0
533,68.72190456993252,0.0,0.0
534,68.78212222477227,0.0,0.0
535,68.87097686939005,0.0,0.0
536,68.95648303358746,0.0,0.0
537,69.01838057505454,0.0,0.0
538,69.13503919384276,0.0,0.0
539,69.57738080095314,0.0,0.0
540,70.00357236117378,0.0,0.0
541,70.22081317799149,0.0,0.0
542,70.40014313992084,0.0,0.0
543,70.57412895742885,0.0,0.0
544,70.75051514013879,0.0,0.0
545,70.94425715483194,0.0,0.0
546,71.12079063571959,0.0,0.0
547,71.28218465661536,0.0,0.0
548,71.43112102397872,0.0,0.0
549,71.55257726807197,0.0,0.0
550,71.66257102923494,0.0,0.0
551,71.73905994800646,0.0,0.0
552,71.81776590904201,0.0,0.0
553,71.8581605901673,0.0,0.0
554,71.89708458853838,0.0,0.0
555,71.92750310599907,0.0,0.0
556,71.98307805893178,0.0,0.0
557,72.06100527404188,0.0,0.0
558,72.10268475461959,0.0,0.0
559,72.21824940155363,0.0,0.0
560,72.27636070325356,0.0,0.0
561,72.3093088544063,0.0,0.0
562,72.37835665629082,0.0,0.0
563,72.49867367871339,0.0,0.0
564,72.57025825885168,0.0,0.0
565,72.60225791787678,0.0,0.0
566,72.63116111103668,0.0,0.0
567,72.70149627365265,0.0,0.0
568,72.84389226227212,0.0,0.0
569,73.0078329514815,0.0,0.0
570,73.15383461927553,0.0,0.0
571,73.29079756929288,0.0,0.0
572,73.39519386974618,0.0,0.0
573,73.4962349242529,0.0,0.0
574,73.58985556702852,0.0,0.0
575,73.64477651145778,0.0,0.0
576,73.68371899791629,0.0,0.0
577,73.70837328405871,0.0,0.0
578,73.73035520255328,0.0,0.0
579,73.76498096363578,0.0,0.0
580,73.80418205341492,0.0,0.0
581,73.84656166746339,0.0,0.0
582,73.86144426450325,0.0,0.0
583,73.93254219869597,0.0,0.0
584,73.98500345604397,0.0,0.0
585,74.01064662146644,0.0,0.0
586,74.07451010786338,0.0,0.0
587,74.14207315726789,0.0,0.0
588,74.47234784725526,0.0,0.0
589,74.55898929243772,0.0,0.0
590,74.59953123845696,0.0,0.0
591,75.04747236250945,0.0,0.0
592,75.15783866451852,0.0,0.0
593,75.34541951589917,0.0,0.0
594,75.49868528946227,0.0,0.0
595,75.6205072368229,0.0,0.0
596,75.7651641853893,0.0,0.0
597,75.89013339753384,0.0,0.0
598,75.99082521512084,0.0,0.0
599,76.12169673827584,0.0,0.0
600,76.14920393048824,0.0,0.0
601,76.17653468743868,0.0,0.0
602,76.20118893101711,0.0,0.0
603,76.23087284979246,0.0,0.0
604,76.2779753120053,0.0,0.0
605,76.32125577086458,0.0,0.0
606,76.37173678858834,0.0,0.0
607,76.42112605659791,0.0,0.0
608,76.5780801219326,0.0,0.0
609,76.6544543147796,0.0,0.0
610,76.97095839933527,0.0,0.0
611,77.43135286432185,0.0,0.0
612,77.66810648696384,0.0,0.0
613,77.91531497232576,0.0,0.0
614,78.05559884099998,0.0,0.0
615,78.26650997212526,0.0,0.0
616,78.49053796869153,0.0,0.0
617,78.70343464156785,0.0,0.0
618,78.97420013771502,0.0,0.0
619,79.17885893971884,0.0,0.0
620,79.36368900132642,0.0,0.0
621,79.52403445174251,0.0,0.0
622,79.69472333859228,0.0,0.0
623,79.80866179897205,0.0,0.0
624,79.88087553776475,0.0,0.0
625,79.933558303422,0.0,0.0
626,79.99439348799122,0.0,0.0
627,80.08329959450299,0.0,0.0
628,80.15747112751028,0.0,0.0
629,80.25593387592541,0.0,0.0
630,80.34417580101746,0.0,0.0
631,80.48797093416186,0.0,0.0
632,80.6815768596767,0.0,0.0
633,80.81703175760269,0.0,0.0
634,80.9279111031233,0.0,0.0
635,81.0475033073918,0.0,0.0
636,81.48330392940103,0.0,0.0
637,81.9051759835077,0.0,0.0
638,82.08371395915562,0.0,0.0
639,82.26540974648393,0.0,0.0
640,82.41020525403009,0.0,0.0
641,82.56044669207614,0.0,0.0
642,82.72791269372269,0.0,0.0
643,82.88290118683129,0.0,0.0
644,83.10659123217003,0.0,0.0
645,83.2806233271826,0.0,0.0
646,83.3799551175104,0.0,0.0
647,83.44574966338558,0.0,0.0
648,83.49550716770052,0.0,0.0
649,83.5480759388513,0.0,0.0
650,83.57977333661623,0.0,0.0
651,83.61053722762222,0.0,0.0
652,83.64425297747039,0.0,0.0
653,83.69012373915453,0.0,0.0
654,83.74732714788253,0.0,0.0
655,83.80236235470534,0.0,0.0
656,83.96180884483357,0.0,0.0
657,84.0098162703489,0.0,0.0
658,84.1062908641467,0.0,0.0
659,84.24004996579677,0.0,0.0
660,84.30568372122042,0.0,0.0
661,84.42969057010643,0.0,0.0
662,84.64199566804443,0.0,0.0
663,85.17027278221059,0.0,0.0
664,85.38977575519019,0.0,0.0
665,85.58860953594214,0.0,0.0
666,85.72684056890095,0.0,0.0
667,85.91118386278909,0.0,0.0
668,86.0604436639493,0.0,0.0
669,86.19552635773081,0.0,0.0
670,86.31319572566441,0.0,0.0
671,86.3903469301972,0.0,0.0
672,86.44252008986903,0.0,0.0
673,86.46574519311218,0.0,0.0
674,86.48661010369064,0.0,0.0
675,86.50603148792484,0.0,0.0
676,86.55146337677269,0.0,0.0
677,86.58168078521696,0.0,0.0
678,86.62395964023254,0.0,0.0
679,86.69965957980713,0.0,0.0
680,86.74178474402986,0.0,0.0
681,86.8328886228706,0.0,0.0
682,86.85347189362257,0.0,0.0
683,86.85843859977011,0.0,0.0
684,86.85559115317851,0.0,0.0
685,86.87858037155222,0.0,0.0
686,86.89990325468422,0.0,0.0
687,87.02438687372545,0.0,0.0
688,87.13652622639678,0.0,0.0
689,87.29133926917245,0.0,0.0
690,87.38126375953375,0.0,0.0
691,87.49792644838568,0.0,0.0
692,87.6053747996545,0.0,0.0
693,87.70016603027679,0.0,0.0
694,87.7838243861965,0.0,0.0
695,87.83145046662591,0.0,0.0
696,87.85469018047571,0.0,0.0
697,87.88579341334949,0.0,0.0
698,87.90455267292971,0.0,0.0
699,87.94078353439836,0.0,0.0
700,87.9752525212299,0.0,0.0
701,88.02975613937248,0.0,0.0
702,88.06657998120787,0.0,0.0
703,88.12296571075255,0.0,0.0
704,88.18635178182467,0.0,0.0
705,88.23057679655062,0.0,0.0
706,88.49887377855042,0.0,0.0
707,88.9018078474989,0.0,0.0
708,89.47225714132226,0.0,0.0
709,90.16375424881498,0.0,0.0
710,90.85946827195349,0.0,0.0
711,91.58565292703956,0.0,0.0
712,92.01103028929367,0.0,0.0
713,92.15844125292196,0.0,0.0
714,92.3438394353698,0.0,0.0
715,92.52690097754494,0.0,0.0
716,92.64096946670156,0.0,0.0
717,92.81026221503205,0.0,0.0
718,92.93095233123375,0.0,0.0
719,93.06826264823862,0.0,0.0
720,93.1399786740015,0.0,0.0
721,93.20341681574823,0.0,0.0
722,93.24306364366366,0.0,0.0
723,93.2772441229548,0.0,0.0
724,93.33290871525794,0.0,0.0
725,93.37633918505865,0.0,0.0
726,93.45117168487019,0.0,0.0
727,93.54418656471603,0.0,0.0
728,93.70859399259794,0.0,0.0
729,93.80407154324793,0.0,0.0
730,93.83215798504197,0.0,0.0
731,93.85828998506109,0.0,0.0
732,93.91931432591558,0.0,0.0
733,94.03296288487353,0.0,0.0
734,94.1761739125322,0.0,0.0
735,94.27622813193571,0.0,0.0
736,94.3871201323746,0.0,0.0
737,94.50221353681856,0.0,0.0
738,94.6328018860921,0.0,0.0
739,94.79312792244471,0.0,0.0
740,94.90280682795239,0.0,0.0
741,95.00845315247106,0.0,0.0
742,95.09982229871083,0.0,0.0
743,95.1552842284375,0.0,0.0
744,95.18279732615906,0.0,0.0
745,95.2117169539314,0.0,0.0
746,95.24237556521732,0.0,0.0
747,95.27177378569807,0.0,0.0
748,95.32556338986338,0.0,0.0
749,95.37586574504871,0.0,0.0
750,95.39801634354679,0.0,0.0
751,95.47591597777728,0.0,0.0
752,95.61880816797645,0.0,0.0
753,95.7071427653922,0.0,0.0
754,95.80066808424371,0.0,0.0
755,95.84165959920843,0.0,0.0
756,95.91153271643374,0.0,0.0
757,95.9712205681385,0.0,0.0
758,95.99795856804322,0.0,0.0
759,96.07630362004113,0.0,0.0
760,96.18507902428355,0.0,0.0
761,96.32742718323993,0.0,0.0
762,96.44968936941301,0.0,0.0
763,96.55237896181518,0.0,0.0
764,96.72380446773997,0.0,0.0
765,96.83836760741598,0.0,0.0
766,96.96155739079185,0.0,0.0
767,97.06337964914874,0.0,0.0
768,97.12461543466326,0.0,0.0
769,97.17823752440654,0.0,0.0
770,97.22080502849978,0.0,0.0
771,97.2825472963827,0.0,0.0
772,97.34201550432013,0.0,0.0
773,97.39353991924213,0.0,0.0
774,97.4289319811718,0.0,0.0
775,97.49376665831208,0.0,0.0
776,97.67669188857674,0.0,0.0
777,97.78864679476789,0.0,0.0
778,97.9058600582278,0.0,0.0
779,97.99143890034432,0.0,0.0
780,98.06375475255149,0.0,0.0
781,98.11565740502681,0.0,0.0
782,98.15549668067956,0.0,0.0
783,98.24725042788965,0.0,0.0
784,98.41208054266602,0.0,0.0
785,98.57920492741155,0.0,0.0
786,98.69403517102141,0.0,0.0
787,98.8233923666728,0.0,0.0
788,98.92898155357561,0.0,0.0
789,99.02007925295241,0.0,0.0
790,99.10201946170592,0.0,0.0
791,99.16540388473145,0.0,0.0
792,99.20531661590333,0.0,0.0
793,99.24031070481665,0.0,0.0
794,99.27419393264506,0.0,0.0
795,99.28838146323335,0.0,0.0
796,99.33109536212204,0.0,0.0
797,99.37060973194775,0.0,0.0
798,99.42609060033269,0.0,0.0
799,99.5014791220129,0.0,0.0
800,99.5741681822233,0.0,0.0
801,99.62436008644805,0.0,0.0
802,99.67377774651561,0.0,0.0
803,99.71540799553105,0.0,0.0
804,99.71446287637349,0.0,0.0
805,99.70886296122006,0.0,0.0
806,99.70837562562836,0.0,0.0
807,99.81243528083981,0.0,0.0
808,99.86644925080218,0.0,0.0
809,99.92694846678584,0.0,0.0
810,99.98749655024092,0.0,0.0
811,100.03750005151305,0.0,0.0
812,100.10086905708393,0.0,0.0
813,100.22435857338502,0.0,0.0
814,100.33930175065908,0.0,0.0
815,100.41088377510187,0.0,0.0
816,100.436982103732,0.0,0.0
817,100.46421984187204,0.0,0.0
818,100.5107672558762,0.0,0.0
819,100.538544643909,0.0,0.0
820,100.61626122639129,0.0,0.0
821,100.6995692627176,0.0,0.0
822,100.74404428293701,0.0,0.0
823,100.84283855541509,0.0,0.0
824,100.92233520605699,0.0,0.0
825,101.11818927088954,0.0,0.0
826,101.15528191504986,0.0,0.0
827,101.16236123831528,0.0,0.0
828,101.2120035801929,0.0,0.0
829,101.22571489591932,0.0,0.0
830,101.25490048140394,0.0,0.0
831,101.36071263497202,0.0,0.0
832,101.48731720699197,0.0,0.0
833,101.6168926818771,0.0,0.0
834,101.74383646576987,0.0,0.0
835,101.88274406782433,0.0,0.0
836,101.98208077702536,0.0,0.0
837,102.08423497920037,0.0,0.0
838,102.18096980681692,0.0,0.0
839,102.23791648003466,0.0,0.0
840,102.3018704144234,0.0,0.0
841,102.33186203327374,0.0,0.0
842,102.35410172057607,0.0,0.0
843,102.38426295280662,0.0,0.0
844,102.396766741175,0.0,0.0
845,102.4429060562458,0.0,0.0
846,102.4945892830089,0.0,0.0
847,102.55760541637417,0.0,0.0
848,102.61279505555166,0.0,0.0
849,102.6804476691381,0.0,0.0
850,102.75566973374195,0.0,0.0
851,102.80813779645574,0.0,0.0
852,102.8085495082657,0.0,0.0
853,103.16963457069875,0.0,0.0
854,103.74196450321132,0.0,0.0
855,104.29733405594673,0.0,0.0
856,104.48635546887016,0.0,0.0
857,104.70502770283832,0.0,0.0
858,104.89996670990864,0.0,0.0
859,105.0878720377241,0.0,0.0
860,105.21067554856876,0.0,0.0
861,105.32851443070236,0.0,0.0
862,105.41449331476532,0.0,0.0
863,105.46276710342893,0.0,0.0
864,105.50017117815243,0.0,0.0
865,105.52570693575807,0.0,0.0
866,105.54671457824274,0.0,0.0
867,105.57957276067604,0.0,0.0
868,105.61833017666686,0.0,0.0
869,105.66516357300613,0.0,0.0
870,105.70257388164507,0.0,0.0
871,105.78035783375158,0.0,0.0
872,105.83359740298567,0.0,0.0
873,105.97808327259195,0.0,0.0
874,106.07577003403678,0.0,0.0
875,106.13805528797978,0.0,0.0
876,106.21152987667756,0.0,0.0
877,106.27284229340037,0.0,0.0
878,106.31892604430827,0.0,0.0
879,106.41392478761017,0.0,0.0
880,106.53153942524429,0.0,0.0
881,106.67457495703185,0.0,0.0
882,106.76875613534577,0.0,0.0
883,106.8698967562377,0.0,0.0
884,106.95436667091693,0.0,0.0
885,107.10574411598456,0.0,0.0
886,107.19239097393803,0.0,0.0
887,107.2500188885254,0.0,0.0
888,107.26812102632762,0.0,0.0
889,107.28604048421242,0.0,0.0
890,107.30305176962204,0.0,0.0
891,107.33519840754,0.0,0.0
892,107.35688221416048,0.0,0.0
893,107.39721964426164,0.0,0.0
894,107.4397805626681,0.0,0.0
895,107.5126866627267,0.0,0.0
896,107.67217895637896,0.0,0.0
897,107.78211607978685,0.0,0.0
898,107.84838337766695,0.0,0.0
899,107.87424207012643,0.0,0.0
900,107.89302893714284,0.0,0.0
901,107.91010211844664,0.0,0.0
902,107.90782085398621,0.0,0.0
903,107.92469923064239,0.0,0.0
904,108.00001887984334,0.0,0.0
905,108.18703224087044,0.0,0.0
906,108.37952970925848,0.0,0.0
907,108.50735739193222,0.0,0.0
908,108.62260634406132,0.0,0.0
909,108.73139250863389,0.0,0.0
910,108.83063821275262,0.0,0.0
911,108.91611633553396,0.0,0.0
912,108.96869372593228,0.0,0.0
913,109.00804379459547,0.0,0.0
914,109.04357583353216,0.0,0.0
915,109.08394835456434,0.0,0.0
916,109.14248373002962,0.0,0.0
917,109.21733489887792,0.0,0.0
918,109.27338506743992,0.0,0.0
919,109.33391438153211,0.0,0.0
920,109.44229292613856,0.0,0.0
921,109.62682704094155,0.0,0.0
922,109.84328323106168,0.0,0.0
923,110.36300293867086,0.0,0.0
924,110.8013055666115,0.0,0.0
925,110.98687895402215,0.0,0.0
926,111.07307344232306,0.0,0.0
927,111.24971946052631,0.0,0.0
928,111.36220683930308,0.0,0.0
929,111.5614059963702,0.0,0.0
930,111.6900457914363,0.0,0.0
931,111.85712607787127,0.0,0.0
932,111.96951968681209,0.0,0.0
933,112.08318058563503,0.0,0.0
934,112.16859584991795,0.0,0.0
935,112.23325962141362,0.0,0.0
936,112.28256824516689,0.0,0.0
937,112.324126300459,0.0,0.0
938,112.35654641235269,0.0,0.0
939,112.39066091203024,0.0,0.0
940,112.46724583737988,0.0,0.0
941,112.52607661809294,0.0,0.0
942,112.5605273323183,0.0,0.0
943,112.64656330600015,0.0,0.0
944,112.70964511712315,0.0,0.0
945,112.73644484787846,0.0,0.0
946,112.88471502211803,0.0,0.0
947,112.98520433777645,0.0,0.0
948,113.12427915585697,0.0,0.0
949,113.1970647777275,0.0,0.0
950,113.20832121955209,0.0,0.0
951,113.31356807560903,0.0,0.0
952,113.46603899303803,0.0,0.0
953,113.6233637835833,0.0,0.0
954,113.75203852325006,0.0,0.0
955,113.88642909485424,0.0,0.0
956,114.0287090197509,0.0,0.0
957,114.15566249536913,0.0,0.0
958,114.28075066998734,0.0,0.0
959,114.37722582082873,0.0,0.0
960,114.41554979248679,0.0,0.0
961,114.4534746840034,0.0,0.0
962,114.48431194863167,0.0,0.0
963,114.51169379979206,0.0,0.0
964,114.55362327283973,0.0,0.0
965,114.58361203300716,0.0,0.0
966,114.61677681401454,0.0,0.0
967,114.67245647845039,0.0,0.0
968,114.7238240909048,0.0,0.0
969,114.78942027240636,0.0,0.0
970,114.9482136377348,0.0,0.0
971,114.9922717601641,0.0,0.0
972,115.044165091451,0.0,0.0
973,115.08899332701236,0.0,0.0
974,115.11630071349674,0.0,0.0
975,115.14889826794278,0.0,0.0
976,115.18537788761446,0.0,0.0
977,115.27373271669049,0.0,0.0
978,115.35077558274197,0.0,0.0
979,115.45243332343144,0.0,0.0
980,115.56209207547877,0.0,0.0
981,115.65013540678959,0.0,0.0
982,115.80318151855073,0.0,0.0
983,115.88939216355526,0.0,0.0
984,116.00892185983935,0.0,0.0
985,116.09777954400523,0.0,0.0
986,116.12999219312461,0.0,0.0
987,116.17087646549828,0.0,0.0
988,116.24895122424954,0.0,0.0
989,116.29336169879369,0.0,0.0
990,116.35327760035341,0.0,0.0
991,116.44263417634217,0.0,0.0
992,116.60369406090871,0.0,0.0
993,116.72549536192103,0.0,0.0
994,116.88370215888784,0.0,0.0
995,117.1002048987022,0.0,0.0
996,117.77557183978027,0.0,0.0
997,118.44572373101379,0.0,0.0
998,118.90090793268254,0.0,0.0
999,119.21248952053756,0.0,0.0
1000,119.40514028685425,0.0,0.0
1001,119.54577909353695,0.0,0.0
1002,119.73755908812949,0.0,0.0
1003,119.92284836607182,0.0,0.0
1004,120.07542649302829,0.0,0.0
1005,120.266581839295,0.0,0.0
1006,120.39030437853171,0.0,0.0
1007,120.44914007561982,0.0,0.0
1008,120.50493489753312,0.0,0.0
1009,120.55059716613091,0.0,0.0
1010,120.58997423577986,0.0,0.0
1011,120.63839537760927,0.0,0.0
1012,120.68288174479842,0.0,0.0
1013,120.74191920639659,0.0,0.0
1014,120.78605347323128,0.0,0.0
1015,120.83501097569896,0.0,0.0
1016,120.97999443262584,0.0,0.0
1017,121.06510047416951,0.0,0.0
1018,121.18881723744508,0.0,0.0
1019,121.3197017029702,0.0,0.0
1020,121.41701488179099,0.0,0.0
1021,121.50684854619476,0.0,0.0
1022,121.56563375399111,0.0,0.0
1023,121.63121266385967,0.0,0.0
1024,121.71686397439227,0.0,0.0
1025,121.83234988277002,0.0,0.0
1026,121.98290078172667,0.0,0.0
1027,122.11189062052642,0.0,0.0
1028,122.22751659294453,0.0,0.0
1029,122.31154809225086,0.0,0.0
1030,122.37148893636788,0.0,0.0
1031,122.41301083504163,0.0,0.0
1032,122.43742633552864,0.0,0.0
1033,122.47255569407243,0.0,0.0
1034,122.50389464258996,0.0,0.0
1035,122.52561880800911,0.0,0.0
1036,122.57580585594368,0.0,0.0
1037,122.6095614400691,0.0,0.0
1038,122.64100675789823,0.0,0.0
1039,122.70281995151444,0.0,0.0
1040,122.77440226316739,0.0,0.0
1041,122.923532238215,0.0,0.0
1042,123.05143075234645,0.0,0.0
1043,123.2027414347563,0.0,0.0
1044,123.3110433213642,0.0,0.0
1045,123.38921981188265,0.0,0.0
1046,123.48276277603595,0.0,0.0
1047,123.60513382904274,0.0,0.0
1048,123.73945108900809,0.0,0.0
1049,123.85784091967993,0.0,0.0
1050,123.9586615585875,0.0,0.0
1051,124.0937020631588,0.0,0.0
1052,124.23920175509573,0.0,0.0
1053,124.30904193784093,0.0,0.0
1054,124.42835017287375,0.0,0.0
1055,124.50336761352663,0.0,0.0
1056,124.55589516888499,0.0,0.0
1057,124.5888807419718,0.0,0.0
1058,124.62961391368366,0.0,0.0
1059,124.67203534426176,0.0,0.0
1060,124.7122303059192,0.0,0.0
1061,124.78252007847935,0.0,0.0
1062,124.81878395899564,0.0,0.0
1063,124.9888486536119,0.0,0.0
1064,125.67834472593455,0.0,0.0
1065,126.26651829074017,0.0,0.0
1066,126.99228527819582,0.0,0.0
1067,127.61569840668518,0.0,0.0
1068,127.97924858982033,0.0,0.0
1069,128.11189323450282,0.0,0.0
1070,128.2197094439636,0.0,0.0
1071,128.3510646310502,0.0,0.0
1072,128.48295892985797,0.0,0.0
1073,128.63697768135958,0.0,0.0
1074,128.79186707399816,0.0,0.0
1075,128.90231250698494,0.0,0.0
1076,129.04025425716998,0.0,0.0
1077,129.16124293066508,0.0,0.0
1078,129.27123240582782,0.0,0.0
1079,129.34981422306632,0.0,0.0
1080,129.38929651873372,0.0,0.0
1081,129.4410297990802,0.0,0.0
1082,129.48810633821472,0.0,0.0
1083,129.5282464789168,0.0,0.0
1084,129.5934856789309,0.0,0.0
1085,129.65673380107864,0.0,0.0
1086,129.70623503897517,0.0,0.0
1087,129.8736977786216,0.0,0.0
1088,130.0129781817661,0.0,0.0
1089,130.16087737687528,0.0,0.0
1090,130.240903912786,0.0,0.0
1091,130.3708674541457,0.0,0.0
1092,130.47569859852865,0.0,0.0
1093,130.58716332915998,0.0,0.0
1094,130.6891693873291,0.0,0.0
1095,130.79001492402773,0.0,0.0
1096,130.91592159315016,0.0,0.0
1097,130.97941023473868,0.0,0.0
1098,131.1376596122447,0.0,0.0
1099,131.23514551981378,0.0,0.0
1100,131.3522388754027,0.0,0.0
1101,131.4582387993466,0.0,0.0
1102,131.5788140923113,0.0,0.0
1103,131.63428120431723,0.0,0.0
1104,131.6824071060802,0.0,0.0
1105,131.7280080135854,0.0,0.0
1106,131.76155610093585,0.0,0.0
1107,131.82212016005502,0.0,0.0
1108,131.87545043029087,0.0,0.0
1109,131.94220642715888,0.0,0.0
1110,131.97501851316505,0.0,0.0
1111,132.06247435655933,0.0,0.0
1112,132.16963894675123,0.0,0.0
1113,132.2542311380776,0.0,0.0
1114,132.42709228157793,0.0,0.0
1115,132.55854588720732,0.0,0.0
1116,132.6298286903101,0.0,0.0
1117,132.69593093097745,0.0,0.0
1118,132.7261434491518,0.0,0.0
1119,132.76799854322752,0.0,0.0
1120,132.86085022618227,0.0,0.0
1121,132.98428571815987,0.0,0.0
1122,133.08198807792567,0.0,0.0
1123,133.20633574616,0.0,0.0
1124,133.34092058516828,0.0,0.0
1125,133.43763397247366,0.0,0.0
1126,133.51822510186705,0.0,0.0
1127,133.56739017442973,0.0,0.0
1128,133.6074228041833,0.0,0.0
1129,133.64207686322942,0.0,0.0
1130,133.6691298009469,0.0,0.0
1131,133.71328866855632,0.0,0.0
1132,133.74297959061656,0.0,0.0
1133,133.7530941840964,0.0,0.0
1134,133.79538671546018,0.0,0.0
1135,133.85984703449003,0.0,0.0
1136,133.95169947939365,0.0,0.0
1137,134.0254611283951,0.0,0.0
1138,134.1159151281061,0.0,0.0
1139,134.22609336053867,0.0,0.0
1140,134.73523023110735,0.0,0.0
1141,135.50722357170238,0.0,0.0
1142,136.17973052685286,0.0,0.0
1143,136.60279635430055,0.0,0.0
1144,136.831710336072,0.0,0.0
1145,136.95011533619402,0.0,0.0
1146,137.09301072424978,0.0,0.0
1147,137.1824414362198,0.0,0.0
1148,137.32316997730288,0.0,0.0
1149,137.51619694988065,0.0,0.0
1150,137.62632618715767,0.0,0.0
1151,137.69572774323652,0.0,0.0
1152,137.74779019056697,0.0,0.0
1153,137.79492626759205,0.0,0.0
1154,137.82884347173515,0.0,0.0
1155,137.8572573576407,0.0,0.0
1156,137.91097797235355,0.0,0.0
1157,137.96662534770292,0.0,0.0
1158,138.00851690969895,0.0,0.0
1159,138.06829660136688,0.0,0.0
1160,138.2216341368485,0.0,0.0
1161,138.41775252706086,0.0,0.0
1162,138.47090512949086,0.0,0.0
1163,138.52089330528204,0.0,0.0
1164,138.56519559720147,0.0,0.0
1165,138.58608380537603,0.0,0.0
1166,138.62220413226908,0.0,0.0
1167,138.69524241427774,0.0,0.0
1168,138.74124820088244,0.0,0.0
1169,138.7977458179753,0.0,0.0
1170,138.91560529427585,0.0,0.0
1171,139.00727785351611,0.0,0.0
1172,139.09860931774753,0.0,0.0
1173,139.1746982458234,0.0,0.0
1174,139.24474963422028,0.0,0.0
1175,139.2764541443473,0.0,0.0
1176,139.29050738507038,0.0,0.0
1177,139.30706088325832,0.0,0.0
1178,139.32915792913016,0.0,0.0
1179,139.34726773755872,0.0,0.0
1180,139.36727814507873,0.0,0.0
1181,139.4037564601858,0.0,0.0
1182,139.4274496789965,0.0,0.0
1183,139.50045992386003,0.0,0.0
1184,139.55164064056163,0.0,0.0
1185,139.619886108511,0.0,0.0
1186,139.6419802445299,0.0,0.0
1187,139.6404602474711,0.0,0.0
1188,139.85389370526954,0.0,0.0
1189,140.00512545209872,0.0,0.0
1190,140.01385699475628,0.0,0.0
1191,140.03830520432743,0.0,0.0
1192,140.06106702319317,0.0,0.0
1193,140.19968016391343,0.0,0.0
1194,140.62670571135925,0.0,0.0
1195,141.22520775980647,0.0,0.0
1196,141.90843150606358,0.0,0.0
1197,142.49647733913397,0.0,0.0
1198,143.18094027089896,0.0,0.0
1199,143.858250800899,0.004105303380415728,1.0
1200,144.5981371388747,0.004105303380415728,1.0
1201,144.8668809705364,0.004105303380415728,1.0
1202,144.9848713345888,0.004105303380415728,1.0
1203,145.06607056226488,0.004105303380415728,1.0
1204,145.14156028702692,0.004105303380415728,1.0
1205,145.22170317378541,0.004105303380415728,1.0
1206,145.266310508555,0.004105303380415728,1.0
1207,145.3561207112656,0.004105303380415728,1.0
1208,145.4523142124775,0.004105303380415728,1.0
1209,145.93100397983284,0.004105303380415728,1.0
1210,146.30046885171507,0.004105303380415728,1.0
1211,146.49787662270802,0.004105303380415728,1.0
1212,146.61644715884321,0.004105303380415728,1.0
1213,146.70219750581458,0.004105303380415728,1.0
1214,146.77046783232686,0.004105303380415728,1.0
1215,146.9129884454176,0.004105303380415728,1.0
1216,147.07093223130835,0.004105303380415728,1.0
1217,147.26298304186494,0.004105303380415728,1.0
1218,147.4220315102181,0.004105303380415728,1.0
1219,147.533233514993,0.004105303380415728,1.0
1220,147.6926098799486,0.004105303380415728,1.0
1221,147.8277904834261,0.004105303380415728,1.0
1222,147.96136101742817,0.004105303380415728,1.0
1223,148.00527792930924,0.004105303380415728,1.0
1224,148.04438070893352,0.004105303380415728,1.0
1225,148.07716874539796,0.004105303380415728,1.0
1226,148.10723584254552,0.004105303380415728,1.0
1227,148.13269398448483,0.004105303380415728,1.0
1228,148.1524234042344,0.004105303380415728,1.0
1229,148.1996885690475,0.004105303380415728,1.0
1230,148.2821535488323,0.004105303380415728,1.0
1231,148.37498431522278,0.004105303380415728,1.0
1232,148.49091218056,0.004105303380415728,1.0
1233,148.58063868695103,0.004105303380415728,1.0
1234,148.61514535412167,0.004105303380415728,1.0
1235,148.6350033657417,0.004105303380415728,1.0
1236,148.62699568316935,0.004105303380415728,1.0
1237,148.61161173350143,0.004105303380415728,1.0
1238,148.6269785363466,0.004105303380415728,1.0
1239,148.73202922672863,0.004105303380415728,1.0
1240,148.81058735046915,0.004105303380415728,1.0
1241,148.94860666119635,0.004105303380415728,1.0
1242,149.09824332107735,0.004105303380415728,1.0
1243,149.1794610397403,0.004105303380415728,1.0
1244,149.27191454078354,0.004105303380415728,1.0
1245,149.40558366962003,0.004105303380415728,1.0
1246,149.51360252276405,0.004105303380415728,1.0
1247,149.60065146315847,0.004105303380415728,1.0
1248,149.67434201776607,0.004105303380415728,1.0
1249,149.7055352112979,0.004105303380415728,1.0
1250,149.7322682411292,0.004105303380415728,1.0
1251,149.76051241405008,0.004105303380415728,1.0
1252,149.79659699787277,0.004105303380415728,1.0
1253,149.83431788384755,0.004105303380415728,1.0
1254,149.8676355027387,0.004105303380415728,1.0
1255,149.91727343138254,0.004105303380415728,1.0
1256,149.98701810551597,0.004105303380415728,1.0
1257,150.08498401134082,0.004105303380415728,1.0
1258,150.17147431023042,0.004105303380415728,1.0
1259,150.27613287663954,0.004105303380415728,1.0
1260,150.34286335058428,0.004105303380415728,1.0
1261,150.40299979360168,0.004105303380415728,1.0
1262,150.5012176789457,0.004105303380415728,1.0
1263,150.60894333807767,0.004105303380415728,1.0
1264,150.72472217065985,0.004105303380415728,1.0
1265,150.8496173524832,0.004105303380415728,1.0
1266,150.971349287829,0.004105303380415728,1.0
1267,151.1017364758598,0.004105303380415728,1.0
1268,151.2183205896117,0.004105303380415728,1.0
1269,151.30347853612608,0.004105303380415728,1.0
1270,151.380188143599,0.004105303380415728,1.0
1271,151.43018074593954,0.004105303380415728,1.0
1272,151.44590103312308,0.004105303380415728,1.0
1273,151.46225152794386,0.004105303380415728,1.0
1274,151.4767205017451,0.004105303380415728,1.0
1275,151.48963940967738,0.004105303380415728,1.0
1276,151.49958081866944,0.004105303380415728,1.0
1277,151.53146498883686,0.004105303380415728,1.0
1278,151.55942365542552,0.004105303380415728,1.0
1279,151.64492155081848,0.004105303380415728,1.0
1280,151.78567759676167,0.004105303380415728,1.0
1281,151.90164656549075,0.004105303380415728,1.0
1282,151.98448686320486,0.004105303380415728,1.0
1283,152.04242482496065,0.004105303380415728,1.0
1284,152.0672285611092,0.004105303380415728,1.0
1285,152.08525254798144,0.004105303380415728,1.0
1286,152.1105574596224,0.004105303380415728,1.0
1287,152.153873025878,0.004105303380415728,1.0
1288,152.27270284899782,0.004105303380415728,1.0
1289,152.33572902224682,0.004105303380415728,1.0
1290,152.5111427158099,0.004105303380415728,1.0
1291,152.6131813510304,0.004105303380415728,1.0
1292,152.75755045642094,0.004105303380415728,1.0
1293,152.8374686657085,0.004105303380415728,1.0
1294,152.90346502495885,0.004105303380415728,1.0
1295,152.93907554760338,0.004105303380415728,1.0
1296,152.9606914959352,0.004105303380415728,1.0
1297,152.9767742423141,0.004105303380415728,1.0
1298,152.9965091839973,0.004105303380415728,1.0
1299,153.01147087914418,0.004105303380415728,1.0
1300,153.02737812934672,0.004105303380415728,1.0
1301,153.06181624831143,0.004105303380415728,1.0
1302,153.10131513907265,0.004105303380415728,1.0
1303,153.15733784503,0.004105303380415728,1.0
1304,153.244430513159,0.004105303380415728,1.0
1305,153.2394623264745,0.004105303380415728,1.0
1306,153.238880004482,0.004105303380415728,1.0
1307,153.24819434988373,0.004105303380415728,1.0
1308,153.26689914471777,0.004105303380415728,1.0
1309,153.26468617107037,0.004105303380415728,1.0
1310,153.26304461891476,0.004105303380415728,1.0
1311,153.3335232535077,0.004105303380415728,1.0
1312,153.3834935805902,0.004105303380415728,1.0
1313,153.4091591569816,0.004105303380415728,1.0
1314,153.4843581194486,0.004105303380415728,1.0
1315,153.56383205137055,0.004105303380415728,1.0
1316,153.67005234568265,0.004105303380415728,1.0
1317,153.7380995062108,0.004105303380415728,1.0
1318,153.80300416117845,0.004105303380415728,1.0
1319,153.83475373199096,0.004105303380415728,1.0
1320,153.84243898447917,0.004105303380415728,1.0
1321,153.8468940250532,0.004105303380415728,1.0
1322,153.8564270468208,0.004105303380415728,1.0
1323,153.8740696870802,0.004105303380415728,1.0
1324,153.9052927414961,0.004105303380415728,1.0
1325,153.93597493772174,0.004105303380415728,1.0
1326,153.9752810914613,0.004105303380415728,1.0
1327,154.475972944101,0.004105303380415728,1.0
1328,155.1054403599795,0.004105303380415728,1.0
1329,155.8530733170414,0.004105303380415728,1.0
1330,156.5812683998579,0.004105303380415728,1.0
1331,157.58676120735643,0.004105303380415728,1.0
1332,158.1893499275936,0.004105303380415728,1.0
1333,158.912162417829,0.004105303380415728,1.0
1334,159.25305216804313,0.004105303380415728,1.0
1335,159.39875763804275,0.004105303380415728,1.0
1336,159.58596650030768,0.004105303380415728,1.0
1337,159.68190145575764,0.004105303380415728,1.0
1338,159.78219213381922,0.004105303380415728,1.0
1339,159.88440793831322,0.004105303380415728,1.0
1340,159.9692992000324,0.004105303380415728,1.0
1341,160.04962884271168,0.004105303380415728,1.0
1342,160.10357789520285,0.004105303380415728,1.0
1343,160.1354739270545,0.004105303380415728,1.0
1344,160.16050141342348,0.004105303380415728,1.0
1345,160.17629468842563,0.004105303380415728,1.0
1346,160.21376398127882,0.004105303380415728,1.0
1347,160.23549653604,0.004105303380415728,1.0
1348,160.26415862358675,0.004105303380415728,1.0
1349,160.26841722499316,0.004105303380415728,1.0
1350,160.26976414000566,0.004105303380415728,1.0
1351,160.3293586794224,0.004105303380415728,1.0
1352,160.36480847904568,0.004105303380415728,1.0
1353,160.4428951159436,0.004105303380415728,1.0
1354,160.48428414325753,0.004105303380415728,1.0
1355,160.53059457016658,0.004105303380415728,1.0
1356,160.60112693207583,0.004105303380415728,1.0
1357,160.61437265575523,0.004105303380415728,1.0
1358,160.64541696307822,0.004105303380415728,1.0
1359,160.70769612252187,0.004105303380415728,1.0
1360,160.78076568145,0.004105303380415728,1.0
1361,160.84971721153698,0.004105303380415728,1.0
1362,160.90177508349538,0.004105303380415728,1.0
1363,161.01426421819488,0.004105303380415728,1.0
1364,161.13156946176872,0.004105303380415728,1.0
1365,161.2246987350418,0.004105303380415728,1.0
1366,161.30124619534698,0.004105303380415728,1.0
1367,161.34549642965519,0.004105303380415728,1.0
1368,161.37161929490918,0.004105303380415728,1.0
1369,161.39399810782,0.004105303380415728,1.0
1370,161.41312143016154,0.004105303380415728,1.0
1371,161.434840221898,0.004105303380415728,1.0
1372,161.46313912663496,0.004105303380415728,1.0
1373,161.51105744515635,0.004105303380415728,1.0
1374,161.5412923224833,0.004105303380415728,1.0
1375,161.58688420003247,0.004105303380415728,1.0
1376,161.65178618904332,0.004105303380415728,1.0
1377,161.73257893119137,0.004105303380415728,1.0
1378,161.8203555262545,0.004105303380415728,1.0
1379,161.88546428526087,0.004105303380415728,1.0
1380,161.95104691452264,0.004105303380415728,1.0
1381,162.0135663629249,0.004105303380415728,1.0
1382,162.07453663429823,0.004105303380415728,1.0
1383,162.14357096035013,0.004105303380415728,1.0
1384,162.24986695160874,0.004105303380415728,1.0
1385,162.3529979312945,0.004105303380415728,1.0
1386,162.43224110790757,0.004105303380415728,1.0
1387,162.67057420718794,0.004105303380415728,1.0
1388,162.84085997955276,0.004105303380415728,1.0
1389,162.94380063340455,0.004105303380415728,1.0
1390,163.08297541612123,0.004105303380415728,1.0
1391,163.17717251414962,0.004105303380415728,1.0
1392,163.22225817138633,0.004105303380415728,1.0
1393,163.25020748057653,0.004105303380415728,1.0
1394,163.26646016312972,0.004105303380415728,1.0
1395,163.28743776449414,0.004105303380415728,1.0
1396,163.3027383135855,0.004105303380415728,1.0
1397,163.33283128624436,0.004105303380415728,1.0
1398,163.36635820410984,0.004105303380415728,1.0
1399,163.42608173790512,0.004105303380415728,1.0
1400,163.52104904133364,0.004105303380415728,1.0
1401,163.59935294652863,0.004105303380415728,1.0
1402,163.65983272878913,0.004105303380415728,1.0
1403,163.73092528976173,0.004105303380415728,1.0
1404,163.77276385478186,0.004105303380415728,1.0
1405,163.90357233224756,0.004105303380415728,1.0
1406,163.97308687565547,0.004105303380415728,1.0
1407,164.0576298829031,0.004105303380415728,1.0
1408,164.14849140013098,0.004105303380415728,1.0
1409,164.25725162952477,0.004105303380415728,1.0
1410,164.3560891892305,0.004105303380415728,1.0
1411,164.5034637012138,0.004105303380415728,1.0
1412,164.60144269735542,0.004105303380415728,1.0
1413,164.6683730716159,0.004105303380415728,1.0
1414,164.7254818211496,0.004105303380415728,1.0
1415,164.76434481853622,0.004105303380415728,1.0
1416,164.78072599468447,0.004105303380415728,1.0
1417,164.79203489688544,0.004105303380415728,1.0
1418,164.80382297539558,0.004105303380415728,1.0
1419,164.81386937343757,0.004105303380415728,1.0
1420,164.83157054591442,0.004105303380415728,1.0
1421,164.86301083347237,0.004105303380415728,1.0
1422,164.89702077380034,0.004105303380415728,1.0
1423,164.95762417564217,0.004105303380415728,1.0
1424,164.99865366728812,0.004105303380415728,1.0
1425,165.04041149241453,0.004105303380415728,1.0
1426,165.13215380439118,0.004105303380415728,1.0
1427,165.16637419519938,0.004105303380415728,1.0
1428,165.236220458654,0.004105303380415728,1.0
1429,165.26287859334775,0.004105303380415728,1.0
1430,165.32794852287353,0.004105303380415728,1.0
1431,165.38511304291728,0.004105303380415728,1.0
1432,165.4279941901507,0.004105303380415728,1.0
1433,165.4687432523124,0.004105303380415728,1.0
1434,165.50540259980963,0.004105303380415728,1.0
1435,165.6022485545301,0.004105303380415728,1.0
1436,165.64034863260952,0.004105303380415728,1.0
1437,165.67602558030222,0.004105303380415728,1.0
1438,165.72698763274207,0.004105303380415728,1.0
1439,165.7535289371724,0.004105303380415728,1.0
1440,165.761941006489,0.004105303380415728,1.0
1441,165.772407614716,0.004105303380415728,1.0
1442,165.7812117782989,0.004105303380415728,1.0
1443,165.79635227275583,0.004105303380415728,1.0
1444,165.81999132592168,0.004105303380415728,1.0
1445,165.8395439344261,0.004105303380415728,1.0
1446,165.87027281391238,0.004105303380415728,1.0
1447,165.91396132315083,0.004105303380415728,1.0
1448,166.03578203508405,0.004105303380415728,1.0
1449,166.14375237362353,0.004105303380415728,1.0
1450,166.15028994380293,0.004105303380415728,1.0
1451,166.14605284805535,0.004105303380415728,1.0
1452,166.14798508734418,0.004105303380415728,1.0
1453,166.14190871919203,0.004105303380415728,1.0
1454,166.12710313963544,0.004105303380415728,1.0
1455,166.1219402086842,0.004105303380415728,1.0
1456,166.11997406093886,0.004105303380415728,1.0
1457,166.13959047775086,0.004105303380415728,1.0
1458,166.1828650418996,0.004105303380415728,1.0
1459,166.23351429905125,0.004105303380415728,1.0
1460,166.2859222719937,0.004105303380415728,1.0
1461,166.34169333213143,0.004105303380415728,1.0
1462,166.41284890838048,0.004105303380415728,1.0
1463,166.43998362688959,0.004105303380415728,1.0
1464,166.4493252100802,0.004105303380415728,1.0
1465,166.45973692020348,0.004105303380415728,1.0
1466,166.46617926950233,0.004105303380415728,1.0
1467,166.48450872964497,0.004105303380415728,1.0
1468,166.51076770284368,0.004105303380415728,1.0
1469,166.53819136650648,0.004105303380415728,1.0
1470,166.58462925177548,0.004105303380415728,1.0
1471,166.639449969324,0.004105303380415728,1.0
1472,166.67156991997538,0.004105303380415728,1.0
1473,166.70311219954345,0.004105303380415728,1.0
1474,166.78548778420657,0.004105303380415728,1.0
1475,167.24494082089564,0.004105303380415728,1.0
1476,167.671050882699,0.004105303380415728,1.0
1477,167.7899907176056,0.004105303380415728,1.0
1478,168.0837715091021,0.004105303380415728,1.0
1479,168.33768082701195,0.004105303380415728,1.0
1480,168.43083645227804,0.004105303380415728,1.0
1481,168.5077747440917,0.004105303380415728,1.0
1482,168.5960381281853,0.004105303380415728,1.0
1483,168.70929907162582,0.004105303380415728,1.0
1484,168.80080724163994,0.004105303380415728,1.0
1485,168.94132697048622,0.004105303380415728,1.0
1486,169.05584877805933,0.004105303380415728,1.0
1487,169.10793362979967,0.004105303380415728,1.0
1488,169.16728581826646,0.004105303380415728,1.0
1489,169.1996032319094,0.004105303380415728,1.0
1490,169.22663120745327,0.004105303380415728,1.0
1491,169.25110487552868,0.004105303380415728,1.0
1492,169.29405755480542,0.004105303380415728,1.0
1493,169.33160318814888,0.004105303380415728,1.0
1494,169.33821513361443,0.004105303380415728,1.0
1495,169.4008723629163,0.004105303380415728,1.0
1496,169.42387189389578,0.004105303380415728,1.0
1497,169.51608433350913,0.004105303380415728,1.0
1498,169.56885581876523,0.004105303380415728,1.0
1499,169.56296669752976,0.004105303380415728,1.0
1500,169.61231051326362,0.004105303380415728,1.0
1501,169.68656651895867,0.004105303380415728,1.0
1502,169.69857965224674,0.004105303380415728,1.0
1503,169.7388037028186,0.004105303380415728,1.0
1504,169.78929915458454,0.004105303380415728,1.0
1505,169.89547835410144,0.004105303380415728,1.0
1506,169.97077183518883,0.004105303380415728,1.0
1507,170.09151633519957,0.004105303380415728,1.0
1508,170.22237342128992,0.004105303380415728,1.0
1509,170.32547160408606,0.004105303380415728,1.0
1510,170.42517446771325,0.004105303380415728,1.0
1511,170.46215633792457,0.004105303380415728,1.0
1512,170.49290284433116,0.004105303380415728,1.0
1513,170.51059825950685,0.004105303380415728,1.0
1514,170.5235555288206,0.004105303380415728,1.0
1515,170.54016216869059,0.004105303380415728,1.0
1516,170.57598573493306,0.004105303380415728,1.0
1517,170.6341596640893,0.004105303380415728,1.0
1518,170.6645874169638,0.004105303380415728,1.0
1519,170.73998059857723,0.004105303380415728,1.0
1520,170.81374570663633,0.004105303380415728,1.0
1521,170.9358343114792,0.004105303380415728,1.0
1522,171.04122317858358,0.004105303380415728,1.0
1523,171.14517300145582,0.004105303380415728,1.0
1524,171.22684047498103,0.004105303380415728,1.0
1525,171.36450588571716,0.004105303380415728,1.0
1526,171.5250492615098,0.004105303380415728,1.0
1527,171.6794048797507,0.004105303380415728,1.0
1528,171.8947115886951,0.004105303380415728,1.0
1529,171.9838029421478,0.004105303380415728,1.0
1530,172.17339265914677,0.004105303380415728,1.0
1531,172.33241257194098,0.004105303380415728,1.0
1532,172.5067509288971,0.004105303380415728,1.0
1533,172.65976742129723,0.004105303380415728,1.0
1534,172.78361294392406,0.004105303380415728,1.0
1535,172.83245366751353,0.004105303380415728,1.0
1536,172.8877253391513,0.004105303380415728,1.0
1537,172.94113540953856,0.004105303380415728,1.0
1538,172.98691421629292,0.004105303380415728,1.0
1539,173.03519079383906,0.004105303380415728,1.0
1540,173.08012204846025,0.004105303380415728,1.0
1541,173.1400939673881,0.004105303380415728,1.0
1542,173.2079320964431,0.004105303380415728,1.0
1543,173.65044929873892,0.004105303380415728,1.0
1544,174.0719876358671,0.004105303380415728,1.0
1545,174.27086648961927,0.004105303380415728,1.0
1546,174.6485816130874,0.004105303380415728,1.0
1547,174.93487991569933,0.004105303380415728,1.0
1548,174.97994480058145,0.004105303380415728,1.0
1549,175.00217002232765,0.004105303380415728,1.0
1550,175.13179961714474,0.004105303380415728,1.0
1551,175.8068427005097,0.004105303380415728,1.0
1552,176.4810482103082,0.004105303380415728,1.0
1553,176.73950334444132,0.004105303380415728,1.0
1554,176.87564865042054,0.004105303380415728,1.0
1555,177.0760812421732,0.004105303380415728,1.0
1556,177.20790023832183,0.004105303380415728,1.0
1557,177.30792573258904,0.004105303380415728,1.0
1558,177.40277189948392,0.004105303380415728,1.0
1559,177.52554456224664,0.004105303380415728,1.0
1560,177.581189645279,0.004105303380415728,1.0
1561,177.6189484173256,0.004105303380415728,1.0
1562,177.64469902024643,0.004105303380415728,1.0
1563,177.67579986947837,0.004105303380415728,1.0
1564,177.71918964476782,0.004105303380415728,1.0
1565,177.73695318523534,0.004105303380415728,1.0
1566,177.7801378939822,0.004105303380415728,1.0
1567,178.20356906385715,0.004105303380415728,1.0
1568,178.9295345493979,0.004105303380415728,1.0
1569,179.5742595013785,0.004105303380415728,1.0
1570,180.31863137820932,0.004105303380415728,1.0
1571,181.00683150924203,0.004105303380415728,1.0
1572,181.3501565859022,0.004105303380415728,1.0
1573,181.54631504991738,0.004105303380415728,1.0
1574,181.66923264734308,0.004105303380415728,1.0
1575,181.75028915494866,0.004105303380415728,1.0
1576,181.8277526578458,0.004105303380415728,1.0
1577,181.92986199966268,0.004105303380415728,1.0
1578,182.0230172049127,0.004105303380415728,1.0
1579,182.14541915265414,0.004105303380415728,1.0
1580,182.25299382855894,0.004105303380415728,1.0
1581,182.36350226289767,0.004105303380415728,1.0
1582,182.44190687250588,0.004105303380415728,1.0
1583,182.49025475339013,0.004105303380415728,1.0
1584,182.50984744151435,0.004105303380415728,1.0
1585,182.51741289094815,0.004105303380415728,1.0
1586,182.53768368958492,0.004105303380415728,1.0
1587,182.56315987612302,0.004105303380415728,1.0
1588,182.5927330284043,0.004105303380415728,1.0
1589,182.60569758290524,0.004105303380415728,1.0
1590,182.6468432812012,0.004105303380415728,1.0
1591,182.82173567426526,0.004105303380415728,1.0
1592,182.96758266512018,0.004105303380415728,1.0
1593,183.12762137104303,0.004105303380415728,1.0
1594,183.2515834610664,0.004105303380415728,1.0
1595,183.2916379292409,0.004105303380415728,1.0
1596,183.2960994616077,0.004105303380415728,1.0
1597,183.30579805491064,0.004105303380415728,1.0
1598,183.3270913566748,0.004105303380415728,1.0
1599,183.34905263444566,0.004105303380415728,1.0
1600,183.37488046379826,0.004105303380415728,1.0
1601,183.43795120286572,0.004105303380415728,1.0
1602,183.5039785264418,0.004105303380415728,1.0
1603,183.63065002743127,0.004105303380415728,1.0
1604,183.7435793563884,0.004105303380415728,1.0
1605,183.83584224952813,0.004105303380415728,1.0
1606,183.92145298317746,0.004105303380415728,1.0
1607,183.97021193771587,0.004105303380415728,1.0
1608,183.9910570857967,0.004105303380415728,1.0
1609,184.00462331527487,0.004105303380415728,1.0
1610,184.02509967666873,0.004105303380415728,1.0
1611,184.03783940450535,0.004105303380415728,1.0
1612,184.07040927648953,0.004105303380415728,1.0
1613,184.1077078264167,0.004105303380415728,1.0
1614,184.14826151082644,0.004105303380415728,1.0
1615,184.20975452849206,0.004105303380415728,1.0
1616,184.2600574020885,0.004105303380415728,1.0
1617,184.31485061301845,0.004105303380415728,1.0
1618,184.3871749783661,0.004105303380415728,1.0
1619,184.4228551847597,0.004105303380415728,1.0
1620,184.43304361077097,0.004105303380415728,1.0
1621,184.43035066158177,0.004105303380415728,1.0
1622,185.2051908221581,0.004105303380415728,1.0
1623,185.63036158820194,0.004105303380415728,1.0
1624,185.88182480256353,0.004105303380415728,1.0
1625,186.08706229788413,0.004105303380415728,1.0
1626,186.2878412560974,0.004105303380415728,1.0
1627,186.48695114701258,0.004105303380415728,1.0
1628,186.69574291821004,0.004105303380415728,1.0
1629,186.84301520224847,0.004105303380415728,1.0
1630,186.9659554686616,0.004105303380415728,1.0
1631,187.03902731144115,0.004105303380415728,1.0
1632,187.09625340712282,0.004105303380415728,1.0
1633,187.1284464265121,0.004105303380415728,1.0
1634,187.16054198737143,0.004105303380415728,1.0
1635,187.20124482580556,0.004105303380415728,1.0
1636,187.2576411020597,0.004105303380415728,1.0
1637,187.30796217158652,0.004105303380415728,1.0
1638,187.34520055427623,0.004105303380415728,1.0
1639,187.42683575639907,0.004105303380415728,1.0
1640,187.50596062268403,0.004105303380415728,1.0
1641,187.56304030808485,0.004105303380415728,1.0
1642,187.7857125316331,0.004105303380415728,1.0
1643,187.83918844571258,0.004105303380415728,1.0
1644,188.25491898302704,0.004105303380415728,1.0
1645,188.50515958486332,0.004105303380415728,1.0
1646,188.61724935974905,0.004105303380415728,1.0
1647,188.71019515194956,0.004105303380415728,1.0
1648,188.77653196217136,0.004105303380415728,1.0
1649,188.85905469735843,0.004105303380415728,1.0
1650,188.96219281592207,0.004105303380415728,1.0
1651,189.0623454532612,0.004105303380415728,1.0
1652,189.21256788873194,0.004105303380415728,1.0
1653,189.322261087463,0.004105303380415728,1.0
1654,189.4154439312591,0.004105303380415728,1.0
1655,189.48376952811722,0.004105303380415728,1.0
1656,189.53566150770877,0.004105303380415728,1.0
1657,189.55635431873904,0.004105303380415728,1.0
1658,189.5830294796541,0.004105303380415728,1.0
1659,189.60200032473082,0.004105303380415728,1.0
1660,189.61860635575775,0.004105303380415728,1.0
1661,189.64629119929936,0.004105303380415728,1.0
1662,189.6873384341038,0.004105303380415728,1.0
1663,189.73486547808923,0.004105303380415728,1.0
1664,189.88865395644916,0.004105303380415728,1.0
1665,190.36837790979493,0.004105303380415728,1.0
1666,190.8590669932227,0.004105303380415728,1.0
1667,191.13923445376705,0.004105303380415728,1.0
1668,191.30341965842518,0.004105303380415728,1.0
1669,191.38529597193738,0.004105303380415728,1.0
1670,191.4675503773356,0.004105303380415728,1.0
1671,191.5681481547219,0.004105303380415728,1.0
1672,191.69004590717364,0.004105303380415728,1.0
1673,191.7910116910279,0.004105303380415728,1.0
1674,191.88380121390375,0.004105303380415728,1.0
1675,191.99627908768818,0.004105303380415728,1.0
1676,192.10731699337688,0.004105303380415728,1.0
1677,192.2012267203118,0.004105303380415728,1.0
1678,192.30184314860287,0.004105303380415728,1.0
1679,192.33465433704566,0.004105303380415728,1.0
1680,192.36741615895178,0.004105303380415728,1.0
1681,192.38854341741362,0.004105303380415728,1.0
1682,192.41122949915595,0.004105303380415728,1.0
1683,192.4290431546314,0.004105303380415728,1.0
1684,192.44020727360936,0.004105303380415728,1.0
1685,192.46296739458376,0.004105303380415728,1.0
1686,192.5136522779338,0.004105303380415728,1.0
1687,192.57147084457634,0.004105303380415728,1.0
1688,192.67601746914846,0.004105303380415728,1.0
1689,192.86507698666185,0.004105303380415728,1.0
1690,193.02991479198639,0.004105303380415728,1.0
1691,193.17473739852284,0.004105303380415728,1.0
1692,193.33778979178066,0.004105303380415728,1.0
1693,193.4704870490339,0.004105303380415728,1.0
1694,193.58492042831182,0.004105303380415728,1.0
1695,193.71078861610093,0.004105303380415728,1.0
1696,193.8204362814466,0.004105303380415728,1.0
1697,194.0112050511941,0.004105303380415728,1.0
1698,194.15699054493348,0.004105303380415728,1.0
1699,194.28561354877505,0.004105303380415728,1.0
1700,194.47189337907594,0.004105303380415728,1.0
1701,194.5850489299114,0.004105303380415728,1.0
1702,194.66567370011543,0.004105303380415728,1.0
1703,194.70737096672036,0.004105303380415728,1.0
1704,194.73362842252314,0.004105303380415728,1.0
1705,194.74866326204267,0.004105303380415728,1.0
1706,194.76937291135707,0.004105303380415728,1.0
1707,194.7926553427884,0.004105303380415728,1.0
1708,194.81394264425262,0.004105303380415728,1.0
1709,194.86756258209186,0.004105303380415728,1.0
1710,194.9047917824505,0.004105303380415728,1.0
1711,194.96014266072794,0.004105303380415728,1.0
1712,195.0332657912174,0.004105303380415728,1.0
1713,195.08942353595583,0.004105303380415728,1.0
1714,195.64422160666436,0.004105303380415728,1.0
1715,196.1219760491712,0.004105303380415728,1.0
1716,196.31708630456123,0.004105303380415728,1.0
1717,196.47464036727828,0.004105303380415728,1.0
1718,196.6405095900818,0.004105303380415728,1.0
1719,196.84456187635485,0.004105303380415728,1.0
1720,197.04449147893615,0.004105303380415728,1.0
1721,197.14813077674592,0.004105303380415728,1.0
1722,197.25729243264067,0.004105303380415728,1.0
1723,197.37436937009466,0.004105303380415728,1.0
1724,197.5696999484243,0.004105303380415728,1.0
1725,197.7399089613738,0.004105303380415728,1.0
1726,197.80270078130945,0.004105303380415728,1.0
1727,197.85222176967625,0.004105303380415728,1.0
1728,197.87700750419287,0.004105303380415728,1.0
1729,197.91075880968546,0.004105303380415728,1.0
1730,197.93149224856413,0.004105303380415728,1.0
1731,197.958220276036,0.004105303380415728,1.0
1732,197.9903245512458,0.004105303380415728,1.0
1733,198.00558963972045,0.004105303380415728,1.0
1734,198.03669286725165,0.004105303380415728,1.0
1735,198.11443317888006,0.004105303380415728,1.0
1736,198.17303365958446,0.004105303380415728,1.0
1737,198.31983798194062,0.004105303380415728,1.0
1738,198.36818885305235,0.004105303380415728,1.0
1739,198.39396844875677,0.004105303380415728,1.0
1740,198.39103911852033,0.004105303380415728,1.0
1741,198.3882275612284,0.004105303380415728,1.0
1742,198.3858780538514,0.004105303380415728,1.0
1743,198.40474998743204,0.004105303380415728,1.0
1744,198.4510411722456,0.004105303380415728,1.0
1745,198.5378079764161,0.004105303380415728,1.0
1746,198.64914180793656,0.004105303380415728,1.0
1747,198.7584371227766,0.004105303380415728,1.0
1748,198.85760284142367,0.004105303380415728,1.0
1749,198.94732310885132,0.004105303380415728,1.0
1750,199.0215318805549,0.004105303380415728,1.0
1751,199.07665624579914,0.004105303380415728,1.0
1752,199.11116807593098,0.004105303380415728,1.0
1753,199.14938995729028,0.004105303380415728,1.0
1754,199.16763196934565,0.004105303380415728,1.0
1755,199.21003857210636,0.004105303380415728,1.0
1756,199.23758722781446,0.004105303380415728,1.0
1757,199.29129238742485,0.004105303380415728,1.0
1758,199.33539833561414,0.004105303380415728,1.0
1759,199.40472371952643,0.004105303380415728,1.0
1760,199.45166196428687,0.004105303380415728,1.0
1761,199.49005413918087,0.004105303380415728,1.0
1762,199.484621585496,0.004105303380415728,1.0
1763,199.4844986962644,0.004105303380415728,1.0
1764,199.48377795738637,0.004105303380415728,1.0
1765,199.4815456510009,0.004105303380415728,1.0
1766,199.48184117163757,0.004105303380415728,1.0
1767,199.47751005077166,0.004105303380415728,1.0
1768,199.58579866844872,0.004105303380415728,1.0
1769,199.93229172901087,0.004105303380415728,1.0
1770,200.11466653715962,0.004105303380415728,1.0
1771,200.25489523296002,0.004105303380415728,1.0
1772,200.36098341426546,0.004105303380415728,1.0
1773,200.48177301216808,0.004105303380415728,1.0
1774,200.59285896384011,0.004105303380415728,1.0
1775,200.67791951281896,0.004105303380415728,1.0
1776,200.73058678229302,0.004105303380415728,1.0
1777,200.78270842970358,0.004105303380415728,1.0
1778,200.82034826983858,0.004105303380415728,1.0
1779,200.87378483659805,0.004105303380415728,1.0
1780,200.93063613242813,0.004105303380415728,1.0
1781,200.98831852128004,0.004105303380415728,1.0
1782,201.017893914381,0.004105303380415728,1.0
1783,201.35031450893442,0.004105303380415728,1.0
1784,201.9873789199922,0.004105303380415728,1.0
1785,202.75408710373856,0.004105303380415728,1.0
1786,203.58762415916317,0.004105303380415728,1.0
1787,204.19898229894275,0.004105303380415728,1.0
1788,204.4003057453701,0.004105303380415728,1.0
1789,204.41846810773455,0.004105303380415728,1.0
1790,204.44440534381266,0.004105303380415728,1.0
1791,204.49916256395713,0.004105303380415728,1.0
1792,204.5552658408688,0.004105303380415728,1.0
1793,204.66658549078537,0.004105303380415728,1.0
1794,204.80466871740873,0.004105303380415728,1.0
1795,204.8908759579892,0.004105303380415728,1.0
1796,205.00226029534127,0.004105303380415728,1.0
1797,205.09731474182837,0.004105303380415728,1.0
1798,205.19944274407788,0.004105303380415728,1.0
1799,205.2528653905236,0.004105303380415728,1.0
1800,205.29675965760168,0.004105303380415728,1.0
1801,205.330556926536,0.004105303380415728,1.0
1802,205.34497355793522,0.004105303380415728,1.0
1803,205.361208758132,0.004105303380415728,1.0
1804,205.38199149019613,0.004105303380415728,1.0
1805,205.39218611545877,0.004105303380415728,1.0
1806,205.42827160121732,0.004105303380415728,1.0
1807,205.48639449563737,0.004105303380415728,1.0
1808,205.74902693125577,0.004105303380415728,1.0
1809,206.27766258017215,0.004105303380415728,1.0
1810,207.03145394631252,0.004105303380415728,1.0
1811,207.4108725853334,0.004105303380415728,1.0
1812,207.60565224944582,0.004105303380415728,1.0
1813,207.66642837834746,0.004105303380415728,1.0
1814,207.69563869310795,0.004105303380415728,1.0
1815,207.7386037651737,0.004105303380415728,1.0
1816,207.77533725979748,0.004105303380415728,1.0
1817,207.79147244995178,0.004105303380415728,1.0
1818,207.8527510611498,0.004105303380415728,1.0
1819,207.91922530945203,0.004105303380415728,1.0
1820,207.9964992371119,0.004105303380415728,1.0
1821,208.07603563776846,0.004105303380415728,1.0
1822,208.1446400129214,0.004105303380415728,1.0
1823,208.18087520858063,0.004105303380415728,1.0
1824,208.19086237320386,0.004105303380415728,1.0
1825,208.19399172845203,0.004105303380415728,1.0
1826,208.20676844471242,0.004105303380415728,1.0
1827,208.22070851448746,0.004105303380415728,1.0
1828,208.23920496293368,0.004105303380415728,1.0
1829,208.2658841171789,0.004105303380415728,1.0
1830,208.3143498959504,0.004105303380415728,1.0
1831,208.37791390601933,0.004105303380415728,1.0
1832,208.51469602788106,0.004105303380415728,1.0
1833,208.621615133872,0.004105303380415728,1.0
1834,208.64875844052688,0.004105303380415728,1.0
1835,209.20575606792198,0.004105303380415728,1.0
1836,209.35707531148006,0.004105303380415728,1.0
1837,209.7821823359009,0.004105303380415728,1.0
1838,209.83123187700156,0.004105303380415728,1.0
1839,209.88048515180034,0.004105303380415728,1.0
1840,209.9271289590165,0.004105303380415728,1.0
1841,209.95802165199365,0.004105303380415728,1.0
1842,210.0167267396335,0.004105303380415728,1.0
1843,210.09802992969142,0.004105303380415728,1.0
1844,210.19008629405985,0.004105303380415728,1.0
1845,210.23849105772456,0.004105303380415728,1.0
1846,210.29443827598175,0.004105303380415728,1.0
1847,210.31237949041807,0.004105303380415728,1.0
1848,210.33005386023416,0.004105303380415728,1.0
1849,210.3434324231468,0.004105303380415728,1.0
1850,210.35577914341562,0.004105303380415728,1.0
1851,210.3763821879393,0.004105303380415728,1.0
1852,210.40664288973556,0.004105303380415728,1.0
1853,210.44082712821054,0.004105303380415728,1.0
1854,210.43921693943224,0.004105303380415728,1.0
1855,210.4564009732278,0.004105303380415728,1.0
1856,210.45516759250737,0.004105303380415728,1.0
1857,210.66933784329638,0.004105303380415728,1.0
1858,210.6663990038557,0.004105303380415728,1.0
1859,210.66314042830487,0.004105303380415728,1.0
1860,210.6487846602183,0.004105303380415728,1.0
1861,211.12141117804887,0.004105303380415728,1.0
1862,211.91289079030872,0.004105303380415728,1.0
1863,212.5920811722541,0.004105303380415728,1.0
1864,212.73306506353865,0.004105303380415728,1.0
1865,212.80180755323144,0.004105303380415728,1.0
1866,212.8912519536284,0.004105303380415728,1.0
1867,213.04034338920692,0.004105303380415728,1.0
1868,213.17364002096954,0.004105303380415728,1.0
1869,213.2660252950932,0.004105303380415728,1.0
1870,213.32407903262995,0.004105303380415728,1.0
1871,213.3830475219002,0.004105303380415728,1.0
1872,213.41809772401587,0.004105303380415728,1.0
1873,213.4498467782274,0.004105303380415728,1.0
1874,213.46168905961332,0.004105303380415728,1.0
1875,213.47785413970647,0.004105303380415728,1.0
1876,213.49961331934347,0.004105303380415728,1.0
1877,213.55395473046758,0.004105303380415728,1.0
1878,213.60083857909316,0.004105303380415728,1.0
1879,213.6334829447383,0.004105303380415728,1.0
1880,213.63068795346007,0.004105303380415728,1.0
1881,213.6165982808496,0.004105303380415728,1.0
1882,213.71022455204084,0.004105303380415728,1.0
1883,213.979646250007,0.004105303380415728,1.0
1884,214.5668397239913,0.004105303380415728,1.0
1885,214.8862830855087,0.004105303380415728,1.0
1886,214.93813639361377,0.004105303380415728,1.0
1887,214.96806921688577,0.004105303380415728,1.0
1888,214.9781927214208,0.004105303380415728,1.0
1889,214.9988663690795,0.004105303380415728,1.0
1890,215.06985919862672,0.004105303380415728,1.0
1891,215.1649212736626,0.004105303380415728,1.0
1892,215.23167502500903,0.004105303380415728,1.0
1893,215.29079454348224,0.004105303380415728,1.0
1894,215.3333871436705,0.004105303380415728,1.0
1895,215.37523867012516,0.004105303380415728,1.0
1896,215.3920977374855,0.004105303380415728,1.0
1897,215.41057715882857,0.004105303380415728,1.0
1898,215.41814560486492,0.004105303380415728,1.0
1899,215.42752954163126,0.004105303380415728,1.0
1900,215.455829421931,0.004105303380415728,1.0
1901,215.4821165923183,0.004105303380415728,1.0
1902,215.52327519869976,0.004105303380415728,1.0
1903,215.57545935257957,0.004105303380415728,1.0
1904,215.63903112344943,0.004105303380415728,1.0
1905,215.67240007434717,0.004105303380415728,1.0
1906,215.74067357683663,0.004105303380415728,1.0
1907,215.74696142430142,0.004105303380415728,1.0
1908,215.73329337742317,0.004105303380415728,1.0
1909,215.72375358053088,0.004105303380415728,1.0
1910,215.70633067707715,0.004105303380415728,1.0
1911,215.6963290919921,0.004105303380415728,1.0
1912,215.68912805302116,0.004105303380415728,1.0
1913,215.69705819664972,0.004105303380415728,1.0
1914,215.7236627120492,0.004105303380415728,1.0
1915,215.7595621993544,0.004105303380415728,1.0
1916,215.80448421776768,0.004105303380415728,1.0
1917,215.841930738254,0.004105303380415728,1.0
1918,215.8633524281831,0.004105303380415728,1.0
1919,215.87862290637554,0.004105303380415728,1.0
1920,215.88238783530778,0.004105303380415728,1.0
1921,215.88907725103738,0.004105303380415728,1.0
1922,215.90675269824246,0.004105303380415728,1.0
1923,215.90989240847523,0.004105303380415728,1.0
1924,215.93612564722926,0.004105303380415728,1.0
1925,215.96399362521123,0.004105303380415728,1.0
1926,216.01109681251248,0.004105303380415728,1.0
1927,216.0363703655507,0.004105303380415728,1.0
1928,216.04121066393785,0.004105303380415728,1.0
1929,216.03431186394033,0.004105303380415728,1.0
1930,216.0235225171323,0.004105303380415728,1.0
1931,216.0111881642744,0.004105303380415728,1.0
1932,215.993064542382,0.004105303380415728,1.0
1933,215.96977173359085,0.004105303380415728,1.0
1934,215.94081037890732,0.004105303380415728,1.0
1935,215.92595450619947,0.004105303380415728,1.0
1936,215.91223069773613,0.004105303380415728,1.0
1937,215.90314722733874,0.004105303380415728,1.0
1938,215.90243661800747,0.004105303380415728,1.0
1939,215.91780121970575,0.004105303380415728,1.0
1940,215.94260588032708,0.004105303380415728,1.0
1941,215.965980165615,0.004105303380415728,1.0
1942,215.98728807206746,0.004105303380415728,1.0
1943,215.9871516721779,0.004105303380415728,1.0
1944,215.9927096603655,0.004105303380415728,1.0
1945,215.99660952378102,0.004105303380415728,1.0
1946,216.01587572373427,0.004105303380415728,1.0
1947,216.02664743986858,0.004105303380415728,1.0
1948,216.05987844346922,0.004105303380415728,1.0
1949,216.08802095590931,0.004105303380415728,1.0
1950,216.11153399372117,0.004105303380415728,1.0
1951,216.12399030475476,0.004105303380415728,1.0
1952,216.12349823845108,0.004105303380415728,1.0
1953,216.11684108986444,0.004105303380415728,1.0
1954,216.099318487922,0.004105303380415728,1.0
1955,216.07308677222454,0.004105303380415728,1.0
1956,216.04656452711893,0.004105303380415728,1.0
1957,216.02288683214326,0.004105303380415728,1.0
1958,216.16646236035282,0.004105303380415728,1.0
1959,216.49966271063084,0.004105303380415728,1.0
1960,216.5035754409531,0.004105303380415728,1.0
1961,216.50323416115756,0.004105303380415728,1.0
1962,216.54270173987706,0.004105303380415728,1.0
1963,216.57635881404568,0.004105303380415728,1.0
1964,216.60764069336494,0.004105303380415728,1.0
1965,216.63205634845247,0.004105303380415728,1.0
1966,216.64762836909776,0.004105303380415728,1.0
1967,216.6718508956367,0.004105303380415728,1.0
1968,216.67945973986863,0.004105303380415728,1.0
1969,216.68291211779245,0.004105303380415728,1.0
1970,216.69534260663616,0.004105303380415728,1.0
1971,216.71318800009476,0.004105303380415728,1.0
1972,216.75515916707573,0.004105303380415728,1.0
1973,216.8023079977357,0.004105303380415728,1.0
1974,216.84439094479933,0.004105303380415728,1.0
1975,216.86137041066192,0.004105303380415728,1.0
1976,216.85972208630065,0.004105303380415728,1.0
1977,216.84698533316478,0.004105303380415728,1.0
1978,216.82787275624977,0.004105303380415728,1.0
1979,216.8273758084738,0.004105303380415728,1.0
1980,216.93687584107866,0.004105303380415728,1.0
1981,216.95404740182335,0.004105303380415728,1.0
1982,216.93691572776453,0.004105303380415728,1.0
1983,217.2474535400802,0.004105303380415728,1.0
1984,217.27021957353617,0.004105303380415728,1.0
1985,217.2692276957871,0.004105303380415728,1.0
1986,217.28854229492856,0.004105303380415728,1.0
1987,217.3077886593975,0.004105303380415728,1.0
1988,217.32868821460437,0.004105303380415728,1.0
1989,217.35742391768312,0.004105303380415728,1.0
1990,217.3794043186605,0.004105303380415728,1.0
1991,217.3934284141197,0.004105303380415728,1.0
1992,217.40324886795975,0.004105303380415728,1.0
1993,217.40858986897473,0.004105303380415728,1.0
1994,217.40832001457963,0.004105303380415728,1.0
1995,217.4156816362471,0.004105303380415728,1.0
1996,217.43796637915958,0.004105303380415728,1.0
1997,217.47415069890113,0.004105303380415728,1.0
1998,217.49894308400454,0.004105303380415728,1.0
1999,217.51132500491693,0.004105303380415728,1.0
2000,217.53403987248896,0.004105303380415728,1.0
2001,217.54301302264855,0.004105303380415728,1.0
2002,217.5262018453768,0.004105303380415728,1.0
2003,217.5017328943022,0.004105303380415728,1.0
2004,217.4892535776213,0.004105303380415728,1.0
2005,217.47840891294615,0.004105303380415728,1.0
2006,217.45457068312524,0.004105303380415728,1.0
2007,217.4432429004542,0.004105303380415728,1.0
2008,217.43578974576423,0.004105303380415728,1.0
2009,217.42951667692262,0.004105303380415728,1.0
2010,217.42456834903533,0.004105303380415728,1.0
2011,217.42364607082678,0.004105303380415728,1.0
2012,217.42947668925655,0.004105303380415728,1.0
2013,217.43336647777707,0.004105303380415728,1.0
2014,217.4490792629391,0.004105303380415728,1.0
2015,217.45786558025463,0.004105303380415728,1.0
2016,217.4577093309396,0.004105303380415728,1.0
2017,217.45763596060993,0.004105303380415728,1.0
2018,217.45708340108317,0.004105303380415728,1.0
2019,217.4692476397556,0.004105303380415728,1.0
2020,217.49692193437193,0.004105303380415728,1.0
2021,217.55555681305975,0.004105303380415728,1.0
2022,217.58350984669258,0.004105303380415728,1.0
2023,217.58680088108193,0.004105303380415728,1.0
2024,217.58296762533587,0.004105303380415728,1.0
2025,217.6011364986066,0.004105303380415728,1.0
2026,218.42343086843505,0.004105303380415728,1.0
2027,218.8619701895563,0.004105303380415728,1.0
2028,219.01746653958696,0.004105303380415728,1.0
2029,219.03034772818648,0.004105303380415728,1.0
2030,219.02946829652808,0.004105303380415728,1.0
2031,219.025935948431,0.004105303380415728,1.0
2032,219.01981345867898,0.004105303380415728,1.0
2033,219.01746458389076,0.004105303380415728,1.0
2034,219.0447664433464,0.004105303380415728,1.0
2035,219.06923332604626,0.004105303380415728,1.0
2036,219.10397546065775,0.004105303380415728,1.0
2037,219.1419327567707,0.004105303380415728,1.0
2038,219.18994755225424,0.004105303380415728,1.0
2039,219.2374064785621,0.004105303380415728,1.0
2040,219.26467800245464,0.004105303380415728,1.0
2041,219.28079512598606,0.004105303380415728,1.0
2042,219.28282414714417,0.004105303380415728,1.0
2043,219.2843810956906,0.004105303380415728,1.0
2044,219.29731126162707,0.004105303380415728,1.0
2045,219.29413454046167,0.004105303380415728,1.0
2046,219.33030320715733,0.004105303380415728,1.0
2047,219.40028497009263,0.004105303380415728,1.0
2048,219.4708728847314,0.004105303380415728,1.0
2049,219.54451057839995,0.004105303380415728,1.0
2050,219.5499783414919,0.004105303380415728,1.0
2051,219.5420538539752,0.004105303380415728,1.0
2052,219.52847368025525,0.004105303380415728,1.0
2053,219.50954888632756,0.004105303380415728,1.0
2054,219.48482334051073,0.004105303380415728,1.0
2055,219.46833064403452,0.004105303380415728,1.0
2056,219.45544231691522,0.004105303380415728,1.0
2057,219.45338017245246,0.004105303380415728,1.0
2058,219.4510252776797,0.004105303380415728,1.0
2059,219.47385802019704,0.004105303380415728,1.0
2060,219.50975693281987,0.004105303380415728,1.0
2061,219.53929788746186,0.004105303380415728,1.0
2062,219.5718163399698,0.004105303380415728,1.0
2063,219.62378053997918,0.004105303380415728,1.0
2064,219.6428820305416,0.004105303380415728,1.0
2065,219.65355668778423,0.004105303380415728,1.0
2066,219.6553395718691,0.004105303380415728,1.0
2067,219.66431118058875,0.004105303380415728,1.0
2068,219.68327169655004,0.004105303380415728,1.0
2069,219.71967748869278,0.004105303380415728,1.0
2070,219.93748627058739,0.004105303380415728,1.0
2071,220.1280333901641,0.004105303380415728,1.0
2072,220.19304867507452,0.004105303380415728,1.0
2073,220.250860782821,0.004105303380415728,1.0
2074,220.29440873272182,0.004105303380415728,1.0
2075,220.293279584822,0.004105303380415728,1.0
2076,220.28744449970577,0.004105303380415728,1.0
2077,220.27133047190884,0.004105303380415728,1.0
2078,220.25610890432642,0.004105303380415728,1.0
2079,220.2395679097812,0.004105303380415728,1.0
2080,220.2310329044313,0.004105303380415728,1.0
2081,220.4000959352141,0.004105303380415728,1.0
2082,220.3994588019194,0.004105303380415728,1.0
2083,220.4336166451157,0.004105303380415728,1.0
2084,220.47686537157983,0.004105303380415728,1.0
2085,220.51478992621188,0.004105303380415728,1.0
2086,220.55274948663742,0.004105303380415728,1.0
2087,220.60896099094103,0.004105303380415728,1.0
2088,220.61869808689372,0.004105303380415728,1.0
2089,220.64049242078576,0.004105303380415728,1.0
2090,220.64646791242959,0.004105303380415728,1.0
2091,220.65859648359154,0.004105303380415728,1.0
2092,220.6927926730095,0.004105303380415728,1.0
2093,220.71207261786176,0.004105303380415728,1.0
2094,220.7319077556259,0.004105303380415728,1.0
2095,220.95052978549373,0.004105303380415728,1.0
2096,221.59540373358308,0.004105303380415728,1.0
2097,222.0477214484827,0.004105303380415728,1.0
2098,223.13898816289174,0.004105303380415728,1.0
2099,224.0723448621032,0.004105303380415728,1.0
2100,224.4605599609625,0.004105303380415728,1.0
2101,224.56761392578613,0.004105303380415728,1.0
2102,224.66721844034262,0.004105303380415728,1.0
2103,224.73406507562032,0.004105303380415728,1.0
2104,224.78774862367888,0.004105303380415728,1.0
2105,224.82797719261103,0.004105303380415728,1.0
2106,224.85612295420944,0.004105303380415728,1.0
2107,224.89295155605515,0.004105303380415728,1.0
2108,224.93521114127728,0.004105303380415728,1.0
2109,224.9803204759376,0.004105303380415728,1.0
2110,225.0147653616223,0.004105303380415728,1.0
2111,225.05336038794633,0.004105303380415728,1.0
2112,225.06818715508476,0.004105303380415728,1.0
2113,225.0772688077044,0.004105303380415728,1.0
2114,225.09608418009228,0.004105303380415728,1.0
2115,225.10965049008277,0.004105303380415728,1.0
2116,225.12201675813026,0.004105303380415728,1.0
2117,225.12019045561826,0.004105303380415728,1.0
2118,225.13131476312438,0.004105303380415728,1.0
2119,225.15381137204636,0.004105303380415728,1.0
2120,225.23883210385654,0.004105303380415728,1.0
2121,225.35063163927447,0.004105303380415728,1.0
2122,225.7813822246723,0.004105303380415728,1.0
2123,226.13773023582195,0.004105303380415728,1.0
2124,226.221730691827,0.004105303380415728,1.0
2125,226.2614673515539,0.004105303380415728,1.0
2126,226.2903217510103,0.004105303380415728,1.0
2127,226.3954716365038,0.004105303380415728,1.0
2128,226.6418541655821,0.004105303380415728,1.0
2129,226.68700392150657,0.004105303380415728,1.0
2130,226.7377467859367,0.004105303380415728,1.0
2131,226.79148795932596,0.004105303380415728,1.0
2132,226.8499277592466,0.004105303380415728,1.0
2133,226.90931644340927,0.004105303380415728,1.0
2134,226.95633583872313,0.004105303380415728,1.0
2135,226.98367452166593,0.004105303380415728,1.0
2136,227.0137034415586,0.004105303380415728,1.0
2137,227.0332326329253,0.004105303380415728,1.0
2138,227.03755005602522,0.004105303380415728,1.0
2139,227.06248323957436,0.004105303380415728,1.0
2140,227.07718988355657,0.004105303380415728,1.0
2141,227.0901624681441,0.004105303380415728,1.0
2142,227.10717358363203,0.004105303380415728,1.0
2143,227.15422611560928,0.004105303380415728,1.0
2144,227.2005246237326,0.004105303380415728,1.0
2145,227.26396538234735,0.004105303380415728,1.0
2146,227.27445787250494,0.004105303380415728,1.0
2147,227.32475770283227,0.004105303380415728,1.0
2148,227.46186351524256,0.004105303380415728,1.0
2149,227.94990728403997,0.004105303380415728,1.0
2150,228.24570374999175,0.004105303380415728,1.0
2151,228.2429985786183,0.004105303380415728,1.0
2152,228.27263835900192,0.004105303380415728,1.0
2153,228.2911062031335,0.004105303380415728,1.0
2154,228.32212457452184,0.004105303380415728,1.0
2155,228.37695421286853,0.004105303380415728,1.0
2156,228.44207183330568,0.004105303380415728,1.0
2157,228.54981484207642,0.004105303380415728,1.0
2158,228.615921439608,0.004105303380415728,1.0
2159,228.7118585773394,0.004105303380415728,1.0
2160,228.82507107523284,0.004105303380415728,1.0
2161,228.8699138051324,0.004105303380415728,1.0
2162,228.89159049241593,0.004105303380415728,1.0
2163,228.9075392888714,0.004105303380415728,1.0
2164,228.92367702519198,0.004105303380415728,1.0
2165,228.95456229477068,0.004105303380415728,1.0
2166,228.99274566430412,0.004105303380415728,1.0
2167,229.12286314680466,0.004105303380415728,1.0
2168,229.6466544340299,0.004105303380415728,1.0
2169,230.28286381654004,0.004105303380415728,1.0
2170,230.4318880117819,0.004105303380415728,1.0
2171,230.49209094552836,0.004105303380415728,1.0
2172,230.4893540251773,0.004105303380415728,1.0
2173,230.51825574616103,0.004105303380415728,1.0
2174,230.95490733543755,0.004105303380415728,1.0
2175,231.4450223639908,0.004105303380415728,1.0
2176,231.93600207403978,0.004105303380415728,1.0
2177,232.0489364276278,0.004105303380415728,1.0
2178,232.15067799942858,0.004105303380415728,1.0
2179,232.2099037493321,0.004105303380415728,1.0
2180,232.26573943658832,0.004105303380415728,1.0
2181,232.3735081614457,0.004105303380415728,1.0
2182,232.44605088869102,0.004105303380415728,1.0
2183,232.51235075135955,0.004105303380415728,1.0
2184,232.5527674704913,0.004105303380415728,1.0
2185,232.58011367881232,0.004105303380415728,1.0
2186,232.60422820723375,0.004105303380415728,1.0
2187,232.62570114773382,0.004105303380415728,1.0
2188,232.64912644101193,0.004105303380415728,1.0
2189,232.70857064237634,0.004105303380415728,1.0
2190,232.75491498318277,0.004105303380415728,1.0
2191,232.82534552009835,0.004105303380415728,1.0
2192,232.859504572749,0.004105303380415728,1.0
2193,232.88668157065044,0.004105303380415728,1.0
2194,233.19533106548874,0.004105303380415728,1.0
2195,233.29753531063741,0.004105303380415728,1.0
2196,233.35442174022472,0.004105303380415728,1.0
2197,233.41998131997434,0.004105303380415728,1.0
2198,233.49123231270295,0.004105303380415728,1.0
2199,233.51992076530306,0.004105303380415728,1.0
2200,233.5650344697504,0.004105303380415728,1.0
2201,233.59374617671875,0.004105303380415728,1.0
2202,233.62407773336244,0.004105303380415728,1.0
2203,233.6606870661736,0.004105303380415728,1.0
2204,233.70117137960096,0.004105303380415728,1.0
2205,233.77535530588307,0.004105303380415728,1.0
2206,233.84206091955784,0.004105303380415728,1.0
2207,233.90681971848323,0.004105303380415728,1.0
2208,233.94060882816427,0.004105303380415728,1.0
2209,233.96156005323573,0.004105303380415728,1.0
2210,233.9647722200922,0.004105303380415728,1.0
2211,233.97789519572044,0.004105303380415728,1.0
2212,233.9959705736264,0.004105303380415728,1.0
2213,234.00354461979643,0.004105303380415728,1.0
2214,234.04299259280566,0.004105303380415728,1.0
2215,234.0831422776439,0.004105303380415728,1.0
2216,234.1167964406789,0.004105303380415728,1.0
2217,234.1945837546902,0.004105303380415728,1.0
2218,234.7345368242306,0.004105303380415728,1.0
2219,234.81294077571147,0.004105303380415728,1.0
2220,234.8373442640321,0.004105303380415728,1.0
2221,234.90163081002746,0.004105303380415728,1.0
2222,234.91539296279458,0.004105303380415728,1.0
2223,234.92255218527774,0.004105303380415728,1.0
2224,234.96624870522055,0.004105303380415728,1.0
2225,234.99437930612532,0.004105303380415728,1.0
2226,235.04574724619818,0.004105303380415728,1.0
2227,235.0907005924486,0.004105303380415728,1.0
2228,235.14778179714952,0.004105303380415728,1.0
2229,235.20477673376521,0.004105303380415728,1.0
2230,235.27278925870465,0.004105303380415728,1.0
2231,235.30606037123542,0.004105303380415728,1.0
2232,235.33284262322337,0.004105303380415728,1.0
2233,235.35337810109897,0.004105303380415728,1.0
2234,235.35741093246037,0.004105303380415728,1.0
2235,235.37247118343177,0.004105303380415728,1.0
2236,235.39424471653507,0.004105303380415728,1.0
2237,235.39560451153383,0.004105303380415728,1.0
2238,235.43807790160093,0.004105303380415728,1.0
2239,235.4846200822018,0.004105303380415728,1.0
2240,235.5696795205974,0.004105303380415728,1.0
2241,235.67051822901914,0.004105303380415728,1.0
2242,235.68390777481935,0.004105303380415728,1.0
2243,235.6947783553761,0.004105303380415728,1.0
2244,235.69450988653207,0.004105303380415728,1.0
2245,235.73389511757597,0.004105303380415728,1.0
2246,235.7967238500297,0.004105303380415728,1.0
2247,235.82725939770324,0.004105303380415728,1.0
2248,235.927397656849,0.004105303380415728,1.0
2249,235.9913347766919,0.004105303380415728,1.0
2250,236.05255733026846,0.004105303380415728,1.0
2251,236.1017178667938,0.004105303380415728,1.0
2252,236.1664885619014,0.004105303380415728,1.0
2253,236.2336538118694,0.004105303380415728,1.0
2254,236.2929826372071,0.004105303380415728,1.0
2255,236.3444511369983,0.004105303380415728,1.0
2256,236.38258467483274,0.004105303380415728,1.0
2257,236.4056471347226,0.004105303380415728,1.0
2258,236.40826782111714,0.004105303380415728,1.0
2259,236.4156543380217,0.004105303380415728,1.0
2260,236.42823732096764,0.004105303380415728,1.0
2261,236.4608585032193,0.004105303380415728,1.0
2262,236.49794840371885,0.004105303380415728,1.0
2263,236.54406893094364,0.004105303380415728,1.0
2264,236.60307148631438,0.004105303380415728,1.0
2265,236.65215410715146,0.004105303380415728,1.0
2266,236.6834888931324,0.004105303380415728,1.0
2267,236.68625588127438,0.004105303380415728,1.0
2268,236.6974518983989,0.004105303380415728,1.0
2269,236.69563840791352,0.004105303380415728,1.0
2270,236.75587082740313,0.004105303380415728,1.0
2271,236.76179448091568,0.004105303380415728,1.0
2272,236.80271696349965,0.004105303380415728,1.0
2273,236.83336312606772,0.004105303380415728,1.0
2274,236.87418276707933,0.004105303380415728,1.0
2275,236.9273914762867,0.004105303380415728,1.0
2276,236.9836518597321,0.004105303380415728,1.0
2277,237.04164402446378,0.004105303380415728,1.0
2278,237.10585253509717,0.004105303380415728,1.0
2279,237.16620865735365,0.004105303380415728,1.0
2280,237.20270891784136,0.004105303380415728,1.0
2281,237.22269550577948,0.004105303380415728,1.0
2282,237.22780876827557,0.004105303380415728,1.0
2283,237.2335102028826,0.004105303380415728,1.0
2284,237.2454254860055,0.004105303380415728,1.0
2285,237.27493889934564,0.004105303380415728,1.0
2286,237.31116552375374,0.004105303380415728,1.0
2287,237.3404759516574,0.004105303380415728,1.0
2288,237.35787999887373,0.004105303380415728,1.0
2289,237.36930505471273,0.004105303380415728,1.0
2290,237.37128275417666,0.004105303380415728,1.0
2291,237.36771773067937,0.004105303380415728,1.0
2292,237.36143721577596,0.004105303380415728,1.0
2293,237.3561381050121,0.004105303380415728,1.0
2294,237.3498467914035,0.004105303380415728,1.0
2295,237.34683785488465,0.004105303380415728,1.0
2296,237.33783248548184,0.004105303380415728,1.0
2297,237.3317096159094,0.004105303380415728,1.0
2298,237.3384633524908,0.004105303380415728,1.0
2299,237.3667667818191,0.004105303380415728,1.0
2300,237.3969679115721,0.004105303380415728,1.0
2301,237.43805283402136,0.004105303380415728,1.0
2302,237.47553836064404,0.004105303380415728,1.0
2303,237.49979861949342,0.004105303380415728,1.0
2304,237.51479491237131,0.004105303380415728,1.0
2305,237.5192522697564,0.004105303380415728,1.0
2306,237.52573251593532,0.004105303380415728,1.0
2307,237.53519917302415,0.004105303380415728,1.0
2308,237.54893766607222,0.004105303380415728,1.0
2309,237.57978992883116,0.004105303380415728,1.0
2310,237.60724947359367,0.004105303380415728,1.0
2311,237.61945148605932,0.004105303380415728,1.0
2312,237.62700291207008,0.004105303380415728,1.0
2313,237.63575305522923,0.004105303380415728,1.0
2314,237.6271153061575,0.004105303380415728,1.0
2315,237.6193177721595,0.004105303380415728,1.0
2316,237.60957942520554,0.004105303380415728,1.0
2317,237.59465016501917,0.004105303380415728,1.0
2318,237.5788732393698,0.004105303380415728,1.0
2319,237.56590600708518,0.004105303380415728,1.0
2320,237.55726326594345,0.004105303380415728,1.0
2321,237.54843441687407,0.004105303380415728,1.0
2322,237.54016183587672,0.004105303380415728,1.0
2323,237.5378342034075,0.004105303380415728,1.0
2324,237.53655536407047,0.004105303380415728,1.0
2325,237.5706737155982,0.004105303380415728,1.0
2326,237.57987227965722,0.004105303380415728,1.0
2327,237.6043987793621,0.004105303380415728,1.0
2328,237.68051436784057,0.004105303380415728,1.0
2329,237.69992450293512,0.004105303380415728,1.0
2330,237.69988960041889,0.004105303380415728,1.0
2331,237.70241888598687,0.004105303380415728,1.0
2332,237.72201720326552,0.004105303380415728,1.0
2333,237.75525618903885,0.004105303380415728,1.0
2334,237.80709764219372,0.004105303380415728,1.0
2335,237.8391539754203,0.004105303380415728,1.0
2336,237.85046671533397,0.004105303380415728,1.0
2337,237.88125619092304,0.004105303380415728,1.0
2338,237.87542112013892,0.004105303380415728,1.0
2339,238.01375952399982,0.004105303380415728,1.0
2340,237.99577253478722,0.004105303380415728,1.0
2341,237.98482204054238,0.004105303380415728,1.0
2342,237.96978805400212,0.004105303380415728,1.0
2343,237.9527406369539,0.004105303380415728,1.0
2344,237.9478957449254,0.004105303380415728,1.0
2345,237.9437261827881,0.004105303380415728,1.0
2346,237.93563054516235,0.004105303380415728,1.0
2347,237.93216872648122,0.004105303380415728,1.0
2348,237.942033719948,0.004105303380415728,1.0
2349,237.97797865503,0.004105303380415728,1.0
2350,237.99957293401965,0.004105303380415728,1.0
2351,238.02604272651297,0.004105303380415728,1.0
2352,238.03215676615895,0.004105303380415728,1.0
2353,238.05034328074862,0.004105303380415728,1.0
2354,238.0566736734837,0.004105303380415728,1.0
2355,238.05924894384196,0.004105303380415728,1.0
2356,238.0754846506988,0.004105303380415728,1.0
2357,238.10961948598253,0.004105303380415728,1.0
2358,238.10944736105048,0.004105303380415728,1.0
2359,238.19043054774275,0.004105303380415728,1.0
2360,238.28881300803084,0.004105303380415728,1.0
2361,238.8725552640248,0.004105303380415728,1.0
2362,239.4550786844962,0.004105303380415728,1.0
2363,239.74729063864953,0.004105303380415728,1.0
2364,239.94378923552202,0.004105303380415728,1.0
2365,240.03107482136005,0.004105303380415728,1.0
2366,240.08211964416031,0.004105303380415728,1.0
2367,240.10320468024014,0.004105303380415728,1.0
2368,240.1266490248773,0.004105303380415728,1.0
2369,240.15388392510576,0.004105303380415728,1.0
2370,240.20429777633146,0.004105303380415728,1.0
2371,240.2492303014963,0.004105303380415728,1.0
2372,240.29221411590007,0.004105303380415728,1.0
2373,240.3460841870768,0.004105303380415728,1.0
2374,240.39694176062144,0.004105303380415728,1.0
2375,240.459400865687,0.004105303380415728,1.0
2376,240.48810352351552,0.004105303380415728,1.0
2377,240.5242124813079,0.004105303380415728,1.0
2378,240.53020632339167,0.004105303380415728,1.0
2379,240.54652573964015,0.004105303380415728,1.0
2380,240.56522636025753,0.004105303380415728,1.0
2381,240.5812341191669,0.004105303380415728,1.0
2382,240.61513530242004,0.004105303380415728,1.0
2383,240.64139581597365,0.004105303380415728,1.0
2384,240.70270228271676,0.004105303380415728,1.0
2385,241.29078746494352,0.004105303380415728,1.0
2386,242.00137302821068,0.004105303380415728,1.0
2387,242.2635171001891,0.004105303380415728,1.0
2388,242.35547972305986,0.004105303380415728,1.0
2389,242.39393367929821,0.004105303380415728,1.0
2390,242.61803619981637,0.004105303380415728,1.0
2391,243.1812185117382,0.004105303380415728,1.0
2392,243.31108634149703,0.004105303380415728,1.0
2393,243.34614363403435,0.004105303380415728,1.0
2394,243.38850161577602,0.004105303380415728,1.0
2395,243.48445652691518,0.004105303380415728,1.0
2396,243.55949885629195,0.004105303380415728,1.0
2397,243.68224683038008,0.004105303380415728,1.0
2398,243.80204686972274,0.004105303380415728,1.0
2399,243.871348418856,0.004105303380415728,1.0
2400,243.91715239955795,0.004105303380415728,1.0
2401,243.9504732235644,0.004105303380415728,1.0
2402,243.9738088744786,0.004105303380415728,1.0
2403,243.99090153037966,0.004105303380415728,1.0
2404,244.01132171326643,0.004105303380415728,1.0
2405,244.03560043349464,0.004105303380415728,1.0
2406,244.0745909080448,0.004105303380415728,1.0
2407,244.11816611022607,0.004105303380415728,1.0
2408,244.23047190550756,0.004105303380415728,1.0
2409,244.3196662133103,0.004105303380415728,1.0
2410,244.3196449429308,0.004105303380415728,1.0
2411,244.31946712983105,0.004105303380415728,1.0
2412,244.31367849563466,0.004105303380415728,1.0
2413,244.31175077436032,0.004105303380415728,1.0
2414,244.3077648577327,0.004105303380415728,1.0
2415,244.3030620123201,0.004105303380415728,1.0
2416,244.32521051706112,0.004105303380415728,1.0
2417,244.32662624204386,0.004105303380415728,1.0
2418,244.326560138078,0.004105303380415728,1.0
2419,244.35337495722163,0.004105303380415728,1.0
2420,244.3924626378083,0.004105303380415728,1.0
2421,244.44167718063198,0.004105303380415728,1.0
2422,244.49390867291936,0.004105303380415728,1.0
2423,244.53800084116793,0.004105303380415728,1.0
2424,244.5594955184469,0.004105303380415728,1.0
2425,244.57415501944286,0.004105303380415728,1.0
2426,244.57700319764626,0.004105303380415728,1.0
2427,244.58009369878934,0.004105303380415728,1.0
2428,244.58832287968949,0.004105303380415728,1.0
2429,244.6152402001162,0.004105303380415728,1.0
2430,244.65884598497323,0.004105303380415728,1.0
2431,244.70979872592125,0.004105303380415728,1.0
2432,244.73085804493678,0.004105303380415728,1.0
2433,244.95089196103226,0.004105303380415728,1.0
2434,245.64812921311625,0.004105303380415728,1.0
2435,246.62156738392125,0.004105303380415728,1.0
2436,247.65245259656362,0.004105303380415728,1.0
2437,248.38210365642144,0.004105303380415728,1.0
2438,248.5358799119234,0.004105303380415728,1.0
2439,248.57104655524589,0.004105303380415728,1.0
2440,248.6389507764355,0.004105303380415728,1.0
2441,248.7129201564133,0.004105303380415728,1.0
2442,248.76403603217992,0.004105303380415728,1.0
2443,248.83882669099305,0.004105303380415728,1.0
2444,248.90707378245824,0.004105303380415728,1.0
2445,248.9676855554063,0.004105303380415728,1.0
2446,249.0238628054578,0.004105303380415728,1.0
2447,249.14485779839518,0.004105303380415728,1.0
2448,249.1983309381128,0.004105303380415728,1.0
2449,249.22939987418061,0.004105303380415728,1.0
2450,249.2431980313432,0.004105303380415728,1.0
2451,249.2678866505872,0.004105303380415728,1.0
2452,249.28259989299724,0.004105303380415728,1.0
2453,249.3051421739172,0.004105303380415728,1.0
2454,249.33706195438344,0.004105303380415728,1.0
2455,249.35964518883296,0.004105303380415728,1.0
2456,249.38933337644778,0.004105303380415728,1.0
2457,249.4480877933201,0.004105303380415728,1.0
2458,249.49553159911437,0.004105303380415728,1.0
2459,249.4997808854749,0.004105303380415728,1.0
2460,249.47562521626458,0.004105303380415728,1.0
2461,249.45523052458248,0.004105303380415728,1.0
2462,249.43653456582308,0.004105303380415728,1.0
2463,249.41737055636085,0.004105303380415728,1.0
2464,249.40472627270978,0.004105303380415728,1.0
2465,249.39245654250698,0.004105303380415728,1.0
2466,249.38475638229386,0.004105303380415728,1.0
2467,249.3878294988165,0.004105303380415728,1.0
2468,249.39164348265282,0.004105303380415728,1.0
2469,249.4019079444178,0.004105303380415728,1.0
2470,249.43261598859698,0.004105303380415728,1.0
2471,249.4698684985069,0.004105303380415728,1.0
2472,249.48363301620327,0.004105303380415728,1.0
2473,249.48876953151645,0.004105303380415728,1.0
2474,249.49323869675447,0.004105303380415728,1.0
2475,249.49302692624656,0.004105303380415728,1.0
2476,249.50158687418207,0.004105303380415728,1.0
2477,249.52541125748394,0.004105303380415728,1.0
2478,249.57520343113708,0.004105303380415728,1.0
2479,249.61741991775082,0.004105303380415728,1.0
2480,249.61708455698226,0.004105303380415728,1.0
2481,249.61501524966278,0.004105303380415728,1.0
2482,249.67272209014732,0.004105303380415728,1.0
2483,249.65440386589427,0.004105303380415728,1.0
2484,249.63207379260652,0.004105303380415728,1.0
2485,249.60744993999194,0.004105303380415728,1.0
2486,249.59051370504292,0.004105303380415728,1.0
2487,249.5737260567388,0.004105303380415728,1.0
2488,249.56497256235667,0.004105303380415728,1.0
2489,249.56241066608797,0.004105303380415728,1.0
2490,249.56012443908074,0.004105303380415728,1.0
2491,249.5604103124933,0.004105303380415728,1.0
2492,249.5699251653012,0.004105303380415728,1.0
2493,249.57866848080252,0.004105303380415728,1.0
2494,249.58508158981766,0.004105303380415728,1.0
2495,249.58460408425347,0.004105303380415728,1.0
2496,249.58339832707594,0.004105303380415728,1.0
2497,249.58291306259045,0.004105303380415728,1.0
2498,249.58627111964984,0.004105303380415728,1.0
2499,249.5849967444994,0.004105303380415728,1.0
2500,249.59951166121724,0.004105303380415728,1.0
2501,249.6241329159995,0.004105303380415728,1.0
2502,249.69320626351612,0.004105303380415728,1.0
2503,249.72864272349264,0.004105303380415728,1.0
2504,249.74471352250043,0.004105303380415728,1.0
2505,249.74153112525966,0.004105303380415728,1.0
2506,249.73121537210858,0.004105303380415728,1.0
2507,249.94329657618755,0.004105303380415728,1.0
2508,250.25220897344673,0.004105303380415728,1.0
2509,250.64491428525153,0.004105303380415728,1.0
2510,251.09043348605192,0.004105303380415728,1.0
2511,251.24576687595342,0.004105303380415728,1.0
2512,251.30481803137522,0.004105303380415728,1.0
2513,251.3508779593019,0.004105303380415728,1.0
2514,251.37843978056807,0.004105303380415728,1.0
2515,251.40998626128084,0.004105303380415728,1.0
2516,251.45191287875488,0.004105303380415728,1.0
2517,251.49950483261753,0.004105303380415728,1.0
2518,251.54303221772628,0.004105303380415728,1.0
2519,251.5680006449261,0.004105303380415728,1.0
2520,251.590642197071,0.004105303380415728,1.0
2521,251.6157515181045,0.004105303380415728,1.0
2522,251.63026451016322,0.004105303380415728,1.0
2523,251.64934462670882,0.004105303380415728,1.0
2524,251.6676110892244,0.004105303380415728,1.0
2525,251.7185343272506,0.004105303380415728,1.0
2526,251.72756529317883,0.004105303380415728,1.0
2527,251.7420738149727,0.004105303380415728,1.0
2528,251.7418512418284,0.004105303380415728,1.0
2529,251.73455536321902,0.004105303380415728,1.0
2530,251.71783479338535,0.004105303380415728,1.0
2531,251.6995336706122,0.004105303380415728,1.0
2532,251.68048683478867,0.004105303380415728,1.0
2533,252.12086359751905,0.004105303380415728,1.0
2534,252.26009352052128,0.004105303380415728,1.0
2535,252.7081295583501,0.004105303380415728,1.0
2536,253.07087005190576,0.004105303380415728,1.0
2537,253.1382714066322,0.004105303380415728,1.0
2538,253.1820878724568,0.004105303380415728,1.0
2539,253.24072431578162,0.004105303380415728,1.0
2540,253.29233820670248,0.004105303380415728,1.0
2541,253.34072314462438,0.004105303380415728,1.0
2542,253.39884155433182,0.004105303380415728,1.0
2543,253.4363713696355,0.004105303380415728,1.0
2544,253.46670917055573,0.004105303380415728,1.0
2545,253.49027972307746,0.004105303380415728,1.0
2546,253.50291482793565,0.004105303380415728,1.0
2547,253.50928459409738,0.004105303380415728,1.0
2548,253.5145626029263,0.004105303380415728,1.0
2549,253.54773751013707,0.004105303380415728,1.0
2550,253.5942242816648,0.004105303380415728,1.0
2551,253.6414071194288,0.004105303380415728,1.0
2552,253.6386159991544,0.004105303380415728,1.0
2553,253.63378720671975,0.004105303380415728,1.0
2554,253.70197402235215,0.004105303380415728,1.0
2555,254.05588529001508,0.004105303380415728,1.0
2556,254.38771185924614,0.004105303380415728,1.0
2557,254.57037639614848,0.004105303380415728,1.0
2558,254.59074572347131,0.004105303380415728,1.0
2559,254.5802635305892,0.004105303380415728,1.0
2560,254.57855594798437,0.004105303380415728,1.0
2561,254.57520594041353,0.004105303380415728,1.0
2562,254.57318535914894,0.004105303380415728,1.0
2563,254.58045068735674,0.004105303380415728,1.0
2564,254.59037629167852,0.004105303380415728,1.0
2565,254.59497790618303,0.004105303380415728,1.0
2566,254.60374220940562,0.004105303380415728,1.0
2567,254.607505521841,0.004105303380415728,1.0
2568,254.60719440732655,0.004105303380415728,1.0
2569,254.61178881341274,0.004105303380415728,1.0
2570,254.61785935385004,0.004105303380415728,1.0
2571,254.61868078712155,0.004105303380415728,1.0
2572,254.62053341329047,0.004105303380415728,1.0
2573,254.62125751147676,0.004105303380415728,1.0
2574,254.6365455651088,0.004105303380415728,1.0
2575,254.66940175097542,0.004105303380415728,1.0
2576,254.69468637631564,0.004105303380415728,1.0
2577,254.7259744625233,0.004105303380415728,1.0
2578,254.7207486195587,0.004105303380415728,1.0
2579,254.71214497285473,0.004105303380415728,1.0
2580,254.6944345593275,0.004105303380415728,1.0
2581,254.66733730699474,0.004105303380415728,1.0
2582,254.64203095504024,0.004105303380415728,1.0
2583,254.61457855109964,0.004105303380415728,1.0
2584,254.59626456457167,0.004105303380415728,1.0
2585,254.58285472225265,0.004105303380415728,1.0
2586,254.57122701213328,0.004105303380415728,1.0
2587,254.56181004752585,0.004105303380415728,1.0
2588,254.55518524008406,0.004105303380415728,1.0
2589,254.55018519387215,0.004105303380415728,1.0
2590,254.54798913091815,0.004105303380415728,1.0
2591,254.5471202353545,0.004105303380415728,1.0
2592,254.54581344831362,0.004105303380415728,1.0
2593,254.54498813808138,0.004105303380415728,1.0
2594,254.54253492094185,0.004105303380415728,1.0
2595,254.53960995530613,0.004105303380415728,1.0
2596,254.53735017792437,0.004105303380415728,1.0
2597,254.53717348396603,0.004105303380415728,1.0
2598,254.5369276583927,0.004105303380415728,1.0
2599,254.56391421597513,0.004105303380415728,1.0
2600,254.56303655286064,0.004105303380415728,1.0
2601,254.56146706025595,0.004105303380415728,1.0
2602,254.54585275816336,0.004105303380415728,1.0
2603,254.52137448231494,0.004105303380415728,1.0
2604,254.50067076121755,0.004105303380415728,1.0
2605,254.4751630453522,0.004105303380415728,1.0
2606,254.44800013540515,0.004105303380415728,1.0
2607,254.4262699725122,0.004105303380415728,1.0
2608,254.41336427737264,0.004105303380415728,1.0
2609,254.4034415444338,0.004105303380415728,1.0
2610,254.39436781497406,0.004105303380415728,1.0
2611,254.3859002928639,0.004105303380415728,1.0
2612,254.3812085640128,0.004105303380415728,1.0
2613,254.37664610059053,0.004105303380415728,1.0
2614,254.3735887983784,0.004105303380415728,1.0
2615,254.37098893648638,0.004105303380415728,1.0
2616,254.36846337387288,0.004105303380415728,1.0
2617,254.36770031870395,0.004105303380415728,1.0
2618,254.36717747219328,0.004105303380415728,1.0
2619,254.36572383356662,0.004105303380415728,1.0
2620,254.36471033804366,0.004105303380415728,1.0
2621,254.37273532439733,0.004105303380415728,1.0
2622,254.38973475936314,0.004105303380415728,1.0
2623,254.40111376501625,0.004105303380415728,1.0
2624,254.39945860309024,0.004105303380415728,1.0
2625,254.3983111070508,0.004105303380415728,1.0
2626,254.4067025713507,0.004105303380415728,1.0
2627,254.8035586489837,0.004105303380415728,1.0
2628,255.13862430632153,0.004105303380415728,1.0
2629,255.2726052723671,0.004105303380415728,1.0
2630,255.3122693720746,0.004105303380415728,1.0
2631,255.35725596334544,0.004105303380415728,1.0
2632,255.504152942624,0.004105303380415728,1.0
2633,255.56455140367157,0.004105303380415728,1.0
2634,255.57544481266984,0.004105303380415728,1.0
2635,255.59942794775733,0.004105303380415728,1.0
2636,255.62612072814568,0.004105303380415728,1.0
2637,255.64964742566696,0.004105303380415728,1.0
2638,255.6728762322897,0.004105303380415728,1.0
2639,255.69444491422158,0.004105303380415728,1.0
2640,255.71229177925485,0.004105303380415728,1.0
2641,255.72883184956925,0.004105303380415728,1.0
2642,255.73381624406673,0.004105303380415728,1.0
2643,255.73685951854986,0.004105303380415728,1.0
2644,255.74424384096537,0.004105303380415728,1.0
2645,255.76042423417422,0.004105303380415728,1.0
2646,255.76902318836372,0.004105303380415728,1.0
2647,255.80374150076977,0.004105303380415728,1.0
2648,255.86972075572493,0.004105303380415728,1.0
2649,255.89867746965842,0.004105303380415728,1.0
2650,255.88715134421528,0.004105303380415728,1.0
2651,255.86225675209047,0.004105303380415728,1.0
2652,255.84214996623768,0.004105303380415728,1.0
2653,256.4541192228911,0.004105303380415728,1.0
2654,256.6210975323998,0.004105303380415728,1.0
2655,256.6234886234313,0.004105303380415728,1.0
2656,256.64920437710197,0.004105303380415728,1.0
2657,256.662677573024,0.004105303380415728,1.0
2658,256.66057100480157,0.004105303380415728,1.0
2659,256.6592231125277,0.004105303380415728,1.0
2660,256.65917429203887,0.004105303380415728,1.0
2661,256.6665382218983,0.004105303380415728,1.0
2662,256.68296756122726,0.004105303380415728,1.0
2663,256.6933594675769,0.004105303380415728,1.0
2664,256.6975257065288,0.004105303380415728,1.0
2665,256.69958952409604,0.004105303380415728,1.0
2666,256.7056902187027,0.004105303380415728,1.0
2667,256.7237155865514,0.004105303380415728,1.0
2668,256.7355117326067,0.004105303380415728,1.0
2669,256.786747147911,0.004105303380415728,1.0
2670,256.8358715718956,0.004105303380415728,1.0
2671,256.89902820297954,0.004105303380415728,1.0
2672,256.89106933924467,0.004105303380415728,1.0
2673,256.89104187485117,0.004105303380415728,1.0
2674,256.8811832218009,0.004105303380415728,1.0
2675,256.8798613168789,0.004105303380415728,1.0
2676,257.00588701263257,0.004105303380415728,1.0
2677,257.49822221667904,0.004105303380415728,1.0
2678,257.8974169137723,0.004105303380415728,1.0
2679,258.0004897839731,0.004105303380415728,1.0
2680,258.05915816007916,0.004105303380415728,1.0
2681,258.09200776235133,0.004105303380415728,1.0
2682,258.1003648345956,0.004105303380415728,1.0
2683,258.11986985040363,0.004105303380415728,1.0
2684,258.1366819671606,0.004105303380415728,1.0
2685,258.1541910757274,0.004105303380415728,1.0
2686,258.16958187631315,0.004105303380415728,1.0
2687,258.1969667160608,0.004105303380415728,1.0
2688,258.2100446052773,0.004105303380415728,1.0
2689,258.22445086058076,0.004105303380415728,1.0
2690,258.23930652214955,0.004105303380415728,1.0
2691,258.24358075509326,0.004105303380415728,1.0
2692,258.278966747678,0.004105303380415728,1.0
2693,258.3354194059562,0.004105303380415728,1.0
2694,258.34700146237486,0.004105303380415728,1.0
2695,258.3592534263335,0.004105303380415728,1.0
2696,258.3551982250782,0.004105303380415728,1.0
2697,258.3473048373925,0.004105303380415728,1.0
2698,258.33149241698067,0.004105303380415728,1.0
2699,258.31105363627,0.004105303380415728,1.0
2700,258.28765901066856,0.004105303380415728,1.0
2701,258.7205150634483,0.004105303380415728,1.0
2702,258.8393272422019,0.004105303380415728,1.0
2703,259.3119279270627,0.004105303380415728,1.0
2704,259.62216111117357,0.004105303380415728,1.0
2705,259.6891492464011,0.004105303380415728,1.0
2706,259.7258896270902,0.004105303380415728,1.0
2707,259.8197560502084,0.004105303380415728,1.0
2708,259.8805629772657,0.004105303380415728,1.0
2709,259.9628746788561,0.004105303380415728,1.0
2710,260.035506260852,0.004105303380415728,1.0
2711,260.09982979784075,0.004105303380415728,1.0
2712,260.13914869610363,0.004105303380415728,1.0
2713,260.1748317782122,0.004105303380415728,1.0
2714,260.19885038199175,0.004105303380415728,1.0
2715,260.22378143063037,0.004105303380415728,1.0
2716,260.2397347962154,0.004105303380415728,1.0
2717,260.26374089113136,0.004105303380415728,1.0
2718,260.31504855940705,0.004105303380415728,1.0
2719,260.36845745250184,0.004105303380415728,1.0
2720,260.3680379983558,0.004105303380415728,1.0
2721,260.40026919476713,0.004105303380415728,1.0
2722,260.5063110280996,0.004105303380415728,1.0
2723,260.9428790415782,0.004105303380415728,1.0
2724,261.33004868994703,0.004105303380415728,1.0
2725,261.51085837528325,0.004105303380415728,1.0
2726,261.53517397322656,0.004105303380415728,1.0
2727,261.5245733798803,0.004105303380415728,1.0
2728,261.5227278384322,0.004105303380415728,1.0
2729,261.5190375696291,0.004105303380415728,1.0
2730,261.51673844617494,0.004105303380415728,1.0
2731,261.5272364902566,0.004105303380415728,1.0
2732,261.544133648107,0.004105303380415728,1.0
2733,261.56648821738463,0.004105303380415728,1.0
2734,261.58807964398454,0.004105303380415728,1.0
2735,261.61411819941515,0.004105303380415728,1.0
2736,261.64263595479656,0.004105303380415728,1.0
2737,261.6634824057032,0.004105303380415728,1.0
2738,261.672181896251,0.004105303380415728,1.0
2739,261.6718600898676,0.004105303380415728,1.0
2740,261.678248608065,0.004105303380415728,1.0
2741,261.68939456329326,0.004105303380415728,1.0
2742,261.70247436329106,0.004105303380415728,1.0
2743,261.7319160933566,0.004105303380415728,1.0
2744,261.7492399474677,0.004105303380415728,1.0
2745,261.74732700235415,0.004105303380415728,1.0
2746,261.7329479807385,0.004105303380415728,1.0
2747,261.7088983048064,0.004105303380415728,1.0
2748,261.67952016907344,0.004105303380415728,1.0
2749,261.65395778508366,0.004105303380415728,1.0
2750,261.63040890061285,0.004105303380415728,1.0
2751,261.6092045839686,0.004105303380415728,1.0
2752,261.5951100083572,0.004105303380415728,1.0
2753,261.5820561525842,0.004105303380415728,1.0
2754,261.57289107393433,0.004105303380415728,1.0
2755,261.5684350383533,0.004105303380415728,1.0
2756,261.57233112954196,0.004105303380415728,1.0
2757,261.5814019286308,0.004105303380415728,1.0
2758,261.5869284441842,0.004105303380415728,1.0
2759,261.6071515253145,0.004105303380415728,1.0
2760,261.6207070600111,0.004105303380415728,1.0
2761,261.62025059524905,0.004105303380415728,1.0
2762,261.61980737413626,0.004105303380415728,1.0
2763,261.618986391765,0.004105303380415728,1.0
2764,261.61729461112134,0.004105303380415728,1.0
2765,261.6308220648023,0.004105303380415728,1.0
2766,261.64141091364877,0.004105303380415728,1.0
2767,261.6623533978161,0.004105303380415728,1.0
2768,261.6885748740872,0.004105303380415728,1.0
2769,261.72236232305096,0.004105303380415728,1.0
2770,261.7183070802729,0.004105303380415728,1.0
2771,261.7134816643069,0.004105303380415728,1.0
2772,261.7012180708109,0.004105303380415728,1.0
2773,261.6777227551931,0.004105303380415728,1.0
2774,261.658290602729,0.004105303380415728,1.0
2775,261.6431060479746,0.004105303380415728,1.0
2776,261.63120688796,0.004105303380415728,1.0
2777,261.61538635267976,0.004105303380415728,1.0
2778,261.60540827436824,0.004105303380415728,1.0
2779,261.60593695776134,0.004105303380415728,1.0
2780,261.60487970186324,0.004105303380415728,1.0
2781,261.6204982961898,0.004105303380415728,1.0
2782,261.6419364467656,0.004105303380415728,1.0
2783,261.65470521273073,0.004105303380415728,1.0
2784,261.6566371523758,0.004105303380415728,1.0
2785,261.6560429883277,0.004105303380415728,1.0
2786,261.65510050828294,0.004105303380415728,1.0
2787,261.6544195498756,0.004105303380415728,1.0
2788,261.6659054267457,0.004105303380415728,1.0
2789,261.68871547892667,0.004105303380415728,1.0
2790,261.72111657447374,0.004105303380415728,1.0
2791,261.7734232307147,0.004105303380415728,1.0
2792,261.77094616947375,0.004105303380415728,1.0
2793,261.76431003003347,0.004105303380415728,1.0
2794,261.75541814443847,0.004105303380415728,1.0
2795,261.74828231755464,0.004105303380415728,1.0
2796,262.1560281497286,0.004105303380415728,1.0
2797,262.7353392712537,0.004105303380415728,1.0
2798,263.0854518818024,0.004105303380415728,1.0
2799,263.1875218779911,0.004105303380415728,1.0
2800,263.2493529062648,0.004105303380415728,1.0
2801,263.2709518586319,0.004105303380415728,1.0
2802,263.2805454284066,0.004105303380415728,1.0
2803,263.3262108058208,0.004105303380415728,1.0
2804,263.3770706791729,0.004105303380415728,1.0
2805,263.43721177213024,0.004105303380415728,1.0
2806,263.4866590710529,0.004105303380415728,1.0
2807,263.52560338859047,0.004105303380415728,1.0
2808,263.5630132598368,0.004105303380415728,1.0
2809,263.57831364176036,0.004105303380415728,1.0
2810,263.586268118836,0.004105303380415728,1.0
2811,263.5882988536884,0.004105303380415728,1.0
2812,263.5881529921602,0.004105303380415728,1.0
2813,263.59958096606886,0.004105303380415728,1.0
2814,263.6260883078834,0.004105303380415728,1.0
2815,263.6426929221704,0.004105303380415728,1.0
2816,263.6526808736986,0.004105303380415728,1.0
2817,263.65045926541654,0.004105303380415728,1.0
2818,263.6433291366012,0.004105303380415728,1.0
2819,263.63161257217763,0.004105303380415728,1.0
2820,263.61282402871745,0.004105303380415728,1.0
2821,263.58718158973915,0.004105303380415728,1.0
2822,263.5658437099042,0.004105303380415728,1.0
2823,263.5452833643414,0.004105303380415728,1.0
2824,263.52823514505104,0.004105303380415728,1.0
2825,263.51740912249846,0.004105303380415728,1.0
2826,263.5038031228229,0.004105303380415728,1.0
2827,263.49937931896676,0.004105303380415728,1.0
2828,263.49897367473955,0.004105303380415728,1.0
2829,263.5092941501003,0.004105303380415728,1.0
2830,263.54850804298974,0.004105303380415728,1.0
2831,263.5749619399549,0.004105303380415728,1.0
2832,263.59743977619115,0.004105303380415728,1.0
2833,263.6024270521166,0.004105303380415728,1.0
2834,263.6069612659754,0.004105303380415728,1.0
2835,263.61001823264905,0.004105303380415728,1.0
2836,263.62846240949085,0.004105303380415728,1.0
2837,263.67533941290753,0.004105303380415728,1.0
2838,263.71425946416684,0.004105303380415728,1.0
2839,263.7478658901211,0.004105303380415728,1.0
2840,263.7462683243234,0.004105303380415728,1.0
2841,264.05543912326976,0.004105303380415728,1.0
2842,264.0799250655589,0.004105303380415728,1.0
2843,264.0723502706579,0.004105303380415728,1.0
2844,264.0575630068507,0.004105303380415728,1.0
2845,264.0508649270958,0.004105303380415728,1.0
2846,264.0400871581281,0.004105303380415728,1.0
2847,264.0243958695054,0.004105303380415728,1.0
2848,264.0167824223185,0.004105303380415728,1.0
2849,264.00448636165817,0.004105303380415728,1.0
2850,263.998628379538,0.004105303380415728,1.0
2851,263.9972838596478,0.004105303380415728,1.0
2852,264.00285546861124,0.004105303380415728,1.0
2853,264.00968559507845,0.004105303380415728,1.0
2854,264.02583421065106,0.004105303380415728,1.0
2855,264.04907948910125,0.004105303380415728,1.0
2856,264.060526376254,0.004105303380415728,1.0
2857,264.0616050793397,0.004105303380415728,1.0
2858,264.0647322495627,0.004105303380415728,1.0
2859,264.06400854906593,0.004105303380415728,1.0
2860,264.062028402139,0.004105303380415728,1.0
2861,264.07733413295796,0.004105303380415728,1.0
2862,264.11122942791246,0.004105303380415728,1.0
2863,264.1687001781897,0.004105303380415728,1.0
2864,264.1725027353594,0.004105303380415728,1.0
2865,264.1845168019605,0.004105303380415728,1.0
2866,264.18431242333594,0.004105303380415728,1.0
2867,264.18227074085206,0.004105303380415728,1.0
2868,264.17184131450364,0.004105303380415728,1.0
2869,264.14833784420813,0.004105303380415728,1.0
2870,264.12970142868136,0.004105303380415728,1.0
2871,264.1064059766025,0.004105303380415728,1.0
2872,264.09281048259584,0.004105303380415728,1.0
2873,264.0817810430672,0.004105303380415728,1.0
2874,264.07128841142054,0.004105303380415728,1.0
2875,264.0670393279807,0.004105303380415728,1.0
2876,264.0835641775133,0.004105303380415728,1.0
2877,264.0966466008424,0.004105303380415728,1.0
2878,264.10731565973725,0.004105303380415728,1.0
2879,264.12653977897014,0.004105303380415728,1.0
2880,264.137209031766,0.004105303380415728,1.0
2881,264.14837112260574,0.004105303380415728,1.0
2882,264.1485642354726,0.004105303380415728,1.0
2883,264.1477976670656,0.004105303380415728,1.0
2884,264.1520547625862,0.004105303380415728,1.0
2885,264.17658283423316,0.004105303380415728,1.0
2886,264.2082852926533,0.004105303380415728,1.0
2887,264.2428627244543,0.004105303380415728,1.0
2888,264.25876301538216,0.004105303380415728,1.0
2889,264.25834690843175,0.004105303380415728,1.0
2890,264.24848584981754,0.004105303380415728,1.0
2891,264.2311491203738,0.004105303380415728,1.0
2892,264.20727723854185,0.004105303380415728,1.0
2893,264.1925129287992,0.004105303380415728,1.0
2894,264.1679370618001,0.004105303380415728,1.0
2895,264.1435437685341,0.004105303380415728,1.0
2896,264.1343753608958,0.004105303380415728,1.0
2897,264.1257377400422,0.004105303380415728,1.0
2898,264.116546471452,0.004105303380415728,1.0
2899,264.1259625631098,0.004105303380415728,1.0
2900,264.1361369500121,0.004105303380415728,1.0
2901,264.1639074355452,0.004105303380415728,1.0
2902,264.19079838114703,0.004105303380415728,1.0
2903,264.2121719972664,0.004105303380415728,1.0
2904,264.23372359305307,0.004105303380415728,1.0
2905,264.2374238848759,0.004105303380415728,1.0
2906,264.2416398869919,0.004105303380415728,1.0
2907,264.2504120655674,0.004105303380415728,1.0
2908,264.26847971749777,0.004105303380415728,1.0
2909,264.30040141758076,0.004105303380415728,1.0
2910,264.34688426231736,0.004105303380415728,1.0
2911,264.3846740016057,0.004105303380415728,1.0
2912,264.3836731602058,0.004105303380415728,1.0
2913,264.38879673476873,0.004105303380415728,1.0
2914,264.5619631299644,0.004105303380415728,1.0
2915,265.03660098997045,0.004105303380415728,1.0
2916,265.05300071544644,0.004105303380415728,1.0
2917,265.28227432561283,0.004105303380415728,1.0
2918,265.3453756308504,0.004105303380415728,1.0
2919,265.3407434358014,0.004105303380415728,1.0
2920,265.3392396816157,0.004105303380415728,1.0
2921,265.3378000625056,0.004105303380415728,1.0
2922,265.3400739311141,0.004105303380415728,1.0
2923,265.3700411212231,0.004105303380415728,1.0
2924,265.41122123886345,0.004105303380415728,1.0
2925,265.4404534737609,0.004105303380415728,1.0
2926,265.47466206103616,0.004105303380415728,1.0
2927,265.5148807380814,0.004105303380415728,1.0
2928,265.5309781804223,0.004105303380415728,1.0
2929,265.54232275170057,0.004105303380415728,1.0
2930,265.5466059098177,0.004105303380415728,1.0
2931,265.54988949860814,0.004105303380415728,1.0
2932,265.5725659180368,0.004105303380415728,1.0
2933,265.5772197715335,0.004105303380415728,1.0
2934,265.5950610826421,0.004105303380415728,1.0
2935,265.6517503296181,0.004105303380415728,1.0
2936,265.7224709154163,0.004105303380415728,1.0
2937,265.9669589380805,0.004105303380415728,1.0
2938,266.5498588553948,0.004105303380415728,1.0
2939,266.7014666253654,0.004105303380415728,1.0
2940,266.74355633734984,0.004105303380415728,1.0
2941,266.737833032294,0.004105303380415728,1.0
2942,266.7361388297225,0.004105303380415728,1.0
2943,266.7301722969786,0.004105303380415728,1.0
2944,266.7268915837376,0.004105303380415728,1.0
2945,266.72336708828215,0.004105303380415728,1.0
2946,266.72069459656217,0.004105303380415728,1.0
2947,266.7311479987649,0.004105303380415728,1.0
2948,266.74785925828473,0.004105303380415728,1.0
2949,266.76475129979116,0.004105303380415728,1.0
2950,266.7836865030989,0.004105303380415728,1.0
2951,266.7978294023331,0.004105303380415728,1.0
2952,266.8127116061864,0.004105303380415728,1.0
2953,266.8190088018905,0.004105303380415728,1.0
2954,266.82092103494614,0.004105303380415728,1.0
2955,266.83130507645205,0.004105303380415728,1.0
2956,266.8416244251497,0.004105303380415728,1.0
2957,266.8405947636127,0.004105303380415728,1.0
2958,266.87831249833175,0.004105303380415728,1.0
2959,266.9039750453262,0.004105303380415728,1.0
2960,266.93267243321253,0.004105303380415728,1.0
2961,266.93044294990233,0.004105303380415728,1.0
2962,266.91506975947505,0.004105303380415728,1.0
2963,266.8968439631295,0.004105303380415728,1.0
2964,266.8697450486675,0.004105303380415728,1.0
2965,266.8459378833387,0.004105303380415728,1.0
2966,266.8283261713742,0.004105303380415728,1.0
2967,266.81140623324103,0.004105303380415728,1.0
2968,266.7987955275302,0.004105303380415728,1.0
2969,266.7893821128198,0.004105303380415728,1.0
2970,266.7827818065408,0.004105303380415728,1.0
2971,266.78051773325274,0.004105303380415728,1.0
2972,266.7850490348559,0.004105303380415728,1.0
2973,266.80546127612286,0.004105303380415728,1.0
2974,266.82940722121407,0.004105303380415728,1.0
2975,266.86859877931295,0.004105303380415728,1.0
2976,266.89286562407705,0.004105303380415728,1.0
2977,266.89642077639206,0.004105303380415728,1.0
2978,266.89533416783587,0.004105303380415728,1.0
2979,266.8974424269551,0.004105303380415728,1.0
2980,266.91475364353585,0.004105303380415728,1.0
2981,266.9566469245896,0.004105303380415728,1.0
2982,267.0070371402543,0.004105303380415728,1.0
2983,267.0432751446512,0.004105303380415728,1.0
2984,267.1116571017268,0.004105303380415728,1.0
2985,267.1796668689973,0.004105303380415728,1.0
2986,267.25758509772476,0.004105303380415728,1.0
2987,268.055548049469,0.004105303380415728,1.0
2988,268.40583601849227,0.004105303380415728,1.0
2989,268.5573853863818,0.004105303380415728,1.0
2990,268.6625239229622,0.004105303380415728,1.0
2991,268.8463462762474,0.004105303380415728,1.0
2992,269.4419115776715,0.004105303380415728,1.0
2993,269.84929357450295,0.004105303380415728,1.0
2994,269.9535636246838,0.004105303380415728,1.0
2995,270.03417622387315,0.004105303380415728,1.0
2996,270.11784455406485,0.004105303380415728,1.0
2997,270.20417403736053,0.004105303380415728,1.0
2998,270.27001052383054,0.004105303380415728,1.0
2999,270.32512086643317,0.004105303380415728,1.0
3000,270.36745789488504,0.004105303380415728,1.0
3001,270.39593298453684,0.004105303380415728,1.0
3002,270.4210809791558,0.004105303380415728,1.0
3003,270.439667349446,0.004105303380415728,1.0
3004,270.45758010721,0.004105303380415728,1.0
3005,270.48119490446635,0.004105303380415728,1.0
3006,270.49260999607435,0.004105303380415728,1.0
3007,270.5322445983451,0.004105303380415728,1.0
3008,270.56602400525617,0.004105303380415728,1.0
3009,270.66747425245995,0.004105303380415728,1.0
3010,270.6730802853272,0.004105303380415728,1.0
3011,270.8182234941052,0.004105303380415728,1.0
3012,270.81125396560464,0.004105303380415728,1.0
3013,270.8385062903796,0.004105303380415728,1.0
3014,270.9009332943562,0.004105303380415728,1.0
3015,270.91003781771064,0.004105303380415728,1.0
3016,271.11527654926255,0.004105303380415728,1.0
3017,271.2990928129627,0.004105303380415728,1.0
3018,271.33984487624576,0.004105303380415728,1.0
3019,271.38304982714345,0.004105303380415728,1.0
3020,271.43993222288293,0.004105303380415728,1.0
3021,271.5047875650344,0.004105303380415728,1.0
3022,271.5622234716756,0.004105303380415728,1.0
3023,271.61290497812234,0.004105303380415728,1.0
3024,271.6455865014119,0.004105303380415728,1.0
3025,271.66436969290095,0.004105303380415728,1.0
3026,271.67656074868955,0.004105303380415728,1.0
3027,271.6937168473395,0.004105303380415728,1.0
3028,271.7196469059225,0.004105303380415728,1.0
3029,271.7674332657488,0.004105303380415728,1.0
3030,271.78032113386354,0.004105303380415728,1.0
3031,272.31486029141496,0.004105303380415728,1.0
3032,272.7047085691336,0.004105303380415728,1.0
3033,272.81992244931456,0.004105303380415728,1.0
3034,272.8835537697312,0.004105303380415728,1.0
3035,272.91722199323226,0.004105303380415728,1.0
3036,272.95228030817435,0.004105303380415728,1.0
3037,272.95366950853423,0.004105303380415728,1.0
3038,272.97236934556764,0.004105303380415728,1.0
3039,272.97109242308744,0.004105303380415728,1.0
3040,272.9643728649437,0.004105303380415728,1.0
3041,272.9570722982397,0.004105303380415728,1.0
3042,272.9528000037949,0.004105303380415728,1.0
3043,272.9749580488428,0.004105303380415728,1.0
3044,273.02389392533007,0.004105303380415728,1.0
3045,273.0545928878236,0.004105303380415728,1.0
3046,273.07793716140304,0.004105303380415728,1.0
3047,273.1064081188219,0.004105303380415728,1.0
3048,273.12289509930656,0.004105303380415728,1.0
3049,273.14512733189173,0.004105303380415728,1.0
3050,273.16553852158495,0.004105303380415728,1.0
3051,273.1729991375548,0.004105303380415728,1.0
3052,273.20158959796464,0.004105303380415728,1.0
3053,273.2381295291988,0.004105303380415728,1.0
3054,273.27355105423334,0.004105303380415728,1.0
3055,273.2892237341337,0.004105303380415728,1.0
3056,273.28809163764276,0.004105303380415728,1.0
3057,273.28985967842533,0.004105303380415728,1.0
3058,273.2808594459823,0.004105303380415728,1.0
3059,273.2623971076205,0.004105303380415728,1.0
3060,273.2398280126756,0.004105303380415728,1.0
3061,273.2187895940788,0.004105303380415728,1.0
3062,273.2910592345179,0.004105303380415728,1.0
3063,273.2783051847423,0.004105303380415728,1.0
3064,273.2743173067192,0.004105303380415728,1.0
3065,273.2710984323,0.004105303380415728,1.0
3066,273.26568076342227,0.004105303380415728,1.0
3067,273.27524128217254,0.004105303380415728,1.0
3068,273.2833881559143,0.004105303380415728,1.0
3069,273.3279982463308,0.004105303380415728,1.0
3070,273.35021594548135,0.004105303380415728,1.0
3071,273.36692339951776,0.004105303380415728,1.0
3072,273.3746460101735,0.004105303380415728,1.0
3073,273.3730912832579,0.004105303380415728,1.0
3074,273.37267164614804,0.004105303380415728,1.0
3075,273.3733239135704,0.004105303380415728,1.0
3076,273.39334103519025,0.004105303380415728,1.0
3077,273.4265620271968,0.004105303380415728,1.0
3078,273.4770957668135,0.004105303380415728,1.0
3079,273.5020281125001,0.004105303380415728,1.0
3080,273.4983933679941,0.004105303380415728,1.0
3081,273.48908652029377,0.004105303380415728,1.0
3082,273.4813743914915,0.004105303380415728,1.0
3083,273.47427975433925,0.004105303380415728,1.0
3084,273.46909550018705,0.004105303380415728,1.0
3085,273.4514251632679,0.004105303380415728,1.0
3086,273.4376953471951,0.004105303380415728,1.0
3087,273.4276372285083,0.004105303380415728,1.0
3088,273.42250653390585,0.004105303380415728,1.0
3089,273.4203354668792,0.004105303380415728,1.0
3090,273.413325526918,0.004105303380415728,1.0
3091,273.43377158610735,0.004105303380415728,1.0
3092,273.46196436536,0.004105303380415728,1.0
3093,273.4769651527472,0.004105303380415728,1.0
3094,273.5024535085893,0.004105303380415728,1.0
3095,273.53338287477163,0.004105303380415728,1.0
3096,273.5751724821205,0.004105303380415728,1.0
3097,273.58461641555044,0.004105303380415728,1.0
3098,273.58436069963284,0.004105303380415728,1.0
3099,273.587034472131,0.004105303380415728,1.0
3100,273.59611144530686,0.004105303380415728,1.0
3101,273.6165558983695,0.004105303380415728,1.0
3102,273.6420371856822,0.004105303380415728,1.0
3103,273.6522975170032,0.004105303380415728,1.0
3104,273.6628968952665,0.004105303380415728,1.0
3105,273.66203977187735,0.004105303380415728,1.0
3106,273.65435620749065,0.004105303380415728,1.0
3107,273.6440983159338,0.004105303380415728,1.0
3108,273.64903592039843,0.004105303380415728,1.0
3109,273.6444694590589,0.004105303380415728,1.0
3110,273.63979955653576,0.004105303380415728,1.0
3111,273.6353128182718,0.004105303380415728,1.0
3112,273.63006901625755,0.004105303380415728,1.0
3113,273.6253519870453,0.004105303380415728,1.0
3114,273.62152887275016,0.004105303380415728,1.0
3115,273.63312107546557,0.004105303380415728,1.0
3116,273.65279904831294,0.004105303380415728,1.0
3117,273.6804363864509,0.004105303380415728,1.0
3118,273.7189532057064,0.004105303380415728,1.0
3119,273.75654255860024,0.004105303380415728,1.0
3120,273.7877300041239,0.004105303380415728,1.0
3121,273.7960597356564,0.004105303380415728,1.0
3122,273.7972614152038,0.004105303380415728,1.0
3123,273.79698120634475,0.004105303380415728,1.0
3124,273.8058275170546,0.004105303380415728,1.0
3125,273.8402367710144,0.004105303380415728,1.0
3126,273.8735362358142,0.004105303380415728,1.0
3127,273.87852227384303,0.004105303380415728,1.0
3128,273.8786667305252,0.004105303380415728,1.0
3129,273.87814779101404,0.004105303380415728,1.0
3130,274.067578473732,0.004105303380415728,1.0
3131,274.50162251257177,0.004105303380415728,1.0
3132,274.7897914825384,0.004105303380415728,1.0
3133,274.80568900765616,0.004105303380415728,1.0
3134,274.81113743940665,0.004105303380415728,1.0
3135,274.8148603380047,0.004105303380415728,1.0
3136,274.84045265016334,0.004105303380415728,1.0
3137,274.85624910166285,0.004105303380415728,1.0
3138,274.9153476516865,0.004105303380415728,1.0
3139,274.9858049909152,0.004105303380415728,1.0
3140,275.0342056568565,0.004105303380415728,1.0
3141,275.0749149773136,0.004105303380415728,1.0
3142,275.14372546168374,0.004105303380415728,1.0
3143,275.20893927573366,0.004105303380415728,1.0
3144,275.2439624044593,0.004105303380415728,1.0
3145,275.25761584233504,0.004105303380415728,1.0
3146,275.25908936795724,0.004105303380415728,1.0
3147,275.26236021953514,0.004105303380415728,1.0
3148,275.284664756051,0.004105303380415728,1.0
3149,275.29943346324177,0.004105303380415728,1.0
3150,275.320630471853,0.004105303380415728,1.0
3151,275.3335283790843,0.004105303380415728,1.0
3152,275.3742789215974,0.004105303380415728,1.0
3153,275.40832007468913,0.004105303380415728,1.0
3154,275.40119407816275,0.004105303380415728,1.0
3155,275.38122147026326,0.004105303380415728,1.0
3156,275.3632697076597,0.004105303380415728,1.0
3157,275.36146633737616,0.004105303380415728,1.0
3158,275.35170653869454,0.004105303380415728,1.0
3159,275.33923863789516,0.004105303380415728,1.0
3160,275.3232653781457,0.004105303380415728,1.0
3161,275.3123023282375,0.004105303380415728,1.0
3162,275.30480910377804,0.004105303380415728,1.0
3163,275.3031958668448,0.004105303380415728,1.0
3164,275.30736436476315,0.004105303380415728,1.0
3165,275.3197653788011,0.004105303380415728,1.0
3166,275.33469852270184,0.004105303380415728,1.0
3167,275.4033206981456,0.004105303380415728,1.0
3168,275.42276831380485,0.004105303380415728,1.0
3169,275.43463007989834,0.004105303380415728,1.0
3170,275.43658927613626,0.004105303380415728,1.0
3171,275.4412170626777,0.004105303380415728,1.0
3172,275.46058576699227,0.004105303380415728,1.0
3173,275.5010360290119,0.004105303380415728,1.0
3174,275.5425206887446,0.004105303380415728,1.0
3175,275.5763239765444,0.004105303380415728,1.0
3176,275.58100203951443,0.004105303380415728,1.0
3177,275.57458141587114,0.004105303380415728,1.0
3178,275.7627854302988,0.004105303380415728,1.0
3179,276.0709075330501,0.004105303380415728,1.0
3180,276.423808396299,0.004105303380415728,1.0
3181,276.8329366055007,0.004105303380415728,1.0
3182,277.10785340380187,0.004105303380415728,1.0
3183,277.14810608171615,0.004105303380415728,1.0
3184,277.1844654662297,0.004105303380415728,1.0
3185,277.2098872582314,0.004105303380415728,1.0
3186,277.2394263436619,0.004105303380415728,1.0
3187,277.2876404753684,0.004105303380415728,1.0
3188,277.3305175483597,0.004105303380415728,1.0
3189,277.3811822040085,0.004105303380415728,1.0
3190,277.41435094804683,0.004105303380415728,1.0
3191,277.4468217548561,0.004105303380415728,1.0
3192,277.4627181454005,0.004105303380415728,1.0
3193,277.4730450989788,0.004105303380415728,1.0
3194,277.47786199608237,0.004105303380415728,1.0
3195,277.4815190732506,0.004105303380415728,1.0
3196,277.4815122212762,0.004105303380415728,1.0
3197,277.48496323603996,0.004105303380415728,1.0
3198,277.5124800877811,0.004105303380415728,1.0
3199,277.5418738842987,0.004105303380415728,1.0
3200,277.5463673914936,0.004105303380415728,1.0
3201,277.54151549550414,0.004105303380415728,1.0
3202,277.5266016745273,0.004105303380415728,1.0
3203,277.50852124742056,0.004105303380415728,1.0
3204,277.4810153707803,0.004105303380415728,1.0
3205,277.47110238243323,0.004105303380415728,1.0
3206,277.45266250961436,0.004105303380415728,1.0
3207,277.4372117818172,0.004105303380415728,1.0
3208,277.4304725097904,0.004105303380415728,1.0
3209,277.4225157408142,0.004105303380415728,1.0
3210,277.41655517787996,0.004105303380415728,1.0
3211,277.416074118381,0.004105303380415728,1.0
3212,277.4239482318423,0.004105303380415728,1.0
3213,277.4476562302656,0.004105303380415728,1.0
3214,277.493718556248,0.004105303380415728,1.0
3215,277.544584962986,0.004105303380415728,1.0
3216,277.5680546658273,0.004105303380415728,1.0
3217,277.5946018712757,0.004105303380415728,1.0
3218,277.61097301530504,0.004105303380415728,1.0
3219,277.61232728328605,0.004105303380415728,1.0
3220,277.61467963830347,0.004105303380415728,1.0
3221,277.638492248831,0.004105303380415728,1.0
3222,277.68403722871255,0.004105303380415728,1.0
3223,277.70988668208565,0.004105303380415728,1.0
3224,277.7249321894877,0.004105303380415728,1.0
3225,277.7486579009805,0.004105303380415728,1.0
3226,277.7524468500711,0.004105303380415728,1.0
3227,277.80102987427273,0.004105303380415728,1.0
3228,277.80253739864924,0.004105303380415728,1.0
3229,277.79936947074896,0.004105303380415728,1.0
3230,277.79174277161474,0.004105303380415728,1.0
3231,277.780519569954,0.004105303380415728,1.0
3232,277.7716958123305,0.004105303380415728,1.0
3233,277.76339745034295,0.004105303380415728,1.0
3234,277.7591726649187,0.004105303380415728,1.0
3235,277.7699996113502,0.004105303380415728,1.0
3236,277.7819821207891,0.004105303380415728,1.0
3237,277.8119155167546,0.004105303380415728,1.0
3238,277.86204988181737,0.004105303380415728,1.0
3239,277.8911720949522,0.004105303380415728,1.0
3240,277.9126772500105,0.004105303380415728,1.0
3241,277.929312046338,0.004105303380415728,1.0
3242,277.9357095315228,0.004105303380415728,1.0
3243,277.94195312137106,0.004105303380415728,1.0
3244,277.96574985632253,0.004105303380415728,1.0
3245,277.9933810884298,0.004105303380415728,1.0
3246,278.0092271032599,0.004105303380415728,1.0
3247,278.02508721712684,0.004105303380415728,1.0
3248,278.03587285686734,0.004105303380415728,1.0
3249,278.035315713754,0.004105303380415728,1.0
3250,278.02022159980453,0.004105303380415728,1.0
3251,278.0016721966422,0.004105303380415728,1.0
3252,277.9835421662593,0.004105303380415728,1.0
3253,277.9645972131941,0.004105303380415728,1.0
3254,277.94868154856806,0.004105303380415728,1.0
3255,277.9338654427154,0.004105303380415728,1.0
3256,277.91955152287835,0.004105303380415728,1.0
3257,277.9070848694641,0.004105303380415728,1.0
3258,277.8990791929028,0.004105303380415728,1.0
3259,277.89526003174683,0.004105303380415728,1.0
3260,277.9003056670752,0.004105303380415728,1.0
3261,277.91055742630147,0.004105303380415728,1.0
3262,277.91844218447034,0.004105303380415728,1.0
3263,277.94861326767216,0.004105303380415728,1.0
3264,277.9648152636096,0.004105303380415728,1.0
3265,277.9633109557611,0.004105303380415728,1.0
3266,277.9619875811711,0.004105303380415728,1.0
3267,277.96064590888153,0.004105303380415728,1.0
3268,277.96157054443154,0.004105303380415728,1.0
3269,277.9723164394121,0.004105303380415728,1.0
3270,277.97305824089955,0.004105303380415728,1.0
3271,278.004580602814,0.004105303380415728,1.0
3272,278.0090497165104,0.004105303380415728,1.0
3273,278.0216831817478,0.004105303380415728,1.0
3274,278.01332687124267,0.004105303380415728,1.0
3275,278.0058637204932,0.004105303380415728,1.0
3276,277.9848491376989,0.004105303380415728,1.0
3277,277.95981946252584,0.004105303380415728,1.0
3278,277.92440790069014,0.004105303380415728,1.0
3279,277.90007360933214,0.004105303380415728,1.0
3280,277.8878237249328,0.004105303380415728,1.0
3281,277.87488796463435,0.004105303380415728,1.0
3282,277.8602938060845,0.004105303380415728,1.0
3283,277.8568017415039,0.004105303380415728,1.0
3284,277.8626694960784,0.004105303380415728,1.0
3285,277.8873518794662,0.004105303380415728,1.0
3286,277.9022872344174,0.004105303380415728,1.0
3287,277.927579921926,0.004105303380415728,1.0
3288,277.92707214868227,0.004105303380415728,1.0
3289,277.93398330504107,0.004105303380415728,1.0
3290,277.93570802124435,0.004105303380415728,1.0
3291,277.945585787478,0.004105303380415728,1.0
3292,277.9657903506415,0.004105303380415728,1.0
3293,278.00728487306156,0.004105303380415728,1.0
3294,278.0370630429415,0.004105303380415728,1.0
3295,278.0417883041321,0.004105303380415728,1.0
3296,278.076682142437,0.004105303380415728,1.0
3297,278.0818445718059,0.004105303380415728,1.0
3298,278.07540012179766,0.004105303380415728,1.0
3299,278.06466381124113,0.004105303380415728,1.0
3300,278.04475017125117,0.004105303380415728,1.0
3301,278.0233428909973,0.004105303380415728,1.0
3302,277.99455724622544,0.004105303380415728,1.0
3303,277.9758152690906,0.004105303380415728,1.0
3304,277.9706426862571,0.004105303380415728,1.0
3305,277.96507398652903,0.004105303380415728,1.0
3306,277.95960587884406,0.004105303380415728,1.0
3307,277.9872987170709,0.004105303380415728,1.0
3308,278.029465260262,0.004105303380415728,1.0
3309,278.05828949052005,0.004105303380415728,1.0
3310,278.0855543507016,0.004105303380415728,1.0
3311,278.126512346754,0.004105303380415728,1.0
3312,278.15230002424886,0.004105303380415728,1.0
3313,278.16278670802785,0.004105303380415728,1.0
3314,278.164166257931,0.004105303380415728,1.0
3315,278.17334704442123,0.004105303380415728,1.0
3316,278.1973814449868,0.004105303380415728,1.0
3317,278.23895051722974,0.004105303380415728,1.0
3318,278.2680537694744,0.004105303380415728,1.0
3319,278.2938504749888,0.004105303380415728,1.0
3320,278.3348804117123,0.004105303380415728,1.0
3321,278.37072079896205,0.004105303380415728,1.0
3322,278.3739915090846,0.004105303380415728,1.0
3323,278.36206547310417,0.004105303380415728,1.0
3324,278.3346759962865,0.004105303380415728,1.0
3325,278.3124734557532,0.004105303380415728,1.0
3326,278.28965702780954,0.004105303380415728,1.0
3327,278.2641043651666,0.004105303380415728,1.0
3328,278.24599673372853,0.004105303380415728,1.0
3329,278.22987081165485,0.004105303380415728,1.0
3330,278.2166895039209,0.004105303380415728,1.0
3331,278.2135761942104,0.004105303380415728,1.0
3332,278.2128344359763,0.004105303380415728,1.0
3333,278.2232510371206,0.004105303380415728,1.0
3334,278.23052517749164,0.004105303380415728,1.0
3335,278.29349151691946,0.004105303380415728,1.0
3336,278.3328395909605,0.004105303380415728,1.0
3337,278.3519578129684,0.004105303380415728,1.0
3338,278.35898415171215,0.004105303380415728,1.0
3339,278.36681986872645,0.004105303380415728,1.0
3340,278.37779783877073,0.004105303380415728,1.0
3341,278.4163506581302,0.004105303380415728,1.0
3342,278.4742115571476,0.004105303380415728,1.0
3343,278.5096613846841,0.004105303380415728,1.0
3344,278.5072878950448,0.004105303380415728,1.0
3345,278.5036907294884,0.004105303380415728,1.0
3346,278.49360174273454,0.004105303380415728,1.0
3347,278.4713168143097,0.004105303380415728,1.0
3348,278.439276295105,0.004105303380415728,1.0
3349,278.40721842761826,0.004105303380415728,1.0
3350,278.3732577985162,0.004105303380415728,1.0
3351,278.3391770074114,0.004105303380415728,1.0
3352,278.31850825355656,0.004105303380415728,1.0
3353,278.3059777182814,0.004105303380415728,1.0
3354,278.2920929538226,0.004105303380415728,1.0
3355,278.29010258303555,0.004105303380415728,1.0
3356,278.2892716039558,0.004105303380415728,1.0
3357,278.2918647301887,0.004105303380415728,1.0
3358,278.292476788354,0.004105303380415728,1.0
3359,278.3073313959522,0.004105303380415728,1.0
3360,278.3230794811458,0.004105303380415728,1.0
3361,278.3326284936565,0.004105303380415728,1.0
3362,278.33752835280484,0.004105303380415728,1.0
3363,278.3362267188696,0.004105303380415728,1.0
3364,278.33557743632036,0.004105303380415728,1.0
3365,278.35631181556744,0.004105303380415728,1.0
3366,278.40624868393814,0.004105303380415728,1.0
3367,278.4380256053901,0.004105303380415728,1.0
3368,278.43581698202746,0.004105303380415728,1.0
3369,278.4333185340398,0.004105303380415728,1.0
3370,278.7727521264159,0.004105303380415728,1.0
3371,278.85537529093233,0.004105303380415728,1.0
3372,278.83495620361214,0.004105303380415728,1.0
3373,278.8134444183897,0.004105303380415728,1.0
3374,278.7997216280758,0.004105303380415728,1.0
3375,278.79385401723385,0.004105303380415728,1.0
3376,278.79135819891167,0.004105303380415728,1.0
3377,278.7875263473015,0.004105303380415728,1.0
3378,278.78400667566035,0.004105303380415728,1.0
3379,278.7836298651888,0.004105303380415728,1.0
3380,278.79729622481057,0.004105303380415728,1.0
3381,278.8185060977958,0.004105303380415728,1.0
3382,278.8429454487374,0.004105303380415728,1.0
3383,278.87573064648484,0.004105303380415728,1.0
3384,278.89380173642155,0.004105303380415728,1.0
3385,278.90919618174195,0.004105303380415728,1.0
3386,278.911932807608,0.004105303380415728,1.0
3387,278.9137717162591,0.004105303380415728,1.0
3388,278.91741047294346,0.004105303380415728,1.0
3389,278.91705794325526,0.004105303380415728,1.0
3390,278.9601109197891,0.004105303380415728,1.0
3391,279.0322220582186,0.004105303380415728,1.0
3392,279.6754548596135,0.004105303380415728,1.0
3393,280.34967680190846,0.004105303380415728,1.0
3394,280.5083640854223,0.004105303380415728,1.0
3395,280.5088884275982,0.004105303380415728,1.0
3396,280.4968147733017,0.004105303380415728,1.0
3397,280.4803926972185,0.004105303380415728,1.0
3398,280.45330764816566,0.004105303380415728,1.0
3399,280.42819588663366,0.004105303380415728,1.0
3400,280.40838145583604,0.004105303380415728,1.0
3401,280.3948138406194,0.004105303380415728,1.0
3402,280.38386901491407,0.004105303380415728,1.0
3403,280.3783625562996,0.004105303380415728,1.0
3404,280.37585939869297,0.004105303380415728,1.0
3405,280.3755358805653,0.004105303380415728,1.0
3406,280.3810066505772,0.004105303380415728,1.0
3407,280.3881068723251,0.004105303380415728,1.0
3408,280.3874105776209,0.004105303380415728,1.0
3409,280.38653672527664,0.004105303380415728,1.0
3410,280.3849025728757,0.004105303380415728,1.0
3411,280.3821665594486,0.004105303380415728,1.0
3412,280.39459761583095,0.004105303380415728,1.0
3413,280.42963361333864,0.004105303380415728,1.0
3414,280.47146111218007,0.004105303380415728,1.0
3415,280.50307139113676,0.004105303380415728,1.0
3416,280.5142651412714,0.004105303380415728,1.0
3417,280.53614779781793,0.004105303380415728,1.0
3418,280.5240767251127,0.004105303380415728,1.0
3419,280.5023608765275,0.004105303380415728,1.0
3420,280.47438192711917,0.004105303380415728,1.0
3421,280.4432472273515,0.004105303380415728,1.0
3422,280.4166760297412,0.004105303380415728,1.0
3423,280.3895494088116,0.004105303380415728,1.0
3424,280.3712515145361,0.004105303380415728,1.0
3425,280.35987808553097,0.004105303380415728,1.0
3426,280.3478310053803,0.004105303380415728,1.0
3427,280.3403123436793,0.004105303380415728,1.0
3428,280.3353385359357,0.004105303380415728,1.0
3429,280.3341624267202,0.004105303380415728,1.0
3430,280.3336206909477,0.004105303380415728,1.0
3431,280.3362077806521,0.004105303380415728,1.0
3432,280.34566283879604,0.004105303380415728,1.0
3433,280.34673472418353,0.004105303380415728,1.0
3434,280.34487950235626,0.004105303380415728,1.0
3435,280.34362446198793,0.004105303380415728,1.0
3436,280.34296103895906,0.004105303380415728,1.0
3437,280.3466835613523,0.004105303380415728,1.0
3438,280.34744909253595,0.004105303380415728,1.0
3439,280.37872722584393,0.004105303380415728,1.0
3440,280.38888978042445,0.004105303380415728,1.0
3441,280.38858064606507,0.004105303380415728,1.0
3442,280.37516936282503,0.004105303380415728,1.0
3443,280.3527617777935,0.004105303380415728,1.0
3444,280.32284283811583,0.004105303380415728,1.0
3445,280.28269756209085,0.004105303380415728,1.0
3446,280.2450060758752,0.004105303380415728,1.0
3447,280.2150888049697,0.004105303380415728,1.0
3448,280.19255172114777,0.004105303380415728,1.0
3449,280.17797584491666,0.004105303380415728,1.0
3450,280.16360635463735,0.004105303380415728,1.0
3451,280.1558035853108,0.004105303380415728,1.0
3452,280.1496049648466,0.004105303380415728,1.0
3453,280.1476349098,0.004105303380415728,1.0
3454,280.1478818438722,0.004105303380415728,1.0
3455,280.1572053647842,0.004105303380415728,1.0
3456,280.16235468565816,0.004105303380415728,1.0
3457,280.16166812931596,0.004105303380415728,1.0
3458,280.16079443629997,0.004105303380415728,1.0
3459,280.1588827288806,0.004105303380415728,1.0
3460,280.1576998313531,0.004105303380415728,1.0
3461,280.1783757691306,0.004105303380415728,1.0
3462,280.1964076623558,0.004105303380415728,1.0
3463,280.2340731967937,0.004105303380415728,1.0
3464,280.2339583520705,0.004105303380415728,1.0
3465,280.228798222115,0.004105303380415728,1.0
3466,280.21372205105996,0.004105303380415728,1.0
3467,280.1881313152828,0.004105303380415728,1.0
3468,280.1596723451154,0.004105303380415728,1.0
3469,280.12469026338783,0.004105303380415728,1.0
3470,280.0865380079633,0.004105303380415728,1.0
3471,280.0571629172754,0.004105303380415728,1.0
3472,280.03717789332256,0.004105303380415728,1.0
3473,280.024199603603,0.004105303380415728,1.0
3474,280.0103213920771,0.004105303380415728,1.0
3475,280.00152615135266,0.004105303380415728,1.0
3476,279.99449436673905,0.004105303380415728,1.0
3477,279.9921992940826,0.004105303380415728,1.0
3478,279.99070911936764,0.004105303380415728,1.0
3479,279.98891475801054,0.004105303380415728,1.0
3480,279.98732338774795,0.004105303380415728,1.0
3481,279.9857617055838,0.004105303380415728,1.0
3482,279.9867328563818,0.004105303380415728,1.0
3483,279.98502324303274,0.004105303380415728,1.0
3484,279.98359124011483,0.004105303380415728,1.0
3485,279.9951028029348,0.004105303380415728,1.0
3486,279.9999118013541,0.004105303380415728,1.0
3487,280.02463512621296,0.004105303380415728,1.0
3488,280.0237145728328,0.004105303380415728,1.0
3489,280.0182462345159,0.004105303380415728,1.0
3490,280.27969988616655,0.004105303380415728,1.0
3491,280.98554037963055,0.004105303380415728,1.0
3492,281.14994111261933,0.004105303380415728,1.0
3493,281.14251941562225,0.004105303380415728,1.0
3494,281.1287532959867,0.004105303380415728,1.0
3495,281.11386300875773,0.004105303380415728,1.0
3496,281.0997116829095,0.004105303380415728,1.0
3497,281.09349362705296,0.004105303380415728,1.0
3498,281.08612630873716,0.004105303380415728,1.0
3499,281.0804819802937,0.004105303380415728,1.0
3500,281.07831762741677,0.004105303380415728,1.0
3501,281.07783253378653,0.004105303380415728,1.0
3502,281.1086983091717,0.004105303380415728,1.0
3503,281.14127985290696,0.004105303380415728,1.0
3504,281.1516495047069,0.004105303380415728,1.0
3505,281.1531381363807,0.004105303380415728,1.0
3506,281.1584555204243,0.004105303380415728,1.0
3507,281.15811639479375,0.004105303380415728,1.0
3508,281.15722043791664,0.004105303380415728,1.0
3509,281.15524535354245,0.004105303380415728,1.0
3510,281.17507434321794,0.004105303380415728,1.0
3511,281.2019539634809,0.004105303380415728,1.0
3512,281.2346825163755,0.004105303380415728,1.0
3513,281.25985203471583,0.004105303380415728,1.0
3514,281.2434117424484,0.004105303380415728,1.0
3515,281.22020480719624,0.004105303380415728,1.0
3516,281.1911783028302,0.004105303380415728,1.0
3517,281.1652041753922,0.004105303380415728,1.0
3518,281.13776645066844,0.004105303380415728,1.0
3519,281.1074867530699,0.004105303380415728,1.0
3520,281.0860273224398,0.004105303380415728,1.0
3521,281.07040912916574,0.004105303380415728,1.0
3522,281.0576885799618,0.004105303380415728,1.0
3523,281.0511017559912,0.004105303380415728,1.0
3524,281.0484147680877,0.004105303380415728,1.0
3525,281.046338942782,0.004105303380415728,1.0
3526,281.0451165148197,0.004105303380415728,1.0
3527,281.0450282408941,0.004105303380415728,1.0
3528,281.0484197585628,0.004105303380415728,1.0
3529,281.0470261548201,0.004105303380415728,1.0
3530,281.044962309289,0.004105303380415728,1.0
3531,281.0422690174649,0.004105303380415728,1.0
3532,281.04271307204255,0.004105303380415728,1.0
3533,281.07172876795363,0.004105303380415728,1.0
3534,281.11177794837215,0.004105303380415728,1.0
3535,281.1441333587776,0.004105303380415728,1.0
3536,281.2659331481226,0.004105303380415728,1.0
3537,281.762984938987,0.004105303380415728,1.0
3538,282.2635945598044,0.004105303380415728,1.0
3539,282.5805395482289,0.004105303380415728,1.0
3540,282.62686640021275,0.004105303380415728,1.0
3541,282.6250772711706,0.004105303380415728,1.0
3542,282.6244950360874,0.004105303380415728,1.0
3543,282.6242261220278,0.004105303380415728,1.0
3544,282.62329300843163,0.004105303380415728,1.0
3545,282.62151173464173,0.004105303380415728,1.0
3546,282.6147735549608,0.004105303380415728,1.0
3547,282.61219356598235,0.004105303380415728,1.0
3548,282.61058255263,0.004105303380415728,1.0
3549,282.6147578330483,0.004105303380415728,1.0
3550,282.623222583322,0.004105303380415728,1.0
3551,282.6265686914654,0.004105303380415728,1.0
3552,282.62668072707623,0.004105303380415728,1.0
3553,282.6270801071031,0.004105303380415728,1.0
3554,282.62911370614887,0.004105303380415728,1.0
3555,282.6374913874273,0.004105303380415728,1.0
3556,282.63976183079893,0.004105303380415728,1.0
3557,282.65613177131377,0.004105303380415728,1.0
3558,282.6893848163327,0.004105303380415728,1.0
3559,282.71370176880106,0.004105303380415728,1.0
3560,282.72265568581093,0.004105303380415728,1.0
3561,282.96062078895005,0.004105303380415728,1.0
3562,283.46705150312704,0.004105303380415728,1.0
3563,283.4918792224126,0.004105303380415728,1.0
3564,283.48318385041455,0.004105303380415728,1.0
3565,283.4573026815511,0.004105303380415728,1.0
3566,283.434476680963,0.004105303380415728,1.0
3567,283.4112355165029,0.004105303380415728,1.0
3568,283.3948396048973,0.004105303380415728,1.0
3569,283.3831743187442,0.004105303380415728,1.0
3570,283.3720319915421,0.004105303380415728,1.0
3571,283.36304866239794,0.004105303380415728,1.0
3572,283.35744447374657,0.004105303380415728,1.0
3573,283.35533577456823,0.004105303380415728,1.0
3574,283.35469945707007,0.004105303380415728,1.0
3575,283.36592924834827,0.004105303380415728,1.0
3576,283.3681955307419,0.004105303380415728,1.0
3577,283.368094130454,0.004105303380415728,1.0
3578,283.366705067584,0.004105303380415728,1.0
3579,283.364666470075,0.004105303380415728,1.0
3580,283.3684599885803,0.004105303380415728,1.0
3581,283.3775082357391,0.004105303380415728,1.0
3582,283.4201132025914,0.004105303380415728,1.0
3583,283.43486866197446,0.004105303380415728,1.0
3584,283.4517547448111,0.004105303380415728,1.0
3585,283.4556003515539,0.004105303380415728,1.0
3586,283.45445698921674,0.004105303380415728,1.0
3587,283.4473709127462,0.004105303380415728,1.0
3588,283.4383932267161,0.004105303380415728,1.0
3589,283.42970833238496,0.004105303380415728,1.0
3590,283.42265283454077,0.004105303380415728,1.0
3591,283.40938499653635,0.004105303380415728,1.0
3592,283.4020036200112,0.004105303380415728,1.0
3593,283.3982251124997,0.004105303380415728,1.0
3594,283.3907309665761,0.004105303380415728,1.0
3595,283.38824146823566,0.004105303380415728,1.0
3596,283.38812179272713,0.004105303380415728,1.0
3597,283.3942668578643,0.004105303380415728,1.0
3598,283.39975773052987,0.004105303380415728,1.0
3599,283.4077893395864,0.004105303380415728,1.0
3600,283.4116856272272,0.004105303380415728,1.0
3601,283.41450631889023,0.004105303380415728,1.0
3602,283.41356077173947,0.004105303380415728,1.0
3603,283.41178743424507,0.004105303380415728,1.0
3604,283.41378924734744,0.004105303380415728,1.0
3605,283.4176850618077,0.004105303380415728,1.0
3606,283.4211374957555,0.004105303380415728,1.0
3607,283.4342393017025,0.004105303380415728,1.0
3608,283.43495238511537,0.004105303380415728,1.0
3609,283.7188197918761,0.004105303380415728,1.0
3610,284.2725905456626,0.004105303380415728,1.0
3611,285.1452921177307,0.004105303380415728,1.0
3612,285.68807054495363,0.004105303380415728,1.0
3613,285.81686902073125,0.004105303380415728,1.0
3614,285.89158470821553,0.004105303380415728,1.0
3615,285.9642924727789,0.004105303380415728,1.0
3616,286.219237352781,0.004105303380415728,1.0
3617,286.2950009867345,0.004105303380415728,1.0
3618,286.3522126644472,0.004105303380415728,1.0
3619,286.44891152270577,0.004105303380415728,1.0
3620,286.51641669194333,0.004105303380415728,1.0
3621,286.5834166051271,0.004105303380415728,1.0
3622,286.65244381630873,0.004105303380415728,1.0
3623,286.74754271129467,0.004105303380415728,1.0
3624,286.81683336213456,0.004105303380415728,1.0
3625,286.8520460872101,0.004105303380415728,1.0
3626,286.872826471857,0.004105303380415728,1.0
3627,286.89800200044084,0.004105303380415728,1.0
3628,286.9187697926453,0.004105303380415728,1.0
3629,286.94320594824234,0.004105303380415728,1.0
3630,286.97629484977153,0.004105303380415728,1.0
3631,287.0070079033953,0.004105303380415728,1.0
3632,287.0563296290713,0.004105303380415728,1.0
3633,287.15246543039797,0.004105303380415728,1.0
3634,287.23407086826836,0.004105303380415728,1.0
3635,287.27944151568227,0.004105303380415728,1.0
3636,287.27901105137056,0.004105303380415728,1.0
3637,287.2707420135839,0.004105303380415728,1.0
3638,287.26609000153695,0.004105303380415728,1.0
3639,287.2582039679819,0.004105303380415728,1.0
3640,287.2485413907711,0.004105303380415728,1.0
3641,287.2420423994259,0.004105303380415728,1.0
3642,287.24566073224736,0.004105303380415728,1.0
3643,287.26758277903906,0.004105303380415728,1.0
3644,287.33109497185694,0.004105303380415728,1.0
3645,287.36090523956983,0.004105303380415728,1.0
3646,287.40284605005456,0.004105303380415728,1.0
3647,287.4298074493718,0.004105303380415728,1.0
3648,287.4558206111422,0.004105303380415728,1.0
3649,287.468351052844,0.004105303380415728,1.0
3650,287.4695981928355,0.004105303380415728,1.0
3651,287.4795321183132,0.004105303380415728,1.0
3652,287.48617100249373,0.004105303380415728,1.0
3653,287.5046015663404,0.004105303380415728,1.0
3654,287.5282792459565,0.004105303380415728,1.0
3655,287.5684493743682,0.004105303380415728,1.0
3656,287.5881267600789,0.004105303380415728,1.0
3657,287.58297879853524,0.004105303380415728,1.0
3658,287.56522139567323,0.004105303380415728,1.0
3659,287.54625800611734,0.004105303380415728,1.0
3660,287.53119330939796,0.004105303380415728,1.0
3661,287.5154312221284,0.004105303380415728,1.0
3662,287.49426232340875,0.004105303380415728,1.0
3663,287.47450579544204,0.004105303380415728,1.0
3664,287.4613157748508,0.004105303380415728,1.0
3665,287.44967916781565,0.004105303380415728,1.0
3666,287.4377584771363,0.004105303380415728,1.0
3667,287.4340749250766,0.004105303380415728,1.0
3668,287.4344103453336,0.004105303380415728,1.0
3669,287.43876911297855,0.004105303380415728,1.0
3670,287.4416374941596,0.004105303380415728,1.0
3671,287.441610243919,0.004105303380415728,1.0
3672,287.45580907724366,0.004105303380415728,1.0
3673,287.45962243542664,0.004105303380415728,1.0
3674,287.459350901133,0.004105303380415728,1.0
3675,287.466399399592,0.004105303380415728,1.0
3676,287.47560899797327,0.004105303380415728,1.0
3677,287.501216965622,0.004105303380415728,1.0
3678,287.5353400971238,0.004105303380415728,1.0
3679,287.55303333907113,0.004105303380415728,1.0
3680,287.5611228959952,0.004105303380415728,1.0
3681,287.6035486382909,0.004105303380415728,1.0
3682,287.63901298648403,0.004105303380415728,1.0
3683,287.66689132242976,0.004105303380415728,1.0
3684,287.67903125812944,0.004105303380415728,1.0
3685,287.7085774753287,0.004105303380415728,1.0
3686,287.736709684764,0.004105303380415728,1.0
3687,288.0398817516069,0.004105303380415728,1.0
3688,288.5825246434367,0.004105303380415728,1.0
3689,288.66044395206893,0.004105303380415728,1.0
3690,288.7130797677454,0.004105303380415728,1.0
3691,288.7518885643021,0.004105303380415728,1.0
3692,288.79004192273874,0.004105303380415728,1.0
3693,288.8377215240803,0.004105303380415728,1.0
3694,288.88342017520375,0.004105303380415728,1.0
3695,288.9607672472286,0.004105303380415728,1.0
3696,288.9970241369579,0.004105303380415728,1.0
3697,289.0248922242341,0.004105303380415728,1.0
3698,289.0379723280768,0.004105303380415728,1.0
3699,289.0584712023092,0.004105303380415728,1.0
3700,289.08406673840335,0.004105303380415728,1.0
3701,289.1034421005874,0.004105303380415728,1.0
3702,289.13424929946234,0.004105303380415728,1.0
3703,289.1573947079433,0.004105303380415728,1.0
3704,289.399418743546,0.004105303380415728,1.0
3705,289.4047018045756,0.004105303380415728,1.0
3706,289.77596362968615,0.004105303380415728,1.0
3707,290.31581119767026,0.004105303380415728,1.0
3708,290.82079038700346,0.004105303380415728,1.0
3709,291.41910917247003,0.004105303380415728,1.0
3710,291.54374557560305,0.004105303380415728,1.0
3711,291.54013263842705,0.004105303380415728,1.0
3712,291.59196489377604,0.004105303380415728,1.0
3713,291.6236418611217,0.004105303380415728,1.0
3714,291.66003428840264,0.004105303380415728,1.0
3715,291.69536043602346,0.004105303380415728,1.0
3716,291.73495564378425,0.004105303380415728,1.0
3717,291.80539805767535,0.004105303380415728,1.0
3718,291.8590258558395,0.004105303380415728,1.0
3719,291.9003691438659,0.004105303380415728,1.0
3720,291.9377950051781,0.004105303380415728,1.0
3721,291.9735088235566,0.004105303380415728,1.0
3722,291.9889357904273,0.004105303380415728,1.0
3723,292.0026700349468,0.004105303380415728,1.0
3724,292.0106529402719,0.004105303380415728,1.0
3725,292.03868419832355,0.004105303380415728,1.0
3726,292.07343282426723,0.004105303380415728,1.0
3727,292.0866252871508,0.004105303380415728,1.0
3728,292.07659394779637,0.004105303380415728,1.0
3729,292.074938098146,0.004105303380415728,1.0
3730,292.06511415442554,0.004105303380415728,1.0
3731,292.05356028365105,0.004105303380415728,1.0
3732,292.0223917594256,0.004105303380415728,1.0
3733,291.9999746462799,0.004105303380415728,1.0
3734,291.9854492493251,0.004105303380415728,1.0
3735,291.9689155260945,0.004105303380415728,1.0
3736,291.95567417842494,0.004105303380415728,1.0
3737,291.93889172657555,0.004105303380415728,1.0
3738,291.926778978794,0.004105303380415728,1.0
3739,291.92003107880436,0.004105303380415728,1.0
3740,291.916899028733,0.004105303380415728,1.0
3741,291.916523506994,0.004105303380415728,1.0
3742,291.9170745866839,0.004105303380415728,1.0
3743,291.93380889370997,0.004105303380415728,1.0
3744,291.9371084164923,0.004105303380415728,1.0
3745,291.9363701348185,0.004105303380415728,1.0
3746,291.9348199572309,0.004105303380415728,1.0
3747,291.9329781813174,0.004105303380415728,1.0
3748,291.9315464076116,0.004105303380415728,1.0
3749,291.9405638897038,0.004105303380415728,1.0
3750,291.9631516417197,0.004105303380415728,1.0
3751,291.9867130201084,0.004105303380415728,1.0
3752,292.00893569843936,0.004105303380415728,1.0
3753,292.01144571320737,0.004105303380415728,1.0
3754,292.0072101979091,0.004105303380415728,1.0
3755,292.0017162365039,0.004105303380415728,1.0
3756,291.9946931937659,0.004105303380415728,1.0
3757,292.02521840402113,0.004105303380415728,1.0
3758,292.0352106024356,0.004105303380415728,1.0
3759,292.03493219712544,0.004105303380415728,1.0
3760,292.0401814231341,0.004105303380415728,1.0
3761,292.03854004288877,0.004105303380415728,1.0
3762,292.03558141341153,0.004105303380415728,1.0
3763,292.0343722263004,0.004105303380415728,1.0
3764,292.0343314929637,0.004105303380415728,1.0
3765,292.0494295090561,0.004105303380415728,1.0
3766,292.06695907844244,0.004105303380415728,1.0
3767,292.0741833473195,0.004105303380415728,1.0
3768,292.0895163033984,0.004105303380415728,1.0
3769,292.09505852319023,0.004105303380415728,1.0
3770,292.0947536833339,0.004105303380415728,1.0
3771,292.0937659735288,0.004105303380415728,1.0
3772,292.1014280425666,0.004105303380415728,1.0
3773,292.1287142114364,0.004105303380415728,1.0
3774,292.15640037666014,0.004105303380415728,1.0
3775,292.1749960273099,0.004105303380415728,1.0
3776,292.18032737735604,0.004105303380415728,1.0
3777,292.1794389963094,0.004105303380415728,1.0
3778,292.74743060808845,0.004105303380415728,1.0
3779,293.1169293581259,0.004105303380415728,1.0
3780,293.1624040255462,0.004105303380415728,1.0
3781,293.20109430041504,0.004105303380415728,1.0
3782,293.24268516324986,0.004105303380415728,1.0
3783,293.264116647745,0.004105303380415728,1.0
3784,293.2663288464839,0.004105303380415728,1.0
3785,293.26245232090565,0.004105303380415728,1.0
3786,293.2565391393922,0.004105303380415728,1.0
3787,293.25447345984276,0.004105303380415728,1.0
3788,293.25595737034416,0.004105303380415728,1.0
3789,293.26658589732256,0.004105303380415728,1.0
3790,293.28388983455034,0.004105303380415728,1.0
3791,293.3043390278544,0.004105303380415728,1.0
3792,293.31731716479493,0.004105303380415728,1.0
3793,293.3227283099871,0.004105303380415728,1.0
3794,293.32941734437,0.004105303380415728,1.0
3795,293.33253137171545,0.004105303380415728,1.0
3796,293.33153215924693,0.004105303380415728,1.0
3797,293.32889687844335,0.004105303380415728,1.0
3798,293.3481652167321,0.004105303380415728,1.0
3799,293.3908712324329,0.004105303380415728,1.0
3800,293.5421686915884,0.004105303380415728,1.0
3801,293.94888620025637,0.004105303380415728,1.0
3802,294.4266660987216,0.004105303380415728,1.0
3803,294.8240736712732,0.004105303380415728,1.0
3804,295.0497723332371,0.004105303380415728,1.0
3805,295.1676022790014,0.004105303380415728,1.0
3806,295.2044856193295,0.004105303380415728,1.0
3807,295.2256355181543,0.004105303380415728,1.0
3808,295.2307002098817,0.004105303380415728,1.0
3809,295.22767680755715,0.004105303380415728,1.0
3810,295.21975400599655,0.004105303380415728,1.0
3811,295.21943599638894,0.004105303380415728,1.0
3812,295.2167982826666,0.004105303380415728,1.0
3813,295.2179654081098,0.004105303380415728,1.0
3814,295.22359116678524,0.004105303380415728,1.0
3815,295.2362979370957,0.004105303380415728,1.0
3816,295.25395565375175,0.004105303380415728,1.0
3817,295.261875421449,0.004105303380415728,1.0
3818,295.26137615370357,0.004105303380415728,1.0
3819,295.26952815160774,0.004105303380415728,1.0
3820,295.27879917650534,0.004105303380415728,1.0
3821,295.29240032511785,0.004105303380415728,1.0
3822,295.29857025767666,0.004105303380415728,1.0
3823,295.3199621501746,0.004105303380415728,1.0
3824,295.31786535304974,0.004105303380415728,1.0
3825,295.3149891370224,0.004105303380415728,1.0
3826,295.4555750766734,0.004105303380415728,1.0
3827,295.88516493477704,0.004105303380415728,1.0
3828,296.5144482488176,0.004105303380415728,1.0
3829,297.00427632435543,0.004105303380415728,1.0
3830,297.0908333638014,0.004105303380415728,1.0
3831,297.11406751174843,0.004105303380415728,1.0
3832,297.14553829262036,0.004105303380415728,1.0
3833,297.1465965385178,0.004105303380415728,1.0
3834,297.14077033369665,0.004105303380415728,1.0
3835,297.14581524408146,0.004105303380415728,1.0
3836,297.14568987690535,0.004105303380415728,1.0
3837,297.1703401540316,0.004105303380415728,1.0
3838,297.2493865152651,0.004105303380415728,1.0
3839,297.2738649297229,0.004105303380415728,1.0
3840,297.2968785918954,0.004105303380415728,1.0
3841,297.3136245406693,0.004105303380415728,1.0
3842,297.317771150138,0.004105303380415728,1.0
3843,297.3221296730015,0.004105303380415728,1.0
3844,297.32468673605035,0.004105303380415728,1.0
3845,297.3285945845835,0.004105303380415728,1.0
3846,297.3471707732226,0.004105303380415728,1.0
3847,297.37760050369326,0.004105303380415728,1.0
3848,297.3755512004194,0.004105303380415728,1.0
3849,297.38503120266256,0.004105303380415728,1.0
3850,297.3732757643801,0.004105303380415728,1.0
3851,297.6383832328771,0.004105303380415728,1.0
3852,298.0212084879785,0.004105303380415728,1.0
3853,298.028739243658,0.004105303380415728,1.0
3854,298.0206266734159,0.004105303380415728,1.0
3855,298.0122657108809,0.004105303380415728,1.0
3856,298.002343169212,0.004105303380415728,1.0
3857,297.9860859136733,0.004105303380415728,1.0
3858,297.97737570106256,0.004105303380415728,1.0
3859,297.97304572586137,0.004105303380415728,1.0
3860,297.97167778705875,0.004105303380415728,1.0
3861,297.9711206657946,0.004105303380415728,1.0
3862,297.9686224041719,0.004105303380415728,1.0
3863,297.96576430105125,0.004105303380415728,1.0
3864,297.96359366930693,0.004105303380415728,1.0
3865,297.96202915091067,0.004105303380415728,1.0
3866,297.9628469438396,0.004105303380415728,1.0
3867,297.9621909247285,0.004105303380415728,1.0
3868,297.9608397775355,0.004105303380415728,1.0
3869,297.97726767196514,0.004105303380415728,1.0
3870,297.97588013635004,0.004105303380415728,1.0
3871,297.9923684425206,0.004105303380415728,1.0
3872,298.03614986556363,0.004105303380415728,1.0
3873,298.19582240254016,0.004105303380415728,1.0
3874,298.728123220357,0.004105303380415728,1.0
3875,298.90015533379847,0.004105303380415728,1.0
3876,299.0022763575934,0.004105303380415728,1.0
3877,299.5047601469862,0.004105303380415728,1.0
3878,299.8195863057487,0.004105303380415728,1.0
3879,299.97312226132215,0.004105303380415728,1.0
3880,300.06292272335116,0.004105303380415728,1.0
3881,300.1240671465734,0.004105303380415728,1.0
3882,300.1446653561736,0.004105303380415728,1.0
3883,300.1832798236223,0.004105303380415728,1.0
3884,300.2342131567179,0.004105303380415728,1.0
3885,300.2743392474899,0.004105303380415728,1.0
3886,300.3244070890684,0.004105303380415728,1.0
3887,300.3782665624771,0.004105303380415728,1.0
3888,300.414974299577,0.004105303380415728,1.0
3889,300.44856009521436,0.004105303380415728,1.0
3890,300.47201678266305,0.004105303380415728,1.0
3891,300.4836820764251,0.004105303380415728,1.0
3892,300.50487127862954,0.004105303380415728,1.0
3893,300.52285918398127,0.004105303380415728,1.0
3894,300.553840299726,0.004105303380415728,1.0
3895,300.5919368968475,0.004105303380415728,1.0
3896,300.96936160922235,0.004105303380415728,1.0
3897,301.5214316545973,0.004105303380415728,1.0
3898,302.17632860787387,0.004105303380415728,1.0
3899,302.8479659372605,0.004105303380415728,1.0
3900,303.47947853852406,0.004105303380415728,1.0
3901,304.2599182124949,0.004105303380415728,1.0
3902,304.5163717377659,0.004105303380415728,1.0
3903,304.7050038415769,0.004105303380415728,1.0
3904,304.76074154254786,0.004105303380415728,1.0
3905,304.80606189827273,0.004105303380415728,1.0
3906,304.83158565053316,0.004105303380415728,1.0
3907,304.88768325160015,0.004105303380415728,1.0
3908,304.93817448357703,0.004105303380415728,1.0
3909,304.9829427005703,0.004105303380415728,1.0
3910,305.02939491845285,0.004105303380415728,1.0
3911,305.07505465158613,0.004105303380415728,1.0
3912,305.10712549961846,0.004105303380415728,1.0
3913,305.1296790794652,0.004105303380415728,1.0
3914,305.1391034356657,0.004105303380415728,1.0
3915,305.1595807681051,0.004105303380415728,1.0
3916,305.17571991965417,0.004105303380415728,1.0
3917,305.18762406649023,0.004105303380415728,1.0
3918,305.1853352543867,0.004105303380415728,1.0
3919,305.1833218175588,0.004105303380415728,1.0
3920,305.1775459005945,0.004105303380415728,1.0
3921,305.1748166918754,0.004105303380415728,1.0
3922,305.1649635863425,0.004105303380415728,1.0
3923,305.14979917997795,0.004105303380415728,1.0
3924,305.1291650398364,0.004105303380415728,1.0
3925,305.10376405066546,0.004105303380415728,1.0
3926,305.07553699126464,0.004105303380415728,1.0
3927,305.0491979145515,0.004105303380415728,1.0
3928,305.03440635322966,0.004105303380415728,1.0
3929,305.02154870062526,0.004105303380415728,1.0
3930,305.01169254558005,0.004105303380415728,1.0
3931,305.00430034710877,0.004105303380415728,1.0
3932,305.00049846296474,0.004105303380415728,1.0
3933,304.997629728967,0.004105303380415728,1.0
3934,304.9950903550371,0.004105303380415728,1.0
3935,304.9936248211254,0.004105303380415728,1.0
3936,304.9990284778871,0.004105303380415728,1.0
3937,304.99737095101585,0.004105303380415728,1.0
3938,304.9952732056376,0.004105303380415728,1.0
3939,304.9933655156331,0.004105303380415728,1.0
3940,304.99309644661025,0.004105303380415728,1.0
3941,304.99679304702255,0.004105303380415728,1.0
3942,305.002876786373,0.004105303380415728,1.0
3943,305.0119868021345,0.004105303380415728,1.0
3944,305.0314337872872,0.004105303380415728,1.0
3945,305.0755647533667,0.004105303380415728,1.0
3946,305.1006049982118,0.004105303380415728,1.0
3947,305.1113776809694,0.004105303380415728,1.0
3948,305.11107285489203,0.004105303380415728,1.0
3949,305.1229575788675,0.004105303380415728,1.0
3950,305.1303342248214,0.004105303380415728,1.0
3951,305.1292942966624,0.004105303380415728,1.0
3952,305.1269896887982,0.004105303380415728,1.0
3953,305.125395474744,0.004105303380415728,1.0
3954,305.1203102032191,0.004105303380415728,1.0
3955,305.1252379960016,0.004105303380415728,1.0
3956,305.13414165911433,0.004105303380415728,1.0
3957,305.1443798151619,0.004105303380415728,1.0
3958,305.1633533013253,0.004105303380415728,1.0
3959,305.176296483287,0.004105303380415728,1.0
3960,305.18287747884233,0.004105303380415728,1.0
3961,305.19239477489157,0.004105303380415728,1.0
3962,305.19214184990966,0.004105303380415728,1.0
3963,305.1930029818516,0.004105303380415728,1.0
3964,305.2052388494018,0.004105303380415728,1.0
3965,305.2342165364058,0.004105303380415728,1.0
3966,305.26806474523215,0.004105303380415728,1.0
3967,305.279049526769,0.004105303380415728,1.0
3968,305.2780521988207,0.004105303380415728,1.0
3969,305.2737930500618,0.004105303380415728,1.0
3970,305.2727006780519,0.004105303380415728,1.0
3971,305.26576523878407,0.004105303380415728,1.0
3972,305.25453627351544,0.004105303380415728,1.0
3973,305.246724053422,0.004105303380415728,1.0
3974,305.24003620630396,0.004105303380415728,1.0
3975,305.2365594875577,0.004105303380415728,1.0
3976,305.23600229334096,0.004105303380415728,1.0
3977,305.2341944774908,0.004105303380415728,1.0
3978,305.23192352202125,0.004105303380415728,1.0
3979,305.23183998606106,0.004105303380415728,1.0
3980,305.24275308203937,0.004105303380415728,1.0
3981,305.24984599454547,0.004105303380415728,1.0
3982,305.25555758069333,0.004105303380415728,1.0
3983,305.2678015655848,0.004105303380415728,1.0
3984,305.28072938161813,0.004105303380415728,1.0
3985,305.2913682194686,0.004105303380415728,1.0
3986,305.2985122206126,0.004105303380415728,1.0
3987,305.31209696168855,0.004105303380415728,1.0
3988,305.33216849870087,0.004105303380415728,1.0
3989,305.36637892872335,0.004105303380415728,1.0
3990,305.4002157343386,0.004105303380415728,1.0
3991,305.42055776038535,0.004105303380415728,1.0
3992,305.43412155393213,0.004105303380415728,1.0
3993,305.43365363027874,0.004105303380415728,1.0
3994,305.42271264230294,0.004105303380415728,1.0
3995,305.40719792875564,0.004105303380415728,1.0
3996,305.3902465655212,0.004105303380415728,1.0
3997,305.37760079781265,0.004105303380415728,1.0
3998,305.5270439221483,0.004105303380415728,1.0
3999,305.9722576109232,0.004105303380415728,1.0
4000,306.2138250431658,0.004105303380415728,1.0
4001,306.2673163884766,0.004105303380415728,1.0
4002,306.3053401968536,0.004105303380415728,1.0
4003,306.3445561269654,0.004105303380415728,1.0
4004,306.39211399749735,0.004105303380415728,1.0
4005,306.44881853584155,0.004105303380415728,1.0
4006,306.5054216707122,0.004105303380415728,1.0
4007,306.543933052654,0.004105303380415728,1.0
4008,306.59389479583183,0.004105303380415728,1.0
4009,306.61653785197024,0.004105303380415728,1.0
4010,306.6256113232452,0.004105303380415728,1.0
4011,306.6310464896967,0.004105303380415728,1.0
4012,306.6418842400853,0.004105303380415728,1.0
4013,306.66473422489895,0.004105303380415728,1.0
4014,306.6909434417871,0.004105303380415728,1.0
4015,306.73025464606906,0.004105303380415728,1.0
4016,306.7423661742879,0.004105303380415728,1.0
4017,306.74102182500064,0.004105303380415728,1.0
4018,306.72352566972944,0.004105303380415728,1.0
4019,306.6966873464387,0.004105303380415728,1.0
4020,306.67696488670833,0.004105303380415728,1.0
4021,306.65863245660074,0.004105303380415728,1.0
4022,306.63402613808375,0.004105303380415728,1.0
4023,306.61184502517995,0.004105303380415728,1.0
4024,306.6019672100042,0.004105303380415728,1.0
4025,306.58895383283885,0.004105303380415728,1.0
4026,306.57429345052026,0.004105303380415728,1.0
4027,306.5681607237403,0.004105303380415728,1.0
4028,306.5665561902651,0.004105303380415728,1.0
4029,306.57053161703425,0.004105303380415728,1.0
4030,306.5702957280458,0.004105303380415728,1.0
4031,306.58632325998593,0.004105303380415728,1.0
4032,306.5953777084671,0.004105303380415728,1.0
4033,306.59453690204543,0.004105303380415728,1.0
4034,306.5941497691108,0.004105303380415728,1.0
4035,306.5932186801742,0.004105303380415728,1.0
4036,306.59210037629435,0.004105303380415728,1.0
4037,306.6061042142525,0.004105303380415728,1.0
4038,306.6310488078603,0.004105303380415728,1.0
4039,306.6840977511433,0.004105303380415728,1.0
4040,306.6855311959205,0.004105303380415728,1.0
4041,306.68273423385557,0.004105303380415728,1.0
4042,306.8310408697204,0.004105303380415728,1.0
4043,306.82373335444464,0.004105303380415728,1.0
4044,306.80239690600723,0.004105303380415728,1.0
4045,307.1543897078776,0.004105303380415728,1.0
4046,307.50231635790976,0.004105303380415728,1.0
4047,307.7313448233079,0.004105303380415728,1.0
4048,308.30215691825134,0.004105303380415728,1.0
4049,308.7769086729308,0.004105303380415728,1.0
4050,308.8521268717607,0.004105303380415728,1.0
4051,308.9349139406178,0.004105303380415728,1.0
4052,309.03845488780206,0.004105303380415728,1.0
4053,309.1310352728686,0.004105303380415728,1.0
4054,309.2041829096703,0.004105303380415728,1.0
4055,309.2696596669302,0.004105303380415728,1.0
4056,309.31590494274116,0.004105303380415728,1.0
4057,309.35159659717294,0.004105303380415728,1.0
4058,309.38164438001127,0.004105303380415728,1.0
4059,309.39992723543645,0.004105303380415728,1.0
4060,309.41929957396263,0.004105303380415728,1.0
4061,309.44357180585934,0.004105303380415728,1.0
4062,309.5244983337919,0.004105303380415728,1.0
4063,309.5745170595124,0.004105303380415728,1.0
4064,309.5801112852802,0.004105303380415728,1.0
4065,309.7765997081221,0.004105303380415728,1.0
4066,310.123042974689,0.004105303380415728,1.0
4067,310.1801491267085,0.004105303380415728,1.0
4068,310.38819445773703,0.004105303380415728,1.0
4069,310.81093681534986,0.004105303380415728,1.0
4070,311.58164386284847,0.004105303380415728,1.0
4071,312.09276811884655,0.004105303380415728,1.0
4072,312.17951606774324,0.004105303380415728,1.0
4073,312.24794818745323,0.004105303380415728,1.0
4074,312.2810104022425,0.004105303380415728,1.0
4075,312.34113250528895,0.004105303380415728,1.0
4076,312.4024070854626,0.004105303380415728,1.0
4077,312.47485543026846,0.004105303380415728,1.0
4078,312.52526517219957,0.004105303380415728,1.0
4079,312.5715702055132,0.004105303380415728,1.0
4080,312.6128575945165,0.004105303380415728,1.0
4081,312.6364979934363,0.004105303380415728,1.0
4082,312.6560766163516,0.004105303380415728,1.0
4083,312.67459119562943,0.004105303380415728,1.0
4084,312.70075083364856,0.004105303380415728,1.0
4085,312.72121637791713,0.004105303380415728,1.0
4086,312.74802283143896,0.004105303380415728,1.0
4087,312.77846859717965,0.004105303380415728,1.0
4088,312.7899945614701,0.004105303380415728,1.0
4089,312.7897783155915,0.004105303380415728,1.0
4090,312.80587534794444,0.004105303380415728,1.0
4091,312.8660520006298,0.004105303380415728,1.0
4092,312.9281701285244,0.004105303380415728,1.0
4093,312.9812662007687,0.004105303380415728,1.0
4094,312.9879343345335,0.004105303380415728,1.0
4095,312.9964445447142,0.004105303380415728,1.0
4096,313.0075118787593,0.004105303380415728,1.0
4097,313.0150875549259,0.004105303380415728,1.0
4098,313.02958347862244,0.004105303380415728,1.0
4099,313.04231469833127,0.004105303380415728,1.0
4100,313.0556390754775,0.004105303380415728,1.0
4101,313.0842018646246,0.004105303380415728,1.0
4102,313.11368155812517,0.004105303380415728,1.0
4103,313.15150964181737,0.004105303380415728,1.0
4104,313.20038299547247,0.004105303380415728,1.0
4105,313.2112143059225,0.004105303380415728,1.0
4106,313.2183981023363,0.004105303380415728,1.0
4107,313.2180602755655,0.004105303380415728,1.0
4108,313.2179021337668,0.004105303380415728,1.0
4109,313.22330157110355,0.004105303380415728,1.0
4110,313.24353343502446,0.004105303380415728,1.0
4111,313.25845259836905,0.004105303380415728,1.0
4112,313.30360974646266,0.004105303380415728,1.0
4113,313.335820918279,0.004105303380415728,1.0
4114,313.3466906585873,0.004105303380415728,1.0
4115,313.3452663386121,0.004105303380415728,1.0
4116,313.3420015356052,0.004105303380415728,1.0
4117,313.3419883788951,0.004105303380415728,1.0
4118,313.34675880379774,0.004105303380415728,1.0
4119,313.3527345487842,0.004105303380415728,1.0
4120,313.36117807948153,0.004105303380415728,1.0
4121,313.37567555517853,0.004105303380415728,1.0
4122,313.4052531795404,0.004105303380415728,1.0
4123,313.43895226287424,0.004105303380415728,1.0
4124,313.4831450901907,0.004105303380415728,1.0
4125,313.5259088232361,0.004105303380415728,1.0
4126,313.5599483372901,0.004105303380415728,1.0
4127,313.5786791088699,0.004105303380415728,1.0
4128,313.60633479817193,0.004105303380415728,1.0
4129,313.616733227708,0.004105303380415728,1.0
4130,313.6225208973352,0.004105303380415728,1.0
4131,313.62220946285936,0.004105303380415728,1.0
4132,313.65388521752305,0.004105303380415728,1.0
4133,313.6645588647916,0.004105303380415728,1.0
4134,313.6748194243067,0.004105303380415728,1.0
4135,313.69177575595864,0.004105303380415728,1.0
4136,313.6908994446551,0.004105303380415728,1.0
4137,314.26650043428367,0.004105303380415728,1.0
4138,314.9987598927055,0.004105303380415728,1.0
4139,315.8422823207775,0.004105303380415728,1.0
4140,315.9299061299789,0.004105303380415728,1.0
4141,315.96108269337446,0.004105303380415728,1.0
4142,315.985098003761,0.004105303380415728,1.0
4143,315.9924276618836,0.004105303380415728,1.0
4144,315.99120516892856,0.004105303380415728,1.0
4145,315.988211558634,0.004105303380415728,1.0
4146,315.98578909869457,0.004105303380415728,1.0
4147,315.99728242081835,0.004105303380415728,1.0
4148,316.0068262177455,0.004105303380415728,1.0
4149,316.0326905350702,0.004105303380415728,1.0
4150,316.05534121412956,0.004105303380415728,1.0
4151,316.07106826259053,0.004105303380415728,1.0
4152,316.09495792390766,0.004105303380415728,1.0
4153,316.1085136502155,0.004105303380415728,1.0
4154,316.11737991320047,0.004105303380415728,1.0
4155,316.12116018781,0.004105303380415728,1.0
4156,316.11876674963617,0.004105303380415728,1.0
4157,316.140090036387,0.004105303380415728,1.0
4158,316.1579185299191,0.004105303380415728,1.0
4159,316.2583455949025,0.004105303380415728,1.0
4160,316.2808009722772,0.004105303380415728,1.0
4161,316.31540451355164,0.004105303380415728,1.0
4162,316.30372668997626,0.004105303380415728,1.0
4163,316.29870217826004,0.004105303380415728,1.0
4164,316.29564358888416,0.004105303380415728,1.0
4165,316.3272756786961,0.004105303380415728,1.0
4166,316.9925391921893,0.004105303380415728,1.0
4167,317.1400268572776,0.004105303380415728,1.0
4168,317.18551255763015,0.004105303380415728,1.0
4169,317.2134256723476,0.004105303380415728,1.0
4170,317.22587688712247,0.004105303380415728,1.0
4171,317.26028521231336,0.004105303380415728,1.0
4172,317.2914775672609,0.004105303380415728,1.0
4173,317.3234536092984,0.004105303380415728,1.0
4174,317.3467522529805,0.004105303380415728,1.0
4175,317.37065753124847,0.004105303380415728,1.0
4176,317.3853839468659,0.004105303380415728,1.0
4177,317.40202846604984,0.004105303380415728,1.0
4178,317.40917916246514,0.004105303380415728,1.0
4179,317.4106795205711,0.004105303380415728,1.0
4180,317.41934713117,0.004105303380415728,1.0
4181,317.4408454714844,0.004105303380415728,1.0
4182,317.4780671700119,0.004105303380415728,1.0
4183,317.4888069295176,0.004105303380415728,1.0
4184,317.48248555293753,0.004105303380415728,1.0
4185,317.4948716693274,0.004105303380415728,1.0
4186,317.51129118337775,0.004105303380415728,1.0
4187,317.51087888933705,0.004105303380415728,1.0
4188,317.50873767098983,0.004105303380415728,1.0
4189,317.50486576597285,0.004105303380415728,1.0
4190,317.49692456893075,0.004105303380415728,1.0
4191,317.67401513950114,0.004105303380415728,1.0
4192,318.1932761112567,0.004105303380415728,1.0
4193,318.71771083812774,0.004105303380415728,1.0
4194,318.8390030203111,0.004105303380415728,1.0
4195,318.9014684044194,0.004105303380415728,1.0
4196,318.958208594631,0.004105303380415728,1.0
4197,319.018653882373,0.004105303380415728,1.0
4198,319.0743124700112,0.004105303380415728,1.0
4199,319.1284783332432,0.004105303380415728,1.0
4200,319.1728741226099,0.004105303380415728,1.0
4201,319.1996538378136,0.004105303380415728,1.0
4202,319.2202764290166,0.004105303380415728,1.0
4203,319.22857141331644,0.004105303380415728,1.0
4204,319.2554973522068,0.004105303380415728,1.0
4205,319.27039171698317,0.004105303380415728,1.0
4206,319.3133888414106,0.004105303380415728,1.0
4207,319.3531580965263,0.004105303380415728,1.0
4208,319.3530860216461,0.004105303380415728,1.0
4209,319.46944671352134,0.004105303380415728,1.0
4210,319.48679573065175,0.004105303380415728,1.0
4211,319.48671600335234,0.004105303380415728,1.0
4212,319.4856615441629,0.004105303380415728,1.0
4213,319.4830622464229,0.004105303380415728,1.0
4214,319.47482903285135,0.004105303380415728,1.0
4215,319.4920486716789,0.004105303380415728,1.0
4216,319.46868768739165,0.004105303380415728,1.0
4217,319.46316034413206,0.004105303380415728,1.0
4218,319.4580012761831,0.004105303380415728,1.0
4219,319.4573719143814,0.004105303380415728,1.0
4220,319.4572671153548,0.004105303380415728,1.0
4221,319.46857863735164,0.004105303380415728,1.0
4222,319.478666589508,0.004105303380415728,1.0
4223,319.48519241340216,0.004105303380415728,1.0
4224,319.4889776856345,0.004105303380415728,1.0
4225,319.49475151261953,0.004105303380415728,1.0
4226,319.4966975630596,0.004105303380415728,1.0
4227,319.49678352429345,0.004105303380415728,1.0
4228,319.5092089510953,0.004105303380415728,1.0
4229,319.5126692359946,0.004105303380415728,1.0
4230,319.55020457948086,0.004105303380415728,1.0
4231,319.5843371682961,0.004105303380415728,1.0
4232,319.5926186481181,0.004105303380415728,1.0
4233,319.5902060403332,0.004105303380415728,1.0
4234,319.5866011868708,0.004105303380415728,1.0
4235,319.5839108071695,0.004105303380415728,1.0
4236,319.76652495900083,0.004105303380415728,1.0
4237,320.09946551716223,0.004105303380415728,1.0
4238,320.55143055323333,0.004105303380415728,1.0
4239,320.60690756722414,0.004105303380415728,1.0
4240,320.66830740399354,0.004105303380415728,1.0
4241,320.70536751243276,0.004105303380415728,1.0
4242,320.7071800272646,0.004105303380415728,1.0
4243,320.7134845238861,0.004105303380415728,1.0
4244,320.72335295763264,0.004105303380415728,1.0
4245,320.74016397000895,0.004105303380415728,1.0
4246,320.7679859701076,0.004105303380415728,1.0
4247,320.7968456908784,0.004105303380415728,1.0
4248,320.8252082518542,0.004105303380415728,1.0
4249,320.84236738693363,0.004105303380415728,1.0
4250,320.8567488010839,0.004105303380415728,1.0
4251,320.86446988531156,0.004105303380415728,1.0
4252,320.86838731283007,0.004105303380415728,1.0
4253,320.86855752827233,0.004105303380415728,1.0
4254,320.87253667142755,0.004105303380415728,1.0
4255,320.88009156492956,0.004105303380415728,1.0
4256,320.88122667482725,0.004105303380415728,1.0
4257,320.9016491388028,0.004105303380415728,1.0
4258,320.9857368356225,0.004105303380415728,1.0
4259,321.4592317274223,0.004105303380415728,1.0
4260,321.56809291210953,0.004105303380415728,1.0
4261,321.616652705591,0.004105303380415728,1.0
4262,321.673229856308,0.004105303380415728,1.0
4263,321.69194124947745,0.004105303380415728,1.0
4264,321.6894699207171,0.004105303380415728,1.0
4265,321.6859057292411,0.004105303380415728,1.0
4266,321.6837444411456,0.004105303380415728,1.0
4267,321.68180747539355,0.004105303380415728,1.0
4268,321.6919482886953,0.004105303380415728,1.0
4269,321.71056204532204,0.004105303380415728,1.0
4270,321.73296901043733,0.004105303380415728,1.0
4271,321.7560872031471,0.004105303380415728,1.0
4272,321.7691599478401,0.004105303380415728,1.0
4273,321.78193484134954,0.004105303380415728,1.0
4274,321.782529932048,0.004105303380415728,1.0
4275,321.781949191358,0.004105303380415728,1.0
4276,321.78614836040504,0.004105303380415728,1.0
4277,321.806188631193,0.004105303380415728,1.0
4278,321.8146997171264,0.004105303380415728,1.0
4279,321.81377666055056,0.004105303380415728,1.0
4280,321.85981694899164,0.004105303380415728,1.0
4281,322.5128685134376,0.004105303380415728,1.0
4282,322.9545731747821,0.004105303380415728,1.0
4283,322.955881428455,0.004105303380415728,1.0
4284,322.95277745422277,0.004105303380415728,1.0
4285,322.9432984299398,0.004105303380415728,1.0
4286,322.9323136724603,0.004105303380415728,1.0
4287,322.9235000963321,0.004105303380415728,1.0
4288,322.91436503372415,0.004105303380415728,1.0
4289,322.906427618147,0.004105303380415728,1.0
4290,322.89864148557683,0.004105303380415728,1.0
4291,322.89329656808235,0.004105303380415728,1.0
4292,322.8906965662188,0.004105303380415728,1.0
4293,322.88858614830656,0.004105303380415728,1.0
4294,322.88751052572866,0.004105303380415728,1.0
4295,322.8925739819609,0.004105303380415728,1.0
4296,322.8969880460281,0.004105303380415728,1.0
4297,322.8991078794904,0.004105303380415728,1.0
4298,322.9012634357026,0.004105303380415728,1.0
4299,322.90040359980406,0.004105303380415728,1.0
4300,322.8952997622387,0.004105303380415728,1.0
4301,322.91073299421225,0.004105303380415728,1.0
4302,322.9629386489157,0.004105303380415728,1.0
4303,323.17272424507973,0.004105303380415728,1.0
4304,323.6980147980389,0.004105303380415728,1.0
4305,324.00636119518214,0.004105303380415728,1.0
4306,324.09913538906704,0.004105303380415728,1.0
4307,324.1451227823984,0.004105303380415728,1.0
4308,324.1590714473188,0.004105303380415728,1.0
4309,324.1685228894545,0.004105303380415728,1.0
4310,324.16139801203104,0.004105303380415728,1.0
4311,324.1518889872466,0.004105303380415728,1.0
4312,324.14510660482694,0.004105303380415728,1.0
4313,324.1387556968312,0.004105303380415728,1.0
4314,324.1307327453464,0.004105303380415728,1.0
4315,324.12812245321754,0.004105303380415728,1.0
4316,324.1243682663877,0.004105303380415728,1.0
4317,324.1284315346724,0.004105303380415728,1.0
4318,324.1363630560509,0.004105303380415728,1.0
4319,324.1414885149746,0.004105303380415728,1.0
4320,324.14201209664355,0.004105303380415728,1.0
4321,324.14239379510155,0.004105303380415728,1.0
4322,324.14790706239245,0.004105303380415728,1.0
4323,324.14872015763336,0.004105303380415728,1.0
4324,324.1611178976019,0.004105303380415728,1.0
4325,324.19921341878324,0.004105303380415728,1.0
4326,324.23653128681883,0.004105303380415728,1.0
4327,324.27215703628406,0.004105303380415728,1.0
4328,324.2678290788768,0.004105303380415728,1.0
4329,324.25824317914334,0.004105303380415728,1.0
4330,324.2419758548123,0.004105303380415728,1.0
4331,324.2186423301298,0.004105303380415728,1.0
4332,324.19217599491907,0.004105303380415728,1.0
4333,324.16174135647753,0.004105303380415728,1.0
4334,324.1449459624432,0.004105303380415728,1.0
4335,324.1264010862581,0.004105303380415728,1.0
4336,324.1213271911025,0.004105303380415728,1.0
4337,324.1149217806958,0.004105303380415728,1.0
4338,324.1078355469473,0.004105303380415728,1.0
4339,324.1367191018372,0.004105303380415728,1.0
4340,324.1357583834517,0.004105303380415728,1.0
4341,324.1432452762897,0.004105303380415728,1.0
4342,324.14993344442126,0.004105303380415728,1.0
4343,324.15714583762445,0.004105303380415728,1.0
4344,324.17142202057437,0.004105303380415728,1.0
4345,324.1730503896873,0.004105303380415728,1.0
4346,324.17450883411686,0.004105303380415728,1.0
4347,324.1739162842144,0.004105303380415728,1.0
4348,324.17337392016276,0.004105303380415728,1.0
4349,324.1893150473051,0.004105303380415728,1.0
4350,324.20099127547877,0.004105303380415728,1.0
4351,324.20796654620506,0.004105303380415728,1.0
4352,324.21135453871796,0.004105303380415728,1.0
4353,324.22026017044004,0.004105303380415728,1.0
4354,324.2103769948877,0.004105303380415728,1.0
4355,324.19601724759957,0.004105303380415728,1.0
4356,324.18271784093105,0.004105303380415728,1.0
4357,324.1779993893104,0.004105303380415728,1.0
4358,324.1656673272759,0.004105303380415728,1.0
4359,324.15963711706377,0.004105303380415728,1.0
4360,324.14677735133154,0.004105303380415728,1.0
4361,324.1426457301318,0.004105303380415728,1.0
4362,324.13769980231615,0.004105303380415728,1.0
4363,324.13449614978106,0.004105303380415728,1.0
4364,324.13269511975176,0.004105303380415728,1.0
4365,324.13439879982985,0.004105303380415728,1.0
4366,324.1391152997636,0.004105303380415728,1.0
4367,324.14304371871316,0.004105303380415728,1.0
4368,324.1566889250587,0.004105303380415728,1.0
4369,324.17599209037655,0.004105303380415728,1.0
4370,324.17596025107935,0.004105303380415728,1.0
4371,324.1756571106612,0.004105303380415728,1.0
4372,324.18344395541305,0.004105303380415728,1.0
4373,324.20769825591157,0.004105303380415728,1.0
4374,324.23306101274324,0.004105303380415728,1.0
4375,324.25771027737835,0.004105303380415728,1.0
4376,324.2562806380099,0.004105303380415728,1.0
4377,324.25066328313443,0.004105303380415728,1.0
4378,324.2439386674783,0.004105303380415728,1.0
4379,324.233292908753,0.004105303380415728,1.0
4380,324.22239785138595,0.004105303380415728,1.0
4381,324.21545564957984,0.004105303380415728,1.0
4382,324.2205223222428,0.004105303380415728,1.0
4383,324.66540333679353,0.004105303380415728,1.0
4384,324.71703329038974,0.004105303380415728,1.0
4385,324.734128804401,0.004105303380415728,1.0
4386,324.74348026955994,0.004105303380415728,1.0
4387,324.7683567063557,0.004105303380415728,1.0
4388,324.7893528286218,0.004105303380415728,1.0
4389,324.8156458839806,0.004105303380415728,1.0
4390,324.849230082261,0.004105303380415728,1.0
4391,324.8850032299981,0.004105303380415728,1.0
4392,324.90945178524777,0.004105303380415728,1.0
4393,324.923982384804,0.004105303380415728,1.0
4394,324.9331996844873,0.004105303380415728,1.0
4395,324.9382372216293,0.004105303380415728,1.0
4396,324.9377660027732,0.004105303380415728,1.0
4397,324.95187712322655,0.004105303380415728,1.0
4398,324.97962858988586,0.004105303380415728,1.0
4399,325.31693240608314,0.004105303380415728,1.0
4400,325.9908125765694,0.004105303380415728,1.0
4401,326.69282003038376,0.004105303380415728,1.0
4402,327.7293286620019,0.004105303380415728,1.0
4403,328.25761134854133,0.004105303380415728,1.0
4404,328.3656503826724,0.004105303380415728,1.0
4405,328.4642742038102,0.004105303380415728,1.0
4406,328.45345006966465,0.004105303380415728,1.0
4407,328.46086861979904,0.004105303380415728,1.0
4408,328.49120647153455,0.004105303380415728,1.0
4409,328.4988878375203,0.004105303380415728,1.0
4410,328.4941159616891,0.004105303380415728,1.0
4411,328.4939618645749,0.004105303380415728,1.0
4412,328.49282014697366,0.004105303380415728,1.0
4413,328.51482127852614,0.004105303380415728,1.0
4414,328.5341016761073,0.004105303380415728,1.0
4415,328.55221371665175,0.004105303380415728,1.0
4416,328.570728529308,0.004105303380415728,1.0
4417,328.58156701604486,0.004105303380415728,1.0
4418,328.5945853318021,0.004105303380415728,1.0
4419,328.59897959791573,0.004105303380415728,1.0
4420,328.60967268119344,0.004105303380415728,1.0
4421,328.60470053458073,0.004105303380415728,1.0
4422,328.63830304835346,0.004105303380415728,1.0
4423,328.69757799186124,0.004105303380415728,1.0
4424,328.7393382848934,0.004105303380415728,1.0
4425,328.7384899847523,0.004105303380415728,1.0
4426,328.71998455337535,0.004105303380415728,1.0
4427,328.7014934970043,0.004105303380415728,1.0
4428,328.677236069608,0.004105303380415728,1.0
4429,328.6495785038289,0.004105303380415728,1.0
4430,328.6243827006098,0.004105303380415728,1.0
4431,328.60070745707924,0.004105303380415728,1.0
4432,328.58706523486745,0.004105303380415728,1.0
4433,328.579462587688,0.004105303380415728,1.0
4434,328.5693267141678,0.004105303380415728,1.0
4435,328.5650306222996,0.004105303380415728,1.0
4436,328.5628192941063,0.004105303380415728,1.0
4437,328.56304884266837,0.004105303380415728,1.0
4438,328.5691809463369,0.004105303380415728,1.0
4439,328.5778718704137,0.004105303380415728,1.0
4440,328.57782181378377,0.004105303380415728,1.0
4441,328.58262962329394,0.004105303380415728,1.0
4442,328.5825858595529,0.004105303380415728,1.0
4443,328.5810370492502,0.004105303380415728,1.0
4444,328.57934569921787,0.004105303380415728,1.0
4445,328.57905268464725,0.004105303380415728,1.0
4446,328.5899129825873,0.004105303380415728,1.0
4447,328.59883510416074,0.004105303380415728,1.0
4448,328.61424949256593,0.004105303380415728,1.0
4449,328.6482426989895,0.004105303380415728,1.0
4450,328.68517078558745,0.004105303380415728,1.0
4451,328.7259816516398,0.004105303380415728,1.0
4452,328.74914032464625,0.004105303380415728,1.0
4453,328.7435458314485,0.004105303380415728,1.0
4454,328.73113056613965,0.004105303380415728,1.0
4455,328.7201679609975,0.004105303380415728,1.0
4456,328.7116963599927,0.004105303380415728,1.0
4457,328.7041960297106,0.004105303380415728,1.0
4458,328.6969287970588,0.004105303380415728,1.0
4459,328.6912715798237,0.004105303380415728,1.0
4460,328.69112128149476,0.004105303380415728,1.0
4461,328.69713911747203,0.004105303380415728,1.0
4462,328.7030882000827,0.004105303380415728,1.0
4463,328.7119346836866,0.004105303380415728,1.0
4464,328.7112890480192,0.004105303380415728,1.0
4465,328.7101734531121,0.004105303380415728,1.0
4466,328.7103982832846,0.004105303380415728,1.0
4467,328.7100089034557,0.004105303380415728,1.0
4468,328.7135738206953,0.004105303380415728,1.0
4469,328.72590227307535,0.004105303380415728,1.0
4470,328.73042366508577,0.004105303380415728,1.0
4471,328.7416946023918,0.004105303380415728,1.0
4472,328.7410218170534,0.004105303380415728,1.0
4473,328.7335226599669,0.004105303380415728,1.0
4474,328.93240001145773,0.004105303380415728,1.0
4475,329.6192266625752,0.004105303380415728,1.0
4476,329.71873994978023,0.004105303380415728,1.0
4477,329.75176689102227,0.004105303380415728,1.0
4478,329.75646356407077,0.004105303380415728,1.0
4479,329.7647290690594,0.004105303380415728,1.0
4480,329.766847297295,0.004105303380415728,1.0
4481,329.76346370932583,0.004105303380415728,1.0
4482,329.75668855251746,0.004105303380415728,1.0
4483,329.7521865745798,0.004105303380415728,1.0
4484,329.750296949457,0.004105303380415728,1.0
4485,329.74895477027826,0.004105303380415728,1.0
4486,329.7979673488169,0.004105303380415728,1.0
4487,329.7967977898765,0.004105303380415728,1.0
4488,329.79732262511726,0.004105303380415728,1.0
4489,329.80566067824464,0.004105303380415728,1.0
4490,329.8157156302334,0.004105303380415728,1.0
4491,329.81513433055517,0.004105303380415728,1.0
4492,329.8146231181356,0.004105303380415728,1.0
4493,329.8156001475657,0.004105303380415728,1.0
4494,329.83575183601005,0.004105303380415728,1.0
4495,329.86374504358065,0.004105303380415728,1.0
4496,329.8889223040939,0.004105303380415728,1.0
4497,329.9196368825693,0.004105303380415728,1.0
4498,329.9116400012923,0.004105303380415728,1.0
4499,329.90544296487417,0.004105303380415728,1.0
4500,329.89621604596454,0.004105303380415728,1.0
4501,329.8690277092214,0.004105303380415728,1.0
4502,329.8457779706649,0.004105303380415728,1.0
4503,330.01490156015404,0.004105303380415728,1.0
4504,330.0234995384312,0.004105303380415728,1.0
4505,330.0193497825772,0.004105303380415728,1.0
4506,330.01788133988185,0.004105303380415728,1.0
4507,330.01786357843054,0.004105303380415728,1.0
4508,330.03412085433433,0.004105303380415728,1.0
4509,330.0575398508524,0.004105303380415728,1.0
4510,330.0695022667157,0.004105303380415728,1.0
4511,330.0874832679454,0.004105303380415728,1.0
4512,330.16188047425277,0.004105303380415728,1.0
4513,330.1751538121097,0.004105303380415728,1.0
4514,330.18013438526253,0.004105303380415728,1.0
4515,330.18231041987997,0.004105303380415728,1.0
4516,330.19392658096456,0.004105303380415728,1.0
4517,330.2126261537769,0.004105303380415728,1.0
4518,330.229580019483,0.004105303380415728,1.0
4519,330.2497125533789,0.004105303380415728,1.0
4520,330.24184825471474,0.004105303380415728,1.0
4521,330.23698291864133,0.004105303380415728,1.0
4522,330.22364793163683,0.004105303380415728,1.0
4523,330.21016679295934,0.004105303380415728,1.0
4524,330.1990111832742,0.004105303380415728,1.0
4525,330.1895331522753,0.004105303380415728,1.0
4526,330.1732590960249,0.004105303380415728,1.0
4527,330.22231979946946,0.004105303380415728,1.0
4528,330.21977157342366,0.004105303380415728,1.0
4529,330.2284302734355,0.004105303380415728,1.0
4530,330.22143762023,0.004105303380415728,1.0
4531,330.2167163481581,0.004105303380415728,1.0
4532,330.2158113527233,0.004105303380415728,1.0
4533,330.2224154644045,0.004105303380415728,1.0
4534,330.2254408183641,0.004105303380415728,1.0
4535,330.22534526909214,0.004105303380415728,1.0
4536,330.22822659781707,0.004105303380415728,1.0
4537,330.22792342209755,0.004105303380415728,1.0
4538,330.22637976960556,0.004105303380415728,1.0
4539,330.225491898559,0.004105303380415728,1.0
4540,330.22413955948406,0.004105303380415728,1.0
4541,330.24409392978794,0.004105303380415728,1.0
4542,330.2538990247,0.004105303380415728,1.0
4543,330.2522561209717,0.004105303380415728,1.0
4544,330.2511078342881,0.004105303380415728,1.0
4545,330.2486755445732,0.004105303380415728,1.0
4546,330.236959603147,0.004105303380415728,1.0
4547,330.2240898398613,0.004105303380415728,1.0
4548,330.841569717572,0.004105303380415728,1.0
4549,331.3780309306082,0.004105303380415728,1.0
4550,331.53067947987535,0.004105303380415728,1.0
4551,331.5614183318947,0.004105303380415728,1.0
4552,331.59454723651976,0.004105303380415728,1.0
4553,331.5943972098345,0.004105303380415728,1.0
4554,331.5921046094241,0.004105303380415728,1.0
4555,331.58890427325485,0.004105303380415728,1.0
4556,331.5884474919137,0.004105303380415728,1.0
4557,331.599087855305,0.004105303380415728,1.0
4558,331.63635555720026,0.004105303380415728,1.0
4559,331.6583415154447,0.004105303380415728,1.0
4560,331.7183092031338,0.004105303380415728,1.0
4561,331.7318705224316,0.004105303380415728,1.0
4562,331.7375496775627,0.004105303380415728,1.0
4563,331.737039901748,0.004105303380415728,1.0
4564,331.7411858521896,0.004105303380415728,1.0
4565,331.75054193664846,0.004105303380415728,1.0
4566,331.7700980312888,0.004105303380415728,1.0
4567,331.76487823329774,0.004105303380415728,1.0
4568,331.761979700335,0.004105303380415728,1.0
4569,331.76631215367723,0.004105303380415728,1.0
4570,331.76110457072974,0.004105303380415728,1.0
4571,331.75588253902345,0.004105303380415728,1.0
4572,331.7317093661473,0.004105303380415728,1.0
4573,331.72729963311497,0.004105303380415728,1.0
4574,331.7247312173483,0.004105303380415728,1.0
4575,331.7130789774568,0.004105303380415728,1.0
4576,331.70776365268046,0.004105303380415728,1.0
4577,331.7032157781901,0.004105303380415728,1.0
4578,331.70163145895305,0.004105303380415728,1.0
4579,331.6973014886893,0.004105303380415728,1.0
4580,331.69816217332385,0.004105303380415728,1.0
4581,331.7238173251844,0.004105303380415728,1.0
4582,331.73971291397226,0.004105303380415728,1.0
4583,331.752614291837,0.004105303380415728,1.0
4584,331.76365089766307,0.004105303380415728,1.0
4585,331.7663543928389,0.004105303380415728,1.0
4586,331.76475762642707,0.004105303380415728,1.0
4587,331.7630919392068,0.004105303380415728,1.0
4588,331.76220654320696,0.004105303380415728,1.0
4589,331.7688285783935,0.004105303380415728,1.0
4590,331.7856687279294,0.004105303380415728,1.0
4591,331.8153564394486,0.004105303380415728,1.0
4592,331.83109767908974,0.004105303380415728,1.0
4593,331.92968285467197,0.004105303380415728,1.0
4594,331.92933869773583,0.004105303380415728,1.0
4595,331.9267771568406,0.004105303380415728,1.0
4596,331.91515936281354,0.004105303380415728,1.0
4597,331.89605691777996,0.004105303380415728,1.0
4598,331.87703876723475,0.004105303380415728,1.0
4599,331.85608472571215,0.004105303380415728,1.0
4600,331.8415234298176,0.004105303380415728,1.0
4601,331.8317918952999,0.004105303380415728,1.0
4602,331.8203881794298,0.004105303380415728,1.0
4603,331.81215774796914,0.004105303380415728,1.0
4604,331.8055550926981,0.004105303380415728,1.0
4605,331.8044306763044,0.004105303380415728,1.0
4606,331.8041630298348,0.004105303380415728,1.0
4607,331.8101928555951,0.004105303380415728,1.0
4608,331.81038417389277,0.004105303380415728,1.0
4609,331.80925972022357,0.004105303380415728,1.0
4610,331.8112697520962,0.004105303380415728,1.0
4611,331.81947682935146,0.004105303380415728,1.0
4612,331.83058361035,0.004105303380415728,1.0
4613,331.84400609315486,0.004105303380415728,1.0
4614,331.8797589653482,0.004105303380415728,1.0
4615,331.93204545133716,0.004105303380415728,1.0
4616,332.3901421847098,0.004105303380415728,1.0
4617,332.87272380170896,0.004105303380415728,1.0
4618,333.34035503551854,0.004105303380415728,1.0
4619,333.4497450610926,0.004105303380415728,1.0
4620,333.5409420128391,0.004105303380415728,1.0
4621,333.54137815166126,0.004105303380415728,1.0
4622,333.5324165754604,0.004105303380415728,1.0
4623,333.52350682514424,0.004105303380415728,1.0
4624,333.5154527115014,0.004105303380415728,1.0
4625,333.5092470900165,0.004105303380415728,1.0
4626,333.5010520654086,0.004105303380415728,1.0
4627,333.4984373896762,0.004105303380415728,1.0
4628,333.4968913908056,0.004105303380415728,1.0
4629,333.5006141775987,0.004105303380415728,1.0
4630,333.5035406666564,0.004105303380415728,1.0
4631,333.50334563391135,0.004105303380415728,1.0
4632,333.50291516713116,0.004105303380415728,1.0
4633,333.50174527583994,0.004105303380415728,1.0
4634,333.49992584067707,0.004105303380415728,1.0
4635,333.4977428290402,0.004105303380415728,1.0
4636,333.5128485724726,0.004105303380415728,1.0
4637,333.5199289239077,0.004105303380415728,1.0
4638,333.5869846834304,0.004105303380415728,1.0
4639,333.62726257289654,0.004105303380415728,1.0
4640,333.66116274539456,0.004105303380415728,1.0
4641,333.6647406449403,0.004105303380415728,1.0
4642,333.6646768980395,0.004105303380415728,1.0
4643,333.6618742917639,0.004105303380415728,1.0
4644,333.6589754164569,0.004105303380415728,1.0
4645,333.6498139183881,0.004105303380415728,1.0
4646,333.64271893081553,0.004105303380415728,1.0
4647,333.6337626830711,0.004105303380415728,1.0
4648,333.62752903950746,0.004105303380415728,1.0
4649,333.6224898058617,0.004105303380415728,1.0
4650,333.61444113090886,0.004105303380415728,1.0
4651,333.6101768054459,0.004105303380415728,1.0
4652,333.6091635703508,0.004105303380415728,1.0
4653,333.6090333006783,0.004105303380415728,1.0
4654,333.6112788954829,0.004105303380415728,1.0
4655,333.61740450803126,0.004105303380415728,1.0
4656,333.6333671866633,0.004105303380415728,1.0
4657,333.6422729662598,0.004105303380415728,1.0
4658,333.64648056649537,0.004105303380415728,1.0
4659,333.6470080865186,0.004105303380415728,1.0
4660,333.6560211874344,0.004105303380415728,1.0
4661,333.65588204550033,0.004105303380415728,1.0
4662,333.65478980010676,0.004105303380415728,1.0
4663,333.6585054675608,0.004105303380415728,1.0
4664,333.65786751532625,0.004105303380415728,1.0
4665,333.65706031620584,0.004105303380415728,1.0
4666,333.65354149231763,0.004105303380415728,1.0
4667,333.650362462389,0.004105303380415728,1.0
4668,333.6452576256719,0.004105303380415728,1.0
4669,333.6384500317121,0.004105303380415728,1.0
4670,333.6285996992739,0.004105303380415728,1.0
4671,333.6205173289882,0.004105303380415728,1.0
4672,333.616887076518,0.004105303380415728,1.0
4673,333.61090526918707,0.004105303380415728,1.0
4674,333.609568471704,0.004105303380415728,1.0
4675,333.6069681925237,0.004105303380415728,1.0
4676,333.6058870263452,0.004105303380415728,1.0
4677,333.6209886454512,0.004105303380415728,1.0
4678,333.64097897356214,0.004105303380415728,1.0
4679,333.65543119889367,0.004105303380415728,1.0
4680,333.6690866083041,0.004105303380415728,1.0
4681,333.67521107849245,0.004105303380415728,1.0
4682,333.67703611393193,0.004105303380415728,1.0
4683,333.6765063500042,0.004105303380415728,1.0
4684,333.6760199033634,0.004105303380415728,1.0
4685,333.67870936762745,0.004105303380415728,1.0
4686,333.6957754176079,0.004105303380415728,1.0
4687,333.7156225739595,0.004105303380415728,1.0
4688,333.75168067540125,0.004105303380415728,1.0
4689,333.7704282738562,0.004105303380415728,1.0
4690,333.77580701690283,0.004105303380415728,1.0
4691,333.77310449835267,0.004105303380415728,1.0
4692,333.7658174221226,0.004105303380415728,1.0
4693,333.75389988630565,0.004105303380415728,1.0
4694,333.7422204907032,0.004105303380415728,1.0
4695,333.7266396071674,0.004105303380415728,1.0
4696,333.7146913962054,0.004105303380415728,1.0
4697,333.70355647467903,0.004105303380415728,1.0
4698,333.69517310791997,0.004105303380415728,1.0
4699,333.6893755466636,0.004105303380415728,1.0
4700,333.6859408934442,0.004105303380415728,1.0
4701,333.6840290888727,0.004105303380415728,1.0
4702,333.68341595240435,0.004105303380415728,1.0
4703,333.6914291103212,0.004105303380415728,1.0
4704,333.6911278020701,0.004105303380415728,1.0
4705,333.69091347204596,0.004105303380415728,1.0
4706,333.69109525324103,0.004105303380415728,1.0
4707,333.69217561412796,0.004105303380415728,1.0
4708,333.6994104990014,0.004105303380415728,1.0
4709,333.71987896415845,0.004105303380415728,1.0
4710,333.7625077716328,0.004105303380415728,1.0
4711,333.87059147636575,0.004105303380415728,1.0
4712,334.3642544409363,0.004105303380415728,1.0
4713,335.02759497224787,0.004105303380415728,1.0
4714,335.4217069008174,0.004105303380415728,1.0
4715,335.4572810206925,0.004105303380415728,1.0
4716,335.46590523595705,0.004105303380415728,1.0
4717,335.4644077872409,0.004105303380415728,1.0
4718,335.4601851136884,0.004105303380415728,1.0
4719,335.54081899694444,0.004105303380415728,1.0
4720,336.0203676936241,0.004105303380415728,1.0
4721,336.0690327159104,0.004105303380415728,1.0
4722,336.09162484421836,0.004105303380415728,1.0
4723,336.12440734013336,0.004105303380415728,1.0
4724,336.16059239380604,0.004105303380415728,1.0
4725,336.2066003719296,0.004105303380415728,1.0
4726,336.2479096117459,0.004105303380415728,1.0
4727,336.2894972507644,0.004105303380415728,1.0
4728,336.3231577850705,0.004105303380415728,1.0
4729,336.3407164633673,0.004105303380415728,1.0
4730,336.36273666894516,0.004105303380415728,1.0
4731,336.38099623490297,0.004105303380415728,1.0
4732,336.4026374299183,0.004105303380415728,1.0
4733,336.44400786295574,0.004105303380415728,1.0
4734,336.54046617910876,0.004105303380415728,1.0
4735,336.8116363187974,0.004105303380415728,1.0
4736,336.8957883563381,0.004105303380415728,1.0
4737,337.43488007451464,0.004105303380415728,1.0
4738,338.288161249525,0.004105303380415728,1.0
4739,338.9724295838976,0.004105303380415728,1.0
4740,339.1652239175602,0.004105303380415728,1.0
4741,339.19532244054903,0.004105303380415728,1.0
4742,339.2157848431842,0.004105303380415728,1.0
4743,339.1987986912715,0.004105303380415728,1.0
4744,339.19308026091755,0.004105303380415728,1.0
4745,339.18910797515946,0.004105303380415728,1.0
4746,339.18369610402857,0.004105303380415728,1.0
4747,339.18068965692635,0.004105303380415728,1.0
4748,339.180488547432,0.004105303380415728,1.0
4749,339.1913758323336,0.004105303380415728,1.0
4750,339.19799582256115,0.004105303380415728,1.0
4751,339.2118862841758,0.004105303380415728,1.0
4752,339.2215761510463,0.004105303380415728,1.0
4753,339.22303330439007,0.004105303380415728,1.0
4754,339.2285547674173,0.004105303380415728,1.0
4755,339.23053232901526,0.004105303380415728,1.0
4756,339.23691028383325,0.004105303380415728,1.0
4757,339.2381730186633,0.004105303380415728,1.0
4758,339.24158138503265,0.004105303380415728,1.0
4759,339.30220745871685,0.004105303380415728,1.0
4760,339.35957398891156,0.004105303380415728,1.0
4761,339.4205790869435,0.004105303380415728,1.0
4762,339.41818035835365,0.004105303380415728,1.0
4763,339.40593519106045,0.004105303380415728,1.0
4764,339.3906855296811,0.004105303380415728,1.0
4765,339.3693165549046,0.004105303380415728,1.0
4766,339.34575559990225,0.004105303380415728,1.0
4767,339.32343784733,0.004105303380415728,1.0
4768,339.30823914441805,0.004105303380415728,1.0
4769,339.2979834360045,0.004105303380415728,1.0
4770,339.2854116595048,0.004105303380415728,1.0
4771,339.2776062316909,0.004105303380415728,1.0
4772,339.2719136782657,0.004105303380415728,1.0
4773,339.2690022799333,0.004105303380415728,1.0
4774,339.2663749860493,0.004105303380415728,1.0
4775,339.26562388182344,0.004105303380415728,1.0
4776,339.2686508674803,0.004105303380415728,1.0
4777,339.26819717622953,0.004105303380415728,1.0
4778,339.26762758726056,0.004105303380415728,1.0
4779,339.26615621781326,0.004105303380415728,1.0
4780,339.2845141491604,0.004105303380415728,1.0
4781,339.2904069411897,0.004105303380415728,1.0
4782,339.28954697814805,0.004105303380415728,1.0
4783,339.2880990509452,0.004105303380415728,1.0
4784,339.29240537080085,0.004105303380415728,1.0
4785,339.2922431994276,0.004105303380415728,1.0
4786,339.28887676144626,0.004105303380415728,1.0
4787,339.284991624911,0.004105303380415728,1.0
4788,339.2786449179916,0.004105303380415728,1.0
4789,339.2583131210174,0.004105303380415728,1.0
4790,339.2408781678786,0.004105303380415728,1.0
4791,339.22315564351493,0.004105303380415728,1.0
4792,339.21143707310597,0.004105303380415728,1.0
4793,339.2029766705746,0.004105303380415728,1.0
4794,339.1940447787618,0.004105303380415728,1.0
4795,339.1883555883509,0.004105303380415728,1.0
4796,339.1828939019466,0.004105303380415728,1.0
4797,339.18249373096864,0.004105303380415728,1.0
4798,339.19100345802195,0.004105303380415728,1.0
4799,339.1912768935021,0.004105303380415728,1.0
4800,339.19618419933926,0.004105303380415728,1.0
4801,339.1949664946015,0.004105303380415728,1.0
4802,339.19427425833095,0.004105303380415728,1.0
4803,339.1934061945811,0.004105303380415728,1.0
4804,339.1983590162746,0.004105303380415728,1.0
4805,339.19833851980076,0.004105303380415728,1.0
4806,339.20882663366524,0.004105303380415728,1.0
4807,339.2128043799839,0.004105303380415728,1.0
4808,339.20995567917635,0.004105303380415728,1.0
4809,339.2216670541954,0.004105303380415728,1.0
4810,339.2073062139688,0.004105303380415728,1.0
4811,339.19431509586656,0.004105303380415728,1.0
4812,339.17945534698464,0.004105303380415728,1.0
4813,339.67446855319884,0.004105303380415728,1.0
4814,339.7275828357944,0.004105303380415728,1.0
4815,339.7367515363985,0.004105303380415728,1.0
4816,339.741730092102,0.004105303380415728,1.0
4817,339.7382064609591,0.004105303380415728,1.0
4818,339.7356904549685,0.004105303380415728,1.0
4819,339.7333987208449,0.004105303380415728,1.0
4820,339.73404287112044,0.004105303380415728,1.0
4821,339.7391862251872,0.004105303380415728,1.0
4822,339.74494482072055,0.004105303380415728,1.0
4823,339.74928495020436,0.004105303380415728,1.0
4824,339.7501325477907,0.004105303380415728,1.0
4825,339.7525416214164,0.004105303380415728,1.0
4826,339.7516661675297,0.004105303380415728,1.0
4827,339.74991763113934,0.004105303380415728,1.0
4828,339.7489231348688,0.004105303380415728,1.0
4829,339.7553292794964,0.004105303380415728,1.0
4830,339.75692954503614,0.004105303380415728,1.0
4831,339.7567726154428,0.004105303380415728,1.0
4832,339.7488228832116,0.004105303380415728,1.0
4833,339.74819461599657,0.004105303380415728,1.0
4834,339.74054331366744,0.004105303380415728,1.0
4835,339.7330790541295,0.004105303380415728,1.0
4836,339.70824911687555,0.004105303380415728,1.0
4837,339.6742581594606,0.004105303380415728,1.0
4838,339.63944323312006,0.004105303380415728,1.0
4839,339.61365455461925,0.004105303380415728,1.0
4840,339.59530002035524,0.004105303380415728,1.0
4841,339.5898821486251,0.004105303380415728,1.0
4842,339.58248565470575,0.004105303380415728,1.0
4843,339.57820453216243,0.004105303380415728,1.0
4844,339.57549226239894,0.004105303380415728,1.0
4845,339.57705636282867,0.004105303380415728,1.0
4846,339.57973587978427,0.004105303380415728,1.0
4847,339.5855021851656,0.004105303380415728,1.0
4848,339.5847648419146,0.004105303380415728,1.0
4849,339.5879748375497,0.004105303380415728,1.0
4850,339.58736402055996,0.004105303380415728,1.0
4851,339.5854722014581,0.004105303380415728,1.0
4852,339.5850800872822,0.004105303380415728,1.0
4853,339.59282421527786,0.004105303380415728,1.0
4854,339.6150898837327,0.004105303380415728,1.0
4855,339.6296099408679,0.004105303380415728,1.0
4856,339.6296090168936,0.004105303380415728,1.0
4857,339.6262076788475,0.004105303380415728,1.0
4858,339.6150673835431,0.004105303380415728,1.0
4859,339.59668763720975,0.004105303380415728,1.0
4860,339.5781686869004,0.004105303380415728,1.0
4861,339.5465560656525,0.004105303380415728,1.0
4862,339.5210500645743,0.004105303380415728,1.0
4863,339.48784205276087,0.004105303380415728,1.0
4864,339.46423780634444,0.004105303380415728,1.0
4865,339.45232664026037,0.004105303380415728,1.0
4866,339.4372853339362,0.004105303380415728,1.0
4867,339.4276014366649,0.004105303380415728,1.0
4868,339.4217844665258,0.004105303380415728,1.0
4869,339.41754696261887,0.004105303380415728,1.0
4870,339.4149036781532,0.004105303380415728,1.0
4871,339.41486975503057,0.004105303380415728,1.0
4872,339.4157408496733,0.004105303380415728,1.0
4873,339.41558194773194,0.004105303380415728,1.0
4874,339.4135201877603,0.004105303380415728,1.0
4875,339.4112171063275,0.004105303380415728,1.0
4876,339.4111742853181,0.004105303380415728,1.0
4877,339.413441745915,0.004105303380415728,1.0
4878,339.41930535879555,0.004105303380415728,1.0
4879,339.4373032564887,0.004105303380415728,1.0
4880,339.4374463411056,0.004105303380415728,1.0
4881,339.43521697242636,0.004105303380415728,1.0
4882,339.42758727491696,0.004105303380415728,1.0
4883,339.50273232444124,0.004105303380415728,1.0
4884,339.74517647908726,0.004105303380415728,1.0
4885,340.0230892602049,0.004105303380415728,1.0
4886,340.38722794749793,0.004105303380415728,1.0
4887,340.58112870189717,0.004105303380415728,1.0
4888,340.6582793676803,0.004105303380415728,1.0
4889,340.72119150815564,0.004105303380415728,1.0
4890,340.72708445262805,0.004105303380415728,1.0
4891,340.740441448596,0.004105303380415728,1.0
4892,340.7649285331391,0.004105303380415728,1.0
4893,340.79636779920315,0.004105303380415728,1.0
4894,340.82589834134825,0.004105303380415728,1.0
4895,340.8513616529699,0.004105303380415728,1.0
4896,340.8653521085827,0.004105303380415728,1.0
4897,340.8781759584698,0.004105303380415728,1.0
4898,340.8826251081607,0.004105303380415728,1.0
4899,340.8875492430375,0.004105303380415728,1.0
4900,340.890310336236,0.004105303380415728,1.0
4901,340.91448197139925,0.004105303380415728,1.0
4902,340.92674587693534,0.004105303380415728,1.0
4903,340.93749646620546,0.004105303380415728,1.0
4904,340.9393397020454,0.004105303380415728,1.0
4905,340.9342890800366,0.004105303380415728,1.0
4906,340.9189558551078,0.004105303380415728,1.0
4907,340.89939247264317,0.004105303380415728,1.0
4908,340.87653053753536,0.004105303380415728,1.0
4909,340.84814118397975,0.004105303380415728,1.0
4910,340.8190413954645,0.004105303380415728,1.0
4911,340.79166342940607,0.004105303380415728,1.0
4912,340.7734575009409,0.004105303380415728,1.0
4913,340.7604482145993,0.004105303380415728,1.0
4914,340.74619454430484,0.004105303380415728,1.0
4915,340.73575826262095,0.004105303380415728,1.0
4916,340.7280686374611,0.004105303380415728,1.0
4917,340.72393331861383,0.004105303380415728,1.0
4918,340.7209953798337,0.004105303380415728,1.0
4919,340.7236342850966,0.004105303380415728,1.0
4920,340.73006004684004,0.004105303380415728,1.0
4921,340.7288668736695,0.004105303380415728,1.0
4922,340.7286570739826,0.004105303380415728,1.0
4923,340.72624685159394,0.004105303380415728,1.0
4924,340.72532308262925,0.004105303380415728,1.0
4925,340.74151600353315,0.004105303380415728,1.0
4926,340.75368485415424,0.004105303380415728,1.0
4927,340.8083534886129,0.004105303380415728,1.0
4928,340.80813808228265,0.004105303380415728,1.0
4929,340.806345459589,0.004105303380415728,1.0
4930,340.84618239861373,0.004105303380415728,1.0
4931,341.5466406396552,0.004105303380415728,1.0
4932,342.145929490697,0.004105303380415728,1.0
4933,342.5459564739898,0.004105303380415728,1.0
4934,343.08590592310867,0.004105303380415728,1.0
4935,343.3142238898,0.004105303380415728,1.0
4936,343.4067457109094,0.004105303380415728,1.0
4937,343.47510639176943,0.004105303380415728,1.0
4938,343.48250488315153,0.004105303380415728,1.0
4939,343.50806248211603,0.004105303380415728,1.0
4940,343.552746881332,0.004105303380415728,1.0
4941,343.6006336293465,0.004105303380415728,1.0
4942,343.6333933836238,0.004105303380415728,1.0
4943,343.6646576558491,0.004105303380415728,1.0
4944,343.6893505537302,0.004105303380415728,1.0
4945,343.7000464283853,0.004105303380415728,1.0
4946,343.7186445043012,0.004105303380415728,1.0
4947,343.7262103402853,0.004105303380415728,1.0
4948,343.7311308517587,0.004105303380415728,1.0
4949,343.734013719193,0.004105303380415728,1.0
4950,343.73194643715874,0.004105303380415728,1.0
4951,343.76888503196415,0.004105303380415728,1.0
4952,343.78527260234404,0.004105303380415728,1.0
4953,344.2092321269447,0.004105303380415728,1.0
4954,344.2352442076537,0.004105303380415728,1.0
4955,344.2284150182207,0.004105303380415728,1.0
4956,344.2154271327344,0.004105303380415728,1.0
4957,344.1931296438615,0.004105303380415728,1.0
4958,344.1668181000627,0.004105303380415728,1.0
4959,344.1451636708983,0.004105303380415728,1.0
4960,344.13201333865015,0.004105303380415728,1.0
4961,344.1237819789224,0.004105303380415728,1.0
4962,344.11188828938975,0.004105303380415728,1.0
4963,344.1031448835753,0.004105303380415728,1.0
4964,344.0971965731889,0.004105303380415728,1.0
4965,344.095776007124,0.004105303380415728,1.0
4966,344.0948339918892,0.004105303380415728,1.0
4967,344.0940868587669,0.004105303380415728,1.0
4968,344.09243396477126,0.004105303380415728,1.0
4969,344.0904737952673,0.004105303380415728,1.0
4970,344.0888898597857,0.004105303380415728,1.0
4971,344.08710430592726,0.004105303380415728,1.0
4972,344.0835549871544,0.004105303380415728,1.0
4973,344.10466575105994,0.004105303380415728,1.0
4974,344.1280905178801,0.004105303380415728,1.0
4975,344.1808878078572,0.004105303380415728,1.0
4976,344.17960976281176,0.004105303380415728,1.0
4977,344.1785208101015,0.004105303380415728,1.0
4978,344.16740601267765,0.004105303380415728,1.0
4979,344.14717973407824,0.004105303380415728,1.0
4980,344.1148278067253,0.004105303380415728,1.0
4981,344.081644453214,0.004105303380415728,1.0
4982,344.0484809397135,0.004105303380415728,1.0
4983,344.0269234419121,0.004105303380415728,1.0
4984,344.02639147990953,0.004105303380415728,1.0
4985,344.1560289285653,0.004105303380415728,1.0
4986,344.1534165102494,0.004105303380415728,1.0
4987,344.1661398988181,0.004105303380415728,1.0
4988,344.17878940311266,0.004105303380415728,1.0
4989,344.19154190965156,0.004105303380415728,1.0
4990,344.1966544740842,0.004105303380415728,1.0
4991,344.210083392059,0.004105303380415728,1.0
4992,344.22603847321324,0.004105303380415728,1.0
4993,344.2355446997957,0.004105303380415728,1.0
4994,344.2451044102914,0.004105303380415728,1.0
4995,344.2450529228376,0.004105303380415728,1.0
4996,344.2443917154785,0.004105303380415728,1.0
4997,344.2649774358239,0.004105303380415728,1.0
4998,344.4751630171552,0.004105303380415728,1.0
4999,344.9697650132369,0.004105303380415728,1.0
5000,345.20199765939947,0.004105303380415728,1.0
5001,345.27337424445477,0.004105303380415728,1.0
5002,345.3289000710713,0.004105303380415728,1.0
5003,345.3592414893544,0.004105303380415728,1.0
5004,345.3583248147616,0.004105303380415728,1.0
5005,345.37778708108385,0.004105303380415728,1.0
5006,345.6015797467792,0.004105303380415728,1.0
5007,346.2964176662711,0.004105303380415728,1.0
5008,346.5397860084551,0.004105303380415728,1.0
5009,346.702922920986,0.004105303380415728,1.0
5010,346.76869927108606,0.004105303380415728,1.0
5011,346.82215394132066,0.004105303380415728,1.0
5012,346.89714739835915,0.004105303380415728,1.0
5013,346.967221891724,0.004105303380415728,1.0
5014,347.01792066526957,0.004105303380415728,1.0
5015,347.04985075479823,0.004105303380415728,1.0
5016,347.1011932165531,0.004105303380415728,1.0
5017,347.13083421871755,0.004105303380415728,1.0
5018,347.15872833204867,0.004105303380415728,1.0
5019,347.1884479782513,0.004105303380415728,1.0
5020,347.2507274533771,0.004105303380415728,1.0
5021,347.2667832374649,0.004105303380415728,1.0
5022,347.31278182474676,0.004105303380415728,1.0
5023,347.32973067205666,0.004105303380415728,1.0
5024,347.35444015966004,0.004105303380415728,1.0
5025,347.3613820538287,0.004105303380415728,1.0
5026,347.3598951009443,0.004105303380415728,1.0
5027,347.3544405333928,0.004105303380415728,1.0
5028,347.34326715795675,0.004105303380415728,1.0
5029,347.3293320086862,0.004105303380415728,1.0
5030,347.3080154242611,0.004105303380415728,1.0
5031,347.28479040919115,0.004105303380415728,1.0
5032,347.2698642187727,0.004105303380415728,1.0
5033,347.26491455804205,0.004105303380415728,1.0
5034,347.2564798679999,0.004105303380415728,1.0
5035,347.25124194978,0.004105303380415728,1.0
5036,347.2489725874276,0.004105303380415728,1.0
5037,347.25342027521845,0.004105303380415728,1.0
5038,347.2632974215778,0.004105303380415728,1.0
5039,347.27163147611265,0.004105303380415728,1.0
5040,347.27044340803207,0.004105303380415728,1.0
5041,347.2702619141256,0.004105303380415728,1.0
5042,347.270173310507,0.004105303380415728,1.0
5043,347.28143311728365,0.004105303380415728,1.0
5044,347.2922963664955,0.004105303380415728,1.0
5045,347.30386518238976,0.004105303380415728,1.0
5046,347.31842832244155,0.004105303380415728,1.0
5047,347.3372060218043,0.004105303380415728,1.0
5048,347.4246677244545,0.004105303380415728,1.0
5049,348.158195676365,0.004105303380415728,1.0
5050,349.0195166422526,0.004105303380415728,1.0
5051,349.4480830598674,0.004105303380415728,1.0
5052,349.67817968486025,0.004105303380415728,1.0
5053,350.11401332481756,0.004105303380415728,1.0
5054,350.17142593165204,0.004105303380415728,1.0
5055,350.17338024257396,0.004105303380415728,1.0
5056,350.18159113017674,0.004105303380415728,1.0
5057,350.18071146697383,0.004105303380415728,1.0
5058,350.17861785039435,0.004105303380415728,1.0
5059,350.192420436931,0.004105303380415728,1.0
5060,350.2084342030897,0.004105303380415728,1.0
5061,350.2225461486656,0.004105303380415728,1.0
5062,350.233967781743,0.004105303380415728,1.0
5063,350.251725428783,0.004105303380415728,1.0
5064,350.2701638631933,0.004105303380415728,1.0
5065,350.2873220263391,0.004105303380415728,1.0
5066,350.29615590818696,0.004105303380415728,1.0
5067,350.3025125256175,0.004105303380415728,1.0
5068,350.3071673087716,0.004105303380415728,1.0
5069,350.3233742375701,0.004105303380415728,1.0
5070,350.36185885006574,0.004105303380415728,1.0
5071,350.3676887249976,0.004105303380415728,1.0
5072,350.36712188403243,0.004105303380415728,1.0
5073,350.39454325059194,0.004105303380415728,1.0
5074,350.38495395577195,0.004105303380415728,1.0
5075,350.3817988655448,0.004105303380415728,1.0
5076,350.3674657432426,0.004105303380415728,1.0
5077,350.35654332942323,0.004105303380415728,1.0
5078,350.3446285815608,0.004105303380415728,1.0
5079,350.33397874435883,0.004105303380415728,1.0
5080,350.32674202305486,0.004105303380415728,1.0
5081,350.3199295983768,0.004105303380415728,1.0
5082,350.31427840556705,0.004105303380415728,1.0
5083,350.3123980249407,0.004105303380415728,1.0
5084,350.3118026736661,0.004105303380415728,1.0
5085,350.34230092814374,0.004105303380415728,1.0
5086,350.36787226215966,0.004105303380415728,1.0
5087,350.3980232582991,0.004105303380415728,1.0
5088,350.43091464029635,0.004105303380415728,1.0
5089,350.4513420670596,0.004105303380415728,1.0
5090,350.4527888762965,0.004105303380415728,1.0
5091,350.4519699627441,0.004105303380415728,1.0
5092,350.45374713786805,0.004105303380415728,1.0
5093,350.46076367511733,0.004105303380415728,1.0
5094,350.4660461023267,0.004105303380415728,1.0
5095,350.47780399787337,0.004105303380415728,1.0
5096,350.5121920633971,0.004105303380415728,1.0
5097,350.9786281949895,0.004105303380415728,1.0
5098,351.66672649588594,0.004105303380415728,1.0
5099,351.703861764572,0.004105303380415728,1.0
5100,351.6992799212779,0.004105303380415728,1.0
5101,351.69539398934546,0.004105303380415728,1.0
5102,351.6849558939451,0.004105303380415728,1.0
5103,351.6718082138399,0.004105303380415728,1.0
5104,351.7984574201852,0.004105303380415728,1.0
5105,351.79518896442835,0.004105303380415728,1.0
5106,351.7861273117631,0.004105303380415728,1.0
5107,351.7912619472364,0.004105303380415728,1.0
5108,351.80519876926184,0.004105303380415728,1.0
5109,351.8144731020911,0.004105303380415728,1.0
5110,351.83110535768674,0.004105303380415728,1.0
5111,351.8491430333622,0.004105303380415728,1.0
5112,351.8665060355976,0.004105303380415728,1.0
5113,351.8759267309286,0.004105303380415728,1.0
5114,351.8807465736906,0.004105303380415728,1.0
5115,351.88821233291503,0.004105303380415728,1.0
5116,351.8867177721557,0.004105303380415728,1.0
5117,351.903479451367,0.004105303380415728,1.0
5118,351.9638418311808,0.004105303380415728,1.0
5119,351.97879314704613,0.004105303380415728,1.0
5120,352.31558048020605,0.004105303380415728,1.0
5121,352.8743651016917,0.004105303380415728,1.0
5122,353.0365615343628,0.004105303380415728,1.0
5123,353.05158123373565,0.004105303380415728,1.0
5124,353.03599747622934,0.004105303380415728,1.0
5125,353.0324658096346,0.004105303380415728,1.0
5126,353.0282260966559,0.004105303380415728,1.0
5127,353.0146819491164,0.004105303380415728,1.0
5128,353.0118006361668,0.004105303380415728,1.0
5129,353.0041816432379,0.004105303380415728,1.0
5130,352.99906663425327,0.004105303380415728,1.0
5131,353.00021636956336,0.004105303380415728,1.0
5132,353.0039198008913,0.004105303380415728,1.0
5133,353.01159081535,0.004105303380415728,1.0
5134,353.0170949621817,0.004105303380415728,1.0
5135,353.0305072699783,0.004105303380415728,1.0
5136,353.03261354602193,0.004105303380415728,1.0
5137,353.0325630076279,0.004105303380415728,1.0
5138,353.030512109382,0.004105303380415728,1.0
5139,353.02975850534517,0.004105303380415728,1.0
5140,353.03929786901745,0.004105303380415728,1.0
5141,353.0694609148804,0.004105303380415728,1.0
5142,353.091560727295,0.004105303380415728,1.0
5143,353.13360093991463,0.004105303380415728,1.0
5144,353.14684410075023,0.004105303380415728,1.0
5145,353.14542402615746,0.004105303380415728,1.0
5146,353.1440214531005,0.004105303380415728,1.0
5147,353.1373241636661,0.004105303380415728,1.0
5148,353.12387147912375,0.004105303380415728,1.0
5149,353.1062349798625,0.004105303380415728,1.0
5150,353.09207108155556,0.004105303380415728,1.0
5151,353.0762288532258,0.004105303380415728,1.0
5152,353.06288294084516,0.004105303380415728,1.0
5153,353.05474955931965,0.004105303380415728,1.0
5154,353.0451640562383,0.004105303380415728,1.0
5155,353.0387389601899,0.004105303380415728,1.0
5156,353.0350374018093,0.004105303380415728,1.0
5157,353.03470070834015,0.004105303380415728,1.0
5158,353.03733162225745,0.004105303380415728,1.0
5159,353.04483216093234,0.004105303380415728,1.0
5160,353.0503637223982,0.004105303380415728,1.0
5161,353.0574488024384,0.004105303380415728,1.0
5162,353.0573879492392,0.004105303380415728,1.0
5163,353.0562336731655,0.004105303380415728,1.0
5164,353.054728129324,0.004105303380415728,1.0
5165,353.0531242516084,0.004105303380415728,1.0
5166,353.05773752334994,0.004105303380415728,1.0
5167,353.0629054250368,0.004105303380415728,1.0
5168,353.0600532384649,0.004105303380415728,1.0
5169,353.0571783259726,0.004105303380415728,1.0
5170,353.0507894173944,0.004105303380415728,1.0
5171,353.04097428665415,0.004105303380415728,1.0
5172,353.02469504330173,0.004105303380415728,1.0
5173,353.0195852066973,0.004105303380415728,1.0
5174,353.3304466716703,0.004105303380415728,1.0
5175,353.342368072041,0.004105303380415728,1.0
5176,353.375162127958,0.004105303380415728,1.0
5177,353.3743711548837,0.004105303380415728,1.0
5178,353.3723795560847,0.004105303380415728,1.0
5179,353.37124427145153,0.004105303380415728,1.0
5180,353.37216487373814,0.004105303380415728,1.0
5181,353.3928987891477,0.004105303380415728,1.0
5182,353.4226154185126,0.004105303380415728,1.0
5183,353.4575453293638,0.004105303380415728,1.0
5184,353.47312395673396,0.004105303380415728,1.0
5185,353.4819082395013,0.004105303380415728,1.0
5186,353.4867197223121,0.004105303380415728,1.0
5187,353.48718423255207,0.004105303380415728,1.0
5188,353.4867812581119,0.004105303380415728,1.0
5189,353.48977842523584,0.004105303380415728,1.0
5190,353.50267351104014,0.004105303380415728,1.0
5191,353.521050688273,0.004105303380415728,1.0
5192,353.52654984346066,0.004105303380415728,1.0
5193,353.5362189411579,0.004105303380415728,1.0
5194,353.57509381590137,0.004105303380415728,1.0
5195,353.59093905705635,0.004105303380415728,1.0
5196,353.60071839503325,0.004105303380415728,1.0
5197,353.5773140762913,0.004105303380415728,1.0
5198,353.56084906263357,0.004105303380415728,1.0
5199,353.54965612596436,0.004105303380415728,1.0
5200,353.5409568477947,0.004105303380415728,1.0
5201,353.53382062549275,0.004105303380415728,1.0
5202,353.5247234232141,0.004105303380415728,1.0
5203,353.5227019865568,0.004105303380415728,1.0
5204,353.6028488602061,0.004105303380415728,1.0
5205,353.62549438979676,0.004105303380415728,1.0
5206,353.68969619185094,0.004105303380415728,1.0
5207,353.7160586751125,0.004105303380415728,1.0
5208,353.7366711799025,0.004105303380415728,1.0
5209,353.7453454397228,0.004105303380415728,1.0
5210,353.7508075848689,0.004105303380415728,1.0
5211,353.7507111323613,0.004105303380415728,1.0
5212,353.75460212406983,0.004105303380415728,1.0
5213,353.7660774339015,0.004105303380415728,1.0
5214,353.7866957849098,0.004105303380415728,1.0
5215,353.7909005314123,0.004105303380415728,1.0
5216,353.7876096963402,0.004105303380415728,1.0
5217,353.7834354199806,0.004105303380415728,1.0
5218,353.7736870405554,0.004105303380415728,1.0
5219,354.18248018309504,0.004105303380415728,1.0
5220,354.2881297873131,0.004105303380415728,1.0
5221,354.334311742749,0.004105303380415728,1.0
5222,354.3358835387442,0.004105303380415728,1.0
5223,354.32981940083323,0.004105303380415728,1.0
5224,354.3558813504824,0.004105303380415728,1.0
5225,354.35355247093344,0.004105303380415728,1.0
5226,354.35289856116117,0.004105303380415728,1.0
5227,354.37475802269444,0.004105303380415728,1.0
5228,354.38840632359353,0.004105303380415728,1.0
5229,354.420252653332,0.004105303380415728,1.0
5230,354.4356565204549,0.004105303380415728,1.0
5231,354.45407120181346,0.004105303380415728,1.0
5232,354.4697068352452,0.004105303380415728,1.0
5233,354.4886209196148,0.004105303380415728,1.0
5234,354.4910823595715,0.004105303380415728,1.0
5235,354.490704674106,0.004105303380415728,1.0
5236,354.49018461781156,0.004105303380415728,1.0
5237,354.4976645400113,0.004105303380415728,1.0
5238,354.5008297833371,0.004105303380415728,1.0
5239,354.5371478369165,0.004105303380415728,1.0
5240,354.54523957000015,0.004105303380415728,1.0
5241,355.03918813357194,0.004105303380415728,1.0
5242,355.55590809945915,0.004105303380415728,1.0
5243,355.7020259062627,0.004105303380415728,1.0
5244,355.74939316262737,0.004105303380415728,1.0
5245,355.7807265663207,0.004105303380415728,1.0
5246,355.7847292403596,0.004105303380415728,1.0
5247,355.77733147369844,0.004105303380415728,1.0
5248,355.767466075156,0.004105303380415728,1.0
5249,355.7657858363602,0.004105303380415728,1.0
5250,355.75626453906614,0.004105303380415728,1.0
5251,355.75805052216396,0.004105303380415728,1.0
5252,355.7622983064451,0.004105303380415728,1.0
5253,355.7625287070557,0.004105303380415728,1.0
5254,355.78146824949334,0.004105303380415728,1.0
5255,355.7886610153226,0.004105303380415728,1.0
5256,355.78855735351425,0.004105303380415728,1.0
5257,355.78927427742553,0.004105303380415728,1.0
5258,355.78764346701746,0.004105303380415728,1.0
5259,355.7860576137469,0.004105303380415728,1.0
5260,355.78248338580437,0.004105303380415728,1.0
5261,355.8055123167926,0.004105303380415728,1.0
5262,355.83716186076094,0.004105303380415728,1.0
5263,355.8685929381187,0.004105303380415728,1.0
5264,355.8912692799776,0.004105303380415728,1.0
5265,355.8828681188274,0.004105303380415728,1.0
5266,355.867372268822,0.004105303380415728,1.0
5267,355.85023489996024,0.004105303380415728,1.0
5268,355.8303386714847,0.004105303380415728,1.0
5269,355.80827739455844,0.004105303380415728,1.0
5270,355.78918704029354,0.004105303380415728,1.0
5271,355.770626379814,0.004105303380415728,1.0
5272,355.7582324826024,0.004105303380415728,1.0
5273,355.74553885538455,0.004105303380415728,1.0
5274,355.73834399024804,0.004105303380415728,1.0
5275,355.7291148314,0.004105303380415728,1.0
5276,355.7268955529841,0.004105303380415728,1.0
5277,355.72457475832135,0.004105303380415728,1.0
5278,355.7231383717415,0.004105303380415728,1.0
5279,355.72174872757114,0.004105303380415728,1.0
5280,355.7197444080685,0.004105303380415728,1.0
5281,355.7195419616393,0.004105303380415728,1.0
5282,355.7265385058753,0.004105303380415728,1.0
5283,355.72595883444427,0.004105303380415728,1.0
5284,355.72381992354246,0.004105303380415728,1.0
5285,355.7307571390415,0.004105303380415728,1.0
5286,355.7358461639101,0.004105303380415728,1.0
5287,355.7538550826651,0.004105303380415728,1.0
5288,355.75741274390924,0.004105303380415728,1.0
5289,355.75725129450535,0.004105303380415728,1.0
5290,355.74767656086857,0.004105303380415728,1.0
5291,355.7299769584521,0.004105303380415728,1.0
5292,355.7085034061647,0.004105303380415728,1.0
5293,355.673976710653,0.004105303380415728,1.0
5294,355.64111474609433,0.004105303380415728,1.0
5295,355.6141342489657,0.004105303380415728,1.0
5296,355.5970287540785,0.004105303380415728,1.0
5297,355.58339689607743,0.004105303380415728,1.0
5298,355.5689574299754,0.004105303380415728,1.0
5299,355.55876657564755,0.004105303380415728,1.0
5300,355.5503444146476,0.004105303380415728,1.0
5301,355.54995648009674,0.004105303380415728,1.0
5302,355.5471728662452,0.004105303380415728,1.0
5303,355.5449539691404,0.004105303380415728,1.0
5304,355.54315883316866,0.004105303380415728,1.0
5305,355.5419870466249,0.004105303380415728,1.0
5306,355.5406683500994,0.004105303380415728,1.0
5307,355.53881492395266,0.004105303380415728,1.0
5308,355.53610980051593,0.004105303380415728,1.0
5309,355.5470046337508,0.004105303380415728,1.0
5310,355.5499948055458,0.004105303380415728,1.0
5311,355.57043611568355,0.004105303380415728,1.0
5312,355.5777262604945,0.004105303380415728,1.0
5313,355.57716657728537,0.004105303380415728,1.0
5314,355.56901739102324,0.004105303380415728,1.0
5315,355.55922482680114,0.004105303380415728,1.0
5316,355.5482385311782,0.004105303380415728,1.0
5317,355.53305634871464,0.004105303380415728,1.0
5318,355.5105793647519,0.004105303380415728,1.0
5319,355.48736650962115,0.004105303380415728,1.0
5320,355.4788297847994,0.004105303380415728,1.0
5321,355.4767151810281,0.004105303380415728,1.0
5322,355.47041496040964,0.004105303380415728,1.0
5323,355.4675833279897,0.004105303380415728,1.0
5324,355.46570930971825,0.004105303380415728,1.0
5325,355.46293139603665,0.004105303380415728,1.0
5326,355.4622461426842,0.004105303380415728,1.0
5327,355.4620663944488,0.004105303380415728,1.0
5328,355.4615432482409,0.004105303380415728,1.0
5329,355.46392547504917,0.004105303380415728,1.0
5330,355.4632545832442,0.004105303380415728,1.0
5331,355.4620520535309,0.004105303380415728,1.0
5332,355.4609487515084,0.004105303380415728,1.0
5333,355.4727906993219,0.004105303380415728,1.0
5334,355.47509725289166,0.004105303380415728,1.0
5335,355.5141232318894,0.004105303380415728,1.0
5336,355.5201880421687,0.004105303380415728,1.0
5337,355.5169579595256,0.004105303380415728,1.0
5338,356.1209463919718,0.004105303380415728,1.0
5339,356.83555993826747,0.004105303380415728,1.0
5340,357.0104711772698,0.004105303380415728,1.0
5341,357.0578785174271,0.004105303380415728,1.0
5342,357.09523406590023,0.004105303380415728,1.0
5343,357.09370800548965,0.004105303380415728,1.0
5344,357.08951585383653,0.004105303380415728,1.0
5345,357.0837485725123,0.004105303380415728,1.0
5346,357.077362606165,0.004105303380415728,1.0
5347,357.07097793785755,0.004105303380415728,1.0
5348,357.064878921409,0.004105303380415728,1.0
5349,357.06262461747383,0.004105303380415728,1.0
5350,357.0893255866734,0.004105303380415728,1.0
5351,357.1039807211721,0.004105303380415728,1.0
5352,357.12228608263865,0.004105303380415728,1.0
5353,357.1339052094826,0.004105303380415728,1.0
5354,357.13926186947606,0.004105303380415728,1.0
5355,357.1389781795763,0.004105303380415728,1.0
5356,357.13691949807486,0.004105303380415728,1.0
5357,357.13481404978097,0.004105303380415728,1.0
5358,357.1573230845407,0.004105303380415728,1.0
5359,357.1954086394364,0.004105303380415728,1.0
5360,357.23623531051885,0.004105303380415728,1.0
5361,357.25772711083164,0.004105303380415728,1.0
5362,357.2379357410496,0.004105303380415728,1.0
5363,357.21366572597555,0.004105303380415728,1.0
5364,357.1876787484917,0.004105303380415728,1.0
5365,357.16055354709545,0.004105303380415728,1.0
5366,357.1304228773801,0.004105303380415728,1.0
5367,357.10346508825677,0.004105303380415728,1.0
5368,357.0869140482314,0.004105303380415728,1.0
5369,357.072449173119,0.004105303380415728,1.0
5370,357.06348650508477,0.004105303380415728,1.0
5371,357.0541383822508,0.004105303380415728,1.0
5372,357.0524426746309,0.004105303380415728,1.0
5373,357.05826983776046,0.004105303380415728,1.0
5374,357.08074690536915,0.004105303380415728,1.0
5375,357.0924633941531,0.004105303380415728,1.0
5376,357.109384767305,0.004105303380415728,1.0
5377,357.11068967228283,0.004105303380415728,1.0
5378,357.122401066791,0.004105303380415728,1.0
5379,357.1231495705573,0.004105303380415728,1.0
5380,357.12443743651465,0.004105303380415728,1.0
5381,357.15273036935304,0.004105303380415728,1.0
5382,357.1758332853873,0.004105303380415728,1.0
5383,357.2254934570603,0.004105303380415728,1.0
5384,357.29707400269564,0.004105303380415728,1.0
5385,357.86992229598764,0.004105303380415728,1.0
5386,358.00532368590996,0.004105303380415728,1.0
5387,357.99850963479656,0.004105303380415728,1.0
5388,357.98039723657376,0.004105303380415728,1.0
5389,357.9522354427474,0.004105303380415728,1.0
5390,357.9273793953932,0.004105303380415728,1.0
5391,357.8988726335222,0.004105303380415728,1.0
5392,357.8994423839896,0.004105303380415728,1.0
5393,358.0530040737734,0.004105303380415728,1.0
5394,358.04977742019963,0.004105303380415728,1.0
5395,358.0708340296254,0.004105303380415728,1.0
5396,358.09173335828865,0.004105303380415728,1.0
5397,358.1192114404721,0.004105303380415728,1.0
5398,358.14872238702594,0.004105303380415728,1.0
5399,358.1754221556248,0.004105303380415728,1.0
5400,358.2019843903538,0.004105303380415728,1.0
5401,358.22028689106776,0.004105303380415728,1.0
5402,358.22675836051536,0.004105303380415728,1.0
5403,358.2420910306799,0.004105303380415728,1.0
5404,358.24190080753294,0.004105303380415728,1.0
5405,358.27145077284405,0.004105303380415728,1.0
5406,358.3120842645894,0.004105303380415728,1.0
5407,358.3554126441238,0.004105303380415728,1.0
5408,358.36683034542756,0.004105303380415728,1.0
5409,358.3646889638321,0.004105303380415728,1.0
5410,358.3520552823967,0.004105303380415728,1.0
5411,358.33099044970106,0.004105303380415728,1.0
5412,358.3866520883891,0.004105303380415728,1.0
5413,359.0739820795424,0.004105303380415728,1.0
5414,359.2418881120481,0.004105303380415728,1.0
5415,359.27833526405,0.004105303380415728,1.0
5416,359.27714058223825,0.004105303380415728,1.0
5417,359.2890793698549,0.004105303380415728,1.0
5418,359.288031828145,0.004105303380415728,1.0
5419,359.29126463236,0.004105303380415728,1.0
5420,359.30916310014976,0.004105303380415728,1.0
5421,359.3311795125541,0.004105303380415728,1.0
5422,359.3607522032659,0.004105303380415728,1.0
5423,359.38803309529777,0.004105303380415728,1.0
5424,359.40358243777,0.004105303380415728,1.0
5425,359.4093993162495,0.004105303380415728,1.0
5426,359.41367756866964,0.004105303380415728,1.0
5427,359.4126963834251,0.004105303380415728,1.0
5428,359.41669950375245,0.004105303380415728,1.0
5429,359.4479523929845,0.004105303380415728,1.0
5430,359.48321790048635,0.004105303380415728,1.0
5431,359.4893964696604,0.004105303380415728,1.0
5432,359.4871977458969,0.004105303380415728,1.0
5433,359.4864603310263,0.004105303380415728,1.0
5434,359.47206340636774,0.004105303380415728,1.0
5435,359.4541203885764,0.004105303380415728,1.0
5436,359.4222314124502,0.004105303380415728,1.0
5437,359.39143753221657,0.004105303380415728,1.0
5438,359.3611954447404,0.004105303380415728,1.0
5439,359.33198952653584,0.004105303380415728,1.0
5440,359.3185207051833,0.004105303380415728,1.0
5441,359.3083049897668,0.004105303380415728,1.0
5442,359.2985058531406,0.004105303380415728,1.0
5443,359.29216789973117,0.004105303380415728,1.0
5444,359.2900275158818,0.004105303380415728,1.0
5445,359.28984039995896,0.004105303380415728,1.0
5446,359.30363794839076,0.004105303380415728,1.0
5447,359.3129609229332,0.004105303380415728,1.0
5448,359.3171310827757,0.004105303380415728,1.0
5449,359.317450448478,0.004105303380415728,1.0
5450,359.3237343986055,0.004105303380415728,1.0
5451,359.32198811568816,0.004105303380415728,1.0
5452,359.3205845785975,0.004105303380415728,1.0
5453,359.3356682177959,0.004105303380415728,1.0
5454,359.3356393586464,0.004105303380415728,1.0
5455,359.36132263396064,0.004105303380415728,1.0
5456,359.37896150659844,0.004105303380415728,1.0
5457,359.4119888220987,0.004105303380415728,1.0
5458,359.41476483438004,0.004105303380415728,1.0
5459,359.41449744528757,0.004105303380415728,1.0
5460,359.4030256243427,0.004105303380415728,1.0
5461,359.51723913736697,0.004105303380415728,1.0
5462,359.51298070182077,0.004105303380415728,1.0
5463,359.50018786327524,0.004105303380415728,1.0
5464,359.4898128805542,0.004105303380415728,1.0
5465,359.48033508243014,0.004105303380415728,1.0
5466,359.472353438785,0.004105303380415728,1.0
5467,359.4701767503887,0.004105303380415728,1.0
5468,359.46918458572634,0.004105303380415728,1.0
5469,359.46852608723367,0.004105303380415728,1.0
5470,359.4723886838819,0.004105303380415728,1.0
5471,359.48745226188134,0.004105303380415728,1.0
5472,359.4988854292272,0.004105303380415728,1.0
5473,359.49838324515014,0.004105303380415728,1.0
5474,359.50686565170554,0.004105303380415728,1.0
5475,359.5121845250307,0.004105303380415728,1.0
5476,359.5121743671566,0.004105303380415728,1.0
5477,359.5120893788669,0.004105303380415728,1.0
5478,359.50959383591487,0.004105303380415728,1.0
5479,359.5075207625536,0.004105303380415728,1.0
5480,359.50209650301093,0.004105303380415728,1.0
5481,359.5110078108531,0.004105303380415728,1.0
5482,359.49873755434106,0.004105303380415728,1.0
5483,359.4875145929674,0.004105303380415728,1.0
5484,359.46242379610055,0.004105303380415728,1.0
5485,359.4326872820032,0.004105303380415728,1.0
5486,359.4057762941592,0.004105303380415728,1.0
5487,359.38169508952296,0.004105303380415728,1.0
5488,359.366827632643,0.004105303380415728,1.0
5489,359.3534446216812,0.004105303380415728,1.0
5490,359.34230001747284,0.004105303380415728,1.0
5491,359.3332010926997,0.004105303380415728,1.0
5492,359.3272885797781,0.004105303380415728,1.0
5493,359.36615306550044,0.004105303380415728,1.0
5494,359.3733777208294,0.004105303380415728,1.0
5495,359.392256245468,0.004105303380415728,1.0
5496,359.39596087892284,0.004105303380415728,1.0
5497,359.40153281194944,0.004105303380415728,1.0
5498,359.4005455993926,0.004105303380415728,1.0
5499,359.399255968246,0.004105303380415728,1.0
5500,359.39870419712355,0.004105303380415728,1.0
5501,359.4010288647637,0.004105303380415728,1.0
5502,359.4042582658143,0.004105303380415728,1.0
5503,359.4192298973371,0.004105303380415728,1.0
5504,359.4223470393782,0.004105303380415728,1.0
5505,359.4200390193376,0.004105303380415728,1.0
5506,359.4104908621263,0.004105303380415728,1.0
5507,359.3925796057108,0.004105303380415728,1.0
5508,359.36952776560025,0.004105303380415728,1.0
5509,359.34228492798377,0.004105303380415728,1.0
5510,359.31114997028163,0.004105303380415728,1.0
5511,359.2835440910011,0.004105303380415728,1.0
5512,359.26259793935185,0.004105303380415728,1.0
5513,359.25417819748225,0.004105303380415728,1.0
5514,359.2393349886339,0.004105303380415728,1.0
5515,359.2373424872388,0.004105303380415728,1.0
5516,359.2366987876304,0.004105303380415728,1.0
5517,359.25732920089416,0.004105303380415728,1.0
5518,359.2641518847714,0.004105303380415728,1.0
5519,359.2718192536087,0.004105303380415728,1.0
5520,359.2962892770371,0.004105303380415728,1.0
5521,359.30230457258455,0.004105303380415728,1.0
5522,359.3011823532917,0.004105303380415728,1.0
5523,359.2997044149978,0.004105303380415728,1.0
5524,359.2983339221684,0.004105303380415728,1.0
5525,359.31590695071435,0.004105303380415728,1.0
5526,359.31671552952747,0.004105303380415728,1.0
5527,359.3492722177749,0.004105303380415728,1.0
5528,359.3617195584822,0.004105303380415728,1.0
5529,359.36126208238,0.004105303380415728,1.0
5530,359.35188079460744,0.004105303380415728,1.0
5531,359.336222754457,0.004105303380415728,1.0
5532,359.31217073129255,0.004105303380415728,1.0
5533,359.2802925107642,0.004105303380415728,1.0
5534,359.2504891366973,0.004105303380415728,1.0
5535,359.23405184023994,0.004105303380415728,1.0
5536,359.21712682081244,0.004105303380415728,1.0
5537,359.2097507762398,0.004105303380415728,1.0
5538,359.1933961867245,0.004105303380415728,1.0
5539,359.1885628953424,0.004105303380415728,1.0
5540,359.18738664985966,0.004105303380415728,1.0
5541,359.1867500357935,0.004105303380415728,1.0
5542,359.2130619579312,0.004105303380415728,1.0
5543,359.2309885126691,0.004105303380415728,1.0
5544,359.2370331659884,0.004105303380415728,1.0
5545,359.2494964423447,0.004105303380415728,1.0
5546,359.25498046574256,0.004105303380415728,1.0
5547,359.25374147439067,0.004105303380415728,1.0
5548,359.254271650164,0.004105303380415728,1.0
5549,359.2833665749154,0.004105303380415728,1.0
5550,359.3157753072677,0.004105303380415728,1.0
5551,359.365570369672,0.004105303380415728,1.0
5552,359.38598881159544,0.004105303380415728,1.0
5553,359.38545198502993,0.004105303380415728,1.0
5554,359.38013518300903,0.004105303380415728,1.0
5555,359.36480699363625,0.004105303380415728,1.0
5556,359.3516565146847,0.004105303380415728,1.0
5557,359.3218169400738,0.004105303380415728,1.0
5558,359.30079015078036,0.004105303380415728,1.0
5559,359.2753771138846,0.004105303380415728,1.0
5560,359.2609533637596,0.004105303380415728,1.0
5561,359.2490749020882,0.004105303380415728,1.0
5562,359.2368981729056,0.004105303380415728,1.0
5563,359.2289364257264,0.004105303380415728,1.0
5564,359.2249951468879,0.004105303380415728,1.0
5565,359.2239599721971,0.004105303380415728,1.0
5566,359.2216166138214,0.004105303380415728,1.0
5567,359.2287056248485,0.004105303380415728,1.0
5568,359.2309952218595,0.004105303380415728,1.0
5569,359.2359760360656,0.004105303380415728,1.0
5570,359.23902427566935,0.004105303380415728,1.0
5571,359.23659591963326,0.004105303380415728,1.0
5572,359.2359403735817,0.004105303380415728,1.0
5573,359.25032218292904,0.004105303380415728,1.0
5574,359.2749938286426,0.004105303380415728,1.0
5575,359.30890651683734,0.004105303380415728,1.0
5576,359.3289177131687,0.004105303380415728,1.0
5577,359.32590652048583,0.004105303380415728,1.0
5578,359.3196479756832,0.004105303380415728,1.0
5579,359.313251769311,0.004105303380415728,1.0
5580,359.30560488962755,0.004105303380415728,1.0
5581,359.31384520568093,0.004105303380415728,1.0
5582,359.3101642458243,0.004105303380415728,1.0
5583,359.3079513920853,0.004105303380415728,1.0
5584,359.3182069555615,0.004105303380415728,1.0
5585,359.3166502121302,0.004105303380415728,1.0
5586,359.3141434529774,0.004105303380415728,1.0
5587,359.31404429945655,0.004105303380415728,1.0
5588,359.3270192242094,0.004105303380415728,1.0
5589,359.34577814039454,0.004105303380415728,1.0
5590,359.3720762623049,0.004105303380415728,1.0
5591,359.3867440578952,0.004105303380415728,1.0
5592,359.4058400363622,0.004105303380415728,1.0
5593,359.42832029134354,0.004105303380415728,1.0
5594,359.43346549336337,0.004105303380415728,1.0
5595,359.44266720616196,0.004105303380415728,1.0
5596,359.4455019739656,0.004105303380415728,1.0
5597,359.4490979620474,0.004105303380415728,1.0
5598,359.4759225357258,0.004105303380415728,1.0
5599,359.5268391532313,0.004105303380415728,1.0
5600,359.5289870654073,0.004105303380415728,1.0
5601,359.52557187419575,0.004105303380415728,1.0
5602,359.5176007079945,0.004105303380415728,1.0
5603,359.50468234901234,0.004105303380415728,1.0
5604,359.47445279031876,0.004105303380415728,1.0
5605,359.4483765802264,0.004105303380415728,1.0
5606,359.4238302326612,0.004105303380415728,1.0
5607,359.40781807028947,0.004105303380415728,1.0
5608,359.39576306691936,0.004105303380415728,1.0
5609,359.3843378853485,0.004105303380415728,1.0
5610,359.37358819982313,0.004105303380415728,1.0
5611,359.3647346947166,0.004105303380415728,1.0
5612,359.3605516969899,0.004105303380415728,1.0
5613,359.35755718930363,0.004105303380415728,1.0
5614,359.35656091223274,0.004105303380415728,1.0
5615,359.3635525273886,0.004105303380415728,1.0
5616,359.36955148483474,0.004105303380415728,1.0
5617,359.3677859827439,0.004105303380415728,1.0
5618,359.36698310404915,0.004105303380415728,1.0
5619,359.3643556013894,0.004105303380415728,1.0
5620,359.3613850140317,0.004105303380415728,1.0
5621,359.3755117920693,0.004105303380415728,1.0
5622,359.3844932462579,0.004105303380415728,1.0
5623,359.4056126845554,0.004105303380415728,1.0
5624,359.4033844232507,0.004105303380415728,1.0
5625,359.3994822465561,0.004105303380415728,1.0
5626,359.39063653204613,0.004105303380415728,1.0
5627,359.37224092200125,0.004105303380415728,1.0
5628,359.3430599662122,0.004105303380415728,1.0
5629,359.31402709514015,0.004105303380415728,1.0
5630,359.2851701537447,0.004105303380415728,1.0
5631,359.26146951534105,0.004105303380415728,1.0
5632,359.24420899809485,0.004105303380415728,1.0
5633,359.22982730455294,0.004105303380415728,1.0
5634,359.2153816526319,0.004105303380415728,1.0
5635,359.20705959209323,0.004105303380415728,1.0
5636,359.2011390016024,0.004105303380415728,1.0
5637,359.2005685275829,0.004105303380415728,1.0
5638,359.199246675021,0.004105303380415728,1.0
5639,359.21281487248154,0.004105303380415728,1.0
5640,359.21024094758906,0.004105303380415728,1.0
5641,359.20930577756513,0.004105303380415728,1.0
5642,359.20882486855834,0.004105303380415728,1.0
5643,359.20679740397526,0.004105303380415728,1.0
5644,359.2052990511362,0.004105303380415728,1.0
5645,359.2196227829805,0.004105303380415728,1.0
5646,359.233081179314,0.004105303380415728,1.0
5647,359.2660283657152,0.004105303380415728,1.0
5648,359.27276607945333,0.004105303380415728,1.0
5649,359.2727631499874,0.004105303380415728,1.0
5650,359.2648017021557,0.004105303380415728,1.0
5651,359.25157668930234,0.004105303380415728,1.0
5652,359.2337879257854,0.004105303380415728,1.0
5653,359.2135999860823,0.004105303380415728,1.0
5654,359.1951526106389,0.004105303380415728,1.0
5655,359.1773402764442,0.004105303380415728,1.0
5656,359.16551575610646,0.004105303380415728,1.0
5657,359.1541217744176,0.004105303380415728,1.0
5658,359.1433143934154,0.004105303380415728,1.0
5659,359.1366722505064,0.004105303380415728,1.0
5660,359.13263140255856,0.004105303380415728,1.0
5661,359.12969133447314,0.004105303380415728,1.0
5662,359.12731161726674,0.004105303380415728,1.0
5663,359.12456968275694,0.004105303380415728,1.0
5664,359.1223121249136,0.004105303380415728,1.0
5665,359.1227132505657,0.004105303380415728,1.0
5666,359.1229855102867,0.004105303380415728,1.0
5667,359.12120021249206,0.004105303380415728,1.0
5668,359.1195840573538,0.004105303380415728,1.0
5669,359.1374164987324,0.004105303380415728,1.0
5670,359.1373969751282,0.004105303380415728,1.0
5671,359.1469752251297,0.004105303380415728,1.0
5672,359.144734288629,0.004105303380415728,1.0
5673,359.1424309388101,0.004105303380415728,1.0
5674,359.13533775251835,0.004105303380415728,1.0
5675,359.12781189394957,0.004105303380415728,1.0
5676,359.1155049001341,0.004105303380415728,1.0
5677,359.09675238094286,0.004105303380415728,1.0
5678,359.0780566196835,0.004105303380415728,1.0
5679,359.0621524787888,0.004105303380415728,1.0
5680,359.05090183229964,0.004105303380415728,1.0
5681,359.043470150365,0.004105303380415728,1.0
5682,359.03602976961713,0.004105303380415728,1.0
5683,359.02884955494824,0.004105303380415728,1.0
5684,359.02849336335805,0.004105303380415728,1.0
5685,359.0286653253384,0.004105303380415728,1.0
5686,359.0386299805266,0.004105303380415728,1.0
5687,359.05190174030497,0.004105303380415728,1.0
5688,359.06401129512255,0.004105303380415728,1.0
5689,359.06854185028453,0.004105303380415728,1.0
5690,359.07529860101346,0.004105303380415728,1.0
5691,359.07848975249175,0.004105303380415728,1.0
5692,359.0778588534924,0.004105303380415728,1.0
5693,359.07815957069,0.004105303380415728,1.0
5694,359.0927839419829,0.004105303380415728,1.0
5695,359.11121004817534,0.004105303380415728,1.0
5696,359.109248616445,0.004105303380415728,1.0
5697,359.10694974609817,0.004105303380415728,1.0
5698,359.099434416282,0.004105303380415728,1.0
5699,359.0923240301044,0.004105303380415728,1.0
5700,359.086165967284,0.004105303380415728,1.0
5701,359.06965593599824,0.004105303380415728,1.0
5702,359.0573765229784,0.004105303380415728,1.0
5703,359.0431375818652,0.004105303380415728,1.0
5704,359.0371143598919,0.004105303380415728,1.0
5705,359.03088224617863,0.004105303380415728,1.0
5706,359.0270521347338,0.004105303380415728,1.0
5707,359.0339108582805,0.004105303380415728,1.0
5708,359.0497108399322,0.004105303380415728,1.0
5709,359.09853617066386,0.004105303380415728,1.0
5710,359.1292333546079,0.004105303380415728,1.0
5711,359.1581761898688,0.004105303380415728,1.0
5712,359.1770879240341,0.004105303380415728,1.0
5713,359.1952278606301,0.004105303380415728,1.0
5714,359.2055827567353,0.004105303380415728,1.0
5715,359.20646323856823,0.004105303380415728,1.0
5716,359.2057557672437,0.004105303380415728,1.0
5717,359.2201349108443,0.004105303380415728,1.0
5718,359.2325082095252,0.004105303380415728,1.0
5719,359.24995805266997,0.004105303380415728,1.0
5720,359.2518479196893,0.004105303380415728,1.0
5721,359.2513916500127,0.004105303380415728,1.0
5722,359.24341488894055,0.004105303380415728,1.0
5723,359.23491189509707,0.004105303380415728,1.0
5724,359.22145921714264,0.004105303380415728,1.0
5725,359.1992694439567,0.004105303380415728,1.0
5726,359.17696492044354,0.004105303380415728,1.0
5727,359.1598952868125,0.004105303380415728,1.0
5728,359.14357666860525,0.004105303380415728,1.0
5729,359.1323441370874,0.004105303380415728,1.0
5730,359.1190573146544,0.004105303380415728,1.0
5731,359.11521445757086,0.004105303380415728,1.0
5732,359.113959785141,0.004105303380415728,1.0
5733,359.1133112540969,0.004105303380415728,1.0
5734,359.1121846010947,0.004105303380415728,1.0
5735,359.12066550871793,0.004105303380415728,1.0
5736,359.12799248420856,0.004105303380415728,1.0
5737,359.13135969457255,0.004105303380415728,1.0
5738,359.13060950538693,0.004105303380415728,1.0
5739,359.1283993119136,0.004105303380415728,1.0
5740,359.128217868045,0.004105303380415728,1.0
5741,359.1403730646786,0.004105303380415728,1.0
5742,359.16525637575216,0.004105303380415728,1.0
5743,359.19049741619267,0.004105303380415728,1.0
5744,359.1999149651405,0.004105303380415728,1.0
5745,359.2037581379357,0.004105303380415728,1.0
5746,359.20211805759345,0.004105303380415728,1.0
5747,359.19885842950396,0.004105303380415728,1.0
5748,359.200625491545,0.004105303380415728,1.0
5749,359.191739786666,0.004105303380415728,1.0
5750,359.18013830959137,0.004105303380415728,1.0
5751,359.1668595041049,0.004105303380415728,1.0
5752,359.16241591543184,0.004105303380415728,1.0
5753,359.1623995881893,0.004105303380415728,1.0
5754,359.15748138660103,0.004105303380415728,1.0
5755,359.1553215933043,0.004105303380415728,1.0
5756,359.1646039448023,0.004105303380415728,1.0
5757,359.18529974221326,0.004105303380415728,1.0
5758,359.20960691440035,0.004105303380415728,1.0
5759,359.23482435894545,0.004105303380415728,1.0
5760,359.2453763673381,0.004105303380415728,1.0
5761,359.2481240829599,0.004105303380415728,1.0
5762,359.255853979576,0.004105303380415728,1.0
5763,359.2639385328017,0.004105303380415728,1.0
5764,359.2645348742264,0.004105303380415728,1.0
5765,359.2669836348789,0.004105303380415728,1.0
5766,359.2643401407722,0.004105303380415728,1.0
5767,359.2664100214159,0.004105303380415728,1.0
5768,359.2790679688155,0.004105303380415728,1.0
5769,359.29449594850394,0.004105303380415728,1.0
5770,359.2888188180577,0.004105303380415728,1.0
5771,359.2737088470139,0.004105303380415728,1.0
5772,359.2567303669283,0.004105303380415728,1.0
5773,359.2313331877784,0.004105303380415728,1.0
5774,359.21455017130455,0.004105303380415728,1.0
5775,359.1936390817183,0.004105303380415728,1.0
5776,359.18028616878075,0.004105303380415728,1.0
5777,359.1709412929721,0.004105303380415728,1.0
5778,359.1640979081116,0.004105303380415728,1.0
5779,359.160404482404,0.004105303380415728,1.0
5780,359.1700804130936,0.004105303380415728,1.0
5781,359.17988610818975,0.004105303380415728,1.0
5782,359.19965458215904,0.004105303380415728,1.0
5783,359.21773589613804,0.004105303380415728,1.0
5784,359.24958981202127,0.004105303380415728,1.0
5785,359.2560578418525,0.004105303380415728,1.0
5786,359.2551983910709,0.004105303380415728,1.0
5787,359.25434268132346,0.004105303380415728,1.0
5788,359.25414537468606,0.004105303380415728,1.0
5789,359.26066629161477,0.004105303380415728,1.0
5790,359.2707342674146,0.004105303380415728,1.0
5791,359.29598231548874,0.004105303380415728,1.0
5792,359.3043894323019,0.004105303380415728,1.0
5793,359.31498155856895,0.004105303380415728,1.0
5794,359.3138227817708,0.004105303380415728,1.0
5795,359.3097126912167,0.004105303380415728,1.0
5796,359.2980156125779,0.004105303380415728,1.0
5797,359.2775869131523,0.004105303380415728,1.0
5798,359.2656170415284,0.004105303380415728,1.0
5799,359.25101556988074,0.004105303380415728,1.0
5800,359.2404014509437,0.004105303380415728,1.0
5801,359.23045018320323,0.004105303380415728,1.0
5802,359.2246370974629,0.004105303380415728,1.0
5803,359.22111720301007,0.004105303380415728,1.0
5804,359.2213549569519,0.004105303380415728,1.0
5805,359.2265233627501,0.004105303380415728,1.0
5806,359.2378697249468,0.004105303380415728,1.0
5807,359.28376615251244,0.004105303380415728,1.0
5808,359.2969795175182,0.004105303380415728,1.0
5809,359.2994754948093,0.004105303380415728,1.0
5810,359.29834819520477,0.004105303380415728,1.0
5811,359.2971541486285,0.004105303380415728,1.0
5812,359.2977049765706,0.004105303380415728,1.0
5813,359.3052518331922,0.004105303380415728,1.0
5814,359.3203228379398,0.004105303380415728,1.0
5815,359.5802767749154,0.004105303380415728,1.0
5816,359.6698328003224,0.004105303380415728,1.0
5817,359.70322023441986,0.004105303380415728,1.0
5818,359.70170346273096,0.004105303380415728,1.0
5819,359.69966574781455,0.004105303380415728,1.0
5820,359.6957544076845,0.004105303380415728,1.0
5821,359.68611540222355,0.004105303380415728,1.0
5822,359.6729326858229,0.004105303380415728,1.0
5823,359.93691525694027,0.004105303380415728,1.0
5824,360.3409903336626,0.004105303380415728,1.0
5825,360.3697100590586,0.004105303380415728,1.0
5826,360.38475689313594,0.004105303380415728,1.0
5827,360.4496365018763,0.004105303380415728,1.0
5828,360.52630548277926,0.004105303380415728,1.0
5829,360.5970615264389,0.004105303380415728,1.0
5830,360.6496362742466,0.004105303380415728,1.0
5831,360.69923670025383,0.004105303380415728,1.0
5832,360.73968952341687,0.004105303380415728,1.0
5833,360.75990156601966,0.004105303380415728,1.0
5834,360.78365513661646,0.004105303380415728,1.0
5835,360.7925057470724,0.004105303380415728,1.0
5836,360.8094488552086,0.004105303380415728,1.0
5837,360.8561596929521,0.004105303380415728,1.0
5838,360.8889393965227,0.004105303380415728,1.0
5839,360.91333239684525,0.004105303380415728,1.0
5840,360.91319569086187,0.004105303380415728,1.0
5841,361.2084022531771,0.004105303380415728,1.0
5842,361.76779060466885,0.004105303380415728,1.0
5843,361.82901896918423,0.004105303380415728,1.0
5844,361.82874787245623,0.004105303380415728,1.0
5845,361.8838814164599,0.004105303380415728,1.0
5846,362.07414407150117,0.004105303380415728,1.0
5847,362.20586985200316,0.004105303380415728,1.0
5848,362.2115427674038,0.004105303380415728,1.0
5849,362.2134753855857,0.004105303380415728,1.0
5850,362.2150181287386,0.004105303380415728,1.0
5851,362.2440799566285,0.004105303380415728,1.0
5852,362.2723897571842,0.004105303380415728,1.0
5853,362.30340625460263,0.004105303380415728,1.0
5854,362.34917760021926,0.004105303380415728,1.0
5855,362.40349573569875,0.004105303380415728,1.0
5856,362.42108442516854,0.004105303380415728,1.0
5857,362.42857097455544,0.004105303380415728,1.0
5858,362.43581517041866,0.004105303380415728,1.0
5859,362.43655177214333,0.004105303380415728,1.0
5860,362.4401474762553,0.004105303380415728,1.0
5861,362.45943786279554,0.004105303380415728,1.0
5862,362.50970092614165,0.004105303380415728,1.0
5863,362.5598768793994,0.004105303380415728,1.0
5864,362.6002853787131,0.004105303380415728,1.0
5865,362.59172434605296,0.004105303380415728,1.0
5866,362.5758913529936,0.004105303380415728,1.0
5867,362.56240138712513,0.004105303380415728,1.0
5868,362.53491124773785,0.004105303380415728,1.0
5869,362.5168597127091,0.004105303380415728,1.0
5870,362.49247050747715,0.004105303380415728,1.0
5871,362.47517830969537,0.004105303380415728,1.0
5872,362.4624426380885,0.004105303380415728,1.0
5873,362.4505937767836,0.004105303380415728,1.0
5874,362.44225268176484,0.004105303380415728,1.0
5875,362.43805656767614,0.004105303380415728,1.0
5876,362.4430741848352,0.004105303380415728,1.0
5877,362.4448959480883,0.004105303380415728,1.0
5878,362.4576360215089,0.004105303380415728,1.0
5879,362.46273269976575,0.004105303380415728,1.0
5880,362.47455055984545,0.004105303380415728,1.0
5881,362.4833000541169,0.004105303380415728,1.0
5882,362.49222554061123,0.004105303380415728,1.0
5883,362.4944242423302,0.004105303380415728,1.0
5884,362.4954265297284,0.004105303380415728,1.0
5885,362.5205566910846,0.004105303380415728,1.0
5886,362.55756620719075,0.004105303380415728,1.0
5887,362.60334618622153,0.004105303380415728,1.0
5888,362.92672402094865,0.004105303380415728,1.0
5889,363.4697166943594,0.004105303380415728,1.0
5890,363.63645222380524,0.004105303380415728,1.0
5891,363.7498010269608,0.004105303380415728,1.0
5892,363.7457103269653,0.004105303380415728,1.0
5893,363.73350582544776,0.004105303380415728,1.0
5894,363.72289157805443,0.004105303380415728,1.0
5895,363.70859178293915,0.004105303380415728,1.0
5896,363.70050250918973,0.004105303380415728,1.0
5897,363.69083907393974,0.004105303380415728,1.0
5898,363.6850098537672,0.004105303380415728,1.0
5899,363.68406868152505,0.004105303380415728,1.0
5900,363.6907756461233,0.004105303380415728,1.0
5901,363.7027815743643,0.004105303380415728,1.0
5902,363.7223161005243,0.004105303380415728,1.0
5903,363.7469585291799,0.004105303380415728,1.0
5904,363.76291805607684,0.004105303380415728,1.0
5905,363.78092856720536,0.004105303380415728,1.0
5906,363.79004038490905,0.004105303380415728,1.0
5907,363.793732956413,0.004105303380415728,1.0
5908,363.80595369473053,0.004105303380415728,1.0
5909,363.8365372903846,0.004105303380415728,1.0
5910,363.858297636382,0.004105303380415728,1.0
5911,363.9108675914892,0.004105303380415728,1.0
5912,363.9130810677093,0.004105303380415728,1.0
5913,364.07720432811294,0.004105303380415728,1.0
5914,364.5215660659565,0.004105303380415728,1.0
5915,364.900520091135,0.004105303380415728,1.0
5916,364.9532957735954,0.004105303380415728,1.0
5917,364.948447661929,0.004105303380415728,1.0
5918,364.9396228456968,0.004105303380415728,1.0
5919,364.9272023472898,0.004105303380415728,1.0
5920,364.91742776628115,0.004105303380415728,1.0
5921,364.9082487504497,0.004105303380415728,1.0
5922,364.90409339975747,0.004105303380415728,1.0
5923,364.9034673620589,0.004105303380415728,1.0
5924,364.9127965895863,0.004105303380415728,1.0
5925,364.92819377440935,0.004105303380415728,1.0
5926,364.94220437330915,0.004105303380415728,1.0
5927,364.9762102330542,0.004105303380415728,1.0
5928,365.00409996386594,0.004105303380415728,1.0
5929,365.01140948368334,0.004105303380415728,1.0
5930,365.0163614695985,0.004105303380415728,1.0
5931,365.01579120649143,0.004105303380415728,1.0
5932,365.02043947211496,0.004105303380415728,1.0
5933,365.02783874153596,0.004105303380415728,1.0
5934,365.0481433392194,0.004105303380415728,1.0
5935,365.11703744143045,0.004105303380415728,1.0
5936,365.1461972359069,0.004105303380415728,1.0
5937,365.167544437902,0.004105303380415728,1.0
5938,365.1504763702379,0.004105303380415728,1.0
5939,365.12808346289836,0.004105303380415728,1.0
5940,365.10208933564877,0.004105303380415728,1.0
5941,365.07108089236635,0.004105303380415728,1.0
5942,365.04298411153377,0.004105303380415728,1.0
5943,365.01373321417526,0.004105303380415728,1.0
5944,365.0005320086824,0.004105303380415728,1.0
5945,364.9864673356149,0.004105303380415728,1.0
5946,364.97627641129446,0.004105303380415728,1.0
5947,364.97086757655615,0.004105303380415728,1.0
5948,364.9688468412965,0.004105303380415728,1.0
5949,364.98515631661564,0.004105303380415728,1.0
5950,364.9973707379451,0.004105303380415728,1.0
5951,365.03918935503435,0.004105303380415728,1.0
5952,365.0675803849246,0.004105303380415728,1.0
5953,365.0741909887214,0.004105303380415728,1.0
5954,365.0745579488792,0.004105303380415728,1.0
5955,365.0824509197662,0.004105303380415728,1.0
5956,365.090408866617,0.004105303380415728,1.0
5957,365.1146046759062,0.004105303380415728,1.0
5958,365.1471703251252,0.004105303380415728,1.0
5959,365.2025328121604,0.004105303380415728,1.0
5960,365.206747237617,0.004105303380415728,1.0
5961,365.2025589525284,0.004105303380415728,1.0
5962,365.2117891415114,0.004105303380415728,1.0
5963,365.2050553393356,0.004105303380415728,1.0
5964,365.1916536618684,0.004105303380415728,1.0
5965,365.16472734868825,0.004105303380415728,1.0
5966,365.1397984814464,0.004105303380415728,1.0
5967,365.191907341072,0.004105303380415728,1.0
5968,365.40896523661536,0.004105303380415728,1.0
5969,365.4198068014988,0.004105303380415728,1.0
5970,365.4162810815023,0.004105303380415728,1.0
5971,365.44667790439706,0.004105303380415728,1.0
5972,365.4772863833247,0.004105303380415728,1.0
5973,365.5204101640583,0.004105303380415728,1.0
5974,365.56069494166803,0.004105303380415728,1.0
5975,365.60754980259895,0.004105303380415728,1.0
5976,365.6238033413532,0.004105303380415728,1.0
5977,365.63913994015485,0.004105303380415728,1.0
5978,365.6446887852272,0.004105303380415728,1.0
5979,365.65362450398663,0.004105303380415728,1.0
5980,365.66769474423853,0.004105303380415728,1.0
5981,365.69826952243534,0.004105303380415728,1.0
5982,365.74473882409296,0.004105303380415728,1.0
5983,365.78772982834346,0.004105303380415728,1.0
5984,365.8015590082147,0.004105303380415728,1.0
5985,365.80445500930904,0.004105303380415728,1.0
5986,365.80100566207494,0.004105303380415728,1.0
5987,365.7947010753297,0.004105303380415728,1.0
5988,365.7838094490975,0.004105303380415728,1.0
5989,365.7721210422402,0.004105303380415728,1.0
5990,365.7570321284594,0.004105303380415728,1.0
5991,365.7355093680715,0.004105303380415728,1.0
5992,365.7286898534422,0.004105303380415728,1.0
5993,365.72479539707075,0.004105303380415728,1.0
5994,365.72313928375326,0.004105303380415728,1.0
5995,365.7358240634796,0.004105303380415728,1.0
5996,365.75860248606796,0.004105303380415728,1.0
5997,365.7897537134814,0.004105303380415728,1.0
5998,365.8200929333026,0.004105303380415728,1.0
5999,365.8420004618877,0.004105303380415728,1.0
6000,365.8632326951682,0.004105303380415728,1.0
6001,365.8746089061138,0.004105303380415728,1.0
6002,365.8844029540536,0.004105303380415728,1.0
6003,365.88450300586027,0.004105303380415728,1.0
6004,365.8845388911899,0.004105303380415728,1.0
6005,365.893798033567,0.004105303380415728,1.0
6006,365.9150588908411,0.004105303380415728,1.0
6007,365.9443251797263,0.004105303380415728,1.0
6008,365.98919562734443,0.004105303380415728,1.0
6009,366.00743484553993,0.004105303380415728,1.0
6010,366.0075962563899,0.004105303380415728,1.0
6011,366.002791003999,0.004105303380415728,1.0
6012,365.9892042224261,0.004105303380415728,1.0
6013,365.97134984462457,0.004105303380415728,1.0
6014,365.9567318089547,0.004105303380415728,1.0
6015,365.94261560320007,0.004105303380415728,1.0
6016,365.92696601955447,0.004105303380415728,1.0
6017,365.9132825734925,0.004105303380415728,1.0
6018,365.9051315161314,0.004105303380415728,1.0
6019,365.9031164069803,0.004105303380415728,1.0
6020,365.9087564343089,0.004105303380415728,1.0
6021,365.91025399135873,0.004105303380415728,1.0
6022,365.93957817190017,0.004105303380415728,1.0
6023,365.96400480646304,0.004105303380415728,1.0
6024,365.9794867184514,0.004105303380415728,1.0
6025,365.98004390825065,0.004105303380415728,1.0
6026,365.9844581581346,0.004105303380415728,1.0
6027,365.9907406285396,0.004105303380415728,1.0
6028,365.9927666292975,0.004105303380415728,1.0
6029,365.9960566699481,0.004105303380415728,1.0
6030,366.0122652837211,0.004105303380415728,1.0
6031,366.0420906048258,0.004105303380415728,1.0
6032,366.44667093345464,0.004105303380415728,1.0
6033,367.2716468542326,0.004105303380415728,1.0
6034,367.9732492613685,0.004105303380415728,1.0
6035,368.06107634740835,0.004105303380415728,1.0
6036,368.07047009020863,0.004105303380415728,1.0
6037,368.06193446551515,0.004105303380415728,1.0
6038,368.0533560193438,0.004105303380415728,1.0
6039,368.0372099594072,0.004105303380415728,1.0
6040,368.02976206161486,0.004105303380415728,1.0
6041,368.02468109226265,0.004105303380415728,1.0
6042,368.0182910687588,0.004105303380415728,1.0
6043,368.01509785432154,0.004105303380415728,1.0
6044,368.03525371437553,0.004105303380415728,1.0
6045,368.05939813358356,0.004105303380415728,1.0
6046,368.0945333414693,0.004105303380415728,1.0
6047,368.1194359064388,0.004105303380415728,1.0
6048,368.14199655495656,0.004105303380415728,1.0
6049,368.15011672296487,0.004105303380415728,1.0
6050,368.1607835020385,0.004105303380415728,1.0
6051,368.1647032775143,0.004105303380415728,1.0
6052,368.1688270254724,0.004105303380415728,1.0
6053,368.18569047506026,0.004105303380415728,1.0
6054,368.2713942169304,0.004105303380415728,1.0
6055,368.41272827677085,0.004105303380415728,1.0
6056,368.8943563738848,0.004105303380415728,1.0
6057,368.9166487563607,0.004105303380415728,1.0
6058,368.9167580531374,0.004105303380415728,1.0
6059,368.91010013355697,0.004105303380415728,1.0
6060,368.89468033432104,0.004105303380415728,1.0
6061,368.8821680759416,0.004105303380415728,1.0
6062,368.86537713539906,0.004105303380415728,1.0
6063,368.84913022785605,0.004105303380415728,1.0
6064,368.84025846720084,0.004105303380415728,1.0
6065,368.82641206246257,0.004105303380415728,1.0
6066,368.81789485892466,0.004105303380415728,1.0
6067,368.8159037363418,0.004105303380415728,1.0
6068,368.82740891767537,0.004105303380415728,1.0
6069,368.84001670568176,0.004105303380415728,1.0
6070,368.8549483735391,0.004105303380415728,1.0
6071,368.86910832554116,0.004105303380415728,1.0
6072,368.8778488100303,0.004105303380415728,1.0
6073,368.88955068407466,0.004105303380415728,1.0
6074,368.90395791896606,0.004105303380415728,1.0
6075,368.9047641689719,0.004105303380415728,1.0
6076,368.91958717628614,0.004105303380415728,1.0
6077,368.9615884261434,0.004105303380415728,1.0
6078,368.9952495903863,0.004105303380415728,1.0
6079,369.00860929958554,0.004105303380415728,1.0
6080,369.016453445952,0.004105303380415728,1.0
6081,369.01540042595445,0.004105303380415728,1.0
6082,369.01148229668615,0.004105303380415728,1.0
6083,369.00216225392325,0.004105303380415728,1.0
6084,368.9891379741357,0.004105303380415728,1.0
6085,368.9817172226061,0.004105303380415728,1.0
6086,368.9722807685569,0.004105303380415728,1.0
6087,368.9618270534549,0.004105303380415728,1.0
6088,368.96060913165906,0.004105303380415728,1.0
6089,368.96426528595043,0.004105303380415728,1.0
6090,368.98213019574894,0.004105303380415728,1.0
6091,368.9978259206238,0.004105303380415728,1.0
6092,369.0150668852977,0.004105303380415728,1.0
6093,369.03737973767545,0.004105303380415728,1.0
6094,369.0570106522744,0.004105303380415728,1.0
6095,369.08759789772625,0.004105303380415728,1.0
6096,369.1059215519401,0.004105303380415728,1.0
6097,369.1089172914999,0.004105303380415728,1.0
6098,369.1088854708614,0.004105303380415728,1.0
6099,369.1095121682082,0.004105303380415728,1.0
6100,369.114827925911,0.004105303380415728,1.0
6101,369.12754563210626,0.004105303380415728,1.0
6102,369.1570171240698,0.004105303380415728,1.0
6103,369.18204625972515,0.004105303380415728,1.0
6104,369.2036500100627,0.004105303380415728,1.0
6105,369.2033856910721,0.004105303380415728,1.0
6106,369.1962450559069,0.004105303380415728,1.0
6107,369.18697858465197,0.004105303380415728,1.0
6108,369.1736022522171,0.004105303380415728,1.0
6109,369.16474578028794,0.004105303380415728,1.0
6110,369.43791458697575,0.004105303380415728,1.0
6111,369.87297468927693,0.004105303380415728,1.0
6112,370.44182681790454,0.004105303380415728,1.0
6113,370.6044342171555,0.004105303380415728,1.0
6114,370.6691351707147,0.004105303380415728,1.0
6115,370.72802323129457,0.004105303380415728,1.0
6116,370.7990861640555,0.004105303380415728,1.0
6117,370.87415623504336,0.004105303380415728,1.0
6118,370.96780880102614,0.004105303380415728,1.0
6119,371.038102003146,0.004105303380415728,1.0
6120,371.09159593410186,0.004105303380415728,1.0
6121,371.1199361224214,0.004105303380415728,1.0
6122,371.14577221665684,0.004105303380415728,1.0
6123,371.16681401618825,0.004105303380415728,1.0
6124,371.18689104597087,0.004105303380415728,1.0
6125,371.23010897592854,0.004105303380415728,1.0
6126,371.283912643515,0.004105303380415728,1.0
6127,371.31207278642194,0.004105303380415728,1.0
6128,371.3184661589004,0.004105303380415728,1.0
6129,371.3123788843141,0.004105303380415728,1.0
6130,371.29788235892784,0.004105303380415728,1.0
6131,371.27732986057816,0.004105303380415728,1.0
6132,371.2568604451849,0.004105303380415728,1.0
6133,371.23969961812,0.004105303380415728,1.0
6134,371.2203194934332,0.004105303380415728,1.0
6135,371.1950123697978,0.004105303380415728,1.0
6136,371.18806199136526,0.004105303380415728,1.0
6137,371.1824487336288,0.004105303380415728,1.0
6138,371.1763658003207,0.004105303380415728,1.0
6139,371.18814140697486,0.004105303380415728,1.0
6140,371.2147469890797,0.004105303380415728,1.0
6141,371.2335707017157,0.004105303380415728,1.0
6142,371.26237305209327,0.004105303380415728,1.0
6143,371.29226634373003,0.004105303380415728,1.0
6144,371.3217304780196,0.004105303380415728,1.0
6145,371.3306056142543,0.004105303380415728,1.0
6146,371.33240903378106,0.004105303380415728,1.0
6147,371.33303613182665,0.004105303380415728,1.0
6148,371.3361900034012,0.004105303380415728,1.0
6149,371.3600107341305,0.004105303380415728,1.0
6150,371.39367032810964,0.004105303380415728,1.0
6151,371.4341273391072,0.004105303380415728,1.0
6152,371.43614982657897,0.004105303380415728,1.0
6153,371.4417800442333,0.004105303380415728,1.0
6154,371.4303804278971,0.004105303380415728,1.0
6155,371.40977144034423,0.004105303380415728,1.0
6156,371.38125696828337,0.004105303380415728,1.0
6157,371.3692566201477,0.004105303380415728,1.0
6158,371.3533012671818,0.004105303380415728,1.0
6159,371.3424754940502,0.004105303380415728,1.0
6160,371.33836951800913,0.004105303380415728,1.0
6161,371.33531612867284,0.004105303380415728,1.0
6162,371.33467855632745,0.004105303380415728,1.0
6163,371.3362678025788,0.004105303380415728,1.0
6164,371.34200188657456,0.004105303380415728,1.0
6165,371.3714057246516,0.004105303380415728,1.0
6166,371.39598665790726,0.004105303380415728,1.0
6167,371.4012442039997,0.004105303380415728,1.0
6168,371.427470528522,0.004105303380415728,1.0
6169,371.42720241375343,0.004105303380415728,1.0
6170,371.42802439492203,0.004105303380415728,1.0
6171,371.4277150305873,0.004105303380415728,1.0
6172,371.4274602905956,0.004105303380415728,1.0
6173,371.4442222039112,0.004105303380415728,1.0
6174,371.4613177478112,0.004105303380415728,1.0
6175,371.49486038461373,0.004105303380415728,1.0
6176,371.5270676839914,0.004105303380415728,1.0
6177,371.8332296465728,0.004105303380415728,1.0
6178,372.3448932507635,0.004105303380415728,1.0
6179,372.9165707565221,0.004105303380415728,1.0
6180,373.39675381672737,0.004105303380415728,1.0
6181,373.54130577868324,0.004105303380415728,1.0
6182,373.6288430436673,0.004105303380415728,1.0
6183,373.6969738299905,0.004105303380415728,1.0
6184,373.7394784730704,0.004105303380415728,1.0
6185,373.7834134068479,0.004105303380415728,1.0
6186,373.8367429748772,0.004105303380415728,1.0
6187,373.8798253505613,0.004105303380415728,1.0
6188,373.92643872325795,0.004105303380415728,1.0
6189,373.9763382047357,0.004105303380415728,1.0
6190,374.0263116762801,0.004105303380415728,1.0
6191,374.0776222914839,0.004105303380415728,1.0
6192,374.11510885685817,0.004105303380415728,1.0
6193,374.13229410824374,0.004105303380415728,1.0
6194,374.146773817327,0.004105303380415728,1.0
6195,374.15439543932376,0.004105303380415728,1.0
6196,374.17159601846356,0.004105303380415728,1.0
6197,374.19481371961103,0.004105303380415728,1.0
6198,374.2143322842453,0.004105303380415728,1.0
6199,374.21618906980103,0.004105303380415728,1.0
6200,374.28250230318747,0.004105303380415728,1.0
6201,374.31782303750265,0.004105303380415728,1.0
6202,374.30924748696503,0.004105303380415728,1.0
6203,374.30269332694996,0.004105303380415728,1.0
6204,374.8348155298827,0.004105303380415728,1.0
6205,374.83249623582924,0.004105303380415728,1.0
6206,374.8302062575378,0.004105303380415728,1.0
6207,374.83646445546464,0.004105303380415728,1.0
6208,374.8325240044745,0.004105303380415728,1.0
6209,374.82828421504405,0.004105303380415728,1.0
6210,374.8244456761729,0.004105303380415728,1.0
6211,374.8214030216889,0.004105303380415728,1.0
6212,374.8306254473133,0.004105303380415728,1.0
6213,374.8688642047003,0.004105303380415728,1.0
6214,374.90489301697806,0.004105303380415728,1.0
6215,374.9430044330346,0.004105303380415728,1.0
6216,374.96035336360274,0.004105303380415728,1.0
6217,374.9790728258968,0.004105303380415728,1.0
6218,374.9992396001938,0.004105303380415728,1.0
6219,375.01247150031816,0.004105303380415728,1.0
6220,375.02478553155765,0.004105303380415728,1.0
6221,375.0608951687791,0.004105303380415728,1.0
6222,375.09540828487565,0.004105303380415728,1.0
6223,375.0926308119216,0.004105303380415728,1.0
6224,375.11920384145316,0.004105303380415728,1.0
6225,375.3429064957411,0.004105303380415728,1.0
6226,376.1930522684147,0.004105303380415728,1.0
6227,377.0621651778201,0.004105303380415728,1.0
6228,377.45315024794996,0.004105303380415728,1.0
6229,377.53041120202766,0.004105303380415728,1.0
6230,377.58581064118744,0.004105303380415728,1.0
6231,377.6134043245427,0.004105303380415728,1.0
6232,377.6143139235221,0.004105303380415728,1.0
6233,377.6173523102011,0.004105303380415728,1.0
6234,377.615983439335,0.004105303380415728,1.0
6235,377.65792089699573,0.004105303380415728,1.0
6236,377.70324761429737,0.004105303380415728,1.0
6237,377.73331824309923,0.004105303380415728,1.0
6238,377.77174895156196,0.004105303380415728,1.0
6239,377.7996075913495,0.004105303380415728,1.0
6240,377.8166471252835,0.004105303380415728,1.0
6241,377.8416886104306,0.004105303380415728,1.0
6242,377.8547036621926,0.004105303380415728,1.0
6243,377.8572484881258,0.004105303380415728,1.0
6244,377.86565380387987,0.004105303380415728,1.0
6245,377.8651707842177,0.004105303380415728,1.0
6246,377.88377155302993,0.004105303380415728,1.0
6247,377.93072724771326,0.004105303380415728,1.0
6248,377.9891876105144,0.004105303380415728,1.0
6249,378.03759848692806,0.004105303380415728,1.0
6250,378.0327111365265,0.004105303380415728,1.0
6251,378.37588936508183,0.004105303380415728,1.0
6252,378.7730537159579,0.004105303380415728,1.0
6253,379.2477618338762,0.004105303380415728,1.0
6254,379.6222281189926,0.004105303380415728,1.0
6255,379.69177710792786,0.004105303380415728,1.0
6256,379.7642373435813,0.004105303380415728,1.0
6257,379.83060993146574,0.004105303380415728,1.0
6258,379.8894259017849,0.004105303380415728,1.0
6259,379.94555374614544,0.004105303380415728,1.0
6260,379.99282955252056,0.004105303380415728,1.0
6261,380.04169841884845,0.004105303380415728,1.0
6262,380.09874521472216,0.004105303380415728,1.0
6263,380.15915176399704,0.004105303380415728,1.0
6264,380.1964042615148,0.004105303380415728,1.0
6265,380.2231475803387,0.004105303380415728,1.0
6266,380.2368905043193,0.004105303380415728,1.0
6267,380.24734062501614,0.004105303380415728,1.0
6268,380.2597424809255,0.004105303380415728,1.0
6269,380.28342987454374,0.004105303380415728,1.0
6270,380.2920073278303,0.004105303380415728,1.0
6271,380.3293568525882,0.004105303380415728,1.0
6272,380.3458486954433,0.004105303380415728,1.0
6273,380.3396750419543,0.004105303380415728,1.0
6274,380.3278434159189,0.004105303380415728,1.0
6275,380.32655777420524,0.004105303380415728,1.0
6276,380.31636978582287,0.004105303380415728,1.0
6277,380.29839759788536,0.004105303380415728,1.0
6278,380.2832128704552,0.004105303380415728,1.0
6279,380.2710231894579,0.004105303380415728,1.0
6280,380.2589269297959,0.004105303380415728,1.0
6281,380.2462008577562,0.004105303380415728,1.0
6282,380.2368223528886,0.004105303380415728,1.0
6283,380.2321054023321,0.004105303380415728,1.0
6284,380.2310613833786,0.004105303380415728,1.0
6285,380.2308646643597,0.004105303380415728,1.0
6286,380.229982670325,0.004105303380415728,1.0
6287,380.2288497202533,0.004105303380415728,1.0
6288,380.2269337426317,0.004105303380415728,1.0
6289,380.22593846458517,0.004105303380415728,1.0
6290,380.2240042431504,0.004105303380415728,1.0
6291,380.22205384296103,0.004105303380415728,1.0
6292,380.22117621553303,0.004105303380415728,1.0
6293,380.23587532750435,0.004105303380415728,1.0
6294,380.25030209065005,0.004105303380415728,1.0
6295,380.27911409344307,0.004105303380415728,1.0
6296,380.289338052808,0.004105303380415728,1.0
6297,380.2871780422244,0.004105303380415728,1.0
6298,380.27713405464215,0.004105303380415728,1.0
6299,380.25680215330516,0.004105303380415728,1.0
6300,380.2320214803885,0.004105303380415728,1.0
6301,380.2115237724709,0.004105303380415728,1.0
6302,380.1936620146442,0.004105303380415728,1.0
6303,380.1792538867619,0.004105303380415728,1.0
6304,380.17303897327974,0.004105303380415728,1.0
6305,380.16819833247934,0.004105303380415728,1.0
6306,380.16435954055544,0.004105303380415728,1.0
6307,380.1627248665137,0.004105303380415728,1.0
6308,380.16204741163517,0.004105303380415728,1.0
6309,380.199164644503,0.004105303380415728,1.0
6310,380.2107539627355,0.004105303380415728,1.0
6311,380.23439135246497,0.004105303380415728,1.0
6312,380.26717628363343,0.004105303380415728,1.0
6313,380.2814466873645,0.004105303380415728,1.0
6314,380.2896400300343,0.004105303380415728,1.0
6315,380.29336266274964,0.004105303380415728,1.0
6316,380.29574472374594,0.004105303380415728,1.0
6317,380.31010276640785,0.004105303380415728,1.0
6318,380.55999154757325,0.004105303380415728,1.0
6319,381.1212933759215,0.004105303380415728,1.0
6320,381.71914709385265,0.004105303380415728,1.0
6321,382.479558123405,0.004105303380415728,1.0
6322,383.15149266540664,0.004105303380415728,1.0
6323,383.52121452759604,0.004105303380415728,1.0
6324,383.6065193958539,0.004105303380415728,1.0
6325,383.66544464869503,0.004105303380415728,1.0
6326,383.7054791819838,0.004105303380415728,1.0
6327,383.7313988884508,0.004105303380415728,1.0
6328,383.72900375872547,0.004105303380415728,1.0
6329,383.72868275668884,0.004105303380415728,1.0
6330,383.7210807039704,0.004105303380415728,1.0
6331,383.7433504810209,0.004105303380415728,1.0
6332,383.7680209739542,0.004105303380415728,1.0
6333,383.79655692371495,0.004105303380415728,1.0
6334,383.82423126043057,0.004105303380415728,1.0
6335,383.857395764892,0.004105303380415728,1.0
6336,383.87968519680703,0.004105303380415728,1.0
6337,383.8970122731932,0.004105303380415728,1.0
6338,383.9069223469242,0.004105303380415728,1.0
6339,383.9172366866862,0.004105303380415728,1.0
6340,383.92772800523164,0.004105303380415728,1.0
6341,383.9286547022057,0.004105303380415728,1.0
6342,383.94828712839137,0.004105303380415728,1.0
6343,384.0192587353818,0.004105303380415728,1.0
6344,384.07612078933545,0.004105303380415728,1.0
6345,384.1299029015057,0.004105303380415728,1.0
6346,384.12370688752424,0.004105303380415728,1.0
6347,384.11871753880024,0.004105303380415728,1.0
6348,384.1085324583423,0.004105303380415728,1.0
6349,384.0984493311915,0.004105303380415728,1.0
6350,384.08813833745336,0.004105303380415728,1.0
6351,384.07731337679434,0.004105303380415728,1.0
6352,384.06822774568616,0.004105303380415728,1.0
6353,384.0641012666112,0.004105303380415728,1.0
6354,384.0620962119341,0.004105303380415728,1.0
6355,384.0640827130472,0.004105303380415728,1.0
6356,384.07906763551233,0.004105303380415728,1.0
6357,384.1118149143774,0.004105303380415728,1.0
6358,384.14824606797004,0.004105303380415728,1.0
6359,384.1745202171177,0.004105303380415728,1.0
6360,384.19910360291857,0.004105303380415728,1.0
6361,384.2050168288511,0.004105303380415728,1.0
6362,384.2146314897722,0.004105303380415728,1.0
6363,384.2147034049294,0.004105303380415728,1.0
6364,384.2246128738598,0.004105303380415728,1.0
6365,384.23383250606247,0.004105303380415728,1.0
6366,384.26885324650374,0.004105303380415728,1.0
6367,384.3168625410193,0.004105303380415728,1.0
6368,384.3232408326525,0.004105303380415728,1.0
6369,384.32200403051155,0.004105303380415728,1.0
6370,384.31139972305084,0.004105303380415728,1.0
6371,384.29904150004967,0.004105303380415728,1.0
6372,384.29455208206724,0.004105303380415728,1.0
6373,384.27844621567624,0.004105303380415728,1.0
6374,384.2720554223131,0.004105303380415728,1.0
6375,384.26195260745993,0.004105303380415728,1.0
6376,384.2588453836712,0.004105303380415728,1.0
6377,384.2574587942054,0.004105303380415728,1.0
6378,384.258717839203,0.004105303380415728,1.0
6379,384.2664252288583,0.004105303380415728,1.0
6380,384.27809412816805,0.004105303380415728,1.0
6381,384.3257308274417,0.004105303380415728,1.0
6382,384.36443793377794,0.004105303380415728,1.0
6383,384.40382608179135,0.004105303380415728,1.0
6384,384.40996346765195,0.004105303380415728,1.0
6385,384.41652599777217,0.004105303380415728,1.0
6386,384.4265752469121,0.004105303380415728,1.0
6387,384.4288299117255,0.004105303380415728,1.0
6388,384.42947458953694,0.004105303380415728,1.0
6389,384.4433290705068,0.004105303380415728,1.0
6390,384.4594359486714,0.004105303380415728,1.0
6391,384.6952168864292,0.004105303380415728,1.0
6392,385.2636819792577,0.004105303380415728,1.0
6393,385.83836728591535,0.004105303380415728,1.0
6394,385.9099027606429,0.004105303380415728,1.0
6395,385.9263114217759,0.004105303380415728,1.0
6396,385.93174234105874,0.004105303380415728,1.0
6397,385.9367898552089,0.004105303380415728,1.0
6398,385.94661349139085,0.004105303380415728,1.0
6399,385.9462802650994,0.004105303380415728,1.0
6400,385.943742860825,0.004105303380415728,1.0
6401,385.94261465957123,0.004105303380415728,1.0
6402,385.94115815067073,0.004105303380415728,1.0
6403,385.95651946316735,0.004105303380415728,1.0
6404,385.98299484557396,0.004105303380415728,1.0
6405,386.0133882417593,0.004105303380415728,1.0
6406,386.0330219696038,0.004105303380415728,1.0
6407,386.0505964603763,0.004105303380415728,1.0
6408,386.0762094739476,0.004105303380415728,1.0
6409,386.0939367592804,0.004105303380415728,1.0
6410,386.1198385332157,0.004105303380415728,1.0
6411,386.1252735394332,0.004105303380415728,1.0
6412,386.1393130599866,0.004105303380415728,1.0
6413,386.19161372032863,0.004105303380415728,1.0
6414,386.2028900221044,0.004105303380415728,1.0
6415,386.36138576355705,0.004105303380415728,1.0
6416,386.8617796163548,0.004105303380415728,1.0
6417,387.2740232873879,0.004105303380415728,1.0
6418,388.2064715742192,0.004105303380415728,1.0
6419,388.645236095126,0.004105303380415728,1.0
6420,388.7173776262779,0.004105303380415728,1.0
6421,388.7964547046531,0.004105303380415728,1.0
6422,388.8711396158034,0.004105303380415728,1.0
6423,388.8878554539745,0.004105303380415728,1.0
6424,388.9290031768821,0.004105303380415728,1.0
6425,388.9613338645601,0.004105303380415728,1.0
6426,388.97659605130985,0.004105303380415728,1.0
6427,389.0183093359539,0.004105303380415728,1.0
6428,389.05950014469397,0.004105303380415728,1.0
6429,389.1363148330757,0.004105303380415728,1.0
6430,389.250616362873,0.004105303380415728,1.0
6431,389.3094907712499,0.004105303380415728,1.0
6432,389.3533124461917,0.004105303380415728,1.0
6433,389.3744235965955,0.004105303380415728,1.0
6434,389.39534084586325,0.004105303380415728,1.0
6435,389.41332153200943,0.004105303380415728,1.0
6436,389.43247860669857,0.004105303380415728,1.0
6437,389.4516274889995,0.004105303380415728,1.0
6438,389.48272475370806,0.004105303380415728,1.0
6439,389.52946253391787,0.004105303380415728,1.0
6440,389.626664218186,0.004105303380415728,1.0
6441,390.0836452821168,0.004105303380415728,1.0
6442,390.7936487564856,0.004105303380415728,1.0
6443,391.7145580186173,0.004105303380415728,1.0
6444,392.4601172192145,0.004105303380415728,1.0
6445,392.6580284792315,0.004105303380415728,1.0
6446,392.73674580485437,0.004105303380415728,1.0
6447,392.78602314248616,0.004105303380415728,1.0
6448,392.83461105370003,0.004105303380415728,1.0
6449,392.93325222246256,0.004105303380415728,1.0
6450,393.03327752117025,0.004105303380415728,1.0
6451,393.1211842636467,0.004105303380415728,1.0
6452,393.2038986168597,0.004105303380415728,1.0
6453,393.28897827598007,0.004105303380415728,1.0
6454,393.38160386944674,0.004105303380415728,1.0
6455,393.44193505114396,0.004105303380415728,1.0
6456,393.4718975454021,0.004105303380415728,1.0
6457,393.4983362790241,0.004105303380415728,1.0
6458,393.5178734926336,0.004105303380415728,1.0
6459,393.5323547946617,0.004105303380415728,1.0
6460,393.5635076062914,0.004105303380415728,1.0
6461,393.5859812517992,0.004105303380415728,1.0
6462,393.6054596766141,0.004105303380415728,1.0
6463,393.7680342649366,0.004105303380415728,1.0
6464,394.2790039122582,0.004105303380415728,1.0
6465,394.80555752380167,0.004105303380415728,1.0
6466,395.08913177580496,0.004105303380415728,1.0
6467,395.18679986462956,0.004105303380415728,1.0
6468,395.2134194643594,0.004105303380415728,1.0
6469,395.21520320531585,0.004105303380415728,1.0
6470,395.212941810121,0.004105303380415728,1.0
6471,395.2102279073933,0.004105303380415728,1.0
6472,395.2223111992575,0.004105303380415728,1.0
6473,395.2702173563237,0.004105303380415728,1.0
6474,395.3196966286702,0.004105303380415728,1.0
6475,395.3685317020385,0.004105303380415728,1.0
6476,395.4211102133431,0.004105303380415728,1.0
6477,395.4856189629232,0.004105303380415728,1.0
6478,395.54251826358654,0.004105303380415728,1.0
6479,395.6063216193743,0.004105303380415728,1.0
6480,395.6545431177221,0.004105303380415728,1.0
6481,395.6662206556009,0.004105303380415728,1.0
6482,395.68409677920937,0.004105303380415728,1.0
6483,395.6960305289718,0.004105303380415728,1.0
6484,395.7147264636865,0.004105303380415728,1.0
6485,395.746729210242,0.004105303380415728,1.0
6486,395.7953763978103,0.004105303380415728,1.0
6487,395.8367555769287,0.004105303380415728,1.0
6488,395.85021436510874,0.004105303380415728,1.0
6489,395.85263830252507,0.004105303380415728,1.0
6490,395.8763545082242,0.004105303380415728,1.0
6491,395.87479781068146,0.004105303380415728,1.0
6492,395.9183219630019,0.004105303380415728,1.0
6493,395.91819861498266,0.004105303380415728,1.0
6494,395.9179736533307,0.004105303380415728,1.0
6495,395.91192143815647,0.004105303380415728,1.0
6496,395.9093312934276,0.004105303380415728,1.0
6497,395.90840540256494,0.004105303380415728,1.0
6498,395.9212477151948,0.004105303380415728,1.0
6499,395.94019936817676,0.004105303380415728,1.0
6500,395.9813011484612,0.004105303380415728,1.0
6501,396.03078072447346,0.004105303380415728,1.0
6502,396.0717637701607,0.004105303380415728,1.0
6503,396.0908441281202,0.004105303380415728,1.0
6504,396.09989212197144,0.004105303380415728,1.0
6505,396.1123521250554,0.004105303380415728,1.0
6506,396.1272573710565,0.004105303380415728,1.0
6507,396.134416605176,0.004105303380415728,1.0
6508,396.1493668402866,0.004105303380415728,1.0
6509,396.1818474352049,0.004105303380415728,1.0
6510,396.23572893393094,0.004105303380415728,1.0
6511,396.2498389211067,0.004105303380415728,1.0
6512,396.2825065322365,0.004105303380415728,1.0
6513,396.28411842237944,0.004105303380415728,1.0
6514,396.28331118348365,0.004105303380415728,1.0
6515,396.28395887283784,0.004105303380415728,1.0
6516,396.28221719314405,0.004105303380415728,1.0
6517,396.2791523780368,0.004105303380415728,1.0
6518,396.43900684974636,0.004105303380415728,1.0
6519,396.44083472711304,0.004105303380415728,1.0
6520,396.4605811810175,0.004105303380415728,1.0
6521,396.4936741881182,0.004105303380415728,1.0
6522,396.53478052803507,0.004105303380415728,1.0
6523,396.6063625013295,0.004105303380415728,1.0
6524,396.6663651006849,0.004105303380415728,1.0
6525,396.7180439763204,0.004105303380415728,1.0
6526,396.77216780899573,0.004105303380415728,1.0
6527,396.8267026977606,0.004105303380415728,1.0
6528,396.8593773821576,0.004105303380415728,1.0
6529,396.8781448398724,0.004105303380415728,1.0
6530,396.8873944007934,0.004105303380415728,1.0
6531,396.8973544120927,0.004105303380415728,1.0
6532,396.913837706602,0.004105303380415728,1.0
6533,397.0105695000907,0.004105303380415728,1.0
6534,397.4920150572978,0.004105303380415728,1.0
6535,398.0245670820099,0.004105303380415728,1.0
6536,398.1923277311106,0.004105303380415728,1.0
6537,398.23713183766785,0.004105303380415728,1.0
6538,398.2326257021529,0.004105303380415728,1.0
6539,398.2283447158738,0.004105303380415728,1.0
6540,398.2565096368249,0.004105303380415728,1.0
6541,398.2408647518057,0.004105303380415728,1.0
6542,398.230252467152,0.004105303380415728,1.0
6543,398.2179209778837,0.004105303380415728,1.0
6544,398.2087128039524,0.004105303380415728,1.0
6545,398.20219204898183,0.004105303380415728,1.0
6546,398.2056746680795,0.004105303380415728,1.0
6547,398.2086110851293,0.004105303380415728,1.0
6548,398.2160113996688,0.004105303380415728,1.0
6549,398.2551048916601,0.004105303380415728,1.0
6550,398.2884898121044,0.004105303380415728,1.0
6551,398.32331416597935,0.004105303380415728,1.0
6552,398.333560275391,0.004105303380415728,1.0
6553,398.3465070417371,0.004105303380415728,1.0
6554,398.3703552539407,0.004105303380415728,1.0
6555,398.4031541678921,0.004105303380415728,1.0
6556,398.44332029777365,0.004105303380415728,1.0
6557,398.4689389693711,0.004105303380415728,1.0
6558,398.48043930460415,0.004105303380415728,1.0
6559,398.4875315865327,0.004105303380415728,1.0
6560,398.49967328931194,0.004105303380415728,1.0
6561,398.49958522472434,0.004105303380415728,1.0
6562,398.4923044952993,0.004105303380415728,1.0
6563,398.4784661045356,0.004105303380415728,1.0
6564,398.4566250218398,0.004105303380415728,1.0
6565,398.4385968104804,0.004105303380415728,1.0
6566,398.4204874812087,0.004105303380415728,1.0
6567,398.40990282851953,0.004105303380415728,1.0
6568,398.4002616995287,0.004105303380415728,1.0
6569,398.393904701333,0.004105303380415728,1.0
6570,398.38786811821836,0.004105303380415728,1.0
6571,398.3909774766258,0.004105303380415728,1.0
6572,398.4037604991957,0.004105303380415728,1.0
6573,398.42928719987685,0.004105303380415728,1.0
6574,398.45653904024346,0.004105303380415728,1.0
6575,398.4734967863449,0.004105303380415728,1.0
6576,398.4990714753009,0.004105303380415728,1.0
6577,398.51342952305856,0.004105303380415728,1.0
6578,398.51328417491106,0.004105303380415728,1.0
6579,398.51310888608043,0.004105303380415728,1.0
6580,398.52838214679633,0.004105303380415728,1.0
6581,398.5613420948847,0.004105303380415728,1.0
6582,398.6028300181327,0.004105303380415728,1.0
6583,398.64884434977955,0.004105303380415728,1.0
6584,398.706093512048,0.004105303380415728,1.0
6585,398.7493478083249,0.004105303380415728,1.0
6586,398.79443455235287,0.004105303380415728,1.0
6587,398.85770324068136,0.004105303380415728,1.0
6588,398.89195118142214,0.004105303380415728,1.0
6589,398.9213593991217,0.004105303380415728,1.0
6590,398.92371023258937,0.004105303380415728,1.0
6591,398.9216883611154,0.004105303380415728,1.0
6592,398.9342897287489,0.004105303380415728,1.0
6593,398.9624513273041,0.004105303380415728,1.0
6594,399.00187263706937,0.004105303380415728,1.0
6595,399.046830915522,0.004105303380415728,1.0
6596,399.09665557621446,0.004105303380415728,1.0
6597,399.1632056057753,0.004105303380415728,1.0
6598,399.2186899387007,0.004105303380415728,1.0
6599,399.2707404822948,0.004105303380415728,1.0
6600,399.29433109010614,0.004105303380415728,1.0
6601,399.31487142489414,0.004105303380415728,1.0
6602,399.3347158591166,0.004105303380415728,1.0
6603,399.34140342187277,0.004105303380415728,1.0
6604,399.3533046189367,0.004105303380415728,1.0
6605,399.385168650855,0.004105303380415728,1.0
6606,399.4151119858575,0.004105303380415728,1.0
6607,399.4415861390422,0.004105303380415728,1.0
6608,399.45370753203815,0.004105303380415728,1.0
6609,399.47075980927053,0.004105303380415728,1.0
6610,399.459072785122,0.004105303380415728,1.0
6611,399.78181578488784,0.004105303380415728,1.0
6612,399.8547546610839,0.004105303380415728,1.0
6613,399.85941969330605,0.004105303380415728,1.0
6614,399.8625617678907,0.004105303380415728,1.0
6615,399.8586966536231,0.004105303380415728,1.0
6616,399.85576894530664,0.004105303380415728,1.0
6617,399.85410930525813,0.004105303380415728,1.0
6618,399.88086027803223,0.004105303380415728,1.0
6619,399.9144549921893,0.004105303380415728,1.0
6620,399.9716397188231,0.004105303380415728,1.0
6621,400.00070139802386,0.004105303380415728,1.0
6622,400.0273932562296,0.004105303380415728,1.0
6623,400.0618828893074,0.004105303380415728,1.0
6624,400.0792134830662,0.004105303380415728,1.0
6625,400.08961494188225,0.004105303380415728,1.0
6626,400.1013214817229,0.004105303380415728,1.0
6627,400.1024268462673,0.004105303380415728,1.0
6628,400.10236507126274,0.004105303380415728,1.0
6629,400.1190687111634,0.004105303380415728,1.0
6630,400.1191592233584,0.004105303380415728,1.0
6631,400.15587510897285,0.004105303380415728,1.0
6632,400.2045366541063,0.004105303380415728,1.0
6633,400.27925695928406,0.004105303380415728,1.0
6634,400.29438332479043,0.004105303380415728,1.0
6635,400.3046600689885,0.004105303380415728,1.0
6636,400.3141622009336,0.004105303380415728,1.0
6637,400.32799610323167,0.004105303380415728,1.0
6638,400.3383160292989,0.004105303380415728,1.0
6639,400.3563797823288,0.004105303380415728,1.0
6640,400.3690230188467,0.004105303380415728,1.0
6641,400.3727857418337,0.004105303380415728,1.0
6642,400.3968819887077,0.004105303380415728,1.0
6643,400.4152912721747,0.004105303380415728,1.0
6644,400.44244326119883,0.004105303380415728,1.0
6645,400.4948864502219,0.004105303380415728,1.0
6646,400.5432734128581,0.004105303380415728,1.0
6647,400.5952761560068,0.004105303380415728,1.0
6648,400.62314664870706,0.004105303380415728,1.0
6649,400.6390107908106,0.004105303380415728,1.0
6650,400.6465586103871,0.004105303380415728,1.0
6651,400.6496298072155,0.004105303380415728,1.0
6652,400.67257260954796,0.004105303380415728,1.0
6653,400.6831211300571,0.004105303380415728,1.0
6654,400.69841360802263,0.004105303380415728,1.0
6655,400.7230678915575,0.004105303380415728,1.0
6656,400.75206618139316,0.004105303380415728,1.0
6657,400.79499710749866,0.004105303380415728,1.0
6658,400.8483274663353,0.004105303380415728,1.0
6659,400.86403887957215,0.004105303380415728,1.0
6660,400.8754124620466,0.004105303380415728,1.0
6661,400.8915164599118,0.004105303380415728,1.0
6662,400.9260050618441,0.004105303380415728,1.0
6663,400.9705737142534,0.004105303380415728,1.0
6664,401.0006914973052,0.004105303380415728,1.0
6665,401.03074686966755,0.004105303380415728,1.0
6666,401.06202492904595,0.004105303380415728,1.0
6667,401.11470909368455,0.004105303380415728,1.0
6668,401.17571070788324,0.004105303380415728,1.0
6669,401.22669104080995,0.004105303380415728,1.0
6670,401.26857765240925,0.004105303380415728,1.0
6671,401.31228197890425,0.004105303380415728,1.0
6672,401.3458697233334,0.004105303380415728,1.0
6673,401.3721159989444,0.004105303380415728,1.0
6674,401.38154345878667,0.004105303380415728,1.0
6675,401.3854165145289,0.004105303380415728,1.0
6676,401.3936287190153,0.004105303380415728,1.0
6677,401.40565056918206,0.004105303380415728,1.0
6678,401.43383563308925,0.004105303380415728,1.0
6679,401.4707851076766,0.004105303380415728,1.0
6680,401.50086205266444,0.004105303380415728,1.0
6681,401.5256962695145,0.004105303380415728,1.0
6682,401.5252527654211,0.004105303380415728,1.0
6683,401.5246425633391,0.004105303380415728,1.0
6684,401.5468790256888,0.004105303380415728,1.0
6685,401.5665097239775,0.004105303380415728,1.0
6686,401.5850303344685,0.004105303380415728,1.0
6687,401.5850229190863,0.004105303380415728,1.0
6688,401.5941554052872,0.004105303380415728,1.0
6689,401.60353270431756,0.004105303380415728,1.0
6690,401.62746632706074,0.004105303380415728,1.0
6691,401.66729583560345,0.004105303380415728,1.0
6692,401.73784780618604,0.004105303380415728,1.0
6693,401.81843868934425,0.004105303380415728,1.0
6694,401.87226117040103,0.004105303380415728,1.0
6695,401.92906791879756,0.004105303380415728,1.0
6696,401.94824848569056,0.004105303380415728,1.0
6697,401.9613597967189,0.004105303380415728,1.0
6698,401.97100081795287,0.004105303380415728,1.0
6699,401.97869961059035,0.004105303380415728,1.0
6700,401.9874086592881,0.004105303380415728,1.0
6701,402.0010218109931,0.004105303380415728,1.0
6702,402.0163005540163,0.004105303380415728,1.0
6703,402.046592359199,0.004105303380415728,1.0
6704,402.0985903279029,0.004105303380415728,1.0
6705,402.12360384033997,0.004105303380415728,1.0
6706,402.12157228761856,0.004105303380415728,1.0
6707,402.1169404289238,0.004105303380415728,1.0
6708,402.10514918717075,0.004105303380415728,1.0
6709,402.09114462774465,0.004105303380415728,1.0
6710,402.0782088387609,0.004105303380415728,1.0
6711,402.06498538619854,0.004105303380415728,1.0
6712,402.0617843609961,0.004105303380415728,1.0
6713,402.0606122663591,0.004105303380415728,1.0
6714,402.06538210738245,0.004105303380415728,1.0
6715,402.08598552818034,0.004105303380415728,1.0
6716,402.1096519553723,0.004105303380415728,1.0
6717,402.13952053821566,0.004105303380415728,1.0
6718,402.1789819150333,0.004105303380415728,1.0
6719,402.1976263405092,0.004105303380415728,1.0
6720,402.22080866917884,0.004105303380415728,1.0
6721,402.2393314353908,0.004105303380415728,1.0
6722,402.26496245481775,0.004105303380415728,1.0
6723,402.2676374643757,0.004105303380415728,1.0
6724,402.2762102825556,0.004105303380415728,1.0
6725,402.31497385175976,0.004105303380415728,1.0
6726,402.3690039559016,0.004105303380415728,1.0
6727,402.4123667930451,0.004105303380415728,1.0
6728,402.4225687965978,0.004105303380415728,1.0
6729,402.4305717697761,0.004105303380415728,1.0
6730,402.42338328520685,0.004105303380415728,1.0
6731,402.41240662424207,0.004105303380415728,1.0
6732,402.39724384234825,0.004105303380415728,1.0
6733,402.3869652835879,0.004105303380415728,1.0
6734,402.37194290057596,0.004105303380415728,1.0
6735,402.35551918703015,0.004105303380415728,1.0
6736,402.3447707429391,0.004105303380415728,1.0
6737,402.33723427298065,0.004105303380415728,1.0
6738,402.3358746063058,0.004105303380415728,1.0
6739,402.3418247484142,0.004105303380415728,1.0
6740,402.3745415635774,0.004105303380415728,1.0
6741,402.4013409756677,0.004105303380415728,1.0
6742,402.4454026214228,0.004105303380415728,1.0
6743,402.49054585082706,0.004105303380415728,1.0
6744,402.5153289815136,0.004105303380415728,1.0
6745,402.5270120644838,0.004105303380415728,1.0
6746,402.5285313204099,0.004105303380415728,1.0
6747,402.535315186605,0.004105303380415728,1.0
6748,402.5452406586797,0.004105303380415728,1.0
6749,402.5843579464118,0.004105303380415728,1.0
6750,402.6220182441839,0.004105303380415728,1.0
6751,402.6612253326025,0.004105303380415728,1.0
6752,402.717118178257,0.004105303380415728,1.0
6753,403.1117414607516,0.004105303380415728,1.0
6754,403.68357894958655,0.004105303380415728,1.0
6755,404.08722968208883,0.004105303380415728,1.0
6756,404.80648605293396,0.004105303380415728,1.0
6757,405.1217332030019,0.004105303380415728,1.0
6758,405.26975509234006,0.004105303380415728,1.0
6759,405.7001563023583,0.004105303380415728,1.0
6760,405.80548451813473,0.004105303380415728,1.0
6761,405.86985105091657,0.004105303380415728,1.0
6762,405.96644667706573,0.004105303380415728,1.0
6763,406.04998698129407,0.004105303380415728,1.0
6764,406.13374644435066,0.004105303380415728,1.0
6765,406.2415318091014,0.004105303380415728,1.0
6766,406.3309665819419,0.004105303380415728,1.0
6767,406.4084583476523,0.004105303380415728,1.0
6768,406.47048516295706,0.004105303380415728,1.0
6769,406.50411144993325,0.004105303380415728,1.0
6770,406.5184316915066,0.004105303380415728,1.0
6771,406.53711501328456,0.004105303380415728,1.0
6772,406.5664972888341,0.004105303380415728,1.0
6773,406.59263247181025,0.004105303380415728,1.0
6774,406.62439486162975,0.004105303380415728,1.0
6775,406.63701907352277,0.004105303380415728,1.0
6776,406.7599185400114,0.004105303380415728,1.0
6777,406.78866556568727,0.004105303380415728,1.0
6778,406.8150962534757,0.004105303380415728,1.0
6779,406.81228923087804,0.004105303380415728,1.0
6780,406.8095433164969,0.004105303380415728,1.0
6781,406.8085428614939,0.004105303380415728,1.0
6782,406.8025267550777,0.004105303380415728,1.0
6783,406.81001457672414,0.004105303380415728,1.0
6784,406.82049328929713,0.004105303380415728,1.0
6785,406.82519352074934,0.004105303380415728,1.0
6786,406.8402977892139,0.004105303380415728,1.0
6787,406.8644903840325,0.004105303380415728,1.0
6788,406.9203400891111,0.004105303380415728,1.0
6789,406.9732211880329,0.004105303380415728,1.0
6790,407.02959773453125,0.004105303380415728,1.0
6791,407.09776405483643,0.004105303380415728,1.0
6792,407.1348215246658,0.004105303380415728,1.0
6793,407.1470055374067,0.004105303380415728,1.0
6794,407.15565969549135,0.004105303380415728,1.0
6795,407.1685991382387,0.004105303380415728,1.0
6796,407.18200119412626,0.004105303380415728,1.0
6797,407.21431533764445,0.004105303380415728,1.0
6798,407.26871547486684,0.004105303380415728,1.0
6799,407.29568142850866,0.004105303380415728,1.0
6800,407.3061409549225,0.004105303380415728,1.0
6801,407.31280200461674,0.004105303380415728,1.0
6802,407.306446810999,0.004105303380415728,1.0
6803,407.2915933693039,0.004105303380415728,1.0
6804,407.27936177024867,0.004105303380415728,1.0
6805,407.2759232223811,0.004105303380415728,1.0
6806,407.2683856947203,0.004105303380415728,1.0
6807,407.2572810084664,0.004105303380415728,1.0
6808,407.25130509396416,0.004105303380415728,1.0
6809,407.2445412478621,0.004105303380415728,1.0
6810,407.3320928171557,0.004105303380415728,1.0
6811,407.37715181392537,0.004105303380415728,1.0
6812,407.48024407509826,0.004105303380415728,1.0
6813,407.56893272747544,0.004105303380415728,1.0
6814,407.65598015053615,0.004105303380415728,1.0
6815,407.72397636120974,0.004105303380415728,1.0
6816,407.78316428989376,0.004105303380415728,1.0
6817,407.80051221553015,0.004105303380415728,1.0
6818,407.8126584015503,0.004105303380415728,1.0
6819,407.82195523395546,0.004105303380415728,1.0
6820,407.83853295256915,0.004105303380415728,1.0
6821,407.883682799151,0.004105303380415728,1.0
6822,407.9368714458936,0.004105303380415728,1.0
6823,407.9704458523229,0.004105303380415728,1.0
6824,408.010170085065,0.004105303380415728,1.0
6825,408.05567509544755,0.004105303380415728,1.0
6826,408.07171337240203,0.004105303380415728,1.0
6827,408.1141473385458,0.004105303380415728,1.0
6828,408.1185799395439,0.004105303380415728,1.0
6829,408.1382787807065,0.004105303380415728,1.0
6830,408.153998896223,0.004105303380415728,1.0
6831,408.1679346859594,0.004105303380415728,1.0
6832,408.22153667742003,0.004105303380415728,1.0
6833,408.24770461918695,0.004105303380415728,1.0
6834,408.34458963371503,0.004105303380415728,1.0
6835,408.4102731009083,0.004105303380415728,1.0
6836,408.4972013192715,0.004105303380415728,1.0
6837,408.5662154636925,0.004105303380415728,1.0
6838,408.62393738949606,0.004105303380415728,1.0
6839,408.6683841209711,0.004105303380415728,1.0
6840,408.7164212088506,0.004105303380415728,1.0
6841,408.73113862456495,0.004105303380415728,1.0
6842,408.7397870507431,0.004105303380415728,1.0
6843,408.7492503845608,0.004105303380415728,1.0
6844,408.7612470463459,0.004105303380415728,1.0
6845,408.7912544796431,0.004105303380415728,1.0
6846,408.82475097402886,0.004105303380415728,1.0
6847,408.86409751452635,0.004105303380415728,1.0
6848,408.9008012796596,0.004105303380415728,1.0
6849,408.9186619782098,0.004105303380415728,1.0
6850,408.9156912713152,0.004105303380415728,1.0
6851,408.90536236879984,0.004105303380415728,1.0
6852,408.8943639633108,0.004105303380415728,1.0
6853,408.8799242597358,0.004105303380415728,1.0
6854,408.86864683272285,0.004105303380415728,1.0
6855,408.8605983776264,0.004105303380415728,1.0
6856,408.85982324421843,0.004105303380415728,1.0
6857,408.8713027470235,0.004105303380415728,1.0
6858,408.9123616830225,0.004105303380415728,1.0
6859,408.95506824704376,0.004105303380415728,1.0
6860,409.02084939021887,0.004105303380415728,1.0
6861,409.1006844178635,0.004105303380415728,1.0
6862,409.1777010774936,0.004105303380415728,1.0
6863,409.250860505204,0.004105303380415728,1.0
6864,409.2818336867427,0.004105303380415728,1.0
6865,409.2998475789175,0.004105303380415728,1.0
6866,409.3170816428095,0.004105303380415728,1.0
6867,409.3297175968871,0.004105303380415728,1.0
6868,409.34708017753763,0.004105303380415728,1.0
6869,409.3923739789733,0.004105303380415728,1.0
6870,409.43305666720045,0.004105303380415728,1.0
6871,409.473494815796,0.004105303380415728,1.0
6872,409.49617435939047,0.004105303380415728,1.0
6873,409.5229062416339,0.004105303380415728,1.0
6874,409.52094992408314,0.004105303380415728,1.0
6875,409.5128962956035,0.004105303380415728,1.0
6876,409.51004362446355,0.004105303380415728,1.0
6877,409.92374652699027,0.004105303380415728,1.0
6878,410.08409828380263,0.004105303380415728,1.0
6879,410.0896846320324,0.004105303380415728,1.0
6880,410.1719582674575,0.004105303380415728,1.0
6881,410.2480872045116,0.004105303380415728,1.0
6882,410.32732324144973,0.004105303380415728,1.0
6883,410.41372478974756,0.004105303380415728,1.0
6884,410.50552401463983,0.004105303380415728,1.0
6885,410.5986863918932,0.004105303380415728,1.0
6886,410.6609800180122,0.004105303380415728,1.0
6887,410.71222713704486,0.004105303380415728,1.0
6888,410.7540973255306,0.004105303380415728,1.0
6889,410.7784314585986,0.004105303380415728,1.0
6890,410.79483449259607,0.004105303380415728,1.0
6891,410.81697937829347,0.004105303380415728,1.0
6892,410.83805294551735,0.004105303380415728,1.0
6893,410.8789827663364,0.004105303380415728,1.0
6894,410.9251149572178,0.004105303380415728,1.0
6895,411.19716385298796,0.004105303380415728,1.0
6896,411.69720746408495,0.004105303380415728,1.0
6897,412.15360053744746,0.004105303380415728,1.0
6898,412.31049051158004,0.004105303380415728,1.0
6899,412.46148871681896,0.004105303380415728,1.0
6900,412.55338518024655,0.004105303380415728,1.0
6901,413.2735027009905,0.004105303380415728,1.0
6902,413.88754480002854,0.004105303380415728,1.0
6903,414.53629153192503,0.004105303380415728,1.0
6904,414.7476898801911,0.004105303380415728,1.0
6905,414.86122374706423,0.004105303380415728,1.0
6906,414.9738114233439,0.004105303380415728,1.0
6907,415.09917192132497,0.004105303380415728,1.0
6908,415.2247963322469,0.004105303380415728,1.0
6909,415.3072326205529,0.004105303380415728,1.0
6910,415.3835170789289,0.004105303380415728,1.0
6911,415.4646724100464,0.004105303380415728,1.0
6912,415.5260197797634,0.004105303380415728,1.0
6913,415.5756349246428,0.004105303380415728,1.0
6914,415.61815540572843,0.004105303380415728,1.0
6915,415.64208621684617,0.004105303380415728,1.0
6916,415.6667841184267,0.004105303380415728,1.0
6917,415.7290848519589,0.004105303380415728,1.0
6918,415.7804723678951,0.004105303380415728,1.0
6919,415.8217498286417,0.004105303380415728,1.0
6920,415.85054159331065,0.004105303380415728,1.0
6921,415.86686940474914,0.004105303380415728,1.0
6922,415.86285405317363,0.004105303380415728,1.0
6923,415.85685485331703,0.004105303380415728,1.0
6924,415.8508002767605,0.004105303380415728,1.0
6925,415.8502460668929,0.004105303380415728,1.0
6926,415.84108573707147,0.004105303380415728,1.0
6927,415.83880996328236,0.004105303380415728,1.0
6928,415.8680566001644,0.004105303380415728,1.0
6929,415.89203355200203,0.004105303380415728,1.0
6930,415.92638515093205,0.004105303380415728,1.0
6931,415.97466193730946,0.004105303380415728,1.0
6932,416.03233472332477,0.004105303380415728,1.0
6933,416.08511608311113,0.004105303380415728,1.0
6934,416.1499559801069,0.004105303380415728,1.0
6935,416.1900539796284,0.004105303380415728,1.0
6936,416.202581909079,0.004105303380415728,1.0
6937,416.20917918931036,0.004105303380415728,1.0
6938,416.21630229086395,0.004105303380415728,1.0
6939,416.2296999841482,0.004105303380415728,1.0
6940,416.23972150265837,0.004105303380415728,1.0
6941,416.27413639011405,0.004105303380415728,1.0
6942,416.3128364780035,0.004105303380415728,1.0
6943,416.3474871986213,0.004105303380415728,1.0
6944,416.3694119979847,0.004105303380415728,1.0
6945,416.3844050618832,0.004105303380415728,1.0
6946,416.39793114497195,0.004105303380415728,1.0
6947,416.57578363342157,0.004105303380415728,1.0
6948,417.0022842968577,0.004105303380415728,1.0
6949,417.4966153045537,0.004105303380415728,1.0
6950,418.03550323870155,0.004105303380415728,1.0
6951,418.40878945845634,0.004105303380415728,1.0
6952,418.53448961449334,0.004105303380415728,1.0
6953,418.64626725744824,0.004105303380415728,1.0
6954,418.72542027866615,0.004105303380415728,1.0
6955,418.8837422475303,0.004105303380415728,1.0
6956,419.01383673976295,0.004105303380415728,1.0
6957,419.112345335728,0.004105303380415728,1.0
6958,419.19553826634194,0.004105303380415728,1.0
6959,419.271760484963,0.004105303380415728,1.0
6960,419.3252875306111,0.004105303380415728,1.0
6961,419.36017762672606,0.004105303380415728,1.0
6962,419.3757296138738,0.004105303380415728,1.0
6963,419.397145491544,0.004105303380415728,1.0
6964,419.42388888813826,0.004105303380415728,1.0
6965,419.46612636586195,0.004105303380415728,1.0
6966,419.4833117623529,0.004105303380415728,1.0
6967,419.51080240855316,0.004105303380415728,1.0
6968,419.5485564711748,0.004105303380415728,1.0
6969,419.54749613229086,0.004105303380415728,1.0
6970,419.5395530013823,0.004105303380415728,1.0
6971,419.5329943347817,0.004105303380415728,1.0
6972,419.5283973354108,0.004105303380415728,1.0
6973,419.52357679143597,0.004105303380415728,1.0
6974,419.5070826370199,0.004105303380415728,1.0
6975,419.49254090868976,0.004105303380415728,1.0
6976,419.4876253487493,0.004105303380415728,1.0
6977,419.48518030175524,0.004105303380415728,1.0
6978,419.60218551264524,0.004105303380415728,1.0
6979,419.6538119891218,0.004105303380415728,1.0
6980,419.748678204753,0.004105303380415728,1.0
6981,419.8660237480719,0.004105303380415728,1.0
6982,419.9505685562404,0.004105303380415728,1.0
6983,420.0213831575034,0.004105303380415728,1.0
6984,420.0849581566658,0.004105303380415728,1.0
6985,420.1038789246311,0.004105303380415728,1.0
6986,420.1185195529836,0.004105303380415728,1.0
6987,420.1274220112896,0.004105303380415728,1.0
6988,420.14394157123667,0.004105303380415728,1.0
6989,420.19210757631646,0.004105303380415728,1.0
6990,420.24737950440544,0.004105303380415728,1.0
6991,420.2818627965636,0.004105303380415728,1.0
6992,420.31108234771136,0.004105303380415728,1.0
6993,420.38035379598125,0.004105303380415728,1.0
6994,420.8011662831246,0.004105303380415728,1.0
6995,421.3100343235992,0.004105303380415728,1.0
6996,421.69592325445626,0.004105303380415728,1.0
6997,421.8304673808512,0.004105303380415728,1.0
6998,421.8826824193254,0.004105303380415728,1.0
6999,421.8796008121926,0.004105303380415728,1.0
7000,421.9145317887758,0.004105303380415728,1.0
7001,421.96251451959535,0.004105303380415728,1.0
7002,422.0671833822648,0.004105303380415728,1.0
7003,422.13020207082667,0.004105303380415728,1.0
7004,422.22061379546835,0.004105303380415728,1.0
7005,422.30110668675695,0.004105303380415728,1.0
7006,422.3704194769299,0.004105303380415728,1.0
7007,422.4412601629923,0.004105303380415728,1.0
7008,422.49618514227836,0.004105303380415728,1.0
7009,422.5161559235749,0.004105303380415728,1.0
7010,422.5390570398895,0.004105303380415728,1.0
7011,422.56034103874066,0.004105303380415728,1.0
7012,422.57917982905315,0.004105303380415728,1.0
7013,422.58653389377673,0.004105303380415728,1.0
7014,422.6118292669988,0.004105303380415728,1.0
7015,422.6454760940031,0.004105303380415728,1.0
7016,422.68374827481165,0.004105303380415728,1.0
7017,422.7555870016795,0.004105303380415728,1.0
7018,422.7902022873674,0.004105303380415728,1.0
7019,422.7884794777335,0.004105303380415728,1.0
7020,422.7781690704784,0.004105303380415728,1.0
7021,422.7740235061704,0.004105303380415728,1.0
7022,422.76968495518844,0.004105303380415728,1.0
7023,422.7582032497617,0.004105303380415728,1.0
7024,422.76103218933014,0.004105303380415728,1.0
7025,422.7767883242077,0.004105303380415728,1.0
7026,422.7899689414327,0.004105303380415728,1.0
7027,422.80867039544086,0.004105303380415728,1.0
7028,422.87044530651787,0.004105303380415728,1.0
7029,422.9227918375043,0.004105303380415728,1.0
7030,422.9776762092047,0.004105303380415728,1.0
7031,423.0244896299692,0.004105303380415728,1.0
7032,423.04388900543205,0.004105303380415728,1.0
7033,423.05227601313067,0.004105303380415728,1.0
7034,423.0520633605063,0.004105303380415728,1.0
7035,423.06448282393205,0.004105303380415728,1.0
7036,423.07355346040293,0.004105303380415728,1.0
7037,423.09795746383634,0.004105303380415728,1.0
7038,423.13342274409354,0.004105303380415728,1.0
7039,423.16126180466114,0.004105303380415728,1.0
7040,423.2197449057665,0.004105303380415728,1.0
7041,423.2329979254384,0.004105303380415728,1.0
7042,423.23121543616827,0.004105303380415728,1.0
7043,423.22886185166925,0.004105303380415728,1.0
7044,423.2267342346768,0.004105303380415728,1.0
7045,423.61669324000115,0.004105303380415728,1.0
7046,423.77713771460554,0.004105303380415728,1.0
7047,423.7749388085352,0.004105303380415728,1.0
7048,423.84243869015694,0.004105303380415728,1.0
7049,423.90620021217467,0.004105303380415728,1.0
7050,423.96706910922404,0.004105303380415728,1.0
7051,424.02864915707374,0.004105303380415728,1.0
7052,424.10920266950865,0.004105303380415728,1.0
7053,424.1649740569805,0.004105303380415728,1.0
7054,424.2261350066252,0.004105303380415728,1.0
7055,424.2776249247868,0.004105303380415728,1.0
7056,424.30152286925517,0.004105303380415728,1.0
7057,424.3248742910033,0.004105303380415728,1.0
7058,424.34286770053365,0.004105303380415728,1.0
7059,424.3626907579543,0.004105303380415728,1.0
7060,424.3761897046268,0.004105303380415728,1.0
7061,424.4160770999411,0.004105303380415728,1.0
7062,424.45639022202016,0.004105303380415728,1.0
7063,424.5028615530999,0.004105303380415728,1.0
7064,424.54604291780254,0.004105303380415728,1.0
7065,424.5967032743385,0.004105303380415728,1.0
7066,424.6101730911266,0.004105303380415728,1.0
7067,424.6516266395393,0.004105303380415728,1.0
7068,424.6554033082352,0.004105303380415728,1.0
7069,425.3268195908571,0.004105303380415728,1.0
7070,425.8229216694452,0.004105303380415728,1.0
7071,426.25510634919425,0.004105303380415728,1.0
7072,426.37148433199536,0.004105303380415728,1.0
7073,426.46507621789686,0.004105303380415728,1.0
7074,426.5535193096946,0.004105303380415728,1.0
7075,426.6695719453954,0.004105303380415728,1.0
7076,426.768551477861,0.004105303380415728,1.0
7077,426.87304340999293,0.004105303380415728,1.0
7078,427.0024514095206,0.004105303380415728,1.0
7079,427.0841401220314,0.004105303380415728,1.0
7080,427.13690733575174,0.004105303380415728,1.0
7081,427.17603303784693,0.004105303380415728,1.0
7082,427.2153283421767,0.004105303380415728,1.0
7083,427.2482534750729,0.004105303380415728,1.0
7084,427.27541625442103,0.004105303380415728,1.0
7085,427.3194658123523,0.004105303380415728,1.0
7086,427.3615666391982,0.004105303380415728,1.0
7087,427.39987707756694,0.004105303380415728,1.0
7088,427.4216866663138,0.004105303380415728,1.0
7089,427.4906519933545,0.004105303380415728,1.0
7090,427.52760263569496,0.004105303380415728,1.0
7091,427.64231143537023,0.004105303380415728,1.0
7092,427.72193860450557,0.004105303380415728,1.0
7093,427.77862605466345,0.004105303380415728,1.0
7094,427.80701888408254,0.004105303380415728,1.0
7095,427.82581018789193,0.004105303380415728,1.0
7096,427.8895680193273,0.004105303380415728,1.0
7097,427.94242018932795,0.004105303380415728,1.0
7098,427.98210487100636,0.004105303380415728,1.0
7099,428.0320007724881,0.004105303380415728,1.0
7100,428.08840906983954,0.004105303380415728,1.0
7101,428.14685762580893,0.004105303380415728,1.0
7102,428.2310565411642,0.004105303380415728,1.0
7103,428.308862203857,0.004105303380415728,1.0
7104,428.35212720399414,0.004105303380415728,1.0
7105,428.36486642121884,0.004105303380415728,1.0
7106,428.36961243451105,0.004105303380415728,1.0
7107,428.37833822635554,0.004105303380415728,1.0
7108,428.3970388887384,0.004105303380415728,1.0
7109,428.4111800653791,0.004105303380415728,1.0
7110,428.43649629289473,0.004105303380415728,1.0
7111,428.4603788870027,0.004105303380415728,1.0
7112,428.5150475330889,0.004105303380415728,1.0
7113,428.56270961113086,0.004105303380415728,1.0
7114,428.6968011697837,0.004105303380415728,1.0
7115,428.820940446227,0.004105303380415728,1.0
7116,429.37567422241966,0.004105303380415728,1.0
7117,429.9393252196091,0.004105303380415728,1.0
7118,430.22770360968383,0.004105303380415728,1.0
7119,430.32226502340586,0.004105303380415728,1.0
7120,430.4000733728459,0.004105303380415728,1.0
7121,430.4890997557925,0.004105303380415728,1.0
7122,430.5677323835669,0.004105303380415728,1.0
7123,430.6680739214048,0.004105303380415728,1.0
7124,430.7942150327923,0.004105303380415728,1.0
7125,430.9167680801176,0.004105303380415728,1.0
7126,431.01729089736773,0.004105303380415728,1.0
7127,431.11589109760746,0.004105303380415728,1.0
7128,431.17154194210934,0.004105303380415728,1.0
7129,431.21193271471975,0.004105303380415728,1.0
7130,431.23656012855525,0.004105303380415728,1.0
7131,431.2516430548066,0.004105303380415728,1.0
7132,431.2751099105963,0.004105303380415728,1.0
7133,431.28903272062405,0.004105303380415728,1.0
7134,431.31813614595757,0.004105303380415728,1.0
7135,431.3368185514565,0.004105303380415728,1.0
7136,431.4144304694902,0.004105303380415728,1.0
7137,431.480092722943,0.004105303380415728,1.0
7138,431.68326965998165,0.004105303380415728,1.0
7139,432.24331837808967,0.004105303380415728,1.0
7140,432.4670941595354,0.004105303380415728,1.0
7141,432.46521869045904,0.004105303380415728,1.0
7142,432.48314024015974,0.004105303380415728,1.0
7143,432.49552248978495,0.004105303380415728,1.0
7144,432.5599155575637,0.004105303380415728,1.0
7145,432.61325397582254,0.004105303380415728,1.0
7146,432.7453826904732,0.004105303380415728,1.0
7147,432.8137190513184,0.004105303380415728,1.0
7148,432.92981035287863,0.004105303380415728,1.0
7149,433.0163392235739,0.004105303380415728,1.0
7150,433.0997547488369,0.004105303380415728,1.0
7151,433.1668534559651,0.004105303380415728,1.0
7152,433.2018958977461,0.004105303380415728,1.0
7153,433.2213850906076,0.004105303380415728,1.0
7154,433.2371407856211,0.004105303380415728,1.0
7155,433.2520597382486,0.004105303380415728,1.0
7156,433.26918795851157,0.004105303380415728,1.0
7157,433.28504127768826,0.004105303380415728,1.0
7158,433.31230040453573,0.004105303380415728,1.0
7159,433.35939311355384,0.004105303380415728,1.0
7160,433.4098008224268,0.004105303380415728,1.0
7161,433.4774889083634,0.004105303380415728,1.0
7162,433.4939797169924,0.004105303380415728,1.0
7163,433.5256418271815,0.004105303380415728,1.0
7164,433.54183474904244,0.004105303380415728,1.0
7165,433.56148006506027,0.004105303380415728,1.0
7166,433.5702055278979,0.004105303380415728,1.0
7167,433.5651122222039,0.004105303380415728,1.0
7168,433.59351109736207,0.004105303380415728,1.0
7169,433.6292627738181,0.004105303380415728,1.0
7170,433.6915717445755,0.004105303380415728,1.0
7171,433.76345648435637,0.004105303380415728,1.0
7172,433.8880368883987,0.004105303380415728,1.0
7173,433.9500979365063,0.004105303380415728,1.0
7174,434.03646406708526,0.004105303380415728,1.0
7175,434.08944244225216,0.004105303380415728,1.0
7176,434.118581300557,0.004105303380415728,1.0
7177,434.13352700193303,0.004105303380415728,1.0
7178,434.1411080225098,0.004105303380415728,1.0
7179,434.1506532920176,0.004105303380415728,1.0
7180,434.1725766596427,0.004105303380415728,1.0
7181,434.2072138864704,0.004105303380415728,1.0
7182,434.24297440647985,0.004105303380415728,1.0
7183,434.29168852242384,0.004105303380415728,1.0
7184,434.8600268337248,0.004105303380415728,1.0
7185,435.43955753072754,0.004105303380415728,1.0
7186,435.8500354417839,0.004105303380415728,1.0
7187,435.9343656096006,0.004105303380415728,1.0
7188,435.9589667451721,0.004105303380415728,1.0
7189,435.96601807666525,0.004105303380415728,1.0
7190,435.9695666656807,0.004105303380415728,1.0
7191,435.9754451801661,0.004105303380415728,1.0
7192,436.0124961931439,0.004105303380415728,1.0
7193,436.04568354333713,0.004105303380415728,1.0
7194,436.08552081429184,0.004105303380415728,1.0
7195,436.136598084471,0.004105303380415728,1.0
7196,436.20637518943806,0.004105303380415728,1.0
7197,436.2860100546431,0.004105303380415728,1.0
7198,436.3493761693743,0.004105303380415728,1.0
7199,436.40992146628656,0.004105303380415728,1.0
7200,436.43236455325797,0.004105303380415728,1.0
7201,436.4494268782963,0.004105303380415728,1.0
7202,436.46076953302435,0.004105303380415728,1.0
7203,436.4833528188944,0.004105303380415728,1.0
7204,436.50069972602415,0.004105303380415728,1.0
7205,436.52574044792607,0.004105303380415728,1.0
7206,436.58733493793846,0.004105303380415728,1.0
7207,436.65456640411213,0.004105303380415728,1.0
7208,436.7160388163192,0.004105303380415728,1.0
7209,436.8018626991607,0.004105303380415728,1.0
7210,436.8103503474559,0.004105303380415728,1.0
7211,436.8071873760715,0.004105303380415728,1.0
7212,436.8102479484763,0.004105303380415728,1.0
7213,436.84356145058536,0.004105303380415728,1.0
7214,436.8394282268127,0.004105303380415728,1.0
7215,436.83181995545635,0.004105303380415728,1.0
7216,436.858414688085,0.004105303380415728,1.0
7217,436.89786511532407,0.004105303380415728,1.0
7218,436.9418787422828,0.004105303380415728,1.0
7219,437.0119687844865,0.004105303380415728,1.0
7220,437.07736078023584,0.004105303380415728,1.0
7221,437.14074221465535,0.004105303380415728,1.0
7222,437.2030778676795,0.004105303380415728,1.0
7223,437.23429040331285,0.004105303380415728,1.0
7224,437.2570958390243,0.004105303380415728,1.0
7225,437.26362953829454,0.004105303380415728,1.0
7226,437.2709708644548,0.004105303380415728,1.0
7227,437.28597053284744,0.004105303380415728,1.0
7228,437.30170846871033,0.004105303380415728,1.0
7229,437.3419413399151,0.004105303380415728,1.0
7230,437.38067439381365,0.004105303380415728,1.0
7231,437.4420452384848,0.004105303380415728,1.0
7232,437.5012605921938,0.004105303380415728,1.0
7233,437.55509785272335,0.004105303380415728,1.0
7234,438.016760536206,0.004105303380415728,1.0
7235,438.64467580119054,0.004105303380415728,1.0
7236,439.03622472723345,0.004105303380415728,1.0
7237,439.20472028693655,0.004105303380415728,1.0
7238,439.2840274651493,0.004105303380415728,1.0
7239,439.3283139002696,0.004105303380415728,1.0
7240,439.3995438525636,0.004105303380415728,1.0
7241,439.4884192267227,0.004105303380415728,1.0
7242,439.5702345091194,0.004105303380415728,1.0
7243,439.6425057075257,0.004105303380415728,1.0
7244,439.7219378063003,0.004105303380415728,1.0
7245,439.79292302236945,0.004105303380415728,1.0
7246,439.8953330718996,0.004105303380415728,1.0
7247,440.0037956492666,0.004105303380415728,1.0
7248,440.0426390918481,0.004105303380415728,1.0
7249,440.0685255877366,0.004105303380415728,1.0
7250,440.09010043441685,0.004105303380415728,1.0
7251,440.1095812523374,0.004105303380415728,1.0
7252,440.1374413992585,0.004105303380415728,1.0
7253,440.14561276624204,0.004105303380415728,1.0
7254,440.17176306573845,0.004105303380415728,1.0
7255,440.20882849004454,0.004105303380415728,1.0
7256,440.25539109135286,0.004105303380415728,1.0
7257,440.437160960747,0.004105303380415728,1.0
7258,440.5409028007432,0.004105303380415728,1.0
7259,440.64888846028504,0.004105303380415728,1.0
7260,440.6944578335983,0.004105303380415728,1.0
7261,441.3053458171076,0.004105303380415728,1.0
7262,441.90198506302517,0.004105303380415728,1.0
7263,442.4299006607238,0.004105303380415728,1.0
7264,442.63187497706036,0.004105303380415728,1.0
7265,442.7312336877582,0.004105303380415728,1.0
7266,442.81387269392997,0.004105303380415728,1.0
7267,442.8959222654646,0.004105303380415728,1.0
7268,443.0052591629356,0.004105303380415728,1.0
7269,443.1083434575089,0.004105303380415728,1.0
7270,443.1775899912573,0.004105303380415728,1.0
7271,443.25599680611435,0.004105303380415728,1.0
7272,443.29095366520016,0.004105303380415728,1.0
7273,443.3190635824397,0.004105303380415728,1.0
7274,443.33561254238583,0.004105303380415728,1.0
7275,443.3486261652045,0.004105303380415728,1.0
7276,443.36983623412715,0.004105303380415728,1.0
7277,443.4024906939126,0.004105303380415728,1.0
7278,443.43323973299664,0.004105303380415728,1.0
7279,443.50392681507356,0.004105303380415728,1.0
7280,443.55629983483,0.004105303380415728,1.0
7281,443.5562014337718,0.004105303380415728,1.0
7282,443.57236127920123,0.004105303380415728,1.0
7283,443.56548920556884,0.004105303380415728,1.0
7284,443.56878855940323,0.004105303380415728,1.0
7285,443.5633294056338,0.004105303380415728,1.0
7286,443.54925282674805,0.004105303380415728,1.0
7287,443.5484314956909,0.004105303380415728,1.0
7288,443.55931086773296,0.004105303380415728,1.0
7289,443.58353492087946,0.004105303380415728,1.0
7290,443.60218440247286,0.004105303380415728,1.0
7291,443.63927471162845,0.004105303380415728,1.0
7292,443.6843262427025,0.004105303380415728,1.0
7293,443.71532046092534,0.004105303380415728,1.0
7294,443.75076923596504,0.004105303380415728,1.0
7295,443.759507246734,0.004105303380415728,1.0
7296,443.76218394812076,0.004105303380415728,1.0
7297,443.77153983777225,0.004105303380415728,1.0
7298,443.7792484712974,0.004105303380415728,1.0
7299,443.7893875237411,0.004105303380415728,1.0
7300,443.8144059024534,0.004105303380415728,1.0
7301,443.84442072692224,0.004105303380415728,1.0
7302,443.90389091501123,0.004105303380415728,1.0
7303,443.93673669902694,0.004105303380415728,1.0
7304,443.98474308646155,0.004105303380415728,1.0
7305,443.9975266293955,0.004105303380415728,1.0
7306,444.3019331116783,0.004105303380415728,1.0
7307,444.77213730652113,0.004105303380415728,1.0
7308,445.4572846533219,0.004105303380415728,1.0
7309,445.6532755426678,0.004105303380415728,1.0
7310,446.13218380343665,0.004105303380415728,1.0
7311,446.6251672804267,0.004105303380415728,1.0
7312,446.749844237285,0.004105303380415728,1.0
7313,446.85042152394135,0.004105303380415728,1.0
7314,446.96135395975233,0.004105303380415728,1.0
7315,447.0580409908588,0.004105303380415728,1.0
7316,447.1748085540736,0.004105303380415728,1.0
7317,447.27921886415163,0.004105303380415728,1.0
7318,447.36342822433244,0.004105303380415728,1.0
7319,447.42774540643256,0.004105303380415728,1.0
7320,447.4706205508196,0.004105303380415728,1.0
7321,447.5061814194336,0.004105303380415728,1.0
7322,447.5242469329684,0.004105303380415728,1.0
7323,447.54970426106007,0.004105303380415728,1.0
7324,447.5757429963077,0.004105303380415728,1.0
7325,447.5958174777152,0.004105303380415728,1.0
7326,447.62334902100736,0.004105303380415728,1.0
7327,447.686921868121,0.004105303380415728,1.0
7328,447.77246644256417,0.004105303380415728,1.0
7329,447.77213135559106,0.004105303380415728,1.0
7330,447.770751169461,0.004105303380415728,1.0
7331,447.75726590095314,0.004105303380415728,1.0
7332,447.752441355171,0.004105303380415728,1.0
7333,447.74380979358267,0.004105303380415728,1.0
7334,447.7303348771913,0.004105303380415728,1.0
7335,447.738965864073,0.004105303380415728,1.0
7336,447.7521124806181,0.004105303380415728,1.0
7337,447.7920861157132,0.004105303380415728,1.0
7338,447.8393388856132,0.004105303380415728,1.0
7339,447.89099753002773,0.004105303380415728,1.0
7340,447.94436718633716,0.004105303380415728,1.0
7341,448.0189037250197,0.004105303380415728,1.0
7342,448.0719217904769,0.004105303380415728,1.0
7343,448.08925025820116,0.004105303380415728,1.0
7344,448.0945437811247,0.004105303380415728,1.0
7345,448.0983971521024,0.004105303380415728,1.0
7346,448.10849893259035,0.004105303380415728,1.0
7347,448.1203025737523,0.004105303380415728,1.0
7348,448.14894007914893,0.004105303380415728,1.0
7349,448.1909357290383,0.004105303380415728,1.0
7350,448.24145857099063,0.004105303380415728,1.0
7351,448.26368670586675,0.004105303380415728,1.0
7352,448.2887447269296,0.004105303380415728,1.0
7353,448.2900346805109,0.004105303380415728,1.0
7354,448.28967672010486,0.004105303380415728,1.0
7355,448.28654413332197,0.004105303380415728,1.0
7356,448.7855316461709,0.004105303380415728,1.0
7357,449.4589539061151,0.004105303380415728,1.0
7358,449.866836986906,0.004105303380415728,1.0
7359,450.0042608005406,0.004105303380415728,1.0
7360,450.0736835464301,0.004105303380415728,1.0
7361,450.1827766026493,0.004105303380415728,1.0
7362,450.2732844526648,0.004105303380415728,1.0
7363,450.41222862274776,0.004105303380415728,1.0
7364,450.509279523094,0.004105303380415728,1.0
7365,450.55797504921514,0.004105303380415728,1.0
7366,450.6119616414427,0.004105303380415728,1.0
7367,450.6468383573666,0.004105303380415728,1.0
7368,450.6804006968451,0.004105303380415728,1.0
7369,450.6952180517006,0.004105303380415728,1.0
7370,450.7131070738589,0.004105303380415728,1.0
7371,450.72985781587363,0.004105303380415728,1.0
7372,450.7696645696825,0.004105303380415728,1.0
7373,450.81638368503053,0.004105303380415728,1.0
7374,450.85844264877,0.004105303380415728,1.0
7375,450.85815976599923,0.004105303380415728,1.0
7376,450.8782823039751,0.004105303380415728,1.0
7377,450.8717657861419,0.004105303380415728,1.0
7378,450.8707880361431,0.004105303380415728,1.0
7379,450.86938522742224,0.004105303380415728,1.0
7380,450.8659266676922,0.004105303380415728,1.0
7381,450.85894474333026,0.004105303380415728,1.0
7382,450.85548830615863,0.004105303380415728,1.0
7383,450.8695035893337,0.004105303380415728,1.0
7384,450.89792270589203,0.004105303380415728,1.0
7385,450.92776398984273,0.004105303380415728,1.0
7386,450.9620787357512,0.004105303380415728,1.0
7387,450.9920991213196,0.004105303380415728,1.0
7388,451.0330769551515,0.004105303380415728,1.0
7389,451.073418741253,0.004105303380415728,1.0
7390,451.0900636488196,0.004105303380415728,1.0
7391,451.1042699838784,0.004105303380415728,1.0
7392,451.1175639192476,0.004105303380415728,1.0
7393,451.12899327103804,0.004105303380415728,1.0
7394,451.13688020112454,0.004105303380415728,1.0
7395,451.1517773452442,0.004105303380415728,1.0
7396,451.1884973571207,0.004105303380415728,1.0
7397,451.23091649710767,0.004105303380415728,1.0
7398,451.2688281019189,0.004105303380415728,1.0
7399,451.314182323428,0.004105303380415728,1.0
7400,451.3606987000575,0.004105303380415728,1.0
7401,451.42792715469875,0.004105303380415728,1.0
7402,451.489648380117,0.004105303380415728,1.0
7403,451.52764396095984,0.004105303380415728,1.0
7404,451.5827098755001,0.004105303380415728,1.0
7405,451.6222063887628,0.004105303380415728,1.0
7406,451.6625445328162,0.004105303380415728,1.0
7407,451.70585364029927,0.004105303380415728,1.0
7408,451.73659659765116,0.004105303380415728,1.0
7409,451.7777388823411,0.004105303380415728,1.0
7410,451.8130979119695,0.004105303380415728,1.0
7411,451.8478433229025,0.004105303380415728,1.0
7412,451.8746885076848,0.004105303380415728,1.0
7413,451.89375757181506,0.004105303380415728,1.0
7414,451.90588225894464,0.004105303380415728,1.0
7415,451.92028676745014,0.004105303380415728,1.0
7416,451.9344229330739,0.004105303380415728,1.0
7417,451.9359887393056,0.004105303380415728,1.0
7418,451.94276282529114,0.004105303380415728,1.0
7419,451.9524560391804,0.004105303380415728,1.0
7420,451.97847310561576,0.004105303380415728,1.0
7421,452.00294491564944,0.004105303380415728,1.0
7422,452.0326269950372,0.004105303380415728,1.0
7423,452.0793018720063,0.004105303380415728,1.0
7424,452.09143169578715,0.004105303380415728,1.0
7425,452.08871766316446,0.004105303380415728,1.0
7426,452.0784777259203,0.004105303380415728,1.0
7427,452.07162631976564,0.004105303380415728,1.0
7428,452.0613106765157,0.004105303380415728,1.0
7429,452.0548649753953,0.004105303380415728,1.0
7430,452.0476761167463,0.004105303380415728,1.0
7431,452.0674771821096,0.004105303380415728,1.0
7432,452.0896880748002,0.004105303380415728,1.0
7433,452.1325579295474,0.004105303380415728,1.0
7434,452.167311329311,0.004105303380415728,1.0
7435,452.2174483013515,0.004105303380415728,1.0
7436,452.257346561133,0.004105303380415728,1.0
7437,452.3166900034826,0.004105303380415728,1.0
7438,452.3468574933892,0.004105303380415728,1.0
7439,452.3787070225834,0.004105303380415728,1.0
7440,452.3943586595699,0.004105303380415728,1.0
7441,452.4068662310609,0.004105303380415728,1.0
7442,452.4169266149144,0.004105303380415728,1.0
7443,452.43858651904304,0.004105303380415728,1.0
7444,452.48003153539094,0.004105303380415728,1.0
7445,452.53901867890727,0.004105303380415728,1.0
7446,452.5745067548303,0.004105303380415728,1.0
7447,452.62487955947717,0.004105303380415728,1.0
7448,452.6709317646306,0.004105303380415728,1.0
7449,452.7332291968456,0.004105303380415728,1.0
7450,452.78787581752226,0.004105303380415728,1.0
7451,452.9908515984045,0.004105303380415728,1.0
7452,453.56195046563687,0.004105303380415728,1.0
7453,453.86540706524335,0.004105303380415728,1.0
7454,453.93474344372515,0.004105303380415728,1.0
7455,454.0086840151948,0.004105303380415728,1.0
7456,454.11585920558787,0.004105303380415728,1.0
7457,454.24273728191315,0.004105303380415728,1.0
7458,454.3338568021103,0.004105303380415728,1.0
7459,454.410689654483,0.004105303380415728,1.0
7460,454.49329747722874,0.004105303380415728,1.0
7461,454.57192878461717,0.004105303380415728,1.0
7462,454.6288429905899,0.004105303380415728,1.0
7463,454.66332527914454,0.004105303380415728,1.0
7464,454.69078735160895,0.004105303380415728,1.0
7465,454.7167307857158,0.004105303380415728,1.0
7466,454.73531323215985,0.004105303380415728,1.0
7467,454.75582112772827,0.004105303380415728,1.0
7468,454.78214038056933,0.004105303380415728,1.0
7469,454.81897369972023,0.004105303380415728,1.0
7470,454.8376445655595,0.004105303380415728,1.0
7471,454.892363282087,0.004105303380415728,1.0
7472,454.971047712386,0.004105303380415728,1.0
7473,455.00748259032235,0.004105303380415728,1.0
7474,455.0641053280049,0.004105303380415728,1.0
7475,455.06719475919726,0.004105303380415728,1.0
7476,455.5595145486341,0.004105303380415728,1.0
7477,456.01359356179836,0.004105303380415728,1.0
7478,456.5765255210906,0.004105303380415728,1.0
7479,457.1691569436441,0.004105303380415728,1.0
7480,457.5116237210349,0.004105303380415728,1.0
7481,457.66483710074397,0.004105303380415728,1.0
7482,457.8038813902237,0.004105303380415728,1.0
7483,457.90618601912416,0.004105303380415728,1.0
7484,458.0074218984285,0.004105303380415728,1.0
7485,458.0765956817351,0.004105303380415728,1.0
7486,458.1574122115956,0.004105303380415728,1.0
7487,458.2246577536883,0.004105303380415728,1.0
7488,458.26461281222544,0.004105303380415728,1.0
7489,458.3018839773204,0.004105303380415728,1.0
7490,458.33337996754165,0.004105303380415728,1.0
7491,458.3624730781207,0.004105303380415728,1.0
7492,458.4023238511235,0.004105303380415728,1.0
7493,458.45144431438587,0.004105303380415728,1.0
7494,458.49866158710074,0.004105303380415728,1.0
7495,458.52591962230514,0.004105303380415728,1.0
7496,458.5810320744678,0.004105303380415728,1.0
7497,458.91093242443264,0.004105303380415728,1.0
7498,459.35405087514744,0.004105303380415728,1.0
7499,459.65703748886074,0.004105303380415728,1.0
7500,459.841854221813,0.004105303380415728,1.0
7501,459.9530620060988,0.004105303380415728,1.0
7502,459.96073563132745,0.004105303380415728,1.0
7503,460.02363617062855,0.004105303380415728,1.0
7504,460.07036823923147,0.004105303380415728,1.0
7505,460.12761237271206,0.004105303380415728,1.0
7506,460.1977855064782,0.004105303380415728,1.0
7507,460.26613462566456,0.004105303380415728,1.0
7508,460.3421471133584,0.004105303380415728,1.0
7509,460.4273505914738,0.004105303380415728,1.0
7510,460.48354455803116,0.004105303380415728,1.0
7511,460.52360090130554,0.004105303380415728,1.0
7512,460.5423005037903,0.004105303380415728,1.0
7513,460.56024874204996,0.004105303380415728,1.0
7514,460.573852220093,0.004105303380415728,1.0
7515,460.59104334804306,0.004105303380415728,1.0
7516,460.60138615362126,0.004105303380415728,1.0
7517,460.67334576865136,0.004105303380415728,1.0
7518,460.716374577445,0.004105303380415728,1.0
7519,460.77000323904144,0.004105303380415728,1.0
7520,460.8485846945753,0.004105303380415728,1.0
7521,460.8857110444563,0.004105303380415728,1.0
7522,461.0023661902932,0.004105303380415728,1.0
7523,461.50629902319594,0.004105303380415728,1.0
7524,461.90542642663235,0.004105303380415728,1.0
7525,462.55621594461627,0.004105303380415728,1.0
7526,463.0245539403227,0.004105303380415728,1.0
7527,463.20488823374546,0.004105303380415728,1.0
7528,463.32297174364084,0.004105303380415728,1.0
7529,463.41011207946093,0.004105303380415728,1.0
7530,463.4990810441851,0.004105303380415728,1.0
7531,463.59110135372435,0.004105303380415728,1.0
7532,463.6870018589081,0.004105303380415728,1.0
7533,463.8546220765738,0.004105303380415728,1.0
7534,463.9382306168251,0.004105303380415728,1.0
7535,464.01130653424775,0.004105303380415728,1.0
7536,464.05917666426336,0.004105303380415728,1.0
7537,464.0969416718215,0.004105303380415728,1.0
7538,464.1307000284223,0.004105303380415728,1.0
7539,464.1711406073198,0.004105303380415728,1.0
7540,464.216681271266,0.004105303380415728,1.0
7541,464.2492728629871,0.004105303380415728,1.0
7542,464.26198718166125,0.004105303380415728,1.0
7543,464.3376655325668,0.004105303380415728,1.0
7544,464.4403261292008,0.004105303380415728,1.0
7545,464.4977355363677,0.004105303380415728,1.0
7546,464.5812225305093,0.004105303380415728,1.0
7547,464.9787345460263,0.004105303380415728,1.0
7548,465.62837879514046,0.004105303380415728,1.0
7549,465.9670365911848,0.004105303380415728,1.0
7550,466.1765714982111,0.004105303380415728,1.0
7551,466.3981546330661,0.004105303380415728,1.0
7552,466.6166800865461,0.004105303380415728,1.0
7553,466.7160368641462,0.004105303380415728,1.0
7554,466.82467668727753,0.004105303380415728,1.0
7555,466.92568864958344,0.004105303380415728,1.0
7556,467.0120183056937,0.004105303380415728,1.0
7557,467.1050928411617,0.004105303380415728,1.0
7558,467.19078007844917,0.004105303380415728,1.0
7559,467.23428509596266,0.004105303380415728,1.0
7560,467.2720502901413,0.004105303380415728,1.0
7561,467.30131351588125,0.004105303380415728,1.0
7562,467.32670714084765,0.004105303380415728,1.0
7563,467.35173301734653,0.004105303380415728,1.0
7564,467.38294461235296,0.004105303380415728,1.0
7565,467.41858529176653,0.004105303380415728,1.0
7566,467.439302067348,0.004105303380415728,1.0
7567,467.4999343344858,0.004105303380415728,1.0
7568,467.5432727794913,0.004105303380415728,1.0
7569,467.5887814700201,0.004105303380415728,1.0
7570,467.6417340180569,0.004105303380415728,1.0
7571,467.7872349320841,0.004105303380415728,1.0
7572,468.0544625876819,0.004105303380415728,1.0
7573,468.35757893699275,0.004105303380415728,1.0
7574,468.3880703118748,0.004105303380415728,1.0
7575,468.45715686938723,0.004105303380415728,1.0
7576,468.5134873150294,0.004105303380415728,1.0
7577,468.59043786118025,0.004105303380415728,1.0
7578,468.79778574301787,0.004105303380415728,1.0
7579,468.8948766830912,0.004105303380415728,1.0
7580,468.9878961828595,0.004105303380415728,1.0
7581,469.0861288395278,0.004105303380415728,1.0
7582,469.14417344480387,0.004105303380415728,1.0
7583,469.1903372510091,0.004105303380415728,1.0
7584,469.218171687517,0.004105303380415728,1.0
7585,469.25199760117493,0.004105303380415728,1.0
7586,469.26866069146774,0.004105303380415728,1.0
7587,469.2991646565084,0.004105303380415728,1.0
7588,469.33105329628575,0.004105303380415728,1.0
7589,469.37207729449915,0.004105303380415728,1.0
7590,469.38806433742775,0.004105303380415728,1.0
7591,469.74844880081787,0.004105303380415728,1.0
7592,469.80975331482045,0.004105303380415728,1.0
7593,469.89146993878654,0.004105303380415728,1.0
7594,469.93329421092204,0.004105303380415728,1.0
7595,469.9322763988619,0.004105303380415728,1.0
7596,470.18627693948554,0.004105303380415728,1.0
7597,470.63366351119816,0.004105303380415728,1.0
7598,470.84108190678114,0.004105303380415728,1.0
7599,470.90788107582233,0.004105303380415728,1.0
7600,470.9818877388688,0.004105303380415728,1.0
7601,471.0670128180257,0.004105303380415728,1.0
7602,471.1487361334052,0.004105303380415728,1.0
7603,471.23938116853657,0.004105303380415728,1.0
7604,471.3358264623684,0.004105303380415728,1.0
7605,471.40917380968153,0.004105303380415728,1.0
7606,471.4765551976204,0.004105303380415728,1.0
7607,471.5105119050092,0.004105303380415728,1.0
7608,471.5260585966916,0.004105303380415728,1.0
7609,471.53882456571034,0.004105303380415728,1.0
7610,471.55850694808737,0.004105303380415728,1.0
7611,471.56041604331745,0.004105303380415728,1.0
7612,471.60322216170164,0.004105303380415728,1.0
7613,471.64011769881,0.004105303380415728,1.0
7614,471.67614713676574,0.004105303380415728,1.0
7615,471.70174431038635,0.004105303380415728,1.0
7616,471.7084137393646,0.004105303380415728,1.0
7617,471.7064436298236,0.004105303380415728,1.0
7618,471.72075524121243,0.004105303380415728,1.0
7619,471.85060881392263,0.004105303380415728,1.0
7620,471.8904290142387,0.004105303380415728,1.0
7621,471.88485755309483,0.004105303380415728,1.0
7622,471.87744468497607,0.004105303380415728,1.0
7623,472.09548686997766,0.004105303380415728,1.0
7624,472.6627799615967,0.004105303380415728,1.0
7625,473.0900656146395,0.004105303380415728,1.0
7626,473.2471980395368,0.004105303380415728,1.0
7627,473.35229114824233,0.004105303380415728,1.0
7628,473.45777693540896,0.004105303380415728,1.0
7629,473.559065653299,0.004105303380415728,1.0
7630,473.62707009540065,0.004105303380415728,1.0
7631,473.67694175418393,0.004105303380415728,1.0
7632,473.710315485691,0.004105303380415728,1.0
7633,473.72634945961033,0.004105303380415728,1.0
7634,473.75346447146046,0.004105303380415728,1.0
7635,473.78208220788684,0.004105303380415728,1.0
7636,473.82554560926167,0.004105303380415728,1.0
7637,473.868744571913,0.004105303380415728,1.0
7638,473.8958120241372,0.004105303380415728,1.0
7639,473.9656911825092,0.004105303380415728,1.0
7640,474.0331482355989,0.004105303380415728,1.0
7641,474.0870221592639,0.004105303380415728,1.0
7642,474.1057302436981,0.004105303380415728,1.0
7643,474.11937525675233,0.004105303380415728,1.0
7644,474.122363412426,0.004105303380415728,1.0
7645,474.11813849664594,0.004105303380415728,1.0
7646,474.11773676629355,0.004105303380415728,1.0
7647,474.23030965117005,0.004105303380415728,1.0
7648,474.30243460057545,0.004105303380415728,1.0
7649,474.4017396454515,0.004105303380415728,1.0
7650,474.45309545481143,0.004105303380415728,1.0
7651,474.4919974980628,0.004105303380415728,1.0
7652,474.5293627823317,0.004105303380415728,1.0
7653,474.5543307328566,0.004105303380415728,1.0
7654,474.59833197410126,0.004105303380415728,1.0
7655,474.6408669670476,0.004105303380415728,1.0
7656,474.6549822499934,0.004105303380415728,1.0
7657,474.661490196618,0.004105303380415728,1.0
7658,474.6700065708306,0.004105303380415728,1.0
7659,474.6838327994988,0.004105303380415728,1.0
7660,474.70115560724815,0.004105303380415728,1.0
7661,474.73968944217677,0.004105303380415728,1.0
7662,474.7716609592783,0.004105303380415728,1.0
7663,474.8273325050377,0.004105303380415728,1.0
7664,474.8733502588207,0.004105303380415728,1.0
7665,475.4208065103337,0.004105303380415728,1.0
7666,476.11105352242396,0.004105303380415728,1.0
7667,476.71617758564776,0.004105303380415728,1.0
7668,477.4449018400562,0.004105303380415728,1.0
7669,478.1016015157733,0.004105303380415728,1.0
7670,478.489776662233,0.004105303380415728,1.0
7671,478.6473275870492,0.004105303380415728,1.0
7672,478.8195720239585,0.004105303380415728,1.0
7673,478.9778622821227,0.004105303380415728,1.0
7674,479.1330481015051,0.004105303380415728,1.0
7675,479.2329252146821,0.004105303380415728,1.0
7676,479.3369128701245,0.004105303380415728,1.0
7677,479.4686038639474,0.004105303380415728,1.0
7678,479.5512706654984,0.004105303380415728,1.0
7679,479.6078259984382,0.004105303380415728,1.0
7680,479.6446750253342,0.004105303380415728,1.0
7681,479.6712206031279,0.004105303380415728,1.0
7682,479.68938899330425,0.004105303380415728,1.0
7683,479.7151856298725,0.004105303380415728,1.0
7684,479.7412084293155,0.004105303380415728,1.0
7685,479.77095355871086,0.004105303380415728,1.0
7686,479.83129155644406,0.004105303380415728,1.0
7687,479.8874604445644,0.004105303380415728,1.0
7688,479.9017515393292,0.004105303380415728,1.0
7689,479.9224573684495,0.004105303380415728,1.0
7690,479.96174070774583,0.004105303380415728,1.0
7691,479.9832724209439,0.004105303380415728,1.0
7692,479.9785769723094,0.004105303380415728,1.0
7693,479.97272705687766,0.004105303380415728,1.0
7694,479.9665311926741,0.004105303380415728,1.0
7695,479.9949533038428,0.004105303380415728,1.0
7696,480.031599584254,0.004105303380415728,1.0
7697,480.0779157145378,0.004105303380415728,1.0
7698,480.1363784638111,0.004105303380415728,1.0
7699,480.1969327526616,0.004105303380415728,1.0
7700,480.259110459545,0.004105303380415728,1.0
7701,480.32091880550644,0.004105303380415728,1.0
7702,480.3699748671449,0.004105303380415728,1.0
7703,480.40664394685314,0.004105303380415728,1.0
7704,480.4163936675034,0.004105303380415728,1.0
7705,480.4242608874981,0.004105303380415728,1.0
7706,480.4328442203356,0.004105303380415728,1.0
7707,480.4500279028623,0.004105303380415728,1.0
7708,480.4849447275441,0.004105303380415728,1.0
7709,480.5354807902171,0.004105303380415728,1.0
7710,480.5659648114033,0.004105303380415728,1.0
7711,480.62873001798374,0.004105303380415728,1.0
7712,480.7248181189612,0.004105303380415728,1.0
7713,480.7714600987008,0.004105303380415728,1.0
7714,480.8123011873245,0.004105303380415728,1.0
7715,480.87927592619826,0.004105303380415728,1.0
7716,480.9469078012439,0.004105303380415728,1.0
7717,481.0246750266008,0.004105303380415728,1.0
7718,481.0769800605614,0.004105303380415728,1.0
7719,481.1492240595065,0.004105303380415728,1.0
7720,481.26722459075825,0.004105303380415728,1.0
7721,481.3386295436085,0.004105303380415728,1.0
7722,481.43675632876926,0.004105303380415728,1.0
7723,481.5873269213216,0.004105303380415728,1.0
7724,481.7145045550089,0.004105303380415728,1.0
7725,481.79907377560585,0.004105303380415728,1.0
7726,481.88075108087963,0.004105303380415728,1.0
7727,481.91988856941396,0.004105303380415728,1.0
7728,481.946658527407,0.004105303380415728,1.0
7729,481.971478167599,0.004105303380415728,1.0
7730,481.993968708311,0.004105303380415728,1.0
7731,482.01092237240914,0.004105303380415728,1.0
7732,482.0450962433148,0.004105303380415728,1.0
7733,482.0821538681088,0.004105303380415728,1.0
7734,482.1122518171939,0.004105303380415728,1.0
7735,482.196966554852,0.004105303380415728,1.0
7736,482.2572739331449,0.004105303380415728,1.0
7737,482.3178341512008,0.004105303380415728,1.0
7738,482.33670834687916,0.004105303380415728,1.0
7739,482.3376656579739,0.004105303380415728,1.0
7740,482.7935522926677,0.004105303380415728,1.0
7741,482.90187554204107,0.004105303380415728,1.0
7742,483.1554349032434,0.004105303380415728,1.0
7743,483.3896332758382,0.004105303380415728,1.0
7744,484.0095672549296,0.004105303380415728,1.0
7745,484.3099187310171,0.004105303380415728,1.0
7746,484.52091324240746,0.004105303380415728,1.0
7747,484.89641059957364,0.004105303380415728,1.0
7748,485.3315510616398,0.004105303380415728,1.0
7749,485.98074256608356,0.004105303380415728,1.0
7750,486.64733721511067,0.004105303380415728,1.0
7751,487.3383762251106,0.0062250587050295385,2.0
7752,488.2505734097123,0.0062250587050295385,2.0
7753,488.92272101963846,0.0062250587050295385,2.0
7754,489.12301353717953,0.0062250587050295385,2.0
7755,489.2161562365081,0.0062250587050295385,2.0
7756,489.2968869814457,0.0062250587050295385,2.0
7757,489.37469314418615,0.0062250587050295385,2.0
7758,489.4208932244134,0.0062250587050295385,2.0
7759,489.4764157985795,0.0062250587050295385,2.0
7760,489.5532030843464,0.0062250587050295385,2.0
7761,489.6089164213658,0.0062250587050295385,2.0
7762,489.8600201244597,0.0062250587050295385,2.0
7763,490.3935361725914,0.0062250587050295385,2.0
7764,490.4767315125574,0.0062250587050295385,2.0
7765,490.4802580550626,0.0062250587050295385,2.0
7766,490.5178499937889,0.0062250587050295385,2.0
7767,490.5976412570243,0.0062250587050295385,2.0
7768,490.6595665320876,0.0062250587050295385,2.0
7769,490.72694554268423,0.0062250587050295385,2.0
7770,490.8258266306107,0.0062250587050295385,2.0
7771,490.90666881212974,0.0062250587050295385,2.0
7772,491.0502451501976,0.0062250587050295385,2.0
7773,491.1688676051434,0.0062250587050295385,2.0
7774,491.28057081900687,0.0062250587050295385,2.0
7775,491.34636567334013,0.0062250587050295385,2.0
7776,491.35680447976586,0.0062250587050295385,2.0
7777,491.3700733911685,0.0062250587050295385,2.0
7778,491.38232744239167,0.0062250587050295385,2.0
7779,491.3884195687024,0.0062250587050295385,2.0
7780,491.41076544142146,0.0062250587050295385,2.0
7781,491.428680723377,0.0062250587050295385,2.0
7782,491.4913239193635,0.0062250587050295385,2.0
7783,492.0735892595539,0.0062250587050295385,2.0
7784,492.6221888180676,0.0062250587050295385,2.0
7785,493.22714011361,0.0062250587050295385,2.0
7786,493.8333773859665,0.0062250587050295385,2.0
7787,494.2207909058002,0.0062250587050295385,2.0
7788,494.4239257081777,0.0062250587050295385,2.0
7789,494.49222497907505,0.0062250587050295385,2.0
7790,494.59225168840646,0.0062250587050295385,2.0
7791,494.7394896671241,0.0062250587050295385,2.0
7792,494.88898551596293,0.0062250587050295385,2.0
7793,494.9923789070545,0.0062250587050295385,2.0
7794,495.132616652771,0.0062250587050295385,2.0
7795,495.2391396758884,0.0062250587050295385,2.0
7796,495.3065088013089,0.0062250587050295385,2.0
7797,495.3838704503216,0.0062250587050295385,2.0
7798,495.4344387182084,0.0062250587050295385,2.0
7799,495.4637250137806,0.0062250587050295385,2.0
7800,495.4859032312246,0.0062250587050295385,2.0
7801,495.4981844182342,0.0062250587050295385,2.0
7802,495.5264063145335,0.0062250587050295385,2.0
7803,495.54348164020996,0.0062250587050295385,2.0
7804,495.56556990543544,0.0062250587050295385,2.0
7805,495.5722351729043,0.0062250587050295385,2.0
7806,495.61141322665725,0.0062250587050295385,2.0
7807,495.6821281397973,0.0062250587050295385,2.0
7808,495.7649796292508,0.0062250587050295385,2.0
7809,495.8799608290155,0.0062250587050295385,2.0
7810,496.296556137784,0.0062250587050295385,2.0
7811,496.7934986276347,0.0062250587050295385,2.0
7812,497.3061536153865,0.0062250587050295385,2.0
7813,497.63105800406805,0.0062250587050295385,2.0
7814,497.7035282002457,0.0062250587050295385,2.0
7815,497.86627146214244,0.0062250587050295385,2.0
7816,498.0236699037529,0.0062250587050295385,2.0
7817,498.16247997848114,0.0062250587050295385,2.0
7818,498.2987005866124,0.0062250587050295385,2.0
7819,498.4660171283876,0.0062250587050295385,2.0
7820,498.56721658593153,0.0062250587050295385,2.0
7821,498.6816195369517,0.0062250587050295385,2.0
7822,498.77136186644555,0.0062250587050295385,2.0
7823,498.81937331727613,0.0062250587050295385,2.0
7824,498.8551713950724,0.0062250587050295385,2.0
7825,498.87472722331694,0.0062250587050295385,2.0
7826,498.9085576052828,0.0062250587050295385,2.0
7827,498.94450074001645,0.0062250587050295385,2.0
7828,498.9812838241055,0.0062250587050295385,2.0
7829,499.00197098626654,0.0062250587050295385,2.0
7830,499.03563682781623,0.0062250587050295385,2.0
7831,499.13769238700485,0.0062250587050295385,2.0
7832,499.2230314121924,0.0062250587050295385,2.0
7833,499.4339767831062,0.0062250587050295385,2.0
7834,499.94457923369845,0.0062250587050295385,2.0
7835,500.31434100467277,0.0062250587050295385,2.0
7836,500.49089397190033,0.0062250587050295385,2.0
7837,500.60306073343463,0.0062250587050295385,2.0
7838,500.65271289845975,0.0062250587050295385,2.0
7839,500.7328216738064,0.0062250587050295385,2.0
7840,500.88923389813647,0.0062250587050295385,2.0
7841,501.0319019377121,0.0062250587050295385,2.0
7842,501.1129382945292,0.0062250587050295385,2.0
7843,501.2061521212997,0.0062250587050295385,2.0
7844,501.3082962127736,0.0062250587050295385,2.0
7845,501.39809926894867,0.0062250587050295385,2.0
7846,501.4765920315984,0.0062250587050295385,2.0
7847,501.5167928280896,0.0062250587050295385,2.0
7848,501.54332422726065,0.0062250587050295385,2.0
7849,501.5590614001796,0.0062250587050295385,2.0
7850,501.5851167593252,0.0062250587050295385,2.0
7851,501.60074440384244,0.0062250587050295385,2.0
7852,501.61832028608194,0.0062250587050295385,2.0
7853,501.6446073072924,0.0062250587050295385,2.0
7854,501.6822494551119,0.0062250587050295385,2.0
7855,501.7306325666943,0.0062250587050295385,2.0
7856,501.8654296942108,0.0062250587050295385,2.0
7857,502.37298810059247,0.0062250587050295385,2.0
7858,502.9412926830762,0.0062250587050295385,2.0
7859,503.22722741225147,0.0062250587050295385,2.0
7860,503.33249743655625,0.0062250587050295385,2.0
7861,503.4408098253351,0.0062250587050295385,2.0
7862,503.53034143235016,0.0062250587050295385,2.0
7863,503.6467981121171,0.0062250587050295385,2.0
7864,503.7840230602836,0.0062250587050295385,2.0
7865,503.94894726621436,0.0062250587050295385,2.0
7866,504.11803220790773,0.0062250587050295385,2.0
7867,504.2650124907214,0.0062250587050295385,2.0
7868,504.44875126510806,0.0062250587050295385,2.0
7869,504.5635257494464,0.0062250587050295385,2.0
7870,504.69812758643286,0.0062250587050295385,2.0
7871,504.76190133266164,0.0062250587050295385,2.0
7872,504.82030241599364,0.0062250587050295385,2.0
7873,504.85711936781126,0.0062250587050295385,2.0
7874,504.89523172620466,0.0062250587050295385,2.0
7875,504.9301029995635,0.0062250587050295385,2.0
7876,504.9788673170626,0.0062250587050295385,2.0
7877,505.0248669415787,0.0062250587050295385,2.0
7878,505.08285535769147,0.0062250587050295385,2.0
7879,505.20859030214154,0.0062250587050295385,2.0
7880,505.299907291061,0.0062250587050295385,2.0
7881,505.36251594414387,0.0062250587050295385,2.0
7882,505.3721232690206,0.0062250587050295385,2.0
7883,505.39099432504884,0.0062250587050295385,2.0
7884,505.7620494878517,0.0062250587050295385,2.0
7885,505.87433025838664,0.0062250587050295385,2.0
7886,505.9572514403197,0.0062250587050295385,2.0
7887,506.1125126038737,0.0062250587050295385,2.0
7888,506.27039270946756,0.0062250587050295385,2.0
7889,506.3843295582029,0.0062250587050295385,2.0
7890,506.5252558804556,0.0062250587050295385,2.0
7891,506.64769692218266,0.0062250587050295385,2.0
7892,506.76960127812106,0.0062250587050295385,2.0
7893,506.8908452560599,0.0062250587050295385,2.0
7894,507.00579451913956,0.0062250587050295385,2.0
7895,507.0639004719209,0.0062250587050295385,2.0
7896,507.1424258558373,0.0062250587050295385,2.0
7897,507.17732051832945,0.0062250587050295385,2.0
7898,507.2073393083325,0.0062250587050295385,2.0
7899,507.23536441105915,0.0062250587050295385,2.0
7900,507.27359602182855,0.0062250587050295385,2.0
7901,507.32401180518485,0.0062250587050295385,2.0
7902,507.3469790193948,0.0062250587050295385,2.0
7903,507.38855959282506,0.0062250587050295385,2.0
7904,507.4562442644533,0.0062250587050295385,2.0
7905,507.4890472734792,0.0062250587050295385,2.0
7906,507.5426068788414,0.0062250587050295385,2.0
7907,507.62714454567,0.0062250587050295385,2.0
7908,507.77506722698774,0.0062250587050295385,2.0
7909,508.28542317399854,0.0062250587050295385,2.0
7910,508.8287922448088,0.0062250587050295385,2.0
7911,509.41199283598246,0.0062250587050295385,2.0
7912,509.71821154001145,0.0062250587050295385,2.0
7913,509.95210154733553,0.0062250587050295385,2.0
7914,510.1237030516192,0.0062250587050295385,2.0
7915,510.3381611755876,0.0062250587050295385,2.0
7916,510.53772168635385,0.0062250587050295385,2.0
7917,510.6858809085078,0.0062250587050295385,2.0
7918,510.7974212845284,0.0062250587050295385,2.0
7919,510.84865102706163,0.0062250587050295385,2.0
7920,510.8908788798263,0.0062250587050295385,2.0
7921,510.9189629569531,0.0062250587050295385,2.0
7922,510.94484735548434,0.0062250587050295385,2.0
7923,510.9775384832002,0.0062250587050295385,2.0
7924,511.02180736437515,0.0062250587050295385,2.0
7925,511.07379941214134,0.0062250587050295385,2.0
7926,511.1295250283673,0.0062250587050295385,2.0
7927,511.2078947553605,0.0062250587050295385,2.0
7928,511.26653742998934,0.0062250587050295385,2.0
7929,511.40177122555446,0.0062250587050295385,2.0
7930,511.4874684607975,0.0062250587050295385,2.0
7931,511.5166716463038,0.0062250587050295385,2.0
7932,511.60581495208424,0.0062250587050295385,2.0
7933,511.66546090931206,0.0062250587050295385,2.0
7934,511.7286370465678,0.0062250587050295385,2.0
7935,511.8962018939396,0.0062250587050295385,2.0
7936,512.0475314314951,0.0062250587050295385,2.0
7937,512.2273293645585,0.0062250587050295385,2.0
7938,512.3788417068351,0.0062250587050295385,2.0
7939,512.5275712783183,0.0062250587050295385,2.0
7940,512.6951763511369,0.0062250587050295385,2.0
7941,512.8015320981773,0.0062250587050295385,2.0
7942,512.8816390089922,0.0062250587050295385,2.0
7943,512.9378165893519,0.0062250587050295385,2.0
7944,512.9645450190659,0.0062250587050295385,2.0
7945,512.9798071657299,0.0062250587050295385,2.0
7946,512.9983556859274,0.0062250587050295385,2.0
7947,513.0217840206417,0.0062250587050295385,2.0
7948,513.0527578007683,0.0062250587050295385,2.0
7949,513.0970980658284,0.0062250587050295385,2.0
7950,513.1353390345805,0.0062250587050295385,2.0
7951,513.190488681728,0.0062250587050295385,2.0
7952,513.2731453787826,0.0062250587050295385,2.0
7953,513.3874819609625,0.0062250587050295385,2.0
7954,513.4475536378729,0.0062250587050295385,2.0
7955,513.5650025077398,0.0062250587050295385,2.0
7956,513.614814346301,0.0062250587050295385,2.0
7957,513.670152847805,0.0062250587050295385,2.0
7958,513.7953827636619,0.0062250587050295385,2.0
7959,513.9907797876289,0.0062250587050295385,2.0
7960,514.1887898321369,0.0062250587050295385,2.0
7961,514.3763980777213,0.0062250587050295385,2.0
7962,514.5569424831052,0.0062250587050295385,2.0
7963,514.7217825152298,0.0062250587050295385,2.0
7964,514.867108778725,0.0062250587050295385,2.0
7965,514.9907393178681,0.0062250587050295385,2.0
7966,515.0902039939594,0.0062250587050295385,2.0
7967,515.1326542819608,0.0062250587050295385,2.0
7968,515.1596985802548,0.0062250587050295385,2.0
7969,515.1845721865375,0.0062250587050295385,2.0
7970,515.2030471918935,0.0062250587050295385,2.0
7971,515.2189338175032,0.0062250587050295385,2.0
7972,515.232572690987,0.0062250587050295385,2.0
7973,515.2726460411727,0.0062250587050295385,2.0
7974,515.3302781791963,0.0062250587050295385,2.0
7975,515.4028401163771,0.0062250587050295385,2.0
7976,515.521093853965,0.0062250587050295385,2.0
7977,515.654370392936,0.0062250587050295385,2.0
7978,515.719838494182,0.0062250587050295385,2.0
7979,515.7847262125981,0.0062250587050295385,2.0
7980,515.8252345199742,0.0062250587050295385,2.0
7981,515.9494236989115,0.0062250587050295385,2.0
7982,516.08731840044,0.0062250587050295385,2.0
7983,516.2705139136274,0.0062250587050295385,2.0
7984,516.4240714607242,0.0062250587050295385,2.0
7985,516.5573946123543,0.0062250587050295385,2.0
7986,516.6998185987161,0.0062250587050295385,2.0
7987,516.8198441088048,0.0062250587050295385,2.0
7988,516.9340357676806,0.0062250587050295385,2.0
7989,517.0376505629815,0.0062250587050295385,2.0
7990,517.1215006730899,0.0062250587050295385,2.0
7991,517.1640428864981,0.0062250587050295385,2.0
7992,517.1881970859056,0.0062250587050295385,2.0
7993,517.2321169395648,0.0062250587050295385,2.0
7994,517.2498188877282,0.0062250587050295385,2.0
7995,517.2662444819102,0.0062250587050295385,2.0
7996,517.2989509060684,0.0062250587050295385,2.0
7997,517.3401079112177,0.0062250587050295385,2.0
7998,517.3974434994118,0.0062250587050295385,2.0
7999,517.4686252000055,0.0062250587050295385,2.0
8000,517.5941455393607,0.0062250587050295385,2.0
8001,517.6656882375163,0.0062250587050295385,2.0
8002,517.7288881218259,0.0062250587050295385,2.0
8003,517.833436983114,0.0062250587050295385,2.0
8004,517.9404118470945,0.0062250587050295385,2.0
8005,518.0739499805605,0.0062250587050295385,2.0
8006,518.1922045360197,0.0062250587050295385,2.0
8007,518.3165661729523,0.0062250587050295385,2.0
8008,518.4473869455304,0.0062250587050295385,2.0
8009,518.6522864718645,0.0062250587050295385,2.0
8010,518.7883319025422,0.0062250587050295385,2.0
8011,518.9502654461513,0.0062250587050295385,2.0
8012,519.0685805722593,0.0062250587050295385,2.0
8013,519.2130338901833,0.0062250587050295385,2.0
8014,519.3294973601095,0.0062250587050295385,2.0
8015,519.4263404282252,0.0062250587050295385,2.0
8016,519.4602446633006,0.0062250587050295385,2.0
8017,519.4940668448919,0.0062250587050295385,2.0
8018,519.5634163423787,0.0062250587050295385,2.0
8019,519.6163235505338,0.0062250587050295385,2.0
8020,519.68239805873,0.0062250587050295385,2.0
8021,519.7672690885767,0.0062250587050295385,2.0
8022,519.8296537241309,0.0062250587050295385,2.0
8023,519.906139004028,0.0062250587050295385,2.0
8024,520.0254081401974,0.0062250587050295385,2.0
8025,520.0880902316692,0.0062250587050295385,2.0
8026,520.2342516319648,0.0062250587050295385,2.0
8027,520.4025166835171,0.0062250587050295385,2.0
8028,520.5777369527552,0.0062250587050295385,2.0
8029,520.7696764655909,0.0062250587050295385,2.0
8030,520.9454655872107,0.0062250587050295385,2.0
8031,521.0791365904822,0.0062250587050295385,2.0
8032,521.2384639131959,0.0062250587050295385,2.0
8033,521.4043792402734,0.0062250587050295385,2.0
8034,521.6905488612762,0.0062250587050295385,2.0
8035,521.8629382589057,0.0062250587050295385,2.0
8036,522.050297346806,0.0062250587050295385,2.0
8037,522.1756848303633,0.0062250587050295385,2.0
8038,522.2751407912012,0.0062250587050295385,2.0
8039,522.3353420727035,0.0062250587050295385,2.0
8040,522.3845090850624,0.0062250587050295385,2.0
8041,522.4197969821829,0.0062250587050295385,2.0
8042,522.4551854643512,0.0062250587050295385,2.0
8043,522.4939799218738,0.0062250587050295385,2.0
8044,522.5368094105214,0.0062250587050295385,2.0
8045,522.5745957497929,0.0062250587050295385,2.0
8046,522.6329053591962,0.0062250587050295385,2.0
8047,522.696518941437,0.0062250587050295385,2.0
8048,522.8723657740267,0.0062250587050295385,2.0
8049,523.0405746538239,0.0062250587050295385,2.0
8050,523.2107904951453,0.0062250587050295385,2.0
8051,523.3557253731567,0.0062250587050295385,2.0
8052,523.5747169962766,0.0062250587050295385,2.0
8053,523.8991522775642,0.0062250587050295385,2.0
8054,524.5286601126049,0.0062250587050295385,2.0
8055,525.2014461890004,0.0062250587050295385,2.0
8056,525.9834627562946,0.0062250587050295385,2.0
8057,526.6972704121468,0.0062250587050295385,2.0
8058,527.1780377879385,0.0062250587050295385,2.0
8059,527.4409163621423,0.0062250587050295385,2.0
8060,527.6245680620883,0.0062250587050295385,2.0
8061,527.7863079403895,0.0062250587050295385,2.0
8062,527.905089971283,0.0062250587050295385,2.0
8063,527.984352911088,0.0062250587050295385,2.0
8064,528.0433519102713,0.0062250587050295385,2.0
8065,528.1046201650904,0.0062250587050295385,2.0
8066,528.1567896115057,0.0062250587050295385,2.0
8067,528.204055726529,0.0062250587050295385,2.0
8068,528.2732382249477,0.0062250587050295385,2.0
8069,528.320905550114,0.0062250587050295385,2.0
8070,528.3806708519362,0.0062250587050295385,2.0
8071,528.4751162473193,0.0062250587050295385,2.0
8072,528.5370325206802,0.0062250587050295385,2.0
8073,528.5722796094666,0.0062250587050295385,2.0
8074,528.688230677977,0.0062250587050295385,2.0
8075,528.7625208814443,0.0062250587050295385,2.0
8076,529.0006727149554,0.0062250587050295385,2.0
8077,529.5590919146118,0.0062250587050295385,2.0
8078,529.7617984801892,0.0062250587050295385,2.0
8079,529.9412914847198,0.0062250587050295385,2.0
8080,530.1252478886595,0.0062250587050295385,2.0
8081,530.3100944997036,0.0062250587050295385,2.0
8082,530.4849819460761,0.0062250587050295385,2.0
8083,530.6126516461609,0.0062250587050295385,2.0
8084,530.728519953808,0.0062250587050295385,2.0
8085,530.8422964224168,0.0062250587050295385,2.0
8086,530.9542931587685,0.0062250587050295385,2.0
8087,531.0158079105468,0.0062250587050295385,2.0
8088,531.1074075923018,0.0062250587050295385,2.0
8089,531.1848429078963,0.0062250587050295385,2.0
8090,531.2632201713518,0.0062250587050295385,2.0
8091,531.3858133319892,0.0062250587050295385,2.0
8092,531.4866843576951,0.0062250587050295385,2.0
8093,531.5977323815155,0.0062250587050295385,2.0
8094,531.6906109767248,0.0062250587050295385,2.0
8095,531.8180617883471,0.0062250587050295385,2.0
8096,531.9435352997084,0.0062250587050295385,2.0
8097,532.1108815690847,0.0062250587050295385,2.0
8098,532.2495844082292,0.0062250587050295385,2.0
8099,532.4004996053985,0.0062250587050295385,2.0
8100,532.5283537361638,0.0062250587050295385,2.0
8101,532.6649136269018,0.0062250587050295385,2.0
8102,532.785819238151,0.0062250587050295385,2.0
8103,532.9505215667599,0.0062250587050295385,2.0
8104,533.1321417597649,0.0062250587050295385,2.0
8105,533.2960023624148,0.0062250587050295385,2.0
8106,533.4595692763965,0.0062250587050295385,2.0
8107,533.6401266588007,0.0062250587050295385,2.0
8108,533.8613948045614,0.0062250587050295385,2.0
8109,534.0903096394294,0.0062250587050295385,2.0
8110,534.248529819404,0.0062250587050295385,2.0
8111,534.4376798528225,0.0062250587050295385,2.0
8112,534.4839348222686,0.0062250587050295385,2.0
8113,534.5433237107104,0.0062250587050295385,2.0
8114,534.5819250256569,0.0062250587050295385,2.0
8115,534.6250542353949,0.0062250587050295385,2.0
8116,534.6676633237494,0.0062250587050295385,2.0
8117,534.7123682612848,0.0062250587050295385,2.0
8118,534.7498048153806,0.0062250587050295385,2.0
8119,534.8377308220907,0.0062250587050295385,2.0
8120,535.0709512244977,0.0062250587050295385,2.0
8121,535.6511791474845,0.0062250587050295385,2.0
8122,536.3387639614037,0.0062250587050295385,2.0
8123,536.98245912269,0.0062250587050295385,2.0
8124,537.3891119286187,0.0062250587050295385,2.0
8125,537.5958053567983,0.0062250587050295385,2.0
8126,537.7744298517126,0.0062250587050295385,2.0
8127,538.0298479485755,0.0062250587050295385,2.0
8128,538.2350583659443,0.0062250587050295385,2.0
8129,538.362436010724,0.0062250587050295385,2.0
8130,538.5341043310424,0.0062250587050295385,2.0
8131,538.7446072753064,0.0062250587050295385,2.0
8132,538.9286675423398,0.0062250587050295385,2.0
8133,539.0676578343009,0.0062250587050295385,2.0
8134,539.1849941491872,0.0062250587050295385,2.0
8135,539.2402961114402,0.0062250587050295385,2.0
8136,539.264472484272,0.0062250587050295385,2.0
8137,539.2978179171423,0.0062250587050295385,2.0
8138,539.3278376844167,0.0062250587050295385,2.0
8139,539.3538225031771,0.0062250587050295385,2.0
8140,539.3700629059254,0.0062250587050295385,2.0
8141,539.3945543322922,0.0062250587050295385,2.0
8142,539.421668619712,0.0062250587050295385,2.0
8143,539.4781753096087,0.0062250587050295385,2.0
8144,539.6451340049722,0.0062250587050295385,2.0
8145,539.7512496681181,0.0062250587050295385,2.0
8146,539.8108030469484,0.0062250587050295385,2.0
8147,540.0952992441427,0.0062250587050295385,2.0
8148,540.6740212613867,0.0062250587050295385,2.0
8149,540.8408654308017,0.0062250587050295385,2.0
8150,540.8805171519301,0.0062250587050295385,2.0
8151,540.9907954670086,0.0062250587050295385,2.0
8152,541.1121600006618,0.0062250587050295385,2.0
8153,541.312673550221,0.0062250587050295385,2.0
8154,541.5202879000169,0.0062250587050295385,2.0
8155,541.6922816619377,0.0062250587050295385,2.0
8156,541.826525163491,0.0062250587050295385,2.0
8157,541.9828959559269,0.0062250587050295385,2.0
8158,542.1257255708223,0.0062250587050295385,2.0
8159,542.2378831296664,0.0062250587050295385,2.0
8160,542.2851256768014,0.0062250587050295385,2.0
8161,542.3225157742634,0.0062250587050295385,2.0
8162,542.3632083437915,0.0062250587050295385,2.0
8163,542.4135266619315,0.0062250587050295385,2.0
8164,542.4776638502216,0.0062250587050295385,2.0
8165,542.5492663059513,0.0062250587050295385,2.0
8166,542.5832150044073,0.0062250587050295385,2.0
8167,542.6751967651938,0.0062250587050295385,2.0
8168,542.8835171378574,0.0062250587050295385,2.0
8169,542.9427342836752,0.0062250587050295385,2.0
8170,543.0896453787838,0.0062250587050295385,2.0
8171,543.1152595578128,0.0062250587050295385,2.0
8172,543.188538669304,0.0062250587050295385,2.0
8173,543.2281960356834,0.0062250587050295385,2.0
8174,543.28255033618,0.0062250587050295385,2.0
8175,543.4118701239157,0.0062250587050295385,2.0
8176,543.5210166085628,0.0062250587050295385,2.0
8177,543.6431367798174,0.0062250587050295385,2.0
8178,543.7272692266307,0.0062250587050295385,2.0
8179,543.8475515135901,0.0062250587050295385,2.0
8180,543.9558574612734,0.0062250587050295385,2.0
8181,544.0615306770832,0.0062250587050295385,2.0
8182,544.1749940296909,0.0062250587050295385,2.0
8183,544.2360845429096,0.0062250587050295385,2.0
8184,544.296944698505,0.0062250587050295385,2.0
8185,544.358365560595,0.0062250587050295385,2.0
8186,544.4307099163444,0.0062250587050295385,2.0
8187,544.5123097610364,0.0062250587050295385,2.0
8188,544.58148984768,0.0062250587050295385,2.0
8189,544.6694280876344,0.0062250587050295385,2.0
8190,544.7471739979992,0.0062250587050295385,2.0
8191,544.8813301772069,0.0062250587050295385,2.0
8192,545.0096586266238,0.0062250587050295385,2.0
8193,545.0634550511492,0.0062250587050295385,2.0
8194,545.1391712513463,0.0062250587050295385,2.0
8195,545.2118118143011,0.0062250587050295385,2.0
8196,545.2770152526839,0.0062250587050295385,2.0
8197,545.3675376911197,0.0062250587050295385,2.0
8198,545.7134355602676,0.0062250587050295385,2.0
8199,545.9885251759533,0.0062250587050295385,2.0
8200,546.1117641046989,0.0062250587050295385,2.0
8201,546.2353584470378,0.0062250587050295385,2.0
8202,546.3639153091909,0.0062250587050295385,2.0
8203,546.4778513861953,0.0062250587050295385,2.0
8204,546.5974263540292,0.0062250587050295385,2.0
8205,546.7190030101915,0.0062250587050295385,2.0
8206,546.8515804307139,0.0062250587050295385,2.0
8207,546.9421097481865,0.0062250587050295385,2.0
8208,547.0384339573268,0.0062250587050295385,2.0
8209,547.1189003826235,0.0062250587050295385,2.0
8210,547.1955085455572,0.0062250587050295385,2.0
8211,547.2602644157171,0.0062250587050295385,2.0
8212,547.3285159932883,0.0062250587050295385,2.0
8213,547.40795353971,0.0062250587050295385,2.0
8214,547.4888807221806,0.0062250587050295385,2.0
8215,547.6747391301517,0.0062250587050295385,2.0
8216,547.8239034724621,0.0062250587050295385,2.0
8217,547.9228730763152,0.0062250587050295385,2.0
8218,548.0401764717659,0.0062250587050295385,2.0
8219,548.1161163736979,0.0062250587050295385,2.0
8220,548.6210452608371,0.0062250587050295385,2.0
8221,549.3547788091562,0.0062250587050295385,2.0
8222,549.6508477104088,0.0062250587050295385,2.0
8223,549.8038553181386,0.0062250587050295385,2.0
8224,549.9752507796443,0.0062250587050295385,2.0
8225,550.110542924902,0.0062250587050295385,2.0
8226,550.2367224399223,0.0062250587050295385,2.0
8227,550.3423235706165,0.0062250587050295385,2.0
8228,550.490295635091,0.0062250587050295385,2.0
8229,550.6268474619507,0.0062250587050295385,2.0
8230,550.7734738743419,0.0062250587050295385,2.0
8231,550.8668192997419,0.0062250587050295385,2.0
8232,550.9355943872994,0.0062250587050295385,2.0
8233,551.0114217103852,0.0062250587050295385,2.0
8234,551.0865927760225,0.0062250587050295385,2.0
8235,551.1632131636646,0.0062250587050295385,2.0
8236,551.2553775196258,0.0062250587050295385,2.0
8237,551.3125106501199,0.0062250587050295385,2.0
8238,551.3763348424801,0.0062250587050295385,2.0
8239,551.448543997648,0.0062250587050295385,2.0
8240,551.55553025808,0.0062250587050295385,2.0
8241,551.758640019305,0.0062250587050295385,2.0
8242,551.9993358191792,0.0062250587050295385,2.0
8243,552.6968434702209,0.0062250587050295385,2.0
8244,553.2355671274128,0.0062250587050295385,2.0
8245,553.6136837778371,0.0062250587050295385,2.0
8246,553.8243532423546,0.0062250587050295385,2.0
8247,553.9328412711114,0.0062250587050295385,2.0
8248,554.0725022334927,0.0062250587050295385,2.0
8249,554.2024606462535,0.0062250587050295385,2.0
8250,554.34458356844,0.0062250587050295385,2.0
8251,554.4500867249334,0.0062250587050295385,2.0
8252,554.5574853604713,0.0062250587050295385,2.0
8253,554.7616106661723,0.0062250587050295385,2.0
8254,554.8677139026893,0.0062250587050295385,2.0
8255,554.9410635984534,0.0062250587050295385,2.0
8256,555.0191940595979,0.0062250587050295385,2.0
8257,555.0754753495689,0.0062250587050295385,2.0
8258,555.1414466001611,0.0062250587050295385,2.0
8259,555.1873157477786,0.0062250587050295385,2.0
8260,555.2488442284463,0.0062250587050295385,2.0
8261,555.328313228953,0.0062250587050295385,2.0
8262,555.3920246091834,0.0062250587050295385,2.0
8263,555.5154233553311,0.0062250587050295385,2.0
8264,555.591978278993,0.0062250587050295385,2.0
8265,556.0697239566678,0.0062250587050295385,2.0
8266,556.6974262609893,0.0062250587050295385,2.0
8267,557.3271359205338,0.0062250587050295385,2.0
8268,557.9514748414689,0.0062250587050295385,2.0
8269,558.6501580184656,0.0062250587050295385,2.0
8270,559.1634494140174,0.0062250587050295385,2.0
8271,559.3453599637176,0.0062250587050295385,2.0
8272,559.5310024460033,0.0062250587050295385,2.0
8273,559.6344505342486,0.0062250587050295385,2.0
8274,559.7638452048335,0.0062250587050295385,2.0
8275,559.8778231058826,0.0062250587050295385,2.0
8276,560.0051145497333,0.0062250587050295385,2.0
8277,560.1247140959196,0.0062250587050295385,2.0
8278,560.2622415053581,0.0062250587050295385,2.0
8279,560.3602571429612,0.0062250587050295385,2.0
8280,560.4202566360399,0.0062250587050295385,2.0
8281,560.4794945869779,0.0062250587050295385,2.0
8282,560.5653229723969,0.0062250587050295385,2.0
8283,560.6224546477024,0.0062250587050295385,2.0
8284,560.6545521111524,0.0062250587050295385,2.0
8285,560.7318677037711,0.0062250587050295385,2.0
8286,560.8132563989938,0.0062250587050295385,2.0
8287,560.9016234161105,0.0062250587050295385,2.0
8288,561.0628077286644,0.0062250587050295385,2.0
8289,561.1830291145251,0.0062250587050295385,2.0
8290,561.2841662854063,0.0062250587050295385,2.0
8291,561.4046596506535,0.0062250587050295385,2.0
8292,561.9534589272253,0.0062250587050295385,2.0
8293,562.5345425349485,0.0062250587050295385,2.0
8294,563.2148415228759,0.0062250587050295385,2.0
8295,563.5912538930659,0.0062250587050295385,2.0
8296,563.7746468492219,0.0062250587050295385,2.0
8297,563.9437599205669,0.0062250587050295385,2.0
8298,564.1003025294173,0.0062250587050295385,2.0
8299,564.2601690732511,0.0062250587050295385,2.0
8300,564.4094279020387,0.0062250587050295385,2.0
8301,564.5488356551643,0.0062250587050295385,2.0
8302,564.692689166612,0.0062250587050295385,2.0
8303,564.8134628706471,0.0062250587050295385,2.0
8304,564.89051098023,0.0062250587050295385,2.0
8305,564.9586977565884,0.0062250587050295385,2.0
8306,565.0399062461712,0.0062250587050295385,2.0
8307,565.1137106653541,0.0062250587050295385,2.0
8308,565.1946518471443,0.0062250587050295385,2.0
8309,565.2818765668093,0.0062250587050295385,2.0
8310,565.3602289995571,0.0062250587050295385,2.0
8311,565.4411219418365,0.0062250587050295385,2.0
8312,565.5600646147185,0.0062250587050295385,2.0
8313,565.6372821385659,0.0062250587050295385,2.0
8314,565.6838358356307,0.0062250587050295385,2.0
8315,565.7556452318009,0.0062250587050295385,2.0
8316,565.86561390838,0.0062250587050295385,2.0
8317,566.2450259843,0.0062250587050295385,2.0
8318,566.7148332525513,0.0062250587050295385,2.0
8319,567.3608032333565,0.0062250587050295385,2.0
8320,568.0353782882439,0.0062250587050295385,2.0
8321,568.492632207245,0.0062250587050295385,2.0
8322,568.7573156608144,0.0062250587050295385,2.0
8323,568.9391951851242,0.0062250587050295385,2.0
8324,569.1459063966173,0.0062250587050295385,2.0
8325,569.2721250775547,0.0062250587050295385,2.0
8326,569.4168503780108,0.0062250587050295385,2.0
8327,569.515766248972,0.0062250587050295385,2.0
8328,569.5953192069645,0.0062250587050295385,2.0
8329,569.6965852669963,0.0062250587050295385,2.0
8330,569.7674944686573,0.0062250587050295385,2.0
8331,569.8392056088323,0.0062250587050295385,2.0
8332,569.9133601844485,0.0062250587050295385,2.0
8333,570.0266079765661,0.0062250587050295385,2.0
8334,570.1108666582223,0.0062250587050295385,2.0
8335,570.2393178579771,0.0062250587050295385,2.0
8336,570.3487317814778,0.0062250587050295385,2.0
8337,570.4320628282179,0.0062250587050295385,2.0
8338,570.5059872986147,0.0062250587050295385,2.0
8339,570.5452363985363,0.0062250587050295385,2.0
8340,570.611898611219,0.0062250587050295385,2.0
8341,570.7106708793888,0.0062250587050295385,2.0
8342,570.8321522274243,0.0062250587050295385,2.0
8343,570.975773434765,0.0062250587050295385,2.0
8344,571.1122874378973,0.0062250587050295385,2.0
8345,571.2509686245039,0.0062250587050295385,2.0
8346,571.4175882185918,0.0062250587050295385,2.0
8347,571.5717813514638,0.0062250587050295385,2.0
8348,571.7260698825196,0.0062250587050295385,2.0
8349,571.8884919279478,0.0062250587050295385,2.0
8350,571.9989309198907,0.0062250587050295385,2.0
8351,572.1156340821042,0.0062250587050295385,2.0
8352,572.1811688365834,0.0062250587050295385,2.0
8353,572.243632376236,0.0062250587050295385,2.0
8354,572.3306483146207,0.0062250587050295385,2.0
8355,572.412973178015,0.0062250587050295385,2.0
8356,572.4760451482864,0.0062250587050295385,2.0
8357,572.5561758876092,0.0062250587050295385,2.0
8358,572.6151171040149,0.0062250587050295385,2.0
8359,572.7357082705415,0.0062250587050295385,2.0
8360,572.8766421328528,0.0062250587050295385,2.0
8361,572.9785608292832,0.0062250587050295385,2.0
8362,573.0771567834765,0.0062250587050295385,2.0
8363,573.1804431144502,0.0062250587050295385,2.0
8364,573.259578408589,0.0062250587050295385,2.0
8365,573.4798507773534,0.0062250587050295385,2.0
8366,574.1011871555963,0.0062250587050295385,2.0
8367,574.538507420053,0.0062250587050295385,2.0
8368,574.7623450540889,0.0062250587050295385,2.0
8369,574.9480704961845,0.0062250587050295385,2.0
8370,575.1274695012861,0.0062250587050295385,2.0
8371,575.309462975342,0.0062250587050295385,2.0
8372,575.4838588250386,0.0062250587050295385,2.0
8373,575.673029865411,0.0062250587050295385,2.0
8374,575.8439896924573,0.0062250587050295385,2.0
8375,575.95814506753,0.0062250587050295385,2.0
8376,576.080195845296,0.0062250587050295385,2.0
8377,576.1931375133412,0.0062250587050295385,2.0
8378,576.3063174943629,0.0062250587050295385,2.0
8379,576.4119527763486,0.0062250587050295385,2.0
8380,576.5218910745073,0.0062250587050295385,2.0
8381,576.624492303923,0.0062250587050295385,2.0
8382,576.727400732509,0.0062250587050295385,2.0
8383,576.8598956222763,0.0062250587050295385,2.0
8384,576.9939829407673,0.0062250587050295385,2.0
8385,577.137320620848,0.0062250587050295385,2.0
8386,577.3173980086863,0.0062250587050295385,2.0
8387,577.4314416429755,0.0062250587050295385,2.0
8388,577.5487889556069,0.0062250587050295385,2.0
8389,577.6733652652891,0.0062250587050295385,2.0
8390,577.7764291751239,0.0062250587050295385,2.0
8391,577.8838264899196,0.0062250587050295385,2.0
8392,577.9730661850034,0.0062250587050295385,2.0
8393,578.0612638669423,0.0062250587050295385,2.0
8394,578.1934454230947,0.0062250587050295385,2.0
8395,578.3414010031116,0.0062250587050295385,2.0
8396,578.4905300539923,0.0062250587050295385,2.0
8397,578.636942339113,0.0062250587050295385,2.0
8398,578.7793268310105,0.0062250587050295385,2.0
8399,578.8982789252303,0.0062250587050295385,2.0
8400,579.0050706957512,0.0062250587050295385,2.0
8401,579.0956783961718,0.0062250587050295385,2.0
8402,579.1589622312256,0.0062250587050295385,2.0
8403,579.2496604784029,0.0062250587050295385,2.0
8404,579.3353854330344,0.0062250587050295385,2.0
8405,579.41647803749,0.0062250587050295385,2.0
8406,579.5123151667462,0.0062250587050295385,2.0
8407,579.6232923490888,0.0062250587050295385,2.0
8408,579.7785643365108,0.0062250587050295385,2.0
8409,580.2979709841692,0.0062250587050295385,2.0
8410,580.7937499397348,0.0062250587050295385,2.0
8411,581.1599864287808,0.0062250587050295385,2.0
8412,581.5571240023053,0.0062250587050295385,2.0
8413,581.7951490526162,0.0062250587050295385,2.0
8414,581.9552678112309,0.0062250587050295385,2.0
8415,582.0891747045908,0.0062250587050295385,2.0
8416,582.2300772368382,0.0062250587050295385,2.0
8417,582.3569066735663,0.0062250587050295385,2.0
8418,582.487575562889,0.0062250587050295385,2.0
8419,582.5919260758207,0.0062250587050295385,2.0
8420,582.7178535897436,0.0062250587050295385,2.0
8421,582.8403997855244,0.0062250587050295385,2.0
8422,582.9161274108944,0.0062250587050295385,2.0
8423,582.963360656545,0.0062250587050295385,2.0
8424,583.0158940011413,0.0062250587050295385,2.0
8425,583.061579643017,0.0062250587050295385,2.0
8426,583.0926432263047,0.0062250587050295385,2.0
8427,583.1226559773048,0.0062250587050295385,2.0
8428,583.1414803492127,0.0062250587050295385,2.0
8429,583.1704693293226,0.0062250587050295385,2.0
8430,583.2025748859575,0.0062250587050295385,2.0
8431,583.253020102645,0.0062250587050295385,2.0
8432,583.3433540730442,0.0062250587050295385,2.0
8433,583.4511611563332,0.0062250587050295385,2.0
8434,583.8666804239231,0.0062250587050295385,2.0
8435,584.4189637901972,0.0062250587050295385,2.0
8436,584.6669959724258,0.0062250587050295385,2.0
8437,584.7677245948925,0.0062250587050295385,2.0
8438,584.8481157394269,0.0062250587050295385,2.0
8439,584.938322783883,0.0062250587050295385,2.0
8440,585.0529157839899,0.0062250587050295385,2.0
8441,585.2143014063043,0.0062250587050295385,2.0
8442,585.3902405379155,0.0062250587050295385,2.0
8443,585.5356225214879,0.0062250587050295385,2.0
8444,585.7205603134265,0.0062250587050295385,2.0
8445,585.8628550746554,0.0062250587050295385,2.0
8446,586.0226224321397,0.0062250587050295385,2.0
8447,586.153875286902,0.0062250587050295385,2.0
8448,586.2623662709034,0.0062250587050295385,2.0
8449,586.3424608001262,0.0062250587050295385,2.0
8450,586.4501373596052,0.0062250587050295385,2.0
8451,586.5163561629928,0.0062250587050295385,2.0
8452,586.5837241148187,0.0062250587050295385,2.0
8453,586.6423667423294,0.0062250587050295385,2.0
8454,586.7564424287203,0.0062250587050295385,2.0
8455,586.8571759102339,0.0062250587050295385,2.0
8456,586.9823160216641,0.0062250587050295385,2.0
8457,587.1622574552033,0.0062250587050295385,2.0
8458,587.350134805217,0.0062250587050295385,2.0
8459,587.4918630625276,0.0062250587050295385,2.0
8460,587.593273499328,0.0062250587050295385,2.0
8461,587.7037351698762,0.0062250587050295385,2.0
8462,587.791907601847,0.0062250587050295385,2.0
8463,587.8876722199693,0.0062250587050295385,2.0
8464,588.0009076567901,0.0062250587050295385,2.0
8465,588.1334464822863,0.0062250587050295385,2.0
8466,588.2493159170854,0.0062250587050295385,2.0
8467,588.4218694445543,0.0062250587050295385,2.0
8468,588.5478019688055,0.0062250587050295385,2.0
8469,588.6590883275264,0.0062250587050295385,2.0
8470,588.767057828668,0.0062250587050295385,2.0
8471,588.8343732230527,0.0062250587050295385,2.0
8472,588.9294763892772,0.0062250587050295385,2.0
8473,588.9894947757708,0.0062250587050295385,2.0
8474,589.0458919675041,0.0062250587050295385,2.0
8475,589.120292212645,0.0062250587050295385,2.0
8476,589.1905907287734,0.0062250587050295385,2.0
8477,589.2661020788735,0.0062250587050295385,2.0
8478,589.3489859055101,0.0062250587050295385,2.0
8479,589.4493715391878,0.0062250587050295385,2.0
8480,589.5340885676275,0.0062250587050295385,2.0
8481,589.6431154573528,0.0062250587050295385,2.0
8482,589.8197529608277,0.0062250587050295385,2.0
8483,589.94352518198,0.0062250587050295385,2.0
8484,590.0599090384258,0.0062250587050295385,2.0
8485,590.1978097253644,0.0062250587050295385,2.0
8486,590.3258006025583,0.0062250587050295385,2.0
8487,590.4518365560119,0.0062250587050295385,2.0
8488,590.5481853295952,0.0062250587050295385,2.0
8489,590.6464451434836,0.0062250587050295385,2.0
8490,590.71649479568,0.0062250587050295385,2.0
8491,590.8291148332768,0.0062250587050295385,2.0
8492,590.9269521586347,0.0062250587050295385,2.0
8493,591.070887952728,0.0062250587050295385,2.0
8494,591.1621658819956,0.0062250587050295385,2.0
8495,591.2141678097612,0.0062250587050295385,2.0
8496,591.2680678264288,0.0062250587050295385,2.0
8497,591.3082227956194,0.0062250587050295385,2.0
8498,591.3592535510168,0.0062250587050295385,2.0
8499,591.3980546205199,0.0062250587050295385,2.0
8500,591.4278819264757,0.0062250587050295385,2.0
8501,591.4613478781228,0.0062250587050295385,2.0
8502,591.4961323732626,0.0062250587050295385,2.0
8503,591.5668303459166,0.0062250587050295385,2.0
8504,591.7513213622335,0.0062250587050295385,2.0
8505,591.9066693242845,0.0062250587050295385,2.0
8506,592.0120565585482,0.0062250587050295385,2.0
8507,592.1686857249473,0.0062250587050295385,2.0
8508,592.323058937021,0.0062250587050295385,2.0
8509,592.7198546237579,0.0062250587050295385,2.0
8510,592.9271731183723,0.0062250587050295385,2.0
8511,593.0301834681006,0.0062250587050295385,2.0
8512,593.1435292427132,0.0062250587050295385,2.0
8513,593.2743762619579,0.0062250587050295385,2.0
8514,593.4338693521646,0.0062250587050295385,2.0
8515,593.5893441878382,0.0062250587050295385,2.0
8516,593.6999882440302,0.0062250587050295385,2.0
8517,593.8018776791483,0.0062250587050295385,2.0
8518,593.8971915970128,0.0062250587050295385,2.0
8519,593.959732504721,0.0062250587050295385,2.0
8520,594.0229476735776,0.0062250587050295385,2.0
8521,594.050687419421,0.0062250587050295385,2.0
8522,594.0781355808697,0.0062250587050295385,2.0
8523,594.1027382331289,0.0062250587050295385,2.0
8524,594.1306654105582,0.0062250587050295385,2.0
8525,594.1765467926838,0.0062250587050295385,2.0
8526,594.2000603741128,0.0062250587050295385,2.0
8527,594.3925529828115,0.0062250587050295385,2.0
8528,594.6366848833857,0.0062250587050295385,2.0
8529,594.7874524463155,0.0062250587050295385,2.0
8530,595.007171969282,0.0062250587050295385,2.0
8531,595.2724500314873,0.0062250587050295385,2.0
8532,595.4273105112434,0.0062250587050295385,2.0
8533,595.67391028889,0.0062250587050295385,2.0
8534,595.7979326880607,0.0062250587050295385,2.0
8535,595.8786710412771,0.0062250587050295385,2.0
8536,596.0324234197739,0.0062250587050295385,2.0
8537,596.1346396309035,0.0062250587050295385,2.0
8538,596.2524443544709,0.0062250587050295385,2.0
8539,596.360144810486,0.0062250587050295385,2.0
8540,596.4945915811757,0.0062250587050295385,2.0
8541,596.6029626319431,0.0062250587050295385,2.0
8542,596.6828760652664,0.0062250587050295385,2.0
8543,596.7456356410142,0.0062250587050295385,2.0
8544,596.8480544123297,0.0062250587050295385,2.0
8545,596.9401501748837,0.0062250587050295385,2.0
8546,597.0157133056093,0.0062250587050295385,2.0
8547,597.1057714820784,0.0062250587050295385,2.0
8548,597.2167957721896,0.0062250587050295385,2.0
8549,597.2925706584788,0.0062250587050295385,2.0
8550,597.3985472150368,0.0062250587050295385,2.0
8551,597.5344653512288,0.0062250587050295385,2.0
8552,597.6717722596413,0.0062250587050295385,2.0
8553,597.8513041268848,0.0062250587050295385,2.0
8554,598.0027173904317,0.0062250587050295385,2.0
8555,598.3030036985356,0.0062250587050295385,2.0
8556,598.7466099050155,0.0062250587050295385,2.0
8557,599.3667750702023,0.0062250587050295385,2.0
8558,599.6509925356935,0.0062250587050295385,2.0
8559,599.8180230617312,0.0062250587050295385,2.0
8560,599.9475676640541,0.0062250587050295385,2.0
8561,600.0620411538729,0.0062250587050295385,2.0
8562,600.2194743918019,0.0062250587050295385,2.0
8563,600.3886908033799,0.0062250587050295385,2.0
8564,600.552009614098,0.0062250587050295385,2.0
8565,600.7168511242872,0.0062250587050295385,2.0
8566,600.8759303205953,0.0062250587050295385,2.0
8567,601.0054638656547,0.0062250587050295385,2.0
8568,601.0654210304675,0.0062250587050295385,2.0
8569,601.1178581825834,0.0062250587050295385,2.0
8570,601.1589158909858,0.0062250587050295385,2.0
8571,601.1961354875023,0.0062250587050295385,2.0
8572,601.2327801559809,0.0062250587050295385,2.0
8573,601.266193505345,0.0062250587050295385,2.0
8574,601.2846511518914,0.0062250587050295385,2.0
8575,601.3428288544096,0.0062250587050295385,2.0
8576,601.4089541515538,0.0062250587050295385,2.0
8577,601.5681278450525,0.0062250587050295385,2.0
8578,602.2412371980719,0.0062250587050295385,2.0
8579,602.924160341623,0.0062250587050295385,2.0
8580,603.7069039236953,0.0062250587050295385,2.0
8581,604.6837944003453,0.0062250587050295385,2.0
8582,605.4584400130758,0.0062250587050295385,2.0
8583,605.8970656725105,0.0062250587050295385,2.0
8584,606.1994807232539,0.0062250587050295385,2.0
8585,606.3998448568465,0.0062250587050295385,2.0
8586,606.6030637059317,0.0062250587050295385,2.0
8587,606.7222874938665,0.0062250587050295385,2.0
8588,606.8928765887358,0.0062250587050295385,2.0
8589,607.0086836636195,0.0062250587050295385,2.0
8590,607.1335243266134,0.0062250587050295385,2.0
8591,607.1996698745888,0.0062250587050295385,2.0
8592,607.2418338107783,0.0062250587050295385,2.0
8593,607.2723205814249,0.0062250587050295385,2.0
8594,607.2948852414463,0.0062250587050295385,2.0
8595,607.3148157401787,0.0062250587050295385,2.0
8596,607.3325492125822,0.0062250587050295385,2.0
8597,607.3608145020595,0.0062250587050295385,2.0
8598,607.4305184587846,0.0062250587050295385,2.0
8599,607.4995733981506,0.0062250587050295385,2.0
8600,607.5533500889125,0.0062250587050295385,2.0
8601,607.6370979776116,0.0062250587050295385,2.0
8602,607.796665329076,0.0062250587050295385,2.0
8603,608.0453189102541,0.0062250587050295385,2.0
8604,608.2661424711445,0.0062250587050295385,2.0
8605,608.3954696372999,0.0062250587050295385,2.0
8606,608.5947475232205,0.0062250587050295385,2.0
8607,608.7202507493397,0.0062250587050295385,2.0
8608,608.8739007663819,0.0062250587050295385,2.0
8609,609.0782952237128,0.0062250587050295385,2.0
8610,609.2928942167453,0.0062250587050295385,2.0
8611,609.4268286734709,0.0062250587050295385,2.0
8612,609.6369050272982,0.0062250587050295385,2.0
8613,609.8229219433882,0.0062250587050295385,2.0
8614,609.8981237638953,0.0062250587050295385,2.0
8615,609.9463603778122,0.0062250587050295385,2.0
8616,609.992464580602,0.0062250587050295385,2.0
8617,610.0286560578452,0.0062250587050295385,2.0
8618,610.0526266535267,0.0062250587050295385,2.0
8619,610.0758820228447,0.0062250587050295385,2.0
8620,610.1058584868326,0.0062250587050295385,2.0
8621,610.1400189639693,0.0062250587050295385,2.0
8622,610.1902025712053,0.0062250587050295385,2.0
8623,610.2613686978342,0.0062250587050295385,2.0
8624,610.3480371677238,0.0062250587050295385,2.0
8625,610.4207653953742,0.0062250587050295385,2.0
8626,610.6272285319989,0.0062250587050295385,2.0
8627,610.7923438652444,0.0062250587050295385,2.0
8628,610.9642733810981,0.0062250587050295385,2.0
8629,611.0991940183845,0.0062250587050295385,2.0
8630,611.2373203300571,0.0062250587050295385,2.0
8631,611.3935081195403,0.0062250587050295385,2.0
8632,611.5960854189701,0.0062250587050295385,2.0
8633,611.7633001023481,0.0062250587050295385,2.0
8634,611.9288824414243,0.0062250587050295385,2.0
8635,612.1333078713753,0.0062250587050295385,2.0
8636,612.2631049359552,0.0062250587050295385,2.0
8637,612.371903500423,0.0062250587050295385,2.0
8638,612.4905924365669,0.0062250587050295385,2.0
8639,612.564728560328,0.0062250587050295385,2.0
8640,612.5924445295083,0.0062250587050295385,2.0
8641,612.6082240805586,0.0062250587050295385,2.0
8642,612.6222658908966,0.0062250587050295385,2.0
8643,612.6442895004027,0.0062250587050295385,2.0
8644,612.6743393598553,0.0062250587050295385,2.0
8645,612.694723890373,0.0062250587050295385,2.0
8646,612.730004088259,0.0062250587050295385,2.0
8647,612.7965162111594,0.0062250587050295385,2.0
8648,612.9602490663871,0.0062250587050295385,2.0
8649,613.0381459878118,0.0062250587050295385,2.0
8650,613.1319463077226,0.0062250587050295385,2.0
8651,613.1970706749457,0.0062250587050295385,2.0
8652,613.219638251643,0.0062250587050295385,2.0
8653,613.2448546680857,0.0062250587050295385,2.0
8654,613.2933975118027,0.0062250587050295385,2.0
8655,613.4075927042194,0.0062250587050295385,2.0
8656,613.5324682859393,0.0062250587050295385,2.0
8657,613.6792707352198,0.0062250587050295385,2.0
8658,613.8494957492635,0.0062250587050295385,2.0
8659,613.9588806849104,0.0062250587050295385,2.0
8660,614.1079714344839,0.0062250587050295385,2.0
8661,614.2332670228326,0.0062250587050295385,2.0
8662,614.3352557309463,0.0062250587050295385,2.0
8663,614.3980164086909,0.0062250587050295385,2.0
8664,614.4341056239252,0.0062250587050295385,2.0
8665,614.4744135882258,0.0062250587050295385,2.0
8666,614.5083396172458,0.0062250587050295385,2.0
8667,614.56750252022,0.0062250587050295385,2.0
8668,614.6352059905935,0.0062250587050295385,2.0
8669,614.6862087400414,0.0062250587050295385,2.0
8670,614.7408088034923,0.0062250587050295385,2.0
8671,614.8346510618828,0.0062250587050295385,2.0
8672,614.9348534900589,0.0062250587050295385,2.0
8673,615.0234242080721,0.0062250587050295385,2.0
8674,615.1612001640354,0.0062250587050295385,2.0
8675,615.2265844215246,0.0062250587050295385,2.0
8676,615.2751277867169,0.0062250587050295385,2.0
8677,615.6618487468924,0.0062250587050295385,2.0
8678,615.9874431721834,0.0062250587050295385,2.0
8679,616.2947961820643,0.0062250587050295385,2.0
8680,616.6788871297813,0.0062250587050295385,2.0
8681,617.0010010289577,0.0062250587050295385,2.0
8682,617.2192594388081,0.0062250587050295385,2.0
8683,617.4620481650486,0.0062250587050295385,2.0
8684,617.6144847372017,0.0062250587050295385,2.0
8685,617.7766149907771,0.0062250587050295385,2.0
8686,617.9320254810854,0.0062250587050295385,2.0
8687,618.0184318342655,0.0062250587050295385,2.0
8688,618.0839765356992,0.0062250587050295385,2.0
8689,618.133983199684,0.0062250587050295385,2.0
8690,618.1685766950679,0.0062250587050295385,2.0
8691,618.2041848720963,0.0062250587050295385,2.0
8692,618.2524708307691,0.0062250587050295385,2.0
8693,618.2980747912534,0.0062250587050295385,2.0
8694,618.3461308208107,0.0062250587050295385,2.0
8695,618.4117472399195,0.0062250587050295385,2.0
8696,618.4701938971118,0.0062250587050295385,2.0
8697,618.5789065485892,0.0062250587050295385,2.0
8698,618.6456771174677,0.0062250587050295385,2.0
8699,618.7631899785487,0.0062250587050295385,2.0
8700,618.9962361997436,0.0062250587050295385,2.0
8701,619.7159653608611,0.0062250587050295385,2.0
8702,620.216530867757,0.0062250587050295385,2.0
8703,620.5931154027217,0.0062250587050295385,2.0
8704,620.8059120465887,0.0062250587050295385,2.0
8705,620.9608310550076,0.0062250587050295385,2.0
8706,621.1111318290026,0.0062250587050295385,2.0
8707,621.2826112369722,0.0062250587050295385,2.0
8708,621.4714962628647,0.0062250587050295385,2.0
8709,621.6379488024546,0.0062250587050295385,2.0
8710,621.7667225375654,0.0062250587050295385,2.0
8711,621.8980416759573,0.0062250587050295385,2.0
8712,621.9544464127988,0.0062250587050295385,2.0
8713,622.0133750694141,0.0062250587050295385,2.0
8714,622.0662892831085,0.0062250587050295385,2.0
8715,622.1126956709539,0.0062250587050295385,2.0
8716,622.1992955656056,0.0062250587050295385,2.0
8717,622.2890963552593,0.0062250587050295385,2.0
8718,622.346763149319,0.0062250587050295385,2.0
8719,622.4095597075176,0.0062250587050295385,2.0
8720,622.529639408556,0.0062250587050295385,2.0
8721,622.6248470920029,0.0062250587050295385,2.0
8722,622.6628027578586,0.0062250587050295385,2.0
8723,622.7207981538778,0.0062250587050295385,2.0
8724,622.807069188146,0.0062250587050295385,2.0
8725,622.8914988141311,0.0062250587050295385,2.0
8726,622.9029079555728,0.0062250587050295385,2.0
8727,622.956076166208,0.0062250587050295385,2.0
8728,623.0556479736298,0.0062250587050295385,2.0
8729,623.155489867244,0.0062250587050295385,2.0
8730,623.2591921358803,0.0062250587050295385,2.0
8731,623.3794811130545,0.0062250587050295385,2.0
8732,623.4668707921049,0.0062250587050295385,2.0
8733,623.5672447975776,0.0062250587050295385,2.0
8734,623.6638436583233,0.0062250587050295385,2.0
8735,623.7234047664256,0.0062250587050295385,2.0
