,cum_cost,cum_penalty,cum_interventions
0,0.06384433200802564,0.0,0.0
1,0.09318251519556461,0.0,0.0
2,0.09090888045280872,0.0,0.0
3,0.10949212366198359,0.0,0.0
4,0.1102966630959016,0.0,0.0
5,0.11505034067501335,0.0,0.0
6,0.1128976955123642,0.0,0.0
7,0.1038580777477005,0.0,0.0
8,0.11753937884048729,0.0,0.0
9,0.12320664044394283,0.0,0.0
10,0.2506831556452429,0.0,0.0
11,0.7513780878887845,0.0,0.0
12,1.372995482887812,0.0,0.0
13,1.705007140542861,0.0,0.0
14,1.9176300599337064,0.0,0.0
15,2.438371340365945,0.0,0.0
16,2.7394960910415658,0.0,0.0
17,2.995546142391526,0.0,0.0
18,3.151670105502369,0.0,0.0
19,3.3209919856100565,0.0,0.0
20,3.4724705811662275,0.0,0.0
21,3.5986171941341762,0.0,0.0
22,3.7200422679633753,0.0,0.0
23,3.819299078725409,0.0,0.0
24,3.8171003775469536,0.0,0.0
25,3.8458045712767905,0.0,0.0
26,3.90153584139384,0.0,0.0
27,3.9336612456094953,0.0,0.0
28,3.9471279136381563,0.0,0.0
29,3.9496157918524224,0.0,0.0
30,4.028417098746484,0.0,0.0
31,4.145997440341298,0.0,0.0
32,4.225400917748718,0.0,0.0
33,4.486830129886062,0.0,0.0
34,5.235671094522801,0.0,0.0
35,5.917368294948583,0.0,0.0
36,6.702597140665669,0.0,0.0
37,7.088538534777975,0.0,0.0
38,7.403667365497334,0.0,0.0
39,7.911112614278687,0.0,0.0
40,8.158711897781073,0.0,0.0
41,8.387257692602077,0.0,0.0
42,8.587654465311445,0.0,0.0
43,8.759490787409836,0.0,0.0
44,8.893453848709083,0.0,0.0
45,9.031175104272442,0.0,0.0
46,9.149517661124063,0.0,0.0
47,9.183346630209131,0.0,0.0
48,9.224177324498244,0.0,0.0
49,9.314907882442986,0.0,0.0
50,9.347729515577834,0.0,0.0
51,9.369892520581205,0.0,0.0
52,9.45079925078334,0.0,0.0
53,9.526684490444499,0.0,0.0
54,9.630236002915673,0.0,0.0
55,9.746340989799997,0.0,0.0
56,9.90239626753534,0.0,0.0
57,10.39466917438811,0.0,0.0
58,11.047299776708583,0.0,0.0
59,11.449668771361393,0.0,0.0
60,11.696580454492215,0.0,0.0
61,11.82099858126037,0.0,0.0
62,11.875336708804113,0.0,0.0
63,11.991915101246313,0.0,0.0
64,12.050590733162476,0.0,0.0
65,12.132585668545874,0.0,0.0
66,12.215021262229548,0.0,0.0
67,12.306036616505471,0.0,0.0
68,12.40341870016622,0.0,0.0
69,12.562282585319814,0.0,0.0
70,12.673950633349007,0.0,0.0
71,12.77058759093144,0.0,0.0
72,12.90912636567138,0.0,0.0
73,13.012194393590908,0.0,0.0
74,13.080704999812486,0.0,0.0
75,13.126957407905675,0.0,0.0
76,13.25085742802959,0.0,0.0
77,13.366129605151661,0.0,0.0
78,13.451908433468857,0.0,0.0
79,13.520598797472031,0.0,0.0
80,13.69408541416117,0.0,0.0
81,13.784832781652446,0.0,0.0
82,13.866775897195959,0.0,0.0
83,13.919769158030531,0.0,0.0
84,13.976416049594297,0.0,0.0
85,14.047492472617396,0.0,0.0
86,14.067475411680743,0.0,0.0
87,14.105367677271865,0.0,0.0
88,14.195784658067426,0.0,0.0
89,14.29299089592465,0.0,0.0
90,14.448393181138822,0.0,0.0
91,15.091548486020901,0.0,0.0
92,15.70840511818334,0.0,0.0
93,16.03659745659337,0.0,0.0
94,16.26700195419497,0.0,0.0
95,16.349037965667243,0.0,0.0
96,16.40025793477192,0.0,0.0
97,16.455527583315483,0.0,0.0
98,16.489620123822984,0.0,0.0
99,16.492575474512112,0.0,0.0
100,16.515754604608574,0.0,0.0
101,16.523992084972953,0.0,0.0
102,16.541501937617465,0.0,0.0
103,16.585751515793806,0.0,0.0
104,16.655609133631664,0.0,0.0
105,16.675025377329252,0.0,0.0
106,16.8817487929898,0.0,0.0
107,17.113817409238795,0.0,0.0
108,17.186835392983628,0.0,0.0
109,17.24107792149301,0.0,0.0
110,17.31983797418021,0.0,0.0
111,17.43607852859328,0.0,0.0
112,17.607563229201354,0.0,0.0
113,17.67982055217439,0.0,0.0
114,17.767157910254298,0.0,0.0
115,17.861190684533597,0.0,0.0
116,17.937251520831165,0.0,0.0
117,18.04611293848,0.0,0.0
118,18.157766444619885,0.0,0.0
119,18.31304447719096,0.0,0.0
120,18.401808618580237,0.0,0.0
121,18.49121925862735,0.0,0.0
122,18.510517922774255,0.0,0.0
123,18.5190473984116,0.0,0.0
124,18.546231975615644,0.0,0.0
125,18.585780866682846,0.0,0.0
126,18.662283929386383,0.0,0.0
127,18.739085991036102,0.0,0.0
128,18.80812444710138,0.0,0.0
129,19.09052976059112,0.0,0.0
130,19.3125700291954,0.0,0.0
131,19.48892691794678,0.0,0.0
132,19.65731619067828,0.0,0.0
133,19.80165244749609,0.0,0.0
134,19.884416045518726,0.0,0.0
135,19.974279010647734,0.0,0.0
136,20.06525007155312,0.0,0.0
137,20.183534843619693,0.0,0.0
138,20.2922299877808,0.0,0.0
139,20.406559278869132,0.0,0.0
140,20.563092383812023,0.0,0.0
141,20.7081125100194,0.0,0.0
142,20.833724507498683,0.0,0.0
143,20.89216850926781,0.0,0.0
144,20.983829004730946,0.0,0.0
145,21.029329388136482,0.0,0.0
146,21.065956376541276,0.0,0.0
147,21.09431311726087,0.0,0.0
148,21.14087463418732,0.0,0.0
149,21.188586475344895,0.0,0.0
150,21.23895552467513,0.0,0.0
151,21.30537428020591,0.0,0.0
152,21.48000247316761,0.0,0.0
153,21.646908434478576,0.0,0.0
154,21.80837912128611,0.0,0.0
155,21.957654096672954,0.0,0.0
156,22.072313551118278,0.0,0.0
157,22.61624203687496,0.0,0.0
158,23.309697777712937,0.0,0.0
159,23.774313807712932,0.002019705990158964,1.0
160,24.252061565452742,0.002019705990158964,1.0
161,24.690071254493454,0.002019705990158964,1.0
162,24.928731927090624,0.002019705990158964,1.0
163,25.16106351822599,0.002019705990158964,1.0
164,25.336939517910327,0.002019705990158964,1.0
165,25.483565670518246,0.002019705990158964,1.0
166,25.61223795149286,0.002019705990158964,1.0
167,25.690656594893397,0.002019705990158964,1.0
168,25.7675753136633,0.002019705990158964,1.0
169,25.808717008707657,0.002019705990158964,1.0
170,25.83525882819921,0.002019705990158964,1.0
171,25.86403202006066,0.002019705990158964,1.0
172,25.877503100050003,0.002019705990158964,1.0
173,25.895384901135788,0.002019705990158964,1.0
174,25.93637401513422,0.002019705990158964,1.0
175,26.0001093871268,0.002019705990158964,1.0
176,26.083619591163867,0.002019705990158964,1.0
177,26.14202992078109,0.002019705990158964,1.0
178,26.234795664450605,0.002019705990158964,1.0
179,26.35255340265522,0.002019705990158964,1.0
180,26.53158079591853,0.002019705990158964,1.0
181,26.603463984252407,0.002019705990158964,1.0
182,26.90399241377552,0.002019705990158964,1.0
183,27.081810152484785,0.002019705990158964,1.0
184,27.275782222637478,0.002019705990158964,1.0
185,27.451882386377,0.002019705990158964,1.0
186,27.64107046395499,0.002019705990158964,1.0
187,27.766943717337153,0.002019705990158964,1.0
188,27.88126452591333,0.002019705990158964,1.0
189,27.97875846748251,0.002019705990158964,1.0
190,28.10740419114106,0.002019705990158964,1.0
191,28.184214285274305,0.002019705990158964,1.0
192,28.260602158885003,0.002019705990158964,1.0
193,28.314970854483274,0.002019705990158964,1.0
194,28.37235353010801,0.002019705990158964,1.0
195,28.412235134792237,0.002019705990158964,1.0
196,28.450755569805736,0.002019705990158964,1.0
197,28.49030347152654,0.002019705990158964,1.0
198,28.519934856487378,0.002019705990158964,1.0
199,28.6101212991753,0.002019705990158964,1.0
200,28.694185436861595,0.002019705990158964,1.0
201,28.866141221841733,0.002019705990158964,1.0
202,29.042416281986117,0.002019705990158964,1.0
203,29.195177272321324,0.002019705990158964,1.0
204,29.350239436836798,0.002019705990158964,1.0
205,29.587225723151303,0.002019705990158964,1.0
206,29.741239329861425,0.002019705990158964,1.0
207,29.95758049928643,0.002019705990158964,1.0
208,30.121309600455053,0.002019705990158964,1.0
209,30.370221405214245,0.002019705990158964,1.0
210,30.53769486881074,0.002019705990158964,1.0
211,30.673568843094422,0.002019705990158964,1.0
212,30.8013609312496,0.002019705990158964,1.0
213,30.937759345241908,0.002019705990158964,1.0
214,31.04709301700184,0.002019705990158964,1.0
215,31.12795071554878,0.002019705990158964,1.0
216,31.16511915043672,0.002019705990158964,1.0
217,31.22140301780722,0.002019705990158964,1.0
218,31.239685067805517,0.002019705990158964,1.0
219,31.255939010307717,0.002019705990158964,1.0
220,31.253780981659656,0.002019705990158964,1.0
221,31.26224000791541,0.002019705990158964,1.0
222,31.266372642976986,0.002019705990158964,1.0
223,31.330056580649337,0.002019705990158964,1.0
224,31.45061577720871,0.002019705990158964,1.0
225,31.612625940435635,0.002019705990158964,1.0
226,31.766685258780896,0.002019705990158964,1.0
227,31.862693858170427,0.002019705990158964,1.0
228,31.968136786933545,0.002019705990158964,1.0
229,32.118524316065866,0.002019705990158964,1.0
230,32.36568430763887,0.002019705990158964,1.0
231,32.55319171953916,0.002019705990158964,1.0
232,32.74572259345067,0.002019705990158964,1.0
233,32.85654850944626,0.002019705990158964,1.0
234,32.997839488647415,0.002019705990158964,1.0
235,33.16049576827979,0.002019705990158964,1.0
236,33.317366380998344,0.002019705990158964,1.0
237,33.44324250297609,0.002019705990158964,1.0
238,33.53162645468465,0.002019705990158964,1.0
239,33.60008582042822,0.002019705990158964,1.0
240,33.68581668325766,0.002019705990158964,1.0
241,33.750816574053324,0.002019705990158964,1.0
242,33.80844355010019,0.002019705990158964,1.0
243,33.82418501764272,0.002019705990158964,1.0
244,33.824229179097834,0.002019705990158964,1.0
245,33.8755033889947,0.002019705990158964,1.0
246,33.88563964526738,0.002019705990158964,1.0
247,33.937824239455686,0.002019705990158964,1.0
248,34.007965958912344,0.002019705990158964,1.0
249,34.151125776469414,0.002019705990158964,1.0
250,34.26698864032514,0.002019705990158964,1.0
251,34.377039537914854,0.002019705990158964,1.0
252,34.50794448646659,0.002019705990158964,1.0
253,34.597768010284945,0.002019705990158964,1.0
254,34.755426792116516,0.002019705990158964,1.0
255,34.83126611836653,0.002019705990158964,1.0
256,34.95214262601629,0.002019705990158964,1.0
257,35.047738451714906,0.002019705990158964,1.0
258,35.16202651847279,0.002019705990158964,1.0
259,35.3034816216495,0.002019705990158964,1.0
260,35.41354347864407,0.002019705990158964,1.0
261,35.54423957606301,0.002019705990158964,1.0
262,35.65649926416706,0.002019705990158964,1.0
263,35.75403188001494,0.002019705990158964,1.0
264,35.845453126527346,0.002019705990158964,1.0
265,35.89767986863239,0.002019705990158964,1.0
266,35.9380325750847,0.002019705990158964,1.0
267,35.98201745623029,0.002019705990158964,1.0
268,35.98092927592966,0.002019705990158964,1.0
269,35.980054133956536,0.002019705990158964,1.0
270,36.00183678099498,0.002019705990158964,1.0
271,36.04817149977859,0.002019705990158964,1.0
272,36.10843386623858,0.002019705990158964,1.0
273,36.207548463746704,0.002019705990158964,1.0
274,36.30298313095212,0.002019705990158964,1.0
275,36.54223287942478,0.002019705990158964,1.0
276,37.028630946205475,0.002019705990158964,1.0
277,37.680910302559624,0.002019705990158964,1.0
278,38.30610995855962,0.01092977806231285,2.0
279,38.886516050254556,0.01092977806231285,2.0
280,39.159326743375686,0.01092977806231285,2.0
281,39.39091675695237,0.01092977806231285,2.0
282,39.599710473643576,0.01092977806231285,2.0
283,39.7671654866455,0.01092977806231285,2.0
284,39.88971930088345,0.01092977806231285,2.0
285,40.03038068304518,0.01092977806231285,2.0
286,40.1487379678151,0.01092977806231285,2.0
287,40.22152900628476,0.01092977806231285,2.0
288,40.270002742992645,0.01092977806231285,2.0
289,40.30912974702017,0.01092977806231285,2.0
290,40.31498744108485,0.01092977806231285,2.0
291,40.326758196164896,0.01092977806231285,2.0
292,40.33004904232132,0.01092977806231285,2.0
293,40.33004438483269,0.01092977806231285,2.0
294,40.34165052482818,0.01092977806231285,2.0
295,40.398552331226135,0.01092977806231285,2.0
296,40.49964448533028,0.01092977806231285,2.0
297,40.55613688457398,0.01092977806231285,2.0
298,41.03576478100445,0.01092977806231285,2.0
299,41.51952495819473,0.01092977806231285,2.0
300,41.678090308641174,0.01092977806231285,2.0
301,41.710341752059236,0.01092977806231285,2.0
302,41.74340939794295,0.01092977806231285,2.0
303,41.80511530823443,0.01092977806231285,2.0
304,41.90335400122355,0.01092977806231285,2.0
305,41.96265555434824,0.01092977806231285,2.0
306,42.02875676681263,0.01092977806231285,2.0
307,42.073583300431295,0.01092977806231285,2.0
308,42.163238255864876,0.01092977806231285,2.0
309,42.234141280465685,0.01092977806231285,2.0
310,42.276595659654824,0.01092977806231285,2.0
311,42.29362956479926,0.01092977806231285,2.0
312,42.37333518884052,0.01092977806231285,2.0
313,42.4309735470806,0.01092977806231285,2.0
314,42.509969509570155,0.01092977806231285,2.0
315,42.53510270525932,0.01092977806231285,2.0
316,42.54911070741081,0.01092977806231285,2.0
317,42.60541854111991,0.01092977806231285,2.0
318,42.65395178569277,0.01092977806231285,2.0
319,42.741426921017535,0.01092977806231285,2.0
320,42.82449198093175,0.01092977806231285,2.0
321,42.956386944865365,0.01092977806231285,2.0
322,42.99686139604702,0.01092977806231285,2.0
323,43.15489324494832,0.01092977806231285,2.0
324,43.22364211045912,0.01092977806231285,2.0
325,43.336770283983384,0.01092977806231285,2.0
326,43.33516209156532,0.01092977806231285,2.0
327,43.80777231249676,0.01092977806231285,2.0
328,44.50934056896524,0.01092977806231285,2.0
329,45.21703623896523,0.012153962130564475,3.0
330,45.7355449588748,0.012153962130564475,3.0
331,45.980454263825806,0.012153962130564475,3.0
332,46.18916133662774,0.012153962130564475,3.0
333,46.36081087493409,0.012153962130564475,3.0
334,46.49212609554701,0.012153962130564475,3.0
335,46.572216768349534,0.012153962130564475,3.0
336,46.6213215270549,0.012153962130564475,3.0
337,46.664245323932214,0.012153962130564475,3.0
338,46.67652953223501,0.012153962130564475,3.0
339,46.71994956205046,0.012153962130564475,3.0
340,46.725271546394566,0.012153962130564475,3.0
341,46.73062924485224,0.012153962130564475,3.0
342,46.73405773201252,0.012153962130564475,3.0
343,46.774909274048,0.012153962130564475,3.0
344,46.83465053848171,0.012153962130564475,3.0
345,46.84339396156907,0.012153962130564475,3.0
346,46.88091440933564,0.012153962130564475,3.0
347,46.93072843851702,0.012153962130564475,3.0
348,46.93070172237351,0.012153962130564475,3.0
349,46.91571537720601,0.012153962130564475,3.0
350,46.909712647504165,0.012153962130564475,3.0
351,47.04129427628375,0.012153962130564475,3.0
352,47.16060286032699,0.012153962130564475,3.0
353,47.22950035677937,0.012153962130564475,3.0
354,47.343601840515625,0.012153962130564475,3.0
355,47.40258319801406,0.012153962130564475,3.0
356,47.51508292363694,0.012153962130564475,3.0
357,47.57121696990866,0.012153962130564475,3.0
358,47.62143335512085,0.012153962130564475,3.0
359,47.6693388521877,0.012153962130564475,3.0
360,47.72907704349102,0.012153962130564475,3.0
361,47.77021302962078,0.012153962130564475,3.0
362,47.8294990551221,0.012153962130564475,3.0
363,47.86538641752898,0.012153962130564475,3.0
364,47.9103527162546,0.012153962130564475,3.0
365,47.95994401555882,0.012153962130564475,3.0
366,47.96481691419251,0.012153962130564475,3.0
367,48.00620909192646,0.012153962130564475,3.0
368,48.05707284561442,0.012153962130564475,3.0
369,48.12788034747694,0.012153962130564475,3.0
370,48.235617479234854,0.012153962130564475,3.0
371,48.31975964966877,0.012153962130564475,3.0
372,48.32603680495503,0.012153962130564475,3.0
373,48.371050680831786,0.012153962130564475,3.0
374,48.450839487698474,0.012153962130564475,3.0
375,48.576711396251184,0.012153962130564475,3.0
376,48.65352173128568,0.012153962130564475,3.0
377,48.76738528259507,0.012153962130564475,3.0
378,48.87560921015661,0.012153962130564475,3.0
379,48.97472836622602,0.012153962130564475,3.0
380,49.075716687566086,0.012153962130564475,3.0
381,49.15679000438848,0.012153962130564475,3.0
382,49.24453254926884,0.012153962130564475,3.0
383,49.32148522247709,0.012153962130564475,3.0
384,49.393455011065484,0.012153962130564475,3.0
385,49.52625040020948,0.012153962130564475,3.0
386,49.59762695617364,0.012153962130564475,3.0
387,49.6419789904652,0.012153962130564475,3.0
388,49.688949692603295,0.012153962130564475,3.0
389,49.75358404008762,0.012153962130564475,3.0
390,49.80725394389694,0.012153962130564475,3.0
391,49.90993786384343,0.012153962130564475,3.0
392,50.018338546384335,0.012153962130564475,3.0
393,50.103550523150325,0.012153962130564475,3.0
394,50.18299451253951,0.012153962130564475,3.0
395,50.236524453928645,0.012153962130564475,3.0
396,50.33877642003114,0.012153962130564475,3.0
397,50.35357838257488,0.012153962130564475,3.0
398,50.3485229629901,0.012153962130564475,3.0
399,50.43704052821246,0.012153962130564475,3.0
400,50.56152650182689,0.012153962130564475,3.0
401,50.645202762752646,0.012153962130564475,3.0
402,50.73271823634403,0.012153962130564475,3.0
403,50.85088178180393,0.012153962130564475,3.0
404,50.94374239813036,0.012153962130564475,3.0
405,51.06220239548264,0.012153962130564475,3.0
406,51.13773710070693,0.012153962130564475,3.0
407,51.22762829778247,0.012153962130564475,3.0
408,51.282088438473956,0.012153962130564475,3.0
409,51.32557659239115,0.012153962130564475,3.0
410,51.33777437818017,0.012153962130564475,3.0
411,51.346193527905214,0.012153962130564475,3.0
412,51.35574507711082,0.012153962130564475,3.0
413,51.38681401805787,0.012153962130564475,3.0
414,51.39854874132017,0.012153962130564475,3.0
415,51.486973065199045,0.012153962130564475,3.0
416,51.561676108510596,0.012153962130564475,3.0
417,51.63042350596593,0.012153962130564475,3.0
418,51.74985278587795,0.012153962130564475,3.0
419,51.881296495824124,0.012153962130564475,3.0
420,52.01323732106062,0.012153962130564475,3.0
421,52.06191456513694,0.012153962130564475,3.0
422,52.114615235806085,0.012153962130564475,3.0
423,52.16843218530899,0.012153962130564475,3.0
424,52.21107575204484,0.012153962130564475,3.0
425,52.27489811905672,0.012153962130564475,3.0
426,52.352210739173834,0.012153962130564475,3.0
427,52.47198703013787,0.012153962130564475,3.0
428,52.610903171818705,0.012153962130564475,3.0
429,52.732698858097194,0.012153962130564475,3.0
430,52.81165484785915,0.012153962130564475,3.0
431,52.81158625764513,0.012153962130564475,3.0
432,52.83784424310409,0.012153962130564475,3.0
433,52.85969047622405,0.012153962130564475,3.0
434,52.9678802170839,0.012153962130564475,3.0
435,53.04856824246516,0.012153962130564475,3.0
436,53.07981100490748,0.012153962130564475,3.0
437,53.10116634049942,0.012153962130564475,3.0
438,53.120142289015064,0.012153962130564475,3.0
439,53.17576634466889,0.012153962130564475,3.0
440,53.24277581885289,0.012153962130564475,3.0
441,53.31236883057103,0.012153962130564475,3.0
442,53.31459822293683,0.012153962130564475,3.0
443,53.385034943172315,0.012153962130564475,3.0
444,53.45070612673248,0.012153962130564475,3.0
445,53.53832901132479,0.012153962130564475,3.0
446,53.692260266734095,0.012153962130564475,3.0
447,53.7835645201949,0.012153962130564475,3.0
448,54.36256234046021,0.012153962130564475,3.0
449,55.05876729046022,0.013028645516546032,4.0
450,55.940115215986204,0.013028645516546032,4.0
451,56.827100352564734,0.013028645516546032,4.0
452,57.571649329174335,0.013028645516546032,4.0
453,57.99465161093055,0.013028645516546032,4.0
454,58.213562066679856,0.013028645516546032,4.0
455,58.335492223197974,0.013028645516546032,4.0
456,58.404111694401436,0.013028645516546032,4.0
457,58.45399439966167,0.013028645516546032,4.0
458,58.49352544685628,0.013028645516546032,4.0
459,58.51753560713468,0.013028645516546032,4.0
460,58.540578267166424,0.013028645516546032,4.0
461,58.59126542704312,0.013028645516546032,4.0
462,58.61512790632393,0.013028645516546032,4.0
463,58.68322267324657,0.013028645516546032,4.0
464,58.75457700117123,0.013028645516546032,4.0
465,58.868392010738816,0.013028645516546032,4.0
466,58.98073174020029,0.013028645516546032,4.0
467,59.067440204778535,0.013028645516546032,4.0
468,59.11538116647772,0.013028645516546032,4.0
469,59.237229771874766,0.013028645516546032,4.0
470,59.35221436932984,0.013028645516546032,4.0
471,59.55539159037289,0.013028645516546032,4.0
472,59.69629840629303,0.013028645516546032,4.0
473,59.73802229736915,0.013028645516546032,4.0
474,59.793738492520085,0.013028645516546032,4.0
475,59.84540910405249,0.013028645516546032,4.0
476,59.887395273643804,0.013028645516546032,4.0
477,59.95735308305687,0.013028645516546032,4.0
478,60.00330408674066,0.013028645516546032,4.0
479,60.077145351760514,0.013028645516546032,4.0
480,60.08182354614211,0.013028645516546032,4.0
481,60.104762625513445,0.013028645516546032,4.0
482,60.16051918132716,0.013028645516546032,4.0
483,60.210103121023,0.013028645516546032,4.0
484,60.24772975089752,0.013028645516546032,4.0
485,60.275337225954296,0.013028645516546032,4.0
486,60.27730677405233,0.013028645516546032,4.0
487,60.336087169907806,0.013028645516546032,4.0
488,60.54612756233598,0.013028645516546032,4.0
489,60.67090553975848,0.013028645516546032,4.0
490,60.81015456175222,0.013028645516546032,4.0
491,60.89321425259339,0.013028645516546032,4.0
492,61.52663380944218,0.013028645516546032,4.0
493,62.176100185052775,0.013028645516546032,4.0
494,62.52380002910059,0.013028645516546032,4.0
495,62.763600370091986,0.013028645516546032,4.0
496,62.99122107533031,0.013028645516546032,4.0
497,63.261479702184474,0.013028645516546032,4.0
498,63.43467624015625,0.013028645516546032,4.0
499,63.62580350863674,0.013028645516546032,4.0
500,63.804168915935804,0.013028645516546032,4.0
501,63.99647905515763,0.013028645516546032,4.0
502,64.17693058280605,0.013028645516546032,4.0
503,64.27642161272831,0.013028645516546032,4.0
504,64.34121390693068,0.013028645516546032,4.0
505,64.40336598875122,0.013028645516546032,4.0
506,64.447223722705,0.013028645516546032,4.0
507,64.4828044963839,0.013028645516546032,4.0
508,64.49723067718082,0.013028645516546032,4.0
509,64.54003053048318,0.013028645516546032,4.0
510,64.56462844575512,0.013028645516546032,4.0
511,64.68178459473746,0.013028645516546032,4.0
512,64.78098092660996,0.013028645516546032,4.0
513,64.85363288603986,0.013028645516546032,4.0
514,64.95565508319032,0.013028645516546032,4.0
515,65.11256172240802,0.013028645516546032,4.0
516,65.20660241990231,0.013028645516546032,4.0
517,65.81082978199439,0.013028645516546032,4.0
518,66.53336609902357,0.013028645516546032,4.0
519,67.07158963463245,0.013028645516546032,4.0
520,67.32119756621931,0.013028645516546032,4.0
521,67.51865371765282,0.013028645516546032,4.0
522,67.76184602505293,0.013028645516546032,4.0
523,67.90311853637506,0.013028645516546032,4.0
524,68.05794727949221,0.013028645516546032,4.0
525,68.15750465950579,0.013028645516546032,4.0
526,68.24897416554559,0.013028645516546032,4.0
527,68.2854192642624,0.013028645516546032,4.0
528,68.39609852065576,0.013028645516546032,4.0
529,68.47204782077124,0.013028645516546032,4.0
530,68.52451346848027,0.013028645516546032,4.0
531,68.56663998838606,0.013028645516546032,4.0
532,68.62145715031124,0.013028645516546032,4.0
533,68.65879566971346,0.013028645516546032,4.0
534,68.69702853229927,0.013028645516546032,4.0
535,68.7757943062194,0.013028645516546032,4.0
536,68.94626007798817,0.013028645516546032,4.0
537,69.03750636698061,0.013028645516546032,4.0
538,69.16141382011246,0.013028645516546032,4.0
539,69.64908265001714,0.013028645516546032,4.0
540,70.1319900582413,0.013028645516546032,4.0
541,70.30782700466268,0.013028645516546032,4.0
542,70.46207466357653,0.013028645516546032,4.0
543,70.60004150540011,0.013028645516546032,4.0
544,70.73821484985332,0.013028645516546032,4.0
545,70.91348428247026,0.013028645516546032,4.0
546,71.06662633634669,0.013028645516546032,4.0
547,71.21173951625268,0.013028645516546032,4.0
548,71.35871254408424,0.013028645516546032,4.0
549,71.4809091862995,0.013028645516546032,4.0
550,71.59241917920795,0.013028645516546032,4.0
551,71.65897797632296,0.013028645516546032,4.0
552,71.72940911612923,0.013028645516546032,4.0
553,71.7790999596158,0.013028645516546032,4.0
554,71.81309297170446,0.013028645516546032,4.0
555,71.8361763333796,0.013028645516546032,4.0
556,71.88165739201878,0.013028645516546032,4.0
557,71.93376736635425,0.013028645516546032,4.0
558,72.0455298085136,0.013028645516546032,4.0
559,72.15955893023047,0.013028645516546032,4.0
560,72.24365519847112,0.013028645516546032,4.0
561,72.27547397042589,0.013028645516546032,4.0
562,72.33007862248299,0.013028645516546032,4.0
563,72.46158428406581,0.013028645516546032,4.0
564,72.51490942623515,0.013028645516546032,4.0
565,72.53369159112988,0.013028645516546032,4.0
566,72.55873264171846,0.013028645516546032,4.0
567,72.61216295684524,0.013028645516546032,4.0
568,72.7480944133725,0.013028645516546032,4.0
569,72.90141307169414,0.013028645516546032,4.0
570,73.03520139583154,0.013028645516546032,4.0
571,73.1608766489658,0.013028645516546032,4.0
572,73.2749208565309,0.013028645516546032,4.0
573,73.36560459015851,0.013028645516546032,4.0
574,73.47078560164898,0.013028645516546032,4.0
575,73.51807191078764,0.013028645516546032,4.0
576,73.55877211100733,0.013028645516546032,4.0
577,73.57752290132021,0.013028645516546032,4.0
578,73.59212898706525,0.013028645516546032,4.0
579,73.62146021406802,0.013028645516546032,4.0
580,73.6445505073006,0.013028645516546032,4.0
581,73.6787484291828,0.013028645516546032,4.0
582,73.70047654267802,0.013028645516546032,4.0
583,73.78797037475933,0.013028645516546032,4.0
584,73.84118979760093,0.013028645516546032,4.0
585,73.87734347101308,0.013028645516546032,4.0
586,73.9713698469018,0.013028645516546032,4.0
587,74.0623701776504,0.013028645516546032,4.0
588,74.40736781712772,0.013028645516546032,4.0
589,74.50371418786835,0.013028645516546032,4.0
590,74.52789367374375,0.013028645516546032,4.0
591,74.99435365262292,0.013028645516546032,4.0
592,75.09902128960542,0.013028645516546032,4.0
593,75.27169103601801,0.013028645516546032,4.0
594,75.42332602237896,0.013028645516546032,4.0
595,75.54649229826227,0.013028645516546032,4.0
596,75.6760220195968,0.013028645516546032,4.0
597,75.78799505791902,0.013028645516546032,4.0
598,75.87237660772696,0.013028645516546032,4.0
599,75.97453380474614,0.013028645516546032,4.0
600,76.05363795479484,0.013028645516546032,4.0
601,76.10844208823171,0.013028645516546032,4.0
602,76.16308392421858,0.013028645516546032,4.0
603,76.18182481316836,0.013028645516546032,4.0
604,76.22211289653663,0.013028645516546032,4.0
605,76.25846305910525,0.013028645516546032,4.0
606,76.2936662270067,0.013028645516546032,4.0
607,76.39404874471202,0.013028645516546032,4.0
608,76.54316506543539,0.013028645516546032,4.0
609,76.63979790856851,0.013028645516546032,4.0
610,77.02255205701292,0.013028645516546032,4.0
611,77.48828076517786,0.013028645516546032,4.0
612,77.77283209711351,0.013028645516546032,4.0
613,77.94999332310742,0.013028645516546032,4.0
614,78.10077502163985,0.013028645516546032,4.0
615,78.25345526908578,0.013028645516546032,4.0
616,78.45801686522616,0.013028645516546032,4.0
617,78.65902119028239,0.013028645516546032,4.0
618,78.91185128202456,0.013028645516546032,4.0
619,79.11243048792615,0.013028645516546032,4.0
620,79.2753519123882,0.013028645516546032,4.0
621,79.4587772539905,0.013028645516546032,4.0
622,79.5977599907034,0.013028645516546032,4.0
623,79.7582265091911,0.013028645516546032,4.0
624,79.85424673028582,0.013028645516546032,4.0
625,79.91386338251021,0.013028645516546032,4.0
626,79.98070480911626,0.013028645516546032,4.0
627,80.04829424508544,0.013028645516546032,4.0
628,80.11944556888832,0.013028645516546032,4.0
629,80.25086370012396,0.013028645516546032,4.0
630,80.35652359355996,0.013028645516546032,4.0
631,80.49658176242876,0.013028645516546032,4.0
632,80.69634969815137,0.013028645516546032,4.0
633,80.83897643227473,0.013028645516546032,4.0
634,80.93768690735745,0.013028645516546032,4.0
635,81.0729395321285,0.013028645516546032,4.0
636,81.56295770779799,0.013028645516546032,4.0
637,81.99694401837606,0.013028645516546032,4.0
638,82.13438043979225,0.013028645516546032,4.0
639,82.29454731675932,0.013028645516546032,4.0
640,82.41237176605601,0.013028645516546032,4.0
641,82.54907202517524,0.013028645516546032,4.0
642,82.69238317786481,0.013028645516546032,4.0
643,82.83099642725375,0.013028645516546032,4.0
644,83.00823484509215,0.013028645516546032,4.0
645,83.17061248815891,0.013028645516546032,4.0
646,83.28301673560468,0.013028645516546032,4.0
647,83.36276376983892,0.013028645516546032,4.0
648,83.41261187565398,0.013028645516546032,4.0
649,83.4668021947049,0.013028645516546032,4.0
650,83.47426524907519,0.013028645516546032,4.0
651,83.48948620111581,0.013028645516546032,4.0
652,83.50130130613775,0.013028645516546032,4.0
653,83.53558620535297,0.013028645516546032,4.0
654,83.6087683999972,0.013028645516546032,4.0
655,83.73184509357876,0.013028645516546032,4.0
656,83.899377758806,0.013028645516546032,4.0
657,83.98188531127643,0.013028645516546032,4.0
658,84.08686488597453,0.013028645516546032,4.0
659,84.21680057165231,0.013028645516546032,4.0
660,84.27328123304504,0.013028645516546032,4.0
661,84.37759201959345,0.013028645516546032,4.0
662,84.58003999850766,0.013028645516546032,4.0
663,85.12130184320063,0.013028645516546032,4.0
664,85.34134998358631,0.013028645516546032,4.0
665,85.54953916109238,0.013028645516546032,4.0
666,85.6841673469668,0.013028645516546032,4.0
667,85.84104462544316,0.013028645516546032,4.0
668,85.97012584914815,0.013028645516546032,4.0
669,86.0844077919104,0.013028645516546032,4.0
670,86.192527947344,0.013028645516546032,4.0
671,86.27193147093146,0.013028645516546032,4.0
672,86.32805652120227,0.013028645516546032,4.0
673,86.39677038590396,0.013028645516546032,4.0
674,86.43412968197076,0.013028645516546032,4.0
675,86.44099617876257,0.013028645516546032,4.0
676,86.48120288282709,0.013028645516546032,4.0
677,86.49403788093042,0.013028645516546032,4.0
678,86.51381013737654,0.013028645516546032,4.0
679,86.57816664937361,0.013028645516546032,4.0
680,86.63585281145592,0.013028645516546032,4.0
681,86.76156392440959,0.013028645516546032,4.0
682,86.79465279073385,0.013028645516546032,4.0
683,86.78936870247799,0.013028645516546032,4.0
684,86.81360620658828,0.013028645516546032,4.0
685,86.83317615440929,0.013028645516546032,4.0
686,86.87127564894578,0.013028645516546032,4.0
687,86.98723437826455,0.013028645516546032,4.0
688,87.08576560518964,0.013028645516546032,4.0
689,87.21146598205131,0.013028645516546032,4.0
690,87.28605868548344,0.013028645516546032,4.0
691,87.38383061524728,0.013028645516546032,4.0
692,87.47988693504112,0.013028645516546032,4.0
693,87.57102329368462,0.013028645516546032,4.0
694,87.64040517626842,0.013028645516546032,4.0
695,87.67680600202216,0.013028645516546032,4.0
696,87.6754290911537,0.013028645516546032,4.0
697,87.7575712091557,0.013028645516546032,4.0
698,87.81741169152819,0.013028645516546032,4.0
699,87.84641036903845,0.013028645516546032,4.0
700,87.90968831520135,0.013028645516546032,4.0
701,87.97277998629473,0.013028645516546032,4.0
702,87.99595828308146,0.013028645516546032,4.0
703,88.06049071933538,0.013028645516546032,4.0
704,88.1310088164554,0.013028645516546032,4.0
705,88.18550905976369,0.013028645516546032,4.0
706,88.49406344270832,0.013028645516546032,4.0
707,88.94613568318061,0.013028645516546032,4.0
708,89.55796847389941,0.013028645516546032,4.0
709,90.21333322926351,0.013028645516546032,4.0
710,90.88835374603173,0.013028645516546032,4.0
711,91.62254622603173,0.016379797680224316,5.0
712,92.21961274666587,0.016379797680224316,5.0
713,92.42928125029663,0.016379797680224316,5.0
714,92.64208945372172,0.016379797680224316,5.0
715,92.83881627867902,0.016379797680224316,5.0
716,92.98230679917862,0.016379797680224316,5.0
717,93.14507694039494,0.016379797680224316,5.0
718,93.27361853119842,0.016379797680224316,5.0
719,93.40510023077857,0.016379797680224316,5.0
720,93.48864354106753,0.016379797680224316,5.0
721,93.5601940949466,0.016379797680224316,5.0
722,93.60229298968216,0.016379797680224316,5.0
723,93.62510356065164,0.016379797680224316,5.0
724,93.63918313796611,0.016379797680224316,5.0
725,93.66260159489771,0.016379797680224316,5.0
726,93.71229293772754,0.016379797680224316,5.0
727,93.78736239337148,0.016379797680224316,5.0
728,93.96444146892128,0.016379797680224316,5.0
729,94.0796929484203,0.016379797680224316,5.0
730,94.12434422699582,0.016379797680224316,5.0
731,94.17233295336823,0.016379797680224316,5.0
732,94.1955064469086,0.016379797680224316,5.0
733,94.24779965488973,0.016379797680224316,5.0
734,94.37061148839352,0.016379797680224316,5.0
735,94.42198714024781,0.016379797680224316,5.0
736,94.4783062209864,0.016379797680224316,5.0
737,94.56983313134917,0.016379797680224316,5.0
738,94.68353822880667,0.016379797680224316,5.0
739,94.81361311668581,0.016379797680224316,5.0
740,94.89417732750968,0.016379797680224316,5.0
741,94.96355055858126,0.016379797680224316,5.0
742,95.02938371511928,0.016379797680224316,5.0
743,95.07756548913926,0.016379797680224316,5.0
744,95.10272299366646,0.016379797680224316,5.0
745,95.12916145353098,0.016379797680224316,5.0
746,95.15468994208133,0.016379797680224316,5.0
747,95.19619173400685,0.016379797680224316,5.0
748,95.24412654729088,0.016379797680224316,5.0
749,95.28884008150838,0.016379797680224316,5.0
750,95.32558178840404,0.016379797680224316,5.0
751,95.4200827142128,0.016379797680224316,5.0
752,95.5984732574453,0.016379797680224316,5.0
753,95.72064707322143,0.016379797680224316,5.0
754,95.82357918829176,0.016379797680224316,5.0
755,95.86596339351644,0.016379797680224316,5.0
756,95.92885146816228,0.016379797680224316,5.0
757,95.9954809896739,0.016379797680224316,5.0
758,95.99495526832764,0.016379797680224316,5.0
759,96.04952343790433,0.016379797680224316,5.0
760,96.1367045935092,0.016379797680224316,5.0
761,96.2551585373698,0.016379797680224316,5.0
762,96.36122571728409,0.016379797680224316,5.0
763,96.44552978973063,0.016379797680224316,5.0
764,96.59423275327636,0.016379797680224316,5.0
765,96.72114065695776,0.016379797680224316,5.0
766,96.84792759652488,0.016379797680224316,5.0
767,96.97143908509472,0.016379797680224316,5.0
768,97.04970088579404,0.016379797680224316,5.0
769,97.10863607092253,0.016379797680224316,5.0
770,97.14944755146536,0.016379797680224316,5.0
771,97.20890852842689,0.016379797680224316,5.0
772,97.26554525392409,0.016379797680224316,5.0
773,97.3194508625957,0.016379797680224316,5.0
774,97.35659000288078,0.016379797680224316,5.0
775,97.43689021818753,0.016379797680224316,5.0
776,97.65573373202648,0.016379797680224316,5.0
777,97.77957316971745,0.016379797680224316,5.0
778,97.9037433820761,0.016379797680224316,5.0
779,97.99456916255721,0.016379797680224316,5.0
780,98.07164397635626,0.016379797680224316,5.0
781,98.11208671652774,0.016379797680224316,5.0
782,98.12895869639442,0.016379797680224316,5.0
783,98.19921399218534,0.016379797680224316,5.0
784,98.34941355566076,0.016379797680224316,5.0
785,98.50907465604791,0.016379797680224316,5.0
786,98.60962360586139,0.016379797680224316,5.0
787,98.73586184555589,0.016379797680224316,5.0
788,98.83041483971418,0.016379797680224316,5.0
789,98.91383610985002,0.016379797680224316,5.0
790,98.9935376359833,0.016379797680224316,5.0
791,99.05751330094036,0.016379797680224316,5.0
792,99.1057634645377,0.016379797680224316,5.0
793,99.16906789336753,0.016379797680224316,5.0
794,99.18141781732047,0.016379797680224316,5.0
795,99.19916607256299,0.016379797680224316,5.0
796,99.23845140448128,0.016379797680224316,5.0
797,99.27095158638161,0.016379797680224316,5.0
798,99.32122790967937,0.016379797680224316,5.0
799,99.40492563054562,0.016379797680224316,5.0
800,99.48989112631098,0.016379797680224316,5.0
801,99.55827881216898,0.016379797680224316,5.0
802,99.62688552974969,0.016379797680224316,5.0
803,99.67669417010997,0.016379797680224316,5.0
804,99.66979404000185,0.016379797680224316,5.0
805,99.66272383710819,0.016379797680224316,5.0
806,99.65896855180868,0.016379797680224316,5.0
807,99.77476302512851,0.016379797680224316,5.0
808,99.81171498100099,0.016379797680224316,5.0
809,99.85158560969774,0.016379797680224316,5.0
810,99.90149836697407,0.016379797680224316,5.0
811,99.94854304108777,0.016379797680224316,5.0
812,100.00366257497281,0.016379797680224316,5.0
813,100.13430958704078,0.016379797680224316,5.0
814,100.23600005216194,0.016379797680224316,5.0
815,100.32922378553381,0.016379797680224316,5.0
816,100.37449419617181,0.016379797680224316,5.0
817,100.40511425489285,0.016379797680224316,5.0
818,100.45028575420513,0.016379797680224316,5.0
819,100.46549635173169,0.016379797680224316,5.0
820,100.54038743729079,0.016379797680224316,5.0
821,100.62285598159039,0.016379797680224316,5.0
822,100.67336137457751,0.016379797680224316,5.0
823,100.78700738750526,0.016379797680224316,5.0
824,100.88830739583679,0.016379797680224316,5.0
825,101.1262194271289,0.016379797680224316,5.0
826,101.14648363399067,0.016379797680224316,5.0
827,101.14513474414919,0.016379797680224316,5.0
828,101.21610942849314,0.016379797680224316,5.0
829,101.2165226082982,0.016379797680224316,5.0
830,101.22966250084723,0.016379797680224316,5.0
831,101.2981030748949,0.016379797680224316,5.0
832,101.3997938863422,0.016379797680224316,5.0
833,101.52554440700816,0.016379797680224316,5.0
834,101.6494227212634,0.016379797680224316,5.0
835,101.78077456582228,0.016379797680224316,5.0
836,101.89334158490551,0.016379797680224316,5.0
837,101.99904511806012,0.016379797680224316,5.0
838,102.08352849991385,0.016379797680224316,5.0
839,102.16026843654461,0.016379797680224316,5.0
840,102.23844113623498,0.016379797680224316,5.0
841,102.27173117401698,0.016379797680224316,5.0
842,102.29562003046819,0.016379797680224316,5.0
843,102.31958158818554,0.016379797680224316,5.0
844,102.37511728898131,0.016379797680224316,5.0
845,102.4248705331301,0.016379797680224316,5.0
846,102.48017204940486,0.016379797680224316,5.0
847,102.56476323743615,0.016379797680224316,5.0
848,102.62072208895272,0.016379797680224316,5.0
849,102.71685242707828,0.016379797680224316,5.0
850,102.81328032729927,0.016379797680224316,5.0
851,102.88963690594554,0.016379797680224316,5.0
852,102.8824328128843,0.016379797680224316,5.0
853,103.27297133320928,0.016379797680224316,5.0
854,103.85124940172369,0.016379797680224316,5.0
855,104.41195166766076,0.016379797680224316,5.0
856,104.58134438064076,0.016379797680224316,5.0
857,104.78181224074784,0.016379797680224316,5.0
858,104.96905364545673,0.016379797680224316,5.0
859,105.14332902287315,0.016379797680224316,5.0
860,105.27460956411427,0.016379797680224316,5.0
861,105.38370977122351,0.016379797680224316,5.0
862,105.46571213412975,0.016379797680224316,5.0
863,105.46787727679168,0.016379797680224316,5.0
864,105.46599895481916,0.016379797680224316,5.0
865,105.52031654568232,0.016379797680224316,5.0
866,105.57806550307922,0.016379797680224316,5.0
867,105.60203583052103,0.016379797680224316,5.0
868,105.65494806395519,0.016379797680224316,5.0
869,105.69126027554829,0.016379797680224316,5.0
870,105.71618581387246,0.016379797680224316,5.0
871,105.7943750643084,0.016379797680224316,5.0
872,105.90935332122166,0.016379797680224316,5.0
873,106.08544988333925,0.016379797680224316,5.0
874,106.19335962362746,0.016379797680224316,5.0
875,106.25119685376879,0.016379797680224316,5.0
876,106.32943994367008,0.016379797680224316,5.0
877,106.35706764642202,0.016379797680224316,5.0
878,106.41261461660933,0.016379797680224316,5.0
879,106.47776029070639,0.016379797680224316,5.0
880,106.56606228619833,0.016379797680224316,5.0
881,106.68283258141818,0.016379797680224316,5.0
882,106.7497390878745,0.016379797680224316,5.0
883,106.83185862408993,0.016379797680224316,5.0
884,106.92061177580734,0.016379797680224316,5.0
885,107.03000207373,0.016379797680224316,5.0
886,107.12857281304753,0.016379797680224316,5.0
887,107.20491780748667,0.016379797680224316,5.0
888,107.23819930647767,0.016379797680224316,5.0
889,107.24286329928523,0.016379797680224316,5.0
890,107.30578955373402,0.016379797680224316,5.0
891,107.37253766483394,0.016379797680224316,5.0
892,107.41283979957869,0.016379797680224316,5.0
893,107.43701701488506,0.016379797680224316,5.0
894,107.45381085507813,0.016379797680224316,5.0
895,107.5305094965922,0.016379797680224316,5.0
896,107.6979103009313,0.016379797680224316,5.0
897,107.82812517555772,0.016379797680224316,5.0
898,107.90337962908764,0.016379797680224316,5.0
899,107.91983760491824,0.016379797680224316,5.0
900,107.91907690084015,0.016379797680224316,5.0
901,107.93038025924376,0.016379797680224316,5.0
902,107.92396396789813,0.016379797680224316,5.0
903,107.92965694418939,0.016379797680224316,5.0
904,108.00626766838529,0.016379797680224316,5.0
905,108.17708698249037,0.016379797680224316,5.0
906,108.35742124342194,0.016379797680224316,5.0
907,108.46864450685216,0.016379797680224316,5.0
908,108.57859254913704,0.016379797680224316,5.0
909,108.68728336075306,0.016379797680224316,5.0
910,108.80402267118166,0.016379797680224316,5.0
911,108.91226268672317,0.016379797680224316,5.0
912,108.97246949420938,0.016379797680224316,5.0
913,109.01812139124392,0.016379797680224316,5.0
914,109.05151259732526,0.016379797680224316,5.0
915,109.09532198674378,0.016379797680224316,5.0
916,109.16727474120836,0.016379797680224316,5.0
917,109.22407197587368,0.016379797680224316,5.0
918,109.27217006792003,0.016379797680224316,5.0
919,109.34772554601122,0.016379797680224316,5.0
920,109.48010347507305,0.016379797680224316,5.0
921,109.67975233539238,0.016379797680224316,5.0
922,109.92123637272803,0.016379797680224316,5.0
923,110.49436528526729,0.016379797680224316,5.0
924,110.96671278783508,0.016379797680224316,5.0
925,111.14540223104724,0.016379797680224316,5.0
926,111.19995796882111,0.016379797680224316,5.0
927,111.35012564434037,0.016379797680224316,5.0
928,111.45191558918725,0.016379797680224316,5.0
929,111.63646679146818,0.016379797680224316,5.0
930,111.74864951542088,0.016379797680224316,5.0
931,111.89604375362941,0.016379797680224316,5.0
932,112.00285305089868,0.016379797680224316,5.0
933,112.10454191725053,0.016379797680224316,5.0
934,112.18397000424714,0.016379797680224316,5.0
935,112.248943710778,0.016379797680224316,5.0
936,112.30036286506044,0.016379797680224316,5.0
937,112.34585350326552,0.016379797680224316,5.0
938,112.37768450589115,0.016379797680224316,5.0
939,112.39815699342242,0.016379797680224316,5.0
940,112.4617321583946,0.016379797680224316,5.0
941,112.54078826174536,0.016379797680224316,5.0
942,112.62678649695096,0.016379797680224316,5.0
943,112.73759632420244,0.016379797680224316,5.0
944,112.84119594244403,0.016379797680224316,5.0
945,112.86426994003837,0.016379797680224316,5.0
946,113.01970539561052,0.016379797680224316,5.0
947,113.14317658366922,0.016379797680224316,5.0
948,113.28079814715433,0.016379797680224316,5.0
949,113.32257568317424,0.016379797680224316,5.0
950,113.32251751050617,0.016379797680224316,5.0
951,113.39085501368686,0.016379797680224316,5.0
952,113.5332608965252,0.016379797680224316,5.0
953,113.65912126912116,0.016379797680224316,5.0
954,113.76945171965366,0.016379797680224316,5.0
955,113.8856408290691,0.016379797680224316,5.0
956,114.01666853264268,0.016379797680224316,5.0
957,114.14153794529531,0.016379797680224316,5.0
958,114.28118921345518,0.016379797680224316,5.0
959,114.38518918602458,0.016379797680224316,5.0
960,114.42930241697296,0.016379797680224316,5.0
961,114.4696082169192,0.016379797680224316,5.0
962,114.49815477041466,0.016379797680224316,5.0
963,114.51211260061598,0.016379797680224316,5.0
964,114.5392721125375,0.016379797680224316,5.0
965,114.59030486417937,0.016379797680224316,5.0
966,114.63867665656979,0.016379797680224316,5.0
967,114.73075845868561,0.016379797680224316,5.0
968,114.801521003045,0.016379797680224316,5.0
969,114.8853994977351,0.016379797680224316,5.0
970,115.07320025081384,0.016379797680224316,5.0
971,115.12205983924248,0.016379797680224316,5.0
972,115.19520604259316,0.016379797680224316,5.0
973,115.22042913365006,0.016379797680224316,5.0
974,115.21979035787639,0.016379797680224316,5.0
975,115.24662108954637,0.016379797680224316,5.0
976,115.26412607742611,0.016379797680224316,5.0
977,115.3312355028957,0.016379797680224316,5.0
978,115.38853833942031,0.016379797680224316,5.0
979,115.46722834138637,0.016379797680224316,5.0
980,115.54946032334638,0.016379797680224316,5.0
981,115.63035244187412,0.016379797680224316,5.0
982,115.75391773810544,0.016379797680224316,5.0
983,115.81703867681293,0.016379797680224316,5.0
984,115.97506645897394,0.016379797680224316,5.0
985,116.1029067163054,0.016379797680224316,5.0
986,116.17111803376946,0.016379797680224316,5.0
987,116.20892095369318,0.016379797680224316,5.0
988,116.29517168683957,0.016379797680224316,5.0
989,116.36105962937886,0.016379797680224316,5.0
990,116.41910711509115,0.016379797680224316,5.0
991,116.53671589020097,0.016379797680224316,5.0
992,116.72023728657689,0.016379797680224316,5.0
993,116.8503377273075,0.016379797680224316,5.0
994,117.01593292648045,0.016379797680224316,5.0
995,117.25954063058835,0.016379797680224316,5.0
996,117.96983776732581,0.016379797680224316,5.0
997,118.63770798359312,0.016379797680224316,5.0
998,119.04799798102903,0.016379797680224316,5.0
999,119.34132678683073,0.016379797680224316,5.0
1000,119.52099981089269,0.016379797680224316,5.0
1001,119.6417732798534,0.016379797680224316,5.0
1002,119.81823501852303,0.016379797680224316,5.0
1003,119.9942968741234,0.016379797680224316,5.0
1004,120.12974115458272,0.016379797680224316,5.0
1005,120.31909185815348,0.016379797680224316,5.0
1006,120.44464415651487,0.016379797680224316,5.0
1007,120.5254616722231,0.016379797680224316,5.0
1008,120.56879760834002,0.016379797680224316,5.0
1009,120.61612599678153,0.016379797680224316,5.0
1010,120.6420851739069,0.016379797680224316,5.0
1011,120.66085190780669,0.016379797680224316,5.0
1012,120.70872267034935,0.016379797680224316,5.0
1013,120.75535832875576,0.016379797680224316,5.0
1014,120.83200171782988,0.016379797680224316,5.0
1015,120.95819555704662,0.016379797680224316,5.0
1016,121.12191194665844,0.016379797680224316,5.0
1017,121.28485533288955,0.016379797680224316,5.0
1018,121.43472962754018,0.016379797680224316,5.0
1019,121.5353676316962,0.016379797680224316,5.0
1020,121.57988384334772,0.016379797680224316,5.0
1021,121.67189951820532,0.016379797680224316,5.0
1022,121.71773505985362,0.016379797680224316,5.0
1023,121.74705584627034,0.016379797680224316,5.0
1024,121.79275700413011,0.016379797680224316,5.0
1025,121.88469252660057,0.016379797680224316,5.0
1026,122.01332866540349,0.016379797680224316,5.0
1027,122.09892599073439,0.016379797680224316,5.0
1028,122.20603257979559,0.016379797680224316,5.0
1029,122.27919937090415,0.016379797680224316,5.0
1030,122.36297422191463,0.016379797680224316,5.0
1031,122.40669302295565,0.016379797680224316,5.0
1032,122.45149791902702,0.016379797680224316,5.0
1033,122.47769137148934,0.016379797680224316,5.0
1034,122.49958008433737,0.016379797680224316,5.0
1035,122.50690596701347,0.016379797680224316,5.0
1036,122.54100604003571,0.016379797680224316,5.0
1037,122.55664086850311,0.016379797680224316,5.0
1038,122.5715435970147,0.016379797680224316,5.0
1039,122.6483914635748,0.016379797680224316,5.0
1040,122.73949653875567,0.016379797680224316,5.0
1041,122.92003118409394,0.016379797680224316,5.0
1042,123.06650521387932,0.016379797680224316,5.0
1043,123.22514661643444,0.016379797680224316,5.0
1044,123.339235220297,0.016379797680224316,5.0
1045,123.41517488587643,0.016379797680224316,5.0
1046,123.4951019683094,0.016379797680224316,5.0
1047,123.6090027362563,0.016379797680224316,5.0
1048,123.7383235036756,0.016379797680224316,5.0
1049,123.84773157031493,0.016379797680224316,5.0
1050,123.94634446624647,0.016379797680224316,5.0
1051,124.06778883523035,0.016379797680224316,5.0
1052,124.21563510002463,0.016379797680224316,5.0
1053,124.30088908911513,0.016379797680224316,5.0
1054,124.41156888394667,0.016379797680224316,5.0
1055,124.50152980266044,0.016379797680224316,5.0
1056,124.58177364932348,0.016379797680224316,5.0
1057,124.60811770715905,0.016379797680224316,5.0
1058,124.64787154697146,0.016379797680224316,5.0
1059,124.6908833810952,0.016379797680224316,5.0
1060,124.75966741289862,0.016379797680224316,5.0
1061,124.81694314553998,0.016379797680224316,5.0
1062,124.8505646289685,0.016379797680224316,5.0
1063,125.02408003309164,0.016379797680224316,5.0
1064,125.76900951917317,0.016379797680224316,5.0
1065,126.39486512058724,0.016379797680224316,5.0
1066,127.13500855502016,0.016379797680224316,5.0
1067,127.75432301025155,0.016379797680224316,5.0
1068,128.11453949401874,0.016379797680224316,5.0
1069,128.2430354207316,0.016379797680224316,5.0
1070,128.3371226238796,0.016379797680224316,5.0
1071,128.45633670030196,0.016379797680224316,5.0
1072,128.58399855910793,0.016379797680224316,5.0
1073,128.70844553796337,0.016379797680224316,5.0
1074,128.85317110758504,0.016379797680224316,5.0
1075,128.95834176386722,0.016379797680224316,5.0
1076,129.06168663080047,0.016379797680224316,5.0
1077,129.1748709059405,0.016379797680224316,5.0
1078,129.29098560674223,0.016379797680224316,5.0
1079,129.36303132483658,0.016379797680224316,5.0
1080,129.41987909462284,0.016379797680224316,5.0
1081,129.47700298331728,0.016379797680224316,5.0
1082,129.5193400122397,0.016379797680224316,5.0
1083,129.6188903961787,0.016379797680224316,5.0
1084,129.73417358113306,0.016379797680224316,5.0
1085,129.84758349953026,0.016379797680224316,5.0
1086,129.9209095794495,0.016379797680224316,5.0
1087,130.15969893931614,0.016379797680224316,5.0
1088,130.28474647966402,0.016379797680224316,5.0
1089,130.4168106441262,0.016379797680224316,5.0
1090,130.45833244806516,0.016379797680224316,5.0
1091,130.57967506471735,0.016379797680224316,5.0
1092,130.68058913555106,0.016379797680224316,5.0
1093,130.77892595567826,0.016379797680224316,5.0
1094,130.85109221719063,0.016379797680224316,5.0
1095,130.91591969153893,0.016379797680224316,5.0
1096,131.0064326854309,0.016379797680224316,5.0
1097,131.0375993250686,0.016379797680224316,5.0
1098,131.16562639416244,0.016379797680224316,5.0
1099,131.24700978618398,0.016379797680224316,5.0
1100,131.34400084166916,0.016379797680224316,5.0
1101,131.44661018344848,0.016379797680224316,5.0
1102,131.56692291276548,0.016379797680224316,5.0
1103,131.62763356720794,0.016379797680224316,5.0
1104,131.67729814382093,0.016379797680224316,5.0
1105,131.72051975609156,0.016379797680224316,5.0
1106,131.74619068009167,0.016379797680224316,5.0
1107,131.80826146856032,0.016379797680224316,5.0
1108,131.87857431401343,0.016379797680224316,5.0
1109,131.94983049965307,0.016379797680224316,5.0
1110,132.0065722734722,0.016379797680224316,5.0
1111,132.1022220173166,0.016379797680224316,5.0
1112,132.23126275849282,0.016379797680224316,5.0
1113,132.32654232311833,0.016379797680224316,5.0
1114,132.525928731001,0.016379797680224316,5.0
1115,132.66390610104787,0.016379797680224316,5.0
1116,132.73643294373275,0.016379797680224316,5.0
1117,132.79671408091855,0.016379797680224316,5.0
1118,132.80560762531508,0.016379797680224316,5.0
1119,132.8309038288432,0.016379797680224316,5.0
1120,132.89000360497084,0.016379797680224316,5.0
1121,133.00599367816963,0.016379797680224316,5.0
1122,133.0847949573517,0.016379797680224316,5.0
1123,133.18795586867526,0.016379797680224316,5.0
1124,133.30654636821,0.016379797680224316,5.0
1125,133.40282780690387,0.016379797680224316,5.0
1126,133.49436513048687,0.016379797680224316,5.0
1127,133.55085910376303,0.016379797680224316,5.0
1128,133.59569473259396,0.016379797680224316,5.0
1129,133.64113291529176,0.016379797680224316,5.0
1130,133.6600668588757,0.016379797680224316,5.0
1131,133.69068770778722,0.016379797680224316,5.0
1132,133.70451966356097,0.016379797680224316,5.0
1133,133.71739297713478,0.016379797680224316,5.0
1134,133.739926290169,0.016379797680224316,5.0
1135,133.81841975420932,0.016379797680224316,5.0
1136,133.91496978059718,0.016379797680224316,5.0
1137,134.01208854222983,0.016379797680224316,5.0
1138,134.1144742127472,0.016379797680224316,5.0
1139,134.25185360004045,0.016379797680224316,5.0
1140,134.79819670099621,0.016379797680224316,5.0
1141,135.57854642712027,0.016379797680224316,5.0
1142,136.2481653971203,0.016498016933461375,6.0
1143,136.8574667969005,0.016498016933461375,6.0
1144,137.14655667369232,0.016498016933461375,6.0
1145,137.30880828851042,0.016498016933461375,6.0
1146,137.4746556885761,0.016498016933461375,6.0
1147,137.58973817227033,0.016498016933461375,6.0
1148,137.7298274725372,0.016498016933461375,6.0
1149,137.92031156228788,0.016498016933461375,6.0
1150,138.05162205786337,0.016498016933461375,6.0
1151,138.13575540628415,0.016498016933461375,6.0
1152,138.19056329967447,0.016498016933461375,6.0
1153,138.23399539918736,0.016498016933461375,6.0
1154,138.25457203601152,0.016498016933461375,6.0
1155,138.2796372970059,0.016498016933461375,6.0
1156,138.29324916765444,0.016498016933461375,6.0
1157,138.29729076505845,0.016498016933461375,6.0
1158,138.32598717872523,0.016498016933461375,6.0
1159,138.41229692629048,0.016498016933461375,6.0
1160,138.5400819457373,0.016498016933461375,6.0
1161,138.72039281490447,0.016498016933461375,6.0
1162,138.78063710497744,0.016498016933461375,6.0
1163,138.80595356251393,0.016498016933461375,6.0
1164,138.79841375462422,0.016498016933461375,6.0
1165,138.79633821443147,0.016498016933461375,6.0
1166,138.81349828278522,0.016498016933461375,6.0
1167,138.87623149339527,0.016498016933461375,6.0
1168,138.8910180813963,0.016498016933461375,6.0
1169,138.92818280714042,0.016498016933461375,6.0
1170,139.03456080053283,0.016498016933461375,6.0
1171,139.10073607744872,0.016498016933461375,6.0
1172,139.17206725794338,0.016498016933461375,6.0
1173,139.2325183331903,0.016498016933461375,6.0
1174,139.28754124918413,0.016498016933461375,6.0
1175,139.3188595685044,0.016498016933461375,6.0
1176,139.3378025957177,0.016498016933461375,6.0
1177,139.36258769626448,0.016498016933461375,6.0
1178,139.3624997478269,0.016498016933461375,6.0
1179,139.38385440687702,0.016498016933461375,6.0
1180,139.444844160704,0.016498016933461375,6.0
1181,139.4896520123161,0.016498016933461375,6.0
1182,139.52147908774373,0.016498016933461375,6.0
1183,139.60883052408786,0.016498016933461375,6.0
1184,139.66182717068193,0.016498016933461375,6.0
1185,139.76535101357516,0.016498016933461375,6.0
1186,139.77109548336367,0.016498016933461375,6.0
1187,139.76784159955633,0.016498016933461375,6.0
1188,140.01382517986914,0.016498016933461375,6.0
1189,140.16708377887207,0.016498016933461375,6.0
1190,140.16306105736066,0.016498016933461375,6.0
1191,140.16246513851888,0.016498016933461375,6.0
1192,140.15925398190907,0.016498016933461375,6.0
1193,140.28424856409583,0.016498016933461375,6.0
1194,140.70782608983174,0.016498016933461375,6.0
1195,141.34095921935344,0.016498016933461375,6.0
1196,142.10049250655285,0.016498016933461375,6.0
1197,142.72699876843114,0.016498016933461375,6.0
1198,143.47613963494985,0.016498016933461375,6.0
1199,144.14608716494985,0.01698547502813347,7.0
1200,144.91358261936062,0.01698547502813347,7.0
1201,145.16168167286008,0.01698547502813347,7.0
1202,145.27144492201154,0.01698547502813347,7.0
1203,145.36886258940072,0.01698547502813347,7.0
1204,145.42671013186475,0.01698547502813347,7.0
1205,145.50077073674316,0.01698547502813347,7.0
1206,145.52713202704274,0.01698547502813347,7.0
1207,145.63105676978407,0.01698547502813347,7.0
1208,145.68906051574618,0.01698547502813347,7.0
1209,146.17859676777752,0.01698547502813347,7.0
1210,146.55435545942996,0.01698547502813347,7.0
1211,146.7463335001566,0.01698547502813347,7.0
1212,146.8733839198881,0.01698547502813347,7.0
1213,146.96971518065652,0.01698547502813347,7.0
1214,147.04385519051272,0.01698547502813347,7.0
1215,147.18683686829232,0.01698547502813347,7.0
1216,147.38448850816343,0.01698547502813347,7.0
1217,147.64565552729195,0.01698547502813347,7.0
1218,147.83625515939815,0.01698547502813347,7.0
1219,147.95720736987053,0.01698547502813347,7.0
1220,148.07733393520206,0.01698547502813347,7.0
1221,148.13309927730663,0.01698547502813347,7.0
1222,148.2160692425448,0.01698547502813347,7.0
1223,148.2607287038192,0.01698547502813347,7.0
1224,148.27449400479753,0.01698547502813347,7.0
1225,148.27841847313294,0.01698547502813347,7.0
1226,148.29482407961802,0.01698547502813347,7.0
1227,148.3243157529549,0.01698547502813347,7.0
1228,148.3688687628583,0.01698547502813347,7.0
1229,148.40972349369542,0.01698547502813347,7.0
1230,148.48369106338026,0.01698547502813347,7.0
1231,148.54688684427538,0.01698547502813347,7.0
1232,148.64602076676357,0.01698547502813347,7.0
1233,148.74756569311958,0.01698547502813347,7.0
1234,148.7778623016253,0.01698547502813347,7.0
1235,148.77445652274162,0.01698547502813347,7.0
1236,148.76150010821038,0.01698547502813347,7.0
1237,148.74460464256748,0.01698547502813347,7.0
1238,148.76044759691254,0.01698547502813347,7.0
1239,148.8841184100402,0.01698547502813347,7.0
1240,148.96397575280042,0.01698547502813347,7.0
1241,149.09999590910147,0.01698547502813347,7.0
1242,149.23477861420162,0.01698547502813347,7.0
1243,149.2955594764718,0.01698547502813347,7.0
1244,149.37349160556,0.01698547502813347,7.0
1245,149.4980100500789,0.01698547502813347,7.0
1246,149.61600807226338,0.01698547502813347,7.0
1247,149.69287922278835,0.01698547502813347,7.0
1248,149.78324343222138,0.01698547502813347,7.0
1249,149.81107203326064,0.01698547502813347,7.0
1250,149.84299933924413,0.01698547502813347,7.0
1251,149.85454740570646,0.01698547502813347,7.0
1252,149.88741005702855,0.01698547502813347,7.0
1253,149.90604997782896,0.01698547502813347,7.0
1254,149.92957794450106,0.01698547502813347,7.0
1255,150.0013804309446,0.01698547502813347,7.0
1256,150.0741504336311,0.01698547502813347,7.0
1257,150.22386434424448,0.01698547502813347,7.0
1258,150.3278853340801,0.01698547502813347,7.0
1259,150.4550816997293,0.01698547502813347,7.0
1260,150.5313158598041,0.01698547502813347,7.0
1261,150.59393622985627,0.01698547502813347,7.0
1262,150.6974761723208,0.01698547502813347,7.0
1263,150.78733509405723,0.01698547502813347,7.0
1264,150.88780101192148,0.01698547502813347,7.0
1265,151.0010767410504,0.01698547502813347,7.0
1266,151.10704670523918,0.01698547502813347,7.0
1267,151.22191517083826,0.01698547502813347,7.0
1268,151.32920337860335,0.01698547502813347,7.0
1269,151.39366130239048,0.01698547502813347,7.0
1270,151.4558007611132,0.01698547502813347,7.0
1271,151.4797154998017,0.01698547502813347,7.0
1272,151.51865109713506,0.01698547502813347,7.0
1273,151.55847705448937,0.01698547502813347,7.0
1274,151.6054863236766,0.01698547502813347,7.0
1275,151.63755642943443,0.01698547502813347,7.0
1276,151.6497542230648,0.01698547502813347,7.0
1277,151.66695303568395,0.01698547502813347,7.0
1278,151.67071235399425,0.01698547502813347,7.0
1279,151.7380337940478,0.01698547502813347,7.0
1280,151.8717103151461,0.01698547502813347,7.0
1281,151.97909017027834,0.01698547502813347,7.0
1282,152.06473660269833,0.01698547502813347,7.0
1283,152.11678989250711,0.01698547502813347,7.0
1284,152.1402503897245,0.01698547502813347,7.0
1285,152.16189943108657,0.01698547502813347,7.0
1286,152.19132645305805,0.01698547502813347,7.0
1287,152.23263438139915,0.01698547502813347,7.0
1288,152.358302408616,0.01698547502813347,7.0
1289,152.41373599328108,0.01698547502813347,7.0
1290,152.5840091883401,0.01698547502813347,7.0
1291,152.68504710300004,0.01698547502813347,7.0
1292,152.81416714125544,0.01698547502813347,7.0
1293,152.89429599319,0.01698547502813347,7.0
1294,152.94311699705437,0.01698547502813347,7.0
1295,152.99340891972463,0.01698547502813347,7.0
1296,153.01961187473714,0.01698547502813347,7.0
1297,153.0633057947495,0.01698547502813347,7.0
1298,153.11510383324097,0.01698547502813347,7.0
1299,153.16275860706878,0.01698547502813347,7.0
1300,153.17203694714166,0.01698547502813347,7.0
1301,153.1872767661899,0.01698547502813347,7.0
1302,153.2011143593127,0.01698547502813347,7.0
1303,153.24544719752896,0.01698547502813347,7.0
1304,153.34230655271958,0.01698547502813347,7.0
1305,153.33901176405297,0.01698547502813347,7.0
1306,153.3392824009194,0.01698547502813347,7.0
1307,153.3418136741084,0.01698547502813347,7.0
1308,153.34015950289623,0.01698547502813347,7.0
1309,153.3547548787826,0.01698547502813347,7.0
1310,153.34907360748497,0.01698547502813347,7.0
1311,153.42726379617307,0.01698547502813347,7.0
1312,153.46201328083126,0.01698547502813347,7.0
1313,153.4713709084438,0.01698547502813347,7.0
1314,153.53629663129823,0.01698547502813347,7.0
1315,153.61374410284458,0.01698547502813347,7.0
1316,153.72563717042848,0.01698547502813347,7.0
1317,153.78329346456246,0.01698547502813347,7.0
1318,153.82883549287695,0.01698547502813347,7.0
1319,153.8614143477735,0.01698547502813347,7.0
1320,153.91572983006034,0.01698547502813347,7.0
1321,153.9632371710354,0.01698547502813347,7.0
1322,154.01398607028125,0.01698547502813347,7.0
1323,154.03551040105214,0.01698547502813347,7.0
1324,154.09367885766184,0.01698547502813347,7.0
1325,154.15655719767855,0.01698547502813347,7.0
1326,154.19522187436775,0.01698547502813347,7.0
1327,154.74162733922117,0.01698547502813347,7.0
1328,155.36660431476082,0.01698547502813347,7.0
1329,156.0781147942466,0.01698547502813347,7.0
1330,156.807345481093,0.01698547502813347,7.0
1331,157.9099299200059,0.01698547502813347,7.0
1332,158.48297564149703,0.01698547502813347,7.0
1333,159.17944551149702,0.020013845848832926,8.0
1334,159.6754678265762,0.020013845848832926,8.0
1335,159.8788649063608,0.020013845848832926,8.0
1336,160.06120585821824,0.020013845848832926,8.0
1337,160.18892354120774,0.020013845848832926,8.0
1338,160.3076482017385,0.020013845848832926,8.0
1339,160.4161238894649,0.020013845848832926,8.0
1340,160.49981781207399,0.020013845848832926,8.0
1341,160.58503817318544,0.020013845848832926,8.0
1342,160.65066512399883,0.020013845848832926,8.0
1343,160.6902465225332,0.020013845848832926,8.0
1344,160.72091201190221,0.020013845848832926,8.0
1345,160.7470884355739,0.020013845848832926,8.0
1346,160.74047257426037,0.020013845848832926,8.0
1347,160.74179757995321,0.020013845848832926,8.0
1348,160.75426702495184,0.020013845848832926,8.0
1349,160.75391938542654,0.020013845848832926,8.0
1350,160.76391030918728,0.020013845848832926,8.0
1351,160.8405224825143,0.020013845848832926,8.0
1352,160.87922823970854,0.020013845848832926,8.0
1353,160.92685480619292,0.020013845848832926,8.0
1354,160.9251062781074,0.020013845848832926,8.0
1355,160.92113811230652,0.020013845848832926,8.0
1356,160.96889759560244,0.020013845848832926,8.0
1357,160.97579533911087,0.020013845848832926,8.0
1358,160.97467380745235,0.020013845848832926,8.0
1359,161.01814510256713,0.020013845848832926,8.0
1360,161.05678734644266,0.020013845848832926,8.0
1361,161.09800632353654,0.020013845848832926,8.0
1362,161.12421037768044,0.020013845848832926,8.0
1363,161.2192671581197,0.020013845848832926,8.0
1364,161.32915836604545,0.020013845848832926,8.0
1365,161.39109991559252,0.020013845848832926,8.0
1366,161.45438466203882,0.020013845848832926,8.0
1367,161.4745981888589,0.020013845848832926,8.0
1368,161.50763635120435,0.020013845848832926,8.0
1369,161.55853249799432,0.020013845848832926,8.0
1370,161.62178764750402,0.020013845848832926,8.0
1371,161.65982907502058,0.020013845848832926,8.0
1372,161.68753280640604,0.020013845848832926,8.0
1373,161.7459218225092,0.020013845848832926,8.0
1374,161.76333759600936,0.020013845848832926,8.0
1375,161.8038954200839,0.020013845848832926,8.0
1376,161.8648825522027,0.020013845848832926,8.0
1377,161.9349133967123,0.020013845848832926,8.0
1378,162.01553897618362,0.020013845848832926,8.0
1379,162.07528367090447,0.020013845848832926,8.0
1380,162.1250284253649,0.020013845848832926,8.0
1381,162.17056687000655,0.020013845848832926,8.0
1382,162.20997242568666,0.020013845848832926,8.0
1383,162.27710627926055,0.020013845848832926,8.0
1384,162.38265467427016,0.020013845848832926,8.0
1385,162.48508557588949,0.020013845848832926,8.0
1386,162.56507039631504,0.020013845848832926,8.0
1387,162.79901961606794,0.020013845848832926,8.0
1388,162.97063772627973,0.020013845848832926,8.0
1389,163.07605255718283,0.020013845848832926,8.0
1390,163.21205995210295,0.020013845848832926,8.0
1391,163.30446605472443,0.020013845848832926,8.0
1392,163.35059593399845,0.020013845848832926,8.0
1393,163.39402486334362,0.020013845848832926,8.0
1394,163.46725404223426,0.020013845848832926,8.0
1395,163.50900578542814,0.020013845848832926,8.0
1396,163.52661232500265,0.020013845848832926,8.0
1397,163.5381863278281,0.020013845848832926,8.0
1398,163.54816871479014,0.020013845848832926,8.0
1399,163.58746764479932,0.020013845848832926,8.0
1400,163.67601264969585,0.020013845848832926,8.0
1401,163.7503842539381,0.020013845848832926,8.0
1402,163.8064052911884,0.020013845848832926,8.0
1403,163.86644471673335,0.020013845848832926,8.0
1404,163.90422890959186,0.020013845848832926,8.0
1405,164.03802606633622,0.020013845848832926,8.0
1406,164.11776068318235,0.020013845848832926,8.0
1407,164.19691079383642,0.020013845848832926,8.0
1408,164.29286689346787,0.020013845848832926,8.0
1409,164.39118331358708,0.020013845848832926,8.0
1410,164.4948804887454,0.020013845848832926,8.0
1411,164.65577414178807,0.020013845848832926,8.0
1412,164.74175219846086,0.020013845848832926,8.0
1413,164.8001780365997,0.020013845848832926,8.0
1414,164.83241703733125,0.020013845848832926,8.0
1415,164.86547750494697,0.020013845848832926,8.0
1416,164.89002278654084,0.020013845848832926,8.0
1417,164.94668716519243,0.020013845848832926,8.0
1418,164.99315888244965,0.020013845848832926,8.0
1419,165.02229854427537,0.020013845848832926,8.0
1420,165.02786903138042,0.020013845848832926,8.0
1421,165.04033911063996,0.020013845848832926,8.0
1422,165.05341372570274,0.020013845848832926,8.0
1423,165.10749660347304,0.020013845848832926,8.0
1424,165.13315368239736,0.020013845848832926,8.0
1425,165.18461546037082,0.020013845848832926,8.0
1426,165.27389056289286,0.020013845848832926,8.0
1427,165.30590328308878,0.020013845848832926,8.0
1428,165.39233806695105,0.020013845848832926,8.0
1429,165.41333292611705,0.020013845848832926,8.0
1430,165.47533367070753,0.020013845848832926,8.0
1431,165.5248920107018,0.020013845848832926,8.0
1432,165.55879462132657,0.020013845848832926,8.0
1433,165.59611784437334,0.020013845848832926,8.0
1434,165.63727893853067,0.020013845848832926,8.0
1435,165.7273289371871,0.020013845848832926,8.0
1436,165.77282959952467,0.020013845848832926,8.0
1437,165.80487776495994,0.020013845848832926,8.0
1438,165.8161498258977,0.020013845848832926,8.0
1439,165.81358697990007,0.020013845848832926,8.0
1440,165.8349400598832,0.020013845848832926,8.0
1441,165.88701460948997,0.020013845848832926,8.0
1442,165.9573505122752,0.020013845848832926,8.0
1443,165.9878429032929,0.020013845848832926,8.0
1444,166.00308488983066,0.020013845848832926,8.0
1445,166.01673261312126,0.020013845848832926,8.0
1446,166.0400527782805,0.020013845848832926,8.0
1447,166.08177071823334,0.020013845848832926,8.0
1448,166.21702726606077,0.020013845848832926,8.0
1449,166.34666469563646,0.020013845848832926,8.0
1450,166.34896253077133,0.020013845848832926,8.0
1451,166.3462795739822,0.020013845848832926,8.0
1452,166.34032042408074,0.020013845848832926,8.0
1453,166.33511829692304,0.020013845848832926,8.0
1454,166.32434154931033,0.020013845848832926,8.0
1455,166.3125643901701,0.020013845848832926,8.0
1456,166.3112804479826,0.020013845848832926,8.0
1457,166.3282845783983,0.020013845848832926,8.0
1458,166.37347568236507,0.020013845848832926,8.0
1459,166.41847360245936,0.020013845848832926,8.0
1460,166.4625521836243,0.020013845848832926,8.0
1461,166.51393583805174,0.020013845848832926,8.0
1462,166.5552611045335,0.020013845848832926,8.0
1463,166.57266043589334,0.020013845848832926,8.0
1464,166.58064946021688,0.020013845848832926,8.0
1465,166.64561303854924,0.020013845848832926,8.0
1466,166.66507154544072,0.020013845848832926,8.0
1467,166.69807854009187,0.020013845848832926,8.0
1468,166.7387710780206,0.020013845848832926,8.0
1469,166.80010574231326,0.020013845848832926,8.0
1470,166.83739436159445,0.020013845848832926,8.0
1471,166.8898894685174,0.020013845848832926,8.0
1472,166.92164623732538,0.020013845848832926,8.0
1473,166.97794706468704,0.020013845848832926,8.0
1474,167.08160424724383,0.020013845848832926,8.0
1475,167.56078353023025,0.020013845848832926,8.0
1476,168.00599002547943,0.020013845848832926,8.0
1477,168.1300174299655,0.020013845848832926,8.0
1478,168.390586851277,0.020013845848832926,8.0
1479,168.6340126032603,0.020013845848832926,8.0
1480,168.73217911319134,0.020013845848832926,8.0
1481,168.80401787886416,0.020013845848832926,8.0
1482,168.88708150886865,0.020013845848832926,8.0
1483,168.97207176450482,0.020013845848832926,8.0
1484,169.03951874313893,0.020013845848832926,8.0
1485,169.15029953904408,0.020013845848832926,8.0
1486,169.249368922057,0.020013845848832926,8.0
1487,169.32873535322847,0.020013845848832926,8.0
1488,169.3998658421557,0.020013845848832926,8.0
1489,169.42195655745778,0.020013845848832926,8.0
1490,169.44321323646508,0.020013845848832926,8.0
1491,169.46789034699296,0.020013845848832926,8.0
1492,169.521793776792,0.020013845848832926,8.0
1493,169.57239844584274,0.020013845848832926,8.0
1494,169.6305503828389,0.020013845848832926,8.0
1495,169.7020975687827,0.020013845848832926,8.0
1496,169.7695914869623,0.020013845848832926,8.0
1497,169.88103632636526,0.020013845848832926,8.0
1498,169.90903049809464,0.020013845848832926,8.0
1499,169.9051049107673,0.020013845848832926,8.0
1500,169.94331895164478,0.020013845848832926,8.0
1501,170.01528369462716,0.020013845848832926,8.0
1502,170.01641679384755,0.020013845848832926,8.0
1503,170.03335843496936,0.020013845848832926,8.0
1504,170.03825150589705,0.020013845848832926,8.0
1505,170.1207751708224,0.020013845848832926,8.0
1506,170.17460426624942,0.020013845848832926,8.0
1507,170.26227739721568,0.020013845848832926,8.0
1508,170.38692430984446,0.020013845848832926,8.0
1509,170.4783368764645,0.020013845848832926,8.0
1510,170.57202770171736,0.020013845848832926,8.0
1511,170.57221146438377,0.020013845848832926,8.0
1512,170.59839108226984,0.020013845848832926,8.0
1513,170.64941184210957,0.020013845848832926,8.0
1514,170.70649950630582,0.020013845848832926,8.0
1515,170.74524241026063,0.020013845848832926,8.0
1516,170.81150928178317,0.020013845848832926,8.0
1517,170.90287753635673,0.020013845848832926,8.0
1518,170.92250805339472,0.020013845848832926,8.0
1519,171.00954249374755,0.020013845848832926,8.0
1520,171.09328508968179,0.020013845848832926,8.0
1521,171.23957123836084,0.020013845848832926,8.0
1522,171.35756931018267,0.020013845848832926,8.0
1523,171.46714109404223,0.020013845848832926,8.0
1524,171.55309759422363,0.020013845848832926,8.0
1525,171.67534182371313,0.020013845848832926,8.0
1526,171.81950708811348,0.020013845848832926,8.0
1527,171.9442369100233,0.020013845848832926,8.0
1528,172.14738140392853,0.020013845848832926,8.0
1529,172.23089019484524,0.020013845848832926,8.0
1530,172.40419749636106,0.020013845848832926,8.0
1531,172.54476635271445,0.020013845848832926,8.0
1532,172.69177475816448,0.020013845848832926,8.0
1533,172.8333937737164,0.020013845848832926,8.0
1534,172.9638066417084,0.020013845848832926,8.0
1535,172.9981663299387,0.020013845848832926,8.0
1536,173.10185919499364,0.020013845848832926,8.0
1537,173.1763722498633,0.020013845848832926,8.0
1538,173.22669408602982,0.020013845848832926,8.0
1539,173.27929256147198,0.020013845848832926,8.0
1540,173.3443891801835,0.020013845848832926,8.0
1541,173.39313139868386,0.020013845848832926,8.0
1542,173.460895193096,0.020013845848832926,8.0
1543,173.93330800001715,0.020013845848832926,8.0
1544,174.41244807113534,0.020013845848832926,8.0
1545,174.60930360096418,0.020013845848832926,8.0
1546,174.97829962690744,0.020013845848832926,8.0
1547,175.2637014789402,0.020013845848832926,8.0
1548,175.29866084273942,0.020013845848832926,8.0
1549,175.30460224928052,0.020013845848832926,8.0
1550,175.4385344343076,0.020013845848832926,8.0
1551,176.16176225732184,0.020013845848832926,8.0
1552,176.84721096235606,0.020013845848832926,8.0
1553,177.08040472106939,0.020013845848832926,8.0
1554,177.21034356481437,0.020013845848832926,8.0
1555,177.3752103341445,0.020013845848832926,8.0
1556,177.4954385677636,0.020013845848832926,8.0
1557,177.58978481943853,0.020013845848832926,8.0
1558,177.67651142569497,0.020013845848832926,8.0
1559,177.77398227668343,0.020013845848832926,8.0
1560,177.82658853648374,0.020013845848832926,8.0
1561,177.84893361383197,0.020013845848832926,8.0
1562,177.91620662726478,0.020013845848832926,8.0
1563,177.99193379421013,0.020013845848832926,8.0
1564,178.03755132519143,0.020013845848832926,8.0
1565,178.05253315036367,0.020013845848832926,8.0
1566,178.0999828718516,0.020013845848832926,8.0
1567,178.57085614721356,0.020013845848832926,8.0
1568,179.320556608286,0.020013845848832926,8.0
1569,179.99658863044738,0.020013845848832926,8.0
1570,180.83483266759373,0.020013845848832926,8.0
1571,181.52319246410298,0.020013845848832926,8.0
1572,181.864349447961,0.020013845848832926,8.0
1573,181.9912208980431,0.020013845848832926,8.0
1574,182.02958203262955,0.020013845848832926,8.0
1575,182.08803554072676,0.020013845848832926,8.0
1576,182.1466399838057,0.020013845848832926,8.0
1577,182.21279585025763,0.020013845848832926,8.0
1578,182.28075979644015,0.020013845848832926,8.0
1579,182.37069269182587,0.020013845848832926,8.0
1580,182.43998245206365,0.020013845848832926,8.0
1581,182.52940746601277,0.020013845848832926,8.0
1582,182.57797387510215,0.020013845848832926,8.0
1583,182.60747786561606,0.020013845848832926,8.0
1584,182.61121956636643,0.020013845848832926,8.0
1585,182.7026678200664,0.020013845848832926,8.0
1586,182.76754533100535,0.020013845848832926,8.0
1587,182.85057844389078,0.020013845848832926,8.0
1588,182.9252360054574,0.020013845848832926,8.0
1589,182.98871739195891,0.020013845848832926,8.0
1590,183.06154070735963,0.020013845848832926,8.0
1591,183.3040820168638,0.020013845848832926,8.0
1592,183.4379496724516,0.020013845848832926,8.0
1593,183.5583405754637,0.020013845848832926,8.0
1594,183.66722722176473,0.020013845848832926,8.0
1595,183.69117430586104,0.020013845848832926,8.0
1596,183.68986906747423,0.020013845848832926,8.0
1597,183.6855009977865,0.020013845848832926,8.0
1598,183.68386257925283,0.020013845848832926,8.0
1599,183.6818303552555,0.020013845848832926,8.0
1600,183.70397058456638,0.020013845848832926,8.0
1601,183.74111345933935,0.020013845848832926,8.0
1602,183.78081776491592,0.020013845848832926,8.0
1603,183.87570777888752,0.020013845848832926,8.0
1604,183.97083011604025,0.020013845848832926,8.0
1605,184.03735926223317,0.020013845848832926,8.0
1606,184.08937738444297,0.020013845848832926,8.0
1607,184.15061206485942,0.020013845848832926,8.0
1608,184.1997323034335,0.020013845848832926,8.0
1609,184.26139148765483,0.020013845848832926,8.0
1610,184.31910814622836,0.020013845848832926,8.0
1611,184.34690696512726,0.020013845848832926,8.0
1612,184.38442635833826,0.020013845848832926,8.0
1613,184.41482527818732,0.020013845848832926,8.0
1614,184.45354179755802,0.020013845848832926,8.0
1615,184.5187999084573,0.020013845848832926,8.0
1616,184.56653041357723,0.020013845848832926,8.0
1617,184.6455145749707,0.020013845848832926,8.0
1618,184.73394075548802,0.020013845848832926,8.0
1619,184.77973421554958,0.020013845848832926,8.0
1620,184.8004318552729,0.020013845848832926,8.0
1621,184.80198529364733,0.020013845848832926,8.0
1622,185.62092773630076,0.020013845848832926,8.0
1623,186.02107995904157,0.020013845848832926,8.0
1624,186.23752322289968,0.020013845848832926,8.0
1625,186.41875463391412,0.020013845848832926,8.0
1626,186.6068645082043,0.020013845848832926,8.0
1627,186.7785771560323,0.020013845848832926,8.0
1628,186.9554620393007,0.020013845848832926,8.0
1629,187.1047966161832,0.020013845848832926,8.0
1630,187.18990399235028,0.020013845848832926,8.0
1631,187.2970430711938,0.020013845848832926,8.0
1632,187.39933125917597,0.020013845848832926,8.0
1633,187.44236803822866,0.020013845848832926,8.0
1634,187.46469332485117,0.020013845848832926,8.0
1635,187.49879691467487,0.020013845848832926,8.0
1636,187.55498835185588,0.020013845848832926,8.0
1637,187.61188309043632,0.020013845848832926,8.0
1638,187.65107055182744,0.020013845848832926,8.0
1639,187.74738165071176,0.020013845848832926,8.0
1640,187.82315224099247,0.020013845848832926,8.0
1641,187.9330303852899,0.020013845848832926,8.0
1642,188.1162335046245,0.020013845848832926,8.0
1643,188.2993525713209,0.020013845848832926,8.0
1644,188.74146574610631,0.020013845848832926,8.0
1645,188.99404829985673,0.020013845848832926,8.0
1646,189.06072042825616,0.020013845848832926,8.0
1647,189.1205542119223,0.020013845848832926,8.0
1648,189.14976626095012,0.020013845848832926,8.0
1649,189.20359479539792,0.020013845848832926,8.0
1650,189.27157392785688,0.020013845848832926,8.0
1651,189.33703791202774,0.020013845848832926,8.0
1652,189.45473942686422,0.020013845848832926,8.0
1653,189.53927602638018,0.020013845848832926,8.0
1654,189.597416745671,0.020013845848832926,8.0
1655,189.6433564141706,0.020013845848832926,8.0
1656,189.71871569521375,0.020013845848832926,8.0
1657,189.78545335738505,0.020013845848832926,8.0
1658,189.82020888000446,0.020013845848832926,8.0
1659,189.86287862766414,0.020013845848832926,8.0
1660,189.87989111096408,0.020013845848832926,8.0
1661,189.90402586351274,0.020013845848832926,8.0
1662,189.9245601095589,0.020013845848832926,8.0
1663,190.0392742764891,0.020013845848832926,8.0
1664,190.176862173996,0.020013845848832926,8.0
1665,190.69443251653112,0.020013845848832926,8.0
1666,191.1918112288431,0.020013845848832926,8.0
1667,191.49025011389702,0.020013845848832926,8.0
1668,191.64740504655563,0.020013845848832926,8.0
1669,191.71118701589148,0.020013845848832926,8.0
1670,191.77575522321536,0.020013845848832926,8.0
1671,191.85053657262716,0.020013845848832926,8.0
1672,191.94920724496282,0.020013845848832926,8.0
1673,192.0357256896446,0.020013845848832926,8.0
1674,192.1155563754283,0.020013845848832926,8.0
1675,192.21740502433306,0.020013845848832926,8.0
1676,192.31092390387224,0.020013845848832926,8.0
1677,192.39828839347643,0.020013845848832926,8.0
1678,192.50112606268536,0.020013845848832926,8.0
1679,192.54233035248043,0.020013845848832926,8.0
1680,192.58500826781054,0.020013845848832926,8.0
1681,192.60011362723682,0.020013845848832926,8.0
1682,192.65355995514054,0.020013845848832926,8.0
1683,192.672423877612,0.020013845848832926,8.0
1684,192.72427138338833,0.020013845848832926,8.0
1685,192.78635151854706,0.020013845848832926,8.0
1686,192.84437580052523,0.020013845848832926,8.0
1687,192.8975968904842,0.020013845848832926,8.0
1688,192.9722307355377,0.020013845848832926,8.0
1689,193.16876542160705,0.020013845848832926,8.0
1690,193.3213181056574,0.020013845848832926,8.0
1691,193.4716568375581,0.020013845848832926,8.0
1692,193.62180501014547,0.020013845848832926,8.0
1693,193.74353506859282,0.020013845848832926,8.0
1694,193.84294154466298,0.020013845848832926,8.0
1695,193.96018721496645,0.020013845848832926,8.0
1696,194.0611219496014,0.020013845848832926,8.0
1697,194.23923208682086,0.020013845848832926,8.0
1698,194.37632179088686,0.020013845848832926,8.0
1699,194.49682690776046,0.020013845848832926,8.0
1700,194.66244469907383,0.020013845848832926,8.0
1701,194.76218669559339,0.020013845848832926,8.0
1702,194.85795432256853,0.020013845848832926,8.0
1703,194.86725623750232,0.020013845848832926,8.0
1704,194.89329826095224,0.020013845848832926,8.0
1705,194.9946859679093,0.020013845848832926,8.0
1706,195.05224570934604,0.020013845848832926,8.0
1707,195.07072118340213,0.020013845848832926,8.0
1708,195.09032183232148,0.020013845848832926,8.0
1709,195.11362955752494,0.020013845848832926,8.0
1710,195.12869911781544,0.020013845848832926,8.0
1711,195.18790762151775,0.020013845848832926,8.0
1712,195.27617705225973,0.020013845848832926,8.0
1713,195.33367047494974,0.020013845848832926,8.0
1714,195.92292316666035,0.020013845848832926,8.0
1715,196.44764120823064,0.020013845848832926,8.0
1716,196.6522236735809,0.020013845848832926,8.0
1717,196.7997447164703,0.020013845848832926,8.0
1718,196.96358839895174,0.020013845848832926,8.0
1719,197.15284356649488,0.020013845848832926,8.0
1720,197.35264509658526,0.020013845848832926,8.0
1721,197.4505120423813,0.020013845848832926,8.0
1722,197.5411142163647,0.020013845848832926,8.0
1723,197.63072937128328,0.020013845848832926,8.0
1724,197.79590976926565,0.020013845848832926,8.0
1725,197.9463440320374,0.020013845848832926,8.0
1726,198.0271714791575,0.020013845848832926,8.0
1727,198.042728354476,0.020013845848832926,8.0
1728,198.11102253748163,0.020013845848832926,8.0
1729,198.1576342298115,0.020013845848832926,8.0
1730,198.2219725698065,0.020013845848832926,8.0
1731,198.24404261208284,0.020013845848832926,8.0
1732,198.2508241200061,0.020013845848832926,8.0
1733,198.29609730671237,0.020013845848832926,8.0
1734,198.36185415559675,0.020013845848832926,8.0
1735,198.43435363326097,0.020013845848832926,8.0
1736,198.47683581226272,0.020013845848832926,8.0
1737,198.65102577624404,0.020013845848832926,8.0
1738,198.6927725348666,0.020013845848832926,8.0
1739,198.7142497915667,0.020013845848832926,8.0
1740,198.70478047243995,0.020013845848832926,8.0
1741,198.70016180007005,0.020013845848832926,8.0
1742,198.6944625699202,0.020013845848832926,8.0
1743,198.71687103849942,0.020013845848832926,8.0
1744,198.73712297981416,0.020013845848832926,8.0
1745,198.81344632825878,0.020013845848832926,8.0
1746,198.89483342498576,0.020013845848832926,8.0
1747,198.99639766715595,0.020013845848832926,8.0
1748,199.092249975167,0.020013845848832926,8.0
1749,199.16578786949842,0.020013845848832926,8.0
1750,199.19689444857008,0.020013845848832926,8.0
1751,199.2604627998148,0.020013845848832926,8.0
1752,199.29658491185862,0.020013845848832926,8.0
1753,199.37661415155736,0.020013845848832926,8.0
1754,199.44364411919975,0.020013845848832926,8.0
1755,199.48809194686993,0.020013845848832926,8.0
1756,199.53739453840123,0.020013845848832926,8.0
1757,199.5902697724745,0.020013845848832926,8.0
1758,199.61351142082069,0.020013845848832926,8.0
1759,199.6889466427344,0.020013845848832926,8.0
1760,199.74083987890532,0.020013845848832926,8.0
1761,199.80175660633552,0.020013845848832926,8.0
1762,199.79560211821288,0.020013845848832926,8.0
1763,199.814673518846,0.020013845848832926,8.0
1764,199.81393379439848,0.020013845848832926,8.0
1765,199.8084763024399,0.020013845848832926,8.0
1766,199.8060841956643,0.020013845848832926,8.0
1767,199.79671939152448,0.020013845848832926,8.0
1768,199.9121849067273,0.020013845848832926,8.0
1769,200.2727392886821,0.020013845848832926,8.0
1770,200.43651902435278,0.020013845848832926,8.0
1771,200.56921039897406,0.020013845848832926,8.0
1772,200.67474570251437,0.020013845848832926,8.0
1773,200.78230963628843,0.020013845848832926,8.0
1774,200.89017673634712,0.020013845848832926,8.0
1775,200.98050184530086,0.020013845848832926,8.0
1776,201.0322563678761,0.020013845848832926,8.0
1777,201.08600690810886,0.020013845848832926,8.0
1778,201.11210655661395,0.020013845848832926,8.0
1779,201.17235623791967,0.020013845848832926,8.0
1780,201.24017100995687,0.020013845848832926,8.0
1781,201.31378348132736,0.020013845848832926,8.0
1782,201.35451807730158,0.020013845848832926,8.0
1783,201.74183132567788,0.020013845848832926,8.0
1784,202.4281835482534,0.020013845848832926,8.0
1785,203.20155334990466,0.020013845848832926,8.0
1786,204.01949469922405,0.020013845848832926,8.0
1787,204.68633148838518,0.020013845848832926,8.0
1788,204.8988854105661,0.020013845848832926,8.0
1789,204.90222711995392,0.020013845848832926,8.0
1790,204.92208325264752,0.020013845848832926,8.0
1791,204.9434432145699,0.020013845848832926,8.0
1792,204.96745132279463,0.020013845848832926,8.0
1793,205.06603759254997,0.020013845848832926,8.0
1794,205.18699317218324,0.020013845848832926,8.0
1795,205.24148218666525,0.020013845848832926,8.0
1796,205.32534937417313,0.020013845848832926,8.0
1797,205.40417982341003,0.020013845848832926,8.0
1798,205.49786326643465,0.020013845848832926,8.0
1799,205.55237991033277,0.020013845848832926,8.0
1800,205.58952688053472,0.020013845848832926,8.0
1801,205.63210313214373,0.020013845848832926,8.0
1802,205.68248569788054,0.020013845848832926,8.0
1803,205.74292921167654,0.020013845848832926,8.0
1804,205.81962902397635,0.020013845848832926,8.0
1805,205.8856968201764,0.020013845848832926,8.0
1806,205.9585116536897,0.020013845848832926,8.0
1807,206.0200724120147,0.020013845848832926,8.0
1808,206.310938984371,0.020013845848832926,8.0
1809,206.89557824042637,0.020013845848832926,8.0
1810,207.665664536846,0.020013845848832926,8.0
1811,208.00427201431899,0.020013845848832926,8.0
1812,208.17265514711772,0.020013845848832926,8.0
1813,208.1887931630124,0.020013845848832926,8.0
1814,208.18590047393587,0.020013845848832926,8.0
1815,208.1876313853015,0.020013845848832926,8.0
1816,208.1994720045687,0.020013845848832926,8.0
1817,208.19714821038033,0.020013845848832926,8.0
1818,208.2222506883387,0.020013845848832926,8.0
1819,208.259496051679,0.020013845848832926,8.0
1820,208.31880990871113,0.020013845848832926,8.0
1821,208.3822878199342,0.020013845848832926,8.0
1822,208.42795346182794,0.020013845848832926,8.0
1823,208.43096177457866,0.020013845848832926,8.0
1824,208.44516133447334,0.020013845848832926,8.0
1825,208.5292842120247,0.020013845848832926,8.0
1826,208.55920539778282,0.020013845848832926,8.0
1827,208.62746478689638,0.020013845848832926,8.0
1828,208.68847705147235,0.020013845848832926,8.0
1829,208.75425663722876,0.020013845848832926,8.0
1830,208.83251393362116,0.020013845848832926,8.0
1831,208.892039231047,0.020013845848832926,8.0
1832,208.97278019104374,0.020013845848832926,8.0
1833,209.0653499296117,0.020013845848832926,8.0
1834,209.08623852807705,0.020013845848832926,8.0
1835,209.66821776431001,0.020013845848832926,8.0
1836,209.8166440782545,0.020013845848832926,8.0
1837,210.20976474763884,0.020013845848832926,8.0
1838,210.25853121409978,0.020013845848832926,8.0
1839,210.29576658374523,0.020013845848832926,8.0
1840,210.32622315967217,0.020013845848832926,8.0
1841,210.3451898174295,0.020013845848832926,8.0
1842,210.38520105592417,0.020013845848832926,8.0
1843,210.43263545810785,0.020013845848832926,8.0
1844,210.4997791370224,0.020013845848832926,8.0
1845,210.52215455241614,0.020013845848832926,8.0
1846,210.55430401750877,0.020013845848832926,8.0
1847,210.58239800553213,0.020013845848832926,8.0
1848,210.64503125262763,0.020013845848832926,8.0
1849,210.6764131418664,0.020013845848832926,8.0
1850,210.70326071198525,0.020013845848832926,8.0
1851,210.71200141018852,0.020013845848832926,8.0
1852,210.731208402299,0.020013845848832926,8.0
1853,210.74922829090693,0.020013845848832926,8.0
1854,210.79204739220464,0.020013845848832926,8.0
1855,210.8421432929035,0.020013845848832926,8.0
1856,210.8671821415457,0.020013845848832926,8.0
1857,211.0076576477776,0.020013845848832926,8.0
1858,211.01261279881277,0.020013845848832926,8.0
1859,211.00304880226716,0.020013845848832926,8.0
1860,211.00281198193986,0.020013845848832926,8.0
1861,211.4692198969641,0.020013845848832926,8.0
1862,212.2830051639583,0.020013845848832926,8.0
1863,212.97642739767517,0.020013845848832926,8.0
1864,213.12473408010396,0.020013845848832926,8.0
1865,213.21316000569132,0.020013845848832926,8.0
1866,213.29487508772283,0.020013845848832926,8.0
1867,213.40308887496082,0.020013845848832926,8.0
1868,213.51546866820323,0.020013845848832926,8.0
1869,213.5679331062824,0.020013845848832926,8.0
1870,213.62875813614798,0.020013845848832926,8.0
1871,213.70276838897723,0.020013845848832926,8.0
1872,213.7021615336986,0.020013845848832926,8.0
1873,213.7112798207456,0.020013845848832926,8.0
1874,213.74316550187874,0.020013845848832926,8.0
1875,213.77637436297766,0.020013845848832926,8.0
1876,213.85583918476723,0.020013845848832926,8.0
1877,213.91904924657362,0.020013845848832926,8.0
1878,213.9637651491921,0.020013845848832926,8.0
1879,213.98401562824128,0.020013845848832926,8.0
1880,213.98470335970077,0.020013845848832926,8.0
1881,213.9757505858463,0.020013845848832926,8.0
1882,214.08816182611756,0.020013845848832926,8.0
1883,214.42670307586152,0.020013845848832926,8.0
1884,215.0852049442183,0.020013845848832926,8.0
1885,215.39568020243118,0.020013845848832926,8.0
1886,215.44701488150685,0.020013845848832926,8.0
1887,215.4463968985155,0.020013845848832926,8.0
1888,215.4411985441533,0.020013845848832926,8.0
1889,215.43511092668305,0.020013845848832926,8.0
1890,215.46028553082417,0.020013845848832926,8.0
1891,215.51985327909486,0.020013845848832926,8.0
1892,215.5556921677266,0.020013845848832926,8.0
1893,215.58843898840874,0.020013845848832926,8.0
1894,215.5949486655712,0.020013845848832926,8.0
1895,215.60805020606088,0.020013845848832926,8.0
1896,215.63086526347587,0.020013845848832926,8.0
1897,215.68190267224068,0.020013845848832926,8.0
1898,215.71030711251694,0.020013845848832926,8.0
1899,215.72600619439632,0.020013845848832926,8.0
1900,215.77450540426975,0.020013845848832926,8.0
1901,215.8278767963945,0.020013845848832926,8.0
1902,215.91598051393146,0.020013845848832926,8.0
1903,215.99984515362235,0.020013845848832926,8.0
1904,216.06676869826086,0.020013845848832926,8.0
1905,216.08946713661646,0.020013845848832926,8.0
1906,216.10063282088612,0.020013845848832926,8.0
1907,216.098307107575,0.020013845848832926,8.0
1908,216.0910029328374,0.020013845848832926,8.0
1909,216.07825579332047,0.020013845848832926,8.0
1910,216.06078522075404,0.020013845848832926,8.0
1911,216.04141549664791,0.020013845848832926,8.0
1912,216.03106902580078,0.020013845848832926,8.0
1913,216.02937125573447,0.020013845848832926,8.0
1914,216.05608276612793,0.020013845848832926,8.0
1915,216.09229884490085,0.020013845848832926,8.0
1916,216.12396948265447,0.020013845848832926,8.0
1917,216.1605319267653,0.020013845848832926,8.0
1918,216.15765213146562,0.020013845848832926,8.0
1919,216.15185875437865,0.020013845848832926,8.0
1920,216.14988567279894,0.020013845848832926,8.0
1921,216.21818061085847,0.020013845848832926,8.0
1922,216.25575202840062,0.020013845848832926,8.0
1923,216.33880491852645,0.020013845848832926,8.0
1924,216.37987791429083,0.020013845848832926,8.0
1925,216.38582366598772,0.020013845848832926,8.0
1926,216.44839741227307,0.020013845848832926,8.0
1927,216.47930404395723,0.020013845848832926,8.0
1928,216.4870266903081,0.020013845848832926,8.0
1929,216.4781789292911,0.020013845848832926,8.0
1930,216.4635081162434,0.020013845848832926,8.0
1931,216.4497982836873,0.020013845848832926,8.0
1932,216.4301232604778,0.020013845848832926,8.0
1933,216.4069923149541,0.020013845848832926,8.0
1934,216.37778532669822,0.020013845848832926,8.0
1935,216.35938851877202,0.020013845848832926,8.0
1936,216.34655175974524,0.020013845848832926,8.0
1937,216.3396059956276,0.020013845848832926,8.0
1938,216.3591017443862,0.020013845848832926,8.0
1939,216.40110453101934,0.020013845848832926,8.0
1940,216.42627677681915,0.020013845848832926,8.0
1941,216.47602341726866,0.020013845848832926,8.0
1942,216.4686695715507,0.020013845848832926,8.0
1943,216.44985482598088,0.020013845848832926,8.0
1944,216.44416939466586,0.020013845848832926,8.0
1945,216.4882420177158,0.020013845848832926,8.0
1946,216.51526129796866,0.020013845848832926,8.0
1947,216.54677716192757,0.020013845848832926,8.0
1948,216.62399270349104,0.020013845848832926,8.0
1949,216.65427284565618,0.020013845848832926,8.0
1950,216.68199049004022,0.020013845848832926,8.0
1951,216.69182859196187,0.020013845848832926,8.0
1952,216.7065373174475,0.020013845848832926,8.0
1953,216.7028657723722,0.020013845848832926,8.0
1954,216.68372332003264,0.020013845848832926,8.0
1955,216.65377910698163,0.020013845848832926,8.0
1956,216.62552981073713,0.020013845848832926,8.0
1957,216.5973033244125,0.020013845848832926,8.0
1958,216.78820690454677,0.020013845848832926,8.0
1959,217.13393273595946,0.020013845848832926,8.0
1960,217.13221773439753,0.020013845848832926,8.0
1961,217.1333445209476,0.020013845848832926,8.0
1962,217.16143371935777,0.020013845848832926,8.0
1963,217.1965439411268,0.020013845848832926,8.0
1964,217.212680113318,0.020013845848832926,8.0
1965,217.20856499429485,0.020013845848832926,8.0
1966,217.20227376894186,0.020013845848832926,8.0
1967,217.20535833138862,0.020013845848832926,8.0
1968,217.20347069408416,0.020013845848832926,8.0
1969,217.2612560954928,0.020013845848832926,8.0
1970,217.28579595263565,0.020013845848832926,8.0
1971,217.32014588525246,0.020013845848832926,8.0
1972,217.39648037911078,0.020013845848832926,8.0
1973,217.4343601373014,0.020013845848832926,8.0
1974,217.51724863048483,0.020013845848832926,8.0
1975,217.53606121521827,0.020013845848832926,8.0
1976,217.53339862022352,0.020013845848832926,8.0
1977,217.52084668469985,0.020013845848832926,8.0
1978,217.50137914066755,0.020013845848832926,8.0
1979,217.4907751998906,0.020013845848832926,8.0
1980,217.69772949010292,0.020013845848832926,8.0
1981,217.69396576508532,0.020013845848832926,8.0
1982,217.6798266995737,0.020013845848832926,8.0
1983,217.97105999333874,0.020013845848832926,8.0
1984,217.96649931319666,0.020013845848832926,8.0
1985,217.99033172454023,0.020013845848832926,8.0
1986,218.0261179838468,0.020013845848832926,8.0
1987,218.06080899700183,0.020013845848832926,8.0
1988,218.08142875668125,0.020013845848832926,8.0
1989,218.12133852589193,0.020013845848832926,8.0
1990,218.11065632577257,0.020013845848832926,8.0
1991,218.09134315375684,0.020013845848832926,8.0
1992,218.08606129624067,0.020013845848832926,8.0
1993,218.12909282730246,0.020013845848832926,8.0
1994,218.15759103582462,0.020013845848832926,8.0
1995,218.18717744959676,0.020013845848832926,8.0
1996,218.23275453130148,0.020013845848832926,8.0
1997,218.26451317007042,0.020013845848832926,8.0
1998,218.3148011824355,0.020013845848832926,8.0
1999,218.36306971750233,0.020013845848832926,8.0
2000,218.37459153999464,0.020013845848832926,8.0
2001,218.40692267942075,0.020013845848832926,8.0
2002,218.39502415034997,0.020013845848832926,8.0
2003,218.36685894627368,0.020013845848832926,8.0
2004,218.35309449742306,0.020013845848832926,8.0
2005,218.32322305163223,0.020013845848832926,8.0
2006,218.3012121406287,0.020013845848832926,8.0
2007,218.28263588724894,0.020013845848832926,8.0
2008,218.27692402013687,0.020013845848832926,8.0
2009,218.2920305586544,0.020013845848832926,8.0
2010,218.31154076529705,0.020013845848832926,8.0
2011,218.3554606624071,0.020013845848832926,8.0
2012,218.41013308139617,0.020013845848832926,8.0
2013,218.4086018633638,0.020013845848832926,8.0
2014,218.4017047011648,0.020013845848832926,8.0
2015,218.37983342885147,0.020013845848832926,8.0
2016,218.36605576791484,0.020013845848832926,8.0
2017,218.36218537712006,0.020013845848832926,8.0
2018,218.37675680104846,0.020013845848832926,8.0
2019,218.40144012443184,0.020013845848832926,8.0
2020,218.45924055601796,0.020013845848832926,8.0
2021,218.5336786511408,0.020013845848832926,8.0
2022,218.60083184699067,0.020013845848832926,8.0
2023,218.61462138732256,0.020013845848832926,8.0
2024,218.60603624280216,0.020013845848832926,8.0
2025,218.6812647467453,0.020013845848832926,8.0
2026,219.54518096730274,0.020013845848832926,8.0
2027,220.00993375181983,0.020013845848832926,8.0
2028,220.17933154687793,0.020013845848832926,8.0
2029,220.17126388422287,0.020013845848832926,8.0
2030,220.15620857469534,0.020013845848832926,8.0
2031,220.14635692248962,0.020013845848832926,8.0
2032,220.1432631071613,0.020013845848832926,8.0
2033,220.14118009471878,0.020013845848832926,8.0
2034,220.17668990844285,0.020013845848832926,8.0
2035,220.20548370178005,0.020013845848832926,8.0
2036,220.24532512915926,0.020013845848832926,8.0
2037,220.277135232062,0.020013845848832926,8.0
2038,220.2881951061733,0.020013845848832926,8.0
2039,220.31227815489217,0.020013845848832926,8.0
2040,220.3105144035178,0.020013845848832926,8.0
2041,220.30679697342848,0.020013845848832926,8.0
2042,220.32782146404128,0.020013845848832926,8.0
2043,220.36390406689435,0.020013845848832926,8.0
2044,220.42561367391644,0.020013845848832926,8.0
2045,220.5086041705216,0.020013845848832926,8.0
2046,220.57168312024262,0.020013845848832926,8.0
2047,220.65817791370694,0.020013845848832926,8.0
2048,220.7124279263958,0.020013845848832926,8.0
2049,220.72129738515392,0.020013845848832926,8.0
2050,220.7522147360656,0.020013845848832926,8.0
2051,220.74247038850777,0.020013845848832926,8.0
2052,220.72604405574688,0.020013845848832926,8.0
2053,220.7023675989092,0.020013845848832926,8.0
2054,220.67530292677367,0.020013845848832926,8.0
2055,220.6536860610819,0.020013845848832926,8.0
2056,220.63825247943407,0.020013845848832926,8.0
2057,220.6359635363177,0.020013845848832926,8.0
2058,220.63435538105165,0.020013845848832926,8.0
2059,220.65716728487251,0.020013845848832926,8.0
2060,220.6873435076991,0.020013845848832926,8.0
2061,220.7291594433844,0.020013845848832926,8.0
2062,220.74316865924368,0.020013845848832926,8.0
2063,220.7568862757056,0.020013845848832926,8.0
2064,220.74243661178173,0.020013845848832926,8.0
2065,220.73963464198093,0.020013845848832926,8.0
2066,220.830420255301,0.020013845848832926,8.0
2067,220.86797089563268,0.020013845848832926,8.0
2068,220.90986952459232,0.020013845848832926,8.0
2069,220.97190563363702,0.020013845848832926,8.0
2070,221.21092595082897,0.020013845848832926,8.0
2071,221.42946269205237,0.020013845848832926,8.0
2072,221.5020110985561,0.020013845848832926,8.0
2073,221.54602251437757,0.020013845848832926,8.0
2074,221.60278516684733,0.020013845848832926,8.0
2075,221.60175808683528,0.020013845848832926,8.0
2076,221.59365849043184,0.020013845848832926,8.0
2077,221.57714598472296,0.020013845848832926,8.0
2078,221.55790956956392,0.020013845848832926,8.0
2079,221.5380352352344,0.020013845848832926,8.0
2080,221.53087467425001,0.020013845848832926,8.0
2081,221.69677083515404,0.020013845848832926,8.0
2082,221.69354919454298,0.020013845848832926,8.0
2083,221.72699586630782,0.020013845848832926,8.0
2084,221.7573272639225,0.020013845848832926,8.0
2085,221.7985918476843,0.020013845848832926,8.0
2086,221.8136089543194,0.020013845848832926,8.0
2087,221.83287477086705,0.020013845848832926,8.0
2088,221.8222127936695,0.020013845848832926,8.0
2089,221.92356257667015,0.020013845848832926,8.0
2090,221.98298604419816,0.020013845848832926,8.0
2091,222.02205928280327,0.020013845848832926,8.0
2092,222.0373209320221,0.020013845848832926,8.0
2093,222.0536076490163,0.020013845848832926,8.0
2094,222.07601164251312,0.020013845848832926,8.0
2095,222.33514098882128,0.020013845848832926,8.0
2096,223.05198395042277,0.020013845848832926,8.0
2097,223.51308720932292,0.020013845848832926,8.0
2098,224.63139285195575,0.020013845848832926,8.0
2099,225.5772179186842,0.020013845848832926,8.0
2100,225.9886338048028,0.020013845848832926,8.0
2101,226.07307556544725,0.020013845848832926,8.0
2102,226.12594653568388,0.020013845848832926,8.0
2103,226.18768043119744,0.020013845848832926,8.0
2104,226.2246325114688,0.020013845848832926,8.0
2105,226.22769974707748,0.020013845848832926,8.0
2106,226.2326165010993,0.020013845848832926,8.0
2107,226.25232194354203,0.020013845848832926,8.0
2108,226.27861515271658,0.020013845848832926,8.0
2109,226.32499852018853,0.020013845848832926,8.0
2110,226.33686412668985,0.020013845848832926,8.0
2111,226.340251336875,0.020013845848832926,8.0
2112,226.32633650442662,0.020013845848832926,8.0
2113,226.35154596993195,0.020013845848832926,8.0
2114,226.45906735272757,0.020013845848832926,8.0
2115,226.5224951178168,0.020013845848832926,8.0
2116,226.58633142282727,0.020013845848832926,8.0
2117,226.6387808267068,0.020013845848832926,8.0
2118,226.68262765305747,0.020013845848832926,8.0
2119,226.7570634001442,0.020013845848832926,8.0
2120,226.75014535894792,0.020013845848832926,8.0
2121,226.78654543940337,0.020013845848832926,8.0
2122,227.26014764601177,0.020013845848832926,8.0
2123,227.61780662392133,0.020013845848832926,8.0
2124,227.6910156547709,0.020013845848832926,8.0
2125,227.7080838237154,0.020013845848832926,8.0
2126,227.72180874232558,0.020013845848832926,8.0
2127,227.8014420398762,0.020013845848832926,8.0
2128,228.01393367407957,0.020013845848832926,8.0
2129,228.08596498048,0.020013845848832926,8.0
2130,228.1559659100593,0.020013845848832926,8.0
2131,228.2143301479591,0.020013845848832926,8.0
2132,228.26424955711585,0.020013845848832926,8.0
2133,228.32061226571585,0.020013845848832926,8.0
2134,228.347741465321,0.020013845848832926,8.0
2135,228.34711997675524,0.020013845848832926,8.0
2136,228.35689743699396,0.020013845848832926,8.0
2137,228.3659524534416,0.020013845848832926,8.0
2138,228.43585616674736,0.020013845848832926,8.0
2139,228.47068219944566,0.020013845848832926,8.0
2140,228.52469485470698,0.020013845848832926,8.0
2141,228.56499648263537,0.020013845848832926,8.0
2142,228.6180531323429,0.020013845848832926,8.0
2143,228.65276294304044,0.020013845848832926,8.0
2144,228.66339026606704,0.020013845848832926,8.0
2145,228.71317864125743,0.020013845848832926,8.0
2146,228.75965507011554,0.020013845848832926,8.0
2147,228.81206263023594,0.020013845848832926,8.0
2148,228.92086918679084,0.020013845848832926,8.0
2149,229.44495255804674,0.020013845848832926,8.0
2150,229.75381638980878,0.020013845848832926,8.0
2151,229.79415229525173,0.020013845848832926,8.0
2152,229.80966157138295,0.020013845848832926,8.0
2153,229.82838842093258,0.020013845848832926,8.0
2154,229.8650962754196,0.020013845848832926,8.0
2155,229.89540593095336,0.020013845848832926,8.0
2156,229.94445837890498,0.020013845848832926,8.0
2157,230.00532901657584,0.020013845848832926,8.0
2158,230.04078368306185,0.020013845848832926,8.0
2159,230.0811587757918,0.020013845848832926,8.0
2160,230.18985641987996,0.020013845848832926,8.0
2161,230.24007851745048,0.020013845848832926,8.0
2162,230.31277381689532,0.020013845848832926,8.0
2163,230.3510022799315,0.020013845848832926,8.0
2164,230.36419975841085,0.020013845848832926,8.0
2165,230.41660301762502,0.020013845848832926,8.0
2166,230.4723576012793,0.020013845848832926,8.0
2167,230.62453445567965,0.020013845848832926,8.0
2168,231.19644903538082,0.020013845848832926,8.0
2169,231.84258989378364,0.020013845848832926,8.0
2170,231.98236030185066,0.020013845848832926,8.0
2171,231.97723423821446,0.020013845848832926,8.0
2172,231.9720686670074,0.020013845848832926,8.0
2173,232.02333569605284,0.020013845848832926,8.0
2174,232.45353991378693,0.020013845848832926,8.0
2175,232.93182220158627,0.020013845848832926,8.0
2176,233.44856151777313,0.020013845848832926,8.0
2177,233.5786703480443,0.020013845848832926,8.0
2178,233.68258382931893,0.020013845848832926,8.0
2179,233.73157742982266,0.020013845848832926,8.0
2180,233.7722378423752,0.020013845848832926,8.0
2181,233.85277440294837,0.020013845848832926,8.0
2182,233.91344537089822,0.020013845848832926,8.0
2183,233.93424051486448,0.020013845848832926,8.0
2184,233.95440764468714,0.020013845848832926,8.0
2185,233.99454138607533,0.020013845848832926,8.0
2186,234.05280151224707,0.020013845848832926,8.0
2187,234.12402957394656,0.020013845848832926,8.0
2188,234.19735354882803,0.020013845848832926,8.0
2189,234.2371018801357,0.020013845848832926,8.0
2190,234.23630443566438,0.020013845848832926,8.0
2191,234.28132409879248,0.020013845848832926,8.0
2192,234.3460505864227,0.020013845848832926,8.0
2193,234.41598958611428,0.020013845848832926,8.0
2194,234.7206565349956,0.020013845848832926,8.0
2195,234.8481668859326,0.020013845848832926,8.0
2196,234.8837099747952,0.020013845848832926,8.0
2197,234.92627851365566,0.020013845848832926,8.0
2198,234.99218075737252,0.020013845848832926,8.0
2199,235.02057521047206,0.020013845848832926,8.0
2200,235.0351542353976,0.020013845848832926,8.0
2201,235.04918889581214,0.020013845848832926,8.0
2202,235.0664920803767,0.020013845848832926,8.0
2203,235.09121869129902,0.020013845848832926,8.0
2204,235.1269942797717,0.020013845848832926,8.0
2205,235.18282279615968,0.020013845848832926,8.0
2206,235.2283715474284,0.020013845848832926,8.0
2207,235.2672771997132,0.020013845848832926,8.0
2208,235.3174613916398,0.020013845848832926,8.0
2209,235.3171074293034,0.020013845848832926,8.0
2210,235.38979667145165,0.020013845848832926,8.0
2211,235.42099523230723,0.020013845848832926,8.0
2212,235.43117494900488,0.020013845848832926,8.0
2213,235.50139153702165,0.020013845848832926,8.0
2214,235.53977030440404,0.020013845848832926,8.0
2215,235.58525977651874,0.020013845848832926,8.0
2216,235.62869341432625,0.020013845848832926,8.0
2217,235.71784059773756,0.020013845848832926,8.0
2218,236.30602576177444,0.020013845848832926,8.0
2219,236.36135427760942,0.020013845848832926,8.0
2220,236.3621535455174,0.020013845848832926,8.0
2221,236.42197963871772,0.020013845848832926,8.0
2222,236.4309394426476,0.020013845848832926,8.0
2223,236.42833174122228,0.020013845848832926,8.0
2224,236.43512358815684,0.020013845848832926,8.0
2225,236.4567138555389,0.020013845848832926,8.0
2226,236.48631141150497,0.020013845848832926,8.0
2227,236.5117128047526,0.020013845848832926,8.0
2228,236.55049905457383,0.020013845848832926,8.0
2229,236.6040235203017,0.020013845848832926,8.0
2230,236.65124355144422,0.020013845848832926,8.0
2231,236.66079133745868,0.020013845848832926,8.0
2232,236.65735823086476,0.020013845848832926,8.0
2233,236.68077749002353,0.020013845848832926,8.0
2234,236.75924214670235,0.020013845848832926,8.0
2235,236.79484517381252,0.020013845848832926,8.0
2236,236.83564314358523,0.020013845848832926,8.0
2237,236.91104187414845,0.020013845848832926,8.0
2238,236.9382275899785,0.020013845848832926,8.0
2239,236.98385587826553,0.020013845848832926,8.0
2240,237.06001738346484,0.020013845848832926,8.0
2241,237.19234269475686,0.020013845848832926,8.0
2242,237.19220757266024,0.020013845848832926,8.0
2243,237.19114236476273,0.020013845848832926,8.0
2244,237.18980725403665,0.020013845848832926,8.0
2245,237.2178976148809,0.020013845848832926,8.0
2246,237.27057974637668,0.020013845848832926,8.0
2247,237.27999447448437,0.020013845848832926,8.0
2248,237.36789026924419,0.020013845848832926,8.0
2249,237.42004429297666,0.020013845848832926,8.0
2250,237.47047792725152,0.020013845848832926,8.0
2251,237.5066273225437,0.020013845848832926,8.0
2252,237.56010410291177,0.020013845848832926,8.0
2253,237.61416560993453,0.020013845848832926,8.0
2254,237.67918758695532,0.020013845848832926,8.0
2255,237.72950348394912,0.020013845848832926,8.0
2256,237.742891316749,0.020013845848832926,8.0
2257,237.74224096333904,0.020013845848832926,8.0
2258,237.8116934448877,0.020013845848832926,8.0
2259,237.86432685615654,0.020013845848832926,8.0
2260,237.889216795884,0.020013845848832926,8.0
2261,237.93784521076444,0.020013845848832926,8.0
2262,237.9868090600802,0.020013845848832926,8.0
2263,238.03340431840758,0.020013845848832926,8.0
2264,238.07438930393744,0.020013845848832926,8.0
2265,238.11575343564635,0.020013845848832926,8.0
2266,238.13321913147252,0.020013845848832926,8.0
2267,238.1389968140177,0.020013845848832926,8.0
2268,238.13786130573683,0.020013845848832926,8.0
2269,238.1363893791468,0.020013845848832926,8.0
2270,238.1913298200313,0.020013845848832926,8.0
2271,238.1999373951562,0.020013845848832926,8.0
2272,238.23188886903057,0.020013845848832926,8.0
2273,238.2520714542236,0.020013845848832926,8.0
2274,238.2835570377798,0.020013845848832926,8.0
2275,238.32958209533774,0.020013845848832926,8.0
2276,238.37758706835825,0.020013845848832926,8.0
2277,238.4262522631483,0.020013845848832926,8.0
2278,238.48324606153724,0.020013845848832926,8.0
2279,238.52894519284092,0.020013845848832926,8.0
2280,238.56196203333286,0.020013845848832926,8.0
2281,238.5949893861616,0.020013845848832926,8.0
2282,238.6685532263824,0.020013845848832926,8.0
2283,238.69993774089616,0.020013845848832926,8.0
2284,238.70964924806336,0.020013845848832926,8.0
2285,238.74158232166252,0.020013845848832926,8.0
2286,238.78188331750908,0.020013845848832926,8.0
2287,238.8047257874132,0.020013845848832926,8.0
2288,238.81942445922869,0.020013845848832926,8.0
2289,238.83095016065826,0.020013845848832926,8.0
2290,238.83218672285602,0.020013845848832926,8.0
2291,238.82936632796697,0.020013845848832926,8.0
2292,238.81843371107,0.020013845848832926,8.0
2293,238.8145636790341,0.020013845848832926,8.0
2294,238.80646794669406,0.020013845848832926,8.0
2295,238.80163585056994,0.020013845848832926,8.0
2296,238.7897108305212,0.020013845848832926,8.0
2297,238.780281870564,0.020013845848832926,8.0
2298,238.7843721533653,0.020013845848832926,8.0
2299,238.81419248432078,0.020013845848832926,8.0
2300,238.8373282901007,0.020013845848832926,8.0
2301,238.88149562874722,0.020013845848832926,8.0
2302,238.91370474531175,0.020013845848832926,8.0
2303,238.92669305053178,0.020013845848832926,8.0
2304,238.91912304322688,0.020013845848832926,8.0
2305,238.9442650481069,0.020013845848832926,8.0
2306,238.95041063203556,0.020013845848832926,8.0
2307,238.9985226866911,0.020013845848832926,8.0
2308,239.04104123439876,0.020013845848832926,8.0
2309,239.1042763373925,0.020013845848832926,8.0
2310,239.14605846981644,0.020013845848832926,8.0
2311,239.14876386350738,0.020013845848832926,8.0
2312,239.15190013540567,0.020013845848832926,8.0
2313,239.17950022035492,0.020013845848832926,8.0
2314,239.1683684129722,0.020013845848832926,8.0
2315,239.1587154653585,0.020013845848832926,8.0
2316,239.14644665804687,0.020013845848832926,8.0
2317,239.13427056203267,0.020013845848832926,8.0
2318,239.12023097122332,0.020013845848832926,8.0
2319,239.10293109429728,0.020013845848832926,8.0
2320,239.08876602750198,0.020013845848832926,8.0
2321,239.08188014851478,0.020013845848832926,8.0
2322,239.08025702763942,0.020013845848832926,8.0
2323,239.11410483776194,0.020013845848832926,8.0
2324,239.1366809920267,0.020013845848832926,8.0
2325,239.17464861613337,0.020013845848832926,8.0
2326,239.16902401907907,0.020013845848832926,8.0
2327,239.157438491052,0.020013845848832926,8.0
2328,239.21802131335969,0.020013845848832926,8.0
2329,239.21643049532193,0.020013845848832926,8.0
2330,239.2451328853502,0.020013845848832926,8.0
2331,239.27163177871842,0.020013845848832926,8.0
2332,239.30005748486107,0.020013845848832926,8.0
2333,239.35656292180693,0.020013845848832926,8.0
2334,239.4004360514889,0.020013845848832926,8.0
2335,239.4200932093621,0.020013845848832926,8.0
2336,239.42696881828815,0.020013845848832926,8.0
2337,239.4953133217421,0.020013845848832926,8.0
2338,239.4889324464574,0.020013845848832926,8.0
2339,239.66068080321216,0.020013845848832926,8.0
2340,239.64589633580056,0.020013845848832926,8.0
2341,239.63565585446847,0.020013845848832926,8.0
2342,239.61023270089507,0.020013845848832926,8.0
2343,239.57702842161774,0.020013845848832926,8.0
2344,239.5707008442319,0.020013845848832926,8.0
2345,239.56189198664327,0.020013845848832926,8.0
2346,239.55889985605944,0.020013845848832926,8.0
2347,239.55579878107977,0.020013845848832926,8.0
2348,239.5633782942801,0.020013845848832926,8.0
2349,239.58227357396936,0.020013845848832926,8.0
2350,239.60695477224996,0.020013845848832926,8.0
2351,239.60903014649995,0.020013845848832926,8.0
2352,239.60625224306182,0.020013845848832926,8.0
2353,239.62333532603176,0.020013845848832926,8.0
2354,239.65315907892676,0.020013845848832926,8.0
2355,239.68266146929076,0.020013845848832926,8.0
2356,239.73180881924011,0.020013845848832926,8.0
2357,239.79758398878357,0.020013845848832926,8.0
2358,239.8544075415555,0.020013845848832926,8.0
2359,239.88451843354986,0.020013845848832926,8.0
2360,240.0325163705468,0.020013845848832926,8.0
2361,240.6845957234107,0.020013845848832926,8.0
2362,241.24539746472357,0.020013845848832926,8.0
2363,241.55317685633617,0.020013845848832926,8.0
2364,241.72617992316958,0.020013845848832926,8.0
2365,241.79319174193117,0.020013845848832926,8.0
2366,241.8172931080891,0.020013845848832926,8.0
2367,241.82190691095002,0.020013845848832926,8.0
2368,241.82789460622695,0.020013845848832926,8.0
2369,241.84099597843144,0.020013845848832926,8.0
2370,241.88920587750857,0.020013845848832926,8.0
2371,241.92570566070967,0.020013845848832926,8.0
2372,241.95606585114066,0.020013845848832926,8.0
2373,242.0196479680177,0.020013845848832926,8.0
2374,242.05051189565032,0.020013845848832926,8.0
2375,242.12253105892884,0.020013845848832926,8.0
2376,242.12181486728795,0.020013845848832926,8.0
2377,242.12663523453736,0.020013845848832926,8.0
2378,242.15274559103568,0.020013845848832926,8.0
2379,242.2163672408516,0.020013845848832926,8.0
2380,242.29644790942314,0.020013845848832926,8.0
2381,242.37581514822736,0.020013845848832926,8.0
2382,242.41933142679414,0.020013845848832926,8.0
2383,242.41531948030894,0.020013845848832926,8.0
2384,242.45232483723052,0.020013845848832926,8.0
2385,243.113163472712,0.020013845848832926,8.0
2386,243.87340086617553,0.020013845848832926,8.0
2387,244.12575650591043,0.020013845848832926,8.0
2388,244.19719373015428,0.020013845848832926,8.0
2389,244.20793682650532,0.020013845848832926,8.0
2390,244.4226321445338,0.020013845848832926,8.0
2391,244.98306895870735,0.020013845848832926,8.0
2392,245.11974583410134,0.020013845848832926,8.0
2393,245.16057866472553,0.020013845848832926,8.0
2394,245.1993424210084,0.020013845848832926,8.0
2395,245.2773758187424,0.020013845848832926,8.0
2396,245.3353045864773,0.020013845848832926,8.0
2397,245.4267924870312,0.020013845848832926,8.0
2398,245.51842968551765,0.020013845848832926,8.0
2399,245.590908728564,0.020013845848832926,8.0
2400,245.61204511006008,0.020013845848832926,8.0
2401,245.6205524515799,0.020013845848832926,8.0
2402,245.64118472717604,0.020013845848832926,8.0
2403,245.69611001849933,0.020013845848832926,8.0
2404,245.77319039803686,0.020013845848832926,8.0
2405,245.86235491224528,0.020013845848832926,8.0
2406,245.90302558862763,0.020013845848832926,8.0
2407,245.9128742061304,0.020013845848832926,8.0
2408,245.96901854099175,0.020013845848832926,8.0
2409,246.12687488791053,0.020013845848832926,8.0
2410,246.1474024036252,0.020013845848832926,8.0
2411,246.14445958887083,0.020013845848832926,8.0
2412,246.14247842815513,0.020013845848832926,8.0
2413,246.1316852470214,0.020013845848832926,8.0
2414,246.14253931012166,0.020013845848832926,8.0
2415,246.13654324187937,0.020013845848832926,8.0
2416,246.1355120119322,0.020013845848832926,8.0
2417,246.12842100394548,0.020013845848832926,8.0
2418,246.1232672238941,0.020013845848832926,8.0
2419,246.12319023789001,0.020013845848832926,8.0
2420,246.1524741997757,0.020013845848832926,8.0
2421,246.19095634766754,0.020013845848832926,8.0
2422,246.23378212815877,0.020013845848832926,8.0
2423,246.27332227140397,0.020013845848832926,8.0
2424,246.27035706813564,0.020013845848832926,8.0
2425,246.262993339341,0.020013845848832926,8.0
2426,246.32713319254393,0.020013845848832926,8.0
2427,246.37315372465412,0.020013845848832926,8.0
2428,246.39589097368972,0.020013845848832926,8.0
2429,246.45095353507148,0.020013845848832926,8.0
2430,246.50910663015787,0.020013845848832926,8.0
2431,246.5673190899934,0.020013845848832926,8.0
2432,246.58142697526276,0.020013845848832926,8.0
2433,246.83982137340274,0.020013845848832926,8.0
2434,247.55578957643831,0.020013845848832926,8.0
2435,248.57428659557965,0.020013845848832926,8.0
2436,249.59733324951839,0.020013845848832926,8.0
2437,250.34475062034,0.020013845848832926,8.0
2438,250.50203544327945,0.020013845848832926,8.0
2439,250.5213889749391,0.020013845848832926,8.0
2440,250.56190068718234,0.020013845848832926,8.0
2441,250.61076312169857,0.020013845848832926,8.0
2442,250.6436781335697,0.020013845848832926,8.0
2443,250.69676146683537,0.020013845848832926,8.0
2444,250.74201850052484,0.020013845848832926,8.0
2445,250.78987926963381,0.020013845848832926,8.0
2446,250.81980039216486,0.020013845848832926,8.0
2447,250.91279436306138,0.020013845848832926,8.0
2448,250.93914508363488,0.020013845848832926,8.0
2449,250.96707442088373,0.020013845848832926,8.0
2450,251.05649051342678,0.020013845848832926,8.0
2451,251.0961730544778,0.020013845848832926,8.0
2452,251.1708241140907,0.020013845848832926,8.0
2453,251.24799077878617,0.020013845848832926,8.0
2454,251.32062506968953,0.020013845848832926,8.0
2455,251.39681578681635,0.020013845848832926,8.0
2456,251.47969084583127,0.020013845848832926,8.0
2457,251.50179593970955,0.020013845848832926,8.0
2458,251.49322625346812,0.020013845848832926,8.0
2459,251.47435755159785,0.020013845848832926,8.0
2460,251.45857418190968,0.020013845848832926,8.0
2461,251.44091152127493,0.020013845848832926,8.0
2462,251.42350567610617,0.020013845848832926,8.0
2463,251.38893527532133,0.020013845848832926,8.0
2464,251.38536002270018,0.020013845848832926,8.0
2465,251.37634035108877,0.020013845848832926,8.0
2466,251.36436762235175,0.020013845848832926,8.0
2467,251.36326533035782,0.020013845848832926,8.0
2468,251.35998160690625,0.020013845848832926,8.0
2469,251.36240882698806,0.020013845848832926,8.0
2470,251.36998363548173,0.020013845848832926,8.0
2471,251.38850916204188,0.020013845848832926,8.0
2472,251.37568506150356,0.020013845848832926,8.0
2473,251.36424963791782,0.020013845848832926,8.0
2474,251.40832689283292,0.020013845848832926,8.0
2475,251.46393398560656,0.020013845848832926,8.0
2476,251.4750393454827,0.020013845848832926,8.0
2477,251.51607255964782,0.020013845848832926,8.0
2478,251.58751256833958,0.020013845848832926,8.0
2479,251.66710154625713,0.020013845848832926,8.0
2480,251.6916771709323,0.020013845848832926,8.0
2481,251.68792987208846,0.020013845848832926,8.0
2482,251.7790038912459,0.020013845848832926,8.0
2483,251.7546582274582,0.020013845848832926,8.0
2484,251.72937504830355,0.020013845848832926,8.0
2485,251.71051993348192,0.020013845848832926,8.0
2486,251.68890711534712,0.020013845848832926,8.0
2487,251.66664236103057,0.020013845848832926,8.0
2488,251.66545848248936,0.020013845848832926,8.0
2489,251.66082329408445,0.020013845848832926,8.0
2490,251.66268057031934,0.020013845848832926,8.0
2491,251.68392541295242,0.020013845848832926,8.0
2492,251.71318591795168,0.020013845848832926,8.0
2493,251.7104995317082,0.020013845848832926,8.0
2494,251.69938984357347,0.020013845848832926,8.0
2495,251.67640552206913,0.020013845848832926,8.0
2496,251.65894752107477,0.020013845848832926,8.0
2497,251.65675489509974,0.020013845848832926,8.0
2498,251.684422689292,0.020013845848832926,8.0
2499,251.72033662699803,0.020013845848832926,8.0
2500,251.76192340287957,0.020013845848832926,8.0
2501,251.82833532995105,0.020013845848832926,8.0
2502,251.88519055625198,0.020013845848832926,8.0
2503,251.94400287107462,0.020013845848832926,8.0
2504,251.96913754682862,0.020013845848832926,8.0
2505,251.95719565508946,0.020013845848832926,8.0
2506,251.95293416535134,0.020013845848832926,8.0
2507,252.19677642919137,0.020013845848832926,8.0
2508,252.53327880577132,0.020013845848832926,8.0
2509,252.96017561566197,0.020013845848832926,8.0
2510,253.3963696000498,0.020013845848832926,8.0
2511,253.58795290218347,0.020013845848832926,8.0
2512,253.6275943841678,0.020013845848832926,8.0
2513,253.68974721928478,0.020013845848832926,8.0
2514,253.69658045481228,0.020013845848832926,8.0
2515,253.71322147170005,0.020013845848832926,8.0
2516,253.73974898301057,0.020013845848832926,8.0
2517,253.77753304950252,0.020013845848832926,8.0
2518,253.79238002847296,0.020013845848832926,8.0
2519,253.78225459923917,0.020013845848832926,8.0
2520,253.78209386279318,0.020013845848832926,8.0
2521,253.81871460255795,0.020013845848832926,8.0
2522,253.89549569824263,0.020013845848832926,8.0
2523,253.92223778419847,0.020013845848832926,8.0
2524,253.96584390111872,0.020013845848832926,8.0
2525,254.051693824128,0.020013845848832926,8.0
2526,254.09056421856232,0.020013845848832926,8.0
2527,254.1262033869212,0.020013845848832926,8.0
2528,254.14459171468704,0.020013845848832926,8.0
2529,254.14149504082053,0.020013845848832926,8.0
2530,254.12454997992708,0.020013845848832926,8.0
2531,254.0986837635174,0.020013845848832926,8.0
2532,254.07058213964086,0.020013845848832926,8.0
2533,254.56774634553224,0.020013845848832926,8.0
2534,254.6831460788296,0.020013845848832926,8.0
2535,255.0783882931778,0.020013845848832926,8.0
2536,255.42801325560185,0.020013845848832926,8.0
2537,255.52385070812906,0.020013845848832926,8.0
2538,255.57411045590968,0.020013845848832926,8.0
2539,255.6261391654558,0.020013845848832926,8.0
2540,255.6718599023628,0.020013845848832926,8.0
2541,255.71609310888115,0.020013845848832926,8.0
2542,255.76471468117194,0.020013845848832926,8.0
2543,255.76371981900465,0.020013845848832926,8.0
2544,255.75752920224258,0.020013845848832926,8.0
2545,255.75450225734,0.020013845848832926,8.0
2546,255.8216637600099,0.020013845848832926,8.0
2547,255.84737751786332,0.020013845848832926,8.0
2548,255.89621778849437,0.020013845848832926,8.0
2549,255.92551527982457,0.020013845848832926,8.0
2550,255.96311404232938,0.020013845848832926,8.0
2551,256.0159952163817,0.020013845848832926,8.0
2552,256.014133205934,0.020013845848832926,8.0
2553,256.01013120800445,0.020013845848832926,8.0
2554,256.1918581960275,0.020013845848832926,8.0
2555,256.57005456096164,0.020013845848832926,8.0
2556,256.91328593232134,0.020013845848832926,8.0
2557,257.06877061463695,0.020013845848832926,8.0
2558,257.0671024296641,0.020013845848832926,8.0
2559,257.0574973960198,0.020013845848832926,8.0
2560,257.0468037140526,0.020013845848832926,8.0
2561,257.03927086231977,0.020013845848832926,8.0
2562,257.04376023834027,0.020013845848832926,8.0
2563,257.05711936046924,0.020013845848832926,8.0
2564,257.09936140506966,0.020013845848832926,8.0
2565,257.0939204092257,0.020013845848832926,8.0
2566,257.0810702433488,0.020013845848832926,8.0
2567,257.05945362123157,0.020013845848832926,8.0
2568,257.04977845638837,0.020013845848832926,8.0
2569,257.04888957627793,0.020013845848832926,8.0
2570,257.06143379326124,0.020013845848832926,8.0
2571,257.0942031253975,0.020013845848832926,8.0
2572,257.1472181288177,0.020013845848832926,8.0
2573,257.21350231222334,0.020013845848832926,8.0
2574,257.26948026227507,0.020013845848832926,8.0
2575,257.3274682055873,0.020013845848832926,8.0
2576,257.360793466476,0.020013845848832926,8.0
2577,257.37443314710197,0.020013845848832926,8.0
2578,257.363057702052,0.020013845848832926,8.0
2579,257.3484443324186,0.020013845848832926,8.0
2580,257.32494594742457,0.020013845848832926,8.0
2581,257.2964842133446,0.020013845848832926,8.0
2582,257.26864610463144,0.020013845848832926,8.0
2583,257.2354692758406,0.020013845848832926,8.0
2584,257.21041157256604,0.020013845848832926,8.0
2585,257.19629683297745,0.020013845848832926,8.0
2586,257.22974380462085,0.020013845848832926,8.0
2587,257.25323888758055,0.020013845848832926,8.0
2588,257.2912956105519,0.020013845848832926,8.0
2589,257.28931059436644,0.020013845848832926,8.0
2590,257.27932712198765,0.020013845848832926,8.0
2591,257.27589220980957,0.020013845848832926,8.0
2592,257.2504779534484,0.020013845848832926,8.0
2593,257.23012793117516,0.020013845848832926,8.0
2594,257.223014924384,0.020013845848832926,8.0
2595,257.2254412108516,0.020013845848832926,8.0
2596,257.2375972247459,0.020013845848832926,8.0
2597,257.28389428181146,0.020013845848832926,8.0
2598,257.3024355197863,0.020013845848832926,8.0
2599,257.3589873899983,0.020013845848832926,8.0
2600,257.3914344207106,0.020013845848832926,8.0
2601,257.38806842027054,0.020013845848832926,8.0
2602,257.3785054839111,0.020013845848832926,8.0
2603,257.35221626279025,0.020013845848832926,8.0
2604,257.3185973092692,0.020013845848832926,8.0
2605,257.2819517949008,0.020013845848832926,8.0
2606,257.2546347413493,0.020013845848832926,8.0
2607,257.22920127644176,0.020013845848832926,8.0
2608,257.2119583366165,0.020013845848832926,8.0
2609,257.205896010665,0.020013845848832926,8.0
2610,257.20669109365025,0.020013845848832926,8.0
2611,257.2201770777393,0.020013845848832926,8.0
2612,257.1998673679312,0.020013845848832926,8.0
2613,257.1848235022309,0.020013845848832926,8.0
2614,257.1645209317931,0.020013845848832926,8.0
2615,257.1564997917224,0.020013845848832926,8.0
2616,257.16219677391575,0.020013845848832926,8.0
2617,257.17550545991867,0.020013845848832926,8.0
2618,257.2030433976064,0.020013845848832926,8.0
2619,257.2276831516217,0.020013845848832926,8.0
2620,257.26311891753085,0.020013845848832926,8.0
2621,257.26112184483463,0.020013845848832926,8.0
2622,257.28468285945354,0.020013845848832926,8.0
2623,257.3286681605097,0.020013845848832926,8.0
2624,257.3562618333741,0.020013845848832926,8.0
2625,257.35181503293876,0.020013845848832926,8.0
2626,257.3479303948577,0.020013845848832926,8.0
2627,257.7544325705084,0.020013845848832926,8.0
2628,258.09839792051577,0.020013845848832926,8.0
2629,258.25534175313584,0.020013845848832926,8.0
2630,258.2742757267903,0.020013845848832926,8.0
2631,258.362801974974,0.020013845848832926,8.0
2632,258.5316037881654,0.020013845848832926,8.0
2633,258.57937696397494,0.020013845848832926,8.0
2634,258.60621832107137,0.020013845848832926,8.0
2635,258.6360504605234,0.020013845848832926,8.0
2636,258.6844730796015,0.020013845848832926,8.0
2637,258.6832514673706,0.020013845848832926,8.0
2638,258.67906932270307,0.020013845848832926,8.0
2639,258.67204778077564,0.020013845848832926,8.0
2640,258.6665969523133,0.020013845848832926,8.0
2641,258.66579741453467,0.020013845848832926,8.0
2642,258.6942185941676,0.020013845848832926,8.0
2643,258.722705297345,0.020013845848832926,8.0
2644,258.7552121983795,0.020013845848832926,8.0
2645,258.7758698208883,0.020013845848832926,8.0
2646,258.83964933782755,0.020013845848832926,8.0
2647,258.91558350509814,0.020013845848832926,8.0
2648,258.99457741092897,0.020013845848832926,8.0
2649,258.9892014420096,0.020013845848832926,8.0
2650,258.9807506551685,0.020013845848832926,8.0
2651,258.9585801784452,0.020013845848832926,8.0
2652,258.9461450638041,0.020013845848832926,8.0
2653,259.59587202888787,0.020013845848832926,8.0
2654,259.7665382232414,0.020013845848832926,8.0
2655,259.7613059317188,0.020013845848832926,8.0
2656,259.752810169216,0.020013845848832926,8.0
2657,259.749865950773,0.020013845848832926,8.0
2658,259.7543023098569,0.020013845848832926,8.0
2659,259.76547057737383,0.020013845848832926,8.0
2660,259.77791424515385,0.020013845848832926,8.0
2661,259.7721522978017,0.020013845848832926,8.0
2662,259.7698305570198,0.020013845848832926,8.0
2663,259.7513662251289,0.020013845848832926,8.0
2664,259.7435364467837,0.020013845848832926,8.0
2665,259.7798038833673,0.020013845848832926,8.0
2666,259.8531624812086,0.020013845848832926,8.0
2667,259.8859521296279,0.020013845848832926,8.0
2668,259.9426932144095,0.020013845848832926,8.0
2669,260.02922759111476,0.020013845848832926,8.0
2670,260.0464718280424,0.020013845848832926,8.0
2671,260.1269572132869,0.020013845848832926,8.0
2672,260.1264732141243,0.020013845848832926,8.0
2673,260.12345513987634,0.020013845848832926,8.0
2674,260.1127954692437,0.020013845848832926,8.0
2675,260.1015991488495,0.020013845848832926,8.0
2676,260.3304570365622,0.020013845848832926,8.0
2677,260.8572448850462,0.020013845848832926,8.0
2678,261.2467791602316,0.020013845848832926,8.0
2679,261.37450747614406,0.020013845848832926,8.0
2680,261.37372678796845,0.020013845848832926,8.0
2681,261.3906143498163,0.020013845848832926,8.0
2682,261.39346990590656,0.020013845848832926,8.0
2683,261.4164225144108,0.020013845848832926,8.0
2684,261.41491582341,0.020013845848832926,8.0
2685,261.4105997369111,0.020013845848832926,8.0
2686,261.39713371487204,0.020013845848832926,8.0
2687,261.4018620214324,0.020013845848832926,8.0
2688,261.42239707354975,0.020013845848832926,8.0
2689,261.43862178062284,0.020013845848832926,8.0
2690,261.48768785073815,0.020013845848832926,8.0
2691,261.55000043012797,0.020013845848832926,8.0
2692,261.6057196169797,0.020013845848832926,8.0
2693,261.64095216382077,0.020013845848832926,8.0
2694,261.6499989734047,0.020013845848832926,8.0
2695,261.69097474211844,0.020013845848832926,8.0
2696,261.69432346802625,0.020013845848832926,8.0
2697,261.6926062036616,0.020013845848832926,8.0
2698,261.67532589429845,0.020013845848832926,8.0
2699,261.65026795895574,0.020013845848832926,8.0
2700,261.61759744634185,0.020013845848832926,8.0
2701,262.11189668626895,0.020013845848832926,8.0
2702,262.2260266813843,0.020013845848832926,8.0
2703,262.6759189058546,0.020013845848832926,8.0
2704,262.9921203554989,0.020013845848832926,8.0
2705,263.10831309218565,0.020013845848832926,8.0
2706,263.16930723870365,0.020013845848832926,8.0
2707,263.2495975912847,0.020013845848832926,8.0
2708,263.3023048567049,0.020013845848832926,8.0
2709,263.3780656528143,0.020013845848832926,8.0
2710,263.4010452867643,0.020013845848832926,8.0
2711,263.44363283000826,0.020013845848832926,8.0
2712,263.4515366882531,0.020013845848832926,8.0
2713,263.5037478174055,0.020013845848832926,8.0
2714,263.5716308683801,0.020013845848832926,8.0
2715,263.5848745641123,0.020013845848832926,8.0
2716,263.6164799068992,0.020013845848832926,8.0
2717,263.6233787519734,0.020013845848832926,8.0
2718,263.6610100306629,0.020013845848832926,8.0
2719,263.7177857946751,0.020013845848832926,8.0
2720,263.7356990300972,0.020013845848832926,8.0
2721,263.7567488381974,0.020013845848832926,8.0
2722,263.99641931841023,0.020013845848832926,8.0
2723,264.45089962124,0.020013845848832926,8.0
2724,264.863267576907,0.020013845848832926,8.0
2725,265.0073076872136,0.020013845848832926,8.0
2726,265.0021097790133,0.020013845848832926,8.0
2727,264.990855799551,0.020013845848832926,8.0
2728,264.9852938862985,0.020013845848832926,8.0
2729,264.97397838526825,0.020013845848832926,8.0
2730,264.972416366826,0.020013845848832926,8.0
2731,265.0087391538663,0.020013845848832926,8.0
2732,265.0404672320777,0.020013845848832926,8.0
2733,265.0579655714931,0.020013845848832926,8.0
2734,265.0471359009471,0.020013845848832926,8.0
2735,265.0320309790565,0.020013845848832926,8.0
2736,265.0294038787603,0.020013845848832926,8.0
2737,265.0254709425165,0.020013845848832926,8.0
2738,265.0287688585048,0.020013845848832926,8.0
2739,265.075378010147,0.020013845848832926,8.0
2740,265.1091521929709,0.020013845848832926,8.0
2741,265.1762071425595,0.020013845848832926,8.0
2742,265.24326852573626,0.020013845848832926,8.0
2743,265.30044439407817,0.020013845848832926,8.0
2744,265.31406732959675,0.020013845848832926,8.0
2745,265.3102276518239,0.020013845848832926,8.0
2746,265.29216445787597,0.020013845848832926,8.0
2747,265.26741278525975,0.020013845848832926,8.0
2748,265.23612711701367,0.020013845848832926,8.0
2749,265.2090662499025,0.020013845848832926,8.0
2750,265.18213296437847,0.020013845848832926,8.0
2751,265.1541697313562,0.020013845848832926,8.0
2752,265.1299882905432,0.020013845848832926,8.0
2753,265.1257397525744,0.020013845848832926,8.0
2754,265.13201855399234,0.020013845848832926,8.0
2755,265.1415874691096,0.020013845848832926,8.0
2756,265.17330657988475,0.020013845848832926,8.0
2757,265.20323399792,0.020013845848832926,8.0
2758,265.22629668699216,0.020013845848832926,8.0
2759,265.24564313280945,0.020013845848832926,8.0
2760,265.2240156582716,0.020013845848832926,8.0
2761,265.2055529812452,0.020013845848832926,8.0
2762,265.2143700890875,0.020013845848832926,8.0
2763,265.21423923484895,0.020013845848832926,8.0
2764,265.2469832338684,0.020013845848832926,8.0
2765,265.2860019698839,0.020013845848832926,8.0
2766,265.31105794008835,0.020013845848832926,8.0
2767,265.3498708191226,0.020013845848832926,8.0
2768,265.3958529599647,0.020013845848832926,8.0
2769,265.41169441253595,0.020013845848832926,8.0
2770,265.4065450412684,0.020013845848832926,8.0
2771,265.3907857741498,0.020013845848832926,8.0
2772,265.36546124633367,0.020013845848832926,8.0
2773,265.341450023011,0.020013845848832926,8.0
2774,265.32081273928435,0.020013845848832926,8.0
2775,265.302118013802,0.020013845848832926,8.0
2776,265.2946352584519,0.020013845848832926,8.0
2777,265.2812853967551,0.020013845848832926,8.0
2778,265.27716916465215,0.020013845848832926,8.0
2779,265.3097755468273,0.020013845848832926,8.0
2780,265.34746721007144,0.020013845848832926,8.0
2781,265.39280011401775,0.020013845848832926,8.0
2782,265.42909021489817,0.020013845848832926,8.0
2783,265.41790687001077,0.020013845848832926,8.0
2784,265.3929708231403,0.020013845848832926,8.0
2785,265.3999111811439,0.020013845848832926,8.0
2786,265.39280209246755,0.020013845848832926,8.0
2787,265.4338430851104,0.020013845848832926,8.0
2788,265.4678463798372,0.020013845848832926,8.0
2789,265.5314754905203,0.020013845848832926,8.0
2790,265.6148572258603,0.020013845848832926,8.0
2791,265.679717303919,0.020013845848832926,8.0
2792,265.6738772642048,0.020013845848832926,8.0
2793,265.6669744903897,0.020013845848832926,8.0
2794,265.65719635286825,0.020013845848832926,8.0
2795,265.63994375348176,0.020013845848832926,8.0
2796,266.05235756945586,0.020013845848832926,8.0
2797,266.6563270860329,0.020013845848832926,8.0
2798,267.0307281308561,0.020013845848832926,8.0
2799,267.1615243497835,0.020013845848832926,8.0
2800,267.21432323075396,0.020013845848832926,8.0
2801,267.24422115730727,0.020013845848832926,8.0
2802,267.2662175661093,0.020013845848832926,8.0
2803,267.30117942586855,0.020013845848832926,8.0
2804,267.3485746441827,0.020013845848832926,8.0
2805,267.38741028478995,0.020013845848832926,8.0
2806,267.43166691618626,0.020013845848832926,8.0
2807,267.4562491509538,0.020013845848832926,8.0
2808,267.48454546876366,0.020013845848832926,8.0
2809,267.4770357176128,0.020013845848832926,8.0
2810,267.4768857931697,0.020013845848832926,8.0
2811,267.51364176210683,0.020013845848832926,8.0
2812,267.5347654261571,0.020013845848832926,8.0
2813,267.55693732874784,0.020013845848832926,8.0
2814,267.56347357733426,0.020013845848832926,8.0
2815,267.6398038568758,0.020013845848832926,8.0
2816,267.6846192206405,0.020013845848832926,8.0
2817,267.7018751135835,0.020013845848832926,8.0
2818,267.68247668590385,0.020013845848832926,8.0
2819,267.66253214939,0.020013845848832926,8.0
2820,267.64028458716297,0.020013845848832926,8.0
2821,267.6172918007701,0.020013845848832926,8.0
2822,267.5915547230885,0.020013845848832926,8.0
2823,267.56070518581026,0.020013845848832926,8.0
2824,267.53937053723394,0.020013845848832926,8.0
2825,267.52618898229593,0.020013845848832926,8.0
2826,267.5212535616664,0.020013845848832926,8.0
2827,267.5420664921037,0.020013845848832926,8.0
2828,267.5629161842337,0.020013845848832926,8.0
2829,267.5626977453084,0.020013845848832926,8.0
2830,267.60375408165663,0.020013845848832926,8.0
2831,267.60177000377115,0.020013845848832926,8.0
2832,267.6401632058039,0.020013845848832926,8.0
2833,267.63533188943126,0.020013845848832926,8.0
2834,267.6332638874286,0.020013845848832926,8.0
2835,267.6383177202828,0.020013845848832926,8.0
2836,267.67522831665104,0.020013845848832926,8.0
2837,267.7338564220906,0.020013845848832926,8.0
2838,267.7871588541558,0.020013845848832926,8.0
2839,267.871222301909,0.020013845848832926,8.0
2840,267.8679917853583,0.020013845848832926,8.0
2841,268.21738705353425,0.020013845848832926,8.0
2842,268.2317004369495,0.020013845848832926,8.0
2843,268.2197324626319,0.020013845848832926,8.0
2844,268.19860555060774,0.020013845848832926,8.0
2845,268.1881480373002,0.020013845848832926,8.0
2846,268.17308925453824,0.020013845848832926,8.0
2847,268.1543184363619,0.020013845848832926,8.0
2848,268.1420472097273,0.020013845848832926,8.0
2849,268.13411207357916,0.020013845848832926,8.0
2850,268.13072820966937,0.020013845848832926,8.0
2851,268.1303615315438,0.020013845848832926,8.0
2852,268.15343838730394,0.020013845848832926,8.0
2853,268.1737193057047,0.020013845848832926,8.0
2854,268.2030412400434,0.020013845848832926,8.0
2855,268.1986172194442,0.020013845848832926,8.0
2856,268.1840293632817,0.020013845848832926,8.0
2857,268.1809356241053,0.020013845848832926,8.0
2858,268.18617980296506,0.020013845848832926,8.0
2859,268.2239865614006,0.020013845848832926,8.0
2860,268.28148669936616,0.020013845848832926,8.0
2861,268.33941948440986,0.020013845848832926,8.0
2862,268.3868812835411,0.020013845848832926,8.0
2863,268.4516906126683,0.020013845848832926,8.0
2864,268.45034975528466,0.020013845848832926,8.0
2865,268.4569492599689,0.020013845848832926,8.0
2866,268.4585592787832,0.020013845848832926,8.0
2867,268.44964305793724,0.020013845848832926,8.0
2868,268.4394486069566,0.020013845848832926,8.0
2869,268.4202002001949,0.020013845848832926,8.0
2870,268.3951052770409,0.020013845848832926,8.0
2871,268.36649416781574,0.020013845848832926,8.0
2872,268.34776894169204,0.020013845848832926,8.0
2873,268.33133015981485,0.020013845848832926,8.0
2874,268.3298926291456,0.020013845848832926,8.0
2875,268.3588589776478,0.020013845848832926,8.0
2876,268.41866444145967,0.020013845848832926,8.0
2877,268.46184927264653,0.020013845848832926,8.0
2878,268.4736699822384,0.020013845848832926,8.0
2879,268.46200343493877,0.020013845848832926,8.0
2880,268.4412773249133,0.020013845848832926,8.0
2881,268.42996347780684,0.020013845848832926,8.0
2882,268.46084654267463,0.020013845848832926,8.0
2883,268.48491111964717,0.020013845848832926,8.0
2884,268.51386597300603,0.020013845848832926,8.0
2885,268.5618926150039,0.020013845848832926,8.0
2886,268.6030112696958,0.020013845848832926,8.0
2887,268.6567498508906,0.020013845848832926,8.0
2888,268.6772011651006,0.020013845848832926,8.0
2889,268.6759145311212,0.020013845848832926,8.0
2890,268.67065508191587,0.020013845848832926,8.0
2891,268.65617539770534,0.020013845848832926,8.0
2892,268.6347047018032,0.020013845848832926,8.0
2893,268.63370996309663,0.020013845848832926,8.0
2894,268.6025041595514,0.020013845848832926,8.0
2895,268.5750418992708,0.020013845848832926,8.0
2896,268.5619354678864,0.020013845848832926,8.0
2897,268.55309109990327,0.020013845848832926,8.0
2898,268.5492378219845,0.020013845848832926,8.0
2899,268.57683638861306,0.020013845848832926,8.0
2900,268.6075143910987,0.020013845848832926,8.0
2901,268.65955579577405,0.020013845848832926,8.0
2902,268.67143127274124,0.020013845848832926,8.0
2903,268.6761567448465,0.020013845848832926,8.0
2904,268.6627950806717,0.020013845848832926,8.0
2905,268.6502374469373,0.020013845848832926,8.0
2906,268.68256519178817,0.020013845848832926,8.0
2907,268.6926384599867,0.020013845848832926,8.0
2908,268.7300306442173,0.020013845848832926,8.0
2909,268.77958793942827,0.020013845848832926,8.0
2910,268.8354705517947,0.020013845848832926,8.0
2911,268.90775839030204,0.020013845848832926,8.0
2912,268.9328432106708,0.020013845848832926,8.0
2913,268.93085931586364,0.020013845848832926,8.0
2914,269.1442096483109,0.020013845848832926,8.0
2915,269.6609367214498,0.020013845848832926,8.0
2916,269.66026132961014,0.020013845848832926,8.0
2917,269.91410823504197,0.020013845848832926,8.0
2918,269.964213719489,0.020013845848832926,8.0
2919,269.95741210193273,0.020013845848832926,8.0
2920,269.9473100638732,0.020013845848832926,8.0
2921,269.9375961234305,0.020013845848832926,8.0
2922,269.93708491808786,0.020013845848832926,8.0
2923,269.9555979973994,0.020013845848832926,8.0
2924,269.98923051319883,0.020013845848832926,8.0
2925,270.0164793578577,0.020013845848832926,8.0
2926,270.05385238979187,0.020013845848832926,8.0
2927,270.0937687062205,0.020013845848832926,8.0
2928,270.0807622757309,0.020013845848832926,8.0
2929,270.0722911799659,0.020013845848832926,8.0
2930,270.07408604286127,0.020013845848832926,8.0
2931,270.10327048720507,0.020013845848832926,8.0
2932,270.1487685563565,0.020013845848832926,8.0
2933,270.2209536245636,0.020013845848832926,8.0
2934,270.27363129930626,0.020013845848832926,8.0
2935,270.2988917643854,0.020013845848832926,8.0
2936,270.4306486565611,0.020013845848832926,8.0
2937,270.66730635474266,0.020013845848832926,8.0
2938,271.2661933958295,0.020013845848832926,8.0
2939,271.4052701188582,0.020013845848832926,8.0
2940,271.45710536907734,0.020013845848832926,8.0
2941,271.44948362509103,0.020013845848832926,8.0
2942,271.4370909763351,0.020013845848832926,8.0
2943,271.4242068665033,0.020013845848832926,8.0
2944,271.42066743319214,0.020013845848832926,8.0
2945,271.4157024978419,0.020013845848832926,8.0
2946,271.4166566853403,0.020013845848832926,8.0
2947,271.44663899501296,0.020013845848832926,8.0
2948,271.4844576630256,0.020013845848832926,8.0
2949,271.5206566844844,0.020013845848832926,8.0
2950,271.5286090801224,0.020013845848832926,8.0
2951,271.52331099604953,0.020013845848832926,8.0
2952,271.51805555266634,0.020013845848832926,8.0
2953,271.50539641675675,0.020013845848832926,8.0
2954,271.503401156768,0.020013845848832926,8.0
2955,271.54119703609854,0.020013845848832926,8.0
2956,271.58715114982425,0.020013845848832926,8.0
2957,271.65169364521114,0.020013845848832926,8.0
2958,271.693929614157,0.020013845848832926,8.0
2959,271.7191239675981,0.020013845848832926,8.0
2960,271.72679427025275,0.020013845848832926,8.0
2961,271.74009013319363,0.020013845848832926,8.0
2962,271.72917467580146,0.020013845848832926,8.0
2963,271.71382500324194,0.020013845848832926,8.0
2964,271.6871253954944,0.020013845848832926,8.0
2965,271.6621817191974,0.020013845848832926,8.0
2966,271.63234403183867,0.020013845848832926,8.0
2967,271.610124378939,0.020013845848832926,8.0
2968,271.60317344438005,0.020013845848832926,8.0
2969,271.60094460121894,0.020013845848832926,8.0
2970,271.61464219914706,0.020013845848832926,8.0
2971,271.6436590123551,0.020013845848832926,8.0
2972,271.6757975003483,0.020013845848832926,8.0
2973,271.7154888873627,0.020013845848832926,8.0
2974,271.76523669153516,0.020013845848832926,8.0
2975,271.7602665316176,0.020013845848832926,8.0
2976,271.7389215470813,0.020013845848832926,8.0
2977,271.7178593436997,0.020013845848832926,8.0
2978,271.71539517472166,0.020013845848832926,8.0
2979,271.73750151875294,0.020013845848832926,8.0
2980,271.7702156917664,0.020013845848832926,8.0
2981,271.82999956751496,0.020013845848832926,8.0
2982,271.9135992677717,0.020013845848832926,8.0
2983,272.02766107862954,0.020013845848832926,8.0
2984,272.12322597505573,0.020013845848832926,8.0
2985,272.1740503966057,0.020013845848832926,8.0
2986,272.24915129453154,0.020013845848832926,8.0
2987,273.09971444913424,0.020013845848832926,8.0
2988,273.4501549444318,0.020013845848832926,8.0
2989,273.5872211163869,0.020013845848832926,8.0
2990,273.6773787979885,0.020013845848832926,8.0
2991,273.8178730064068,0.020013845848832926,8.0
2992,274.4304419729503,0.020013845848832926,8.0
2993,274.82367227638554,0.020013845848832926,8.0
2994,274.9493134921921,0.020013845848832926,8.0
2995,275.03543599656325,0.020013845848832926,8.0
2996,275.1059895647467,0.020013845848832926,8.0
2997,275.1723809330491,0.020013845848832926,8.0
2998,275.2096979033556,0.020013845848832926,8.0
2999,275.2195916952709,0.020013845848832926,8.0
3000,275.23779594959046,0.020013845848832926,8.0
3001,275.25908245031667,0.020013845848832926,8.0
3002,275.31929286263096,0.020013845848832926,8.0
3003,275.3672647810387,0.020013845848832926,8.0
3004,275.397603153291,0.020013845848832926,8.0
3005,275.41141271169045,0.020013845848832926,8.0
3006,275.47949030266756,0.020013845848832926,8.0
3007,275.5511941940172,0.020013845848832926,8.0
3008,275.56107114256605,0.020013845848832926,8.0
3009,275.58717169626664,0.020013845848832926,8.0
3010,275.5868065840675,0.020013845848832926,8.0
3011,275.8430415010977,0.020013845848832926,8.0
3012,275.83581101064726,0.020013845848832926,8.0
3013,275.83536241651433,0.020013845848832926,8.0
3014,275.8508027621972,0.020013845848832926,8.0
3015,275.8847210063218,0.020013845848832926,8.0
3016,276.09248320705353,0.020013845848832926,8.0
3017,276.20142758691435,0.020013845848832926,8.0
3018,276.2520749162963,0.020013845848832926,8.0
3019,276.2900656184814,0.020013845848832926,8.0
3020,276.35049882814076,0.020013845848832926,8.0
3021,276.4049163692776,0.020013845848832926,8.0
3022,276.4511840609141,0.020013845848832926,8.0
3023,276.48237127302986,0.020013845848832926,8.0
3024,276.48057844346766,0.020013845848832926,8.0
3025,276.4921381477013,0.020013845848832926,8.0
3026,276.5409092645087,0.020013845848832926,8.0
3027,276.5757262954248,0.020013845848832926,8.0
3028,276.62012977886343,0.020013845848832926,8.0
3029,276.66556272435537,0.020013845848832926,8.0
3030,276.7214291694436,0.020013845848832926,8.0
3031,277.2588746046218,0.020013845848832926,8.0
3032,277.6707600344296,0.020013845848832926,8.0
3033,277.790195666226,0.020013845848832926,8.0
3034,277.8604702282865,0.020013845848832926,8.0
3035,277.90853380017995,0.020013845848832926,8.0
3036,277.92217759326394,0.020013845848832926,8.0
3037,277.91621774765343,0.020013845848832926,8.0
3038,277.94090458003,0.020013845848832926,8.0
3039,277.93817511441034,0.020013845848832926,8.0
3040,277.9363526257506,0.020013845848832926,8.0
3041,277.92718042920035,0.020013845848832926,8.0
3042,277.92318303698374,0.020013845848832926,8.0
3043,277.94805642838384,0.020013845848832926,8.0
3044,278.00365324875924,0.020013845848832926,8.0
3045,278.0480600170502,0.020013845848832926,8.0
3046,278.05667468315653,0.020013845848832926,8.0
3047,278.0508863649981,0.020013845848832926,8.0
3048,278.0350690961082,0.020013845848832926,8.0
3049,278.030944537731,0.020013845848832926,8.0
3050,278.1246606173714,0.020013845848832926,8.0
3051,278.19778695647557,0.020013845848832926,8.0
3052,278.26601013453575,0.020013845848832926,8.0
3053,278.26042387312725,0.020013845848832926,8.0
3054,278.3262473940703,0.020013845848832926,8.0
3055,278.3422547835158,0.020013845848832926,8.0
3056,278.3385886891688,0.020013845848832926,8.0
3057,278.3401104543532,0.020013845848832926,8.0
3058,278.33627508537734,0.020013845848832926,8.0
3059,278.3214545851489,0.020013845848832926,8.0
3060,278.29984224488845,0.020013845848832926,8.0
3061,278.2879152831627,0.020013845848832926,8.0
3062,278.3860887527889,0.020013845848832926,8.0
3063,278.36915646867453,0.020013845848832926,8.0
3064,278.3580839682683,0.020013845848832926,8.0
3065,278.34970581563516,0.020013845848832926,8.0
3066,278.34738649603065,0.020013845848832926,8.0
3067,278.3772040611759,0.020013845848832926,8.0
3068,278.4048644901566,0.020013845848832926,8.0
3069,278.471416167008,0.020013845848832926,8.0
3070,278.47124487320264,0.020013845848832926,8.0
3071,278.4657968642762,0.020013845848832926,8.0
3072,278.44500418249226,0.020013845848832926,8.0
3073,278.4351546303208,0.020013845848832926,8.0
3074,278.4905870375523,0.020013845848832926,8.0
3075,278.49038601673595,0.020013845848832926,8.0
3076,278.5247601597975,0.020013845848832926,8.0
3077,278.5943221906905,0.020013845848832926,8.0
3078,278.67989952618746,0.020013845848832926,8.0
3079,278.73236269071646,0.020013845848832926,8.0
3080,278.725022059608,0.020013845848832926,8.0
3081,278.7196016857758,0.020013845848832926,8.0
3082,278.70094773608383,0.020013845848832926,8.0
3083,278.69052677804126,0.020013845848832926,8.0
3084,278.6806630697058,0.020013845848832926,8.0
3085,278.6642697476978,0.020013845848832926,8.0
3086,278.64688079860787,0.020013845848832926,8.0
3087,278.64614694884324,0.020013845848832926,8.0
3088,278.64192609261926,0.020013845848832926,8.0
3089,278.63265734554545,0.020013845848832926,8.0
3090,278.62945850015893,0.020013845848832926,8.0
3091,278.66276909521366,0.020013845848832926,8.0
3092,278.6862019597403,0.020013845848832926,8.0
3093,278.68009026315036,0.020013845848832926,8.0
3094,278.6807760629173,0.020013845848832926,8.0
3095,278.71195581806086,0.020013845848832926,8.0
3096,278.78029218906636,0.020013845848832926,8.0
3097,278.7708993136796,0.020013845848832926,8.0
3098,278.77275813342084,0.020013845848832926,8.0
3099,278.7985557250113,0.020013845848832926,8.0
3100,278.8269331772891,0.020013845848832926,8.0
3101,278.8755525518215,0.020013845848832926,8.0
3102,278.8839604926204,0.020013845848832926,8.0
3103,278.8835416648687,0.020013845848832926,8.0
3104,278.89712287886607,0.020013845848832926,8.0
3105,278.8964614472115,0.020013845848832926,8.0
3106,278.88893097884505,0.020013845848832926,8.0
3107,278.8771956881178,0.020013845848832926,8.0
3108,278.90209440478,0.020013845848832926,8.0
3109,278.8967536769814,0.020013845848832926,8.0
3110,278.89229823036834,0.020013845848832926,8.0
3111,278.8920486112687,0.020013845848832926,8.0
3112,278.88230580221943,0.020013845848832926,8.0
3113,278.87498575867215,0.020013845848832926,8.0
3114,278.8732314286139,0.020013845848832926,8.0
3115,278.8849139723199,0.020013845848832926,8.0
3116,278.9006063061763,0.020013845848832926,8.0
3117,278.9075127594754,0.020013845848832926,8.0
3118,278.9227880062205,0.020013845848832926,8.0
3119,278.9526126838138,0.020013845848832926,8.0
3120,279.0052045971551,0.020013845848832926,8.0
3121,279.00053653415307,0.020013845848832926,8.0
3122,278.99471315700356,0.020013845848832926,8.0
3123,279.02462388129896,0.020013845848832926,8.0
3124,279.0542539701072,0.020013845848832926,8.0
3125,279.1146180965858,0.020013845848832926,8.0
3126,279.1512344434147,0.020013845848832926,8.0
3127,279.15022389970613,0.020013845848832926,8.0
3128,279.15519612868343,0.020013845848832926,8.0
3129,279.1523476463864,0.020013845848832926,8.0
3130,279.3742639610322,0.020013845848832926,8.0
3131,279.8259931331653,0.020013845848832926,8.0
3132,280.1283222775614,0.020013845848832926,8.0
3133,280.14750919474807,0.020013845848832926,8.0
3134,280.14515649211546,0.020013845848832926,8.0
3135,280.14170857948835,0.020013845848832926,8.0
3136,280.1625777831989,0.020013845848832926,8.0
3137,280.1683411086834,0.020013845848832926,8.0
3138,280.22440518143594,0.020013845848832926,8.0
3139,280.2890123217811,0.020013845848832926,8.0
3140,280.32555437789205,0.020013845848832926,8.0
3141,280.3616058830792,0.020013845848832926,8.0
3142,280.4197843741389,0.020013845848832926,8.0
3143,280.4527942291112,0.020013845848832926,8.0
3144,280.4778565239651,0.020013845848832926,8.0
3145,280.47981976736446,0.020013845848832926,8.0
3146,280.52005039048424,0.020013845848832926,8.0
3147,280.55112425410164,0.020013845848832926,8.0
3148,280.58891895107155,0.020013845848832926,8.0
3149,280.67013419028734,0.020013845848832926,8.0
3150,280.7240641846447,0.020013845848832926,8.0
3151,280.7540119953731,0.020013845848832926,8.0
3152,280.7938634346582,0.020013845848832926,8.0
3153,280.800778476697,0.020013845848832926,8.0
3154,280.7968302228307,0.020013845848832926,8.0
3155,280.78422126036554,0.020013845848832926,8.0
3156,280.76162592072274,0.020013845848832926,8.0
3157,280.7528181862318,0.020013845848832926,8.0
3158,280.7378295588741,0.020013845848832926,8.0
3159,280.71406835431316,0.020013845848832926,8.0
3160,280.69541449275084,0.020013845848832926,8.0
3161,280.6861490415384,0.020013845848832926,8.0
3162,280.6828735371107,0.020013845848832926,8.0
3163,280.6845017033351,0.020013845848832926,8.0
3164,280.70564634023077,0.020013845848832926,8.0
3165,280.7401111021087,0.020013845848832926,8.0
3166,280.7456179291484,0.020013845848832926,8.0
3167,280.79563327610373,0.020013845848832926,8.0
3168,280.7886115955188,0.020013845848832926,8.0
3169,280.77901275494526,0.020013845848832926,8.0
3170,280.7878318980068,0.020013845848832926,8.0
3171,280.8262846126159,0.020013845848832926,8.0
3172,280.8755176500721,0.020013845848832926,8.0
3173,280.9366252360631,0.020013845848832926,8.0
3174,281.01301282065384,0.020013845848832926,8.0
3175,281.0569925088097,0.020013845848832926,8.0
3176,281.05282294927883,0.020013845848832926,8.0
3177,281.04296309933596,0.020013845848832926,8.0
3178,281.2588242880081,0.020013845848832926,8.0
3179,281.5663536198849,0.020013845848832926,8.0
3180,281.963629671708,0.020013845848832926,8.0
3181,282.39042796254006,0.020013845848832926,8.0
3182,282.69668726445593,0.020013845848832926,8.0
3183,282.72396503677504,0.020013845848832926,8.0
3184,282.7397278994193,0.020013845848832926,8.0
3185,282.7374258087231,0.020013845848832926,8.0
3186,282.7567499962751,0.020013845848832926,8.0
3187,282.79246930892447,0.020013845848832926,8.0
3188,282.8142696015153,0.020013845848832926,8.0
3189,282.84668337776094,0.020013845848832926,8.0
3190,282.8676830345285,0.020013845848832926,8.0
3191,282.8844403094506,0.020013845848832926,8.0
3192,282.874262133489,0.020013845848832926,8.0
3193,282.8758408755326,0.020013845848832926,8.0
3194,282.9003266861571,0.020013845848832926,8.0
3195,282.9256349022866,0.020013845848832926,8.0
3196,282.9735295436544,0.020013845848832926,8.0
3197,283.0517279130067,0.020013845848832926,8.0
3198,283.10546631014233,0.020013845848832926,8.0
3199,283.1749531715641,0.020013845848832926,8.0
3200,283.1998845358392,0.020013845848832926,8.0
3201,283.1943572354799,0.020013845848832926,8.0
3202,283.1726553773818,0.020013845848832926,8.0
3203,283.1470146667334,0.020013845848832926,8.0
3204,283.1228252789552,0.020013845848832926,8.0
3205,283.12182672939224,0.020013845848832926,8.0
3206,283.1023819839533,0.020013845848832926,8.0
3207,283.0776459572723,0.020013845848832926,8.0
3208,283.0605868435924,0.020013845848832926,8.0
3209,283.050101301368,0.020013845848832926,8.0
3210,283.0717016345399,0.020013845848832926,8.0
3211,283.12233277193786,0.020013845848832926,8.0
3212,283.14940173873293,0.020013845848832926,8.0
3213,283.19736860721486,0.020013845848832926,8.0
3214,283.2399696296353,0.020013845848832926,8.0
3215,283.2398425779474,0.020013845848832926,8.0
3216,283.2305975404621,0.020013845848832926,8.0
3217,283.2295883328023,0.020013845848832926,8.0
3218,283.22159464769675,0.020013845848832926,8.0
3219,283.2325984109157,0.020013845848832926,8.0
3220,283.2717698052137,0.020013845848832926,8.0
3221,283.2882264494294,0.020013845848832926,8.0
3222,283.32493838160053,0.020013845848832926,8.0
3223,283.40529359076316,0.020013845848832926,8.0
3224,283.46099253901275,0.020013845848832926,8.0
3225,283.4866789032742,0.020013845848832926,8.0
3226,283.4863514214187,0.020013845848832926,8.0
3227,283.5256901507623,0.020013845848832926,8.0
3228,283.52048362220836,0.020013845848832926,8.0
3229,283.5140552975891,0.020013845848832926,8.0
3230,283.50280444099633,0.020013845848832926,8.0
3231,283.48740283590587,0.020013845848832926,8.0
3232,283.4715513427585,0.020013845848832926,8.0
3233,283.4634299779557,0.020013845848832926,8.0
3234,283.460966848637,0.020013845848832926,8.0
3235,283.48416679954966,0.020013845848832926,8.0
3236,283.4926547718511,0.020013845848832926,8.0
3237,283.52607936174815,0.020013845848832926,8.0
3238,283.56661506634185,0.020013845848832926,8.0
3239,283.59656069227503,0.020013845848832926,8.0
3240,283.59593396500645,0.020013845848832926,8.0
3241,283.5935487508079,0.020013845848832926,8.0
3242,283.60583498305334,0.020013845848832926,8.0
3243,283.63420923473893,0.020013845848832926,8.0
3244,283.67038716988475,0.020013845848832926,8.0
3245,283.70791771942794,0.020013845848832926,8.0
3246,283.72125418508807,0.020013845848832926,8.0
3247,283.72038758634994,0.020013845848832926,8.0
3248,283.72035946530303,0.020013845848832926,8.0
3249,283.71762852142325,0.020013845848832926,8.0
3250,283.704545757569,0.020013845848832926,8.0
3251,283.69025506216843,0.020013845848832926,8.0
3252,283.6745950753852,0.020013845848832926,8.0
3253,283.65630613342455,0.020013845848832926,8.0
3254,283.63985163245343,0.020013845848832926,8.0
3255,283.6229735632214,0.020013845848832926,8.0
3256,283.6069727996762,0.020013845848832926,8.0
3257,283.5961025112369,0.020013845848832926,8.0
3258,283.59167349758854,0.020013845848832926,8.0
3259,283.60999819343374,0.020013845848832926,8.0
3260,283.62799608243165,0.020013845848832926,8.0
3261,283.6637552523248,0.020013845848832926,8.0
3262,283.6754754677963,0.020013845848832926,8.0
3263,283.7100624587275,0.020013845848832926,8.0
3264,283.69747289500623,0.020013845848832926,8.0
3265,283.69500227710364,0.020013845848832926,8.0
3266,283.68159899485795,0.020013845848832926,8.0
3267,283.67884788744516,0.020013845848832926,8.0
3268,283.67674364045064,0.020013845848832926,8.0
3269,283.74252055549044,0.020013845848832926,8.0
3270,283.77687418099674,0.020013845848832926,8.0
3271,283.81631234683164,0.020013845848832926,8.0
3272,283.83850905067544,0.020013845848832926,8.0
3273,283.8340442515394,0.020013845848832926,8.0
3274,283.82070134701297,0.020013845848832926,8.0
3275,283.809992922733,0.020013845848832926,8.0
3276,283.78549766591027,0.020013845848832926,8.0
3277,283.76240325460935,0.020013845848832926,8.0
3278,283.73549996621125,0.020013845848832926,8.0
3279,283.70730445258613,0.020013845848832926,8.0
3280,283.68852528077963,0.020013845848832926,8.0
3281,283.67284651428156,0.020013845848832926,8.0
3282,283.6661564743292,0.020013845848832926,8.0
3283,283.69758798359794,0.020013845848832926,8.0
3284,283.7063110179534,0.020013845848832926,8.0
3285,283.73924526878454,0.020013845848832926,8.0
3286,283.7462038833233,0.020013845848832926,8.0
3287,283.7464392984424,0.020013845848832926,8.0
3288,283.74160112735433,0.020013845848832926,8.0
3289,283.73978415236974,0.020013845848832926,8.0
3290,283.7678014958592,0.020013845848832926,8.0
3291,283.7707003222016,0.020013845848832926,8.0
3292,283.81822320956496,0.020013845848832926,8.0
3293,283.8916528328012,0.020013845848832926,8.0
3294,283.96124470624045,0.020013845848832926,8.0
3295,283.99236287642145,0.020013845848832926,8.0
3296,284.06274517201496,0.020013845848832926,8.0
3297,284.0604926073968,0.020013845848832926,8.0
3298,284.0433739903366,0.020013845848832926,8.0
3299,284.03093013098294,0.020013845848832926,8.0
3300,284.01026888245053,0.020013845848832926,8.0
3301,283.991097318629,0.020013845848832926,8.0
3302,283.9608039970173,0.020013845848832926,8.0
3303,283.93770911629287,0.020013845848832926,8.0
3304,283.9368891757571,0.020013845848832926,8.0
3305,283.9296663729287,0.020013845848832926,8.0
3306,283.9250538747203,0.020013845848832926,8.0
3307,283.96368253379114,0.020013845848832926,8.0
3308,283.98323813813516,0.020013845848832926,8.0
3309,284.0047905130687,0.020013845848832926,8.0
3310,284.0000634886815,0.020013845848832926,8.0
3311,284.0112575552812,0.020013845848832926,8.0
3312,284.0496377666914,0.020013845848832926,8.0
3313,284.0426957828443,0.020013845848832926,8.0
3314,284.04392916828175,0.020013845848832926,8.0
3315,284.080408348699,0.020013845848832926,8.0
3316,284.11658954048426,0.020013845848832926,8.0
3317,284.17768289382667,0.020013845848832926,8.0
3318,284.21414872694817,0.020013845848832926,8.0
3319,284.2442973127335,0.020013845848832926,8.0
3320,284.31233691920187,0.020013845848832926,8.0
3321,284.3725227675073,0.020013845848832926,8.0
3322,284.40272375993203,0.020013845848832926,8.0
3323,284.3863880319622,0.020013845848832926,8.0
3324,284.3607408197729,0.020013845848832926,8.0
3325,284.33419734746644,0.020013845848832926,8.0
3326,284.3058958161689,0.020013845848832926,8.0
3327,284.28115749475813,0.020013845848832926,8.0
3328,284.2515384041557,0.020013845848832926,8.0
3329,284.23341782784377,0.020013845848832926,8.0
3330,284.22399361231754,0.020013845848832926,8.0
3331,284.23777852701556,0.020013845848832926,8.0
3332,284.2643204819307,0.020013845848832926,8.0
3333,284.30236606853214,0.020013845848832926,8.0
3334,284.3163600258822,0.020013845848832926,8.0
3335,284.35286213045873,0.020013845848832926,8.0
3336,284.35106001374004,0.020013845848832926,8.0
3337,284.344251096703,0.020013845848832926,8.0
3338,284.33712041122993,0.020013845848832926,8.0
3339,284.36408928113144,0.020013845848832926,8.0
3340,284.39782372285623,0.020013845848832926,8.0
3341,284.44850644166536,0.020013845848832926,8.0
3342,284.53722028069075,0.020013845848832926,8.0
3343,284.62485391758213,0.020013845848832926,8.0
3344,284.64195529146673,0.020013845848832926,8.0
3345,284.62937570475066,0.020013845848832926,8.0
3346,284.6185167970516,0.020013845848832926,8.0
3347,284.5987047222873,0.020013845848832926,8.0
3348,284.57444269952686,0.020013845848832926,8.0
3349,284.54780226080186,0.020013845848832926,8.0
3350,284.51019922795564,0.020013845848832926,8.0
3351,284.4692687265522,0.020013845848832926,8.0
3352,284.443935073214,0.020013845848832926,8.0
3353,284.4247609423551,0.020013845848832926,8.0
3354,284.41221187149404,0.020013845848832926,8.0
3355,284.4195139767701,0.020013845848832926,8.0
3356,284.4154333602058,0.020013845848832926,8.0
3357,284.4367495466387,0.020013845848832926,8.0
3358,284.44517274591124,0.020013845848832926,8.0
3359,284.4667757541752,0.020013845848832926,8.0
3360,284.462414295819,0.020013845848832926,8.0
3361,284.4550416738789,0.020013845848832926,8.0
3362,284.4492117028488,0.020013845848832926,8.0
3363,284.46203005884865,0.020013845848832926,8.0
3364,284.49081436182655,0.020013845848832926,8.0
3365,284.5074934452402,0.020013845848832926,8.0
3366,284.5621526115848,0.020013845848832926,8.0
3367,284.65774072305334,0.020013845848832926,8.0
3368,284.68500324842506,0.020013845848832926,8.0
3369,284.67981959003066,0.020013845848832926,8.0
3370,285.0542916921482,0.020013845848832926,8.0
3371,285.1203299379048,0.020013845848832926,8.0
3372,285.09667840427164,0.020013845848832926,8.0
3373,285.0696753048168,0.020013845848832926,8.0
3374,285.05992613675056,0.020013845848832926,8.0
3375,285.05332855736077,0.020013845848832926,8.0
3376,285.0397193122042,0.020013845848832926,8.0
3377,285.03436628061996,0.020013845848832926,8.0
3378,285.04438714024326,0.020013845848832926,8.0
3379,285.07495641105265,0.020013845848832926,8.0
3380,285.1098324568191,0.020013845848832926,8.0
3381,285.1379651511766,0.020013845848832926,8.0
3382,285.1558590363247,0.020013845848832926,8.0
3383,285.1792182149363,0.020013845848832926,8.0
3384,285.1609270473256,0.020013845848832926,8.0
3385,285.1587017332605,0.020013845848832926,8.0
3386,285.1552394202756,0.020013845848832926,8.0
3387,285.17691210157477,0.020013845848832926,8.0
3388,285.20176754172144,0.020013845848832926,8.0
3389,285.2626611435239,0.020013845848832926,8.0
3390,285.3157915722703,0.020013845848832926,8.0
3391,285.37229531061035,0.020013845848832926,8.0
3392,286.10285861286127,0.020013845848832926,8.0
3393,286.83167337489164,0.020013845848832926,8.0
3394,286.9780482327325,0.020013845848832926,8.0
3395,286.9645954950717,0.020013845848832926,8.0
3396,286.94236342295426,0.020013845848832926,8.0
3397,286.9300133532159,0.020013845848832926,8.0
3398,286.9082880551491,0.020013845848832926,8.0
3399,286.8778306134995,0.020013845848832926,8.0
3400,286.85208784788455,0.020013845848832926,8.0
3401,286.8376999326849,0.020013845848832926,8.0
3402,286.8345216729581,0.020013845848832926,8.0
3403,286.8515616147368,0.020013845848832926,8.0
3404,286.8766693871513,0.020013845848832926,8.0
3405,286.8880629805441,0.020013845848832926,8.0
3406,286.8861874193324,0.020013845848832926,8.0
3407,286.90412442280933,0.020013845848832926,8.0
3408,286.8765916121421,0.020013845848832926,8.0
3409,286.85728061891575,0.020013845848832926,8.0
3410,286.87992041841477,0.020013845848832926,8.0
3411,286.91162422927357,0.020013845848832926,8.0
3412,286.9827253481206,0.020013845848832926,8.0
3413,287.0111727138158,0.020013845848832926,8.0
3414,287.01240505694506,0.020013845848832926,8.0
3415,287.0110134979524,0.020013845848832926,8.0
3416,287.0101947581264,0.020013845848832926,8.0
3417,287.0071928692607,0.020013845848832926,8.0
3418,287.0006199119758,0.020013845848832926,8.0
3419,286.9771345957983,0.020013845848832926,8.0
3420,286.9464542953434,0.020013845848832926,8.0
3421,286.9100768523816,0.020013845848832926,8.0
3422,286.88137285933686,0.020013845848832926,8.0
3423,286.8540479033278,0.020013845848832926,8.0
3424,286.83042054646444,0.020013845848832926,8.0
3425,286.81902928892777,0.020013845848832926,8.0
3426,286.84747743195766,0.020013845848832926,8.0
3427,286.8468977397495,0.020013845848832926,8.0
3428,286.8843777114927,0.020013845848832926,8.0
3429,286.8919499751013,0.020013845848832926,8.0
3430,286.890159730041,0.020013845848832926,8.0
3431,286.88766550372503,0.020013845848832926,8.0
3432,286.8702773100689,0.020013845848832926,8.0
3433,286.85196900244193,0.020013845848832926,8.0
3434,286.84489236902886,0.020013845848832926,8.0
3435,286.85072516074746,0.020013845848832926,8.0
3436,286.8771942776842,0.020013845848832926,8.0
3437,286.9289223096728,0.020013845848832926,8.0
3438,286.9617697336356,0.020013845848832926,8.0
3439,287.02951492629137,0.020013845848832926,8.0
3440,287.07006691649843,0.020013845848832926,8.0
3441,287.0831180731232,0.020013845848832926,8.0
3442,287.0741634983144,0.020013845848832926,8.0
3443,287.0515119243517,0.020013845848832926,8.0
3444,287.0209818746424,0.020013845848832926,8.0
3445,286.9868905187076,0.020013845848832926,8.0
3446,286.94574348070375,0.020013845848832926,8.0
3447,286.90942464189214,0.020013845848832926,8.0
3448,286.87897190921495,0.020013845848832926,8.0
3449,286.86501131751055,0.020013845848832926,8.0
3450,286.861590565538,0.020013845848832926,8.0
3451,286.89351275248526,0.020013845848832926,8.0
3452,286.9094513387647,0.020013845848832926,8.0
3453,286.89876378478976,0.020013845848832926,8.0
3454,286.9275191818482,0.020013845848832926,8.0
3455,286.9265677025957,0.020013845848832926,8.0
3456,286.90752565790854,0.020013845848832926,8.0
3457,286.87844994644666,0.020013845848832926,8.0
3458,286.8729986998604,0.020013845848832926,8.0
3459,286.87238696952005,0.020013845848832926,8.0
3460,286.90908932072887,0.020013845848832926,8.0
3461,286.9401235813652,0.020013845848832926,8.0
3462,286.9712864207544,0.020013845848832926,8.0
3463,287.0280690619317,0.020013845848832926,8.0
3464,287.06714753869653,0.020013845848832926,8.0
3465,287.0684429755447,0.020013845848832926,8.0
3466,287.05503392971474,0.020013845848832926,8.0
3467,287.0272819020999,0.020013845848832926,8.0
3468,286.99147871954943,0.020013845848832926,8.0
3469,286.949999624402,0.020013845848832926,8.0
3470,286.91542794188064,0.020013845848832926,8.0
3471,286.8815693354793,0.020013845848832926,8.0
3472,286.85516649837444,0.020013845848832926,8.0
3473,286.8450936482031,0.020013845848832926,8.0
3474,286.8583764188953,0.020013845848832926,8.0
3475,286.8644334066334,0.020013845848832926,8.0
3476,286.8665855950993,0.020013845848832926,8.0
3477,286.88972103658597,0.020013845848832926,8.0
3478,286.895058024606,0.020013845848832926,8.0
3479,286.8720159093009,0.020013845848832926,8.0
3480,286.8452919339029,0.020013845848832926,8.0
3481,286.83206543336246,0.020013845848832926,8.0
3482,286.8469176600806,0.020013845848832926,8.0
3483,286.8590085659033,0.020013845848832926,8.0
3484,286.8940956724564,0.020013845848832926,8.0
3485,286.89854515371684,0.020013845848832926,8.0
3486,286.9326478706371,0.020013845848832926,8.0
3487,286.98540484118917,0.020013845848832926,8.0
3488,287.0099468938065,0.020013845848832926,8.0
3489,287.00737640159235,0.020013845848832926,8.0
3490,287.2697446650594,0.020013845848832926,8.0
3491,287.98035073002825,0.020013845848832926,8.0
3492,288.1034322313467,0.020013845848832926,8.0
3493,288.08458147007576,0.020013845848832926,8.0
3494,288.06395247879334,0.020013845848832926,8.0
3495,288.0429321548526,0.020013845848832926,8.0
3496,288.0222232716451,0.020013845848832926,8.0
3497,288.0161660017439,0.020013845848832926,8.0
3498,288.0729581677329,0.020013845848832926,8.0
3499,288.105303982022,0.020013845848832926,8.0
3500,288.16817132023965,0.020013845848832926,8.0
3501,288.1778520493179,0.020013845848832926,8.0
3502,288.1773918752586,0.020013845848832926,8.0
3503,288.17374162814207,0.020013845848832926,8.0
3504,288.1575946299335,0.020013845848832926,8.0
3505,288.15061167165067,0.020013845848832926,8.0
3506,288.14956641760705,0.020013845848832926,8.0
3507,288.1716775974258,0.020013845848832926,8.0
3508,288.2068265319821,0.020013845848832926,8.0
3509,288.2536348116226,0.020013845848832926,8.0
3510,288.3096401195822,0.020013845848832926,8.0
3511,288.3255941719127,0.020013845848832926,8.0
3512,288.3253567664519,0.020013845848832926,8.0
3513,288.3300102686441,0.020013845848832926,8.0
3514,288.3087999515109,0.020013845848832926,8.0
3515,288.27749570842764,0.020013845848832926,8.0
3516,288.25212332760634,0.020013845848832926,8.0
3517,288.2306794885219,0.020013845848832926,8.0
3518,288.2029985976346,0.020013845848832926,8.0
3519,288.1688356179409,0.020013845848832926,8.0
3520,288.14689355062063,0.020013845848832926,8.0
3521,288.1283472869951,0.020013845848832926,8.0
3522,288.12250740930347,0.020013845848832926,8.0
3523,288.1274485346773,0.020013845848832926,8.0
3524,288.1592784491947,0.020013845848832926,8.0
3525,288.18018161539976,0.020013845848832926,8.0
3526,288.16662866624137,0.020013845848832926,8.0
3527,288.1496209069852,0.020013845848832926,8.0
3528,288.130555079928,0.020013845848832926,8.0
3529,288.1253270916546,0.020013845848832926,8.0
3530,288.1233008372828,0.020013845848832926,8.0
3531,288.1403043213386,0.020013845848832926,8.0
3532,288.1834979456117,0.020013845848832926,8.0
3533,288.22896436891847,0.020013845848832926,8.0
3534,288.3178924104812,0.020013845848832926,8.0
3535,288.4053540760007,0.020013845848832926,8.0
3536,288.588001012844,0.020013845848832926,8.0
3537,289.10856915797126,0.020013845848832926,8.0
3538,289.5770634591194,0.020013845848832926,8.0
3539,289.86948943337165,0.020013845848832926,8.0
3540,289.8942186376886,0.020013845848832926,8.0
3541,289.88483748205516,0.020013845848832926,8.0
3542,289.91118713026344,0.020013845848832926,8.0
3543,289.90506417343533,0.020013845848832926,8.0
3544,289.89305886079256,0.020013845848832926,8.0
3545,289.8834006461115,0.020013845848832926,8.0
3546,289.91039498421003,0.020013845848832926,8.0
3547,289.91907994640525,0.020013845848832926,8.0
3548,289.9327568810652,0.020013845848832926,8.0
3549,289.950389144654,0.020013845848832926,8.0
3550,289.9464467171696,0.020013845848832926,8.0
3551,289.9239903507742,0.020013845848832926,8.0
3552,289.90668178374904,0.020013845848832926,8.0
3553,289.90424173401186,0.020013845848832926,8.0
3554,289.90202419077167,0.020013845848832926,8.0
3555,289.9982833947992,0.020013845848832926,8.0
3556,290.0798445951033,0.020013845848832926,8.0
3557,290.15786548275025,0.020013845848832926,8.0
3558,290.21790137407095,0.020013845848832926,8.0
3559,290.2293787990739,0.020013845848832926,8.0
3560,290.2243000591815,0.020013845848832926,8.0
3561,290.5472521978261,0.020013845848832926,8.0
3562,291.05853766874577,0.020013845848832926,8.0
3563,291.04864686592725,0.020013845848832926,8.0
3564,291.031035141836,0.020013845848832926,8.0
3565,291.006954806317,0.020013845848832926,8.0
3566,290.9858893165312,0.020013845848832926,8.0
3567,290.952185322079,0.020013845848832926,8.0
3568,290.9286464272454,0.020013845848832926,8.0
3569,290.9186746694031,0.020013845848832926,8.0
3570,290.9165563141312,0.020013845848832926,8.0
3571,290.9568944603694,0.020013845848832926,8.0
3572,290.9559571549185,0.020013845848832926,8.0
3573,291.0110210251028,0.020013845848832926,8.0
3574,291.0074684494782,0.020013845848832926,8.0
3575,291.00379765106095,0.020013845848832926,8.0
3576,290.9778237760359,0.020013845848832926,8.0
3577,290.95545459782824,0.020013845848832926,8.0
3578,290.95122394684853,0.020013845848832926,8.0
3579,290.9553173873116,0.020013845848832926,8.0
3580,291.0250733051357,0.020013845848832926,8.0
3581,291.0899082747658,0.020013845848832926,8.0
3582,291.1328472975633,0.020013845848832926,8.0
3583,291.1655895148134,0.020013845848832926,8.0
3584,291.17796504225237,0.020013845848832926,8.0
3585,291.17736959462457,0.020013845848832926,8.0
3586,291.1763958122702,0.020013845848832926,8.0
3587,291.1685115238078,0.020013845848832926,8.0
3588,291.15430495042835,0.020013845848832926,8.0
3589,291.1334997642085,0.020013845848832926,8.0
3590,291.12301192496005,0.020013845848832926,8.0
3591,291.11042707840073,0.020013845848832926,8.0
3592,291.10710381963037,0.020013845848832926,8.0
3593,291.10695387085883,0.020013845848832926,8.0
3594,291.1188210512796,0.020013845848832926,8.0
3595,291.13079092391246,0.020013845848832926,8.0
3596,291.16487792648826,0.020013845848832926,8.0
3597,291.18620196721866,0.020013845848832926,8.0
3598,291.185145820414,0.020013845848832926,8.0
3599,291.18367647242115,0.020013845848832926,8.0
3600,291.15988641735044,0.020013845848832926,8.0
3601,291.1446466783132,0.020013845848832926,8.0
3602,291.1375117107902,0.020013845848832926,8.0
3603,291.16244064744063,0.020013845848832926,8.0
3604,291.1837298257803,0.020013845848832926,8.0
3605,291.20894666966615,0.020013845848832926,8.0
3606,291.2538725388473,0.020013845848832926,8.0
3607,291.2852622940863,0.020013845848832926,8.0
3608,291.2837004152844,0.020013845848832926,8.0
3609,291.5928113711685,0.020013845848832926,8.0
3610,292.15790675630325,0.020013845848832926,8.0
3611,293.072126884996,0.020013845848832926,8.0
3612,293.61310707991873,0.020013845848832926,8.0
3613,293.7766105470519,0.020013845848832926,8.0
3614,293.85738869701504,0.020013845848832926,8.0
3615,293.9430302356101,0.020013845848832926,8.0
3616,294.16098425632725,0.020013845848832926,8.0
3617,294.23903011107654,0.020013845848832926,8.0
3618,294.30221338305586,0.020013845848832926,8.0
3619,294.3764897837116,0.020013845848832926,8.0
3620,294.45220899740366,0.020013845848832926,8.0
3621,294.52366556738616,0.020013845848832926,8.0
3622,294.5727443731888,0.020013845848832926,8.0
3623,294.64646217682497,0.020013845848832926,8.0
3624,294.6947063220665,0.020013845848832926,8.0
3625,294.70096935398703,0.020013845848832926,8.0
3626,294.743463499646,0.020013845848832926,8.0
3627,294.7822830960239,0.020013845848832926,8.0
3628,294.85802203605994,0.020013845848832926,8.0
3629,294.926291136838,0.020013845848832926,8.0
3630,295.00591494828984,0.020013845848832926,8.0
3631,295.0813767601495,0.020013845848832926,8.0
3632,295.1233617739606,0.020013845848832926,8.0
3633,295.14233757817425,0.020013845848832926,8.0
3634,295.20860650660455,0.020013845848832926,8.0
3635,295.3197703213711,0.020013845848832926,8.0
3636,295.3073581123584,0.020013845848832926,8.0
3637,295.2999162785607,0.020013845848832926,8.0
3638,295.2870694123288,0.020013845848832926,8.0
3639,295.27742333366996,0.020013845848832926,8.0
3640,295.2650165539943,0.020013845848832926,8.0
3641,295.2524953109537,0.020013845848832926,8.0
3642,295.24908949869655,0.020013845848832926,8.0
3643,295.270074015034,0.020013845848832926,8.0
3644,295.3225325684623,0.020013845848832926,8.0
3645,295.3571766934552,0.020013845848832926,8.0
3646,295.3879766465731,0.020013845848832926,8.0
3647,295.40492465214925,0.020013845848832926,8.0
3648,295.3995785301895,0.020013845848832926,8.0
3649,295.38962396260735,0.020013845848832926,8.0
3650,295.4535738296466,0.020013845848832926,8.0
3651,295.48329920220687,0.020013845848832926,8.0
3652,295.50262950538627,0.020013845848832926,8.0
3653,295.5286254909092,0.020013845848832926,8.0
3654,295.5490984600837,0.020013845848832926,8.0
3655,295.5918506692228,0.020013845848832926,8.0
3656,295.62087212314043,0.020013845848832926,8.0
3657,295.61525337222383,0.020013845848832926,8.0
3658,295.6026315234371,0.020013845848832926,8.0
3659,295.58446668830163,0.020013845848832926,8.0
3660,295.57478058821596,0.020013845848832926,8.0
3661,295.5560289393886,0.020013845848832926,8.0
3662,295.5320645654319,0.020013845848832926,8.0
3663,295.5145490329319,0.020013845848832926,8.0
3664,295.49360607488967,0.020013845848832926,8.0
3665,295.48355309792464,0.020013845848832926,8.0
3666,295.47488698580594,0.020013845848832926,8.0
3667,295.4841385452649,0.020013845848832926,8.0
3668,295.5248657955975,0.020013845848832926,8.0
3669,295.5227574345614,0.020013845848832926,8.0
3670,295.54266480316574,0.020013845848832926,8.0
3671,295.5293410994194,0.020013845848832926,8.0
3672,295.526415670843,0.020013845848832926,8.0
3673,295.5209701979652,0.020013845848832926,8.0
3674,295.5529497891963,0.020013845848832926,8.0
3675,295.56634958699703,0.020013845848832926,8.0
3676,295.63103660922786,0.020013845848832926,8.0
3677,295.67015169004463,0.020013845848832926,8.0
3678,295.71616328239867,0.020013845848832926,8.0
3679,295.7368359720759,0.020013845848832926,8.0
3680,295.7329306579487,0.020013845848832926,8.0
3681,295.73660362803236,0.020013845848832926,8.0
3682,295.76100092162784,0.020013845848832926,8.0
3683,295.75704322297327,0.020013845848832926,8.0
3684,295.75666753689006,0.020013845848832926,8.0
3685,295.7878295594079,0.020013845848832926,8.0
3686,295.80739160356876,0.020013845848832926,8.0
3687,296.11095542715486,0.020013845848832926,8.0
3688,296.71094178049816,0.020013845848832926,8.0
3689,296.83755510841075,0.020013845848832926,8.0
3690,296.8886830369175,0.020013845848832926,8.0
3691,296.93405804906007,0.020013845848832926,8.0
3692,296.9710033420093,0.020013845848832926,8.0
3693,297.01791165313796,0.020013845848832926,8.0
3694,297.068762852366,0.020013845848832926,8.0
3695,297.1228603979397,0.020013845848832926,8.0
3696,297.1342527747728,0.020013845848832926,8.0
3697,297.13366880222617,0.020013845848832926,8.0
3698,297.16019804203523,0.020013845848832926,8.0
3699,297.19844982643144,0.020013845848832926,8.0
3700,297.23127155114616,0.020013845848832926,8.0
3701,297.2624645073145,0.020013845848832926,8.0
3702,297.27804674083967,0.020013845848832926,8.0
3703,297.28843824266085,0.020013845848832926,8.0
3704,297.48254656641365,0.020013845848832926,8.0
3705,297.5228219608331,0.020013845848832926,8.0
3706,297.99362191320205,0.020013845848832926,8.0
3707,298.62627146826793,0.020013845848832926,8.0
3708,299.05470191513547,0.020013845848832926,8.0
3709,299.6528092288731,0.020013845848832926,8.0
3710,299.8526184581323,0.020013845848832926,8.0
3711,300.0593120787868,0.020013845848832926,8.0
3712,300.04288252341104,0.020013845848832926,8.0
3713,300.04496693730505,0.020013845848832926,8.0
3714,300.04983020277695,0.020013845848832926,8.0
3715,300.0657642866823,0.020013845848832926,8.0
3716,300.0968578182408,0.020013845848832926,8.0
3717,300.13588669314504,0.020013845848832926,8.0
3718,300.1583725324951,0.020013845848832926,8.0
3719,300.1944891065206,0.020013845848832926,8.0
3720,300.19233158898146,0.020013845848832926,8.0
3721,300.1877728335981,0.020013845848832926,8.0
3722,300.1832430466246,0.020013845848832926,8.0
3723,300.2607631202135,0.020013845848832926,8.0
3724,300.32579671799397,0.020013845848832926,8.0
3725,300.3905045884489,0.020013845848832926,8.0
3726,300.40806471257815,0.020013845848832926,8.0
3727,300.44233083375343,0.020013845848832926,8.0
3728,300.44129046599403,0.020013845848832926,8.0
3729,300.43530013975345,0.020013845848832926,8.0
3730,300.4160659875693,0.020013845848832926,8.0
3731,300.39767586920163,0.020013845848832926,8.0
3732,300.36748676320923,0.020013845848832926,8.0
3733,300.33445072064757,0.020013845848832926,8.0
3734,300.29981548261424,0.020013845848832926,8.0
3735,300.28577727592227,0.020013845848832926,8.0
3736,300.2685270503793,0.020013845848832926,8.0
3737,300.260651228733,0.020013845848832926,8.0
3738,300.2563645004677,0.020013845848832926,8.0
3739,300.29162729186197,0.020013845848832926,8.0
3740,300.32538346110226,0.020013845848832926,8.0
3741,300.33692033658957,0.020013845848832926,8.0
3742,300.33933268465455,0.020013845848832926,8.0
3743,300.38647083183133,0.020013845848832926,8.0
3744,300.3612661056256,0.020013845848832926,8.0
3745,300.3333602442711,0.020013845848832926,8.0
3746,300.33412866047775,0.020013845848832926,8.0
3747,300.3410141460729,0.020013845848832926,8.0
3748,300.38465786194746,0.020013845848832926,8.0
3749,300.3828005157618,0.020013845848832926,8.0
3750,300.43992771875287,0.020013845848832926,8.0
3751,300.47638698288137,0.020013845848832926,8.0
3752,300.536238640709,0.020013845848832926,8.0
3753,300.54065823803603,0.020013845848832926,8.0
3754,300.5296801322955,0.020013845848832926,8.0
3755,300.5207679793679,0.020013845848832926,8.0
3756,300.506352950081,0.020013845848832926,8.0
3757,300.5062198332875,0.020013845848832926,8.0
3758,300.5036828457785,0.020013845848832926,8.0
3759,300.50859226169126,0.020013845848832926,8.0
3760,300.5258230751599,0.020013845848832926,8.0
3761,300.5252969614463,0.020013845848832926,8.0
3762,300.5246028148696,0.020013845848832926,8.0
3763,300.5240001369075,0.020013845848832926,8.0
3764,300.5540143014312,0.020013845848832926,8.0
3765,300.5723777798004,0.020013845848832926,8.0
3766,300.5686201545242,0.020013845848832926,8.0
3767,300.56050676773634,0.020013845848832926,8.0
3768,300.55136010032504,0.020013845848832926,8.0
3769,300.54166248669515,0.020013845848832926,8.0
3770,300.58288288866015,0.020013845848832926,8.0
3771,300.62873268651555,0.020013845848832926,8.0
3772,300.66809786176026,0.020013845848832926,8.0
3773,300.7242604598674,0.020013845848832926,8.0
3774,300.75510235508534,0.020013845848832926,8.0
3775,300.75377579547893,0.020013845848832926,8.0
3776,300.7754656060203,0.020013845848832926,8.0
3777,300.7727205557489,0.020013845848832926,8.0
3778,301.3741558047202,0.020013845848832926,8.0
3779,301.7500140312047,0.020013845848832926,8.0
3780,301.82618170230927,0.020013845848832926,8.0
3781,301.8939467203446,0.020013845848832926,8.0
3782,301.9241726596874,0.020013845848832926,8.0
3783,301.9320995937255,0.020013845848832926,8.0
3784,301.9282950441243,0.020013845848832926,8.0
3785,301.92422446508243,0.020013845848832926,8.0
3786,301.9262953586016,0.020013845848832926,8.0
3787,301.92509674290227,0.020013845848832926,8.0
3788,301.92500551975104,0.020013845848832926,8.0
3789,301.93856869379454,0.020013845848832926,8.0
3790,301.9575242812145,0.020013845848832926,8.0
3791,301.95756679588294,0.020013845848832926,8.0
3792,301.94324873049146,0.020013845848832926,8.0
3793,301.93459788356483,0.020013845848832926,8.0
3794,301.95655149780634,0.020013845848832926,8.0
3795,301.97070457212993,0.020013845848832926,8.0
3796,301.9943430889244,0.020013845848832926,8.0
3797,302.04816636475334,0.020013845848832926,8.0
3798,302.1165659731304,0.020013845848832926,8.0
3799,302.11926816705585,0.020013845848832926,8.0
3800,302.28528246406455,0.020013845848832926,8.0
3801,302.77993504595923,0.020013845848832926,8.0
3802,303.2756703460388,0.020013845848832926,8.0
3803,303.6026380051685,0.020013845848832926,8.0
3804,303.81654509877586,0.020013845848832926,8.0
3805,303.9631351004398,0.020013845848832926,8.0
3806,303.9598457182396,0.020013845848832926,8.0
3807,303.9547646874128,0.020013845848832926,8.0
3808,303.9505958080499,0.020013845848832926,8.0
3809,303.94695861616697,0.020013845848832926,8.0
3810,303.94641716317904,0.020013845848832926,8.0
3811,303.98716546533535,0.020013845848832926,8.0
3812,304.0156088455868,0.020013845848832926,8.0
3813,304.0232422346838,0.020013845848832926,8.0
3814,304.0252240281503,0.020013845848832926,8.0
3815,304.019008260296,0.020013845848832926,8.0
3816,304.00051735965906,0.020013845848832926,8.0
3817,303.98370304246987,0.020013845848832926,8.0
3818,303.9958665033733,0.020013845848832926,8.0
3819,304.0892975886645,0.020013845848832926,8.0
3820,304.15529346768835,0.020013845848832926,8.0
3821,304.2178209137015,0.020013845848832926,8.0
3822,304.26887855429464,0.020013845848832926,8.0
3823,304.29913785281815,0.020013845848832926,8.0
3824,304.2968646941921,0.020013845848832926,8.0
3825,304.28743577627426,0.020013845848832926,8.0
3826,304.4770653183472,0.020013845848832926,8.0
3827,304.95231524774925,0.020013845848832926,8.0
3828,305.61963954747836,0.020013845848832926,8.0
3829,306.0590898974299,0.020013845848832926,8.0
3830,306.07419329395617,0.020013845848832926,8.0
3831,306.07256651003985,0.020013845848832926,8.0
3832,306.06969250946315,0.020013845848832926,8.0
3833,306.06327577014923,0.020013845848832926,8.0
3834,306.0734380904479,0.020013845848832926,8.0
3835,306.0780385239861,0.020013845848832926,8.0
3836,306.08786733301173,0.020013845848832926,8.0
3837,306.1246991137384,0.020013845848832926,8.0
3838,306.2025254880712,0.020013845848832926,8.0
3839,306.21121601041324,0.020013845848832926,8.0
3840,306.2009957749072,0.020013845848832926,8.0
3841,306.1886109586402,0.020013845848832926,8.0
3842,306.2428416151796,0.020013845848832926,8.0
3843,306.2638636345467,0.020013845848832926,8.0
3844,306.3182491481468,0.020013845848832926,8.0
3845,306.3835403534672,0.020013845848832926,8.0
3846,306.43262757780195,0.020013845848832926,8.0
3847,306.4999328486632,0.020013845848832926,8.0
3848,306.5182029751254,0.020013845848832926,8.0
3849,306.5144127513215,0.020013845848832926,8.0
3850,306.49215661673753,0.020013845848832926,8.0
3851,306.8619373395382,0.020013845848832926,8.0
3852,307.28845404902034,0.020013845848832926,8.0
3853,307.2773044904543,0.020013845848832926,8.0
3854,307.25136105333894,0.020013845848832926,8.0
3855,307.22650738694887,0.020013845848832926,8.0
3856,307.2090324485504,0.020013845848832926,8.0
3857,307.1981845552533,0.020013845848832926,8.0
3858,307.18756512195824,0.020013845848832926,8.0
3859,307.18459736561385,0.020013845848832926,8.0
3860,307.1898357261801,0.020013845848832926,8.0
3861,307.18151332148034,0.020013845848832926,8.0
3862,307.17214093142655,0.020013845848832926,8.0
3863,307.1499030670868,0.020013845848832926,8.0
3864,307.1403839962451,0.020013845848832926,8.0
3865,307.14030780255064,0.020013845848832926,8.0
3866,307.14053938903226,0.020013845848832926,8.0
3867,307.1735953396115,0.020013845848832926,8.0
3868,307.2212387712062,0.020013845848832926,8.0
3869,307.2285768578516,0.020013845848832926,8.0
3870,307.29840476067375,0.020013845848832926,8.0
3871,307.36109139015747,0.020013845848832926,8.0
3872,307.3951900205518,0.020013845848832926,8.0
3873,307.5963212274525,0.020013845848832926,8.0
3874,308.19392163386027,0.020013845848832926,8.0
3875,308.34351387846044,0.020013845848832926,8.0
3876,308.3878655288189,0.020013845848832926,8.0
3877,308.918552793389,0.020013845848832926,8.0
3878,309.23980107494293,0.020013845848832926,8.0
3879,309.4469411679202,0.020013845848832926,8.0
3880,309.50551157135374,0.020013845848832926,8.0
3881,309.5559208673952,0.020013845848832926,8.0
3882,309.57737258691697,0.020013845848832926,8.0
3883,309.601497806753,0.020013845848832926,8.0
3884,309.63464544263246,0.020013845848832926,8.0
3885,309.6658811296578,0.020013845848832926,8.0
3886,309.72198232487426,0.020013845848832926,8.0
3887,309.7614061387512,0.020013845848832926,8.0
3888,309.75899694955854,0.020013845848832926,8.0
3889,309.751031767754,0.020013845848832926,8.0
3890,309.74977434586646,0.020013845848832926,8.0
3891,309.7716345653665,0.020013845848832926,8.0
3892,309.8783131435394,0.020013845848832926,8.0
3893,309.9522477936181,0.020013845848832926,8.0
3894,309.99312719096315,0.020013845848832926,8.0
3895,310.0380983311964,0.020013845848832926,8.0
3896,310.48573539569804,0.020013845848832926,8.0
3897,311.06464363118147,0.020013845848832926,8.0
3898,311.76170737774856,0.020013845848832926,8.0
3899,312.3931958104857,0.020013845848832926,8.0
3900,313.08551824900763,0.020013845848832926,8.0
3901,313.8845975405221,0.020013845848832926,8.0
3902,314.0971584525536,0.020013845848832926,8.0
3903,314.2748651497,0.020013845848832926,8.0
3904,314.3212693144931,0.020013845848832926,8.0
3905,314.343414157554,0.020013845848832926,8.0
3906,314.36421453465414,0.020013845848832926,8.0
3907,314.40619878271457,0.020013845848832926,8.0
3908,314.44516795018444,0.020013845848832926,8.0
3909,314.4812342426078,0.020013845848832926,8.0
3910,314.50806294179245,0.020013845848832926,8.0
3911,314.55405235079576,0.020013845848832926,8.0
3912,314.54783965164995,0.020013845848832926,8.0
3913,314.5358082656041,0.020013845848832926,8.0
3914,314.5583177971125,0.020013845848832926,8.0
3915,314.6197493930277,0.020013845848832926,8.0
3916,314.68113262760875,0.020013845848832926,8.0
3917,314.73844736107066,0.020013845848832926,8.0
3918,314.77182296183975,0.020013845848832926,8.0
3919,314.78488381399785,0.020013845848832926,8.0
3920,314.7882212203868,0.020013845848832926,8.0
3921,314.78101118704814,0.020013845848832926,8.0
3922,314.7602288330333,0.020013845848832926,8.0
3923,314.7334867660038,0.020013845848832926,8.0
3924,314.71135793627843,0.020013845848832926,8.0
3925,314.6914242989315,0.020013845848832926,8.0
3926,314.6596403067237,0.020013845848832926,8.0
3927,314.623897285399,0.020013845848832926,8.0
3928,314.59813287226433,0.020013845848832926,8.0
3929,314.58498589972004,0.020013845848832926,8.0
3930,314.60433689003935,0.020013845848832926,8.0
3931,314.6392699677152,0.020013845848832926,8.0
3932,314.66972210785514,0.020013845848832926,8.0
3933,314.6639000976702,0.020013845848832926,8.0
3934,314.6524186988835,0.020013845848832926,8.0
3935,314.6274492870042,0.020013845848832926,8.0
3936,314.6138115161846,0.020013845848832926,8.0
3937,314.6082742043717,0.020013845848832926,8.0
3938,314.5988886127858,0.020013845848832926,8.0
3939,314.6194789019596,0.020013845848832926,8.0
3940,314.6370167590413,0.020013845848832926,8.0
3941,314.6826381724522,0.020013845848832926,8.0
3942,314.72171686755513,0.020013845848832926,8.0
3943,314.7571732872172,0.020013845848832926,8.0
3944,314.81103989515435,0.020013845848832926,8.0
3945,314.8597279920176,0.020013845848832926,8.0
3946,314.8791966860241,0.020013845848832926,8.0
3947,314.8673405127821,0.020013845848832926,8.0
3948,314.85262201625426,0.020013845848832926,8.0
3949,314.844885987491,0.020013845848832926,8.0
3950,314.84390915208917,0.020013845848832926,8.0
3951,314.8432913908886,0.020013845848832926,8.0
3952,314.84328781476665,0.020013845848832926,8.0
3953,314.8671894784782,0.020013845848832926,8.0
3954,314.89820426968174,0.020013845848832926,8.0
3955,314.92253558498174,0.020013845848832926,8.0
3956,314.9156099735041,0.020013845848832926,8.0
3957,314.93865027234597,0.020013845848832926,8.0
3958,314.95046449603285,0.020013845848832926,8.0
3959,314.95026978120796,0.020013845848832926,8.0
3960,314.94873897594385,0.020013845848832926,8.0
3961,314.95872887766853,0.020013845848832926,8.0
3962,314.9568542236256,0.020013845848832926,8.0
3963,314.9752089099306,0.020013845848832926,8.0
3964,314.98266721786854,0.020013845848832926,8.0
3965,315.0149046143593,0.020013845848832926,8.0
3966,315.0469998875004,0.020013845848832926,8.0
3967,315.0554669662156,0.020013845848832926,8.0
3968,315.0543325250836,0.020013845848832926,8.0
3969,315.04975166457587,0.020013845848832926,8.0
3970,315.0585725325411,0.020013845848832926,8.0
3971,315.04939134672037,0.020013845848832926,8.0
3972,315.0391327537114,0.020013845848832926,8.0
3973,315.0322425114508,0.020013845848832926,8.0
3974,315.02720326923986,0.020013845848832926,8.0
3975,315.02346135277696,0.020013845848832926,8.0
3976,315.02300604830464,0.020013845848832926,8.0
3977,315.0343973647205,0.020013845848832926,8.0
3978,315.049260211164,0.020013845848832926,8.0
3979,315.0732423254287,0.020013845848832926,8.0
3980,315.06809613582305,0.020013845848832926,8.0
3981,315.05781530094396,0.020013845848832926,8.0
3982,315.049359152227,0.020013845848832926,8.0
3983,315.0552239508496,0.020013845848832926,8.0
3984,315.09542503016695,0.020013845848832926,8.0
3985,315.11188898277754,0.020013845848832926,8.0
3986,315.1391131407135,0.020013845848832926,8.0
3987,315.16851608811976,0.020013845848832926,8.0
3988,315.1982275391493,0.020013845848832926,8.0
3989,315.2537975483251,0.020013845848832926,8.0
3990,315.2795231306413,0.020013845848832926,8.0
3991,315.29021841359906,0.020013845848832926,8.0
3992,315.2933274544026,0.020013845848832926,8.0
3993,315.293081859725,0.020013845848832926,8.0
3994,315.28126454936057,0.020013845848832926,8.0
3995,315.26481898590345,0.020013845848832926,8.0
3996,315.2478723826959,0.020013845848832926,8.0
3997,315.2396547718625,0.020013845848832926,8.0
3998,315.3490877973832,0.020013845848832926,8.0
3999,315.7717920550641,0.020013845848832926,8.0
4000,315.99297290305464,0.020013845848832926,8.0
4001,316.1002343293193,0.020013845848832926,8.0
4002,316.1713906169057,0.020013845848832926,8.0
4003,316.2291702456688,0.020013845848832926,8.0
4004,316.29767172259415,0.020013845848832926,8.0
4005,316.35616144191687,0.020013845848832926,8.0
4006,316.40942432746516,0.020013845848832926,8.0
4007,316.43699487065277,0.020013845848832926,8.0
4008,316.4644083657799,0.020013845848832926,8.0
4009,316.45914560261775,0.020013845848832926,8.0
4010,316.4876745698747,0.020013845848832926,8.0
4011,316.51201635858513,0.020013845848832926,8.0
4012,316.5395846263081,0.020013845848832926,8.0
4013,316.60034145506717,0.020013845848832926,8.0
4014,316.6445814507676,0.020013845848832926,8.0
4015,316.6789829183864,0.020013845848832926,8.0
4016,316.67437014849935,0.020013845848832926,8.0
4017,316.68200359842075,0.020013845848832926,8.0
4018,316.6682517872648,0.020013845848832926,8.0
4019,316.6480502316595,0.020013845848832926,8.0
4020,316.6145534350547,0.020013845848832926,8.0
4021,316.5951193322977,0.020013845848832926,8.0
4022,316.5778566333956,0.020013845848832926,8.0
4023,316.5615858284058,0.020013845848832926,8.0
4024,316.5380717967088,0.020013845848832926,8.0
4025,316.5275361903078,0.020013845848832926,8.0
4026,316.5205936704164,0.020013845848832926,8.0
4027,316.5311702577269,0.020013845848832926,8.0
4028,316.5553963255483,0.020013845848832926,8.0
4029,316.55364727434113,0.020013845848832926,8.0
4030,316.54231708579783,0.020013845848832926,8.0
4031,316.52956209747776,0.020013845848832926,8.0
4032,316.5179405736898,0.020013845848832926,8.0
4033,316.509493228585,0.020013845848832926,8.0
4034,316.5361764367748,0.020013845848832926,8.0
4035,316.54546135611974,0.020013845848832926,8.0
4036,316.5663390030812,0.020013845848832926,8.0
4037,316.58275412157457,0.020013845848832926,8.0
4038,316.5942834804764,0.020013845848832926,8.0
4039,316.66282388882877,0.020013845848832926,8.0
4040,316.70940048365986,0.020013845848832926,8.0
4041,316.7198585646658,0.020013845848832926,8.0
4042,316.8719257509998,0.020013845848832926,8.0
4043,316.86464890052565,0.020013845848832926,8.0
4044,316.84179887260046,0.020013845848832926,8.0
4045,317.213761443442,0.020013845848832926,8.0
4046,317.56959837087066,0.020013845848832926,8.0
4047,317.8197684350895,0.020013845848832926,8.0
4048,318.39977838622076,0.020013845848832926,8.0
4049,318.8719236063894,0.020013845848832926,8.0
4050,318.99983150758106,0.020013845848832926,8.0
4051,319.08673801809647,0.020013845848832926,8.0
4052,319.1808199213905,0.020013845848832926,8.0
4053,319.2556641587776,0.020013845848832926,8.0
4054,319.30844751177176,0.020013845848832926,8.0
4055,319.34204866570224,0.020013845848832926,8.0
4056,319.34856064339965,0.020013845848832926,8.0
4057,319.36102684073126,0.020013845848832926,8.0
4058,319.41141979403955,0.020013845848832926,8.0
4059,319.44553089962704,0.020013845848832926,8.0
4060,319.4926141998667,0.020013845848832926,8.0
4061,319.5669403481134,0.020013845848832926,8.0
4062,319.62091486807424,0.020013845848832926,8.0
4063,319.6731332454682,0.020013845848832926,8.0
4064,319.70395038505677,0.020013845848832926,8.0
4065,319.91977249731633,0.020013845848832926,8.0
4066,320.3160110893562,0.020013845848832926,8.0
4067,320.4152459857991,0.020013845848832926,8.0
4068,320.6567859141332,0.020013845848832926,8.0
4069,321.0853345168793,0.020013845848832926,8.0
4070,321.8489463345287,0.020013845848832926,8.0
4071,322.39879951267596,0.020013845848832926,8.0
4072,322.4795428735647,0.020013845848832926,8.0
4073,322.4954390370335,0.020013845848832926,8.0
4074,322.5074994391189,0.020013845848832926,8.0
4075,322.54086269995787,0.020013845848832926,8.0
4076,322.57874575258637,0.020013845848832926,8.0
4077,322.6259392440151,0.020013845848832926,8.0
4078,322.6511007453895,0.020013845848832926,8.0
4079,322.6520784711399,0.020013845848832926,8.0
4080,322.6512189485661,0.020013845848832926,8.0
4081,322.65074625113346,0.020013845848832926,8.0
4082,322.6599608767078,0.020013845848832926,8.0
4083,322.67989804023347,0.020013845848832926,8.0
4084,322.7680985549429,0.020013845848832926,8.0
4085,322.82551117325045,0.020013845848832926,8.0
4086,322.8375589468985,0.020013845848832926,8.0
4087,322.8740042207109,0.020013845848832926,8.0
4088,322.878390853573,0.020013845848832926,8.0
4089,322.90741850650846,0.020013845848832926,8.0
4090,322.94387372343743,0.020013845848832926,8.0
4091,323.02833394445105,0.020013845848832926,8.0
4092,323.0354189253086,0.020013845848832926,8.0
4093,323.09073568847384,0.020013845848832926,8.0
4094,323.09932233241864,0.020013845848832926,8.0
4095,323.0982502287691,0.020013845848832926,8.0
4096,323.0970150913145,0.020013845848832926,8.0
4097,323.11542519176663,0.020013845848832926,8.0
4098,323.1509853978663,0.020013845848832926,8.0
4099,323.17888639781773,0.020013845848832926,8.0
4100,323.2025449241905,0.020013845848832926,8.0
4101,323.2491537683989,0.020013845848832926,8.0
4102,323.2962364209698,0.020013845848832926,8.0
4103,323.30912387025495,0.020013845848832926,8.0
4104,323.30957532959815,0.020013845848832926,8.0
4105,323.2914742973203,0.020013845848832926,8.0
4106,323.2843096587829,0.020013845848832926,8.0
4107,323.2809248001028,0.020013845848832926,8.0
4108,323.310232359796,0.020013845848832926,8.0
4109,323.3342028246826,0.020013845848832926,8.0
4110,323.3558478412684,0.020013845848832926,8.0
4111,323.3961592230221,0.020013845848832926,8.0
4112,323.4405376512118,0.020013845848832926,8.0
4113,323.4695038716142,0.020013845848832926,8.0
4114,323.47233904614313,0.020013845848832926,8.0
4115,323.480603602365,0.020013845848832926,8.0
4116,323.466019969181,0.020013845848832926,8.0
4117,323.4600565280196,0.020013845848832926,8.0
4118,323.4584344220773,0.020013845848832926,8.0
4119,323.50570507520547,0.020013845848832926,8.0
4120,323.53647326956417,0.020013845848832926,8.0
4121,323.55519272740685,0.020013845848832926,8.0
4122,323.57992974937827,0.020013845848832926,8.0
4123,323.60400213283515,0.020013845848832926,8.0
4124,323.6319498626616,0.020013845848832926,8.0
4125,323.68071019165404,0.020013845848832926,8.0
4126,323.68897455790125,0.020013845848832926,8.0
4127,323.68902350318757,0.020013845848832926,8.0
4128,323.7171397165178,0.020013845848832926,8.0
4129,323.74142437556617,0.020013845848832926,8.0
4130,323.75037421892233,0.020013845848832926,8.0
4131,323.8131093109125,0.020013845848832926,8.0
4132,323.8273971331048,0.020013845848832926,8.0
4133,323.86578860837426,0.020013845848832926,8.0
4134,323.8631759691078,0.020013845848832926,8.0
4135,323.86048473382954,0.020013845848832926,8.0
4136,323.8667891596401,0.020013845848832926,8.0
4137,324.4744254304798,0.020013845848832926,8.0
4138,325.2347880104798,0.022431958983518484,9.0
4139,326.35845348575043,0.022431958983518484,9.0
4140,326.5222794563385,0.022431958983518484,9.0
4141,326.5409701029705,0.022431958983518484,9.0
4142,326.5558022366756,0.022431958983518484,9.0
4143,326.5483196823595,0.022431958983518484,9.0
4144,326.5396293759126,0.022431958983518484,9.0
4145,326.5344922317922,0.022431958983518484,9.0
4146,326.5302003136877,0.022431958983518484,9.0
4147,326.5295127836069,0.022431958983518484,9.0
4148,326.5600123921101,0.022431958983518484,9.0
4149,326.5996406927729,0.022431958983518484,9.0
4150,326.63063698175074,0.022431958983518484,9.0
4151,326.6348457906465,0.022431958983518484,9.0
4152,326.6922641837736,0.022431958983518484,9.0
4153,326.71439210839,0.022431958983518484,9.0
4154,326.7309307505711,0.022431958983518484,9.0
4155,326.7354853691443,0.022431958983518484,9.0
4156,326.72880835913116,0.022431958983518484,9.0
4157,326.7353328129062,0.022431958983518484,9.0
4158,326.75269937803625,0.022431958983518484,9.0
4159,326.7645809700718,0.022431958983518484,9.0
4160,326.75075558270123,0.022431958983518484,9.0
4161,326.7472230673367,0.022431958983518484,9.0
4162,326.7353454549525,0.022431958983518484,9.0
4163,326.7237654556483,0.022431958983518484,9.0
4164,326.7205562128226,0.022431958983518484,9.0
4165,326.80322576245504,0.022431958983518484,9.0
4166,327.49354199148826,0.022431958983518484,9.0
4167,327.6589284821325,0.022431958983518484,9.0
4168,327.67830704833665,0.022431958983518484,9.0
4169,327.67763596504386,0.022431958983518484,9.0
4170,327.68515353778616,0.022431958983518484,9.0
4171,327.70514206803756,0.022431958983518484,9.0
4172,327.7308940125702,0.022431958983518484,9.0
4173,327.77000954213497,0.022431958983518484,9.0
4174,327.75889781636664,0.022431958983518484,9.0
4175,327.7531332502566,0.022431958983518484,9.0
4176,327.74921648746647,0.022431958983518484,9.0
4177,327.76386180777223,0.022431958983518484,9.0
4178,327.81259723592376,0.022431958983518484,9.0
4179,327.8567913505877,0.022431958983518484,9.0
4180,327.8953715676783,0.022431958983518484,9.0
4181,327.9381789534621,0.022431958983518484,9.0
4182,327.9738909453881,0.022431958983518484,9.0
4183,327.9734578967099,0.022431958983518484,9.0
4184,327.98829468465544,0.022431958983518484,9.0
4185,328.03634126157374,0.022431958983518484,9.0
4186,328.03940017116656,0.022431958983518484,9.0
4187,328.0327860687477,0.022431958983518484,9.0
4188,328.02907272633655,0.022431958983518484,9.0
4189,328.0274530771468,0.022431958983518484,9.0
4190,328.0161791898061,0.022431958983518484,9.0
4191,328.2120520193043,0.022431958983518484,9.0
4192,328.6908709260593,0.022431958983518484,9.0
4193,329.2564804444601,0.022431958983518484,9.0
4194,329.42074862875927,0.022431958983518484,9.0
4195,329.4864043616865,0.022431958983518484,9.0
4196,329.53572323852285,0.022431958983518484,9.0
4197,329.5718532946548,0.022431958983518484,9.0
4198,329.6067921125283,0.022431958983518484,9.0
4199,329.6502624020961,0.022431958983518484,9.0
4200,329.6628916982168,0.022431958983518484,9.0
4201,329.69683338023424,0.022431958983518484,9.0
4202,329.6988095635881,0.022431958983518484,9.0
4203,329.7213009078176,0.022431958983518484,9.0
4204,329.75094856262206,0.022431958983518484,9.0
4205,329.81173794212964,0.022431958983518484,9.0
4206,329.8399220510588,0.022431958983518484,9.0
4207,329.8714354442514,0.022431958983518484,9.0
4208,329.8672744348789,0.022431958983518484,9.0
4209,329.97567193283834,0.022431958983518484,9.0
4210,330.0209099983886,0.022431958983518484,9.0
4211,330.06318734190523,0.022431958983518484,9.0
4212,330.09579378042736,0.022431958983518484,9.0
4213,330.08354816025815,0.022431958983518484,9.0
4214,330.0688932152742,0.022431958983518484,9.0
4215,330.1127079919009,0.022431958983518484,9.0
4216,330.1070956276767,0.022431958983518484,9.0
4217,330.08578395017474,0.022431958983518484,9.0
4218,330.0805340367005,0.022431958983518484,9.0
4219,330.078965060424,0.022431958983518484,9.0
4220,330.06781448613293,0.022431958983518484,9.0
4221,330.1033630286606,0.022431958983518484,9.0
4222,330.08665883909845,0.022431958983518484,9.0
4223,330.0722464453133,0.022431958983518484,9.0
4224,330.0605733523727,0.022431958983518484,9.0
4225,330.0699504337468,0.022431958983518484,9.0
4226,330.10947254199533,0.022431958983518484,9.0
4227,330.1370674010198,0.022431958983518484,9.0
4228,330.21733293927633,0.022431958983518484,9.0
4229,330.27375878961124,0.022431958983518484,9.0
4230,330.3431975013694,0.022431958983518484,9.0
4231,330.34447041564613,0.022431958983518484,9.0
4232,330.36756255604274,0.022431958983518484,9.0
4233,330.3774720602138,0.022431958983518484,9.0
4234,330.37111254434194,0.022431958983518484,9.0
4235,330.3665812704929,0.022431958983518484,9.0
4236,330.5749154475507,0.022431958983518484,9.0
4237,330.91246406404554,0.022431958983518484,9.0
4238,331.38820749390675,0.022431958983518484,9.0
4239,331.45906831636137,0.022431958983518484,9.0
4240,331.48648963607525,0.022431958983518484,9.0
4241,331.5101151512095,0.022431958983518484,9.0
4242,331.53486531074276,0.022431958983518484,9.0
4243,331.5350402585073,0.022431958983518484,9.0
4244,331.5344946900416,0.022431958983518484,9.0
4245,331.5411212526269,0.022431958983518484,9.0
4246,331.57357678646366,0.022431958983518484,9.0
4247,331.59860322187853,0.022431958983518484,9.0
4248,331.5960684079061,0.022431958983518484,9.0
4249,331.58881076036124,0.022431958983518484,9.0
4250,331.58246255833836,0.022431958983518484,9.0
4251,331.61348781696876,0.022431958983518484,9.0
4252,331.6109415838043,0.022431958983518484,9.0
4253,331.66638157475825,0.022431958983518484,9.0
4254,331.6946638213567,0.022431958983518484,9.0
4255,331.73966691106494,0.022431958983518484,9.0
4256,331.78360586451487,0.022431958983518484,9.0
4257,331.83244116857736,0.022431958983518484,9.0
4258,331.8777722765134,0.022431958983518484,9.0
4259,332.42174199828503,0.022431958983518484,9.0
4260,332.5282615329184,0.022431958983518484,9.0
4261,332.57501520748315,0.022431958983518484,9.0
4262,332.57300677937826,0.022431958983518484,9.0
4263,332.56116208381167,0.022431958983518484,9.0
4264,332.55492879016396,0.022431958983518484,9.0
4265,332.5916515595504,0.022431958983518484,9.0
4266,332.58951028785884,0.022431958983518484,9.0
4267,332.58792681043286,0.022431958983518484,9.0
4268,332.6126645031424,0.022431958983518484,9.0
4269,332.6570999984686,0.022431958983518484,9.0
4270,332.7060400272294,0.022431958983518484,9.0
4271,332.72711690018144,0.022431958983518484,9.0
4272,332.71009099221374,0.022431958983518484,9.0
4273,332.693190437761,0.022431958983518484,9.0
4274,332.68771650648875,0.022431958983518484,9.0
4275,332.7024139951858,0.022431958983518484,9.0
4276,332.7329048621615,0.022431958983518484,9.0
4277,332.76347235696863,0.022431958983518484,9.0
4278,332.80781354761166,0.022431958983518484,9.0
4279,332.8789871694209,0.022431958983518484,9.0
4280,332.95835948945466,0.022431958983518484,9.0
4281,333.5024592279541,0.022431958983518484,9.0
4282,334.05280083983246,0.022431958983518484,9.0
4283,334.09576207305804,0.022431958983518484,9.0
4284,334.08497315872614,0.022431958983518484,9.0
4285,334.06803893448625,0.022431958983518484,9.0
4286,334.04578594245584,0.022431958983518484,9.0
4287,334.0282933173126,0.022431958983518484,9.0
4288,334.01220393403554,0.022431958983518484,9.0
4289,334.0121803429365,0.022431958983518484,9.0
4290,334.0173487144644,0.022431958983518484,9.0
4291,334.0226773131845,0.022431958983518484,9.0
4292,334.0459111671374,0.022431958983518484,9.0
4293,334.03038415644835,0.022431958983518484,9.0
4294,334.0193968783848,0.022431958983518484,9.0
4295,334.04564207671893,0.022431958983518484,9.0
4296,334.04095374312436,0.022431958983518484,9.0
4297,334.03476853137335,0.022431958983518484,9.0
4298,334.02766883495724,0.022431958983518484,9.0
4299,334.0429620241485,0.022431958983518484,9.0
4300,334.0932872356234,0.022431958983518484,9.0
4301,334.1732842541986,0.022431958983518484,9.0
4302,334.2058563915995,0.022431958983518484,9.0
4303,334.44491141013077,0.022431958983518484,9.0
4304,335.02821141520195,0.022431958983518484,9.0
4305,335.3221165522458,0.022431958983518484,9.0
4306,335.37617386634565,0.022431958983518484,9.0
4307,335.3684728437321,0.022431958983518484,9.0
4308,335.3572340288687,0.022431958983518484,9.0
4309,335.35642603297345,0.022431958983518484,9.0
4310,335.3481834030576,0.022431958983518484,9.0
4311,335.33542786321516,0.022431958983518484,9.0
4312,335.32861609630163,0.022431958983518484,9.0
4313,335.3265447113507,0.022431958983518484,9.0
4314,335.33941277770145,0.022431958983518484,9.0
4315,335.33894933729107,0.022431958983518484,9.0
4316,335.35601007668345,0.022431958983518484,9.0
4317,335.3664446002977,0.022431958983518484,9.0
4318,335.3657671731057,0.022431958983518484,9.0
4319,335.35019819424946,0.022431958983518484,9.0
4320,335.33358208974977,0.022431958983518484,9.0
4321,335.32670824748106,0.022431958983518484,9.0
4322,335.4371774234886,0.022431958983518484,9.0
4323,335.50615094877344,0.022431958983518484,9.0
4324,335.55966522278976,0.022431958983518484,9.0
4325,335.5687292979183,0.022431958983518484,9.0
4326,335.5959187303682,0.022431958983518484,9.0
4327,335.62465005322684,0.022431958983518484,9.0
4328,335.62511386911405,0.022431958983518484,9.0
4329,335.61838592432974,0.022431958983518484,9.0
4330,335.5999789115665,0.022431958983518484,9.0
4331,335.5737162680123,0.022431958983518484,9.0
4332,335.54537027648666,0.022431958983518484,9.0
4333,335.51216048624104,0.022431958983518484,9.0
4334,335.48964075346663,0.022431958983518484,9.0
4335,335.47066467194924,0.022431958983518484,9.0
4336,335.4601725286171,0.022431958983518484,9.0
4337,335.4413246706672,0.022431958983518484,9.0
4338,335.4333355257921,0.022431958983518484,9.0
4339,335.4906647511749,0.022431958983518484,9.0
4340,335.50781232709573,0.022431958983518484,9.0
4341,335.5039794965269,0.022431958983518484,9.0
4342,335.5040543113166,0.022431958983518484,9.0
4343,335.49565248921385,0.022431958983518484,9.0
4344,335.4897130996943,0.022431958983518484,9.0
4345,335.5137995782275,0.022431958983518484,9.0
4346,335.5807544965096,0.022431958983518484,9.0
4347,335.62932554557716,0.022431958983518484,9.0
4348,335.6706460801138,0.022431958983518484,9.0
4349,335.70364463089896,0.022431958983518484,9.0
4350,335.7539226223234,0.022431958983518484,9.0
4351,335.785243792423,0.022431958983518484,9.0
4352,335.7990859660054,0.022431958983518484,9.0
4353,335.79615359653184,0.022431958983518484,9.0
4354,335.7843231032601,0.022431958983518484,9.0
4355,335.76769782276307,0.022431958983518484,9.0
4356,335.7440145429597,0.022431958983518484,9.0
4357,335.7403245809492,0.022431958983518484,9.0
4358,335.7261781941148,0.022431958983518484,9.0
4359,335.70655758040544,0.022431958983518484,9.0
4360,335.73559385295533,0.022431958983518484,9.0
4361,335.7340195052627,0.022431958983518484,9.0
4362,335.7247470723821,0.022431958983518484,9.0
4363,335.72387668062163,0.022431958983518484,9.0
4364,335.71567701702287,0.022431958983518484,9.0
4365,335.72354476819,0.022431958983518484,9.0
4366,335.7129121732215,0.022431958983518484,9.0
4367,335.7048343563446,0.022431958983518484,9.0
4368,335.7159518653989,0.022431958983518484,9.0
4369,335.75933480435225,0.022431958983518484,9.0
4370,335.76028099922564,0.022431958983518484,9.0
4371,335.787829431126,0.022431958983518484,9.0
4372,335.8161174641738,0.022431958983518484,9.0
4373,335.87634491445243,0.022431958983518484,9.0
4374,335.91946172589377,0.022431958983518484,9.0
4375,335.94726215126826,0.022431958983518484,9.0
4376,335.94310889225994,0.022431958983518484,9.0
4377,335.9391015109939,0.022431958983518484,9.0
4378,335.9283174810702,0.022431958983518484,9.0
4379,335.91465576025087,0.022431958983518484,9.0
4380,335.90338915211515,0.022431958983518484,9.0
4381,335.88968079643706,0.022431958983518484,9.0
4382,335.9002843308177,0.022431958983518484,9.0
4383,336.2759771017707,0.022431958983518484,9.0
4384,336.3394814277696,0.022431958983518484,9.0
4385,336.36640307541626,0.022431958983518484,9.0
4386,336.4205161263221,0.022431958983518484,9.0
4387,336.4763211492328,0.022431958983518484,9.0
4388,336.50138387003534,0.022431958983518484,9.0
4389,336.53379940844644,0.022431958983518484,9.0
4390,336.58709983581167,0.022431958983518484,9.0
4391,336.59925323632757,0.022431958983518484,9.0
4392,336.5937867121035,0.022431958983518484,9.0
4393,336.5921690877569,0.022431958983518484,9.0
4394,336.6184076529777,0.022431958983518484,9.0
4395,336.6726823232259,0.022431958983518484,9.0
4396,336.71694473548354,0.022431958983518484,9.0
4397,336.76992370152345,0.022431958983518484,9.0
4398,336.8384304049463,0.022431958983518484,9.0
4399,337.1701664290856,0.022431958983518484,9.0
4400,337.8386252883126,0.022431958983518484,9.0
4401,338.54514176548037,0.022431958983518484,9.0
4402,339.6865085015361,0.022431958983518484,9.0
4403,340.1699028845907,0.022431958983518484,9.0
4404,340.2664539437503,0.022431958983518484,9.0
4405,340.35325266574773,0.022431958983518484,9.0
4406,340.42354576919917,0.022431958983518484,9.0
4407,340.4112777593474,0.022431958983518484,9.0
4408,340.40508105121165,0.022431958983518484,9.0
4409,340.39826770520995,0.022431958983518484,9.0
4410,340.4192055472315,0.022431958983518484,9.0
4411,340.4177774893481,0.022431958983518484,9.0
4412,340.41599434694194,0.022431958983518484,9.0
4413,340.41119670103967,0.022431958983518484,9.0
4414,340.41030438272594,0.022431958983518484,9.0
4415,340.39999080007817,0.022431958983518484,9.0
4416,340.3922206631557,0.022431958983518484,9.0
4417,340.38877043919877,0.022431958983518484,9.0
4418,340.470850407194,0.022431958983518484,9.0
4419,340.53489068259825,0.022431958983518484,9.0
4420,340.60343566353043,0.022431958983518484,9.0
4421,340.66043057010063,0.022431958983518484,9.0
4422,340.7137733356604,0.022431958983518484,9.0
4423,340.7321059210823,0.022431958983518484,9.0
4424,340.7224328101089,0.022431958983518484,9.0
4425,340.7116597706666,0.022431958983518484,9.0
4426,340.69824071964473,0.022431958983518484,9.0
4427,340.6818598353368,0.022431958983518484,9.0
4428,340.65892569363933,0.022431958983518484,9.0
4429,340.629674069585,0.022431958983518484,9.0
4430,340.59804821161185,0.022431958983518484,9.0
4431,340.56925241006905,0.022431958983518484,9.0
4432,340.557003230213,0.022431958983518484,9.0
4433,340.5487967137369,0.022431958983518484,9.0
4434,340.5722264935369,0.022431958983518484,9.0
4435,340.5732920275701,0.022431958983518484,9.0
4436,340.57721233979527,0.022431958983518484,9.0
4437,340.57434836046,0.022431958983518484,9.0
4438,340.59817220319974,0.022431958983518484,9.0
4439,340.59374156334525,0.022431958983518484,9.0
4440,340.56850429046324,0.022431958983518484,9.0
4441,340.55558679381926,0.022431958983518484,9.0
4442,340.5619814388872,0.022431958983518484,9.0
4443,340.5988481519345,0.022431958983518484,9.0
4444,340.62529721422044,0.022431958983518484,9.0
4445,340.6623170097093,0.022431958983518484,9.0
4446,340.69356363604385,0.022431958983518484,9.0
4447,340.7227556490973,0.022431958983518484,9.0
4448,340.77877649333334,0.022431958983518484,9.0
4449,340.78138882680696,0.022431958983518484,9.0
4450,340.79274313948065,0.022431958983518484,9.0
4451,340.78382877315124,0.022431958983518484,9.0
4452,340.7768454882927,0.022431958983518484,9.0
4453,340.76465819596785,0.022431958983518484,9.0
4454,340.7566959108197,0.022431958983518484,9.0
4455,340.742217718941,0.022431958983518484,9.0
4456,340.73609755514724,0.022431958983518484,9.0
4457,340.7343518908956,0.022431958983518484,9.0
4458,340.7400948606236,0.022431958983518484,9.0
4459,340.73848151559594,0.022431958983518484,9.0
4460,340.77561236016237,0.022431958983518484,9.0
4461,340.80160715910273,0.022431958983518484,9.0
4462,340.7959681024696,0.022431958983518484,9.0
4463,340.78812496993123,0.022431958983518484,9.0
4464,340.7668834599245,0.022431958983518484,9.0
4465,340.8224353960939,0.022431958983518484,9.0
4466,340.82235274227855,0.022431958983518484,9.0
4467,340.87423392134235,0.022431958983518484,9.0
4468,340.90601350119715,0.022431958983518484,9.0
4469,340.91817294232055,0.022431958983518484,9.0
4470,340.9407765425872,0.022431958983518484,9.0
4471,340.94554570734044,0.022431958983518484,9.0
4472,340.94348639428495,0.022431958983518484,9.0
4473,340.9372145132257,0.022431958983518484,9.0
4474,341.1334900193775,0.022431958983518484,9.0
4475,341.8484637598274,0.022431958983518484,9.0
4476,341.9602769651457,0.022431958983518484,9.0
4477,341.9638201136059,0.022431958983518484,9.0
4478,341.9613249600849,0.022431958983518484,9.0
4479,341.95772124062864,0.022431958983518484,9.0
4480,341.9503225396748,0.022431958983518484,9.0
4481,341.94383497873423,0.022431958983518484,9.0
4482,341.94859176997625,0.022431958983518484,9.0
4483,341.963996907434,0.022431958983518484,9.0
4484,341.9548792980914,0.022431958983518484,9.0
4485,341.9261558250645,0.022431958983518484,9.0
4486,341.96557382445036,0.022431958983518484,9.0
4487,341.9705274816543,0.022431958983518484,9.0
4488,342.01333231399053,0.022431958983518484,9.0
4489,342.0418095215698,0.022431958983518484,9.0
4490,342.04117545758385,0.022431958983518484,9.0
4491,342.06985558384315,0.022431958983518484,9.0
4492,342.0901134374568,0.022431958983518484,9.0
4493,342.1554609316253,0.022431958983518484,9.0
4494,342.22948110902314,0.022431958983518484,9.0
4495,342.25036992342444,0.022431958983518484,9.0
4496,342.2492809923204,0.022431958983518484,9.0
4497,342.2810843394493,0.022431958983518484,9.0
4498,342.27773435310405,0.022431958983518484,9.0
4499,342.26460488495877,0.022431958983518484,9.0
4500,342.2464490762493,0.022431958983518484,9.0
4501,342.2160224808464,0.022431958983518484,9.0
4502,342.18675280444677,0.022431958983518484,9.0
4503,342.41106650831483,0.022431958983518484,9.0
4504,342.41013415304104,0.022431958983518484,9.0
4505,342.42120486364604,0.022431958983518484,9.0
4506,342.4142489832368,0.022431958983518484,9.0
4507,342.47681855021995,0.022431958983518484,9.0
4508,342.52993907740273,0.022431958983518484,9.0
4509,342.5410431279212,0.022431958983518484,9.0
4510,342.5301944843506,0.022431958983518484,9.0
4511,342.5225712300075,0.022431958983518484,9.0
4512,342.55224528968256,0.022431958983518484,9.0
4513,342.54986884757017,0.022431958983518484,9.0
4514,342.5883473110967,0.022431958983518484,9.0
4515,342.62441813686087,0.022431958983518484,9.0
4516,342.6532626534568,0.022431958983518484,9.0
4517,342.66579292282773,0.022431958983518484,9.0
4518,342.6655215301662,0.022431958983518484,9.0
4519,342.6638976625363,0.022431958983518484,9.0
4520,342.69303895580447,0.022431958983518484,9.0
4521,342.6883701210457,0.022431958983518484,9.0
4522,342.67434711613646,0.022431958983518484,9.0
4523,342.66262517755507,0.022431958983518484,9.0
4524,342.65520548984887,0.022431958983518484,9.0
4525,342.63743871684414,0.022431958983518484,9.0
4526,342.62468304094875,0.022431958983518484,9.0
4527,342.70850186315687,0.022431958983518484,9.0
4528,342.6992697680472,0.022431958983518484,9.0
4529,342.68756802065354,0.022431958983518484,9.0
4530,342.7475834428354,0.022431958983518484,9.0
4531,342.7415106700139,0.022431958983518484,9.0
4532,342.7385307458483,0.022431958983518484,9.0
4533,342.7475522362625,0.022431958983518484,9.0
4534,342.74620046119037,0.022431958983518484,9.0
4535,342.7383656579802,0.022431958983518484,9.0
4536,342.72105981475835,0.022431958983518484,9.0
4537,342.707813582217,0.022431958983518484,9.0
4538,342.7337478245057,0.022431958983518484,9.0
4539,342.77217912811767,0.022431958983518484,9.0
4540,342.81350473544467,0.022431958983518484,9.0
4541,342.85200960266485,0.022431958983518484,9.0
4542,342.88410134037986,0.022431958983518484,9.0
4543,342.88399636433877,0.022431958983518484,9.0
4544,342.89022802605587,0.022431958983518484,9.0
4545,342.88723659500306,0.022431958983518484,9.0
4546,342.8766851247859,0.022431958983518484,9.0
4547,342.86621924394416,0.022431958983518484,9.0
4548,343.5353616224536,0.022431958983518484,9.0
4549,344.09326292036445,0.022431958983518484,9.0
4550,344.233288170262,0.022431958983518484,9.0
4551,344.22933917688425,0.022431958983518484,9.0
4552,344.2277294974638,0.022431958983518484,9.0
4553,344.25605270776373,0.022431958983518484,9.0
4554,344.25552899156514,0.022431958983518484,9.0
4555,344.25417834830677,0.022431958983518484,9.0
4556,344.24946905644777,0.022431958983518484,9.0
4557,344.28128578259964,0.022431958983518484,9.0
4558,344.3333450813527,0.022431958983518484,9.0
4559,344.36428448251996,0.022431958983518484,9.0
4560,344.4070002622309,0.022431958983518484,9.0
4561,344.39826895964586,0.022431958983518484,9.0
4562,344.39364406405736,0.022431958983518484,9.0
4563,344.3913000714542,0.022431958983518484,9.0
4564,344.4042577651971,0.022431958983518484,9.0
4565,344.44529062320595,0.022431958983518484,9.0
4566,344.4890841108567,0.022431958983518484,9.0
4567,344.5147464798414,0.022431958983518484,9.0
4568,344.5342171342647,0.022431958983518484,9.0
4569,344.53841527632574,0.022431958983518484,9.0
4570,344.52537480799367,0.022431958983518484,9.0
4571,344.5077315320535,0.022431958983518484,9.0
4572,344.48764567825344,0.022431958983518484,9.0
4573,344.50249942667045,0.022431958983518484,9.0
4574,344.49930440753883,0.022431958983518484,9.0
4575,344.47928334594445,0.022431958983518484,9.0
4576,344.4734177640888,0.022431958983518484,9.0
4577,344.4686472910607,0.022431958983518484,9.0
4578,344.45932124578275,0.022431958983518484,9.0
4579,344.4641704397812,0.022431958983518484,9.0
4580,344.4698101669522,0.022431958983518484,9.0
4581,344.48528738124367,0.022431958983518484,9.0
4582,344.4854652162356,0.022431958983518484,9.0
4583,344.47676930686686,0.022431958983518484,9.0
4584,344.4656082947027,0.022431958983518484,9.0
4585,344.4611559720056,0.022431958983518484,9.0
4586,344.48505274051064,0.022431958983518484,9.0
4587,344.51307307284725,0.022431958983518484,9.0
4588,344.5463044592121,0.022431958983518484,9.0
4589,344.6020965501722,0.022431958983518484,9.0
4590,344.63744252285466,0.022431958983518484,9.0
4591,344.67896693652693,0.022431958983518484,9.0
4592,344.740156517554,0.022431958983518484,9.0
4593,344.8276172044528,0.022431958983518484,9.0
4594,344.8235491230586,0.022431958983518484,9.0
4595,344.81142900373186,0.022431958983518484,9.0
4596,344.80192058649294,0.022431958983518484,9.0
4597,344.7831161661734,0.022431958983518484,9.0
4598,344.7572843455294,0.022431958983518484,9.0
4599,344.7275064228575,0.022431958983518484,9.0
4600,344.70706076606837,0.022431958983518484,9.0
4601,344.6931324206793,0.022431958983518484,9.0
4602,344.6905812719604,0.022431958983518484,9.0
4603,344.6826678141263,0.022431958983518484,9.0
4604,344.7098274253207,0.022431958983518484,9.0
4605,344.7021703292798,0.022431958983518484,9.0
4606,344.699648052781,0.022431958983518484,9.0
4607,344.68931487235955,0.022431958983518484,9.0
4608,344.6722585874136,0.022431958983518484,9.0
4609,344.68889886180904,0.022431958983518484,9.0
4610,344.7470223748587,0.022431958983518484,9.0
4611,344.81156407824614,0.022431958983518484,9.0
4612,344.8344175076655,0.022431958983518484,9.0
4613,344.89226165002003,0.022431958983518484,9.0
4614,344.9905742016061,0.022431958983518484,9.0
4615,345.0103206815349,0.022431958983518484,9.0
4616,345.5065779786149,0.022431958983518484,9.0
4617,346.02362646470004,0.022431958983518484,9.0
4618,346.4917535929119,0.022431958983518484,9.0
4619,346.58600587163033,0.022431958983518484,9.0
4620,346.6379327329533,0.022431958983518484,9.0
4621,346.6297457200582,0.022431958983518484,9.0
4622,346.6165107965988,0.022431958983518484,9.0
4623,346.60234398188055,0.022431958983518484,9.0
4624,346.5921143928787,0.022431958983518484,9.0
4625,346.5876398673039,0.022431958983518484,9.0
4626,346.5961938974394,0.022431958983518484,9.0
4627,346.6291186397081,0.022431958983518484,9.0
4628,346.64596829316963,0.022431958983518484,9.0
4629,346.6471034303268,0.022431958983518484,9.0
4630,346.6429614731386,0.022431958983518484,9.0
4631,346.61952299821576,0.022431958983518484,9.0
4632,346.5989109359015,0.022431958983518484,9.0
4633,346.59641367658924,0.022431958983518484,9.0
4634,346.59742032361106,0.022431958983518484,9.0
4635,346.6706591777606,0.022431958983518484,9.0
4636,346.754240474431,0.022431958983518484,9.0
4637,346.80628424345485,0.022431958983518484,9.0
4638,346.83400349915894,0.022431958983518484,9.0
4639,346.8409158553232,0.022431958983518484,9.0
4640,346.8759602994818,0.022431958983518484,9.0
4641,346.89173350601595,0.022431958983518484,9.0
4642,346.8912011678125,0.022431958983518484,9.0
4643,346.8811735386994,0.022431958983518484,9.0
4644,346.8664330928064,0.022431958983518484,9.0
4645,346.850951271166,0.022431958983518484,9.0
4646,346.8461012891862,0.022431958983518484,9.0
4647,346.83541864688533,0.022431958983518484,9.0
4648,346.8344747794421,0.022431958983518484,9.0
4649,346.83187988411055,0.022431958983518484,9.0
4650,346.8503554052556,0.022431958983518484,9.0
4651,346.85169387317194,0.022431958983518484,9.0
4652,346.86782856208333,0.022431958983518484,9.0
4653,346.8598584884916,0.022431958983518484,9.0
4654,346.8440533225148,0.022431958983518484,9.0
4655,346.8381297254333,0.022431958983518484,9.0
4656,346.85935859636004,0.022431958983518484,9.0
4657,346.8565706144544,0.022431958983518484,9.0
4658,346.8524850048117,0.022431958983518484,9.0
4659,346.92951672223495,0.022431958983518484,9.0
4660,346.99942659099895,0.022431958983518484,9.0
4661,347.0084303856232,0.022431958983518484,9.0
4662,347.0081315880594,0.022431958983518484,9.0
4663,347.00518503708435,0.022431958983518484,9.0
4664,347.0040732174185,0.022431958983518484,9.0
4665,347.00099176288086,0.022431958983518484,9.0
4666,346.997313664951,0.022431958983518484,9.0
4667,346.9930516435117,0.022431958983518484,9.0
4668,346.98503744686263,0.022431958983518484,9.0
4669,346.9748773401856,0.022431958983518484,9.0
4670,346.9647201831526,0.022431958983518484,9.0
4671,346.95306265355566,0.022431958983518484,9.0
4672,346.94726484304874,0.022431958983518484,9.0
4673,346.97868080637505,0.022431958983518484,9.0
4674,347.00704247745085,0.022431958983518484,9.0
4675,347.0095533862199,0.022431958983518484,9.0
4676,347.0082159904024,0.022431958983518484,9.0
4677,347.05456488163424,0.022431958983518484,9.0
4678,347.09808591270865,0.022431958983518484,9.0
4679,347.09469275358424,0.022431958983518484,9.0
4680,347.0789133638025,0.022431958983518484,9.0
4681,347.0620606606095,0.022431958983518484,9.0
4682,347.09646032920404,0.022431958983518484,9.0
4683,347.1026523541521,0.022431958983518484,9.0
4684,347.1344606163512,0.022431958983518484,9.0
4685,347.1710865476043,0.022431958983518484,9.0
4686,347.2008350669951,0.022431958983518484,9.0
4687,347.2137843188859,0.022431958983518484,9.0
4688,347.2862787044004,0.022431958983518484,9.0
4689,347.30318975807717,0.022431958983518484,9.0
4690,347.3031485893604,0.022431958983518484,9.0
4691,347.2954792451163,0.022431958983518484,9.0
4692,347.286227747614,0.022431958983518484,9.0
4693,347.27324796225577,0.022431958983518484,9.0
4694,347.25920163700295,0.022431958983518484,9.0
4695,347.2444259038866,0.022431958983518484,9.0
4696,347.2229556882011,0.022431958983518484,9.0
4697,347.2157760338955,0.022431958983518484,9.0
4698,347.243956616817,0.022431958983518484,9.0
4699,347.27788612913946,0.022431958983518484,9.0
4700,347.2790276474768,0.022431958983518484,9.0
4701,347.2759354492095,0.022431958983518484,9.0
4702,347.274783341168,0.022431958983518484,9.0
4703,347.3010052844865,0.022431958983518484,9.0
4704,347.27846543618205,0.022431958983518484,9.0
4705,347.26384821282323,0.022431958983518484,9.0
4706,347.26271553971793,0.022431958983518484,9.0
4707,347.30630516884776,0.022431958983518484,9.0
4708,347.3236970955427,0.022431958983518484,9.0
4709,347.36548056687576,0.022431958983518484,9.0
4710,347.44686943669444,0.022431958983518484,9.0
4711,347.56322866561896,0.022431958983518484,9.0
4712,348.07593009819277,0.022431958983518484,9.0
4713,348.77037938989105,0.022431958983518484,9.0
4714,349.1525092126951,0.022431958983518484,9.0
4715,349.17559283414664,0.022431958983518484,9.0
4716,349.1746839660732,0.022431958983518484,9.0
4717,349.16371539056223,0.022431958983518484,9.0
4718,349.15070529691576,0.022431958983518484,9.0
4719,349.27465848632187,0.022431958983518484,9.0
4720,349.75831236693074,0.022431958983518484,9.0
4721,349.8747292792934,0.022431958983518484,9.0
4722,349.92190118666,0.022431958983518484,9.0
4723,349.9371552708776,0.022431958983518484,9.0
4724,349.99629868182853,0.022431958983518484,9.0
4725,350.0294560825399,0.022431958983518484,9.0
4726,350.05571999769245,0.022431958983518484,9.0
4727,350.0528487350339,0.022431958983518484,9.0
4728,350.04060666228725,0.022431958983518484,9.0
4729,350.0391890917243,0.022431958983518484,9.0
4730,350.14281892055743,0.022431958983518484,9.0
4731,350.2231520380294,0.022431958983518484,9.0
4732,350.30038694908126,0.022431958983518484,9.0
4733,350.36626925088615,0.022431958983518484,9.0
4734,350.41182203463063,0.022431958983518484,9.0
4735,350.7226393254393,0.022431958983518484,9.0
4736,350.8011988680004,0.022431958983518484,9.0
4737,351.353667305011,0.022431958983518484,9.0
4738,352.2449748027438,0.022431958983518484,9.0
4739,352.976436939786,0.022431958983518484,9.0
4740,353.11592188916217,0.022431958983518484,9.0
4741,353.11129582471943,0.022431958983518484,9.0
4742,353.1051920749466,0.022431958983518484,9.0
4743,353.0956362267267,0.022431958983518484,9.0
4744,353.0768063439869,0.022431958983518484,9.0
4745,353.0740207627154,0.022431958983518484,9.0
4746,353.07120447603296,0.022431958983518484,9.0
4747,353.0647088415709,0.022431958983518484,9.0
4748,353.0897886933703,0.022431958983518484,9.0
4749,353.09248714380215,0.022431958983518484,9.0
4750,353.08381802233373,0.022431958983518484,9.0
4751,353.07972690197755,0.022431958983518484,9.0
4752,353.07423303096124,0.022431958983518484,9.0
4753,353.08565602342327,0.022431958983518484,9.0
4754,353.1435650990429,0.022431958983518484,9.0
4755,353.1944687985828,0.022431958983518484,9.0
4756,353.2519532635003,0.022431958983518484,9.0
4757,353.25175815639057,0.022431958983518484,9.0
4758,353.2725946199633,0.022431958983518484,9.0
4759,353.27168678085144,0.022431958983518484,9.0
4760,353.26475666379764,0.022431958983518484,9.0
4761,353.2891083874985,0.022431958983518484,9.0
4762,353.28948251069426,0.022431958983518484,9.0
4763,353.27338093256986,0.022431958983518484,9.0
4764,353.25521659243805,0.022431958983518484,9.0
4765,353.2336962954755,0.022431958983518484,9.0
4766,353.21189199872924,0.022431958983518484,9.0
4767,353.19018765752395,0.022431958983518484,9.0
4768,353.17125292992677,0.022431958983518484,9.0
4769,353.15980634295056,0.022431958983518484,9.0
4770,353.1692851545982,0.022431958983518484,9.0
4771,353.1628998974491,0.022431958983518484,9.0
4772,353.155409597902,0.022431958983518484,9.0
4773,353.1537198867673,0.022431958983518484,9.0
4774,353.1320950111331,0.022431958983518484,9.0
4775,353.12029091337126,0.022431958983518484,9.0
4776,353.1133048928136,0.022431958983518484,9.0
4777,353.1205394081296,0.022431958983518484,9.0
4778,353.15820281839785,0.022431958983518484,9.0
4779,353.2455492615333,0.022431958983518484,9.0
4780,353.2825964302571,0.022431958983518484,9.0
4781,353.3100197083686,0.022431958983518484,9.0
4782,353.36635786815737,0.022431958983518484,9.0
4783,353.37997974519055,0.022431958983518484,9.0
4784,353.41856980418834,0.022431958983518484,9.0
4785,353.41636691007244,0.022431958983518484,9.0
4786,353.4131542216763,0.022431958983518484,9.0
4787,353.39906361564636,0.022431958983518484,9.0
4788,353.37739735861504,0.022431958983518484,9.0
4789,353.3510623165256,0.022431958983518484,9.0
4790,353.3297343562443,0.022431958983518484,9.0
4791,353.31127487774296,0.022431958983518484,9.0
4792,353.29674585693283,0.022431958983518484,9.0
4793,353.29368345447045,0.022431958983518484,9.0
4794,353.29221947025025,0.022431958983518484,9.0
4795,353.29021589251784,0.022431958983518484,9.0
4796,353.2879417741523,0.022431958983518484,9.0
4797,353.2804209732528,0.022431958983518484,9.0
4798,353.2895807377959,0.022431958983518484,9.0
4799,353.27156744264545,0.022431958983518484,9.0
4800,353.25699737048114,0.022431958983518484,9.0
4801,353.25395673993734,0.022431958983518484,9.0
4802,353.3313945956592,0.022431958983518484,9.0
4803,353.41590562803583,0.022431958983518484,9.0
4804,353.42852363183226,0.022431958983518484,9.0
4805,353.46991942832267,0.022431958983518484,9.0
4806,353.50523193186365,0.022431958983518484,9.0
4807,353.5033436889354,0.022431958983518484,9.0
4808,353.51875080610745,0.022431958983518484,9.0
4809,353.5128230000608,0.022431958983518484,9.0
4810,353.50650234331874,0.022431958983518484,9.0
4811,353.4872922844518,0.022431958983518484,9.0
4812,353.46480930035915,0.022431958983518484,9.0
4813,353.96848331612006,0.022431958983518484,9.0
4814,354.0476156479017,0.022431958983518484,9.0
4815,354.04343870298663,0.022431958983518484,9.0
4816,354.03920278753395,0.022431958983518484,9.0
4817,354.031800354479,0.022431958983518484,9.0
4818,354.0384633925162,0.022431958983518484,9.0
4819,354.0856634609488,0.022431958983518484,9.0
4820,354.08039982314347,0.022431958983518484,9.0
4821,354.078876095917,0.022431958983518484,9.0
4822,354.06489889818243,0.022431958983518484,9.0
4823,354.0568035897264,0.022431958983518484,9.0
4824,354.0524207016756,0.022431958983518484,9.0
4825,354.0871608103174,0.022431958983518484,9.0
4826,354.08562350235735,0.022431958983518484,9.0
4827,354.1061686713973,0.022431958983518484,9.0
4828,354.12981673701677,0.022431958983518484,9.0
4829,354.175276717611,0.022431958983518484,9.0
4830,354.20900422940207,0.022431958983518484,9.0
4831,354.21697019266276,0.022431958983518484,9.0
4832,354.21651648936523,0.022431958983518484,9.0
4833,354.21403589039267,0.022431958983518484,9.0
4834,354.2019426657565,0.022431958983518484,9.0
4835,354.18241545548824,0.022431958983518484,9.0
4836,354.1650491434567,0.022431958983518484,9.0
4837,354.1438028246635,0.022431958983518484,9.0
4838,354.1053757981763,0.022431958983518484,9.0
4839,354.0710774664648,0.022431958983518484,9.0
4840,354.05249183843654,0.022431958983518484,9.0
4841,354.0804365937153,0.022431958983518484,9.0
4842,354.0746988909505,0.022431958983518484,9.0
4843,354.07412431125675,0.022431958983518484,9.0
4844,354.0663857945879,0.022431958983518484,9.0
4845,354.06027475753905,0.022431958983518484,9.0
4846,354.0434256007283,0.022431958983518484,9.0
4847,354.02587139228893,0.022431958983518484,9.0
4848,354.030079347377,0.022431958983518484,9.0
4849,354.02075249549927,0.022431958983518484,9.0
4850,354.05675202502124,0.022431958983518484,9.0
4851,354.0855746369263,0.022431958983518484,9.0
4852,354.11837218032287,0.022431958983518484,9.0
4853,354.17150332529104,0.022431958983518484,9.0
4854,354.23023376329746,0.022431958983518484,9.0
4855,354.26496035950476,0.022431958983518484,9.0
4856,354.28903892874183,0.022431958983518484,9.0
4857,354.2885103188051,0.022431958983518484,9.0
4858,354.2777669189093,0.022431958983518484,9.0
4859,354.25199074652414,0.022431958983518484,9.0
4860,354.22963153183485,0.022431958983518484,9.0
4861,354.1919270882011,0.022431958983518484,9.0
4862,354.16372829411125,0.022431958983518484,9.0
4863,354.1268284953697,0.022431958983518484,9.0
4864,354.1049075021894,0.022431958983518484,9.0
4865,354.09239125065045,0.022431958983518484,9.0
4866,354.0940842863345,0.022431958983518484,9.0
4867,354.09026516156183,0.022431958983518484,9.0
4868,354.1115689050406,0.022431958983518484,9.0
4869,354.09826993706235,0.022431958983518484,9.0
4870,354.08401809847186,0.022431958983518484,9.0
4871,354.0721122989306,0.022431958983518484,9.0
4872,354.06039807567595,0.022431958983518484,9.0
4873,354.05628051709573,0.022431958983518484,9.0
4874,354.0549647277309,0.022431958983518484,9.0
4875,354.0649517463941,0.022431958983518484,9.0
4876,354.0832102224904,0.022431958983518484,9.0
4877,354.13518875336223,0.022431958983518484,9.0
4878,354.1678176550279,0.022431958983518484,9.0
4879,354.2017271359602,0.022431958983518484,9.0
4880,354.2390366632992,0.022431958983518484,9.0
4881,354.24108439796663,0.022431958983518484,9.0
4882,354.23625178133165,0.022431958983518484,9.0
4883,354.33829822037467,0.022431958983518484,9.0
4884,354.56011010131687,0.022431958983518484,9.0
4885,354.85870484316627,0.022431958983518484,9.0
4886,355.22043660415517,0.022431958983518484,9.0
4887,355.44632985391473,0.022431958983518484,9.0
4888,355.4603027441807,0.022431958983518484,9.0
4889,355.4909112951481,0.022431958983518484,9.0
4890,355.4941264826256,0.022431958983518484,9.0
4891,355.49258322328114,0.022431958983518484,9.0
4892,355.5265888988221,0.022431958983518484,9.0
4893,355.542350066433,0.022431958983518484,9.0
4894,355.5455437773698,0.022431958983518484,9.0
4895,355.53910431498025,0.022431958983518484,9.0
4896,355.52934462966937,0.022431958983518484,9.0
4897,355.5356648234783,0.022431958983518484,9.0
4898,355.56280204610306,0.022431958983518484,9.0
4899,355.60131122885537,0.022431958983518484,9.0
4900,355.65933611463294,0.022431958983518484,9.0
4901,355.69001148960956,0.022431958983518484,9.0
4902,355.7553647902296,0.022431958983518484,9.0
4903,355.81254193062983,0.022431958983518484,9.0
4904,355.843489314135,0.022431958983518484,9.0
4905,355.84181817892545,0.022431958983518484,9.0
4906,355.82529819899514,0.022431958983518484,9.0
4907,355.8009995168836,0.022431958983518484,9.0
4908,355.77110437376325,0.022431958983518484,9.0
4909,355.74534084158944,0.022431958983518484,9.0
4910,355.70314492236037,0.022431958983518484,9.0
4911,355.6709212761545,0.022431958983518484,9.0
4912,355.64555073244566,0.022431958983518484,9.0
4913,355.6260058342995,0.022431958983518484,9.0
4914,355.621442942484,0.022431958983518484,9.0
4915,355.6142746562172,0.022431958983518484,9.0
4916,355.6376976864439,0.022431958983518484,9.0
4917,355.622407012024,0.022431958983518484,9.0
4918,355.61509204519587,0.022431958983518484,9.0
4919,355.60772739960163,0.022431958983518484,9.0
4920,355.6025489757988,0.022431958983518484,9.0
4921,355.598404693219,0.022431958983518484,9.0
4922,355.5962070856324,0.022431958983518484,9.0
4923,355.6084012514104,0.022431958983518484,9.0
4924,355.6668017724088,0.022431958983518484,9.0
4925,355.70886779736253,0.022431958983518484,9.0
4926,355.75050074955146,0.022431958983518484,9.0
4927,355.80388341376187,0.022431958983518484,9.0
4928,355.84711746753294,0.022431958983518484,9.0
4929,355.84812726233366,0.022431958983518484,9.0
4930,355.92012197994933,0.022431958983518484,9.0
4931,356.62225312235296,0.022431958983518484,9.0
4932,357.23736654747785,0.022431958983518484,9.0
4933,357.6439298890676,0.022431958983518484,9.0
4934,358.15784582486395,0.022431958983518484,9.0
4935,358.42400242024786,0.022431958983518484,9.0
4936,358.45912375719763,0.022431958983518484,9.0
4937,358.49002425634455,0.022431958983518484,9.0
4938,358.51835752677465,0.022431958983518484,9.0
4939,358.5202536986697,0.022431958983518484,9.0
4940,358.54962223744565,0.022431958983518484,9.0
4941,358.5847801135614,0.022431958983518484,9.0
4942,358.5724738024614,0.022431958983518484,9.0
4943,358.564777604916,0.022431958983518484,9.0
4944,358.5719343540888,0.022431958983518484,9.0
4945,358.65061795232725,0.022431958983518484,9.0
4946,358.700318521411,0.022431958983518484,9.0
4947,358.7334694280783,0.022431958983518484,9.0
4948,358.78225425184,0.022431958983518484,9.0
4949,358.81505554794774,0.022431958983518484,9.0
4950,358.87445386821133,0.022431958983518484,9.0
4951,358.9400393978129,0.022431958983518484,9.0
4952,358.995665326072,0.022431958983518484,9.0
4953,359.50516687489767,0.022431958983518484,9.0
4954,359.50253966982757,0.022431958983518484,9.0
4955,359.48194183963795,0.022431958983518484,9.0
4956,359.4579013557945,0.022431958983518484,9.0
4957,359.43318724398483,0.022431958983518484,9.0
4958,359.3953752843468,0.022431958983518484,9.0
4959,359.3641350119844,0.022431958983518484,9.0
4960,359.34398878018936,0.022431958983518484,9.0
4961,359.3268309394531,0.022431958983518484,9.0
4962,359.3420276501433,0.022431958983518484,9.0
4963,359.33818093696243,0.022431958983518484,9.0
4964,359.3362966873237,0.022431958983518484,9.0
4965,359.3654732907684,0.022431958983518484,9.0
4966,359.36002812867656,0.022431958983518484,9.0
4967,359.33369844136297,0.022431958983518484,9.0
4968,359.30764312088604,0.022431958983518484,9.0
4969,359.3309396951187,0.022431958983518484,9.0
4970,359.35121983807545,0.022431958983518484,9.0
4971,359.3702455568894,0.022431958983518484,9.0
4972,359.42175646864035,0.022431958983518484,9.0
4973,359.4779299882834,0.022431958983518484,9.0
4974,359.543182339115,0.022431958983518484,9.0
4975,359.59121938356026,0.022431958983518484,9.0
4976,359.5870982702728,0.022431958983518484,9.0
4977,359.58245247863283,0.022431958983518484,9.0
4978,359.5702975446929,0.022431958983518484,9.0
4979,359.55196439782645,0.022431958983518484,9.0
4980,359.51950486784744,0.022431958983518484,9.0
4981,359.49276477248753,0.022431958983518484,9.0
4982,359.46041944650693,0.022431958983518484,9.0
4983,359.4358039408618,0.022431958983518484,9.0
4984,359.51138944956153,0.022431958983518484,9.0
4985,359.58238308880937,0.022431958983518484,9.0
4986,359.63195419098076,0.022431958983518484,9.0
4987,359.6489596281097,0.022431958983518484,9.0
4988,359.63856312142184,0.022431958983518484,9.0
4989,359.622077134626,0.022431958983518484,9.0
4990,359.6000658168802,0.022431958983518484,9.0
4991,359.59367494340063,0.022431958983518484,9.0
4992,359.63700559004275,0.022431958983518484,9.0
4993,359.69307153342766,0.022431958983518484,9.0
4994,359.7228479010003,0.022431958983518484,9.0
4995,359.7342177669695,0.022431958983518484,9.0
4996,359.7753669731025,0.022431958983518484,9.0
4997,359.83051383701195,0.022431958983518484,9.0
4998,360.05096044295243,0.022431958983518484,9.0
4999,360.6035956636764,0.022431958983518484,9.0
5000,360.8582940776715,0.022431958983518484,9.0
5001,360.92877345956447,0.022431958983518484,9.0
5002,360.9740079514923,0.022431958983518484,9.0
5003,360.9827836324609,0.022431958983518484,9.0
5004,361.00591536018345,0.022431958983518484,9.0
5005,361.02825198408846,0.022431958983518484,9.0
5006,361.29234262405737,0.022431958983518484,9.0
5007,361.99839219645406,0.022431958983518484,9.0
5008,362.2033404226494,0.022431958983518484,9.0
5009,362.3235346762194,0.022431958983518484,9.0
5010,362.422007538661,0.022431958983518484,9.0
5011,362.48284955678747,0.022431958983518484,9.0
5012,362.5384031378209,0.022431958983518484,9.0
5013,362.565245578678,0.022431958983518484,9.0
5014,362.5587471398697,0.022431958983518484,9.0
5015,362.5572287913933,0.022431958983518484,9.0
5016,362.648718105909,0.022431958983518484,9.0
5017,362.7513508252239,0.022431958983518484,9.0
5018,362.8099952791509,0.022431958983518484,9.0
5019,362.8593853688511,0.022431958983518484,9.0
5020,362.88624310194376,0.022431958983518484,9.0
5021,362.90135906164596,0.022431958983518484,9.0
5022,362.9370168029518,0.022431958983518484,9.0
5023,362.93457767146253,0.022431958983518484,9.0
5024,362.9340544235825,0.022431958983518484,9.0
5025,362.96128062099166,0.022431958983518484,9.0
5026,363.0117083245156,0.022431958983518484,9.0
5027,363.01090132714205,0.022431958983518484,9.0
5028,363.0012747342592,0.022431958983518484,9.0
5029,362.9769344522181,0.022431958983518484,9.0
5030,362.9514136589421,0.022431958983518484,9.0
5031,362.9223731688106,0.022431958983518484,9.0
5032,362.9066855976005,0.022431958983518484,9.0
5033,362.9058711955147,0.022431958983518484,9.0
5034,362.9289503594848,0.022431958983518484,9.0
5035,362.94175631605026,0.022431958983518484,9.0
5036,362.91722243734426,0.022431958983518484,9.0
5037,362.90807832859394,0.022431958983518484,9.0
5038,362.89923311966794,0.022431958983518484,9.0
5039,362.8886297114017,0.022431958983518484,9.0
5040,362.88092419862113,0.022431958983518484,9.0
5041,362.88547684285953,0.022431958983518484,9.0
5042,362.94999661277575,0.022431958983518484,9.0
5043,363.0016193865007,0.022431958983518484,9.0
5044,363.0518320752001,0.022431958983518484,9.0
5045,363.0657364659517,0.022431958983518484,9.0
5046,363.12779820691486,0.022431958983518484,9.0
5047,363.1996521732826,0.022431958983518484,9.0
5048,363.314304897282,0.022431958983518484,9.0
5049,364.07901887753894,0.022431958983518484,9.0
5050,364.9454742054834,0.022431958983518484,9.0
5051,365.32766135936185,0.022431958983518484,9.0
5052,365.5411152820956,0.022431958983518484,9.0
5053,366.0002702166884,0.022431958983518484,9.0
5054,365.99643131189504,0.022431958983518484,9.0
5055,365.98851278029315,0.022431958983518484,9.0
5056,365.983415810413,0.022431958983518484,9.0
5057,365.97986277048597,0.022431958983518484,9.0
5058,365.98504194429984,0.022431958983518484,9.0
5059,366.0226759005876,0.022431958983518484,9.0
5060,366.0682423441458,0.022431958983518484,9.0
5061,366.1004404551128,0.022431958983518484,9.0
5062,366.09846399768804,0.022431958983518484,9.0
5063,366.0931333663463,0.022431958983518484,9.0
5064,366.08271138807794,0.022431958983518484,9.0
5065,366.0686970309011,0.022431958983518484,9.0
5066,366.0739478923021,0.022431958983518484,9.0
5067,366.163685864127,0.022431958983518484,9.0
5068,366.23882127669174,0.022431958983518484,9.0
5069,366.3480037673977,0.022431958983518484,9.0
5070,366.40718291537974,0.022431958983518484,9.0
5071,366.414682869487,0.022431958983518484,9.0
5072,366.408716188234,0.022431958983518484,9.0
5073,366.3996371688764,0.022431958983518484,9.0
5074,366.3927705812982,0.022431958983518484,9.0
5075,366.3833662947652,0.022431958983518484,9.0
5076,366.3696236703889,0.022431958983518484,9.0
5077,366.35757096966734,0.022431958983518484,9.0
5078,366.3440546658614,0.022431958983518484,9.0
5079,366.32920022161227,0.022431958983518484,9.0
5080,366.3158284916752,0.022431958983518484,9.0
5081,366.3054422326971,0.022431958983518484,9.0
5082,366.30166877842277,0.022431958983518484,9.0
5083,366.30025870973617,0.022431958983518484,9.0
5084,366.3233021676903,0.022431958983518484,9.0
5085,366.37427181778537,0.022431958983518484,9.0
5086,366.4078918977771,0.022431958983518484,9.0
5087,366.43083915253555,0.022431958983518484,9.0
5088,366.4276384448542,0.022431958983518484,9.0
5089,366.42104611788295,0.022431958983518484,9.0
5090,366.4169991312239,0.022431958983518484,9.0
5091,366.4506280152955,0.022431958983518484,9.0
5092,366.4735869950643,0.022431958983518484,9.0
5093,366.5126554153228,0.022431958983518484,9.0
5094,366.54765136312847,0.022431958983518484,9.0
5095,366.57166082021996,0.022431958983518484,9.0
5096,366.6074520537598,0.022431958983518484,9.0
5097,367.09108811754,0.022431958983518484,9.0
5098,367.7930271750763,0.022431958983518484,9.0
5099,367.79296032822833,0.022431958983518484,9.0
5100,367.7835611660179,0.022431958983518484,9.0
5101,367.77127269757403,0.022431958983518484,9.0
5102,367.7598881918753,0.022431958983518484,9.0
5103,367.7443106610726,0.022431958983518484,9.0
5104,367.9145262110532,0.022431958983518484,9.0
5105,367.9080853158106,0.022431958983518484,9.0
5106,367.90832812957257,0.022431958983518484,9.0
5107,367.92137720749383,0.022431958983518484,9.0
5108,367.94142551741453,0.022431958983518484,9.0
5109,367.9790235526462,0.022431958983518484,9.0
5110,368.0067611267304,0.022431958983518484,9.0
5111,368.02222079575836,0.022431958983518484,9.0
5112,368.0189503732462,0.022431958983518484,9.0
5113,368.0108230716346,0.022431958983518484,9.0
5114,367.99971580124895,0.022431958983518484,9.0
5115,368.03226793911944,0.022431958983518484,9.0
5116,368.1025767442363,0.022431958983518484,9.0
5117,368.1724555134362,0.022431958983518484,9.0
5118,368.19238362286063,0.022431958983518484,9.0
5119,368.21522397012126,0.022431958983518484,9.0
5120,368.6183809369186,0.022431958983518484,9.0
5121,369.1930935506438,0.022431958983518484,9.0
5122,369.34247704849906,0.022431958983518484,9.0
5123,369.34224784134267,0.022431958983518484,9.0
5124,369.3235322740057,0.022431958983518484,9.0
5125,369.31471544083445,0.022431958983518484,9.0
5126,369.3082087265845,0.022431958983518484,9.0
5127,369.29864648328345,0.022431958983518484,9.0
5128,369.29574038188906,0.022431958983518484,9.0
5129,369.28467461358343,0.022431958983518484,9.0
5130,369.2844679523526,0.022431958983518484,9.0
5131,369.30110586767563,0.022431958983518484,9.0
5132,369.3315171257912,0.022431958983518484,9.0
5133,369.3545076840055,0.022431958983518484,9.0
5134,369.35229431210576,0.022431958983518484,9.0
5135,369.3501675462097,0.022431958983518484,9.0
5136,369.3222040953206,0.022431958983518484,9.0
5137,369.30650059012925,0.022431958983518484,9.0
5138,369.3023892068482,0.022431958983518484,9.0
5139,369.38276426253697,0.022431958983518484,9.0
5140,369.45450257533946,0.022431958983518484,9.0
5141,369.5063369682617,0.022431958983518484,9.0
5142,369.5425854575374,0.022431958983518484,9.0
5143,369.5695399197672,0.022431958983518484,9.0
5144,369.5685288491603,0.022431958983518484,9.0
5145,369.56437658918145,0.022431958983518484,9.0
5146,369.5572169111698,0.022431958983518484,9.0
5147,369.54730054757556,0.022431958983518484,9.0
5148,369.53361018042244,0.022431958983518484,9.0
5149,369.515664040694,0.022431958983518484,9.0
5150,369.49965349227466,0.022431958983518484,9.0
5151,369.47749212278046,0.022431958983518484,9.0
5152,369.46740259252243,0.022431958983518484,9.0
5153,369.4613713082698,0.022431958983518484,9.0
5154,369.4585303109516,0.022431958983518484,9.0
5155,369.4498780498002,0.022431958983518484,9.0
5156,369.47362267802384,0.022431958983518484,9.0
5157,369.4796719143895,0.022431958983518484,9.0
5158,369.4789923067864,0.022431958983518484,9.0
5159,369.47665800831055,0.022431958983518484,9.0
5160,369.4606559852874,0.022431958983518484,9.0
5161,369.45301301052365,0.022431958983518484,9.0
5162,369.45644348649734,0.022431958983518484,9.0
5163,369.47139678252563,0.022431958983518484,9.0
5164,369.47228216752046,0.022431958983518484,9.0
5165,369.4935574724206,0.022431958983518484,9.0
5166,369.51613910767725,0.022431958983518484,9.0
5167,369.5483489041145,0.022431958983518484,9.0
5168,369.569046784133,0.022431958983518484,9.0
5169,369.57185266141624,0.022431958983518484,9.0
5170,369.5660852018913,0.022431958983518484,9.0
5171,369.55354507285574,0.022431958983518484,9.0
5172,369.53573045706725,0.022431958983518484,9.0
5173,369.54499753644893,0.022431958983518484,9.0
5174,369.85820319041017,0.022431958983518484,9.0
5175,369.8713699256743,0.022431958983518484,9.0
5176,369.8662033798613,0.022431958983518484,9.0
5177,369.86614698247587,0.022431958983518484,9.0
5178,369.8652493872201,0.022431958983518484,9.0
5179,369.88115583214636,0.022431958983518484,9.0
5180,369.9087970572016,0.022431958983518484,9.0
5181,369.94066011686897,0.022431958983518484,9.0
5182,369.9560802177976,0.022431958983518484,9.0
5183,369.96601990645553,0.022431958983518484,9.0
5184,369.9450836140029,0.022431958983518484,9.0
5185,369.9403491561148,0.022431958983518484,9.0
5186,369.95428179133256,0.022431958983518484,9.0
5187,370.01011379400984,0.022431958983518484,9.0
5188,370.05856836249774,0.022431958983518484,9.0
5189,370.1031364915674,0.022431958983518484,9.0
5190,370.13265234927525,0.022431958983518484,9.0
5191,370.1564800613566,0.022431958983518484,9.0
5192,370.2040253406738,0.022431958983518484,9.0
5193,370.2354518662628,0.022431958983518484,9.0
5194,370.2343353243517,0.022431958983518484,9.0
5195,370.24463251014845,0.022431958983518484,9.0
5196,370.2438360531423,0.022431958983518484,9.0
5197,370.2233572135144,0.022431958983518484,9.0
5198,370.20627870042387,0.022431958983518484,9.0
5199,370.19211273645084,0.022431958983518484,9.0
5200,370.1749922366077,0.022431958983518484,9.0
5201,370.161402970457,0.022431958983518484,9.0
5202,370.16033512336156,0.022431958983518484,9.0
5203,370.1924186903128,0.022431958983518484,9.0
5204,370.2615469610396,0.022431958983518484,9.0
5205,370.30304201994693,0.022431958983518484,9.0
5206,370.3331651286857,0.022431958983518484,9.0
5207,370.32824701774774,0.022431958983518484,9.0
5208,370.3142905215176,0.022431958983518484,9.0
5209,370.32909462016687,0.022431958983518484,9.0
5210,370.3767951739194,0.022431958983518484,9.0
5211,370.4062260127447,0.022431958983518484,9.0
5212,370.4305964949914,0.022431958983518484,9.0
5213,370.4435459301618,0.022431958983518484,9.0
5214,370.45220939370995,0.022431958983518484,9.0
5215,370.4492886484958,0.022431958983518484,9.0
5216,370.4785219356176,0.022431958983518484,9.0
5217,370.4753841506521,0.022431958983518484,9.0
5218,370.4672699285269,0.022431958983518484,9.0
5219,370.89805975320377,0.022431958983518484,9.0
5220,371.01821199233086,0.022431958983518484,9.0
5221,371.04444401473705,0.022431958983518484,9.0
5222,371.0378334078079,0.022431958983518484,9.0
5223,371.03165654827495,0.022431958983518484,9.0
5224,371.0653789332226,0.022431958983518484,9.0
5225,371.08505352964744,0.022431958983518484,9.0
5226,371.0800869988181,0.022431958983518484,9.0
5227,371.0770865869197,0.022431958983518484,9.0
5228,371.09383623773647,0.022431958983518484,9.0
5229,371.12252160661444,0.022431958983518484,9.0
5230,371.1321206665755,0.022431958983518484,9.0
5231,371.12812883533854,0.022431958983518484,9.0
5232,371.11644889714876,0.022431958983518484,9.0
5233,371.11045333329014,0.022431958983518484,9.0
5234,371.12081400069656,0.022431958983518484,9.0
5235,371.15815077617253,0.022431958983518484,9.0
5236,371.20989856854703,0.022431958983518484,9.0
5237,371.26450629184865,0.022431958983518484,9.0
5238,371.3158773091609,0.022431958983518484,9.0
5239,371.3645169062476,0.022431958983518484,9.0
5240,371.37283100697556,0.022431958983518484,9.0
5241,371.88993020248176,0.022431958983518484,9.0
5242,372.4717230723001,0.022431958983518484,9.0
5243,372.6199203903885,0.022431958983518484,9.0
5244,372.6679296332573,0.022431958983518484,9.0
5245,372.6663967743479,0.022431958983518484,9.0
5246,372.65435898689503,0.022431958983518484,9.0
5247,372.63973479437755,0.022431958983518484,9.0
5248,372.6325322571823,0.022431958983518484,9.0
5249,372.624655883551,0.022431958983518484,9.0
5250,372.6537149051584,0.022431958983518484,9.0
5251,372.6674134611022,0.022431958983518484,9.0
5252,372.6704380269237,0.022431958983518484,9.0
5253,372.686964938445,0.022431958983518484,9.0
5254,372.7233663760989,0.022431958983518484,9.0
5255,372.7247993067781,0.022431958983518484,9.0
5256,372.696991339619,0.022431958983518484,9.0
5257,372.67631137301464,0.022431958983518484,9.0
5258,372.70337203904523,0.022431958983518484,9.0
5259,372.713012581665,0.022431958983518484,9.0
5260,372.7685419237998,0.022431958983518484,9.0
5261,372.84109062886824,0.022431958983518484,9.0
5262,372.88888538042045,0.022431958983518484,9.0
5263,372.88886700996636,0.022431958983518484,9.0
5264,372.9027622612975,0.022431958983518484,9.0
5265,372.8969434791307,0.022431958983518484,9.0
5266,372.88298786083004,0.022431958983518484,9.0
5267,372.86270494252193,0.022431958983518484,9.0
5268,372.8374696578675,0.022431958983518484,9.0
5269,372.8138022907234,0.022431958983518484,9.0
5270,372.79263826585145,0.022431958983518484,9.0
5271,372.77171093980394,0.022431958983518484,9.0
5272,372.7526704506598,0.022431958983518484,9.0
5273,372.7431622504073,0.022431958983518484,9.0
5274,372.73929251822193,0.022431958983518484,9.0
5275,372.7538717132375,0.022431958983518484,9.0
5276,372.7832565097442,0.022431958983518484,9.0
5277,372.77122129315353,0.022431958983518484,9.0
5278,372.7612182684914,0.022431958983518484,9.0
5279,372.7438605936299,0.022431958983518484,9.0
5280,372.75058448193806,0.022431958983518484,9.0
5281,372.7622547464081,0.022431958983518484,9.0
5282,372.75375702884975,0.022431958983518484,9.0
5283,372.75449208747506,0.022431958983518484,9.0
5284,372.80231444863455,0.022431958983518484,9.0
5285,372.84174530401646,0.022431958983518484,9.0
5286,372.89271330392955,0.022431958983518484,9.0
5287,372.92740235975265,0.022431958983518484,9.0
5288,372.9282583053933,0.022431958983518484,9.0
5289,372.92423348057895,0.022431958983518484,9.0
5290,372.91601322941415,0.022431958983518484,9.0
5291,372.89736977999706,0.022431958983518484,9.0
5292,372.8733926153702,0.022431958983518484,9.0
5293,372.83707343041925,0.022431958983518484,9.0
5294,372.7975462203798,0.022431958983518484,9.0
5295,372.7692921183217,0.022431958983518484,9.0
5296,372.7470657114265,0.022431958983518484,9.0
5297,372.7277773241004,0.022431958983518484,9.0
5298,372.72391036686986,0.022431958983518484,9.0
5299,372.71968549685664,0.022431958983518484,9.0
5300,372.71502070880223,0.022431958983518484,9.0
5301,372.7148689820942,0.022431958983518484,9.0
5302,372.70199070965924,0.022431958983518484,9.0
5303,372.68458512141933,0.022431958983518484,9.0
5304,372.6729269803161,0.022431958983518484,9.0
5305,372.6578712971533,0.022431958983518484,9.0
5306,372.69100092069647,0.022431958983518484,9.0
5307,372.7477346759256,0.022431958983518484,9.0
5308,372.7585677875385,0.022431958983518484,9.0
5309,372.8199957751962,0.022431958983518484,9.0
5310,372.8674865269789,0.022431958983518484,9.0
5311,372.9067025609091,0.022431958983518484,9.0
5312,372.9564644771279,0.022431958983518484,9.0
5313,372.97019349141,0.022431958983518484,9.0
5314,372.96322033399554,0.022431958983518484,9.0
5315,372.9417673023872,0.022431958983518484,9.0
5316,372.91687622601876,0.022431958983518484,9.0
5317,372.8896515586105,0.022431958983518484,9.0
5318,372.86561754482676,0.022431958983518484,9.0
5319,372.83975975003125,0.022431958983518484,9.0
5320,372.8396000648655,0.022431958983518484,9.0
5321,372.8259996394895,0.022431958983518484,9.0
5322,372.89956063729556,0.022431958983518484,9.0
5323,372.8962202296116,0.022431958983518484,9.0
5324,372.89176936217757,0.022431958983518484,9.0
5325,372.8875875548166,0.022431958983518484,9.0
5326,372.88065810367834,0.022431958983518484,9.0
5327,372.87230505526605,0.022431958983518484,9.0
5328,372.8572381005085,0.022431958983518484,9.0
5329,372.850677831953,0.022431958983518484,9.0
5330,372.8967157008936,0.022431958983518484,9.0
5331,372.9227216499636,0.022431958983518484,9.0
5332,372.9497714061925,0.022431958983518484,9.0
5333,373.0102612057864,0.022431958983518484,9.0
5334,373.05298232302505,0.022431958983518484,9.0
5335,373.11740140637113,0.022431958983518484,9.0
5336,373.1259950738294,0.022431958983518484,9.0
5337,373.1224826091153,0.022431958983518484,9.0
5338,373.74995386865874,0.022431958983518484,9.0
5339,374.4755786491782,0.022431958983518484,9.0
5340,374.6649062393801,0.022431958983518484,9.0
5341,374.6642869661081,0.022431958983518484,9.0
5342,374.6711560991056,0.022431958983518484,9.0
5343,374.6678737818762,0.022431958983518484,9.0
5344,374.65909490729774,0.022431958983518484,9.0
5345,374.6579068541363,0.022431958983518484,9.0
5346,374.6520500425888,0.022431958983518484,9.0
5347,374.6482302089357,0.022431958983518484,9.0
5348,374.64660970861877,0.022431958983518484,9.0
5349,374.6350975470331,0.022431958983518484,9.0
5350,374.65775352655,0.022431958983518484,9.0
5351,374.66952765491584,0.022431958983518484,9.0
5352,374.6710605162734,0.022431958983518484,9.0
5353,374.667934101213,0.022431958983518484,9.0
5354,374.6633620395929,0.022431958983518484,9.0
5355,374.68873046983424,0.022431958983518484,9.0
5356,374.71298257426685,0.022431958983518484,9.0
5357,374.7575347623188,0.022431958983518484,9.0
5358,374.8342381964018,0.022431958983518484,9.0
5359,374.88736268439953,0.022431958983518484,9.0
5360,374.888225284156,0.022431958983518484,9.0
5361,374.88467625451193,0.022431958983518484,9.0
5362,374.8647916556149,0.022431958983518484,9.0
5363,374.8397444338219,0.022431958983518484,9.0
5364,374.81280138740505,0.022431958983518484,9.0
5365,374.7815135594443,0.022431958983518484,9.0
5366,374.75063763303683,0.022431958983518484,9.0
5367,374.71648152559595,0.022431958983518484,9.0
5368,374.69399025359166,0.022431958983518484,9.0
5369,374.6785623925763,0.022431958983518484,9.0
5370,374.6645709454079,0.022431958983518484,9.0
5371,374.6745536407919,0.022431958983518484,9.0
5372,374.6958561528783,0.022431958983518484,9.0
5373,374.71172671383306,0.022431958983518484,9.0
5374,374.741683116083,0.022431958983518484,9.0
5375,374.74031223400476,0.022431958983518484,9.0
5376,374.736473042084,0.022431958983518484,9.0
5377,374.72771712056215,0.022431958983518484,9.0
5378,374.74845120856463,0.022431958983518484,9.0
5379,374.76925026407326,0.022431958983518484,9.0
5380,374.80708286257516,0.022431958983518484,9.0
5381,374.8373610063761,0.022431958983518484,9.0
5382,374.86799774489845,0.022431958983518484,9.0
5383,374.9446933909761,0.022431958983518484,9.0
5384,375.08314610454335,0.022431958983518484,9.0
5385,375.6858627854152,0.022431958983518484,9.0
5386,375.8231617599845,0.022431958983518484,9.0
5387,375.8141244383356,0.022431958983518484,9.0
5388,375.79397444817863,0.022431958983518484,9.0
5389,375.7631249521733,0.022431958983518484,9.0
5390,375.7303732262393,0.022431958983518484,9.0
5391,375.7010969819643,0.022431958983518484,9.0
5392,375.7512830588979,0.022431958983518484,9.0
5393,375.8892579577922,0.022431958983518484,9.0
5394,375.89092292940506,0.022431958983518484,9.0
5395,375.9098760234517,0.022431958983518484,9.0
5396,375.93909827844857,0.022431958983518484,9.0
5397,375.9671369373848,0.022431958983518484,9.0
5398,376.0071555061648,0.022431958983518484,9.0
5399,376.00638723288546,0.022431958983518484,9.0
5400,376.0019388595773,0.022431958983518484,9.0
5401,375.9798585218218,0.022431958983518484,9.0
5402,375.975923254883,0.022431958983518484,9.0
5403,376.04656456196807,0.022431958983518484,9.0
5404,376.13016922840234,0.022431958983518484,9.0
5405,376.17358904678906,0.022431958983518484,9.0
5406,376.2053649098871,0.022431958983518484,9.0
5407,376.24506755264485,0.022431958983518484,9.0
5408,376.24421723110385,0.022431958983518484,9.0
5409,376.23360022358366,0.022431958983518484,9.0
5410,376.2291611618635,0.022431958983518484,9.0
5411,376.2092393659506,0.022431958983518484,9.0
5412,376.3412707894483,0.022431958983518484,9.0
5413,377.07642472692856,0.022431958983518484,9.0
5414,377.27184999180423,0.022431958983518484,9.0
5415,377.26762893084157,0.022431958983518484,9.0
5416,377.26542955879995,0.022431958983518484,9.0
5417,377.258568923856,0.022431958983518484,9.0
5418,377.2591465900597,0.022431958983518484,9.0
5419,377.2752178610941,0.022431958983518484,9.0
5420,377.3101675287261,0.022431958983518484,9.0
5421,377.35072403575566,0.022431958983518484,9.0
5422,377.3876359967791,0.022431958983518484,9.0
5423,377.4133385606858,0.022431958983518484,9.0
5424,377.3927034987891,0.022431958983518484,9.0
5425,377.3757705063027,0.022431958983518484,9.0
5426,377.3805273860972,0.022431958983518484,9.0
5427,377.4005625703857,0.022431958983518484,9.0
5428,377.44084413494363,0.022431958983518484,9.0
5429,377.47567737646716,0.022431958983518484,9.0
5430,377.5198502596027,0.022431958983518484,9.0
5431,377.575394862939,0.022431958983518484,9.0
5432,377.5995340804429,0.022431958983518484,9.0
5433,377.5969041042558,0.022431958983518484,9.0
5434,377.5817745064887,0.022431958983518484,9.0
5435,377.5570356964158,0.022431958983518484,9.0
5436,377.5255159129494,0.022431958983518484,9.0
5437,377.49928271653243,0.022431958983518484,9.0
5438,377.46877499067506,0.022431958983518484,9.0
5439,377.4329147711847,0.022431958983518484,9.0
5440,377.41960261073166,0.022431958983518484,9.0
5441,377.40582134194426,0.022431958983518484,9.0
5442,377.40145680239686,0.022431958983518484,9.0
5443,377.41090514775993,0.022431958983518484,9.0
5444,377.44932337893755,0.022431958983518484,9.0
5445,377.45287793616484,0.022431958983518484,9.0
5446,377.4512185757536,0.022431958983518484,9.0
5447,377.43972872666916,0.022431958983518484,9.0
5448,377.4281658687746,0.022431958983518484,9.0
5449,377.4273629087396,0.022431958983518484,9.0
5450,377.41821808256196,0.022431958983518484,9.0
5451,377.43917211706963,0.022431958983518484,9.0
5452,377.4571793010055,0.022431958983518484,9.0
5453,377.4994833408537,0.022431958983518484,9.0
5454,377.5378899231137,0.022431958983518484,9.0
5455,377.5829660162772,0.022431958983518484,9.0
5456,377.64864769944637,0.022431958983518484,9.0
5457,377.67654136205465,0.022431958983518484,9.0
5458,377.67928493469435,0.022431958983518484,9.0
5459,377.66098071636867,0.022431958983518484,9.0
5460,377.64312148103176,0.022431958983518484,9.0
5461,377.7995398403487,0.022431958983518484,9.0
5462,377.7853403344247,0.022431958983518484,9.0
5463,377.7696509390249,0.022431958983518484,9.0
5464,377.75623252838955,0.022431958983518484,9.0
5465,377.7482962132207,0.022431958983518484,9.0
5466,377.74751629586314,0.022431958983518484,9.0
5467,377.76903287178243,0.022431958983518484,9.0
5468,377.78733776292074,0.022431958983518484,9.0
5469,377.785654026689,0.022431958983518484,9.0
5470,377.7811615485057,0.022431958983518484,9.0
5471,377.76424341632077,0.022431958983518484,9.0
5472,377.75965469015784,0.022431958983518484,9.0
5473,377.758350893048,0.022431958983518484,9.0
5474,377.79588620285296,0.022431958983518484,9.0
5475,377.79036374500635,0.022431958983518484,9.0
5476,377.8180089435033,0.022431958983518484,9.0
5477,377.8781257295563,0.022431958983518484,9.0
5478,377.88624794021104,0.022431958983518484,9.0
5479,377.89479324869524,0.022431958983518484,9.0
5480,377.91727358190957,0.022431958983518484,9.0
5481,377.91602933728103,0.022431958983518484,9.0
5482,377.90619655698674,0.022431958983518484,9.0
5483,377.89069849061354,0.022431958983518484,9.0
5484,377.8605460300595,0.022431958983518484,9.0
5485,377.8333762075992,0.022431958983518484,9.0
5486,377.7986782853049,0.022431958983518484,9.0
5487,377.77036274658724,0.022431958983518484,9.0
5488,377.74803954447964,0.022431958983518484,9.0
5489,377.7347107322449,0.022431958983518484,9.0
5490,377.7323016321869,0.022431958983518484,9.0
5491,377.73178869830457,0.022431958983518484,9.0
5492,377.7500635317552,0.022431958983518484,9.0
5493,377.7891537841512,0.022431958983518484,9.0
5494,377.7863427235572,0.022431958983518484,9.0
5495,377.78739575194317,0.022431958983518484,9.0
5496,377.7690022956442,0.022431958983518484,9.0
5497,377.7659670278375,0.022431958983518484,9.0
5498,377.75714068839574,0.022431958983518484,9.0
5499,377.764512423204,0.022431958983518484,9.0
5500,377.79402035631597,0.022431958983518484,9.0
5501,377.8377233781139,0.022431958983518484,9.0
5502,377.87378171874485,0.022431958983518484,9.0
5503,377.911515108638,0.022431958983518484,9.0
5504,377.9478403396843,0.022431958983518484,9.0
5505,377.9468545798447,0.022431958983518484,9.0
5506,377.93917006973675,0.022431958983518484,9.0
5507,377.9147633157965,0.022431958983518484,9.0
5508,377.88125013141405,0.022431958983518484,9.0
5509,377.84760850600105,0.022431958983518484,9.0
5510,377.81514571513816,0.022431958983518484,9.0
5511,377.78299095554877,0.022431958983518484,9.0
5512,377.7698408310383,0.022431958983518484,9.0
5513,377.76126899093026,0.022431958983518484,9.0
5514,377.76389736662196,0.022431958983518484,9.0
5515,377.7574462175584,0.022431958983518484,9.0
5516,377.7554612672622,0.022431958983518484,9.0
5517,377.8228269894879,0.022431958983518484,9.0
5518,377.82279333374356,0.022431958983518484,9.0
5519,377.81853487275725,0.022431958983518484,9.0
5520,377.80509901044104,0.022431958983518484,9.0
5521,377.78461054779416,0.022431958983518484,9.0
5522,377.82225725731575,0.022431958983518484,9.0
5523,377.863084302712,0.022431958983518484,9.0
5524,377.88656534642826,0.022431958983518484,9.0
5525,377.94007981340235,0.022431958983518484,9.0
5526,377.9631966437752,0.022431958983518484,9.0
5527,378.0070995753259,0.022431958983518484,9.0
5528,378.04430327094633,0.022431958983518484,9.0
5529,378.0494373255243,0.022431958983518484,9.0
5530,378.042036986796,0.022431958983518484,9.0
5531,378.02067398105413,0.022431958983518484,9.0
5532,377.994759589306,0.022431958983518484,9.0
5533,377.9633386863087,0.022431958983518484,9.0
5534,377.93086134923146,0.022431958983518484,9.0
5535,377.90378928044356,0.022431958983518484,9.0
5536,377.88772518350163,0.022431958983518484,9.0
5537,377.8691764080063,0.022431958983518484,9.0
5538,377.8940429968081,0.022431958983518484,9.0
5539,377.8929797978537,0.022431958983518484,9.0
5540,377.90357766626494,0.022431958983518484,9.0
5541,377.9030721612576,0.022431958983518484,9.0
5542,377.93592031764,0.022431958983518484,9.0
5543,377.9312237596877,0.022431958983518484,9.0
5544,377.9207594968544,0.022431958983518484,9.0
5545,377.9176218794024,0.022431958983518484,9.0
5546,377.9045018244224,0.022431958983518484,9.0
5547,377.9043153341231,0.022431958983518484,9.0
5548,377.94545621037895,0.022431958983518484,9.0
5549,377.9893196955008,0.022431958983518484,9.0
5550,378.0260154950019,0.022431958983518484,9.0
5551,378.1051373828461,0.022431958983518484,9.0
5552,378.15261569816795,0.022431958983518484,9.0
5553,378.16279797715106,0.022431958983518484,9.0
5554,378.16147809213953,0.022431958983518484,9.0
5555,378.14696166527847,0.022431958983518484,9.0
5556,378.1284162923678,0.022431958983518484,9.0
5557,378.10297654011123,0.022431958983518484,9.0
5558,378.07559043217395,0.022431958983518484,9.0
5559,378.0461325468584,0.022431958983518484,9.0
5560,378.02589181773493,0.022431958983518484,9.0
5561,378.01341972174123,0.022431958983518484,9.0
5562,378.0116297414686,0.022431958983518484,9.0
5563,378.02702080294176,0.022431958983518484,9.0
5564,378.0425497779883,0.022431958983518484,9.0
5565,378.05592039470196,0.022431958983518484,9.0
5566,378.053737132912,0.022431958983518484,9.0
5567,378.0828868902335,0.022431958983518484,9.0
5568,378.07990717400804,0.022431958983518484,9.0
5569,378.0682443489139,0.022431958983518484,9.0
5570,378.0485585838082,0.022431958983518484,9.0
5571,378.0389984874703,0.022431958983518484,9.0
5572,378.04313157136454,0.022431958983518484,9.0
5573,378.0988928667811,0.022431958983518484,9.0
5574,378.1450150632371,0.022431958983518484,9.0
5575,378.1533675860303,0.022431958983518484,9.0
5576,378.198047462372,0.022431958983518484,9.0
5577,378.19633497570845,0.022431958983518484,9.0
5578,378.19457010375356,0.022431958983518484,9.0
5579,378.17847303312595,0.022431958983518484,9.0
5580,378.15879743373415,0.022431958983518484,9.0
5581,378.15462556001637,0.022431958983518484,9.0
5582,378.14599148765063,0.022431958983518484,9.0
5583,378.1558958586186,0.022431958983518484,9.0
5584,378.17607373363364,0.022431958983518484,9.0
5585,378.21432359193676,0.022431958983518484,9.0
5586,378.2110547260077,0.022431958983518484,9.0
5587,378.2262505754423,0.022431958983518484,9.0
5588,378.26920809343045,0.022431958983518484,9.0
5589,378.28901282624014,0.022431958983518484,9.0
5590,378.30370124699016,0.022431958983518484,9.0
5591,378.29064710775685,0.022431958983518484,9.0
5592,378.29021613083324,0.022431958983518484,9.0
5593,378.32814151559046,0.022431958983518484,9.0
5594,378.3759526120516,0.022431958983518484,9.0
5595,378.4075600281741,0.022431958983518484,9.0
5596,378.4217304945883,0.022431958983518484,9.0
5597,378.4755477009413,0.022431958983518484,9.0
5598,378.51724924314505,0.022431958983518484,9.0
5599,378.60250180094454,0.022431958983518484,9.0
5600,378.6004550849342,0.022431958983518484,9.0
5601,378.5917520467253,0.022431958983518484,9.0
5602,378.57898799653185,0.022431958983518484,9.0
5603,378.55643477083515,0.022431958983518484,9.0
5604,378.5340131203488,0.022431958983518484,9.0
5605,378.4940367706266,0.022431958983518484,9.0
5606,378.4583956465204,0.022431958983518484,9.0
5607,378.4361139037248,0.022431958983518484,9.0
5608,378.4362409785134,0.022431958983518484,9.0
5609,378.4297286872129,0.022431958983518484,9.0
5610,378.45975386749933,0.022431958983518484,9.0
5611,378.47500909864084,0.022431958983518484,9.0
5612,378.49075646804414,0.022431958983518484,9.0
5613,378.4843572840397,0.022431958983518484,9.0
5614,378.493621024164,0.022431958983518484,9.0
5615,378.5231368708711,0.022431958983518484,9.0
5616,378.5075450176162,0.022431958983518484,9.0
5617,378.4837050636318,0.022431958983518484,9.0
5618,378.4732244967557,0.022431958983518484,9.0
5619,378.4724290233193,0.022431958983518484,9.0
5620,378.4921176318113,0.022431958983518484,9.0
5621,378.53023912425704,0.022431958983518484,9.0
5622,378.57774341512044,0.022431958983518484,9.0
5623,378.62114389516864,0.022431958983518484,9.0
5624,378.62716182258515,0.022431958983518484,9.0
5625,378.6269591220134,0.022431958983518484,9.0
5626,378.6192578399289,0.022431958983518484,9.0
5627,378.595877642155,0.022431958983518484,9.0
5628,378.5699596007852,0.022431958983518484,9.0
5629,378.53930219975535,0.022431958983518484,9.0
5630,378.5106110139596,0.022431958983518484,9.0
5631,378.47767443878945,0.022431958983518484,9.0
5632,378.45056080214016,0.022431958983518484,9.0
5633,378.43721951467637,0.022431958983518484,9.0
5634,378.4347495006532,0.022431958983518484,9.0
5635,378.44557951472405,0.022431958983518484,9.0
5636,378.4374667905681,0.022431958983518484,9.0
5637,378.43112981705906,0.022431958983518484,9.0
5638,378.4096839747661,0.022431958983518484,9.0
5639,378.40176954128066,0.022431958983518484,9.0
5640,378.39352923213823,0.022431958983518484,9.0
5641,378.39239465909657,0.022431958983518484,9.0
5642,378.4028720477674,0.022431958983518484,9.0
5643,378.4336452873616,0.022431958983518484,9.0
5644,378.46086648220194,0.022431958983518484,9.0
5645,378.4916551697086,0.022431958983518484,9.0
5646,378.53005706553745,0.022431958983518484,9.0
5647,378.58119332648477,0.022431958983518484,9.0
5648,378.620333507578,0.022431958983518484,9.0
5649,378.6266487033883,0.022431958983518484,9.0
5650,378.6194477780414,0.022431958983518484,9.0
5651,378.5973182300137,0.022431958983518484,9.0
5652,378.56599105873886,0.022431958983518484,9.0
5653,378.53584299402155,0.022431958983518484,9.0
5654,378.5159248243475,0.022431958983518484,9.0
5655,378.4971350583191,0.022431958983518484,9.0
5656,378.49659729139734,0.022431958983518484,9.0
5657,378.4891942204695,0.022431958983518484,9.0
5658,378.48723693697457,0.022431958983518484,9.0
5659,378.47739135047874,0.022431958983518484,9.0
5660,378.4844020711415,0.022431958983518484,9.0
5661,378.4613748843112,0.022431958983518484,9.0
5662,378.4460676223918,0.022431958983518484,9.0
5663,378.4284667667118,0.022431958983518484,9.0
5664,378.4264427125976,0.022431958983518484,9.0
5665,378.4762721264412,0.022431958983518484,9.0
5666,378.508240343346,0.022431958983518484,9.0
5667,378.50058995789317,0.022431958983518484,9.0
5668,378.5098721241288,0.022431958983518484,9.0
5669,378.58159042951746,0.022431958983518484,9.0
5670,378.63192144002795,0.022431958983518484,9.0
5671,378.67409629540765,0.022431958983518484,9.0
5672,378.6729376011872,0.022431958983518484,9.0
5673,378.66776547772906,0.022431958983518484,9.0
5674,378.6589424311315,0.022431958983518484,9.0
5675,378.6379617404261,0.022431958983518484,9.0
5676,378.61716768229377,0.022431958983518484,9.0
5677,378.59558754974876,0.022431958983518484,9.0
5678,378.5797169016925,0.022431958983518484,9.0
5679,378.5583578765798,0.022431958983518484,9.0
5680,378.5472266821015,0.022431958983518484,9.0
5681,378.5437985129517,0.022431958983518484,9.0
5682,378.5398757253864,0.022431958983518484,9.0
5683,378.5550588056622,0.022431958983518484,9.0
5684,378.5548457242281,0.022431958983518484,9.0
5685,378.5494225785252,0.022431958983518484,9.0
5686,378.54383898367246,0.022431958983518484,9.0
5687,378.54635416765035,0.022431958983518484,9.0
5688,378.57998861922465,0.022431958983518484,9.0
5689,378.57648462975277,0.022431958983518484,9.0
5690,378.5757907155274,0.022431958983518484,9.0
5691,378.59544481664113,0.022431958983518484,9.0
5692,378.63608862732605,0.022431958983518484,9.0
5693,378.6826092001916,0.022431958983518484,9.0
5694,378.7182996708642,0.022431958983518484,9.0
5695,378.72135307901505,0.022431958983518484,9.0
5696,378.73725605922,0.022431958983518484,9.0
5697,378.7319632240223,0.022431958983518484,9.0
5698,378.72954818974983,0.022431958983518484,9.0
5699,378.7190685623644,0.022431958983518484,9.0
5700,378.70476886418567,0.022431958983518484,9.0
5701,378.68910353204427,0.022431958983518484,9.0
5702,378.67259625420763,0.022431958983518484,9.0
5703,378.6575938533044,0.022431958983518484,9.0
5704,378.65302241786407,0.022431958983518484,9.0
5705,378.6465823498036,0.022431958983518484,9.0
5706,378.6450338701861,0.022431958983518484,9.0
5707,378.6651158109323,0.022431958983518484,9.0
5708,378.6977076975532,0.022431958983518484,9.0
5709,378.75218953418255,0.022431958983518484,9.0
5710,378.7877823769363,0.022431958983518484,9.0
5711,378.8212421841933,0.022431958983518484,9.0
5712,378.81734973071485,0.022431958983518484,9.0
5713,378.81359635496307,0.022431958983518484,9.0
5714,378.8013486199652,0.022431958983518484,9.0
5715,378.8459011606226,0.022431958983518484,9.0
5716,378.87605232188474,0.022431958983518484,9.0
5717,378.91534884841354,0.022431958983518484,9.0
5718,379.00227029354437,0.022431958983518484,9.0
5719,378.99990110868373,0.022431958983518484,9.0
5720,379.0025270537083,0.022431958983518484,9.0
5721,378.99493327150435,0.022431958983518484,9.0
5722,378.9871452024953,0.022431958983518484,9.0
5723,378.97351194758085,0.022431958983518484,9.0
5724,378.9589268508151,0.022431958983518484,9.0
5725,378.9351458893176,0.022431958983518484,9.0
5726,378.90975175606224,0.022431958983518484,9.0
5727,378.8881354352752,0.022431958983518484,9.0
5728,378.8773403881047,0.022431958983518484,9.0
5729,378.8619895673844,0.022431958983518484,9.0
5730,378.861128849795,0.022431958983518484,9.0
5731,378.8654842411977,0.022431958983518484,9.0
5732,378.885742144658,0.022431958983518484,9.0
5733,378.9144021516829,0.022431958983518484,9.0
5734,378.9301327684412,0.022431958983518484,9.0
5735,378.95459674229727,0.022431958983518484,9.0
5736,378.9466482406652,0.022431958983518484,9.0
5737,378.92812719947125,0.022431958983518484,9.0
5738,378.91237651452394,0.022431958983518484,9.0
5739,378.91049713487575,0.022431958983518484,9.0
5740,378.93558972995504,0.022431958983518484,9.0
5741,378.9893159360877,0.022431958983518484,9.0
5742,379.03801090140485,0.022431958983518484,9.0
5743,379.0649238528577,0.022431958983518484,9.0
5744,379.11095811174334,0.022431958983518484,9.0
5745,379.1414211242254,0.022431958983518484,9.0
5746,379.1408584032019,0.022431958983518484,9.0
5747,379.1349770677922,0.022431958983518484,9.0
5748,379.12749219140943,0.022431958983518484,9.0
5749,379.11322784474623,0.022431958983518484,9.0
5750,379.1018045164181,0.022431958983518484,9.0
5751,379.0910216764049,0.022431958983518484,9.0
5752,379.10402506934446,0.022431958983518484,9.0
5753,379.1277418424468,0.022431958983518484,9.0
5754,379.1292098515648,0.022431958983518484,9.0
5755,379.1402577166967,0.022431958983518484,9.0
5756,379.17602876509955,0.022431958983518484,9.0
5757,379.21162185284834,0.022431958983518484,9.0
5758,379.2352106048223,0.022431958983518484,9.0
5759,379.25173630741284,0.022431958983518484,9.0
5760,379.22424089312403,0.022431958983518484,9.0
5761,379.2110842026964,0.022431958983518484,9.0
5762,379.2205167209248,0.022431958983518484,9.0
5763,379.22812936172966,0.022431958983518484,9.0
5764,379.2265872958227,0.022431958983518484,9.0
5765,379.2940994600779,0.022431958983518484,9.0
5766,379.31077589167387,0.022431958983518484,9.0
5767,379.31527850664116,0.022431958983518484,9.0
5768,379.3334227520953,0.022431958983518484,9.0
5769,379.333197602189,0.022431958983518484,9.0
5770,379.3256265550166,0.022431958983518484,9.0
5771,379.3123987356361,0.022431958983518484,9.0
5772,379.29530919689813,0.022431958983518484,9.0
5773,379.27412275867204,0.022431958983518484,9.0
5774,379.2545624403801,0.022431958983518484,9.0
5775,379.2214827223694,0.022431958983518484,9.0
5776,379.21034401220095,0.022431958983518484,9.0
5777,379.20920633916023,0.022431958983518484,9.0
5778,379.2197156442643,0.022431958983518484,9.0
5779,379.2521037325254,0.022431958983518484,9.0
5780,379.2922387554902,0.022431958983518484,9.0
5781,379.31153546478754,0.022431958983518484,9.0
5782,379.3070081472719,0.022431958983518484,9.0
5783,379.2986623013568,0.022431958983518484,9.0
5784,379.2954136985287,0.022431958983518484,9.0
5785,379.2863268512574,0.022431958983518484,9.0
5786,379.2775541002298,0.022431958983518484,9.0
5787,379.2779625020815,0.022431958983518484,9.0
5788,379.3038081353443,0.022431958983518484,9.0
5789,379.3532397910606,0.022431958983518484,9.0
5790,379.4015776474048,0.022431958983518484,9.0
5791,379.4419974905193,0.022431958983518484,9.0
5792,379.47291132788655,0.022431958983518484,9.0
5793,379.4709181922736,0.022431958983518484,9.0
5794,379.46852981576114,0.022431958983518484,9.0
5795,379.44772699293253,0.022431958983518484,9.0
5796,379.42867132937755,0.022431958983518484,9.0
5797,379.4080589951939,0.022431958983518484,9.0
5798,379.394611562126,0.022431958983518484,9.0
5799,379.3775753715714,0.022431958983518484,9.0
5800,379.3700680705355,0.022431958983518484,9.0
5801,379.3649761187343,0.022431958983518484,9.0
5802,379.3738776873229,0.022431958983518484,9.0
5803,379.37384366189025,0.022431958983518484,9.0
5804,379.40344523569576,0.022431958983518484,9.0
5805,379.402579860453,0.022431958983518484,9.0
5806,379.41236391379437,0.022431958983518484,9.0
5807,379.4417204411316,0.022431958983518484,9.0
5808,379.43384642857086,0.022431958983518484,9.0
5809,379.43494143305236,0.022431958983518484,9.0
5810,379.4281856653516,0.022431958983518484,9.0
5811,379.42716823821564,0.022431958983518484,9.0
5812,379.4330643525634,0.022431958983518484,9.0
5813,379.4655669929461,0.022431958983518484,9.0
5814,379.5108179624493,0.022431958983518484,9.0
5815,379.79689697151673,0.022431958983518484,9.0
5816,379.9400056172718,0.022431958983518484,9.0
5817,379.96799464014003,0.022431958983518484,9.0
5818,379.96693628121756,0.022431958983518484,9.0
5819,379.9571153071478,0.022431958983518484,9.0
5820,379.94576125855525,0.022431958983518484,9.0
5821,379.9348392631155,0.022431958983518484,9.0
5822,379.9201785905391,0.022431958983518484,9.0
5823,380.18066383334525,0.022431958983518484,9.0
5824,380.55795867713147,0.022431958983518484,9.0
5825,380.6385370235995,0.022431958983518484,9.0
5826,380.6838834805683,0.022431958983518484,9.0
5827,380.74331136446386,0.022431958983518484,9.0
5828,380.80078539020695,0.022431958983518484,9.0
5829,380.842960861811,0.022431958983518484,9.0
5830,380.8620168327367,0.022431958983518484,9.0
5831,380.89618693381885,0.022431958983518484,9.0
5832,380.96552299345274,0.022431958983518484,9.0
5833,380.99007717118883,0.022431958983518484,9.0
5834,381.08288643977806,0.022431958983518484,9.0
5835,381.1502213174423,0.022431958983518484,9.0
5836,381.21041016620916,0.022431958983518484,9.0
5837,381.2454601209358,0.022431958983518484,9.0
5838,381.2449782276167,0.022431958983518484,9.0
5839,381.2439243732545,0.022431958983518484,9.0
5840,381.24028245773576,0.022431958983518484,9.0
5841,381.56272898204764,0.022431958983518484,9.0
5842,382.2004713865152,0.022431958983518484,9.0
5843,382.2596147400997,0.022431958983518484,9.0
5844,382.2499700416967,0.022431958983518484,9.0
5845,382.2612208842289,0.022431958983518484,9.0
5846,382.5126425851554,0.022431958983518484,9.0
5847,382.6249841849402,0.022431958983518484,9.0
5848,382.6199617345869,0.022431958983518484,9.0
5849,382.61512209771655,0.022431958983518484,9.0
5850,382.6170547523367,0.022431958983518484,9.0
5851,382.6310434589935,0.022431958983518484,9.0
5852,382.6599005851399,0.022431958983518484,9.0
5853,382.695576521361,0.022431958983518484,9.0
5854,382.72809408177346,0.022431958983518484,9.0
5855,382.7430248499784,0.022431958983518484,9.0
5856,382.7358349261964,0.022431958983518484,9.0
5857,382.752797979816,0.022431958983518484,9.0
5858,382.79629183541357,0.022431958983518484,9.0
5859,382.7953121846357,0.022431958983518484,9.0
5860,382.8593422474916,0.022431958983518484,9.0
5861,382.9232710375276,0.022431958983518484,9.0
5862,382.94576716423813,0.022431958983518484,9.0
5863,382.97938155775915,0.022431958983518484,9.0
5864,383.02225637955456,0.022431958983518484,9.0
5865,383.03429593686644,0.022431958983518484,9.0
5866,383.0194527933745,0.022431958983518484,9.0
5867,382.9983819665038,0.022431958983518484,9.0
5868,382.9685422728162,0.022431958983518484,9.0
5869,382.95889820151683,0.022431958983518484,9.0
5870,382.9354677147934,0.022431958983518484,9.0
5871,382.9119428792672,0.022431958983518484,9.0
5872,382.8938372268408,0.022431958983518484,9.0
5873,382.88249779592945,0.022431958983518484,9.0
5874,382.8806959307918,0.022431958983518484,9.0
5875,382.8859266124847,0.022431958983518484,9.0
5876,382.9081703368388,0.022431958983518484,9.0
5877,382.9153350827454,0.022431958983518484,9.0
5878,382.9058600825332,0.022431958983518484,9.0
5879,382.8967746549678,0.022431958983518484,9.0
5880,382.9132108697108,0.022431958983518484,9.0
5881,382.9065484842104,0.022431958983518484,9.0
5882,382.8967677693116,0.022431958983518484,9.0
5883,382.9070272456731,0.022431958983518484,9.0
5884,382.93801609791427,0.022431958983518484,9.0
5885,382.97025821548687,0.022431958983518484,9.0
5886,383.0118988781022,0.022431958983518484,9.0
5887,383.0858556197437,0.022431958983518484,9.0
5888,383.4685293730398,0.022431958983518484,9.0
5889,384.03424058814727,0.022431958983518484,9.0
5890,384.21971004993173,0.022431958983518484,9.0
5891,384.31477794685713,0.022431958983518484,9.0
5892,384.3028797637846,0.022431958983518484,9.0
5893,384.28735486453235,0.022431958983518484,9.0
5894,384.269449107928,0.022431958983518484,9.0
5895,384.2485651615745,0.022431958983518484,9.0
5896,384.24295280056197,0.022431958983518484,9.0
5897,384.23882941444396,0.022431958983518484,9.0
5898,384.2376580028882,0.022431958983518484,9.0
5899,384.25668688028065,0.022431958983518484,9.0
5900,384.29498281327136,0.022431958983518484,9.0
5901,384.33439548130974,0.022431958983518484,9.0
5902,384.3756291039651,0.022431958983518484,9.0
5903,384.4098786472449,0.022431958983518484,9.0
5904,384.4072500986325,0.022431958983518484,9.0
5905,384.40454916989097,0.022431958983518484,9.0
5906,384.3908278464228,0.022431958983518484,9.0
5907,384.4312332380562,0.022431958983518484,9.0
5908,384.48078167657513,0.022431958983518484,9.0
5909,384.5177028948196,0.022431958983518484,9.0
5910,384.5405924173964,0.022431958983518484,9.0
5911,384.56128500246456,0.022431958983518484,9.0
5912,384.5572275669336,0.022431958983518484,9.0
5913,384.79285688539875,0.022431958983518484,9.0
5914,385.23412086696084,0.022431958983518484,9.0
5915,385.59176399519134,0.022431958983518484,9.0
5916,385.60956550136416,0.022431958983518484,9.0
5917,385.59629787301515,0.022431958983518484,9.0
5918,385.5803788088458,0.022431958983518484,9.0
5919,385.5640135159031,0.022431958983518484,9.0
5920,385.55553799577564,0.022431958983518484,9.0
5921,385.5476788637079,0.022431958983518484,9.0
5922,385.55062736114763,0.022431958983518484,9.0
5923,385.5738020062204,0.022431958983518484,9.0
5924,385.597116168468,0.022431958983518484,9.0
5925,385.62911356923365,0.022431958983518484,9.0
5926,385.6519014409558,0.022431958983518484,9.0
5927,385.7033774469368,0.022431958983518484,9.0
5928,385.73028167218627,0.022431958983518484,9.0
5929,385.7118517297232,0.022431958983518484,9.0
5930,385.69724997432303,0.022431958983518484,9.0
5931,385.6978719781391,0.022431958983518484,9.0
5932,385.7672201331655,0.022431958983518484,9.0
5933,385.8345369491484,0.022431958983518484,9.0
5934,385.89177813536133,0.022431958983518484,9.0
5935,385.9545074465285,0.022431958983518484,9.0
5936,385.9591192172335,0.022431958983518484,9.0
5937,385.9580085884964,0.022431958983518484,9.0
5938,385.934952597389,0.022431958983518484,9.0
5939,385.90689970465615,0.022431958983518484,9.0
5940,385.88265609429806,0.022431958983518484,9.0
5941,385.85241225045814,0.022431958983518484,9.0
5942,385.8259507096439,0.022431958983518484,9.0
5943,385.79521060726023,0.022431958983518484,9.0
5944,385.7772700260569,0.022431958983518484,9.0
5945,385.7719124778038,0.022431958983518484,9.0
5946,385.7740335800409,0.022431958983518484,9.0
5947,385.77849751354313,0.022431958983518484,9.0
5948,385.7956615041848,0.022431958983518484,9.0
5949,385.8334339940002,0.022431958983518484,9.0
5950,385.870062635917,0.022431958983518484,9.0
5951,385.89429849996634,0.022431958983518484,9.0
5952,385.89071139683057,0.022431958983518484,9.0
5953,385.8697648049472,0.022431958983518484,9.0
5954,385.869112899946,0.022431958983518484,9.0
5955,385.86902190026257,0.022431958983518484,9.0
5956,385.8984038026219,0.022431958983518484,9.0
5957,385.93276701848504,0.022431958983518484,9.0
5958,385.9783662520417,0.022431958983518484,9.0
5959,386.05533714516804,0.022431958983518484,9.0
5960,386.0753479641904,0.022431958983518484,9.0
5961,386.07251823763744,0.022431958983518484,9.0
5962,386.0928353616116,0.022431958983518484,9.0
5963,386.0777745680118,0.022431958983518484,9.0
5964,386.0585867905892,0.022431958983518484,9.0
5965,386.0324792780373,0.022431958983518484,9.0
5966,386.00397702755356,0.022431958983518484,9.0
5967,386.09857669852715,0.022431958983518484,9.0
5968,386.30580592434364,0.022431958983518484,9.0
5969,386.3118217131381,0.022431958983518484,9.0
5970,386.31773262909644,0.022431958983518484,9.0
5971,386.3303479921903,0.022431958983518484,9.0
5972,386.3447632201973,0.022431958983518484,9.0
5973,386.3814607748556,0.022431958983518484,9.0
5974,386.4128989158738,0.022431958983518484,9.0
5975,386.4347558054861,0.022431958983518484,9.0
5976,386.43126766117706,0.022431958983518484,9.0
5977,386.4310947292025,0.022431958983518484,9.0
5978,386.4624079791641,0.022431958983518484,9.0
5979,386.4854189253057,0.022431958983518484,9.0
5980,386.530891848946,0.022431958983518484,9.0
5981,386.59059539296055,0.022431958983518484,9.0
5982,386.617765727402,0.022431958983518484,9.0
5983,386.6441872801304,0.022431958983518484,9.0
5984,386.6650240873119,0.022431958983518484,9.0
5985,386.670691104719,0.022431958983518484,9.0
5986,386.69927612787535,0.022431958983518484,9.0
5987,386.69479539587456,0.022431958983518484,9.0
5988,386.67943256655354,0.022431958983518484,9.0
5989,386.66395938485635,0.022431958983518484,9.0
5990,386.6514202428911,0.022431958983518484,9.0
5991,386.6404655693062,0.022431958983518484,9.0
5992,386.634646603129,0.022431958983518484,9.0
5993,386.6299396332273,0.022431958983518484,9.0
5994,386.639572714493,0.022431958983518484,9.0
5995,386.6742560717703,0.022431958983518484,9.0
5996,386.70614100705933,0.022431958983518484,9.0
5997,386.7488938939514,0.022431958983518484,9.0
5998,386.75983264500593,0.022431958983518484,9.0
5999,386.75289329299665,0.022431958983518484,9.0
6000,386.737668240882,0.022431958983518484,9.0
6001,386.73104757868794,0.022431958983518484,9.0
6002,386.76637641715854,0.022431958983518484,9.0
6003,386.78309199708025,0.022431958983518484,9.0
6004,386.80595048733426,0.022431958983518484,9.0
6005,386.81844298509054,0.022431958983518484,9.0
6006,386.8562423449386,0.022431958983518484,9.0
6007,386.90491567528784,0.022431958983518484,9.0
6008,386.9617524781813,0.022431958983518484,9.0
6009,386.9597992284115,0.022431958983518484,9.0
6010,386.9578614661423,0.022431958983518484,9.0
6011,386.9458862930983,0.022431958983518484,9.0
6012,386.9277397003207,0.022431958983518484,9.0
6013,386.9073934224924,0.022431958983518484,9.0
6014,386.8916918280247,0.022431958983518484,9.0
6015,386.8735007401501,0.022431958983518484,9.0
6016,386.8673564641417,0.022431958983518484,9.0
6017,386.8634204186616,0.022431958983518484,9.0
6018,386.85899709717756,0.022431958983518484,9.0
6019,386.8785804423761,0.022431958983518484,9.0
6020,386.90798600522925,0.022431958983518484,9.0
6021,386.9149094489958,0.022431958983518484,9.0
6022,386.938857204487,0.022431958983518484,9.0
6023,386.94703517816134,0.022431958983518484,9.0
6024,386.9358082941026,0.022431958983518484,9.0
6025,386.92573824102766,0.022431958983518484,9.0
6026,386.9377004453967,0.022431958983518484,9.0
6027,386.97540060045685,0.022431958983518484,9.0
6028,386.9738217644768,0.022431958983518484,9.0
6029,386.9945834446413,0.022431958983518484,9.0
6030,387.04184705304124,0.022431958983518484,9.0
6031,387.0975033020096,0.022431958983518484,9.0
6032,387.55947290048215,0.022431958983518484,9.0
6033,388.43980662935826,0.022431958983518484,9.0
6034,389.0983578773731,0.022431958983518484,9.0
6035,389.1521370598454,0.022431958983518484,9.0
6036,389.1462693324402,0.022431958983518484,9.0
6037,389.1313826838343,0.022431958983518484,9.0
6038,389.12290882146283,0.022431958983518484,9.0
6039,389.1085300055672,0.022431958983518484,9.0
6040,389.092039332889,0.022431958983518484,9.0
6041,389.088326747898,0.022431958983518484,9.0
6042,389.09558178772545,0.022431958983518484,9.0
6043,389.10736194580556,0.022431958983518484,9.0
6044,389.149900004916,0.022431958983518484,9.0
6045,389.18396196275575,0.022431958983518484,9.0
6046,389.20993337711116,0.022431958983518484,9.0
6047,389.2072325281074,0.022431958983518484,9.0
6048,389.2090252828898,0.022431958983518484,9.0
6049,389.2022044947738,0.022431958983518484,9.0
6050,389.1952170607782,0.022431958983518484,9.0
6051,389.2648219913849,0.022431958983518484,9.0
6052,389.3437214801686,0.022431958983518484,9.0
6053,389.4115394007448,0.022431958983518484,9.0
6054,389.43516139073563,0.022431958983518484,9.0
6055,389.56794528522465,0.022431958983518484,9.0
6056,390.10614843164956,0.022431958983518484,9.0
6057,390.11183254047774,0.022431958983518484,9.0
6058,390.1012677909228,0.022431958983518484,9.0
6059,390.0913754106905,0.022431958983518484,9.0
6060,390.0729384294024,0.022431958983518484,9.0
6061,390.056555435184,0.022431958983518484,9.0
6062,390.03383227945005,0.022431958983518484,9.0
6063,390.01613056855945,0.022431958983518484,9.0
6064,390.0007324144609,0.022431958983518484,9.0
6065,389.9888487841186,0.022431958983518484,9.0
6066,389.98452400590065,0.022431958983518484,9.0
6067,389.9922786436841,0.022431958983518484,9.0
6068,390.0219068758992,0.022431958983518484,9.0
6069,390.05561231853835,0.022431958983518484,9.0
6070,390.0997470630796,0.022431958983518484,9.0
6071,390.112767294068,0.022431958983518484,9.0
6072,390.10234547267316,0.022431958983518484,9.0
6073,390.09392453800825,0.022431958983518484,9.0
6074,390.1156918003693,0.022431958983518484,9.0
6075,390.1831361091251,0.022431958983518484,9.0
6076,390.20280256001206,0.022431958983518484,9.0
6077,390.25886704580046,0.022431958983518484,9.0
6078,390.3847349617476,0.022431958983518484,9.0
6079,390.3809855593181,0.022431958983518484,9.0
6080,390.3712369698788,0.022431958983518484,9.0
6081,390.3671563514704,0.022431958983518484,9.0
6082,390.3591636530066,0.022431958983518484,9.0
6083,390.34518942685594,0.022431958983518484,9.0
6084,390.3280430489056,0.022431958983518484,9.0
6085,390.3146880483996,0.022431958983518484,9.0
6086,390.3060696926869,0.022431958983518484,9.0
6087,390.2940015890035,0.022431958983518484,9.0
6088,390.30224588318885,0.022431958983518484,9.0
6089,390.32942038174656,0.022431958983518484,9.0
6090,390.36076968042363,0.022431958983518484,9.0
6091,390.39083475487655,0.022431958983518484,9.0
6092,390.4208657605389,0.022431958983518484,9.0
6093,390.455661028437,0.022431958983518484,9.0
6094,390.4842584154421,0.022431958983518484,9.0
6095,390.51888537112325,0.022431958983518484,9.0
6096,390.51805097984663,0.022431958983518484,9.0
6097,390.5030128521688,0.022431958983518484,9.0
6098,390.5345408208785,0.022431958983518484,9.0
6099,390.5339008373727,0.022431958983518484,9.0
6100,390.55546169773436,0.022431958983518484,9.0
6101,390.57812976728155,0.022431958983518484,9.0
6102,390.6180898358454,0.022431958983518484,9.0
6103,390.64569839027547,0.022431958983518484,9.0
6104,390.6737461319924,0.022431958983518484,9.0
6105,390.67009549103994,0.022431958983518484,9.0
6106,390.66198196055046,0.022431958983518484,9.0
6107,390.64587122234445,0.022431958983518484,9.0
6108,390.63171614852007,0.022431958983518484,9.0
6109,390.6235529318441,0.022431958983518484,9.0
6110,390.9156339710501,0.022431958983518484,9.0
6111,391.35658239966835,0.022431958983518484,9.0
6112,391.9624117831933,0.022431958983518484,9.0
6113,392.1533620509065,0.022431958983518484,9.0
6114,392.2468536185491,0.022431958983518484,9.0
6115,392.31963526545167,0.022431958983518484,9.0
6116,392.3712099211871,0.022431958983518484,9.0
6117,392.42500018166623,0.022431958983518484,9.0
6118,392.4815879987583,0.022431958983518484,9.0
6119,392.5259905827299,0.022431958983518484,9.0
6120,392.5920755543231,0.022431958983518484,9.0
6121,392.6405021180663,0.022431958983518484,9.0
6122,392.6787962948603,0.022431958983518484,9.0
6123,392.71011772475845,0.022431958983518484,9.0
6124,392.75047513359794,0.022431958983518484,9.0
6125,392.8233307823337,0.022431958983518484,9.0
6126,392.840002152557,0.022431958983518484,9.0
6127,392.83836616960684,0.022431958983518484,9.0
6128,392.8339045308992,0.022431958983518484,9.0
6129,392.83156836138306,0.022431958983518484,9.0
6130,392.82416540578214,0.022431958983518484,9.0
6131,392.8078349020113,0.022431958983518484,9.0
6132,392.77740048959464,0.022431958983518484,9.0
6133,392.7573403117078,0.022431958983518484,9.0
6134,392.73842889678787,0.022431958983518484,9.0
6135,392.722475349008,0.022431958983518484,9.0
6136,392.71485436467754,0.022431958983518484,9.0
6137,392.7083791696864,0.022431958983518484,9.0
6138,392.7014930882279,0.022431958983518484,9.0
6139,392.716730368533,0.022431958983518484,9.0
6140,392.74423571340986,0.022431958983518484,9.0
6141,392.7718772308462,0.022431958983518484,9.0
6142,392.79174607400114,0.022431958983518484,9.0
6143,392.7907631482356,0.022431958983518484,9.0
6144,392.7884611015908,0.022431958983518484,9.0
6145,392.7795293475162,0.022431958983518484,9.0
6146,392.81584027665264,0.022431958983518484,9.0
6147,392.8296709929476,0.022431958983518484,9.0
6148,392.8563670107812,0.022431958983518484,9.0
6149,392.8956650491263,0.022431958983518484,9.0
6150,392.93468898754213,0.022431958983518484,9.0
6151,393.00831753970897,0.022431958983518484,9.0
6152,393.02354658779245,0.022431958983518484,9.0
6153,393.0232067926939,0.022431958983518484,9.0
6154,393.01092892367257,0.022431958983518484,9.0
6155,392.9882402317158,0.022431958983518484,9.0
6156,392.960204660922,0.022431958983518484,9.0
6157,392.93990901914975,0.022431958983518484,9.0
6158,392.9232223914002,0.022431958983518484,9.0
6159,392.9175346654292,0.022431958983518484,9.0
6160,392.92892041743676,0.022431958983518484,9.0
6161,392.92737706573126,0.022431958983518484,9.0
6162,392.945393013189,0.022431958983518484,9.0
6163,392.9590177495052,0.022431958983518484,9.0
6164,392.98540753161365,0.022431958983518484,9.0
6165,393.0014116350446,0.022431958983518484,9.0
6166,393.0228358169432,0.022431958983518484,9.0
6167,392.99667366515047,0.022431958983518484,9.0
6168,392.9904532024596,0.022431958983518484,9.0
6169,392.99942262209254,0.022431958983518484,9.0
6170,393.0185757475177,0.022431958983518484,9.0
6171,393.01797794937784,0.022431958983518484,9.0
6172,393.0270971384725,0.022431958983518484,9.0
6173,393.0717863046572,0.022431958983518484,9.0
6174,393.09158575290616,0.022431958983518484,9.0
6175,393.14255398105826,0.022431958983518484,9.0
6176,393.16402921527606,0.022431958983518484,9.0
6177,393.4672486273771,0.022431958983518484,9.0
6178,394.01060513706835,0.022431958983518484,9.0
6179,394.61763638706833,0.022772479554727616,10.0
6180,395.31709038561047,0.022772479554727616,10.0
6181,395.48820907845305,0.022772479554727616,10.0
6182,395.62300240375424,0.022772479554727616,10.0
6183,395.7370779176808,0.022772479554727616,10.0
6184,395.80969403683184,0.022772479554727616,10.0
6185,395.864766053689,0.022772479554727616,10.0
6186,395.9066339540763,0.022772479554727616,10.0
6187,395.93404773887204,0.022772479554727616,10.0
6188,395.94030581123815,0.022772479554727616,10.0
6189,395.9809375331321,0.022772479554727616,10.0
6190,396.02619666619967,0.022772479554727616,10.0
6191,396.07991357077725,0.022772479554727616,10.0
6192,396.107370204189,0.022772479554727616,10.0
6193,396.1233305670626,0.022772479554727616,10.0
6194,396.1372770255011,0.022772479554727616,10.0
6195,396.14049840936616,0.022772479554727616,10.0
6196,396.1382796401517,0.022772479554727616,10.0
6197,396.15279456509825,0.022772479554727616,10.0
6198,396.1646926087356,0.022772479554727616,10.0
6199,396.1643312739674,0.022772479554727616,10.0
6200,396.1905360269003,0.022772479554727616,10.0
6201,396.1857652024459,0.022772479554727616,10.0
6202,396.1744650237578,0.022772479554727616,10.0
6203,396.1660953631853,0.022772479554727616,10.0
6204,396.7201671249722,0.022772479554727616,10.0
6205,396.73237550401234,0.022772479554727616,10.0
6206,396.726170500129,0.022772479554727616,10.0
6207,396.71079977184746,0.022772479554727616,10.0
6208,396.70818296329,0.022772479554727616,10.0
6209,396.70023013665553,0.022772479554727616,10.0
6210,396.6935279493437,0.022772479554727616,10.0
6211,396.6880269233397,0.022772479554727616,10.0
6212,396.7008597585787,0.022772479554727616,10.0
6213,396.73073099261956,0.022772479554727616,10.0
6214,396.7372593436393,0.022772479554727616,10.0
6215,396.7354451622277,0.022772479554727616,10.0
6216,396.74650762518405,0.022772479554727616,10.0
6217,396.7513417919753,0.022772479554727616,10.0
6218,396.7493180753636,0.022772479554727616,10.0
6219,396.786210925215,0.022772479554727616,10.0
6220,396.8232877922534,0.022772479554727616,10.0
6221,396.9085877049763,0.022772479554727616,10.0
6222,396.96915136469033,0.022772479554727616,10.0
6223,397.00063421922187,0.022772479554727616,10.0
6224,396.9939021005481,0.022772479554727616,10.0
6225,397.2289404268272,0.022772479554727616,10.0
6226,398.16970679538815,0.022772479554727616,10.0
6227,399.12108432038883,0.022772479554727616,10.0
6228,399.47279384283365,0.022772479554727616,10.0
6229,399.5088693534355,0.022772479554727616,10.0
6230,399.51550109873295,0.022772479554727616,10.0
6231,399.5105972873025,0.022772479554727616,10.0
6232,399.5151521922879,0.022772479554727616,10.0
6233,399.5119918262535,0.022772479554727616,10.0
6234,399.51034094663237,0.022772479554727616,10.0
6235,399.5330078398543,0.022772479554727616,10.0
6236,399.5564564493779,0.022772479554727616,10.0
6237,399.57828310213415,0.022772479554727616,10.0
6238,399.60485716343976,0.022772479554727616,10.0
6239,399.63858891984415,0.022772479554727616,10.0
6240,399.63382606422323,0.022772479554727616,10.0
6241,399.63974047297177,0.022772479554727616,10.0
6242,399.6349700048242,0.022772479554727616,10.0
6243,399.64178560830607,0.022772479554727616,10.0
6244,399.7261777102096,0.022772479554727616,10.0
6245,399.8106197831109,0.022772479554727616,10.0
6246,399.88996996802297,0.022772479554727616,10.0
6247,399.9435023648354,0.022772479554727616,10.0
6248,399.93923892379746,0.022772479554727616,10.0
6249,399.9382812714674,0.022772479554727616,10.0
6250,399.9523904795174,0.022772479554727616,10.0
6251,400.3379741963403,0.022772479554727616,10.0
6252,400.7349871208712,0.022772479554727616,10.0
6253,401.19816510262154,0.022772479554727616,10.0
6254,401.56796490083394,0.022772479554727616,10.0
6255,401.64777494745897,0.022772479554727616,10.0
6256,401.72171469955157,0.022772479554727616,10.0
6257,401.7839893192078,0.022772479554727616,10.0
6258,401.8374297411121,0.022772479554727616,10.0
6259,401.8771558871115,0.022772479554727616,10.0
6260,401.9109214087182,0.022772479554727616,10.0
6261,401.94962201172075,0.022772479554727616,10.0
6262,401.9865542981731,0.022772479554727616,10.0
6263,402.0410321411168,0.022772479554727616,10.0
6264,402.05642097195016,0.022772479554727616,10.0
6265,402.05422288505594,0.022772479554727616,10.0
6266,402.1080374780433,0.022772479554727616,10.0
6267,402.1225216249249,0.022772479554727616,10.0
6268,402.147582881775,0.022772479554727616,10.0
6269,402.1970767381021,0.022772479554727616,10.0
6270,402.25750736813734,0.022772479554727616,10.0
6271,402.31977187951685,0.022772479554727616,10.0
6272,402.3508364860384,0.022772479554727616,10.0
6273,402.350623694739,0.022772479554727616,10.0
6274,402.33709152941265,0.022772479554727616,10.0
6275,402.3254907099603,0.022772479554727616,10.0
6276,402.3137324553908,0.022772479554727616,10.0
6277,402.29587743662483,0.022772479554727616,10.0
6278,402.2709118212333,0.022772479554727616,10.0
6279,402.2536597335769,0.022772479554727616,10.0
6280,402.2466023395799,0.022772479554727616,10.0
6281,402.24161141054606,0.022772479554727616,10.0
6282,402.2380424919501,0.022772479554727616,10.0
6283,402.24721439171117,0.022772479554727616,10.0
6284,402.2621593762501,0.022772479554727616,10.0
6285,402.26334772158606,0.022772479554727616,10.0
6286,402.2533793985085,0.022772479554727616,10.0
6287,402.2305643786882,0.022772479554727616,10.0
6288,402.2091836567371,0.022772479554727616,10.0
6289,402.2026307016898,0.022772479554727616,10.0
6290,402.23005582372934,0.022772479554727616,10.0
6291,402.22724185863154,0.022772479554727616,10.0
6292,402.25398838799254,0.022772479554727616,10.0
6293,402.2822796281494,0.022772479554727616,10.0
6294,402.32930140156924,0.022772479554727616,10.0
6295,402.36175793504225,0.022772479554727616,10.0
6296,402.3665797068232,0.022772479554727616,10.0
6297,402.36460964044727,0.022772479554727616,10.0
6298,402.357855512756,0.022772479554727616,10.0
6299,402.3386310347245,0.022772479554727616,10.0
6300,402.31340978036684,0.022772479554727616,10.0
6301,402.28770778341527,0.022772479554727616,10.0
6302,402.26710334058345,0.022772479554727616,10.0
6303,402.2482409446331,0.022772479554727616,10.0
6304,402.23858592374575,0.022772479554727616,10.0
6305,402.2387921766589,0.022772479554727616,10.0
6306,402.24295207550915,0.022772479554727616,10.0
6307,402.26589868828967,0.022772479554727616,10.0
6308,402.2598176216021,0.022772479554727616,10.0
6309,402.2758069613462,0.022772479554727616,10.0
6310,402.2650097255774,0.022772479554727616,10.0
6311,402.2748192766327,0.022772479554727616,10.0
6312,402.3394560685796,0.022772479554727616,10.0
6313,402.35374623795593,0.022772479554727616,10.0
6314,402.36707066570244,0.022772479554727616,10.0
6315,402.3649962181668,0.022772479554727616,10.0
6316,402.40193556677235,0.022772479554727616,10.0
6317,402.4351553111114,0.022772479554727616,10.0
6318,402.7085940274612,0.022772479554727616,10.0
6319,403.32130399177487,0.022772479554727616,10.0
6320,403.9713730944725,0.022772479554727616,10.0
6321,404.698958783508,0.022772479554727616,10.0
6322,405.37093087196547,0.022772479554727616,10.0
6323,405.7449067638857,0.022772479554727616,10.0
6324,405.80886825006814,0.022772479554727616,10.0
6325,405.83218916642403,0.022772479554727616,10.0
6326,405.8474960587412,0.022772479554727616,10.0
6327,405.8441619000781,0.022772479554727616,10.0
6328,405.8440015119837,0.022772479554727616,10.0
6329,405.8525070058383,0.022772479554727616,10.0
6330,405.8695041459343,0.022772479554727616,10.0
6331,405.87902961473225,0.022772479554727616,10.0
6332,405.89319523784684,0.022772479554727616,10.0
6333,405.9205969450478,0.022772479554727616,10.0
6334,405.9294334438466,0.022772479554727616,10.0
6335,405.94940960268946,0.022772479554727616,10.0
6336,405.96312486102363,0.022772479554727616,10.0
6337,406.0143726146256,0.022772479554727616,10.0
6338,406.06376644778317,0.022772479554727616,10.0
6339,406.124741762478,0.022772479554727616,10.0
6340,406.17812908231673,0.022772479554727616,10.0
6341,406.20968750223835,0.022772479554727616,10.0
6342,406.2387642008025,0.022772479554727616,10.0
6343,406.2488792990726,0.022772479554727616,10.0
6344,406.2480144869658,0.022772479554727616,10.0
6345,406.3043420218021,0.022772479554727616,10.0
6346,406.2962076439016,0.022772479554727616,10.0
6347,406.2875762735365,0.022772479554727616,10.0
6348,406.27459959396884,0.022772479554727616,10.0
6349,406.2631878520168,0.022772479554727616,10.0
6350,406.24824632873344,0.022772479554727616,10.0
6351,406.23326507319956,0.022772479554727616,10.0
6352,406.22531777830284,0.022772479554727616,10.0
6353,406.2197694970536,0.022772479554727616,10.0
6354,406.2379745293336,0.022772479554727616,10.0
6355,406.2666821432214,0.022772479554727616,10.0
6356,406.29890755156146,0.022772479554727616,10.0
6357,406.34303181799186,0.022772479554727616,10.0
6358,406.36887456296904,0.022772479554727616,10.0
6359,406.3665049027071,0.022772479554727616,10.0
6360,406.3629479258511,0.022772479554727616,10.0
6361,406.35703643603705,0.022772479554727616,10.0
6362,406.3907873050095,0.022772479554727616,10.0
6363,406.38855408840647,0.022772479554727616,10.0
6364,406.41272429517227,0.022772479554727616,10.0
6365,406.448341716332,0.022772479554727616,10.0
6366,406.50624625663164,0.022772479554727616,10.0
6367,406.5396395139498,0.022772479554727616,10.0
6368,406.55087624460754,0.022772479554727616,10.0
6369,406.5478180247326,0.022772479554727616,10.0
6370,406.53784616338214,0.022772479554727616,10.0
6371,406.52523098118104,0.022772479554727616,10.0
6372,406.5369562513511,0.022772479554727616,10.0
6373,406.5219414818829,0.022772479554727616,10.0
6374,406.5109375971888,0.022772479554727616,10.0
6375,406.49886632925615,0.022772479554727616,10.0
6376,406.4943113934334,0.022772479554727616,10.0
6377,406.49315940717884,0.022772479554727616,10.0
6378,406.50410119778866,0.022772479554727616,10.0
6379,406.5047764851581,0.022772479554727616,10.0
6380,406.52369431210906,0.022772479554727616,10.0
6381,406.563912418885,0.022772479554727616,10.0
6382,406.595521973529,0.022772479554727616,10.0
6383,406.60533658115287,0.022772479554727616,10.0
6384,406.5945292694707,0.022772479554727616,10.0
6385,406.59428602192895,0.022772479554727616,10.0
6386,406.6076534422068,0.022772479554727616,10.0
6387,406.63351649455194,0.022772479554727616,10.0
6388,406.6611461017127,0.022772479554727616,10.0
6389,406.7140760533471,0.022772479554727616,10.0
6390,406.7617636400974,0.022772479554727616,10.0
6391,407.02741063325436,0.022772479554727616,10.0
6392,407.61691753734044,0.022772479554727616,10.0
6393,408.22013943232423,0.022772479554727616,10.0
6394,408.2954659081929,0.022772479554727616,10.0
6395,408.28970093797216,0.022772479554727616,10.0
6396,408.27806322782794,0.022772479554727616,10.0
6397,408.3215096057631,0.022772479554727616,10.0
6398,408.33040613807543,0.022772479554727616,10.0
6399,408.32418674911554,0.022772479554727616,10.0
6400,408.3234045591747,0.022772479554727616,10.0
6401,408.3227021138986,0.022772479554727616,10.0
6402,408.3217712388398,0.022772479554727616,10.0
6403,408.33658195225456,0.022772479554727616,10.0
6404,408.3514002564276,0.022772479554727616,10.0
6405,408.3797769603117,0.022772479554727616,10.0
6406,408.3966978988293,0.022772479554727616,10.0
6407,408.40473626899893,0.022772479554727616,10.0
6408,408.4079730897062,0.022772479554727616,10.0
6409,408.40033161327074,0.022772479554727616,10.0
6410,408.48767439310285,0.022772479554727616,10.0
6411,408.5458222818633,0.022772479554727616,10.0
6412,408.6081118829268,0.022772479554727616,10.0
6413,408.6516437711212,0.022772479554727616,10.0
6414,408.6507484796171,0.022772479554727616,10.0
6415,408.8541704240422,0.022772479554727616,10.0
6416,409.38543278125985,0.022772479554727616,10.0
6417,409.7741600070585,0.022772479554727616,10.0
6418,410.70633681812774,0.022772479554727616,10.0
6419,411.0897399675378,0.022772479554727616,10.0
6420,411.1986411743564,0.022772479554727616,10.0
6421,411.28742078621514,0.022772479554727616,10.0
6422,411.3416708485502,0.022772479554727616,10.0
6423,411.3743309897534,0.022772479554727616,10.0
6424,411.39192612586146,0.022772479554727616,10.0
6425,411.40953726204515,0.022772479554727616,10.0
6426,411.4337829973695,0.022772479554727616,10.0
6427,411.4619389204816,0.022772479554727616,10.0
6428,411.49069212405766,0.022772479554727616,10.0
6429,411.5528032921032,0.022772479554727616,10.0
6430,411.6491159861597,0.022772479554727616,10.0
6431,411.68348114016857,0.022772479554727616,10.0
6432,411.707138485305,0.022772479554727616,10.0
6433,411.74171748326467,0.022772479554727616,10.0
6434,411.80769238169785,0.022772479554727616,10.0
6435,411.86272541151806,0.022772479554727616,10.0
6436,411.92919890100484,0.022772479554727616,10.0
6437,411.98568829499476,0.022772479554727616,10.0
6438,412.01807271258224,0.022772479554727616,10.0
6439,412.02490291456445,0.022772479554727616,10.0
6440,412.05480125968285,0.022772479554727616,10.0
6441,412.5597145426719,0.022772479554727616,10.0
6442,413.3722594307204,0.022772479554727616,10.0
6443,414.3035753298949,0.022772479554727616,10.0
6444,415.01133613295104,0.022772479554727616,10.0
6445,415.22437578629024,0.022772479554727616,10.0
6446,415.2991713267075,0.022772479554727616,10.0
6447,415.3477780962158,0.022772479554727616,10.0
6448,415.3837938289243,0.022772479554727616,10.0
6449,415.450658957076,0.022772479554727616,10.0
6450,415.5298991836661,0.022772479554727616,10.0
6451,415.5977688441396,0.022772479554727616,10.0
6452,415.6584933432534,0.022772479554727616,10.0
6453,415.7112948663029,0.022772479554727616,10.0
6454,415.78121346629587,0.022772479554727616,10.0
6455,415.82283359914413,0.022772479554727616,10.0
6456,415.8275184469901,0.022772479554727616,10.0
6457,415.84497825013784,0.022772479554727616,10.0
6458,415.8663784466267,0.022772479554727616,10.0
6459,415.92661891431027,0.022772479554727616,10.0
6460,415.99607859884054,0.022772479554727616,10.0
6461,416.0727983124329,0.022772479554727616,10.0
6462,416.15194121583846,0.022772479554727616,10.0
6463,416.37697769943316,0.022772479554727616,10.0
6464,416.9662809724737,0.022772479554727616,10.0
6465,417.49453193192636,0.022772479554727616,10.0
6466,417.71415695279677,0.022772479554727616,10.0
6467,417.8026851053903,0.022772479554727616,10.0
6468,417.81559449891324,0.022772479554727616,10.0
6469,417.80831949758476,0.022772479554727616,10.0
6470,417.79999814375316,0.022772479554727616,10.0
6471,417.78789866798104,0.022772479554727616,10.0
6472,417.78252134866057,0.022772479554727616,10.0
6473,417.8016328981974,0.022772479554727616,10.0
6474,417.83641128579933,0.022772479554727616,10.0
6475,417.8653706138565,0.022772479554727616,10.0
6476,417.8996801345615,0.022772479554727616,10.0
6477,417.9600107358291,0.022772479554727616,10.0
6478,417.9989212679465,0.022772479554727616,10.0
6479,418.05267708463424,0.022772479554727616,10.0
6480,418.0905237725565,0.022772479554727616,10.0
6481,418.1034064196046,0.022772479554727616,10.0
6482,418.18128671178494,0.022772479554727616,10.0
6483,418.23643542793667,0.022772479554727616,10.0
6484,418.29821087492894,0.022772479554727616,10.0
6485,418.3250180520884,0.022772479554727616,10.0
6486,418.32491236859335,0.022772479554727616,10.0
6487,418.3556676808519,0.022772479554727616,10.0
6488,418.3821460318566,0.022772479554727616,10.0
6489,418.39731033615556,0.022772479554727616,10.0
6490,418.4554171886374,0.022772479554727616,10.0
6491,418.44822783517606,0.022772479554727616,10.0
6492,418.51135279586083,0.022772479554727616,10.0
6493,418.5074275752603,0.022772479554727616,10.0
6494,418.5000117960883,0.022772479554727616,10.0
6495,418.4887478087404,0.022772479554727616,10.0
6496,418.48473335738043,0.022772479554727616,10.0
6497,418.48269045163283,0.022772479554727616,10.0
6498,418.4853811040439,0.022772479554727616,10.0
6499,418.49351441668523,0.022772479554727616,10.0
6500,418.52279480492155,0.022772479554727616,10.0
6501,418.55920595861255,0.022772479554727616,10.0
6502,418.5870551837437,0.022772479554727616,10.0
6503,418.593054942628,0.022772479554727616,10.0
6504,418.59910305632366,0.022772479554727616,10.0
6505,418.5978581132096,0.022772479554727616,10.0
6506,418.60553143938006,0.022772479554727616,10.0
6507,418.6593507344846,0.022772479554727616,10.0
6508,418.70437449552406,0.022772479554727616,10.0
6509,418.7610753477134,0.022772479554727616,10.0
6510,418.81320711543526,0.022772479554727616,10.0
6511,418.83756806710636,0.022772479554727616,10.0
6512,418.8759096238009,0.022772479554727616,10.0
6513,418.87818845354144,0.022772479554727616,10.0
6514,418.87488142311287,0.022772479554727616,10.0
6515,418.877675034821,0.022772479554727616,10.0
6516,418.8734543905842,0.022772479554727616,10.0
6517,418.8709336828098,0.022772479554727616,10.0
6518,419.06287180780544,0.022772479554727616,10.0
6519,419.0613122810065,0.022772479554727616,10.0
6520,419.0656597476308,0.022772479554727616,10.0
6521,419.0878073141588,0.022772479554727616,10.0
6522,419.1147780026921,0.022772479554727616,10.0
6523,419.1746373253282,0.022772479554727616,10.0
6524,419.2274467241187,0.022772479554727616,10.0
6525,419.27389510295365,0.022772479554727616,10.0
6526,419.3285325953353,0.022772479554727616,10.0
6527,419.38343698950274,0.022772479554727616,10.0
6528,419.42672994419775,0.022772479554727616,10.0
6529,419.4308898312755,0.022772479554727616,10.0
6530,419.47471872516803,0.022772479554727616,10.0
6531,419.50125724974174,0.022772479554727616,10.0
6532,419.53220911960386,0.022772479554727616,10.0
6533,419.6425702819971,0.022772479554727616,10.0
6534,420.10983973647654,0.022772479554727616,10.0
6535,420.67745405586555,0.022772479554727616,10.0
6536,420.8928986946047,0.022772479554727616,10.0
6537,420.9613961282461,0.022772479554727616,10.0
6538,420.96021203734216,0.022772479554727616,10.0
6539,420.95322009592,0.022772479554727616,10.0
6540,420.953010286188,0.022772479554727616,10.0
6541,420.9432910481891,0.022772479554727616,10.0
6542,420.93124508705415,0.022772479554727616,10.0
6543,420.91514998781025,0.022772479554727616,10.0
6544,420.9081221045854,0.022772479554727616,10.0
6545,420.89906108187165,0.022772479554727616,10.0
6546,420.8956241366262,0.022772479554727616,10.0
6547,420.89542274204996,0.022772479554727616,10.0
6548,420.9055924555721,0.022772479554727616,10.0
6549,420.96028269570684,0.022772479554727616,10.0
6550,420.9638828893526,0.022772479554727616,10.0
6551,420.9710862942833,0.022772479554727616,10.0
6552,420.9680724493479,0.022772479554727616,10.0
6553,421.0160048078823,0.022772479554727616,10.0
6554,421.0830844828291,0.022772479554727616,10.0
6555,421.1243727600299,0.022772479554727616,10.0
6556,421.12861837443194,0.022772479554727616,10.0
6557,421.15138263047857,0.022772479554727616,10.0
6558,421.1517441570146,0.022772479554727616,10.0
6559,421.15914196960955,0.022772479554727616,10.0
6560,421.1863815938468,0.022772479554727616,10.0
6561,421.193066959166,0.022772479554727616,10.0
6562,421.18432982153837,0.022772479554727616,10.0
6563,421.1667054601166,0.022772479554727616,10.0
6564,421.14299073998296,0.022772479554727616,10.0
6565,421.1188197080567,0.022772479554727616,10.0
6566,421.0948431721817,0.022772479554727616,10.0
6567,421.07718314871886,0.022772479554727616,10.0
6568,421.0629635363253,0.022772479554727616,10.0
6569,421.05606220884397,0.022772479554727616,10.0
6570,421.05598447760326,0.022772479554727616,10.0
6571,421.0647991750438,0.022772479554727616,10.0
6572,421.0846623799351,0.022772479554727616,10.0
6573,421.11342981735777,0.022772479554727616,10.0
6574,421.1391518505368,0.022772479554727616,10.0
6575,421.1616695527344,0.022772479554727616,10.0
6576,421.17390276607694,0.022772479554727616,10.0
6577,421.16051339655746,0.022772479554727616,10.0
6578,421.1729310867181,0.022772479554727616,10.0
6579,421.206912746477,0.022772479554727616,10.0
6580,421.2407161928928,0.022772479554727616,10.0
6581,421.3169258662709,0.022772479554727616,10.0
6582,421.39782518983327,0.022772479554727616,10.0
6583,421.48943062132446,0.022772479554727616,10.0
6584,421.5663878981154,0.022772479554727616,10.0
6585,421.6017977501886,0.022772479554727616,10.0
6586,421.64188997823504,0.022772479554727616,10.0
6587,421.70562936700446,0.022772479554727616,10.0
6588,421.7138304634668,0.022772479554727616,10.0
6589,421.745817538605,0.022772479554727616,10.0
6590,421.74377519478827,0.022772479554727616,10.0
6591,421.7382306121416,0.022772479554727616,10.0
6592,421.7565183408943,0.022772479554727616,10.0
6593,421.7874882489449,0.022772479554727616,10.0
6594,421.8218458877806,0.022772479554727616,10.0
6595,421.8527600457073,0.022772479554727616,10.0
6596,421.8872940644731,0.022772479554727616,10.0
6597,421.94331272046986,0.022772479554727616,10.0
6598,421.9787673486196,0.022772479554727616,10.0
6599,422.00708168029536,0.022772479554727616,10.0
6600,422.00503269434944,0.022772479554727616,10.0
6601,422.00518817437927,0.022772479554727616,10.0
6602,422.0466190771009,0.022772479554727616,10.0
6603,422.0999608003524,0.022772479554727616,10.0
6604,422.11876324030186,0.022772479554727616,10.0
6605,422.1494248996934,0.022772479554727616,10.0
6606,422.17219056908044,0.022772479554727616,10.0
6607,422.1960582983675,0.022772479554727616,10.0
6608,422.2081183806475,0.022772479554727616,10.0
6609,422.21488496032845,0.022772479554727616,10.0
6610,422.2067286950972,0.022772479554727616,10.0
6611,422.5495853974285,0.022772479554727616,10.0
6612,422.65031370712063,0.022772479554727616,10.0
6613,422.64974709959364,0.022772479554727616,10.0
6614,422.6491740471228,0.022772479554727616,10.0
6615,422.64504333649523,0.022772479554727616,10.0
6616,422.64150503357837,0.022772479554727616,10.0
6617,422.63884564795234,0.022772479554727616,10.0
6618,422.6515696659191,0.022772479554727616,10.0
6619,422.67064841421114,0.022772479554727616,10.0
6620,422.71922671576823,0.022772479554727616,10.0
6621,422.7485425437447,0.022772479554727616,10.0
6622,422.7861544058847,0.022772479554727616,10.0
6623,422.81057836136813,0.022772479554727616,10.0
6624,422.8082920124309,0.022772479554727616,10.0
6625,422.8042992619919,0.022772479554727616,10.0
6626,422.80355180844595,0.022772479554727616,10.0
6627,422.8128582427512,0.022772479554727616,10.0
6628,422.8479396645232,0.022772479554727616,10.0
6629,422.90106125306943,0.022772479554727616,10.0
6630,422.96146622138644,0.022772479554727616,10.0
6631,423.0094560030804,0.022772479554727616,10.0
6632,423.0619307970773,0.022772479554727616,10.0
6633,423.1110282636313,0.022772479554727616,10.0
6634,423.1292775659415,0.022772479554727616,10.0
6635,423.13734585593113,0.022772479554727616,10.0
6636,423.1365633081702,0.022772479554727616,10.0
6637,423.1425999414946,0.022772479554727616,10.0
6638,423.14179736475313,0.022772479554727616,10.0
6639,423.14796778116386,0.022772479554727616,10.0
6640,423.1469314208965,0.022772479554727616,10.0
6641,423.16027929352094,0.022772479554727616,10.0
6642,423.1896734621326,0.022772479554727616,10.0
6643,423.20883019453663,0.022772479554727616,10.0
6644,423.24548835280166,0.022772479554727616,10.0
6645,423.3034681223575,0.022772479554727616,10.0
6646,423.3400380595819,0.022772479554727616,10.0
6647,423.3742642936449,0.022772479554727616,10.0
6648,423.3943280997445,0.022772479554727616,10.0
6649,423.38920204751315,0.022772479554727616,10.0
6650,423.41796876384933,0.022772479554727616,10.0
6651,423.47732067813166,0.022772479554727616,10.0
6652,423.51150314900013,0.022772479554727616,10.0
6653,423.5373833091265,0.022772479554727616,10.0
6654,423.57327573693624,0.022772479554727616,10.0
6655,423.57474339480046,0.022772479554727616,10.0
6656,423.58697408691376,0.022772479554727616,10.0
6657,423.61834021821034,0.022772479554727616,10.0
6658,423.66783141730406,0.022772479554727616,10.0
6659,423.68572869129616,0.022772479554727616,10.0
6660,423.70335882671924,0.022772479554727616,10.0
6661,423.7139226785856,0.022772479554727616,10.0
6662,423.73780305098285,0.022772479554727616,10.0
6663,423.779196188628,0.022772479554727616,10.0
6664,423.8068440418645,0.022772479554727616,10.0
6665,423.8255546574821,0.022772479554727616,10.0
6666,423.85042056527885,0.022772479554727616,10.0
6667,423.894031035476,0.022772479554727616,10.0
6668,423.95165337147307,0.022772479554727616,10.0
6669,424.00272313683746,0.022772479554727616,10.0
6670,424.0340537991046,0.022772479554727616,10.0
6671,424.06905123325726,0.022772479554727616,10.0
6672,424.10134636237706,0.022772479554727616,10.0
6673,424.1315375103357,0.022772479554727616,10.0
6674,424.16056733255414,0.022772479554727616,10.0
6675,424.2350827832833,0.022772479554727616,10.0
6676,424.2676413011671,0.022772479554727616,10.0
6677,424.2757630176249,0.022772479554727616,10.0
6678,424.2972987964801,0.022772479554727616,10.0
6679,424.34366796354277,0.022772479554727616,10.0
6680,424.3797936983932,0.022772479554727616,10.0
6681,424.40374758937827,0.022772479554727616,10.0
6682,424.4146810323221,0.022772479554727616,10.0
6683,424.41679435438454,0.022772479554727616,10.0
6684,424.44194610778464,0.022772479554727616,10.0
6685,424.459438261722,0.022772479554727616,10.0
6686,424.4628800306243,0.022772479554727616,10.0
6687,424.46271414865714,0.022772479554727616,10.0
6688,424.47121711766414,0.022772479554727616,10.0
6689,424.4760998306873,0.022772479554727616,10.0
6690,424.48130989288677,0.022772479554727616,10.0
6691,424.50446023106383,0.022772479554727616,10.0
6692,424.56504860244513,0.022772479554727616,10.0
6693,424.63285916720343,0.022772479554727616,10.0
6694,424.66477754005257,0.022772479554727616,10.0
6695,424.7121823488726,0.022772479554727616,10.0
6696,424.71099742452924,0.022772479554727616,10.0
6697,424.72899394090473,0.022772479554727616,10.0
6698,424.78196002178953,0.022772479554727616,10.0
6699,424.83870993441025,0.022772479554727616,10.0
6700,424.8649968024899,0.022772479554727616,10.0
6701,424.86711573836556,0.022772479554727616,10.0
6702,424.8862716791443,0.022772479554727616,10.0
6703,424.91957011705546,0.022772479554727616,10.0
6704,424.95671086918185,0.022772479554727616,10.0
6705,424.96995940125987,0.022772479554727616,10.0
6706,424.966112809321,0.022772479554727616,10.0
6707,424.9620060216511,0.022772479554727616,10.0
6708,424.95290216512933,0.022772479554727616,10.0
6709,424.928171503122,0.022772479554727616,10.0
6710,424.91130252473863,0.022772479554727616,10.0
6711,424.90131420829783,0.022772479554727616,10.0
6712,424.9011427515888,0.022772479554727616,10.0
6713,424.90584142730165,0.022772479554727616,10.0
6714,424.9038011129375,0.022772479554727616,10.0
6715,424.920713050344,0.022772479554727616,10.0
6716,424.94134747510554,0.022772479554727616,10.0
6717,424.9825539080893,0.022772479554727616,10.0
6718,424.9986194183788,0.022772479554727616,10.0
6719,425.01709615116914,0.022772479554727616,10.0
6720,425.0430438042246,0.022772479554727616,10.0
6721,425.0579774610959,0.022772479554727616,10.0
6722,425.0751896254239,0.022772479554727616,10.0
6723,425.12036819475753,0.022772479554727616,10.0
6724,425.1366462755202,0.022772479554727616,10.0
6725,425.2043965873512,0.022772479554727616,10.0
6726,425.2884334840756,0.022772479554727616,10.0
6727,425.3634274714834,0.022772479554727616,10.0
6728,425.3742169995377,0.022772479554727616,10.0
6729,425.372181430184,0.022772479554727616,10.0
6730,425.36772478175493,0.022772479554727616,10.0
6731,425.35496423096,0.022772479554727616,10.0
6732,425.3347744578478,0.022772479554727616,10.0
6733,425.31963970602186,0.022772479554727616,10.0
6734,425.2988887436973,0.022772479554727616,10.0
6735,425.2846350559323,0.022772479554727616,10.0
6736,425.28324322306327,0.022772479554727616,10.0
6737,425.27972473618377,0.022772479554727616,10.0
6738,425.2971529096471,0.022772479554727616,10.0
6739,425.308360277146,0.022772479554727616,10.0
6740,425.3395125505148,0.022772479554727616,10.0
6741,425.35821033060614,0.022772479554727616,10.0
6742,425.4063069178184,0.022772479554727616,10.0
6743,425.42554419777724,0.022772479554727616,10.0
6744,425.425233064469,0.022772479554727616,10.0
6745,425.4108895616773,0.022772479554727616,10.0
6746,425.45379464461206,0.022772479554727616,10.0
6747,425.45837922560446,0.022772479554727616,10.0
6748,425.46636650274627,0.022772479554727616,10.0
6749,425.5366181490297,0.022772479554727616,10.0
6750,425.5998790986956,0.022772479554727616,10.0
6751,425.68280854078995,0.022772479554727616,10.0
6752,425.73512109411155,0.022772479554727616,10.0
6753,426.16753056741396,0.022772479554727616,10.0
6754,426.7709216594361,0.022772479554727616,10.0
6755,427.1427349036373,0.022772479554727616,10.0
6756,427.8509953069452,0.022772479554727616,10.0
6757,428.20696436095943,0.022772479554727616,10.0
6758,428.38155923754863,0.022772479554727616,10.0
6759,428.7761871148146,0.022772479554727616,10.0
6760,428.8763148611344,0.022772479554727616,10.0
6761,428.9504315675669,0.022772479554727616,10.0
6762,429.03185609543533,0.022772479554727616,10.0
6763,429.1014904918595,0.022772479554727616,10.0
6764,429.16384415082405,0.022772479554727616,10.0
6765,429.24424542279263,0.022772479554727616,10.0
6766,429.30218810164536,0.022772479554727616,10.0
6767,429.36638375109413,0.022772479554727616,10.0
6768,429.41035800402614,0.022772479554727616,10.0
6769,429.4473045327777,0.022772479554727616,10.0
6770,429.5074610405604,0.022772479554727616,10.0
6771,429.5449165094639,0.022772479554727616,10.0
6772,429.60050059991084,0.022772479554727616,10.0
6773,429.6550700054325,0.022772479554727616,10.0
6774,429.7072834700906,0.022772479554727616,10.0
6775,429.75182951102704,0.022772479554727616,10.0
6776,429.8762303385077,0.022772479554727616,10.0
6777,429.89993496509936,0.022772479554727616,10.0
6778,429.9001442315454,0.022772479554727616,10.0
6779,429.88729762757066,0.022772479554727616,10.0
6780,429.88224061550795,0.022772479554727616,10.0
6781,429.8837636453993,0.022772479554727616,10.0
6782,429.8814071432866,0.022772479554727616,10.0
6783,429.8756467073277,0.022772479554727616,10.0
6784,429.87086448091003,0.022772479554727616,10.0
6785,429.8692378765501,0.022772479554727616,10.0
6786,429.8687412027831,0.022772479554727616,10.0
6787,429.8722092931793,0.022772479554727616,10.0
6788,429.90956680637703,0.022772479554727616,10.0
6789,429.9388162848637,0.022772479554727616,10.0
6790,429.9786822260529,0.022772479554727616,10.0
6791,430.0410784045405,0.022772479554727616,10.0
6792,430.09904618722925,0.022772479554727616,10.0
6793,430.1126600526411,0.022772479554727616,10.0
6794,430.11216970779816,0.022772479554727616,10.0
6795,430.14825046254396,0.022772479554727616,10.0
6796,430.1966466593648,0.022772479554727616,10.0
6797,430.2615468178243,0.022772479554727616,10.0
6798,430.3675009722254,0.022772479554727616,10.0
6799,430.3811031836652,0.022772479554727616,10.0
6800,430.38262356933734,0.022772479554727616,10.0
6801,430.3800767802723,0.022772479554727616,10.0
6802,430.3720043273667,0.022772479554727616,10.0
6803,430.35830791866806,0.022772479554727616,10.0
6804,430.344050948717,0.022772479554727616,10.0
6805,430.3363978866581,0.022772479554727616,10.0
6806,430.3255022379487,0.022772479554727616,10.0
6807,430.31332470941163,0.022772479554727616,10.0
6808,430.30675256577337,0.022772479554727616,10.0
6809,430.30136346802055,0.022772479554727616,10.0
6810,430.38189908506973,0.022772479554727616,10.0
6811,430.4152414962983,0.022772479554727616,10.0
6812,430.50277660264436,0.022772479554727616,10.0
6813,430.5799147102045,0.022772479554727616,10.0
6814,430.65893748183834,0.022772479554727616,10.0
6815,430.7026850327219,0.022772479554727616,10.0
6816,430.7749722592777,0.022772479554727616,10.0
6817,430.80370147437594,0.022772479554727616,10.0
6818,430.82150153561247,0.022772479554727616,10.0
6819,430.8615271757417,0.022772479554727616,10.0
6820,430.89142157504193,0.022772479554727616,10.0
6821,430.9667641187837,0.022772479554727616,10.0
6822,431.04289100774565,0.022772479554727616,10.0
6823,431.07740190465853,0.022772479554727616,10.0
6824,431.13033485005906,0.022772479554727616,10.0
6825,431.18439210573445,0.022772479554727616,10.0
6826,431.1823598916879,0.022772479554727616,10.0
6827,431.2022253081269,0.022772479554727616,10.0
6828,431.21088825548804,0.022772479554727616,10.0
6829,431.2372658368559,0.022772479554727616,10.0
6830,431.2619449042452,0.022772479554727616,10.0
6831,431.26822164083103,0.022772479554727616,10.0
6832,431.3134915341094,0.022772479554727616,10.0
6833,431.31960567448414,0.022772479554727616,10.0
6834,431.4040950077949,0.022772479554727616,10.0
6835,431.463305715136,0.022772479554727616,10.0
6836,431.5394969848191,0.022772479554727616,10.0
6837,431.59284923962394,0.022772479554727616,10.0
6838,431.6480740851156,0.022772479554727616,10.0
6839,431.67521031825703,0.022772479554727616,10.0
6840,431.7273608912232,0.022772479554727616,10.0
6841,431.72658352479783,0.022772479554727616,10.0
6842,431.7769153212421,0.022772479554727616,10.0
6843,431.81029077734433,0.022772479554727616,10.0
6844,431.83213653042736,0.022772479554727616,10.0
6845,431.8817120414416,0.022772479554727616,10.0
6846,431.90296625545216,0.022772479554727616,10.0
6847,431.9243404038404,0.022772479554727616,10.0
6848,431.9566631566019,0.022772479554727616,10.0
6849,431.9611608993891,0.022772479554727616,10.0
6850,431.95859934917456,0.022772479554727616,10.0
6851,431.95427983146266,0.022772479554727616,10.0
6852,431.9383890253215,0.022772479554727616,10.0
6853,431.9290890351456,0.022772479554727616,10.0
6854,431.9117773140452,0.022772479554727616,10.0
6855,431.9039286236177,0.022772479554727616,10.0
6856,431.901972341025,0.022772479554727616,10.0
6857,431.90814448482377,0.022772479554727616,10.0
6858,431.9369201887597,0.022772479554727616,10.0
6859,431.97198888360543,0.022772479554727616,10.0
6860,432.0403400093204,0.022772479554727616,10.0
6861,432.1101316722204,0.022772479554727616,10.0
6862,432.1804325072838,0.022772479554727616,10.0
6863,432.2287280309874,0.022772479554727616,10.0
6864,432.2598327807037,0.022772479554727616,10.0
6865,432.28145030821105,0.022772479554727616,10.0
6866,432.3080635401599,0.022772479554727616,10.0
6867,432.36376555486675,0.022772479554727616,10.0
6868,432.400782363846,0.022772479554727616,10.0
6869,432.480418419831,0.022772479554727616,10.0
6870,432.54798010512695,0.022772479554727616,10.0
6871,432.5710884006665,0.022772479554727616,10.0
6872,432.6025054764547,0.022772479554727616,10.0
6873,432.6288085620455,0.022772479554727616,10.0
6874,432.63849414321777,0.022772479554727616,10.0
6875,432.630321630741,0.022772479554727616,10.0
6876,432.6247787866605,0.022772479554727616,10.0
6877,433.070899878087,0.022772479554727616,10.0
6878,433.23562965916454,0.022772479554727616,10.0
6879,433.2355621283017,0.022772479554727616,10.0
6880,433.28469605641106,0.022772479554727616,10.0
6881,433.33833750306445,0.022772479554727616,10.0
6882,433.39862922862784,0.022772479554727616,10.0
6883,433.4728245368063,0.022772479554727616,10.0
6884,433.55105506567514,0.022772479554727616,10.0
6885,433.6354710836477,0.022772479554727616,10.0
6886,433.6875895062557,0.022772479554727616,10.0
6887,433.7298981104932,0.022772479554727616,10.0
6888,433.77468566098986,0.022772479554727616,10.0
6889,433.76950058054905,0.022772479554727616,10.0
6890,433.7795932994563,0.022772479554727616,10.0
6891,433.85186888565994,0.022772479554727616,10.0
6892,433.9071415688065,0.022772479554727616,10.0
6893,433.97481482248634,0.022772479554727616,10.0
6894,434.05046163311306,0.022772479554727616,10.0
6895,434.37310078891204,0.022772479554727616,10.0
6896,434.9754897409688,0.022772479554727616,10.0
6897,435.3942385066387,0.022772479554727616,10.0
6898,435.53327976402056,0.022772479554727616,10.0
6899,435.63593243732646,0.022772479554727616,10.0
6900,435.70230630455126,0.022772479554727616,10.0
6901,436.52161216679355,0.022772479554727616,10.0
6902,437.12213924537167,0.022772479554727616,10.0
6903,437.762854864791,0.022772479554727616,10.0
6904,437.96100081516965,0.022772479554727616,10.0
6905,438.07317950309056,0.022772479554727616,10.0
6906,438.17724663354113,0.022772479554727616,10.0
6907,438.2906558206734,0.022772479554727616,10.0
6908,438.40203148702005,0.022772479554727616,10.0
6909,438.47154491891877,0.022772479554727616,10.0
6910,438.5316859390049,0.022772479554727616,10.0
6911,438.5930499067751,0.022772479554727616,10.0
6912,438.64794345630446,0.022772479554727616,10.0
6913,438.66825359238504,0.022772479554727616,10.0
6914,438.7677824938579,0.022772479554727616,10.0
6915,438.82949208159897,0.022772479554727616,10.0
6916,438.8917197395504,0.022772479554727616,10.0
6917,438.9102316439534,0.022772479554727616,10.0
6918,438.908957600153,0.022772479554727616,10.0
6919,438.94575480524367,0.022772479554727616,10.0
6920,439.03453535498204,0.022772479554727616,10.0
6921,439.0794413215265,0.022772479554727616,10.0
6922,439.07763594745853,0.022772479554727616,10.0
6923,439.06007153775124,0.022772479554727616,10.0
6924,439.0477846268193,0.022772479554727616,10.0
6925,439.0446645053905,0.022772479554727616,10.0
6926,439.04270394362055,0.022772479554727616,10.0
6927,439.03713271552306,0.022772479554727616,10.0
6928,439.05724880692304,0.022772479554727616,10.0
6929,439.0563306300361,0.022772479554727616,10.0
6930,439.0713374224067,0.022772479554727616,10.0
6931,439.1134101386892,0.022772479554727616,10.0
6932,439.1567564325011,0.022772479554727616,10.0
6933,439.1951421958553,0.022772479554727616,10.0
6934,439.2480171703782,0.022772479554727616,10.0
6935,439.2759275732703,0.022772479554727616,10.0
6936,439.26595551870497,0.022772479554727616,10.0
6937,439.2746422152698,0.022772479554727616,10.0
6938,439.3159842637771,0.022772479554727616,10.0
6939,439.35636214684257,0.022772479554727616,10.0
6940,439.39014805520384,0.022772479554727616,10.0
6941,439.45457524109077,0.022772479554727616,10.0
6942,439.5320639584711,0.022772479554727616,10.0
6943,439.57721958004987,0.022772479554727616,10.0
6944,439.59744923226697,0.022772479554727616,10.0
6945,439.61903321467287,0.022772479554727616,10.0
6946,439.6239884343061,0.022772479554727616,10.0
6947,439.84710336137334,0.022772479554727616,10.0
6948,440.29641839267,0.022772479554727616,10.0
6949,440.80839611883823,0.022772479554727616,10.0
6950,441.34963245974797,0.022772479554727616,10.0
6951,441.71339484316576,0.022772479554727616,10.0
6952,441.8413362662431,0.022772479554727616,10.0
6953,441.94887207767187,0.022772479554727616,10.0
6954,442.02337078150333,0.022772479554727616,10.0
6955,442.15567236228117,0.022772479554727616,10.0
6956,442.2608340069646,0.022772479554727616,10.0
6957,442.3361691549589,0.022772479554727616,10.0
6958,442.39346834906326,0.022772479554727616,10.0
6959,442.4804426145469,0.022772479554727616,10.0
6960,442.52480167938717,0.022772479554727616,10.0
6961,442.5541696625533,0.022772479554727616,10.0
6962,442.6149948785312,0.022772479554727616,10.0
6963,442.6395313659934,0.022772479554727616,10.0
6964,442.6614190387549,0.022772479554727616,10.0
6965,442.7242468977656,0.022772479554727616,10.0
6966,442.76144640722555,0.022772479554727616,10.0
6967,442.8173224614436,0.022772479554727616,10.0
6968,442.8759875243803,0.022772479554727616,10.0
6969,442.90224898454045,0.022772479554727616,10.0
6970,442.8974633527664,0.022772479554727616,10.0
6971,442.88370071978665,0.022772479554727616,10.0
6972,442.8672435589921,0.022772479554727616,10.0
6973,442.859330272902,0.022772479554727616,10.0
6974,442.84598882719513,0.022772479554727616,10.0
6975,442.8204107014973,0.022772479554727616,10.0
6976,442.8146859906226,0.022772479554727616,10.0
6977,442.8084219017804,0.022772479554727616,10.0
6978,442.91761441470845,0.022772479554727616,10.0
6979,442.9537832778845,0.022772479554727616,10.0
6980,443.0268913616279,0.022772479554727616,10.0
6981,443.12947741795864,0.022772479554727616,10.0
6982,443.184530786563,0.022772479554727616,10.0
6983,443.23476610972483,0.022772479554727616,10.0
6984,443.3220003578074,0.022772479554727616,10.0
6985,443.3609335723075,0.022772479554727616,10.0
6986,443.3953335929211,0.022772479554727616,10.0
6987,443.4249858423915,0.022772479554727616,10.0
6988,443.44422331295243,0.022772479554727616,10.0
6989,443.5206875876729,0.022772479554727616,10.0
6990,443.5954389478679,0.022772479554727616,10.0
6991,443.6322379114886,0.022772479554727616,10.0
6992,443.6721258674546,0.022772479554727616,10.0
6993,443.7729904191892,0.022772479554727616,10.0
6994,444.22615294924196,0.022772479554727616,10.0
6995,444.74214881220513,0.022772479554727616,10.0
6996,445.1293744589169,0.022772479554727616,10.0
6997,445.25615723667687,0.022772479554727616,10.0
6998,445.2804260924382,0.022772479554727616,10.0
6999,445.28392693046237,0.022772479554727616,10.0
7000,445.2981515868617,0.022772479554727616,10.0
7001,445.31931786254614,0.022772479554727616,10.0
7002,445.39824152877065,0.022772479554727616,10.0
7003,445.43486380386844,0.022772479554727616,10.0
7004,445.51240448533326,0.022772479554727616,10.0
7005,445.5707310179982,0.022772479554727616,10.0
7006,445.62401337313514,0.022772479554727616,10.0
7007,445.6624320572443,0.022772479554727616,10.0
7008,445.72555270033035,0.022772479554727616,10.0
7009,445.74817022790614,0.022772479554727616,10.0
7010,445.74881796351883,0.022772479554727616,10.0
7011,445.7953595521312,0.022772479554727616,10.0
7012,445.83800682612065,0.022772479554727616,10.0
7013,445.92097895473495,0.022772479554727616,10.0
7014,445.9854473289521,0.022772479554727616,10.0
7015,446.03934143169255,0.022772479554727616,10.0
7016,446.0900548193131,0.022772479554727616,10.0
7017,446.14481100662624,0.022772479554727616,10.0
7018,446.15890632096955,0.022772479554727616,10.0
7019,446.157513056476,0.022772479554727616,10.0
7020,446.1516830317229,0.022772479554727616,10.0
7021,446.1434326250203,0.022772479554727616,10.0
7022,446.12653741624723,0.022772479554727616,10.0
7023,446.1140483901259,0.022772479554727616,10.0
7024,446.11658096493244,0.022772479554727616,10.0
7025,446.12900467197676,0.022772479554727616,10.0
7026,446.12704339963005,0.022772479554727616,10.0
7027,446.1359809112308,0.022772479554727616,10.0
7028,446.18801026546527,0.022772479554727616,10.0
7029,446.22797343258077,0.022772479554727616,10.0
7030,446.2813965255781,0.022772479554727616,10.0
7031,446.31366787524973,0.022772479554727616,10.0
7032,446.3161755222569,0.022772479554727616,10.0
7033,446.30434568128294,0.022772479554727616,10.0
7034,446.32489961218045,0.022772479554727616,10.0
7035,446.37162634046643,0.022772479554727616,10.0
7036,446.41182251744715,0.022772479554727616,10.0
7037,446.4568590344186,0.022772479554727616,10.0
7038,446.50889146503016,0.022772479554727616,10.0
7039,446.53212723810395,0.022772479554727616,10.0
7040,446.61146854318065,0.022772479554727616,10.0
7041,446.63720345825834,0.022772479554727616,10.0
7042,446.64540099498697,0.022772479554727616,10.0
7043,446.64183910751325,0.022772479554727616,10.0
7044,446.63931859607396,0.022772479554727616,10.0
7045,447.08587547630793,0.022772479554727616,10.0
7046,447.26036000562846,0.022772479554727616,10.0
7047,447.26031546414396,0.022772479554727616,10.0
7048,447.30580788142765,0.022772479554727616,10.0
7049,447.33733762050053,0.022772479554727616,10.0
7050,447.3695285200912,0.022772479554727616,10.0
7051,447.410594628116,0.022772479554727616,10.0
7052,447.46703243961497,0.022772479554727616,10.0
7053,447.5107915682454,0.022772479554727616,10.0
7054,447.52688642981764,0.022772479554727616,10.0
7055,447.5718531707419,0.022772479554727616,10.0
7056,447.60366198573115,0.022772479554727616,10.0
7057,447.6432521116308,0.022772479554727616,10.0
7058,447.64560186449984,0.022772479554727616,10.0
7059,447.7131955723352,0.022772479554727616,10.0
7060,447.76415527342834,0.022772479554727616,10.0
7061,447.81682850436266,0.022772479554727616,10.0
7062,447.8843136409315,0.022772479554727616,10.0
7063,447.9234759379938,0.022772479554727616,10.0
7064,448.0269355283493,0.022772479554727616,10.0
7065,448.06916009149666,0.022772479554727616,10.0
7066,448.0775543118069,0.022772479554727616,10.0
7067,448.10425698038426,0.022772479554727616,10.0
7068,448.10310878922826,0.022772479554727616,10.0
7069,448.8484511819688,0.022772479554727616,10.0
7070,449.32149586623115,0.022772479554727616,10.0
7071,449.7505766119008,0.022772479554727616,10.0
7072,449.86692996621167,0.022772479554727616,10.0
7073,449.9566365506499,0.022772479554727616,10.0
7074,450.0356406660629,0.022772479554727616,10.0
7075,450.13609309359856,0.022772479554727616,10.0
7076,450.2177578908323,0.022772479554727616,10.0
7077,450.3028423343955,0.022772479554727616,10.0
7078,450.4074097243289,0.022772479554727616,10.0
7079,450.4840000571476,0.022772479554727616,10.0
7080,450.4968992148855,0.022772479554727616,10.0
7081,450.4963972708993,0.022772479554727616,10.0
7082,450.583907940774,0.022772479554727616,10.0
7083,450.6630630985146,0.022772479554727616,10.0
7084,450.6866838277116,0.022772479554727616,10.0
7085,450.73820817790727,0.022772479554727616,10.0
7086,450.77417822674596,0.022772479554727616,10.0
7087,450.7970196855344,0.022772479554727616,10.0
7088,450.91293183255135,0.022772479554727616,10.0
7089,451.00039227083397,0.022772479554727616,10.0
7090,451.05833612906315,0.022772479554727616,10.0
7091,451.0800892100088,0.022772479554727616,10.0
7092,451.14991911735837,0.022772479554727616,10.0
7093,451.2209948408001,0.022772479554727616,10.0
7094,451.2852651147863,0.022772479554727616,10.0
7095,451.28436644254015,0.022772479554727616,10.0
7096,451.31700662111604,0.022772479554727616,10.0
7097,451.3344383609351,0.022772479554727616,10.0
7098,451.3584973892814,0.022772479554727616,10.0
7099,451.3861197216049,0.022772479554727616,10.0
7100,451.4257261851619,0.022772479554727616,10.0
7101,451.477716119608,0.022772479554727616,10.0
7102,451.56212977236555,0.022772479554727616,10.0
7103,451.6345331213547,0.022772479554727616,10.0
7104,451.66958736106005,0.022772479554727616,10.0
7105,451.6614607557719,0.022772479554727616,10.0
7106,451.691609507097,0.022772479554727616,10.0
7107,451.76228204058316,0.022772479554727616,10.0
7108,451.8086285197178,0.022772479554727616,10.0
7109,451.82575720722076,0.022772479554727616,10.0
7110,451.8428968928026,0.022772479554727616,10.0
7111,451.8536352761779,0.022772479554727616,10.0
7112,451.9029058253003,0.022772479554727616,10.0
7113,451.94720838458335,0.022772479554727616,10.0
7114,452.0958974201619,0.022772479554727616,10.0
7115,452.2300262888705,0.022772479554727616,10.0
7116,452.80152905656325,0.022772479554727616,10.0
7117,453.41804391295165,0.022772479554727616,10.0
7118,453.7120212125367,0.022772479554727616,10.0
7119,453.82083657172114,0.022772479554727616,10.0
7120,453.9071668956577,0.022772479554727616,10.0
7121,453.99204225119684,0.022772479554727616,10.0
7122,454.0632111542277,0.022772479554727616,10.0
7123,454.147276678708,0.022772479554727616,10.0
7124,454.23931097337856,0.022772479554727616,10.0
7125,454.3375027946854,0.022772479554727616,10.0
7126,454.4087278684586,0.022772479554727616,10.0
7127,454.4767229520977,0.022772479554727616,10.0
7128,454.5529601296509,0.022772479554727616,10.0
7129,454.58039004609094,0.022772479554727616,10.0
7130,454.6250693049126,0.022772479554727616,10.0
7131,454.6853933705414,0.022772479554727616,10.0
7132,454.7257036625704,0.022772479554727616,10.0
7133,454.74821559084694,0.022772479554727616,10.0
7134,454.7635508543518,0.022772479554727616,10.0
7135,454.80760484890135,0.022772479554727616,10.0
7136,454.9091332612831,0.022772479554727616,10.0
7137,454.9986606518746,0.022772479554727616,10.0
7138,455.1761894974033,0.022772479554727616,10.0
7139,455.77367824288234,0.022772479554727616,10.0
7140,456.00695415222845,0.022772479554727616,10.0
7141,456.0135383340703,0.022772479554727616,10.0
7142,456.01046487130685,0.022772479554727616,10.0
7143,456.0063406030752,0.022772479554727616,10.0
7144,456.0362997634625,0.022772479554727616,10.0
7145,456.0602005518521,0.022772479554727616,10.0
7146,456.18064222915405,0.022772479554727616,10.0
7147,456.23614026816585,0.022772479554727616,10.0
7148,456.34253206725054,0.022772479554727616,10.0
7149,456.41153994737846,0.022772479554727616,10.0
7150,456.47234967317235,0.022772479554727616,10.0
7151,456.53260772837,0.022772479554727616,10.0
7152,456.5622562894103,0.022772479554727616,10.0
7153,456.5914269093128,0.022772479554727616,10.0
7154,456.61078859748994,0.022772479554727616,10.0
7155,456.67108005582935,0.022772479554727616,10.0
7156,456.71658991033985,0.022772479554727616,10.0
7157,456.783782852504,0.022772479554727616,10.0
7158,456.84157762699704,0.022772479554727616,10.0
7159,456.87061725120185,0.022772479554727616,10.0
7160,456.9180517935196,0.022772479554727616,10.0
7161,456.970885819231,0.022772479554727616,10.0
7162,457.0087517535927,0.022772479554727616,10.0
7163,457.04107557819873,0.022772479554727616,10.0
7164,457.03672721484895,0.022772479554727616,10.0
7165,457.0384585647438,0.022772479554727616,10.0
7166,457.03176662008275,0.022772479554727616,10.0
7167,457.02799906514946,0.022772479554727616,10.0
7168,457.0596995535826,0.022772479554727616,10.0
7169,457.08251381714337,0.022772479554727616,10.0
7170,457.1262881722463,0.022772479554727616,10.0
7171,457.1917669780435,0.022772479554727616,10.0
7172,457.30419692719215,0.022772479554727616,10.0
7173,457.3544720497662,0.022772479554727616,10.0
7174,457.4424933970371,0.022772479554727616,10.0
7175,457.4842153152747,0.022772479554727616,10.0
7176,457.5166862778434,0.022772479554727616,10.0
7177,457.5413173565467,0.022772479554727616,10.0
7178,457.5885342604301,0.022772479554727616,10.0
7179,457.60586706285164,0.022772479554727616,10.0
7180,457.6294213122687,0.022772479554727616,10.0
7181,457.67526429952323,0.022772479554727616,10.0
7182,457.70780756793386,0.022772479554727616,10.0
7183,457.76054213500817,0.022772479554727616,10.0
7184,458.3662547839227,0.022772479554727616,10.0
7185,458.9807670093715,0.022772479554727616,10.0
7186,459.41526103125045,0.022772479554727616,10.0
7187,459.49992873674324,0.022772479554727616,10.0
7188,459.5013447290675,0.022772479554727616,10.0
7189,459.4994799768013,0.022772479554727616,10.0
7190,459.4968047357792,0.022772479554727616,10.0
7191,459.49432092700965,0.022772479554727616,10.0
7192,459.50626188805285,0.022772479554727616,10.0
7193,459.5099875608644,0.022772479554727616,10.0
7194,459.54580846646314,0.022772479554727616,10.0
7195,459.581769337614,0.022772479554727616,10.0
7196,459.63890727177045,0.022772479554727616,10.0
7197,459.71875457424386,0.022772479554727616,10.0
7198,459.75693601190875,0.022772479554727616,10.0
7199,459.7938717427937,0.022772479554727616,10.0
7200,459.8102561953294,0.022772479554727616,10.0
7201,459.8300027957872,0.022772479554727616,10.0
7202,459.901384413394,0.022772479554727616,10.0
7203,459.9780154503182,0.022772479554727616,10.0
7204,460.0553605260301,0.022772479554727616,10.0
7205,460.1144539698925,0.022772479554727616,10.0
7206,460.13180662069067,0.022772479554727616,10.0
7207,460.1677111724719,0.022772479554727616,10.0
7208,460.2278658756838,0.022772479554727616,10.0
7209,460.34575998936697,0.022772479554727616,10.0
7210,460.3727389911572,0.022772479554727616,10.0
7211,460.36924876523904,0.022772479554727616,10.0
7212,460.3670736030247,0.022772479554727616,10.0
7213,460.40594892614746,0.022772479554727616,10.0
7214,460.40284523433047,0.022772479554727616,10.0
7215,460.389347381942,0.022772479554727616,10.0
7216,460.4001438478171,0.022772479554727616,10.0
7217,460.43134006509445,0.022772479554727616,10.0
7218,460.4497325591467,0.022772479554727616,10.0
7219,460.5057985948495,0.022772479554727616,10.0
7220,460.5579418284737,0.022772479554727616,10.0
7221,460.61245948978706,0.022772479554727616,10.0
7222,460.65920127061054,0.022772479554727616,10.0
7223,460.6845719503855,0.022772479554727616,10.0
7224,460.68022593238845,0.022772479554727616,10.0
7225,460.7114908484339,0.022772479554727616,10.0
7226,460.77773577508395,0.022772479554727616,10.0
7227,460.8103692367468,0.022772479554727616,10.0
7228,460.8416393358353,0.022772479554727616,10.0
7229,460.91064019607575,0.022772479554727616,10.0
7230,460.9371323445106,0.022772479554727616,10.0
7231,461.01743214703333,0.022772479554727616,10.0
7232,461.0895001586127,0.022772479554727616,10.0
7233,461.1510775817346,0.022772479554727616,10.0
7234,461.65123461195515,0.022772479554727616,10.0
7235,462.32129371437674,0.022772479554727616,10.0
7236,462.7245203862611,0.022772479554727616,10.0
7237,462.8734138676158,0.022772479554727616,10.0
7238,462.92327696214534,0.022772479554727616,10.0
7239,462.9490507714084,0.022772479554727616,10.0
7240,462.998351682043,0.022772479554727616,10.0
7241,463.0625654316587,0.022772479554727616,10.0
7242,463.1286258146472,0.022772479554727616,10.0
7243,463.18572107337855,0.022772479554727616,10.0
7244,463.23870657054204,0.022772479554727616,10.0
7245,463.28831367199655,0.022772479554727616,10.0
7246,463.3822068238651,0.022772479554727616,10.0
7247,463.4669450962543,0.022772479554727616,10.0
7248,463.52316502413515,0.022772479554727616,10.0
7249,463.5541566831725,0.022772479554727616,10.0
7250,463.61294398197293,0.022772479554727616,10.0
7251,463.6553112436137,0.022772479554727616,10.0
7252,463.6850034094764,0.022772479554727616,10.0
7253,463.7453639955231,0.022772479554727616,10.0
7254,463.8074996360264,0.022772479554727616,10.0
7255,463.8631910031923,0.022772479554727616,10.0
7256,463.92445399523325,0.022772479554727616,10.0
7257,464.09577549695257,0.022772479554727616,10.0
7258,464.15284934541205,0.022772479554727616,10.0
7259,464.27078550269573,0.022772479554727616,10.0
7260,464.3276886294558,0.022772479554727616,10.0
7261,464.9648542196014,0.022772479554727616,10.0
7262,465.55120091511907,0.022772479554727616,10.0
7263,466.0639642022376,0.022772479554727616,10.0
7264,466.2682999590838,0.022772479554727616,10.0
7265,466.36960114063766,0.022772479554727616,10.0
7266,466.447369722278,0.022772479554727616,10.0
7267,466.50566758364357,0.022772479554727616,10.0
7268,466.58969873223464,0.022772479554727616,10.0
7269,466.67702866935264,0.022772479554727616,10.0
7270,466.7300831348111,0.022772479554727616,10.0
7271,466.7900821897595,0.022772479554727616,10.0
7272,466.7965034565548,0.022772479554727616,10.0
7273,466.83870925715445,0.022772479554727616,10.0
7274,466.877347317973,0.022772479554727616,10.0
7275,466.9213521875944,0.022772479554727616,10.0
7276,466.9585668551048,0.022772479554727616,10.0
7277,466.98075513901,0.022772479554727616,10.0
7278,467.0132921150981,0.022772479554727616,10.0
7279,467.0669859121207,0.022772479554727616,10.0
7280,467.195167988487,0.022772479554727616,10.0
7281,467.20703513006225,0.022772479554727616,10.0
7282,467.24992521333706,0.022772479554727616,10.0
7283,467.2370574146094,0.022772479554727616,10.0
7284,467.2273893574279,0.022772479554727616,10.0
7285,467.2160655187787,0.022772479554727616,10.0
7286,467.2037300113854,0.022772479554727616,10.0
7287,467.2025061388697,0.022772479554727616,10.0
7288,467.21378440272207,0.022772479554727616,10.0
7289,467.22423542964435,0.022772479554727616,10.0
7290,467.22402951597553,0.022772479554727616,10.0
7291,467.2526052767074,0.022772479554727616,10.0
7292,467.27483765254107,0.022772479554727616,10.0
7293,467.30780938458025,0.022772479554727616,10.0
7294,467.3074533266918,0.022772479554727616,10.0
7295,467.29752972854595,0.022772479554727616,10.0
7296,467.3351268688892,0.022772479554727616,10.0
7297,467.3550282448479,0.022772479554727616,10.0
7298,467.4076594016481,0.022772479554727616,10.0
7299,467.42992277765495,0.022772479554727616,10.0
7300,467.48532197967216,0.022772479554727616,10.0
7301,467.5269643956913,0.022772479554727616,10.0
7302,467.5883898816304,0.022772479554727616,10.0
7303,467.62029048944333,0.022772479554727616,10.0
7304,467.66201318467495,0.022772479554727616,10.0
7305,467.66054039252367,0.022772479554727616,10.0
7306,467.98906285589356,0.022772479554727616,10.0
7307,468.50358804505396,0.022772479554727616,10.0
7308,469.2305036903019,0.022772479554727616,10.0
7309,469.4365781062815,0.022772479554727616,10.0
7310,469.8937843667006,0.022772479554727616,10.0
7311,470.3979740155571,0.022772479554727616,10.0
7312,470.53228354874693,0.022772479554727616,10.0
7313,470.6329115024433,0.022772479554727616,10.0
7314,470.73539942606584,0.022772479554727616,10.0
7315,470.80804641875426,0.022772479554727616,10.0
7316,470.90431742547094,0.022772479554727616,10.0
7317,470.97196027147373,0.022772479554727616,10.0
7318,471.0499335007939,0.022772479554727616,10.0
7319,471.1219122853166,0.022772479554727616,10.0
7320,471.1427343767111,0.022772479554727616,10.0
7321,471.14232533134435,0.022772479554727616,10.0
7322,471.2176513604619,0.022772479554727616,10.0
7323,471.2599621358027,0.022772479554727616,10.0
7324,471.28900583320967,0.022772479554727616,10.0
7325,471.3394694907679,0.022772479554727616,10.0
7326,471.38938645123653,0.022772479554727616,10.0
7327,471.4779505519855,0.022772479554727616,10.0
7328,471.5613202950094,0.022772479554727616,10.0
7329,471.55432227540194,0.022772479554727616,10.0
7330,471.54919696150455,0.022772479554727616,10.0
7331,471.5303278960068,0.022772479554727616,10.0
7332,471.5213364240791,0.022772479554727616,10.0
7333,471.51370323522434,0.022772479554727616,10.0
7334,471.50566851351425,0.022772479554727616,10.0
7335,471.50355841778077,0.022772479554727616,10.0
7336,471.5028383014354,0.022772479554727616,10.0
7337,471.52742847541276,0.022772479554727616,10.0
7338,471.55091252965923,0.022772479554727616,10.0
7339,471.58199857463114,0.022772479554727616,10.0
7340,471.6218186991678,0.022772479554727616,10.0
7341,471.6915976387648,0.022772479554727616,10.0
7342,471.7171133077986,0.022772479554727616,10.0
7343,471.71107129066365,0.022772479554727616,10.0
7344,471.72540708845764,0.022772479554727616,10.0
7345,471.7708733587667,0.022772479554727616,10.0
7346,471.8176796649461,0.022772479554727616,10.0
7347,471.8596800041443,0.022772479554727616,10.0
7348,471.91851564225334,0.022772479554727616,10.0
7349,471.9950275629367,0.022772479554727616,10.0
7350,472.059787210477,0.022772479554727616,10.0
7351,472.07515056824815,0.022772479554727616,10.0
7352,472.08566374461844,0.022772479554727616,10.0
7353,472.08398524039376,0.022772479554727616,10.0
7354,472.0800155992714,0.022772479554727616,10.0
7355,472.0743765114099,0.022772479554727616,10.0
7356,472.6001290897501,0.022772479554727616,10.0
7357,473.31073140507414,0.022772479554727616,10.0
7358,473.69958465189256,0.022772479554727616,10.0
7359,473.8512304592864,0.022772479554727616,10.0
7360,473.9293961579325,0.022772479554727616,10.0
7361,474.0348365973379,0.022772479554727616,10.0
7362,474.1143755996875,0.022772479554727616,10.0
7363,474.2153895559474,0.022772479554727616,10.0
7364,474.28695473847415,0.022772479554727616,10.0
7365,474.3144036850777,0.022772479554727616,10.0
7366,474.37741904625443,0.022772479554727616,10.0
7367,474.4145265447431,0.022772479554727616,10.0
7368,474.4258890596831,0.022772479554727616,10.0
7369,474.4857333287458,0.022772479554727616,10.0
7370,474.513455170176,0.022772479554727616,10.0
7371,474.5297196718899,0.022772479554727616,10.0
7372,474.5905146505553,0.022772479554727616,10.0
7373,474.62697914445346,0.022772479554727616,10.0
7374,474.659122473762,0.022772479554727616,10.0
7375,474.7162044084014,0.022772479554727616,10.0
7376,474.76546105987717,0.022772479554727616,10.0
7377,474.76462475129324,0.022772479554727616,10.0
7378,474.7496792903375,0.022772479554727616,10.0
7379,474.73883777468217,0.022772479554727616,10.0
7380,474.73560567262984,0.022772479554727616,10.0
7381,474.7276306056184,0.022772479554727616,10.0
7382,474.72324240935194,0.022772479554727616,10.0
7383,474.7248721959926,0.022772479554727616,10.0
7384,474.73733960360454,0.022772479554727616,10.0
7385,474.7464652942135,0.022772479554727616,10.0
7386,474.77737646178076,0.022772479554727616,10.0
7387,474.8002626527143,0.022772479554727616,10.0
7388,474.83354936797804,0.022772479554727616,10.0
7389,474.8471879492689,0.022772479554727616,10.0
7390,474.8462399419992,0.022772479554727616,10.0
7391,474.854868492598,0.022772479554727616,10.0
7392,474.8508377056945,0.022772479554727616,10.0
7393,474.8755604220499,0.022772479554727616,10.0
7394,474.91927288552364,0.022772479554727616,10.0
7395,474.95356543475566,0.022772479554727616,10.0
7396,475.0338643919001,0.022772479554727616,10.0
7397,475.0936324920781,0.022772479554727616,10.0
7398,475.1555260812838,0.022772479554727616,10.0
7399,475.2025013834299,0.022772479554727616,10.0
7400,475.2448279270666,0.022772479554727616,10.0
7401,475.31833526142975,0.022772479554727616,10.0
7402,475.3619224019785,0.022772479554727616,10.0
7403,475.3893233423936,0.022772479554727616,10.0
7404,475.45351072774145,0.022772479554727616,10.0
7405,475.4821182968896,0.022772479554727616,10.0
7406,475.50677868285794,0.022772479554727616,10.0
7407,475.5379991790707,0.022772479554727616,10.0
7408,475.55709466644936,0.022772479554727616,10.0
7409,475.5895135455153,0.022772479554727616,10.0
7410,475.6169552009295,0.022772479554727616,10.0
7411,475.65385654936136,0.022772479554727616,10.0
7412,475.6878495608194,0.022772479554727616,10.0
7413,475.7178368986147,0.022772479554727616,10.0
7414,475.7189166222531,0.022772479554727616,10.0
7415,475.71224322104587,0.022772479554727616,10.0
7416,475.7034569081325,0.022772479554727616,10.0
7417,475.7600037181404,0.022772479554727616,10.0
7418,475.8082647398532,0.022772479554727616,10.0
7419,475.82424830463935,0.022772479554727616,10.0
7420,475.83959416384045,0.022772479554727616,10.0
7421,475.87061790278545,0.022772479554727616,10.0
7422,475.88640150057114,0.022772479554727616,10.0
7423,475.93107673414175,0.022772479554727616,10.0
7424,475.9518713469595,0.022772479554727616,10.0
7425,475.9513743393486,0.022772479554727616,10.0
7426,475.9436952845238,0.022772479554727616,10.0
7427,475.93673211429575,0.022772479554727616,10.0
7428,475.9283384367492,0.022772479554727616,10.0
7429,475.9216014291778,0.022772479554727616,10.0
7430,475.916957788177,0.022772479554727616,10.0
7431,475.95480645059587,0.022772479554727616,10.0
7432,475.9859186796472,0.022772479554727616,10.0
7433,476.0443952873451,0.022772479554727616,10.0
7434,476.0783229214543,0.022772479554727616,10.0
7435,476.12233348212385,0.022772479554727616,10.0
7436,476.15159348085905,0.022772479554727616,10.0
7437,476.1950524009159,0.022772479554727616,10.0
7438,476.2220866225407,0.022772479554727616,10.0
7439,476.23054367493216,0.022772479554727616,10.0
7440,476.23000636507646,0.022772479554727616,10.0
7441,476.22930169822547,0.022772479554727616,10.0
7442,476.2844672463256,0.022772479554727616,10.0
7443,476.31035577300906,0.022772479554727616,10.0
7444,476.3762143984705,0.022772479554727616,10.0
7445,476.46233459582606,0.022772479554727616,10.0
7446,476.50308826652576,0.022772479554727616,10.0
7447,476.5593936458639,0.022772479554727616,10.0
7448,476.5940322290381,0.022772479554727616,10.0
7449,476.65665298771967,0.022772479554727616,10.0
7450,476.69839095596217,0.022772479554727616,10.0
7451,476.92854997392027,0.022772479554727616,10.0
7452,477.54006325079007,0.022772479554727616,10.0
7453,477.8345706774527,0.022772479554727616,10.0
7454,477.91106129739956,0.022772479554727616,10.0
7455,477.9753668135619,0.022772479554727616,10.0
7456,478.06875171897303,0.022772479554727616,10.0
7457,478.1780198166844,0.022772479554727616,10.0
7458,478.25847441392335,0.022772479554727616,10.0
7459,478.3184580916103,0.022772479554727616,10.0
7460,478.37925868029464,0.022772479554727616,10.0
7461,478.45181892683837,0.022772479554727616,10.0
7462,478.48832474742443,0.022772479554727616,10.0
7463,478.52057321878823,0.022772479554727616,10.0
7464,478.5438888602364,0.022772479554727616,10.0
7465,478.56682731344694,0.022772479554727616,10.0
7466,478.6061025906938,0.022772479554727616,10.0
7467,478.63772558781477,0.022772479554727616,10.0
7468,478.6656065954115,0.022772479554727616,10.0
7469,478.70363512411024,0.022772479554727616,10.0
7470,478.7358954344732,0.022772479554727616,10.0
7471,478.8482641660941,0.022772479554727616,10.0
7472,478.9189000642781,0.022772479554727616,10.0
7473,478.9442699272411,0.022772479554727616,10.0
7474,478.96919105664676,0.022772479554727616,10.0
7475,478.98756953285255,0.022772479554727616,10.0
7476,479.5486961799051,0.022772479554727616,10.0
7477,479.98726083210505,0.022772479554727616,10.0
7478,480.5285611782471,0.022772479554727616,10.0
7479,481.14529271975067,0.022772479554727616,10.0
7480,481.5032767567914,0.022772479554727616,10.0
7481,481.65983103089417,0.022772479554727616,10.0
7482,481.79192552101506,0.022772479554727616,10.0
7483,481.88453242758857,0.022772479554727616,10.0
7484,481.97401661148723,0.022772479554727616,10.0
7485,482.0265488007341,0.022772479554727616,10.0
7486,482.08471701276204,0.022772479554727616,10.0
7487,482.1497731881397,0.022772479554727616,10.0
7488,482.18263397099554,0.022772479554727616,10.0
7489,482.21189360938297,0.022772479554727616,10.0
7490,482.2465796114147,0.022772479554727616,10.0
7491,482.2893729575077,0.022772479554727616,10.0
7492,482.3209133187146,0.022772479554727616,10.0
7493,482.3716628060876,0.022772479554727616,10.0
7494,482.40949929735683,0.022772479554727616,10.0
7495,482.50807088336876,0.022772479554727616,10.0
7496,482.57822610287917,0.022772479554727616,10.0
7497,482.96454941419825,0.022772479554727616,10.0
7498,483.4657683258298,0.022772479554727616,10.0
7499,483.8023518493902,0.022772479554727616,10.0
7500,483.97881035257126,0.022772479554727616,10.0
7501,484.0086216176506,0.022772479554727616,10.0
7502,484.0011322190998,0.022772479554727616,10.0
7503,484.02581030713503,0.022772479554727616,10.0
7504,484.0425076145606,0.022772479554727616,10.0
7505,484.0697481037992,0.022772479554727616,10.0
7506,484.1231911702755,0.022772479554727616,10.0
7507,484.164998759256,0.022772479554727616,10.0
7508,484.22790799439827,0.022772479554727616,10.0
7509,484.30811327838535,0.022772479554727616,10.0
7510,484.3498338026099,0.022772479554727616,10.0
7511,484.3862449050056,0.022772479554727616,10.0
7512,484.39658875601646,0.022772479554727616,10.0
7513,484.4097399626249,0.022772479554727616,10.0
7514,484.4527349898091,0.022772479554727616,10.0
7515,484.48824952426173,0.022772479554727616,10.0
7516,484.5612063849156,0.022772479554727616,10.0
7517,484.660770858807,0.022772479554727616,10.0
7518,484.71379373401413,0.022772479554727616,10.0
7519,484.76156166056296,0.022772479554727616,10.0
7520,484.8227325722751,0.022772479554727616,10.0
7521,484.84535567525637,0.022772479554727616,10.0
7522,484.97610057446724,0.022772479554727616,10.0
7523,485.52620286994653,0.022772479554727616,10.0
7524,485.9582911905131,0.022772479554727616,10.0
7525,486.59262743803185,0.022772479554727616,10.0
7526,487.0466354318923,0.022772479554727616,10.0
7527,487.23020203271193,0.022772479554727616,10.0
7528,487.34646552778037,0.022772479554727616,10.0
7529,487.4303203212837,0.022772479554727616,10.0
7530,487.5093741209077,0.022772479554727616,10.0
7531,487.57858912666467,0.022772479554727616,10.0
7532,487.6535666816914,0.022772479554727616,10.0
7533,487.7956807483204,0.022772479554727616,10.0
7534,487.85641066013807,0.022772479554727616,10.0
7535,487.9301063809531,0.022772479554727616,10.0
7536,487.9835545094187,0.022772479554727616,10.0
7537,488.0284666026994,0.022772479554727616,10.0
7538,488.07450766414155,0.022772479554727616,10.0
7539,488.1257031710132,0.022772479554727616,10.0
7540,488.142027007852,0.022772479554727616,10.0
7541,488.16203265127723,0.022772479554727616,10.0
7542,488.22001346352425,0.022772479554727616,10.0
7543,488.3062610996284,0.022772479554727616,10.0
7544,488.4822215290162,0.022772479554727616,10.0
7545,488.5747416535896,0.022772479554727616,10.0
7546,488.70475643499196,0.022772479554727616,10.0
7547,489.08924126106047,0.022772479554727616,10.0
7548,489.77276196537736,0.022772479554727616,10.0
7549,490.1132601052975,0.022772479554727616,10.0
7550,490.28069778335345,0.022772479554727616,10.0
7551,490.4568476804323,0.022772479554727616,10.0
7552,490.64482466547526,0.022772479554727616,10.0
7553,490.7355333840238,0.022772479554727616,10.0
7554,490.830040839019,0.022772479554727616,10.0
7555,490.9053634169837,0.022772479554727616,10.0
7556,490.9697924094014,0.022772479554727616,10.0
7557,491.04068650128517,0.022772479554727616,10.0
7558,491.10545527600283,0.022772479554727616,10.0
7559,491.14254317312856,0.022772479554727616,10.0
7560,491.17931790172577,0.022772479554727616,10.0
7561,491.203626974958,0.022772479554727616,10.0
7562,491.24454239057974,0.022772479554727616,10.0
7563,491.27972063439483,0.022772479554727616,10.0
7564,491.3125393665747,0.022772479554727616,10.0
7565,491.3549695472045,0.022772479554727616,10.0
7566,491.4265786539764,0.022772479554727616,10.0
7567,491.5060187172143,0.022772479554727616,10.0
7568,491.55917453286185,0.022772479554727616,10.0
7569,491.6215085469798,0.022772479554727616,10.0
7570,491.6586563196594,0.022772479554727616,10.0
7571,491.83045824896686,0.022772479554727616,10.0
7572,492.11104256829833,0.022772479554727616,10.0
7573,492.42009338306224,0.022772479554727616,10.0
7574,492.44392560040734,0.022772479554727616,10.0
7575,492.4779408622244,0.022772479554727616,10.0
7576,492.50417373597577,0.022772479554727616,10.0
7577,492.5544146307384,0.022772479554727616,10.0
7578,492.73362298008817,0.022772479554727616,10.0
7579,492.8150510325715,0.022772479554727616,10.0
7580,492.8867361280231,0.022772479554727616,10.0
7581,492.9542284230586,0.022772479554727616,10.0
7582,493.0114160408174,0.022772479554727616,10.0
7583,493.0503295940908,0.022772479554727616,10.0
7584,493.082403956115,0.022772479554727616,10.0
7585,493.1366432181509,0.022772479554727616,10.0
7586,493.18091482348416,0.022772479554727616,10.0
7587,493.2050718982038,0.022772479554727616,10.0
7588,493.26187203460177,0.022772479554727616,10.0
7589,493.3239069075299,0.022772479554727616,10.0
7590,493.36127803017325,0.022772479554727616,10.0
7591,493.76058797947235,0.022772479554727616,10.0
7592,493.8352191655298,0.022772479554727616,10.0
7593,493.890922918454,0.022772479554727616,10.0
7594,493.9311314483308,0.022772479554727616,10.0
7595,493.93033138068074,0.022772479554727616,10.0
7596,494.22027332406753,0.022772479554727616,10.0
7597,494.6769860053683,0.022772479554727616,10.0
7598,494.86077221091006,0.022772479554727616,10.0
7599,494.9256490096813,0.022772479554727616,10.0
7600,494.96554119669406,0.022772479554727616,10.0
7601,495.0285861582938,0.022772479554727616,10.0
7602,495.09006209817846,0.022772479554727616,10.0
7603,495.1577669659559,0.022772479554727616,10.0
7604,495.23963634261173,0.022772479554727616,10.0
7605,495.294288438861,0.022772479554727616,10.0
7606,495.3415327517724,0.022772479554727616,10.0
7607,495.3531187897198,0.022772479554727616,10.0
7608,495.3530523865248,0.022772479554727616,10.0
7609,495.3853230909318,0.022772479554727616,10.0
7610,495.46302626637333,0.022772479554727616,10.0
7611,495.5396429006151,0.022772479554727616,10.0
7612,495.626388898182,0.022772479554727616,10.0
7613,495.67157662175543,0.022772479554727616,10.0
7614,495.67571476352424,0.022772479554727616,10.0
7615,495.7328302785036,0.022772479554727616,10.0
7616,495.75017354462204,0.022772479554727616,10.0
7617,495.74854425399286,0.022772479554727616,10.0
7618,495.7453748875961,0.022772479554727616,10.0
7619,495.8998078486007,0.022772479554727616,10.0
7620,495.92253911654035,0.022772479554727616,10.0
7621,495.9188919847966,0.022772479554727616,10.0
7622,495.9062416855987,0.022772479554727616,10.0
7623,496.10870029679694,0.022772479554727616,10.0
7624,496.66063420844233,0.022772479554727616,10.0
7625,497.0782860694424,0.022772479554727616,10.0
7626,497.23195914666695,0.022772479554727616,10.0
7627,497.3375725632412,0.022772479554727616,10.0
7628,497.43807530925176,0.022772479554727616,10.0
7629,497.5015573532537,0.022772479554727616,10.0
7630,497.5645377570257,0.022772479554727616,10.0
7631,497.59597710003237,0.022772479554727616,10.0
7632,497.63444030738725,0.022772479554727616,10.0
7633,497.71364516159076,0.022772479554727616,10.0
7634,497.7581082714693,0.022772479554727616,10.0
7635,497.7673260084597,0.022772479554727616,10.0
7636,497.8333079194795,0.022772479554727616,10.0
7637,497.87514710497834,0.022772479554727616,10.0
7638,497.9122796827648,0.022772479554727616,10.0
7639,497.99077513262506,0.022772479554727616,10.0
7640,498.064022324354,0.022772479554727616,10.0
7641,498.1058503680683,0.022772479554727616,10.0
7642,498.12985949932096,0.022772479554727616,10.0
7643,498.16557395472654,0.022772479554727616,10.0
7644,498.1783377540283,0.022772479554727616,10.0
7645,498.17486197430867,0.022772479554727616,10.0
7646,498.1672220326411,0.022772479554727616,10.0
7647,498.275628656504,0.022772479554727616,10.0
7648,498.3291775516623,0.022772479554727616,10.0
7649,498.4083303385595,0.022772479554727616,10.0
7650,498.4264484533477,0.022772479554727616,10.0
7651,498.45539653314984,0.022772479554727616,10.0
7652,498.477027848454,0.022772479554727616,10.0
7653,498.4818805933147,0.022772479554727616,10.0
7654,498.51812649004927,0.022772479554727616,10.0
7655,498.56712236020087,0.022772479554727616,10.0
7656,498.5597574881918,0.022772479554727616,10.0
7657,498.5621747980713,0.022772479554727616,10.0
7658,498.61360728705307,0.022772479554727616,10.0
7659,498.6593014960289,0.022772479554727616,10.0
7660,498.68459220133866,0.022772479554727616,10.0
7661,498.7387513618949,0.022772479554727616,10.0
7662,498.76017515677813,0.022772479554727616,10.0
7663,498.81539835526337,0.022772479554727616,10.0
7664,498.8573235216456,0.022772479554727616,10.0
7665,499.4263860217757,0.022772479554727616,10.0
7666,500.16841746967464,0.022772479554727616,10.0
7667,500.7998100010251,0.022772479554727616,10.0
7668,501.55679091074103,0.022772479554727616,10.0
7669,502.17210522671263,0.022772479554727616,10.0
7670,502.59001406904446,0.022772479554727616,10.0
7671,502.7528968552374,0.022772479554727616,10.0
7672,502.91032469981104,0.022772479554727616,10.0
7673,503.06453157931577,0.022772479554727616,10.0
7674,503.21669187695966,0.022772479554727616,10.0
7675,503.3102784598164,0.022772479554727616,10.0
7676,503.39998203028864,0.022772479554727616,10.0
7677,503.49931633407357,0.022772479554727616,10.0
7678,503.55668205730876,0.022772479554727616,10.0
7679,503.59976302943704,0.022772479554727616,10.0
7680,503.66777103923954,0.022772479554727616,10.0
7681,503.726484304291,0.022772479554727616,10.0
7682,503.76260838191854,0.022772479554727616,10.0
7683,503.7802481703514,0.022772479554727616,10.0
7684,503.82542817432926,0.022772479554727616,10.0
7685,503.88165358472367,0.022772479554727616,10.0
7686,503.9607544592674,0.022772479554727616,10.0
7687,504.0683406730343,0.022772479554727616,10.0
7688,504.1050636332081,0.022772479554727616,10.0
7689,504.1554017558917,0.022772479554727616,10.0
7690,504.1536210136558,0.022772479554727616,10.0
7691,504.1436849731535,0.022772479554727616,10.0
7692,504.12734441744533,0.022772479554727616,10.0
7693,504.12414341073304,0.022772479554727616,10.0
7694,504.10752499102324,0.022772479554727616,10.0
7695,504.1201453950583,0.022772479554727616,10.0
7696,504.14659585474675,0.022772479554727616,10.0
7697,504.1836655293388,0.022772479554727616,10.0
7698,504.2211876029511,0.022772479554727616,10.0
7699,504.261605138276,0.022772479554727616,10.0
7700,504.307495403496,0.022772479554727616,10.0
7701,504.3441291092452,0.022772479554727616,10.0
7702,504.37961650509794,0.022772479554727616,10.0
7703,504.42102061179236,0.022772479554727616,10.0
7704,504.47113381478897,0.022772479554727616,10.0
7705,504.49713689456837,0.022772479554727616,10.0
7706,504.53240673737923,0.022772479554727616,10.0
7707,504.5515686772277,0.022772479554727616,10.0
7708,504.59638809018753,0.022772479554727616,10.0
7709,504.65432990595895,0.022772479554727616,10.0
7710,504.68104932378833,0.022772479554727616,10.0
7711,504.7534661011545,0.022772479554727616,10.0
7712,504.857009367276,0.022772479554727616,10.0
7713,504.90373135446066,0.022772479554727616,10.0
7714,504.93417000313997,0.022772479554727616,10.0
7715,505.00086646589915,0.022772479554727616,10.0
7716,505.0655935682905,0.022772479554727616,10.0
7717,505.12915343597626,0.022772479554727616,10.0
7718,505.16004871271576,0.022772479554727616,10.0
7719,505.21546258208394,0.022772479554727616,10.0
7720,505.326412937166,0.022772479554727616,10.0
7721,505.3927547979969,0.022772479554727616,10.0
7722,505.48693559950937,0.022772479554727616,10.0
7723,505.6257461396751,0.022772479554727616,10.0
7724,505.7485261509224,0.022772479554727616,10.0
7725,505.8315217188686,0.022772479554727616,10.0
7726,505.8919180916077,0.022772479554727616,10.0
7727,505.9535806154479,0.022772479554727616,10.0
7728,505.96880090941045,0.022772479554727616,10.0
7729,505.99940746211,0.022772479554727616,10.0
7730,506.0688397881518,0.022772479554727616,10.0
7731,506.1086138914303,0.022772479554727616,10.0
7732,506.1301502476218,0.022772479554727616,10.0
7733,506.1658352579315,0.022772479554727616,10.0
7734,506.1784746502251,0.022772479554727616,10.0
7735,506.26387809243346,0.022772479554727616,10.0
7736,506.3172165704351,0.022772479554727616,10.0
7737,506.38087316262465,0.022772479554727616,10.0
7738,506.40540867122206,0.022772479554727616,10.0
7739,506.40289648352626,0.022772479554727616,10.0
7740,506.8948129288275,0.022772479554727616,10.0
7741,507.00894970907297,0.022772479554727616,10.0
7742,507.2692306798081,0.022772479554727616,10.0
7743,507.5139240786821,0.022772479554727616,10.0
7744,508.1382069132392,0.022772479554727616,10.0
7745,508.4601099112966,0.022772479554727616,10.0
7746,508.68378305449187,0.022772479554727616,10.0
7747,509.0534692209784,0.022772479554727616,10.0
7748,509.48464040653437,0.022772479554727616,10.0
7749,510.1892267362429,0.022772479554727616,10.0
7750,510.9091416365262,0.022772479554727616,10.0
7751,511.62612619114435,0.022772479554727616,10.0
7752,512.3382630319292,0.022772479554727616,10.0
7753,512.9392815690252,0.022772479554727616,10.0
7754,513.1716173650071,0.022772479554727616,10.0
7755,513.2662987495233,0.022772479554727616,10.0
7756,513.3506289590563,0.022772479554727616,10.0
7757,513.4374907935259,0.022772479554727616,10.0
7758,513.4570060689801,0.022772479554727616,10.0
7759,513.5671128019728,0.022772479554727616,10.0
7760,513.6466627150247,0.022772479554727616,10.0
7761,513.7415168222186,0.022772479554727616,10.0
7762,513.9648525311322,0.022772479554727616,10.0
7763,514.5717009591713,0.022772479554727616,10.0
7764,514.6360794668706,0.022772479554727616,10.0
7765,514.668529599112,0.022772479554727616,10.0
7766,514.6675144252821,0.022772479554727616,10.0
7767,514.7591026647732,0.022772479554727616,10.0
7768,514.8573073868221,0.022772479554727616,10.0
7769,514.9513219012762,0.022772479554727616,10.0
7770,515.1066144235263,0.022772479554727616,10.0
7771,515.210335126484,0.022772479554727616,10.0
7772,515.4071256935898,0.022772479554727616,10.0
7773,515.4793815825724,0.022772479554727616,10.0
7774,515.5315204889362,0.022772479554727616,10.0
7775,515.5957262763617,0.022772479554727616,10.0
7776,515.6037307182115,0.022772479554727616,10.0
7777,515.5902135198763,0.022772479554727616,10.0
7778,515.5866993283724,0.022772479554727616,10.0
7779,515.6078967440646,0.022772479554727616,10.0
7780,515.6320553879979,0.022772479554727616,10.0
7781,515.671098341334,0.022772479554727616,10.0
7782,515.7501096356999,0.022772479554727616,10.0
7783,516.3309774372582,0.022772479554727616,10.0
7784,516.8898431396005,0.022772479554727616,10.0
7785,517.527856508545,0.022772479554727616,10.0
7786,518.2134358999539,0.022772479554727616,10.0
7787,518.5772124563223,0.022772479554727616,10.0
7788,518.7658354418629,0.022772479554727616,10.0
7789,518.8132887385235,0.022772479554727616,10.0
7790,518.8804497542019,0.022772479554727616,10.0
7791,518.9925385893205,0.022772479554727616,10.0
7792,519.1207943574246,0.022772479554727616,10.0
7793,519.2112796914032,0.022772479554727616,10.0
7794,519.3142892878777,0.022772479554727616,10.0
7795,519.3960476776674,0.022772479554727616,10.0
7796,519.4523424211422,0.022772479554727616,10.0
7797,519.502860560276,0.022772479554727616,10.0
7798,519.5634130417329,0.022772479554727616,10.0
7799,519.5792567785588,0.022772479554727616,10.0
7800,519.5774460730539,0.022772479554727616,10.0
7801,519.640363131102,0.022772479554727616,10.0
7802,519.7156680349457,0.022772479554727616,10.0
7803,519.7890049523332,0.022772479554727616,10.0
7804,519.8499063018668,0.022772479554727616,10.0
7805,519.8882389986561,0.022772479554727616,10.0
7806,519.9569689239863,0.022772479554727616,10.0
7807,520.0191953552288,0.022772479554727616,10.0
7808,520.072206457227,0.022772479554727616,10.0
7809,520.2062277841927,0.022772479554727616,10.0
7810,520.6684548142046,0.022772479554727616,10.0
7811,521.186184833181,0.022772479554727616,10.0
7812,521.6693697814012,0.022772479554727616,10.0
7813,521.964546881505,0.022772479554727616,10.0
7814,522.014369287072,0.022772479554727616,10.0
7815,522.1550925524542,0.022772479554727616,10.0
7816,522.2892106810963,0.022772479554727616,10.0
7817,522.4170712334187,0.022772479554727616,10.0
7818,522.5409508632032,0.022772479554727616,10.0
7819,522.6772952376573,0.022772479554727616,10.0
7820,522.7654506718737,0.022772479554727616,10.0
7821,522.8615083950982,0.022772479554727616,10.0
7822,522.9397903810777,0.022772479554727616,10.0
7823,522.967187375197,0.022772479554727616,10.0
7824,522.9885512636089,0.022772479554727616,10.0
7825,523.0726994083859,0.022772479554727616,10.0
7826,523.1387406612026,0.022772479554727616,10.0
7827,523.1571775396651,0.022772479554727616,10.0
7828,523.2102828393075,0.022772479554727616,10.0
7829,523.2712246877385,0.022772479554727616,10.0
7830,523.326300854048,0.022772479554727616,10.0
7831,523.4372016201269,0.022772479554727616,10.0
7832,523.5466169578783,0.022772479554727616,10.0
7833,523.7960040572526,0.022772479554727616,10.0
7834,524.376657377131,0.022772479554727616,10.0
7835,524.7443470799504,0.022772479554727616,10.0
7836,524.9024694182525,0.022772479554727616,10.0
7837,524.9610468619649,0.022772479554727616,10.0
7838,524.9726738693241,0.022772479554727616,10.0
7839,525.0212255980022,0.022772479554727616,10.0
7840,525.1480967598337,0.022772479554727616,10.0
7841,525.2704162599539,0.022772479554727616,10.0
7842,525.3296667107661,0.022772479554727616,10.0
7843,525.3933634222751,0.022772479554727616,10.0
7844,525.4776469153851,0.022772479554727616,10.0
7845,525.5453605087397,0.022772479554727616,10.0
7846,525.6048571630661,0.022772479554727616,10.0
7847,525.6366337925704,0.022772479554727616,10.0
7848,525.6492248161073,0.022772479554727616,10.0
7849,525.6682773930255,0.022772479554727616,10.0
7850,525.7276037630844,0.022772479554727616,10.0
7851,525.7828403379259,0.022772479554727616,10.0
7852,525.8501667850321,0.022772479554727616,10.0
7853,525.9061621861688,0.022772479554727616,10.0
7854,525.9559639873502,0.022772479554727616,10.0
7855,526.0361021649064,0.022772479554727616,10.0
7856,526.1781946197096,0.022772479554727616,10.0
7857,526.740688825258,0.022772479554727616,10.0
7858,527.3433180386131,0.022772479554727616,10.0
7859,527.6016076297053,0.022772479554727616,10.0
7860,527.6769375890882,0.022772479554727616,10.0
7861,527.7356035549237,0.022772479554727616,10.0
7862,527.7826130511953,0.022772479554727616,10.0
7863,527.8803308024226,0.022772479554727616,10.0
7864,528.0058185677362,0.022772479554727616,10.0
7865,528.1539086216986,0.022772479554727616,10.0
7866,528.3043089711229,0.022772479554727616,10.0
7867,528.4350996569983,0.022772479554727616,10.0
7868,528.5927025440117,0.022772479554727616,10.0
7869,528.712572341886,0.022772479554727616,10.0
7870,528.8268761172129,0.022772479554727616,10.0
7871,528.9227002146652,0.022772479554727616,10.0
7872,529.0169148381243,0.022772479554727616,10.0
7873,529.0500786231636,0.022772479554727616,10.0
7874,529.093846518814,0.022772479554727616,10.0
7875,529.1430852143549,0.022772479554727616,10.0
7876,529.2369612512239,0.022772479554727616,10.0
7877,529.3224351518952,0.022772479554727616,10.0
7878,529.3855375090106,0.022772479554727616,10.0
7879,529.460840123858,0.022772479554727616,10.0
7880,529.5049469491777,0.022772479554727616,10.0
7881,529.5852368015495,0.022772479554727616,10.0
7882,529.5975111746179,0.022772479554727616,10.0
7883,529.5949267662172,0.022772479554727616,10.0
7884,529.978077040107,0.022772479554727616,10.0
7885,530.0843947036111,0.022772479554727616,10.0
7886,530.1696020077806,0.022772479554727616,10.0
7887,530.3231601935246,0.022772479554727616,10.0
7888,530.4802190856616,0.022772479554727616,10.0
7889,530.5935659448754,0.022772479554727616,10.0
7890,530.7251886978187,0.022772479554727616,10.0
7891,530.8347334434828,0.022772479554727616,10.0
7892,530.9355184565931,0.022772479554727616,10.0
7893,531.0492080617686,0.022772479554727616,10.0
7894,531.159682456933,0.022772479554727616,10.0
7895,531.2186103049411,0.022772479554727616,10.0
7896,531.3048892127728,0.022772479554727616,10.0
7897,531.3414522631957,0.022772479554727616,10.0
7898,531.3572346249362,0.022772479554727616,10.0
7899,531.3895219471626,0.022772479554727616,10.0
7900,531.4448292477396,0.022772479554727616,10.0
7901,531.5198877087382,0.022772479554727616,10.0
7902,531.5429225107038,0.022772479554727616,10.0
7903,531.6566220105549,0.022772479554727616,10.0
7904,531.7160706158845,0.022772479554727616,10.0
7905,531.76976642057,0.022772479554727616,10.0
7906,531.8141652323968,0.022772479554727616,10.0
7907,531.9267111038866,0.022772479554727616,10.0
7908,532.0941171373589,0.022772479554727616,10.0
7909,532.6239910388086,0.022772479554727616,10.0
7910,533.1610482443934,0.022772479554727616,10.0
7911,533.7444249482934,0.022772479554727616,10.0
7912,534.0315064801449,0.022772479554727616,10.0
7913,534.2472854169255,0.022772479554727616,10.0
7914,534.4025719895855,0.022772479554727616,10.0
7915,534.6018483426517,0.022772479554727616,10.0
7916,534.7765129305131,0.022772479554727616,10.0
7917,534.9103510339901,0.022772479554727616,10.0
7918,535.0115972055819,0.022772479554727616,10.0
7919,535.0617774812556,0.022772479554727616,10.0
7920,535.1009021907734,0.022772479554727616,10.0
7921,535.1832275361996,0.022772479554727616,10.0
7922,535.224030795673,0.022772479554727616,10.0
7923,535.2324312141462,0.022772479554727616,10.0
7924,535.2749662347242,0.022772479554727616,10.0
7925,535.3226244476746,0.022772479554727616,10.0
7926,535.3626919941865,0.022772479554727616,10.0
7927,535.4458260193408,0.022772479554727616,10.0
7928,535.5602296075168,0.022772479554727616,10.0
7929,535.7038602792383,0.022772479554727616,10.0
7930,535.8237526472957,0.022772479554727616,10.0
7931,535.8587278997542,0.022772479554727616,10.0
7932,535.9578625924213,0.022772479554727616,10.0
7933,535.971193671055,0.022772479554727616,10.0
7934,536.0282000953679,0.022772479554727616,10.0
7935,536.1920101110754,0.022772479554727616,10.0
7936,536.3287789262948,0.022772479554727616,10.0
7937,536.4818539695362,0.022772479554727616,10.0
7938,536.6119144094187,0.022772479554727616,10.0
7939,536.729957214457,0.022772479554727616,10.0
7940,536.882638993536,0.022772479554727616,10.0
7941,536.9575761154508,0.022772479554727616,10.0
7942,537.0281943236992,0.022772479554727616,10.0
7943,537.0754455162675,0.022772479554727616,10.0
7944,537.1254041824499,0.022772479554727616,10.0
7945,537.1961947311676,0.022772479554727616,10.0
7946,537.2291532606562,0.022772479554727616,10.0
7947,537.2394382892171,0.022772479554727616,10.0
7948,537.2869018297538,0.022772479554727616,10.0
7949,537.3128106657518,0.022772479554727616,10.0
7950,537.335500983112,0.022772479554727616,10.0
7951,537.4180589568908,0.022772479554727616,10.0
7952,537.4980184445369,0.022772479554727616,10.0
7953,537.6389930056733,0.022772479554727616,10.0
7954,537.6992485113549,0.022772479554727616,10.0
7955,537.8333306919565,0.022772479554727616,10.0
7956,537.879312043572,0.022772479554727616,10.0
7957,537.9153381600672,0.022772479554727616,10.0
7958,538.0430066313958,0.022772479554727616,10.0
7959,538.2362271890394,0.022772479554727616,10.0
7960,538.4236371971089,0.022772479554727616,10.0
7961,538.5978674151089,0.022772479554727616,10.0
7962,538.7624576123799,0.022772479554727616,10.0
7963,538.9107576998241,0.022772479554727616,10.0
7964,539.0381106025693,0.022772479554727616,10.0
7965,539.1420633403708,0.022772479554727616,10.0
7966,539.2142340256116,0.022772479554727616,10.0
7967,539.2486166354673,0.022772479554727616,10.0
7968,539.3083676638664,0.022772479554727616,10.0
7969,539.3640519300774,0.022772479554727616,10.0
7970,539.4069480124873,0.022772479554727616,10.0
7971,539.44598532999,0.022772479554727616,10.0
7972,539.4632608245361,0.022772479554727616,10.0
7973,539.4984836688334,0.022772479554727616,10.0
7974,539.5224298647697,0.022772479554727616,10.0
7975,539.581775889873,0.022772479554727616,10.0
7976,539.7039728592187,0.022772479554727616,10.0
7977,539.8386571855984,0.022772479554727616,10.0
7978,539.9136201177172,0.022772479554727616,10.0
7979,539.9695958602317,0.022772479554727616,10.0
7980,540.0136528772928,0.022772479554727616,10.0
7981,540.152833103128,0.022772479554727616,10.0
7982,540.3015784026957,0.022772479554727616,10.0
7983,540.4868242273552,0.022772479554727616,10.0
7984,540.6410308097038,0.022772479554727616,10.0
7985,540.7731936897866,0.022772479554727616,10.0
7986,540.9064798878288,0.022772479554727616,10.0
7987,541.0029217019359,0.022772479554727616,10.0
7988,541.0930494924892,0.022772479554727616,10.0
7989,541.1688482510484,0.022772479554727616,10.0
7990,541.2294256817902,0.022772479554727616,10.0
7991,541.2856335567919,0.022772479554727616,10.0
7992,541.3200792128728,0.022772479554727616,10.0
7993,541.3917846334771,0.022772479554727616,10.0
7994,541.4423582194598,0.022772479554727616,10.0
7995,541.4639280662745,0.022772479554727616,10.0
7996,541.4790184593652,0.022772479554727616,10.0
7997,541.4879823830029,0.022772479554727616,10.0
7998,541.5303889209199,0.022772479554727616,10.0
7999,541.6086088268914,0.022772479554727616,10.0
8000,541.7652060111122,0.022772479554727616,10.0
8001,541.8523496121251,0.022772479554727616,10.0
8002,541.9465733849808,0.022772479554727616,10.0
8003,542.0562290563395,0.022772479554727616,10.0
8004,542.1732657124971,0.022772479554727616,10.0
8005,542.3057820117237,0.022772479554727616,10.0
8006,542.4242014428505,0.022772479554727616,10.0
8007,542.5438225270159,0.022772479554727616,10.0
8008,542.6682515907758,0.022772479554727616,10.0
8009,542.8622502500314,0.022772479554727616,10.0
8010,542.9878041831971,0.022772479554727616,10.0
8011,543.1276573084226,0.022772479554727616,10.0
8012,543.24888801271,0.022772479554727616,10.0
8013,543.3718623233582,0.022772479554727616,10.0
8014,543.474156687099,0.022772479554727616,10.0
8015,543.5828478546606,0.022772479554727616,10.0
8016,543.6040996499955,0.022772479554727616,10.0
8017,543.6826229457789,0.022772479554727616,10.0
8018,543.7623636116493,0.022772479554727616,10.0
8019,543.8152597789032,0.022772479554727616,10.0
8020,543.8857255808113,0.022772479554727616,10.0
8021,543.9584075838104,0.022772479554727616,10.0
8022,544.0345507252829,0.022772479554727616,10.0
8023,544.1287013898851,0.022772479554727616,10.0
8024,544.2746203481164,0.022772479554727616,10.0
8025,544.3495355080562,0.022772479554727616,10.0
8026,544.5129675626154,0.022772479554727616,10.0
8027,544.7103647118199,0.022772479554727616,10.0
8028,544.891035660634,0.022772479554727616,10.0
8029,545.0746982309483,0.022772479554727616,10.0
8030,545.2275695562134,0.022772479554727616,10.0
8031,545.3372151369966,0.022772479554727616,10.0
8032,545.4923606487577,0.022772479554727616,10.0
8033,545.6438217941519,0.022772479554727616,10.0
8034,545.929806010921,0.022772479554727616,10.0
8035,546.0846266063398,0.022772479554727616,10.0
8036,546.2519348442557,0.022772479554727616,10.0
8037,546.3836125655769,0.022772479554727616,10.0
8038,546.4830267952659,0.022772479554727616,10.0
8039,546.5459893994379,0.022772479554727616,10.0
8040,546.5974081012868,0.022772479554727616,10.0
8041,546.6340332704292,0.022772479554727616,10.0
8042,546.6575547031492,0.022772479554727616,10.0
8043,546.6786765030207,0.022772479554727616,10.0
8044,546.7072535332812,0.022772479554727616,10.0
8045,546.7509823993291,0.022772479554727616,10.0
8046,546.8090722720278,0.022772479554727616,10.0
8047,546.8929364344443,0.022772479554727616,10.0
8048,547.0897213045189,0.022772479554727616,10.0
8049,547.2834492248737,0.022772479554727616,10.0
8050,547.4610519455316,0.022772479554727616,10.0
8051,547.6144163285206,0.022772479554727616,10.0
8052,547.8399698729539,0.022772479554727616,10.0
8053,548.1992629737316,0.022772479554727616,10.0
8054,548.8239632249337,0.022772479554727616,10.0
8055,549.4962479279562,0.022772479554727616,10.0
8056,550.2595643175064,0.022772479554727616,10.0
8057,551.0451029080195,0.022772479554727616,10.0
8058,551.4961524480086,0.022772479554727616,10.0
8059,551.7455128508275,0.022772479554727616,10.0
8060,551.9111576468346,0.022772479554727616,10.0
8061,552.0573730559873,0.022772479554727616,10.0
8062,552.1701010868273,0.022772479554727616,10.0
8063,552.2429338962735,0.022772479554727616,10.0
8064,552.317456643035,0.022772479554727616,10.0
8065,552.3802191051711,0.022772479554727616,10.0
8066,552.426336557043,0.022772479554727616,10.0
8067,552.4693286738133,0.022772479554727616,10.0
8068,552.520459011995,0.022772479554727616,10.0
8069,552.5491172023267,0.022772479554727616,10.0
8070,552.5877588818116,0.022772479554727616,10.0
8071,552.7041836005571,0.022772479554727616,10.0
8072,552.7961009921478,0.022772479554727616,10.0
8073,552.8574323129851,0.022772479554727616,10.0
8074,552.9994493303246,0.022772479554727616,10.0
8075,553.1423074627991,0.022772479554727616,10.0
8076,553.4578067817332,0.022772479554727616,10.0
8077,554.0774159863345,0.022772479554727616,10.0
8078,554.2592685308246,0.022772479554727616,10.0
8079,554.3453774391659,0.022772479554727616,10.0
8080,554.4940919565558,0.022772479554727616,10.0
8081,554.6492967277055,0.022772479554727616,10.0
8082,554.795990989028,0.022772479554727616,10.0
8083,554.8859383076384,0.022772479554727616,10.0
8084,554.9735196173349,0.022772479554727616,10.0
8085,555.0662159720289,0.022772479554727616,10.0
8086,555.1565815314805,0.022772479554727616,10.0
8087,555.2051149073094,0.022772479554727616,10.0
8088,555.275036917929,0.022772479554727616,10.0
8089,555.3415992306293,0.022772479554727616,10.0
8090,555.4218043629645,0.022772479554727616,10.0
8091,555.5581367918718,0.022772479554727616,10.0
8092,555.6745400224124,0.022772479554727616,10.0
8093,555.7970293400509,0.022772479554727616,10.0
8094,555.8946434696004,0.022772479554727616,10.0
8095,556.0705749183708,0.022772479554727616,10.0
8096,556.2474493903134,0.022772479554727616,10.0
8097,556.3905101703618,0.022772479554727616,10.0
8098,556.5186762053003,0.022772479554727616,10.0
8099,556.6653518927865,0.022772479554727616,10.0
8100,556.8273639779317,0.022772479554727616,10.0
8101,556.9588361502276,0.022772479554727616,10.0
8102,557.0561139980305,0.022772479554727616,10.0
8103,557.202908909437,0.022772479554727616,10.0
8104,557.3711734414634,0.022772479554727616,10.0
8105,557.5314131004021,0.022772479554727616,10.0
8106,557.6828221056347,0.022772479554727616,10.0
8107,557.8464698710023,0.022772479554727616,10.0
8108,558.0566288681639,0.022772479554727616,10.0
8109,558.2824459963713,0.022772479554727616,10.0
8110,558.4407657199397,0.022772479554727616,10.0
8111,558.6323684450911,0.022772479554727616,10.0
8112,558.6893646616248,0.022772479554727616,10.0
8113,558.744731290876,0.022772479554727616,10.0
8114,558.7762783276611,0.022772479554727616,10.0
8115,558.8023620418891,0.022772479554727616,10.0
8116,558.8335230494151,0.022772479554727616,10.0
8117,558.863847724077,0.022772479554727616,10.0
8118,558.9021727584002,0.022772479554727616,10.0
8119,559.0151290328938,0.022772479554727616,10.0
8120,559.2765460752036,0.022772479554727616,10.0
8121,559.9016986468926,0.022772479554727616,10.0
8122,560.6248749372224,0.022772479554727616,10.0
8123,561.3046168050213,0.022772479554727616,10.0
8124,561.7194793709529,0.022772479554727616,10.0
8125,561.9213884047789,0.022772479554727616,10.0
8126,562.086544661373,0.022772479554727616,10.0
8127,562.3299877451531,0.022772479554727616,10.0
8128,562.5279159294582,0.022772479554727616,10.0
8129,562.6473469660968,0.022772479554727616,10.0
8130,562.8124091224133,0.022772479554727616,10.0
8131,562.993277620809,0.022772479554727616,10.0
8132,563.1371719743369,0.022772479554727616,10.0
8133,563.2624968987469,0.022772479554727616,10.0
8134,563.3887955693165,0.022772479554727616,10.0
8135,563.4768322344044,0.022772479554727616,10.0
8136,563.4988885350277,0.022772479554727616,10.0
8137,563.5180068549192,0.022772479554727616,10.0
8138,563.5397819197967,0.022772479554727616,10.0
8139,563.5864776427269,0.022772479554727616,10.0
8140,563.6429546563105,0.022772479554727616,10.0
8141,563.7070379944012,0.022772479554727616,10.0
8142,563.7753002752398,0.022772479554727616,10.0
8143,563.859163289358,0.022772479554727616,10.0
8144,564.0449453224907,0.022772479554727616,10.0
8145,564.1416251622445,0.022772479554727616,10.0
8146,564.1721343354167,0.022772479554727616,10.0
8147,564.4904600547438,0.022772479554727616,10.0
8148,565.0866348059516,0.022772479554727616,10.0
8149,565.2126755029856,0.022772479554727616,10.0
8150,565.2218052222067,0.022772479554727616,10.0
8151,565.305024728668,0.022772479554727616,10.0
8152,565.3910927948856,0.022772479554727616,10.0
8153,565.5722396075298,0.022772479554727616,10.0
8154,565.7571598942229,0.022772479554727616,10.0
8155,565.8961987793203,0.022772479554727616,10.0
8156,566.0036127496064,0.022772479554727616,10.0
8157,566.1404741099873,0.022772479554727616,10.0
8158,566.2576240848391,0.022772479554727616,10.0
8159,566.4066268502178,0.022772479554727616,10.0
8160,566.4668255565979,0.022772479554727616,10.0
8161,566.5219004834253,0.022772479554727616,10.0
8162,566.59152675811,0.022772479554727616,10.0
8163,566.6410827188271,0.022772479554727616,10.0
8164,566.7120130554671,0.022772479554727616,10.0
8165,566.7665218358926,0.022772479554727616,10.0
8166,566.8475069174029,0.022772479554727616,10.0
8167,566.9678270256286,0.022772479554727616,10.0
8168,567.1530793334125,0.022772479554727616,10.0
8169,567.2213088919013,0.022772479554727616,10.0
8170,567.3521160081636,0.022772479554727616,10.0
8171,567.3972716081665,0.022772479554727616,10.0
8172,567.4747428233221,0.022772479554727616,10.0
8173,567.47552626039,0.022772479554727616,10.0
8174,567.5142411760133,0.022772479554727616,10.0
8175,567.6389699625887,0.022772479554727616,10.0
8176,567.7497866204841,0.022772479554727616,10.0
8177,567.8693216841383,0.022772479554727616,10.0
8178,567.9464733595141,0.022772479554727616,10.0
8179,568.0474061679287,0.022772479554727616,10.0
8180,568.1278787538221,0.022772479554727616,10.0
8181,568.220825480827,0.022772479554727616,10.0
8182,568.330058396617,0.022772479554727616,10.0
8183,568.3956184846647,0.022772479554727616,10.0
8184,568.4540867639391,0.022772479554727616,10.0
8185,568.513612524493,0.022772479554727616,10.0
8186,568.5809705178482,0.022772479554727616,10.0
8187,568.6638288753918,0.022772479554727616,10.0
8188,568.7485061190317,0.022772479554727616,10.0
8189,568.8403410474045,0.022772479554727616,10.0
8190,568.9349642656774,0.022772479554727616,10.0
8191,569.0985645913697,0.022772479554727616,10.0
8192,569.2402067860888,0.022772479554727616,10.0
8193,569.3122771657879,0.022772479554727616,10.0
8194,569.385396900375,0.022772479554727616,10.0
8195,569.4806659969092,0.022772479554727616,10.0
8196,569.5469962569479,0.022772479554727616,10.0
8197,569.6442471934299,0.022772479554727616,10.0
8198,570.0080700796815,0.022772479554727616,10.0
8199,570.2633089213697,0.022772479554727616,10.0
8200,570.3724298049647,0.022772479554727616,10.0
8201,570.4768913688988,0.022772479554727616,10.0
8202,570.5955778287547,0.022772479554727616,10.0
8203,570.6964221817889,0.022772479554727616,10.0
8204,570.8060664958341,0.022772479554727616,10.0
8205,570.9216644777755,0.022772479554727616,10.0
8206,571.0450244987248,0.022772479554727616,10.0
8207,571.1309934156052,0.022772479554727616,10.0
8208,571.2170820031449,0.022772479554727616,10.0
8209,571.2928959852767,0.022772479554727616,10.0
8210,571.3594080576768,0.022772479554727616,10.0
8211,571.4115749712756,0.022772479554727616,10.0
8212,571.4768257072869,0.022772479554727616,10.0
8213,571.551509100172,0.022772479554727616,10.0
8214,571.6468745559278,0.022772479554727616,10.0
8215,571.8509530638919,0.022772479554727616,10.0
8216,572.0232261444278,0.022772479554727616,10.0
8217,572.1729444032853,0.022772479554727616,10.0
8218,572.2884767121511,0.022772479554727616,10.0
8219,572.3817566832228,0.022772479554727616,10.0
8220,572.8949002221553,0.022772479554727616,10.0
8221,573.7055221884484,0.022772479554727616,10.0
8222,573.9975525631362,0.022772479554727616,10.0
8223,574.1193920494499,0.022772479554727616,10.0
8224,574.2698810111497,0.022772479554727616,10.0
8225,574.390005786928,0.022772479554727616,10.0
8226,574.5042144921664,0.022772479554727616,10.0
8227,574.5952600073385,0.022772479554727616,10.0
8228,574.7317495773628,0.022772479554727616,10.0
8229,574.8597565886207,0.022772479554727616,10.0
8230,574.9964796508469,0.022772479554727616,10.0
8231,575.0885518802705,0.022772479554727616,10.0
8232,575.1533918563184,0.022772479554727616,10.0
8233,575.2201127176166,0.022772479554727616,10.0
8234,575.279982514967,0.022772479554727616,10.0
8235,575.3357657908659,0.022772479554727616,10.0
8236,575.4181769680126,0.022772479554727616,10.0
8237,575.4692026423069,0.022772479554727616,10.0
8238,575.5215820081406,0.022772479554727616,10.0
8239,575.6727357273419,0.022772479554727616,10.0
8240,575.827921676743,0.022772479554727616,10.0
8241,576.0068758573616,0.022772479554727616,10.0
8242,576.2275191371992,0.022772479554727616,10.0
8243,576.9917836010965,0.022772479554727616,10.0
8244,577.6050831076547,0.022772479554727616,10.0
8245,577.977982291408,0.022772479554727616,10.0
8246,578.1441956212449,0.022772479554727616,10.0
8247,578.2381440041287,0.022772479554727616,10.0
8248,578.3583127508282,0.022772479554727616,10.0
8249,578.4721222866453,0.022772479554727616,10.0
8250,578.5973023398705,0.022772479554727616,10.0
8251,578.6894140938882,0.022772479554727616,10.0
8252,578.7806432929034,0.022772479554727616,10.0
8253,578.9684768564657,0.022772479554727616,10.0
8254,579.0758519398919,0.022772479554727616,10.0
8255,579.1458209660026,0.022772479554727616,10.0
8256,579.2201918101705,0.022772479554727616,10.0
8257,579.2708428746954,0.022772479554727616,10.0
8258,579.3221787674821,0.022772479554727616,10.0
8259,579.3642751951129,0.022772479554727616,10.0
8260,579.4108979739304,0.022772479554727616,10.0
8261,579.5006886502183,0.022772479554727616,10.0
8262,579.6324713083353,0.022772479554727616,10.0
8263,579.7786925343215,0.022772479554727616,10.0
8264,579.921286411962,0.022772479554727616,10.0
8265,580.4401867929856,0.022772479554727616,10.0
8266,581.0972149013843,0.022772479554727616,10.0
8267,581.7539307714272,0.022772479554727616,10.0
8268,582.3945000224757,0.022772479554727616,10.0
8269,583.0499132598821,0.022772479554727616,10.0
8270,583.4816119435903,0.022772479554727616,10.0
8271,583.662847682583,0.022772479554727616,10.0
8272,583.8142055863069,0.022772479554727616,10.0
8273,583.9181626068372,0.022772479554727616,10.0
8274,584.0318681910481,0.022772479554727616,10.0
8275,584.1165903625049,0.022772479554727616,10.0
8276,584.2198119923162,0.022772479554727616,10.0
8277,584.3367065474049,0.022772479554727616,10.0
8278,584.4642056230218,0.022772479554727616,10.0
8279,584.5580848646536,0.022772479554727616,10.0
8280,584.6141926324342,0.022772479554727616,10.0
8281,584.6709026710572,0.022772479554727616,10.0
8282,584.7455546431738,0.022772479554727616,10.0
8283,584.7896402017715,0.022772479554727616,10.0
8284,584.8905715052173,0.022772479554727616,10.0
8285,584.999659260266,0.022772479554727616,10.0
8286,585.1176469050328,0.022772479554727616,10.0
8287,585.2576265906758,0.022772479554727616,10.0
8288,585.5163647995378,0.022772479554727616,10.0
8289,585.6745240640946,0.022772479554727616,10.0
8290,585.7414806059272,0.022772479554727616,10.0
8291,585.7936557323013,0.022772479554727616,10.0
8292,586.3800871103492,0.022772479554727616,10.0
8293,586.9946063580351,0.022772479554727616,10.0
8294,587.6121083527067,0.022772479554727616,10.0
8295,587.9457669250899,0.022772479554727616,10.0
8296,588.094581394155,0.022772479554727616,10.0
8297,588.2387403652302,0.022772479554727616,10.0
8298,588.3782315023574,0.022772479554727616,10.0
8299,588.5242285409786,0.022772479554727616,10.0
8300,588.6596522776584,0.022772479554727616,10.0
8301,588.7925993241505,0.022772479554727616,10.0
8302,588.9313559434984,0.022772479554727616,10.0
8303,589.0440761911934,0.022772479554727616,10.0
8304,589.1150434444625,0.022772479554727616,10.0
8305,589.1787069748865,0.022772479554727616,10.0
8306,589.2461996027757,0.022772479554727616,10.0
8307,589.2994573602733,0.022772479554727616,10.0
8308,589.3619365362099,0.022772479554727616,10.0
8309,589.4419749722521,0.022772479554727616,10.0
8310,589.5268534860916,0.022772479554727616,10.0
8311,589.6919058581149,0.022772479554727616,10.0
8312,589.8361809479914,0.022772479554727616,10.0
8313,589.9476391617776,0.022772479554727616,10.0
8314,590.0158980938525,0.022772479554727616,10.0
8315,590.0952960918801,0.022772479554727616,10.0
8316,590.1665347582691,0.022772479554727616,10.0
8317,590.5894132083182,0.022772479554727616,10.0
8318,591.0877360669989,0.022772479554727616,10.0
8319,591.702255953745,0.022772479554727616,10.0
8320,592.3418312982737,0.022772479554727616,10.0
8321,592.7920531335968,0.022772479554727616,10.0
8322,593.0498375623592,0.022772479554727616,10.0
8323,593.2191571851931,0.022772479554727616,10.0
8324,593.4099575774017,0.022772479554727616,10.0
8325,593.5367584310235,0.022772479554727616,10.0
8326,593.6790299165577,0.022772479554727616,10.0
8327,593.7743897577222,0.022772479554727616,10.0
8328,593.8459754011996,0.022772479554727616,10.0
8329,593.9353737853197,0.022772479554727616,10.0
8330,593.9945552625888,0.022772479554727616,10.0
8331,594.0497221028187,0.022772479554727616,10.0
8332,594.1089986099803,0.022772479554727616,10.0
8333,594.2134780336366,0.022772479554727616,10.0
8334,594.2979991387358,0.022772479554727616,10.0
8335,594.4436230549252,0.022772479554727616,10.0
8336,594.6097478793324,0.022772479554727616,10.0
8337,594.7057143050218,0.022772479554727616,10.0
8338,594.7980148534375,0.022772479554727616,10.0
8339,594.8990145851944,0.022772479554727616,10.0
8340,595.0316375080189,0.022772479554727616,10.0
8341,595.1419655536811,0.022772479554727616,10.0
8342,595.2234539438098,0.022772479554727616,10.0
8343,595.3410410098139,0.022772479554727616,10.0
8344,595.4451549175719,0.022772479554727616,10.0
8345,595.5596716703826,0.022772479554727616,10.0
8346,595.6945381864326,0.022772479554727616,10.0
8347,595.8326309410725,0.022772479554727616,10.0
8348,595.9550187534039,0.022772479554727616,10.0
8349,596.1049874617858,0.022772479554727616,10.0
8350,596.2052732110693,0.022772479554727616,10.0
8351,596.3088648960727,0.022772479554727616,10.0
8352,596.3707620750633,0.022772479554727616,10.0
8353,596.4275847311211,0.022772479554727616,10.0
8354,596.4979567600641,0.022772479554727616,10.0
8355,596.5653990471936,0.022772479554727616,10.0
8356,596.6290601277668,0.022772479554727616,10.0
8357,596.7048222852619,0.022772479554727616,10.0
8358,596.7700593434881,0.022772479554727616,10.0
8359,596.9152136998098,0.022772479554727616,10.0
8360,597.0814486114914,0.022772479554727616,10.0
8361,597.1941922191506,0.022772479554727616,10.0
8362,597.3067337463116,0.022772479554727616,10.0
8363,597.4229842539187,0.022772479554727616,10.0
8364,597.5048390713496,0.022772479554727616,10.0
8365,597.732721548482,0.022772479554727616,10.0
8366,598.3687153187798,0.022772479554727616,10.0
8367,598.8163528034772,0.022772479554727616,10.0
8368,599.0428125777867,0.022772479554727616,10.0
8369,599.2252432790974,0.022772479554727616,10.0
8370,599.4004982595362,0.022772479554727616,10.0
8371,599.570137065055,0.022772479554727616,10.0
8372,599.7295971423978,0.022772479554727616,10.0
8373,599.9055086482649,0.022772479554727616,10.0
8374,600.0769117493686,0.022772479554727616,10.0
8375,600.1895023304077,0.022772479554727616,10.0
8376,600.3051786658664,0.022772479554727616,10.0
8377,600.4147689819202,0.022772479554727616,10.0
8378,600.5126902840899,0.022772479554727616,10.0
8379,600.5999576413853,0.022772479554727616,10.0
8380,600.6997285764853,0.022772479554727616,10.0
8381,600.7934656624476,0.022772479554727616,10.0
8382,600.9008959015811,0.022772479554727616,10.0
8383,601.0476002582294,0.022772479554727616,10.0
8384,601.2134599159248,0.022772479554727616,10.0
8385,601.4355510121898,0.022772479554727616,10.0
8386,601.5982013118469,0.022772479554727616,10.0
8387,601.7341085919029,0.022772479554727616,10.0
8388,601.8203629215157,0.022772479554727616,10.0
8389,601.927373427819,0.022772479554727616,10.0
8390,602.0329928126804,0.022772479554727616,10.0
8391,602.1274850994328,0.022772479554727616,10.0
8392,602.2065605626444,0.022772479554727616,10.0
8393,602.285037989214,0.022772479554727616,10.0
8394,602.4077550752276,0.022772479554727616,10.0
8395,602.5459744819146,0.022772479554727616,10.0
8396,602.6960218940884,0.022772479554727616,10.0
8397,602.84427381392,0.022772479554727616,10.0
8398,602.9797734508693,0.022772479554727616,10.0
8399,603.090929450476,0.022772479554727616,10.0
8400,603.1940210485265,0.022772479554727616,10.0
8401,603.2792890195616,0.022772479554727616,10.0
8402,603.3319739915036,0.022772479554727616,10.0
8403,603.4142385028138,0.022772479554727616,10.0
8404,603.4890363475831,0.022772479554727616,10.0
8405,603.5680333630762,0.022772479554727616,10.0
8406,603.674059607777,0.022772479554727616,10.0
8407,603.799231780565,0.022772479554727616,10.0
8408,603.9678347953067,0.022772479554727616,10.0
8409,604.5235342276261,0.022772479554727616,10.0
8410,605.0528586217272,0.022772479554727616,10.0
8411,605.4223346774186,0.022772479554727616,10.0
8412,605.823153801891,0.022772479554727616,10.0
8413,606.0704458364598,0.022772479554727616,10.0
8414,606.2198655732769,0.022772479554727616,10.0
8415,606.3417660569844,0.022772479554727616,10.0
8416,606.4690557433006,0.022772479554727616,10.0
8417,606.5926196576642,0.022772479554727616,10.0
8418,606.7202120625507,0.022772479554727616,10.0
8419,606.8181375891534,0.022772479554727616,10.0
8420,606.9368598405057,0.022772479554727616,10.0
8421,607.0455091752449,0.022772479554727616,10.0
8422,607.1088702773426,0.022772479554727616,10.0
8423,607.163359442783,0.022772479554727616,10.0
8424,607.2064431373394,0.022772479554727616,10.0
8425,607.2349058244959,0.022772479554727616,10.0
8426,607.250836599238,0.022772479554727616,10.0
8427,607.2638096625662,0.022772479554727616,10.0
8428,607.352719174205,0.022772479554727616,10.0
8429,607.4189368102326,0.022772479554727616,10.0
8430,607.4753466550088,0.022772479554727616,10.0
8431,607.5484230615427,0.022772479554727616,10.0
8432,607.635690093837,0.022772479554727616,10.0
8433,607.7641055609669,0.022772479554727616,10.0
8434,608.2211771356409,0.022772479554727616,10.0
8435,608.8059481848386,0.022772479554727616,10.0
8436,609.0273447624173,0.022772479554727616,10.0
8437,609.1024066917516,0.022772479554727616,10.0
8438,609.1563373064596,0.022772479554727616,10.0
8439,609.2201673707405,0.022772479554727616,10.0
8440,609.3150583612421,0.022772479554727616,10.0
8441,609.4605631476807,0.022772479554727616,10.0
8442,609.6064023619106,0.022772479554727616,10.0
8443,609.7389650659156,0.022772479554727616,10.0
8444,609.9071031461272,0.022772479554727616,10.0
8445,610.0358193137788,0.022772479554727616,10.0
8446,610.185506243866,0.022772479554727616,10.0
8447,610.327991302826,0.022772479554727616,10.0
8448,610.4295434970984,0.022772479554727616,10.0
8449,610.5368550872541,0.022772479554727616,10.0
8450,610.656970905926,0.022772479554727616,10.0
8451,610.7217234158016,0.022772479554727616,10.0
8452,610.7947163622073,0.022772479554727616,10.0
8453,610.9005242748619,0.022772479554727616,10.0
8454,611.0373970300388,0.022772479554727616,10.0
8455,611.1403822837437,0.022772479554727616,10.0
8456,611.2428055989947,0.022772479554727616,10.0
8457,611.4098528616395,0.022772479554727616,10.0
8458,611.59946470595,0.022772479554727616,10.0
8459,611.737385241955,0.022772479554727616,10.0
8460,611.8149441985975,0.022772479554727616,10.0
8461,611.9097563662675,0.022772479554727616,10.0
8462,611.972939574665,0.022772479554727616,10.0
8463,612.0628078343508,0.022772479554727616,10.0
8464,612.1808251952073,0.022772479554727616,10.0
8465,612.3241841587668,0.022772479554727616,10.0
8466,612.4394762104258,0.022772479554727616,10.0
8467,612.6147484010918,0.022772479554727616,10.0
8468,612.7405393185992,0.022772479554727616,10.0
8469,612.8508761189745,0.022772479554727616,10.0
8470,612.9535748432862,0.022772479554727616,10.0
8471,613.0089015070027,0.022772479554727616,10.0
8472,613.0964499603543,0.022772479554727616,10.0
8473,613.1494991844966,0.022772479554727616,10.0
8474,613.2027704146207,0.022772479554727616,10.0
8475,613.2652168962982,0.022772479554727616,10.0
8476,613.320819204707,0.022772479554727616,10.0
8477,613.3958575460106,0.022772479554727616,10.0
8478,613.476267116238,0.022772479554727616,10.0
8479,613.5907507116665,0.022772479554727616,10.0
8480,613.6801621439165,0.022772479554727616,10.0
8481,613.7989448780272,0.022772479554727616,10.0
8482,613.9809702110815,0.022772479554727616,10.0
8483,614.1056500226975,0.022772479554727616,10.0
8484,614.2328563284535,0.022772479554727616,10.0
8485,614.371230337469,0.022772479554727616,10.0
8486,614.5072739292095,0.022772479554727616,10.0
8487,614.6341302422276,0.022772479554727616,10.0
8488,614.7332474187579,0.022772479554727616,10.0
8489,614.8262249952376,0.022772479554727616,10.0
8490,614.8865859116528,0.022772479554727616,10.0
8491,614.9930295262475,0.022772479554727616,10.0
8492,615.0907601620897,0.022772479554727616,10.0
8493,615.2315354481128,0.022772479554727616,10.0
8494,615.3203931433801,0.022772479554727616,10.0
8495,615.3782502682977,0.022772479554727616,10.0
8496,615.4278598983873,0.022772479554727616,10.0
8497,615.464366209062,0.022772479554727616,10.0
8498,615.505379446759,0.022772479554727616,10.0
8499,615.5334756547087,0.022772479554727616,10.0
8500,615.5526497301398,0.022772479554727616,10.0
8501,615.587860545811,0.022772479554727616,10.0
8502,615.6196306570295,0.022772479554727616,10.0
8503,615.6952121282795,0.022772479554727616,10.0
8504,615.9024123699753,0.022772479554727616,10.0
8505,616.0897178560471,0.022772479554727616,10.0
8506,616.2025953691959,0.022772479554727616,10.0
8507,616.36979362231,0.022772479554727616,10.0
8508,616.5343204450644,0.022772479554727616,10.0
8509,616.9581496627221,0.022772479554727616,10.0
8510,617.1586128728067,0.022772479554727616,10.0
8511,617.2684200469641,0.022772479554727616,10.0
8512,617.3717772796197,0.022772479554727616,10.0
8513,617.4873247895338,0.022772479554727616,10.0
8514,617.637544850524,0.022772479554727616,10.0
8515,617.7724013373495,0.022772479554727616,10.0
8516,617.8759262257591,0.022772479554727616,10.0
8517,617.9799728660342,0.022772479554727616,10.0
8518,618.0715382054975,0.022772479554727616,10.0
8519,618.1242061563385,0.022772479554727616,10.0
8520,618.1899759138947,0.022772479554727616,10.0
8521,618.225158693614,0.022772479554727616,10.0
8522,618.2579758245777,0.022772479554727616,10.0
8523,618.2952750321124,0.022772479554727616,10.0
8524,618.3076495130981,0.022772479554727616,10.0
8525,618.3329726465493,0.022772479554727616,10.0
8526,618.34632243339,0.022772479554727616,10.0
8527,618.5703948864443,0.022772479554727616,10.0
8528,618.8754262307754,0.022772479554727616,10.0
8529,619.0176091180746,0.022772479554727616,10.0
8530,619.2469168852632,0.022772479554727616,10.0
8531,619.4725359762446,0.022772479554727616,10.0
8532,619.6259814012025,0.022772479554727616,10.0
8533,619.8975707869841,0.022772479554727616,10.0
8534,620.0108759276548,0.022772479554727616,10.0
8535,620.0875372691892,0.022772479554727616,10.0
8536,620.2357860342748,0.022772479554727616,10.0
8537,620.33461349582,0.022772479554727616,10.0
8538,620.4481982215594,0.022772479554727616,10.0
8539,620.548987288837,0.022772479554727616,10.0
8540,620.6642557544935,0.022772479554727616,10.0
8541,620.7537902088997,0.022772479554727616,10.0
8542,620.824494579214,0.022772479554727616,10.0
8543,620.8651215576523,0.022772479554727616,10.0
8544,620.9912034612375,0.022772479554727616,10.0
8545,621.1025598676752,0.022772479554727616,10.0
8546,621.221457823477,0.022772479554727616,10.0
8547,621.3409949288491,0.022772479554727616,10.0
8548,621.4307224143386,0.022772479554727616,10.0
8549,621.5184978273647,0.022772479554727616,10.0
8550,621.6385164524191,0.022772479554727616,10.0
8551,621.778421453651,0.022772479554727616,10.0
8552,621.9115793546389,0.022772479554727616,10.0
8553,622.080144236808,0.022772479554727616,10.0
8554,622.2292558633275,0.022772479554727616,10.0
8555,622.4941211096175,0.022772479554727616,10.0
8556,623.0152551464932,0.022772479554727616,10.0
8557,623.64263008303,0.022772479554727616,10.0
8558,623.9172086269214,0.022772479554727616,10.0
8559,624.0854248353005,0.022772479554727616,10.0
8560,624.2092156996373,0.022772479554727616,10.0
8561,624.3219539539475,0.022772479554727616,10.0
8562,624.468133508547,0.022772479554727616,10.0
8563,624.6267485253152,0.022772479554727616,10.0
8564,624.7857542256826,0.022772479554727616,10.0
8565,624.9444693366477,0.022772479554727616,10.0
8566,625.0952830009724,0.022772479554727616,10.0
8567,625.2227315268307,0.022772479554727616,10.0
8568,625.2860244502774,0.022772479554727616,10.0
8569,625.335317429926,0.022772479554727616,10.0
8570,625.3653609723383,0.022772479554727616,10.0
8571,625.3846254794385,0.022772479554727616,10.0
8572,625.40028049491,0.022772479554727616,10.0
8573,625.4170497851944,0.022772479554727616,10.0
8574,625.4642503467323,0.022772479554727616,10.0
8575,625.5697865890629,0.022772479554727616,10.0
8576,625.6778380803198,0.022772479554727616,10.0
8577,625.8485635736299,0.022772479554727616,10.0
8578,626.5545336013585,0.022772479554727616,10.0
8579,627.265073552579,0.022772479554727616,10.0
8580,628.1394972505342,0.022772479554727616,10.0
8581,629.1419917636345,0.022772479554727616,10.0
8582,629.8504448613103,0.022772479554727616,10.0
8583,630.2498603681935,0.022772479554727616,10.0
8584,630.523558913618,0.022772479554727616,10.0
8585,630.6952867126721,0.022772479554727616,10.0
8586,630.8905973394918,0.022772479554727616,10.0
8587,631.0091075214713,0.022772479554727616,10.0
8588,631.1485152926726,0.022772479554727616,10.0
8589,631.2525340023301,0.022772479554727616,10.0
8590,631.3422402074341,0.022772479554727616,10.0
8591,631.3944799685563,0.022772479554727616,10.0
8592,631.3927761637265,0.022772479554727616,10.0
8593,631.442930751066,0.022772479554727616,10.0
8594,631.5097772938242,0.022772479554727616,10.0
8595,631.5600716662004,0.022772479554727616,10.0
8596,631.5927631447242,0.022772479554727616,10.0
8597,631.6476548920716,0.022772479554727616,10.0
8598,631.7553057900207,0.022772479554727616,10.0
8599,631.8734027056913,0.022772479554727616,10.0
8600,631.9909168209163,0.022772479554727616,10.0
8601,632.1634209833768,0.022772479554727616,10.0
8602,632.3524866799759,0.022772479554727616,10.0
8603,632.5720385717893,0.022772479554727616,10.0
8604,632.7228734135293,0.022772479554727616,10.0
8605,632.7892087542308,0.022772479554727616,10.0
8606,632.9582941404411,0.022772479554727616,10.0
8607,633.0473203158442,0.022772479554727616,10.0
8608,633.1703996782362,0.022772479554727616,10.0
8609,633.353999752559,0.022772479554727616,10.0
8610,633.5343486762752,0.022772479554727616,10.0
8611,633.6510773191897,0.022772479554727616,10.0
8612,633.8241950001004,0.022772479554727616,10.0
8613,633.9911421710176,0.022772479554727616,10.0
8614,634.0740253616601,0.022772479554727616,10.0
8615,634.0983396668005,0.022772479554727616,10.0
8616,634.1579266158114,0.022772479554727616,10.0
8617,634.2368395308199,0.022772479554727616,10.0
8618,634.2876642976303,0.022772479554727616,10.0
8619,634.3094571249806,0.022772479554727616,10.0
8620,634.3186693697618,0.022772479554727616,10.0
8621,634.3282503730436,0.022772479554727616,10.0
8622,634.3649518109011,0.022772479554727616,10.0
8623,634.4318318842492,0.022772479554727616,10.0
8624,634.5185936320644,0.022772479554727616,10.0
8625,634.5962979513653,0.022772479554727616,10.0
8626,634.8247808479653,0.022772479554727616,10.0
8627,635.0009903153627,0.022772479554727616,10.0
8628,635.1719088618794,0.022772479554727616,10.0
8629,635.3250235355401,0.022772479554727616,10.0
8630,635.455805809292,0.022772479554727616,10.0
8631,635.6166452531752,0.022772479554727616,10.0
8632,635.8272366973301,0.022772479554727616,10.0
8633,635.9982303372884,0.022772479554727616,10.0
8634,636.1383044133559,0.022772479554727616,10.0
8635,636.3233317779217,0.022772479554727616,10.0
8636,636.4414913691623,0.022772479554727616,10.0
8637,636.5353166840829,0.022772479554727616,10.0
8638,636.6488964446365,0.022772479554727616,10.0
8639,636.7194713072179,0.022772479554727616,10.0
8640,636.7286141353094,0.022772479554727616,10.0
8641,636.8048600575407,0.022772479554727616,10.0
8642,636.8510425182252,0.022772479554727616,10.0
8643,636.8802328426417,0.022772479554727616,10.0
8644,636.8863243155878,0.022772479554727616,10.0
8645,636.9041118408686,0.022772479554727616,10.0
8646,636.9182290336987,0.022772479554727616,10.0
8647,636.982015728424,0.022772479554727616,10.0
8648,637.1446309521939,0.022772479554727616,10.0
8649,637.244473308772,0.022772479554727616,10.0
8650,637.3469351972736,0.022772479554727616,10.0
8651,637.4264849562564,0.022772479554727616,10.0
8652,637.444692771235,0.022772479554727616,10.0
8653,637.4676748592885,0.022772479554727616,10.0
8654,637.5107605468726,0.022772479554727616,10.0
8655,637.6222138886747,0.022772479554727616,10.0
8656,637.7458546034366,0.022772479554727616,10.0
8657,637.8824081438695,0.022772479554727616,10.0
8658,638.0526290579891,0.022772479554727616,10.0
8659,638.144164403868,0.022772479554727616,10.0
8660,638.2691377095726,0.022772479554727616,10.0
8661,638.3884353751329,0.022772479554727616,10.0
8662,638.4571058684808,0.022772479554727616,10.0
8663,638.5193227967613,0.022772479554727616,10.0
8664,638.5412795755985,0.022772479554727616,10.0
8665,638.603972669155,0.022772479554727616,10.0
8666,638.6869086121634,0.022772479554727616,10.0
8667,638.7608331141139,0.022772479554727616,10.0
8668,638.84634361971,0.022772479554727616,10.0
8669,638.9002172319585,0.022772479554727616,10.0
8670,638.9460031320572,0.022772479554727616,10.0
8671,639.0383996685325,0.022772479554727616,10.0
8672,639.1518457086013,0.022772479554727616,10.0
8673,639.2622627823358,0.022772479554727616,10.0
8674,639.418396273362,0.022772479554727616,10.0
8675,639.4986001058662,0.022772479554727616,10.0
8676,639.5255218647831,0.022772479554727616,10.0
8677,639.9343534696865,0.022772479554727616,10.0
8678,640.2588414902409,0.022772479554727616,10.0
8679,640.5589183712002,0.022772479554727616,10.0
8680,640.9512145179353,0.022772479554727616,10.0
8681,641.2905382527975,0.022772479554727616,10.0
8682,641.4932936545243,0.022772479554727616,10.0
8683,641.7212606910481,0.022772479554727616,10.0
8684,641.8749764353907,0.022772479554727616,10.0
8685,642.0316263629899,0.022772479554727616,10.0
8686,642.1821055703242,0.022772479554727616,10.0
8687,642.2723757722129,0.022772479554727616,10.0
8688,642.3306593488346,0.022772479554727616,10.0
8689,642.3718809670951,0.022772479554727616,10.0
8690,642.394105566192,0.022772479554727616,10.0
8691,642.4129800807436,0.022772479554727616,10.0
8692,642.4599558231721,0.022772479554727616,10.0
8693,642.5014947388734,0.022772479554727616,10.0
8694,642.5425791793087,0.022772479554727616,10.0
8695,642.6165258208276,0.022772479554727616,10.0
8696,642.7477331759212,0.022772479554727616,10.0
8697,642.8579284203315,0.022772479554727616,10.0
8698,642.9559137790513,0.022772479554727616,10.0
8699,643.0807076835873,0.022772479554727616,10.0
8700,643.3629271561914,0.022772479554727616,10.0
8701,644.1023701914702,0.022772479554727616,10.0
8702,644.5947041341275,0.022772479554727616,10.0
8703,644.9573089342252,0.022772479554727616,10.0
8704,645.1516795969878,0.022772479554727616,10.0
8705,645.2824326437017,0.022772479554727616,10.0
8706,645.4181120472898,0.022772479554727616,10.0
8707,645.5569995664481,0.022772479554727616,10.0
8708,645.7036001314347,0.022772479554727616,10.0
8709,645.8470851959121,0.022772479554727616,10.0
8710,645.9619729111071,0.022772479554727616,10.0
8711,646.0763452212058,0.022772479554727616,10.0
8712,646.1504971132889,0.022772479554727616,10.0
8713,646.2268693033323,0.022772479554727616,10.0
8714,646.2789312176474,0.022772479554727616,10.0
8715,646.324585898982,0.022772479554727616,10.0
8716,646.410066789332,0.022772479554727616,10.0
8717,646.486756643987,0.022772479554727616,10.0
8718,646.5456383326059,0.022772479554727616,10.0
8719,646.6516713177018,0.022772479554727616,10.0
8720,646.8532807203532,0.022772479554727616,10.0
8721,646.9443732543467,0.022772479554727616,10.0
8722,647.0441373706851,0.022772479554727616,10.0
8723,647.0809205915045,0.022772479554727616,10.0
8724,647.1142949123911,0.022772479554727616,10.0
8725,647.1931315288386,0.022772479554727616,10.0
8726,647.1954890250778,0.022772479554727616,10.0
8727,647.2320943548207,0.022772479554727616,10.0
8728,647.3137523553197,0.022772479554727616,10.0
8729,647.3970947690367,0.022772479554727616,10.0
8730,647.4893380185448,0.022772479554727616,10.0
8731,647.5936489850964,0.022772479554727616,10.0
8732,647.6524654623405,0.022772479554727616,10.0
8733,647.7417955227128,0.022772479554727616,10.0
8734,647.8281657339774,0.022772479554727616,10.0
8735,647.8822685303232,0.022772479554727616,10.0
