,cum_cost,cum_reward,n_interventions
0,0.034816397859117984,-0.034816397859117984,0
1,0.058291283288033,-0.058291283288033,0
2,0.06828029287088155,-0.06828029287088155,0
3,0.07773848404147625,-0.07773848404147625,0
4,0.08577833716659308,-0.08577833716659308,0
5,0.08810279368278386,-0.08810279368278386,0
6,0.0949150259796274,-0.0949150259796274,0
7,0.14547155076730373,-0.14547155076730373,0
8,0.21839137562648894,-0.21839137562648894,0
9,0.28636627776756407,-0.28636627776756407,0
10,0.4550247836593935,-0.4550247836593935,0
11,0.9664421732224331,-0.9664421732224331,0
12,1.6495110048379409,-1.6495110048379409,0
13,2.055772875179592,-2.055772875179592,0
14,2.2968434292226942,-2.2968434292226942,0
15,2.823432040865904,-2.823432040865904,0
16,3.1398229489302123,-3.1398229489302123,0
17,3.4116185882810366,-3.4116185882810366,0
18,3.548404298921982,-3.548404298921982,0
19,3.7313120374119544,-3.7313120374119544,0
20,3.859760201380876,-3.859760201380876,0
21,3.97631880996091,-3.97631880996091,0
22,4.102291532271784,-4.102291532271784,0
23,4.182941750244526,-4.182941750244526,0
24,4.230052484939388,-4.230052484939388,0
25,4.257245479306649,-4.257245479306649,0
26,4.270376201528863,-4.270376201528863,0
27,4.279362233611799,-4.279362233611799,0
28,4.285378557990626,-4.285378557990626,0
29,4.284847633405341,-4.284847633405341,0
30,4.282069144789866,-4.282069144789866,0
31,4.324172043959936,-4.324172043959936,0
32,4.380524226790048,-4.380524226790048,0
33,4.663154739920953,-4.663154739920953,0
34,5.323317666362916,-5.323317666362916,0
35,6.105449860201043,-6.105449860201043,0
36,6.938598139333066,-6.938598139333066,0
37,7.369833520596607,-7.369833520596607,0
38,7.6900981937286765,-7.6900981937286765,0
39,8.223367828689476,-8.223367828689476,0
40,8.525469857648854,-8.525469857648854,0
41,8.796496178859412,-8.796496178859412,0
42,8.978781149117466,-8.978781149117466,0
43,9.150126942069813,-9.150126942069813,0
44,9.258451207501496,-9.258451207501496,0
45,9.40659425721488,-9.40659425721488,0
46,9.512775171734871,-9.512775171734871,0
47,9.589215350998524,-9.589215350998524,0
48,9.633090137635483,-9.633090137635483,0
49,9.679115158153007,-9.679115158153007,0
50,9.712351584324615,-9.712351584324615,0
51,9.747065451535995,-9.747065451535995,0
52,9.752254936137014,-9.752254936137014,0
53,9.749511125393205,-9.749511125393205,0
54,9.782020595899551,-9.782020595899551,0
55,9.821799987423626,-9.821799987423626,0
56,9.928317937180207,-9.928317937180207,0
57,10.424784758342122,-10.424784758342122,0
58,11.064177084046857,-11.064177084046857,0
59,11.599282401802977,-11.599282401802977,0
60,11.917302379025918,-11.917302379025918,0
61,12.055113990278478,-12.055113990278478,0
62,12.120086795828394,-12.120086795828394,0
63,12.261125362432535,-12.261125362432535,0
64,12.363868341268025,-12.363868341268025,0
65,12.46946405565023,-12.46946405565023,0
66,12.567483042615464,-12.567483042615464,0
67,12.67296234096329,-12.67296234096329,0
68,12.77496783492998,-12.77496783492998,0
69,12.947852474350103,-12.947852474350103,0
70,13.083835976766403,-13.083835976766403,0
71,13.152753415620282,-13.152753415620282,0
72,13.362988425562474,-13.362988425562474,0
73,13.446019832798035,-13.446019832798035,0
74,13.499033729644902,-13.499033729644902,0
75,13.540485749958838,-13.540485749958838,0
76,13.566905771650655,-13.566905771650655,0
77,13.595203903548237,-13.595203903548237,0
78,13.613942989097623,-13.613942989097623,0
79,13.659481490465522,-13.659481490465522,0
80,13.775305933398263,-13.775305933398263,0
81,13.870122147871509,-13.870122147871509,0
82,13.991421604984241,-13.991421604984241,0
83,14.085730924854994,-14.085730924854994,0
84,14.17032612068217,-14.17032612068217,0
85,14.280558615714623,-14.280558615714623,0
86,14.348671471639623,-14.348671471639623,0
87,14.421204967840012,-14.421204967840012,0
88,14.536008185638483,-14.536008185638483,0
89,14.652014684460488,-14.652014684460488,0
90,14.826776335823372,-14.826776335823372,0
91,15.445341929203256,-15.445341929203256,0
92,16.087932649972824,-16.087932649972824,0
93,16.461467920316558,-16.461467920316558,0
94,16.626026685527275,-16.626026685527275,0
95,16.727690034436673,-16.727690034436673,0
96,16.786196666559515,-16.786196666559515,0
97,16.82198384992158,-16.82198384992158,0
98,16.839255404530704,-16.839255404530704,0
99,16.842862109730167,-16.842862109730167,0
100,16.864624897987273,-16.864624897987273,0
101,16.883340371234606,-16.883340371234606,0
102,16.896694777630056,-16.896694777630056,0
103,16.94127947343147,-16.94127947343147,0
104,17.020562060096847,-17.020562060096847,0
105,17.04789452949228,-17.04789452949228,0
106,17.26163674232692,-17.26163674232692,0
107,17.513271941464282,-17.513271941464282,0
108,17.60511286084248,-17.60511286084248,0
109,17.6452939418395,-17.6452939418395,0
110,17.639074343871343,-17.639074343871343,0
111,17.683328943381348,-17.683328943381348,0
112,17.844605657884188,-17.844605657884188,0
113,17.901730881993394,-17.901730881993394,0
114,17.963765966463157,-17.963765966463157,0
115,18.07669860319207,-18.07669860319207,0
116,18.240567797562875,-18.240567797562875,0
117,18.382347655587655,-18.382347655587655,0
118,18.550396475988855,-18.550396475988855,0
119,18.699748171625142,-18.699748171625142,0
120,18.795617185852084,-18.795617185852084,0
121,18.834958400960787,-18.834958400960787,0
122,18.857873661307266,-18.857873661307266,0
123,18.86583036185799,-18.86583036185799,0
124,18.883638283384702,-18.883638283384702,0
125,18.88545972854774,-18.88545972854774,0
126,18.91888647331696,-18.91888647331696,0
127,18.9969240780091,-18.9969240780091,0
128,19.054875352012633,-19.054875352012633,0
129,19.312027192205612,-19.312027192205612,0
130,19.570255010983963,-19.570255010983963,0
131,19.77177039274893,-19.77177039274893,0
132,19.981420727022165,-19.981420727022165,0
133,20.1698341143402,-20.1698341143402,0
134,20.283732883455883,-20.283732883455883,0
135,20.384890572506347,-20.384890572506347,0
136,20.479836540856525,-20.479836540856525,0
137,20.600676367852206,-20.600676367852206,0
138,20.710469535992306,-20.710469535992306,0
139,20.8124141244801,-20.8124141244801,0
140,20.97180508328638,-20.97180508328638,0
141,21.110179697695198,-21.110179697695198,0
142,21.229969273638634,-21.229969273638634,0
143,21.31743822891261,-21.31743822891261,0
144,21.381325902498595,-21.381325902498595,0
145,21.426067644877218,-21.426067644877218,0
146,21.466586633562336,-21.466586633562336,0
147,21.50052428020462,-21.50052428020462,0
148,21.520870521313693,-21.520870521313693,0
149,21.53631436559756,-21.53631436559756,0
150,21.593830012711805,-21.593830012711805,0
151,21.638090774870054,-21.638090774870054,0
152,21.774696242105275,-21.774696242105275,0
153,21.962408801427646,-21.962408801427646,0
154,22.146186563366864,-22.146186563366864,0
155,22.31390731005534,-22.31390731005534,0
156,22.44259425686739,-22.44259425686739,0
157,22.98295057777563,-22.98295057777563,0
158,23.71343376088263,-23.71343376088263,0
159,24.22805391036748,-24.22805391036748,0
160,24.564128730274515,-24.564128730274515,0
161,24.929133919622757,-24.929133919622757,0
162,25.140187973368505,-25.140187973368505,0
163,25.324498222233796,-25.324498222233796,0
164,25.46569835801139,-25.46569835801139,0
165,25.579909036394476,-25.579909036394476,0
166,25.695929328868363,-25.695929328868363,0
167,25.757270715268987,-25.757270715268987,0
168,25.824579425897863,-25.824579425897863,0
169,25.848643187858,-25.848643187858,0
170,25.878513006003537,-25.878513006003537,0
171,25.892245835061722,-25.892245835061722,0
172,25.93170275099071,-25.93170275099071,0
173,25.942758250268025,-25.942758250268025,0
174,25.986103673151376,-25.986103673151376,0
175,26.036118358338054,-26.036118358338054,0
176,26.090531914180293,-26.090531914180293,0
177,26.151628832272998,-26.151628832272998,0
178,26.26777985255068,-26.26777985255068,0
179,26.41035170435734,-26.41035170435734,0
180,26.534213916693506,-26.534213916693506,0
181,26.62973822734153,-26.62973822734153,0
182,26.96579525950199,-26.96579525950199,0
183,27.209802836840474,-27.209802836840474,0
184,27.454464051071806,-27.454464051071806,0
185,27.69827286960617,-27.69827286960617,0
186,27.93804061936055,-27.93804061936055,0
187,28.119354173464387,-28.119354173464387,0
188,28.255575221888165,-28.255575221888165,0
189,28.376442731608492,-28.376442731608492,0
190,28.504518658853858,-28.504518658853858,0
191,28.59299487462362,-28.59299487462362,0
192,28.662375995491868,-28.662375995491868,0
193,28.71252607696079,-28.71252607696079,0
194,28.740978358587945,-28.740978358587945,0
195,28.779645817936334,-28.779645817936334,0
196,28.82261235911176,-28.82261235911176,0
197,28.870585394004983,-28.870585394004983,0
198,28.901103493000537,-28.901103493000537,0
199,28.984494692924404,-28.984494692924404,0
200,29.071542915307205,-29.071542915307205,0
201,29.218882846858502,-29.218882846858502,0
202,29.383568464336733,-29.383568464336733,0
203,29.552979663120933,-29.552979663120933,0
204,29.715723838707998,-29.715723838707998,0
205,29.912630040110024,-29.912630040110024,0
206,30.08590700925531,-30.08590700925531,0
207,30.306958671023022,-30.306958671023022,0
208,30.488448195781725,-30.488448195781725,0
209,30.748756480836725,-30.748756480836725,0
210,30.945296796331316,-30.945296796331316,0
211,31.09041697820242,-31.09041697820242,0
212,31.220410625333102,-31.220410625333102,0
213,31.354416172266895,-31.354416172266895,0
214,31.462620841120444,-31.462620841120444,0
215,31.53606142752554,-31.53606142752554,0
216,31.571095077618132,-31.571095077618132,0
217,31.591264201031333,-31.591264201031333,0
218,31.603422789257408,-31.603422789257408,0
219,31.60918684020631,-31.60918684020631,0
220,31.60914484201288,-31.60914484201288,0
221,31.619945032451508,-31.619945032451508,0
222,31.62880031903569,-31.62880031903569,0
223,31.677347881662637,-31.677347881662637,0
224,31.765421371345976,-31.765421371345976,0
225,31.92780416867456,-31.92780416867456,0
226,32.07673373996202,-32.07673373996202,0
227,32.17154988582932,-32.17154988582932,0
228,32.25440649803298,-32.25440649803298,0
229,32.41287292660473,-32.41287292660473,0
230,32.677769413203194,-32.677769413203194,0
231,32.91113621101858,-32.91113621101858,0
232,33.11462767072171,-33.11462767072171,0
233,33.24693755297845,-33.24693755297845,0
234,33.39814671614102,-33.39814671614102,0
235,33.57525039025246,-33.57525039025246,0
236,33.734565293787796,-33.734565293787796,0
237,33.84828472931798,-33.84828472931798,0
238,33.95843219367705,-33.95843219367705,0
239,34.04709776820382,-34.04709776820382,0
240,34.10200025542181,-34.10200025542181,0
241,34.15359488504735,-34.15359488504735,0
242,34.171601402899235,-34.171601402899235,0
243,34.18566370031008,-34.18566370031008,0
244,34.196281164961775,-34.196281164961775,0
245,34.23788956805293,-34.23788956805293,0
246,34.2586218786896,-34.2586218786896,0
247,34.31209863539685,-34.31209863539685,0
248,34.37777693824546,-34.37777693824546,0
249,34.499023063014306,-34.499023063014306,0
250,34.626905442634,-34.626905442634,0
251,34.74237712736258,-34.74237712736258,0
252,34.85070478828507,-34.85070478828507,0
253,34.940728964932795,-34.940728964932795,0
254,35.09231559219306,-35.09231559219306,0
255,35.19685614441161,-35.19685614441161,0
256,35.33566651201689,-35.33566651201689,0
257,35.44094643704701,-35.44094643704701,0
258,35.550091945001114,-35.550091945001114,0
259,35.70328411266419,-35.70328411266419,0
260,35.82391264950339,-35.82391264950339,0
261,35.93657776239024,-35.93657776239024,0
262,36.05394901253818,-36.05394901253818,0
263,36.12219028186588,-36.12219028186588,0
264,36.20757313563798,-36.20757313563798,0
265,36.238928177154406,-36.238928177154406,0
266,36.254625840030805,-36.254625840030805,0
267,36.29158557459889,-36.29158557459889,0
268,36.31071784231862,-36.31071784231862,0
269,36.316956709139085,-36.316956709139085,0
270,36.349084490223454,-36.349084490223454,0
271,36.402273697018515,-36.402273697018515,0
272,36.4655880703546,-36.4655880703546,0
273,36.56771834502797,-36.56771834502797,0
274,36.67789520841704,-36.67789520841704,0
275,36.93181459702845,-36.93181459702845,0
276,37.43293353749283,-37.43293353749283,0
277,38.08140813532059,-38.08140813532059,0
278,38.71582381659258,-38.71582381659258,0
279,39.15716949668526,-39.15716949668526,0
280,39.3888718902381,-39.3888718902381,0
281,39.57882179880943,-39.57882179880943,0
282,39.741820578821326,-39.741820578821326,0
283,39.875786971247734,-39.875786971247734,0
284,39.97638379177171,-39.97638379177171,0
285,40.09795308644854,-40.09795308644854,0
286,40.20154561924956,-40.20154561924956,0
287,40.26855610999232,-40.26855610999232,0
288,40.310065152811184,-40.310065152811184,0
289,40.32749852587515,-40.32749852587515,0
290,40.33719028165558,-40.33719028165558,0
291,40.34660867994599,-40.34660867994599,0
292,40.348399466107544,-40.348399466107544,0
293,40.36586643169622,-40.36586643169622,0
294,40.36443110069114,-40.36443110069114,0
295,40.39096786218609,-40.39096786218609,0
296,40.48673574277102,-40.48673574277102,0
297,40.552879938161944,-40.552879938161944,0
298,41.038817946547226,-41.038817946547226,0
299,41.56219756160342,-41.56219756160342,0
300,41.73858438280968,-41.73858438280968,0
301,41.806083636785225,-41.806083636785225,0
302,41.877113534514685,-41.877113534514685,0
303,41.97227648066621,-41.97227648066621,0
304,42.09915482245419,-42.09915482245419,0
305,42.1942972568036,-42.1942972568036,0
306,42.296156097015945,-42.296156097015945,0
307,42.38046565350138,-42.38046565350138,0
308,42.501213412077924,-42.501213412077924,0
309,42.6171059512252,-42.6171059512252,0
310,42.7221555052671,-42.7221555052671,0
311,42.79348355181214,-42.79348355181214,0
312,42.83521882236738,-42.83521882236738,0
313,42.8607840376412,-42.8607840376412,0
314,42.87246443770744,-42.87246443770744,0
315,42.87310703130566,-42.87310703130566,0
316,42.88003709841831,-42.88003709841831,0
317,42.8740772686562,-42.8740772686562,0
318,42.871267310720256,-42.871267310720256,0
319,42.92377581212912,-42.92377581212912,0
320,42.979053800190385,-42.979053800190385,0
321,43.06435394527489,-43.06435394527489,0
322,43.14436730947647,-43.14436730947647,0
323,43.33756296701042,-43.33756296701042,0
324,43.46591033706825,-43.46591033706825,0
325,43.62470535720685,-43.62470535720685,0
326,43.66794794217303,-43.66794794217303,0
327,44.14714182662767,-44.14714182662767,0
328,44.89411390396846,-44.89411390396846,0
329,45.63248300703115,-45.63248300703115,0
330,46.05238940787896,-46.05238940787896,0
331,46.238401688138865,-46.238401688138865,0
332,46.38018475884474,-46.38018475884474,0
333,46.499379355245054,-46.499379355245054,0
334,46.609443909338346,-46.609443909338346,0
335,46.67311461554749,-46.67311461554749,0
336,46.70325589991957,-46.70325589991957,0
337,46.724440806433975,-46.724440806433975,0
338,46.73393021658984,-46.73393021658984,0
339,46.740055111965226,-46.740055111965226,0
340,46.742911551996606,-46.742911551996606,0
341,46.75037931527093,-46.75037931527093,0
342,46.74942794334343,-46.74942794334343,0
343,46.79360188772951,-46.79360188772951,0
344,46.85774750029821,-46.85774750029821,0
345,46.88694064424649,-46.88694064424649,0
346,46.884410662542756,-46.884410662542756,0
347,46.91548717014279,-46.91548717014279,0
348,46.91515239804709,-46.91515239804709,0
349,46.909033419789566,-46.909033419789566,0
350,46.8990209347408,-46.8990209347408,0
351,47.011305595611645,-47.011305595611645,0
352,47.170560379198655,-47.170560379198655,0
353,47.32645279885522,-47.32645279885522,0
354,47.514909156282236,-47.514909156282236,0
355,47.644897054082854,-47.644897054082854,0
356,47.82465449867115,-47.82465449867115,0
357,47.95161679126812,-47.95161679126812,0
358,48.06757759133138,-48.06757759133138,0
359,48.134609690297275,-48.134609690297275,0
360,48.19432098605703,-48.19432098605703,0
361,48.223964314245954,-48.223964314245954,0
362,48.236140142035545,-48.236140142035545,0
363,48.24520499452779,-48.24520499452779,0
364,48.25619513318907,-48.25619513318907,0
365,48.26728663573022,-48.26728663573022,0
366,48.270531426688564,-48.270531426688564,0
367,48.30989967264354,-48.30989967264354,0
368,48.366529800064555,-48.366529800064555,0
369,48.43019625754507,-48.43019625754507,0
370,48.50784175227461,-48.50784175227461,0
371,48.57117979333524,-48.57117979333524,0
372,48.57368392884203,-48.57368392884203,0
373,48.60093219956015,-48.60093219956015,0
374,48.7033068247101,-48.7033068247101,0
375,48.860286046374235,-48.860286046374235,0
376,48.975832702235884,-48.975832702235884,0
377,49.112166298076204,-49.112166298076204,0
378,49.24731910615046,-49.24731910615046,0
379,49.37473634371473,-49.37473634371473,0
380,49.472893703633666,-49.472893703633666,0
381,49.57969264870541,-49.57969264870541,0
382,49.688079417648325,-49.688079417648325,0
383,49.794660435425925,-49.794660435425925,0
384,49.87265854940439,-49.87265854940439,0
385,49.9854910234594,-49.9854910234594,0
386,50.02260202219405,-50.02260202219405,0
387,50.05535973882773,-50.05535973882773,0
388,50.08399595040211,-50.08399595040211,0
389,50.109261670759174,-50.109261670759174,0
390,50.14362421418947,-50.14362421418947,0
391,50.23496157760098,-50.23496157760098,0
392,50.32823527326109,-50.32823527326109,0
393,50.38782037970783,-50.38782037970783,0
394,50.44989063568826,-50.44989063568826,0
395,50.48899944237454,-50.48899944237454,0
396,50.56635461177975,-50.56635461177975,0
397,50.56845540223988,-50.56845540223988,0
398,50.56438657758539,-50.56438657758539,0
399,50.68722351800235,-50.68722351800235,0
400,50.86795360696196,-50.86795360696196,0
401,50.99333569986619,-50.99333569986619,0
402,51.107559712511375,-51.107559712511375,0
403,51.24802116151275,-51.24802116151275,0
404,51.35735641939138,-51.35735641939138,0
405,51.4497725822809,-51.4497725822809,0
406,51.54315369636874,-51.54315369636874,0
407,51.60998374654051,-51.60998374654051,0
408,51.65218337945838,-51.65218337945838,0
409,51.677768554139476,-51.677768554139476,0
410,51.692461111707075,-51.692461111707075,0
411,51.698479261720294,-51.698479261720294,0
412,51.705656164417064,-51.705656164417064,0
413,51.71192486492941,-51.71192486492941,0
414,51.71884820499695,-51.71884820499695,0
415,51.78370388197268,-51.78370388197268,0
416,51.856313660232274,-51.856313660232274,0
417,51.92849693985922,-51.92849693985922,0
418,52.01616665380504,-52.01616665380504,0
419,52.12102479967803,-52.12102479967803,0
420,52.262966928738194,-52.262966928738194,0
421,52.340584196361554,-52.340584196361554,0
422,52.40501628404217,-52.40501628404217,0
423,52.478617844319444,-52.478617844319444,0
424,52.55633667331872,-52.55633667331872,0
425,52.64360197431842,-52.64360197431842,0
426,52.73118897584493,-52.73118897584493,0
427,52.87782163469503,-52.87782163469503,0
428,53.03801672162072,-53.03801672162072,0
429,53.15234745090412,-53.15234745090412,0
430,53.25963518578398,-53.25963518578398,0
431,53.32170239521076,-53.32170239521076,0
432,53.36213281226085,-53.36213281226085,0
433,53.403468560860475,-53.403468560860475,0
434,53.422697575515066,-53.422697575515066,0
435,53.45204443862825,-53.45204443862825,0
436,53.47180857032851,-53.47180857032851,0
437,53.49351757968216,-53.49351757968216,0
438,53.5052364808254,-53.5052364808254,0
439,53.55930551362114,-53.55930551362114,0
440,53.629927475810454,-53.629927475810454,0
441,53.698848548887135,-53.698848548887135,0
442,53.698685389042545,-53.698685389042545,0
443,53.766743881408985,-53.766743881408985,0
444,53.84776196791329,-53.84776196791329,0
445,53.94390263714021,-53.94390263714021,0
446,54.10571630782926,-54.10571630782926,0
447,54.19926985709006,-54.19926985709006,0
448,54.756197225529505,-54.756197225529505,0
449,55.46693555519522,-55.46693555519522,0
450,56.17955405404666,-56.17955405404666,0
451,56.96423520245531,-56.96423520245531,0
452,57.6826673791851,-57.6826673791851,0
453,58.150508573055816,-58.150508573055816,0
454,58.383636498795376,-58.383636498795376,0
455,58.48609180073244,-58.48609180073244,0
456,58.53379029575905,-58.53379029575905,0
457,58.56002709701098,-58.56002709701098,0
458,58.57463592120761,-58.57463592120761,0
459,58.58717317988653,-58.58717317988653,0
460,58.59460444741653,-58.59460444741653,0
461,58.611793548415335,-58.611793548415335,0
462,58.630870890063285,-58.630870890063285,0
463,58.685459723347265,-58.685459723347265,0
464,58.75788834252073,-58.75788834252073,0
465,58.88469653056769,-58.88469653056769,0
466,59.02115561740273,-59.02115561740273,0
467,59.08712068544732,-59.08712068544732,0
468,59.1397868944607,-59.1397868944607,0
469,59.268458646089215,-59.268458646089215,0
470,59.34690826098316,-59.34690826098316,0
471,59.49485324366646,-59.49485324366646,0
472,59.63424112763895,-59.63424112763895,0
473,59.71902205790888,-59.71902205790888,0
474,59.8084936974412,-59.8084936974412,0
475,59.899481798114856,-59.899481798114856,0
476,60.043266275825346,-60.043266275825346,0
477,60.25477520797833,-60.25477520797833,0
478,60.38817317682755,-60.38817317682755,0
479,60.48001413732168,-60.48001413732168,0
480,60.52994461458353,-60.52994461458353,0
481,60.563493720081816,-60.563493720081816,0
482,60.57719138731488,-60.57719138731488,0
483,60.61142490615388,-60.61142490615388,0
484,60.63689904377168,-60.63689904377168,0
485,60.6544395306746,-60.6544395306746,0
486,60.66267882053413,-60.66267882053413,0
487,60.71473773401025,-60.71473773401025,0
488,60.92583181727426,-60.92583181727426,0
489,61.06761778096664,-61.06761778096664,0
490,61.21295346814625,-61.21295346814625,0
491,61.30159098428129,-61.30159098428129,0
492,61.884319641713276,-61.884319641713276,0
493,62.5628008887796,-62.5628008887796,0
494,62.95449191378378,-62.95449191378378,0
495,63.21336494877131,-63.21336494877131,0
496,63.44616885695526,-63.44616885695526,0
497,63.71397996453499,-63.71397996453499,0
498,63.893545260123496,-63.893545260123496,0
499,64.08181416147475,-64.08181416147475,0
500,64.2521852584395,-64.2521852584395,0
501,64.45813949646845,-64.45813949646845,0
502,64.64352826107785,-64.64352826107785,0
503,64.72565745419418,-64.72565745419418,0
504,64.80241053747702,-64.80241053747702,0
505,64.83252658963833,-64.83252658963833,0
506,64.84860976291709,-64.84860976291709,0
507,64.84806656348368,-64.84806656348368,0
508,64.85424825794121,-64.85424825794121,0
509,64.86198402608038,-64.86198402608038,0
510,64.87374196316404,-64.87374196316404,0
511,64.90298191552442,-64.90298191552442,0
512,64.95937196518582,-64.95937196518582,0
513,65.03930730645408,-65.03930730645408,0
514,65.14240643354631,-65.14240643354631,0
515,65.23366027870837,-65.23366027870837,0
516,65.32607070950272,-65.32607070950272,0
517,65.95479827532347,-65.95479827532347,0
518,66.75749666844591,-66.75749666844591,0
519,67.38347984477454,-67.38347984477454,0
520,67.69543874418586,-67.69543874418586,0
521,67.91693844678127,-67.91693844678127,0
522,68.14946676161439,-68.14946676161439,0
523,68.30692633158647,-68.30692633158647,0
524,68.43231174773864,-68.43231174773864,0
525,68.57195774745378,-68.57195774745378,0
526,68.68022394842703,-68.68022394842703,0
527,68.75954810249114,-68.75954810249114,0
528,68.836146112162,-68.836146112162,0
529,68.88718029540111,-68.88718029540111,0
530,68.93669868678836,-68.93669868678836,0
531,68.98519396534465,-68.98519396534465,0
532,69.00129210551735,-69.00129210551735,0
533,69.02030346067006,-69.02030346067006,0
534,69.05446950762813,-69.05446950762813,0
535,69.1164718145046,-69.1164718145046,0
536,69.186458022985,-69.186458022985,0
537,69.22294824786047,-69.22294824786047,0
538,69.32399712404077,-69.32399712404077,0
539,69.85113207573824,-69.85113207573824,0
540,70.2710209795393,-70.2710209795393,0
541,70.46996171579686,-70.46996171579686,0
542,70.68012449233771,-70.68012449233771,0
543,70.88827269185423,-70.88827269185423,0
544,71.06512244407303,-71.06512244407303,0
545,71.26345148948195,-71.26345148948195,0
546,71.45858507678122,-71.45858507678122,0
547,71.63151777696883,-71.63151777696883,0
548,71.78637615908274,-71.78637615908274,0
549,71.91610883604967,-71.91610883604967,0
550,72.02509173642122,-72.02509173642122,0
551,72.09074743582845,-72.09074743582845,0
552,72.15730182963586,-72.15730182963586,0
553,72.19155673173546,-72.19155673173546,0
554,72.22289148938044,-72.22289148938044,0
555,72.24226573545769,-72.24226573545769,0
556,72.27278161517691,-72.27278161517691,0
557,72.32179890489697,-72.32179890489697,0
558,72.34507489916324,-72.34507489916324,0
559,72.42663613694072,-72.42663613694072,0
560,72.490234432421,-72.490234432421,0
561,72.48854396863001,-72.48854396863001,0
562,72.49873198214887,-72.49873198214887,0
563,72.65286769901768,-72.65286769901768,0
564,72.76804677126174,-72.76804677126174,0
565,72.81362392341799,-72.81362392341799,0
566,72.84652731619197,-72.84652731619197,0
567,72.9076500482996,-72.9076500482996,0
568,73.05264691465112,-73.05264691465112,0
569,73.23521926966028,-73.23521926966028,0
570,73.40263332096316,-73.40263332096316,0
571,73.5655376859067,-73.5655376859067,0
572,73.68041217255758,-73.68041217255758,0
573,73.79056038302716,-73.79056038302716,0
574,73.88455268919623,-73.88455268919623,0
575,73.94695416847144,-73.94695416847144,0
576,73.98645419498904,-73.98645419498904,0
577,74.00702225547467,-74.00702225547467,0
578,74.016446056777,-74.016446056777,0
579,74.02485290443846,-74.02485290443846,0
580,74.03519804185785,-74.03519804185785,0
581,74.0553802077421,-74.0553802077421,0
582,74.06873542901681,-74.06873542901681,0
583,74.13605125867637,-74.13605125867637,0
584,74.19752866550846,-74.19752866550846,0
585,74.21585042606964,-74.21585042606964,0
586,74.27685172504749,-74.27685172504749,0
587,74.35284560472019,-74.35284560472019,0
588,74.71753205155089,-74.71753205155089,0
589,74.86089249094533,-74.86089249094533,0
590,74.88978621967394,-74.88978621967394,0
591,75.32544386355904,-75.32544386355904,0
592,75.48902650245917,-75.48902650245917,0
593,75.68152770071059,-75.68152770071059,0
594,75.84858746841545,-75.84858746841545,0
595,75.97643574185872,-75.97643574185872,0
596,76.11064302382071,-76.11064302382071,0
597,76.23129149278817,-76.23129149278817,0
598,76.33811031254454,-76.33811031254454,0
599,76.48110157527672,-76.48110157527672,0
600,76.52754479941554,-76.52754479941554,0
601,76.55485654330384,-76.55485654330384,0
602,76.56893540271061,-76.56893540271061,0
603,76.57991105967572,-76.57991105967572,0
604,76.60312227163956,-76.60312227163956,0
605,76.613335949317,-76.613335949317,0
606,76.6345652779308,-76.6345652779308,0
607,76.66747146780708,-76.66747146780708,0
608,76.7938088199895,-76.7938088199895,0
609,76.89272832705348,-76.89272832705348,0
610,77.20582201905653,-77.20582201905653,0
611,77.7666901052327,-77.7666901052327,0
612,78.0688597725048,-78.0688597725048,0
613,78.26761089910781,-78.26761089910781,0
614,78.41486424801715,-78.41486424801715,0
615,78.61870458498568,-78.61870458498568,0
616,78.83960515612719,-78.83960515612719,0
617,79.0688237985201,-79.0688237985201,0
618,79.33983213505418,-79.33983213505418,0
619,79.53799759591756,-79.53799759591756,0
620,79.73034112615389,-79.73034112615389,0
621,79.88599994256028,-79.88599994256028,0
622,80.07739004717318,-80.07739004717318,0
623,80.21377785397982,-80.21377785397982,0
624,80.29955704560712,-80.29955704560712,0
625,80.35747397845837,-80.35747397845837,0
626,80.40565718383078,-80.40565718383078,0
627,80.46987665274726,-80.46987665274726,0
628,80.51489972458778,-80.51489972458778,0
629,80.57540321543404,-80.57540321543404,0
630,80.6159288239267,-80.6159288239267,0
631,80.73514626958362,-80.73514626958362,0
632,80.92199714523649,-80.92199714523649,0
633,81.02170814385434,-81.02170814385434,0
634,81.11620522016756,-81.11620522016756,0
635,81.24450548493628,-81.24450548493628,0
636,81.74095440088772,-81.74095440088772,0
637,82.2380719798255,-82.2380719798255,0
638,82.44908705261217,-82.44908705261217,0
639,82.62211005729212,-82.62211005729212,0
640,82.740832904787,-82.740832904787,0
641,82.87325044685338,-82.87325044685338,0
642,83.03910077007637,-83.03910077007637,0
643,83.19989033120783,-83.19989033120783,0
644,83.41664492588838,-83.41664492588838,0
645,83.60296558565652,-83.60296558565652,0
646,83.7238237608502,-83.7238237608502,0
647,83.79957834976454,-83.79957834976454,0
648,83.84616860480783,-83.84616860480783,0
649,83.88156113359962,-83.88156113359962,0
650,83.89436628985305,-83.89436628985305,0
651,83.89445005585722,-83.89445005585722,0
652,83.90195670894583,-83.90195670894583,0
653,83.91746062490301,-83.91746062490301,0
654,83.95735509318594,-83.95735509318594,0
655,84.00188932336056,-84.00188932336056,0
656,84.14327080868368,-84.14327080868368,0
657,84.22029020231716,-84.22029020231716,0
658,84.29627323064902,-84.29627323064902,0
659,84.38193705286999,-84.38193705286999,0
660,84.4726284611098,-84.4726284611098,0
661,84.63267396965783,-84.63267396965783,0
662,84.87815349091046,-84.87815349091046,0
663,85.44164426820763,-85.44164426820763,0
664,85.72899749791243,-85.72899749791243,0
665,85.95264279182288,-85.95264279182288,0
666,86.08476765872442,-86.08476765872442,0
667,86.24508923463205,-86.24508923463205,0
668,86.3989764204195,-86.3989764204195,0
669,86.53282114593874,-86.53282114593874,0
670,86.65755305235737,-86.65755305235737,0
671,86.74314465985056,-86.74314465985056,0
672,86.80641246228821,-86.80641246228821,0
673,86.83716419712879,-86.83716419712879,0
674,86.8522257674622,-86.8522257674622,0
675,86.85392416698569,-86.85392416698569,0
676,86.8612734754534,-86.8612734754534,0
677,86.86324988293988,-86.86324988293988,0
678,86.87542690797403,-86.87542690797403,0
679,86.93900008222529,-86.93900008222529,0
680,86.98343830402804,-86.98343830402804,0
681,87.0638491403856,-87.0638491403856,0
682,87.05828441805564,-87.05828441805564,0
683,87.05465982888994,-87.05465982888994,0
684,87.05123612978012,-87.05123612978012,0
685,87.04503508762355,-87.04503508762355,0
686,87.05459644318186,-87.05459644318186,0
687,87.20766926934334,-87.20766926934334,0
688,87.36548275462629,-87.36548275462629,0
689,87.55778298527181,-87.55778298527181,0
690,87.67499129136301,-87.67499129136301,0
691,87.8104709871885,-87.8104709871885,0
692,87.92799128120302,-87.92799128120302,0
693,88.03171684502867,-88.03171684502867,0
694,88.12526139263127,-88.12526139263127,0
695,88.1912473504158,-88.1912473504158,0
696,88.23529530803575,-88.23529530803575,0
697,88.2749912693348,-88.2749912693348,0
698,88.29515963302116,-88.29515963302116,0
699,88.31961511442415,-88.31961511442415,0
700,88.3307067412433,-88.3307067412433,0
701,88.35020662766945,-88.35020662766945,0
702,88.36677137573221,-88.36677137573221,0
703,88.41554257961789,-88.41554257961789,0
704,88.48059775424679,-88.48059775424679,0
705,88.52993978130029,-88.52993978130029,0
706,88.82560026471474,-88.82560026471474,0
707,89.30316960866952,-89.30316960866952,0
708,89.93718011085278,-89.93718011085278,0
709,90.6521343707792,-90.6521343707792,0
710,91.34023927745007,-91.34023927745007,0
711,92.06388678040226,-92.06388678040226,0
712,92.54615621968512,-92.54615621968512,0
713,92.72246697984401,-92.72246697984401,0
714,92.87797556592646,-92.87797556592646,0
715,93.0377996148399,-93.0377996148399,0
716,93.14431464198292,-93.14431464198292,0
717,93.28764659843874,-93.28764659843874,0
718,93.40732221912053,-93.40732221912053,0
719,93.54652938938143,-93.54652938938143,0
720,93.61981783218374,-93.61981783218374,0
721,93.67440042832588,-93.67440042832588,0
722,93.70122852922302,-93.70122852922302,0
723,93.71754092928768,-93.71754092928768,0
724,93.73540432874096,-93.73540432874096,0
725,93.7388655232273,-93.7388655232273,0
726,93.7613801608448,-93.7613801608448,0
727,93.8110513825833,-93.8110513825833,0
728,93.97364877356756,-93.97364877356756,0
729,94.0610891683323,-94.0610891683323,0
730,94.06934250115732,-94.06934250115732,0
731,94.10289332510898,-94.10289332510898,0
732,94.13858075724676,-94.13858075724676,0
733,94.19249953965462,-94.19249953965462,0
734,94.35170325069042,-94.35170325069042,0
735,94.51474364187035,-94.51474364187035,0
736,94.6614786262182,-94.6614786262182,0
737,94.79139071120932,-94.79139071120932,0
738,94.93932593246238,-94.93932593246238,0
739,95.1080633900879,-95.1080633900879,0
740,95.23532816596305,-95.23532816596305,0
741,95.33917383399543,-95.33917383399543,0
742,95.43556254545052,-95.43556254545052,0
743,95.50450764214192,-95.50450764214192,0
744,95.54907859852885,-95.54907859852885,0
745,95.58256052411619,-95.58256052411619,0
746,95.60728504985885,-95.60728504985885,0
747,95.61710277086564,-95.61710277086564,0
748,95.63369289308174,-95.63369289308174,0
749,95.66214695733193,-95.66214695733193,0
750,95.67228856124044,-95.67228856124044,0
751,95.74095363224691,-95.74095363224691,0
752,95.90794575118278,-95.90794575118278,0
753,96.0158106808593,-96.0158106808593,0
754,96.10702670866469,-96.10702670866469,0
755,96.14183640125681,-96.14183640125681,0
756,96.17351942002136,-96.17351942002136,0
757,96.21949223782242,-96.21949223782242,0
758,96.24301762154427,-96.24301762154427,0
759,96.32697442348552,-96.32697442348552,0
760,96.44823614145842,-96.44823614145842,0
761,96.60252017193768,-96.60252017193768,0
762,96.74623474896035,-96.74623474896035,0
763,96.87055705597648,-96.87055705597648,0
764,97.05729421955725,-97.05729421955725,0
765,97.19149681863462,-97.19149681863462,0
766,97.33391378747403,-97.33391378747403,0
767,97.45256302965157,-97.45256302965157,0
768,97.52407578047874,-97.52407578047874,0
769,97.57630765273525,-97.57630765273525,0
770,97.61061230663331,-97.61061230663331,0
771,97.6498732221134,-97.6498732221134,0
772,97.68414744183565,-97.68414744183565,0
773,97.70324904484714,-97.70324904484714,0
774,97.71716347027748,-97.71716347027748,0
775,97.77455707873494,-97.77455707873494,0
776,97.96461607358695,-97.96461607358695,0
777,98.10356779332497,-98.10356779332497,0
778,98.22149202042898,-98.22149202042898,0
779,98.29715620709291,-98.29715620709291,0
780,98.3546025876607,-98.3546025876607,0
781,98.3965435999252,-98.3965435999252,0
782,98.42979987931973,-98.42979987931973,0
783,98.5140152823403,-98.5140152823403,0
784,98.6871106208433,-98.6871106208433,0
785,98.88486361792833,-98.88486361792833,0
786,99.01276108107028,-99.01276108107028,0
787,99.14926891608651,-99.14926891608651,0
788,99.2658181233098,-99.2658181233098,0
789,99.358374715453,-99.358374715453,0
790,99.44827890843797,-99.44827890843797,0
791,99.51494664601006,-99.51494664601006,0
792,99.54691361879821,-99.54691361879821,0
793,99.57095759399034,-99.57095759399034,0
794,99.59139057416407,-99.59139057416407,0
795,99.59602166750585,-99.59602166750585,0
796,99.62177604989068,-99.62177604989068,0
797,99.6466794758942,-99.6466794758942,0
798,99.6872249487338,-99.6872249487338,0
799,99.75815511720191,-99.75815511720191,0
800,99.84689773835659,-99.84689773835659,0
801,99.91535312775224,-99.91535312775224,0
802,99.97099390870943,-99.97099390870943,0
803,99.99577721184302,-99.99577721184302,0
804,99.98636641384458,-99.98636641384458,0
805,99.97836924778552,-99.97836924778552,0
806,99.97195243442022,-99.97195243442022,0
807,100.07052468751293,-100.07052468751293,0
808,100.14815551363495,-100.14815551363495,0
809,100.23371884968776,-100.23371884968776,0
810,100.31084348355017,-100.31084348355017,0
811,100.37348579949979,-100.37348579949979,0
812,100.44312779286386,-100.44312779286386,0
813,100.5911302489161,-100.5911302489161,0
814,100.73609747236162,-100.73609747236162,0
815,100.83381828286328,-100.83381828286328,0
816,100.87499424835465,-100.87499424835465,0
817,100.89587737599382,-100.89587737599382,0
818,100.93251763766625,-100.93251763766625,0
819,100.94380568913391,-100.94380568913391,0
820,100.98615334065798,-100.98615334065798,0
821,101.04381471000674,-101.04381471000674,0
822,101.08403605843755,-101.08403605843755,0
823,101.18403542638744,-101.18403542638744,0
824,101.28055391734186,-101.28055391734186,0
825,101.50026607534674,-101.50026607534674,0
826,101.53574205099214,-101.53574205099214,0
827,101.53105831167385,-101.53105831167385,0
828,101.55795021700891,-101.55795021700891,0
829,101.55254811959233,-101.55254811959233,0
830,101.57791904718763,-101.57791904718763,0
831,101.69767050443697,-101.69767050443697,0
832,101.84821935693977,-101.84821935693977,0
833,101.9994331520623,-101.9994331520623,0
834,102.14606185220548,-102.14606185220548,0
835,102.28757094243201,-102.28757094243201,0
836,102.3953990126392,-102.3953990126392,0
837,102.50301905873388,-102.50301905873388,0
838,102.62020608075987,-102.62020608075987,0
839,102.70447908316045,-102.70447908316045,0
840,102.7617843579269,-102.7617843579269,0
841,102.79124314480849,-102.79124314480849,0
842,102.80523958836064,-102.80523958836064,0
843,102.81261450092558,-102.81261450092558,0
844,102.81184212527378,-102.81184212527378,0
845,102.82708332260488,-102.82708332260488,0
846,102.8680432758886,-102.8680432758886,0
847,102.92312447338794,-102.92312447338794,0
848,102.98614784667357,-102.98614784667357,0
849,103.07671242409538,-103.07671242409538,0
850,103.1491091514932,-103.1491091514932,0
851,103.20239965216206,-103.20239965216206,0
852,103.19387144236418,-103.19387144236418,0
853,103.57597324097682,-103.57597324097682,0
854,104.19678305805428,-104.19678305805428,0
855,104.82999267015205,-104.82999267015205,0
856,105.08661572013344,-105.08661572013344,0
857,105.31073073879097,-105.31073073879097,0
858,105.50976489707149,-105.50976489707149,0
859,105.69802182077487,-105.69802182077487,0
860,105.81232396218792,-105.81232396218792,0
861,105.91748728901037,-105.91748728901037,0
862,105.99626776696934,-105.99626776696934,0
863,106.04609827593818,-106.04609827593818,0
864,106.08239095696038,-106.08239095696038,0
865,106.10822493597534,-106.10822493597534,0
866,106.11928940754932,-106.11928940754932,0
867,106.13138615109504,-106.13138615109504,0
868,106.13550868174492,-106.13550868174492,0
869,106.13979046256661,-106.13979046256661,0
870,106.14437156026106,-106.14437156026106,0
871,106.20863638991604,-106.20863638991604,0
872,106.2476038359102,-106.2476038359102,0
873,106.36940145167324,-106.36940145167324,0
874,106.4360377417433,-106.4360377417433,0
875,106.49018921143316,-106.49018921143316,0
876,106.5116880324626,-106.5116880324626,0
877,106.51631633734439,-106.51631633734439,0
878,106.60671582482547,-106.60671582482547,0
879,106.74642662863103,-106.74642662863103,0
880,106.8932906769503,-106.8932906769503,0
881,107.05947506672628,-107.05947506672628,0
882,107.18581683334808,-107.18581683334808,0
883,107.30856555898772,-107.30856555898772,0
884,107.40537472665484,-107.40537472665484,0
885,107.58225902570528,-107.58225902570528,0
886,107.69026959116485,-107.69026959116485,0
887,107.76305056684784,-107.76305056684784,0
888,107.79585904665615,-107.79585904665615,0
889,107.81755198899917,-107.81755198899917,0
890,107.82886268605675,-107.82886268605675,0
891,107.85050411430477,-107.85050411430477,0
892,107.85716281550474,-107.85716281550474,0
893,107.86165422655394,-107.86165422655394,0
894,107.88071510148998,-107.88071510148998,0
895,107.93882456507147,-107.93882456507147,0
896,108.09285304719207,-108.09285304719207,0
897,108.22578472216544,-108.22578472216544,0
898,108.29986470146719,-108.29986470146719,0
899,108.31096783939218,-108.31096783939218,0
900,108.30795555562709,-108.30795555562709,0
901,108.31895702687984,-108.31895702687984,0
902,108.31249215919227,-108.31249215919227,0
903,108.3211481628416,-108.3211481628416,0
904,108.39957816788912,-108.39957816788912,0
905,108.60206659015404,-108.60206659015404,0
906,108.83231915153918,-108.83231915153918,0
907,108.9701255057525,-108.9701255057525,0
908,109.10691421505419,-109.10691421505419,0
909,109.23813629869878,-109.23813629869878,0
910,109.35647508091064,-109.35647508091064,0
911,109.4595936864753,-109.4595936864753,0
912,109.52115721943073,-109.52115721943073,0
913,109.56103461628152,-109.56103461628152,0
914,109.58955030704064,-109.58955030704064,0
915,109.61817227032888,-109.61817227032888,0
916,109.64661588161232,-109.64661588161232,0
917,109.68177845764671,-109.68177845764671,0
918,109.7203692833658,-109.7203692833658,0
919,109.77724754060021,-109.77724754060021,0
920,109.89627349716778,-109.89627349716778,0
921,110.0968838651577,-110.0968838651577,0
922,110.34283198174673,-110.34283198174673,0
923,110.91350747322971,-110.91350747322971,0
924,111.42043333056596,-111.42043333056596,0
925,111.6196813853052,-111.6196813853052,0
926,111.68874741200676,-111.68874741200676,0
927,111.82112965805578,-111.82112965805578,0
928,111.90222516769177,-111.90222516769177,0
929,112.08977038142697,-112.08977038142697,0
930,112.23475198763687,-112.23475198763687,0
931,112.4015489854421,-112.4015489854421,0
932,112.51851585401596,-112.51851585401596,0
933,112.62942202250812,-112.62942202250812,0
934,112.7173447036205,-112.7173447036205,0
935,112.7846898937176,-112.7846898937176,0
936,112.83352028499587,-112.83352028499587,0
937,112.86578178716238,-112.86578178716238,0
938,112.88561400934375,-112.88561400934375,0
939,112.90307268927931,-112.90307268927931,0
940,112.95039595456764,-112.95039595456764,0
941,112.98100584111164,-112.98100584111164,0
942,112.98567897394328,-112.98567897394328,0
943,113.04590543639887,-113.04590543639887,0
944,113.1163317519304,-113.1163317519304,0
945,113.11442252625548,-113.11442252625548,0
946,113.22511955739563,-113.22511955739563,0
947,113.38320072628898,-113.38320072628898,0
948,113.57098563667563,-113.57098563667563,0
949,113.66447677264934,-113.66447677264934,0
950,113.67140936172252,-113.67140936172252,0
951,113.76548219816709,-113.76548219816709,0
952,113.92518708538881,-113.92518708538881,0
953,114.09669848588028,-114.09669848588028,0
954,114.24756787581802,-114.24756787581802,0
955,114.39899529132742,-114.39899529132742,0
956,114.55143706707,-114.55143706707,0
957,114.68521361397151,-114.68521361397151,0
958,114.8197175979738,-114.8197175979738,0
959,114.92502486949405,-114.92502486949405,0
960,114.97655668983884,-114.97655668983884,0
961,115.0032017318057,-115.0032017318057,0
962,115.01652907959013,-115.01652907959013,0
963,115.02458968169762,-115.02458968169762,0
964,115.04060170876528,-115.04060170876528,0
965,115.04978722549865,-115.04978722549865,0
966,115.06209808466048,-115.06209808466048,0
967,115.11397733446331,-115.11397733446331,0
968,115.15583670600562,-115.15583670600562,0
969,115.219906626144,-115.219906626144,0
970,115.37467012374884,-115.37467012374884,0
971,115.42212293579396,-115.42212293579396,0
972,115.48772003653094,-115.48772003653094,0
973,115.52995225203637,-115.52995225203637,0
974,115.52933749734433,-115.52933749734433,0
975,115.54759662951591,-115.54759662951591,0
976,115.59285826493777,-115.59285826493777,0
977,115.69045057039621,-115.69045057039621,0
978,115.7800769150717,-115.7800769150717,0
979,115.89366370751615,-115.89366370751615,0
980,116.02124024442571,-116.02124024442571,0
981,116.12317013708835,-116.12317013708835,0
982,116.31533033953801,-116.31533033953801,0
983,116.43307688496863,-116.43307688496863,0
984,116.56859502101196,-116.56859502101196,0
985,116.6666530946143,-116.6666530946143,0
986,116.70937759872312,-116.70937759872312,0
987,116.73880244673148,-116.73880244673148,0
988,116.78061338907021,-116.78061338907021,0
989,116.79313477167935,-116.79313477167935,0
990,116.82979679268611,-116.82979679268611,0
991,116.91602766550771,-116.91602766550771,0
992,117.06236281216556,-117.06236281216556,0
993,117.20191463553134,-117.20191463553134,0
994,117.36991024736507,-117.36991024736507,0
995,117.61239082588939,-117.61239082588939,0
996,118.34814680842106,-118.34814680842106,0
997,119.08919221809501,-119.08919221809501,0
998,119.58123625515005,-119.58123625515005,0
999,119.89914796043932,-119.89914796043932,0
1000,120.08839270083968,-120.08839270083968,0
1001,120.20546030566148,-120.20546030566148,0
1002,120.36886990875104,-120.36886990875104,0
1003,120.54397912007894,-120.54397912007894,0
1004,120.67778530718034,-120.67778530718034,0
1005,120.85197798860258,-120.85197798860258,0
1006,120.974412868414,-120.974412868414,0
1007,121.04140830146859,-121.04140830146859,0
1008,121.09546635789663,-121.09546635789663,0
1009,121.12367829914272,-121.12367829914272,0
1010,121.14382934114836,-121.14382934114836,0
1011,121.1648615798144,-121.1648615798144,0
1012,121.18120414918872,-121.18120414918872,0
1013,121.20106252296549,-121.20106252296549,0
1014,121.23095707829016,-121.23095707829016,0
1015,121.2715541077099,-121.2715541077099,0
1016,121.39425551599601,-121.39425551599601,0
1017,121.50198016281067,-121.50198016281067,0
1018,121.58845864785559,-121.58845864785559,0
1019,121.66114255890552,-121.66114255890552,0
1020,121.72322067146145,-121.72322067146145,0
1021,121.84188175367444,-121.84188175367444,0
1022,121.94045608719455,-121.94045608719455,0
1023,122.03652620198612,-122.03652620198612,0
1024,122.13514643259684,-122.13514643259684,0
1025,122.25422577043199,-122.25422577043199,0
1026,122.42407954838313,-122.42407954838313,0
1027,122.5706144841875,-122.5706144841875,0
1028,122.70897682614932,-122.70897682614932,0
1029,122.80946872065024,-122.80946872065024,0
1030,122.88681424350595,-122.88681424350595,0
1031,122.93902932215403,-122.93902932215403,0
1032,122.96724291284657,-122.96724291284657,0
1033,122.98856086135815,-122.98856086135815,0
1034,123.01093493347817,-123.01093493347817,0
1035,123.01905094730688,-123.01905094730688,0
1036,123.04226157173575,-123.04226157173575,0
1037,123.05469685472517,-123.05469685472517,0
1038,123.06245316041799,-123.06245316041799,0
1039,123.12097666630756,-123.12097666630756,0
1040,123.19941351352529,-123.19941351352529,0
1041,123.37128928453065,-123.37128928453065,0
1042,123.53537463656997,-123.53537463656997,0
1043,123.70329082626424,-123.70329082626424,0
1044,123.81998262349929,-123.81998262349929,0
1045,123.89931148421731,-123.89931148421731,0
1046,123.98572064385398,-123.98572064385398,0
1047,124.10027974217807,-124.10027974217807,0
1048,124.23085555260667,-124.23085555260667,0
1049,124.35403786376588,-124.35403786376588,0
1050,124.46034384449246,-124.46034384449246,0
1051,124.60055585595758,-124.60055585595758,0
1052,124.75733150324,-124.75733150324,0
1053,124.84465263147922,-124.84465263147922,0
1054,124.98286242847634,-124.98286242847634,0
1055,125.07116116703646,-125.07116116703646,0
1056,125.12201713185054,-125.12201713185054,0
1057,125.15057047194277,-125.15057047194277,0
1058,125.1750383928563,-125.1750383928563,0
1059,125.20397308325037,-125.20397308325037,0
1060,125.22729204549161,-125.22729204549161,0
1061,125.26027777253103,-125.26027777253103,0
1062,125.27937254678923,-125.27937254678923,0
1063,125.4296685444566,-125.4296685444566,0
1064,126.13959213824647,-126.13959213824647,0
1065,126.82497385356555,-126.82497385356555,0
1066,127.59623397531864,-127.59623397531864,0
1067,128.272783375363,-128.272783375363,0
1068,128.67778588367085,-128.67778588367085,0
1069,128.8190397156583,-128.8190397156583,0
1070,128.8925553913811,-128.8925553913811,0
1071,128.991065238674,-128.991065238674,0
1072,129.1169507288573,-129.1169507288573,0
1073,129.24713556495394,-129.24713556495394,0
1074,129.38075812087294,-129.38075812087294,0
1075,129.48973644056974,-129.48973644056974,0
1076,129.59973270066646,-129.59973270066646,0
1077,129.71043114560473,-129.71043114560473,0
1078,129.82476621262737,-129.82476621262737,0
1079,129.91848142216736,-129.91848142216736,0
1080,129.97118557769684,-129.97118557769684,0
1081,130.01185745712317,-130.01185745712317,0
1082,130.03714924070735,-130.03714924070735,0
1083,130.0358769474487,-130.0358769474487,0
1084,130.07492211580515,-130.07492211580515,0
1085,130.0792264373247,-130.0792264373247,0
1086,130.10558908771844,-130.10558908771844,0
1087,130.2909270209831,-130.2909270209831,0
1088,130.41449782779543,-130.41449782779543,0
1089,130.5566415864376,-130.5566415864376,0
1090,130.63679738884133,-130.63679738884133,0
1091,130.81264190326073,-130.81264190326073,0
1092,130.94376696920745,-130.94376696920745,0
1093,131.06006445076085,-131.06006445076085,0
1094,131.17263608884537,-131.17263608884537,0
1095,131.27636736064878,-131.27636736064878,0
1096,131.40286047812026,-131.40286047812026,0
1097,131.47698664574597,-131.47698664574597,0
1098,131.63527551732687,-131.63527551732687,0
1099,131.7424387354726,-131.7424387354726,0
1100,131.86468399202724,-131.86468399202724,0
1101,131.9768123845405,-131.9768123845405,0
1102,132.10312425455385,-132.10312425455385,0
1103,132.17246920239234,-132.17246920239234,0
1104,132.22028025458678,-132.22028025458678,0
1105,132.25958393812354,-132.25958393812354,0
1106,132.27691188676306,-132.27691188676306,0
1107,132.30991681213277,-132.30991681213277,0
1108,132.34622980355766,-132.34622980355766,0
1109,132.387351118955,-132.387351118955,0
1110,132.42128107832065,-132.42128107832065,0
1111,132.4902159605858,-132.4902159605858,0
1112,132.60356001926044,-132.60356001926044,0
1113,132.688602073365,-132.688602073365,0
1114,132.87138219656967,-132.87138219656967,0
1115,133.0167717047834,-133.0167717047834,0
1116,133.10814133041455,-133.10814133041455,0
1117,133.1667955833895,-133.1667955833895,0
1118,133.19453588557053,-133.19453588557053,0
1119,133.2391332375654,-133.2391332375654,0
1120,133.3258096201902,-133.3258096201902,0
1121,133.450112770239,-133.450112770239,0
1122,133.55934323756452,-133.55934323756452,0
1123,133.69411851075913,-133.69411851075913,0
1124,133.83932455157318,-133.83932455157318,0
1125,133.94687486016628,-133.94687486016628,0
1126,134.04146632742393,-134.04146632742393,0
1127,134.09651151405023,-134.09651151405023,0
1128,134.13456370471457,-134.13456370471457,0
1129,134.15570999414996,-134.15570999414996,0
1130,134.16745791927252,-134.16745791927252,0
1131,134.19355688837416,-134.19355688837416,0
1132,134.2086054927854,-134.2086054927854,0
1133,134.2091958426236,-134.2091958426236,0
1134,134.22456268471666,-134.22456268471666,0
1135,134.2904348135467,-134.2904348135467,0
1136,134.3784152595144,-134.3784152595144,0
1137,134.47284988993826,-134.47284988993826,0
1138,134.5752037059267,-134.5752037059267,0
1139,134.69886357483037,-134.69886357483037,0
1140,135.23800628277993,-135.23800628277993,0
1141,136.05901144363168,-136.05901144363168,0
1142,136.78795785080447,-136.78795785080447,0
1143,137.26424409542574,-137.26424409542574,0
1144,137.51249738824558,-137.51249738824558,0
1145,137.63223114007317,-137.63223114007317,0
1146,137.74692549884688,-137.74692549884688,0
1147,137.82695979466314,-137.82695979466314,0
1148,137.94313904664264,-137.94313904664264,0
1149,138.12602922406938,-138.12602922406938,0
1150,138.24782914448448,-138.24782914448448,0
1151,138.32255495547474,-138.32255495547474,0
1152,138.3666019353738,-138.3666019353738,0
1153,138.39932712647254,-138.39932712647254,0
1154,138.41944446157004,-138.41944446157004,0
1155,138.43290981118759,-138.43290981118759,0
1156,138.45423574488635,-138.45423574488635,0
1157,138.47388996290854,-138.47388996290854,0
1158,138.4960822764938,-138.4960822764938,0
1159,138.538404425109,-138.538404425109,0
1160,138.66310924372348,-138.66310924372348,0
1161,138.88096411665293,-138.88096411665293,0
1162,138.94157760096434,-138.94157760096434,0
1163,138.93846641348946,-138.93846641348946,0
1164,138.92708328953645,-138.92708328953645,0
1165,138.92708013489326,-138.92708013489326,0
1166,138.9982733699014,-138.9982733699014,0
1167,139.11993021852743,-139.11993021852743,0
1168,139.18436246099446,-139.18436246099446,0
1169,139.25252373573767,-139.25252373573767,0
1170,139.39191430158252,-139.39191430158252,0
1171,139.49682427837726,-139.49682427837726,0
1172,139.60373779677292,-139.60373779677292,0
1173,139.69929055946236,-139.69929055946236,0
1174,139.7898343496435,-139.7898343496435,0
1175,139.8395684189303,-139.8395684189303,0
1176,139.8644699622105,-139.8644699622105,0
1177,139.8843551872077,-139.8843551872077,0
1178,139.89171633150957,-139.89171633150957,0
1179,139.89241033372008,-139.89241033372008,0
1180,139.8910784099871,-139.8910784099871,0
1181,139.89704149643524,-139.89704149643524,0
1182,139.90011504110723,-139.90011504110723,0
1183,139.96104363867897,-139.96104363867897,0
1184,140.02775669874023,-140.02775669874023,0
1185,140.12958819509413,-140.12958819509413,0
1186,140.14307024925748,-140.14307024925748,0
1187,140.13729183188033,-140.13729183188033,0
1188,140.38668118173499,-140.38668118173499,0
1189,140.55479773516737,-140.55479773516737,0
1190,140.5608218392815,-140.5608218392815,0
1191,140.5780168282311,-140.5780168282311,0
1192,140.58281679787117,-140.58281679787117,0
1193,140.71410680837124,-140.71410680837124,0
1194,141.17211878422688,-141.17211878422688,0
1195,141.8366390306576,-141.8366390306576,0
1196,142.60013115330983,-142.60013115330983,0
1197,143.27718009087326,-143.27718009087326,0
1198,144.01137632202773,-144.01137632202773,0
1199,144.71264579689554,-144.71264579689554,0
1200,145.295914152819,-145.295914152819,0
1201,145.558035823435,-145.558035823435,0
1202,145.644491291367,-145.644491291367,0
1203,145.68478742863687,-145.68478742863687,0
1204,145.707227614984,-145.707227614984,0
1205,145.73427354852183,-145.73427354852183,0
1206,145.75095614506307,-145.75095614506307,0
1207,145.80590520782053,-145.80590520782053,0
1208,145.87768771328453,-145.87768771328453,0
1209,146.33685496935135,-146.33685496935135,0
1210,146.73894715314128,-146.73894715314128,0
1211,146.95316891762548,-146.95316891762548,0
1212,147.09662417785614,-147.09662417785614,0
1213,147.17223514163814,-147.17223514163814,0
1214,147.2082126091549,-147.2082126091549,0
1215,147.3303245153571,-147.3303245153571,0
1216,147.52265718700667,-147.52265718700667,0
1217,147.70875528196893,-147.70875528196893,0
1218,147.87579213949144,-147.87579213949144,0
1219,147.99702301041395,-147.99702301041395,0
1220,148.1416565196419,-148.1416565196419,0
1221,148.24958790786482,-148.24958790786482,0
1222,148.36880328327527,-148.36880328327527,0
1223,148.4725610097673,-148.4725610097673,0
1224,148.57562768213376,-148.57562768213376,0
1225,148.6368225142433,-148.6368225142433,0
1226,148.6745781416623,-148.6745781416623,0
1227,148.69778645179287,-148.69778645179287,0
1228,148.6968733319086,-148.6968733319086,0
1229,148.70548595555925,-148.70548595555925,0
1230,148.7708127449535,-148.7708127449535,0
1231,148.83199444587925,-148.83199444587925,0
1232,148.9064496662988,-148.9064496662988,0
1233,149.03159923174354,-149.03159923174354,0
1234,149.09964293084784,-149.09964293084784,0
1235,149.1046641833849,-149.1046641833849,0
1236,149.09329514440512,-149.09329514440512,0
1237,149.07388429264273,-149.07388429264273,0
1238,149.07943461802154,-149.07943461802154,0
1239,149.19477541911087,-149.19477541911087,0
1240,149.30705666337315,-149.30705666337315,0
1241,149.47721916415645,-149.47721916415645,0
1242,149.65336232966465,-149.65336232966465,0
1243,149.76143468155084,-149.76143468155084,0
1244,149.86271420533362,-149.86271420533362,0
1245,150.0069910422014,-150.0069910422014,0
1246,150.13575181048944,-150.13575181048944,0
1247,150.2362366300671,-150.2362366300671,0
1248,150.32193196252436,-150.32193196252436,0
1249,150.3514710196518,-150.3514710196518,0
1250,150.36670432160253,-150.36670432160253,0
1251,150.37517689061875,-150.37517689061875,0
1252,150.380162549324,-150.380162549324,0
1253,150.3911709989394,-150.3911709989394,0
1254,150.40455979847962,-150.40455979847962,0
1255,150.460878186485,-150.460878186485,0
1256,150.5472640752853,-150.5472640752853,0
1257,150.6699609135992,-150.6699609135992,0
1258,150.75059311821784,-150.75059311821784,0
1259,150.85022336598058,-150.85022336598058,0
1260,150.89460124798606,-150.89460124798606,0
1261,150.93240283232146,-150.93240283232146,0
1262,151.02090174623606,-151.02090174623606,0
1263,151.14137810734684,-151.14137810734684,0
1264,151.2635160876379,-151.2635160876379,0
1265,151.40713037859973,-151.40713037859973,0
1266,151.55333939951916,-151.55333939951916,0
1267,151.6953313690081,-151.6953313690081,0
1268,151.8131056072028,-151.8131056072028,0
1269,151.90802832107153,-151.90802832107153,0
1270,151.99351497652225,-151.99351497652225,0
1271,152.06061979621853,-152.06061979621853,0
1272,152.0948213664456,-152.0948213664456,0
1273,152.11568924987094,-152.11568924987094,0
1274,152.12899265212528,-152.12899265212528,0
1275,152.13481737586474,-152.13481737586474,0
1276,152.1387916404448,-152.1387916404448,0
1277,152.13932236973145,-152.13932236973145,0
1278,152.13915026446892,-152.13915026446892,0
1279,152.20193197619014,-152.20193197619014,0
1280,152.35016081302277,-152.35016081302277,0
1281,152.4776403362853,-152.4776403362853,0
1282,152.57375088687027,-152.57375088687027,0
1283,152.63222083704005,-152.63222083704005,0
1284,152.6479325066212,-152.6479325066212,0
1285,152.6520393393266,-152.6520393393266,0
1286,152.6645885801826,-152.6645885801826,0
1287,152.69977937031067,-152.69977937031067,0
1288,152.82045479401688,-152.82045479401688,0
1289,152.89686468522657,-152.89686468522657,0
1290,153.08108844376855,-153.08108844376855,0
1291,153.20246740519767,-153.20246740519767,0
1292,153.36307646508217,-153.36307646508217,0
1293,153.4615363392886,-153.4615363392886,0
1294,153.5454021247652,-153.5454021247652,0
1295,153.60158861874535,-153.60158861874535,0
1296,153.62817843767684,-153.62817843767684,0
1297,153.65038864159993,-153.65038864159993,0
1298,153.65870513024726,-153.65870513024726,0
1299,153.65838498569627,-153.65838498569627,0
1300,153.6586603660025,-153.6586603660025,0
1301,153.6592688181068,-153.6592688181068,0
1302,153.6613084203305,-153.6613084203305,0
1303,153.70577910944974,-153.70577910944974,0
1304,153.81123821984556,-153.81123821984556,0
1305,153.80844885055245,-153.80844885055245,0
1306,153.80699697964317,-153.80699697964317,0
1307,153.80377779776825,-153.80377779776825,0
1308,153.8013928052893,-153.8013928052893,0
1309,153.7961784665973,-153.7961784665973,0
1310,153.78903207449983,-153.78903207449983,0
1311,153.86348295871989,-153.86348295871989,0
1312,153.90939759842934,-153.90939759842934,0
1313,153.94659436413994,-153.94659436413994,0
1314,154.03754134809782,-154.03754134809782,0
1315,154.14042928297476,-154.14042928297476,0
1316,154.27205121642427,-154.27205121642427,0
1317,154.3635528462411,-154.3635528462411,0
1318,154.45052824972603,-154.45052824972603,0
1319,154.50585469210034,-154.50585469210034,0
1320,154.53199233252266,-154.53199233252266,0
1321,154.55221271847265,-154.55221271847265,0
1322,154.5622338254294,-154.5622338254294,0
1323,154.5643997173415,-154.5643997173415,0
1324,154.5813381233837,-154.5813381233837,0
1325,154.59205992898194,-154.59205992898194,0
1326,154.61421489014552,-154.61421489014552,0
1327,155.10870755827807,-155.10870755827807,0
1328,155.79838801866586,-155.79838801866586,0
1329,156.58121067198013,-156.58121067198013,0
1330,157.35191509540326,-157.35191509540326,0
1331,158.41139187046682,-158.41139187046682,0
1332,159.08184995301357,-159.08184995301357,0
1333,159.78424411249668,-159.78424411249668,0
1334,160.16111612412266,-160.16111612412266,0
1335,160.31064508039083,-160.31064508039083,0
1336,160.46701507843358,-160.46701507843358,0
1337,160.5373404543688,-160.5373404543688,0
1338,160.6037829817971,-160.6037829817971,0
1339,160.67574383148363,-160.67574383148363,0
1340,160.7360366980489,-160.7360366980489,0
1341,160.80501804746288,-160.80501804746288,0
1342,160.86404976275344,-160.86404976275344,0
1343,160.89852133778334,-160.89852133778334,0
1344,160.9237542240446,-160.9237542240446,0
1345,160.94244756669957,-160.94244756669957,0
1346,160.93699714666067,-160.93699714666067,0
1347,160.93198929755243,-160.93198929755243,0
1348,160.9251829619063,-160.9251829619063,0
1349,160.91975869286154,-160.91975869286154,0
1350,160.91535155187685,-160.91535155187685,0
1351,160.99067694034636,-160.99067694034636,0
1352,161.0055349587022,-161.0055349587022,0
1353,161.05831449661915,-161.05831449661915,0
1354,161.0916321647979,-161.0916321647979,0
1355,161.09014553429762,-161.09014553429762,0
1356,161.16637556054596,-161.16637556054596,0
1357,161.24008021279317,-161.24008021279317,0
1358,161.29001360863506,-161.29001360863506,0
1359,161.36919234412613,-161.36919234412613,0
1360,161.4659695106104,-161.4659695106104,0
1361,161.546841576788,-161.546841576788,0
1362,161.60759375625483,-161.60759375625483,0
1363,161.73276125191197,-161.73276125191197,0
1364,161.8693190010304,-161.8693190010304,0
1365,161.98555217992168,-161.98555217992168,0
1366,162.0809548842133,-162.0809548842133,0
1367,162.142612772057,-162.142612772057,0
1368,162.18469520444526,-162.18469520444526,0
1369,162.21324594191643,-162.21324594191643,0
1370,162.2289286960157,-162.2289286960157,0
1371,162.24192715642513,-162.24192715642513,0
1372,162.2508975426522,-162.2508975426522,0
1373,162.2617297132841,-162.2617297132841,0
1374,162.2724046899994,-162.2724046899994,0
1375,162.31116218632587,-162.31116218632587,0
1376,162.37037495481513,-162.37037495481513,0
1377,162.45802352060295,-162.45802352060295,0
1378,162.54297564475772,-162.54297564475772,0
1379,162.60647648454514,-162.60647648454514,0
1380,162.67338167194964,-162.67338167194964,0
1381,162.73762160722077,-162.73762160722077,0
1382,162.7900650890644,-162.7900650890644,0
1383,162.85050768660315,-162.85050768660315,0
1384,162.962319562358,-162.962319562358,0
1385,163.0699389282855,-163.0699389282855,0
1386,163.15149636681838,-163.15149636681838,0
1387,163.40574482569266,-163.40574482569266,0
1388,163.6075596719962,-163.6075596719962,0
1389,163.73114784969817,-163.73114784969817,0
1390,163.88809461152889,-163.88809461152889,0
1391,163.9970654971759,-163.9970654971759,0
1392,164.0606646140038,-164.0606646140038,0
1393,164.08907899270034,-164.08907899270034,0
1394,164.1061308810806,-164.1061308810806,0
1395,164.1162337634958,-164.1162337634958,0
1396,164.12394562776984,-164.12394562776984,0
1397,164.12479771212742,-164.12479771212742,0
1398,164.13083519495345,-164.13083519495345,0
1399,164.17163547871823,-164.17163547871823,0
1400,164.2606130659261,-164.2606130659261,0
1401,164.343706523202,-164.343706523202,0
1402,164.40759220422535,-164.40759220422535,0
1403,164.47078466834935,-164.47078466834935,0
1404,164.50671674995024,-164.50671674995024,0
1405,164.63489804028686,-164.63489804028686,0
1406,164.70123937113206,-164.70123937113206,0
1407,164.7680925528132,-164.7680925528132,0
1408,164.86611798654138,-164.86611798654138,0
1409,164.96888854726785,-164.96888854726785,0
1410,165.05123952643407,-165.05123952643407,0
1411,165.2196824299193,-165.2196824299193,0
1412,165.32778256324409,-165.32778256324409,0
1413,165.4059622495459,-165.4059622495459,0
1414,165.48060185088963,-165.48060185088963,0
1415,165.54318529833296,-165.54318529833296,0
1416,165.5744597835198,-165.5744597835198,0
1417,165.5959646271359,-165.5959646271359,0
1418,165.60719429399126,-165.60719429399126,0
1419,165.61043535336114,-165.61043535336114,0
1420,165.6147003632731,-165.6147003632731,0
1421,165.6179121419265,-165.6179121419265,0
1422,165.62273796642737,-165.62273796642737,0
1423,165.66691593872852,-165.66691593872852,0
1424,165.70813727653376,-165.70813727653376,0
1425,165.74672465701147,-165.74672465701147,0
1426,165.85038940152626,-165.85038940152626,0
1427,165.8945280184219,-165.8945280184219,0
1428,165.96548960389643,-165.96548960389643,0
1429,165.99942931650327,-165.99942931650327,0
1430,166.0507533841927,-166.0507533841927,0
1431,166.09881065135784,-166.09881065135784,0
1432,166.14288483774308,-166.14288483774308,0
1433,166.16665959586575,-166.16665959586575,0
1434,166.1981857411939,-166.1981857411939,0
1435,166.30271176143447,-166.30271176143447,0
1436,166.34716898171274,-166.34716898171274,0
1437,166.3954206292711,-166.3954206292711,0
1438,166.46220520376443,-166.46220520376443,0
1439,166.51148961532178,-166.51148961532178,0
1440,166.54088721859668,-166.54088721859668,0
1441,166.56584148139976,-166.56584148139976,0
1442,166.5783344080135,-166.5783344080135,0
1443,166.5871913671417,-166.5871913671417,0
1444,166.6016932251125,-166.6016932251125,0
1445,166.6025037841315,-166.6025037841315,0
1446,166.61281313317764,-166.61281313317764,0
1447,166.6434527020031,-166.6434527020031,0
1448,166.7576194800052,-166.7576194800052,0
1449,166.88852611314505,-166.88852611314505,0
1450,166.8969031784767,-166.8969031784767,0
1451,166.89100998183014,-166.89100998183014,0
1452,166.87939465393112,-166.87939465393112,0
1453,166.86213432869394,-166.86213432869394,0
1454,166.84419383308514,-166.84419383308514,0
1455,166.838560985373,-166.838560985373,0
1456,166.86664238069935,-166.86664238069935,0
1457,166.88243571854744,-166.88243571854744,0
1458,166.93149122739,-166.93149122739,0
1459,167.00387456064672,-167.00387456064672,0
1460,167.06234999123532,-167.06234999123532,0
1461,167.1301326681153,-167.1301326681153,0
1462,167.2269023311078,-167.2269023311078,0
1463,167.2782547788082,-167.2782547788082,0
1464,167.30663779123068,-167.30663779123068,0
1465,167.32457044945613,-167.32457044945613,0
1466,167.33782518811293,-167.33782518811293,0
1467,167.34837902586816,-167.34837902586816,0
1468,167.35892996785955,-167.35892996785955,0
1469,167.37779942517153,-167.37779942517153,0
1470,167.3975870076765,-167.3975870076765,0
1471,167.4452905329734,-167.4452905329734,0
1472,167.49842305837106,-167.49842305837106,0
1473,167.55042863941102,-167.55042863941102,0
1474,167.65040600464891,-167.65040600464891,0
1475,168.13915429136637,-168.13915429136637,0
1476,168.65991202974195,-168.65991202974195,0
1477,168.81994715941468,-168.81994715941468,0
1478,169.09100471590753,-169.09100471590753,0
1479,169.350657754591,-169.350657754591,0
1480,169.45788489420278,-169.45788489420278,0
1481,169.51920418911686,-169.51920418911686,0
1482,169.5870243798195,-169.5870243798195,0
1483,169.67114419357628,-169.67114419357628,0
1484,169.73811346178826,-169.73811346178826,0
1485,169.8706732572232,-169.8706732572232,0
1486,169.99114170932924,-169.99114170932924,0
1487,170.05425582834343,-170.05425582834343,0
1488,170.11015368911515,-170.11015368911515,0
1489,170.13581503515388,-170.13581503515388,0
1490,170.14752633099656,-170.14752633099656,0
1491,170.16241299743905,-170.16241299743905,0
1492,170.17173544645664,-170.17173544645664,0
1493,170.17341045086573,-170.17341045086573,0
1494,170.1683230555431,-170.1683230555431,0
1495,170.18045411223312,-170.18045411223312,0
1496,170.20298043278285,-170.20298043278285,0
1497,170.25556755445757,-170.25556755445757,0
1498,170.25764409619623,-170.25764409619623,0
1499,170.276192226916,-170.276192226916,0
1500,170.3298834978767,-170.3298834978767,0
1501,170.3967612735787,-170.3967612735787,0
1502,170.43576270216482,-170.43576270216482,0
1503,170.50111695849645,-170.50111695849645,0
1504,170.56468930121156,-170.56468930121156,0
1505,170.6745462194982,-170.6745462194982,0
1506,170.7632143622212,-170.7632143622212,0
1507,170.8928497596028,-170.8928497596028,0
1508,171.03783046815158,-171.03783046815158,0
1509,171.1654842571495,-171.1654842571495,0
1510,171.2864045330454,-171.2864045330454,0
1511,171.34981251222516,-171.34981251222516,0
1512,171.40036895155467,-171.40036895155467,0
1513,171.4237260957411,-171.4237260957411,0
1514,171.43990701205976,-171.43990701205976,0
1515,171.4512818039944,-171.4512818039944,0
1516,171.45515935696505,-171.45515935696505,0
1517,171.47476960662735,-171.47476960662735,0
1518,171.49265456068468,-171.49265456068468,0
1519,171.54378013896687,-171.54378013896687,0
1520,171.6046219998544,-171.6046219998544,0
1521,171.7494320347419,-171.7494320347419,0
1522,171.86654709729527,-171.86654709729527,0
1523,171.96597522953715,-171.96597522953715,0
1524,172.0490151562788,-172.0490151562788,0
1525,172.2017041238509,-172.2017041238509,0
1526,172.37554833990214,-172.37554833990214,0
1527,172.5302304479399,-172.5302304479399,0
1528,172.7562416555851,-172.7562416555851,0
1529,172.87334139564229,-172.87334139564229,0
1530,173.04570966153756,-173.04570966153756,0
1531,173.21547296312843,-173.21547296312843,0
1532,173.38819847134263,-173.38819847134263,0
1533,173.55727058498678,-173.55727058498678,0
1534,173.7011752839536,-173.7011752839536,0
1535,173.77606695277944,-173.77606695277944,0
1536,173.8377267434759,-173.8377267434759,0
1537,173.88618642633872,-173.88618642633872,0
1538,173.92731613597687,-173.92731613597687,0
1539,173.95812998612345,-173.95812998612345,0
1540,173.974399448634,-173.974399448634,0
1541,173.99346057351607,-173.99346057351607,0
1542,174.04272334508366,-174.04272334508366,0
1543,174.48597625943086,-174.48597625943086,0
1544,174.98252587781838,-174.98252587781838,0
1545,175.21562314897662,-175.21562314897662,0
1546,175.59862836959198,-175.59862836959198,0
1547,175.89513191339648,-175.89513191339648,0
1548,175.9289260965424,-175.9289260965424,0
1549,175.92396475604585,-175.92396475604585,0
1550,176.02185891821205,-176.02185891821205,0
1551,176.68798478447135,-176.68798478447135,0
1552,177.4340482769575,-177.4340482769575,0
1553,177.74713216046865,-177.74713216046865,0
1554,177.89495150312953,-177.89495150312953,0
1555,178.07817924816104,-178.07817924816104,0
1556,178.20499684963548,-178.20499684963548,0
1557,178.30801222648736,-178.30801222648736,0
1558,178.39878328176584,-178.39878328176584,0
1559,178.5023175747284,-178.5023175747284,0
1560,178.5426921378709,-178.5426921378709,0
1561,178.5637422553238,-178.5637422553238,0
1562,178.56028294305023,-178.56028294305023,0
1563,178.5583463714365,-178.5583463714365,0
1564,178.56053763642186,-178.56053763642186,0
1565,178.55039636886934,-178.55039636886934,0
1566,178.551368790261,-178.551368790261,0
1567,179.03935293662502,-179.03935293662502,0
1568,179.80678203195063,-179.80678203195063,0
1569,180.54709571610675,-180.54709571610675,0
1570,181.38890985056543,-181.38890985056543,0
1571,182.12842652364617,-182.12842652364617,0
1572,182.46774738243582,-182.46774738243582,0
1573,182.55040341072956,-182.55040341072956,0
1574,182.54606891608515,-182.54606891608515,0
1575,182.6212164674983,-182.6212164674983,0
1576,182.74473600567927,-182.74473600567927,0
1577,182.86213529059566,-182.86213529059566,0
1578,182.95726601006388,-182.95726601006388,0
1579,183.07385914272467,-183.07385914272467,0
1580,183.18577806452336,-183.18577806452336,0
1581,183.29800897977265,-183.29800897977265,0
1582,183.39382214526665,-183.39382214526665,0
1583,183.46524734506374,-183.46524734506374,0
1584,183.50579475827374,-183.50579475827374,0
1585,183.52599320847347,-183.52599320847347,0
1586,183.52182771854456,-183.52182771854456,0
1587,183.51738324597267,-183.51738324597267,0
1588,183.51436066878435,-183.51436066878435,0
1589,183.50522862182953,-183.50522862182953,0
1590,183.5183654197383,-183.5183654197383,0
1591,183.72358568547355,-183.72358568547355,0
1592,183.85100584753428,-183.85100584753428,0
1593,183.9753418890893,-183.9753418890893,0
1594,184.11547701986774,-184.11547701986774,0
1595,184.19939976224666,-184.19939976224666,0
1596,184.22681234728663,-184.22681234728663,0
1597,184.23062415872198,-184.23062415872198,0
1598,184.25082959327833,-184.25082959327833,0
1599,184.26179490312435,-184.26179490312435,0
1600,184.28546028792502,-184.28546028792502,0
1601,184.35281755658193,-184.35281755658193,0
1602,184.4324589728135,-184.4324589728135,0
1603,184.57617285560366,-184.57617285560366,0
1604,184.71581142657686,-184.71581142657686,0
1605,184.8328157330631,-184.8328157330631,0
1606,184.94101453964382,-184.94101453964382,0
1607,185.01282069245363,-185.01282069245363,0
1608,185.04740429135222,-185.04740429135222,0
1609,185.065932342088,-185.065932342088,0
1610,185.0667994197701,-185.0667994197701,0
1611,185.06796536109937,-185.06796536109937,0
1612,185.0767467941692,-185.0767467941692,0
1613,185.08180247502284,-185.08180247502284,0
1614,185.10784754417534,-185.10784754417534,0
1615,185.17643421002506,-185.17643421002506,0
1616,185.2313196978217,-185.2313196978217,0
1617,185.29725242170312,-185.29725242170312,0
1618,185.36709504591855,-185.36709504591855,0
1619,185.40375884126846,-185.40375884126846,0
1620,185.40303138256127,-185.40303138256127,0
1621,185.39837799741537,-185.39837799741537,0
1622,186.1928713292926,-186.1928713292926,0
1623,186.70932889271091,-186.70932889271091,0
1624,187.02256383087752,-187.02256383087752,0
1625,187.237528211122,-187.237528211122,0
1626,187.43521123972192,-187.43521123972192,0
1627,187.62869132490084,-187.62869132490084,0
1628,187.84015641338252,-187.84015641338252,0
1629,187.99429029775663,-187.99429029775663,0
1630,188.1294225186484,-188.1294225186484,0
1631,188.21552515355808,-188.21552515355808,0
1632,188.27108493401386,-188.27108493401386,0
1633,188.29857352514387,-188.29857352514387,0
1634,188.3124965062602,-188.3124965062602,0
1635,188.32201926464933,-188.32201926464933,0
1636,188.33429980330135,-188.33429980330135,0
1637,188.34303471811023,-188.34303471811023,0
1638,188.35151336743596,-188.35151336743596,0
1639,188.41992454963835,-188.41992454963835,0
1640,188.4890705707107,-188.4890705707107,0
1641,188.53495463901692,-188.53495463901692,0
1642,188.73893483401474,-188.73893483401474,0
1643,188.85180825091516,-188.85180825091516,0
1644,189.30417504853048,-189.30417504853048,0
1645,189.51419864907763,-189.51419864907763,0
1646,189.623570800737,-189.623570800737,0
1647,189.71747194348555,-189.71747194348555,0
1648,189.78698174556055,-189.78698174556055,0
1649,189.86262555239176,-189.86262555239176,0
1650,189.94945377584972,-189.94945377584972,0
1651,190.05126636195416,-190.05126636195416,0
1652,190.2146140769893,-190.2146140769893,0
1653,190.34551051367222,-190.34551051367222,0
1654,190.4576382377386,-190.4576382377386,0
1655,190.54406706144127,-190.54406706144127,0
1656,190.60794740781455,-190.60794740781455,0
1657,190.6363333377542,-190.6363333377542,0
1658,190.6577186873589,-190.6577186873589,0
1659,190.6731937086446,-190.6731937086446,0
1660,190.68417504126637,-190.68417504126637,0
1661,190.68980440743547,-190.68980440743547,0
1662,190.69816778321945,-190.69816778321945,0
1663,190.72695488040367,-190.72695488040367,0
1664,190.84248302455035,-190.84248302455035,0
1665,191.3710170562488,-191.3710170562488,0
1666,191.90529460594834,-191.90529460594834,0
1667,192.2308954159158,-192.2308954159158,0
1668,192.4578984545936,-192.4578984545936,0
1669,192.5483464254952,-192.5483464254952,0
1670,192.60963928552292,-192.60963928552292,0
1671,192.67506930941767,-192.67506930941767,0
1672,192.7664400131065,-192.7664400131065,0
1673,192.8562312563293,-192.8562312563293,0
1674,192.934414131723,-192.934414131723,0
1675,193.036757979821,-193.036757979821,0
1676,193.13979244907097,-193.13979244907097,0
1677,193.2366780138177,-193.2366780138177,0
1678,193.34195970299618,-193.34195970299618,0
1679,193.3950835504204,-193.3950835504204,0
1680,193.43563887424938,-193.43563887424938,0
1681,193.4589528565982,-193.4589528565982,0
1682,193.47053264087364,-193.47053264087364,0
1683,193.47079323829664,-193.47079323829664,0
1684,193.46483355980746,-193.46483355980746,0
1685,193.46034921614972,-193.46034921614972,0
1686,193.47954608889586,-193.47954608889586,0
1687,193.51987686649983,-193.51987686649983,0
1688,193.57034112739566,-193.57034112739566,0
1689,193.79695486643485,-193.79695486643485,0
1690,194.00048429090506,-194.00048429090506,0
1691,194.19105672461785,-194.19105672461785,0
1692,194.38905325079602,-194.38905325079602,0
1693,194.5513502430876,-194.5513502430876,0
1694,194.6722920337121,-194.6722920337121,0
1695,194.79871675906372,-194.79871675906372,0
1696,194.9136618968456,-194.9136618968456,0
1697,195.1001772093114,-195.1001772093114,0
1698,195.2475475211718,-195.2475475211718,0
1699,195.38337241026377,-195.38337241026377,0
1700,195.57129992108753,-195.57129992108753,0
1701,195.697291368795,-195.697291368795,0
1702,195.79327831173114,-195.79327831173114,0
1703,195.852303370317,-195.852303370317,0
1704,195.89139202025163,-195.89139202025163,0
1705,195.91181152498655,-195.91181152498655,0
1706,195.92324458323654,-195.92324458323654,0
1707,195.93015659140866,-195.93015659140866,0
1708,195.92850393877174,-195.92850393877174,0
1709,195.93704713374956,-195.93704713374956,0
1710,195.9435742787508,-195.9435742787508,0
1711,195.9778893271526,-195.9778893271526,0
1712,196.0360612273545,-196.0360612273545,0
1713,196.09905979730885,-196.09905979730885,0
1714,196.65591817602677,-196.65591817602677,0
1715,197.224981278035,-197.224981278035,0
1716,197.4862699489172,-197.4862699489172,0
1717,197.66165918602343,-197.66165918602343,0
1718,197.83052126452853,-197.83052126452853,0
1719,198.00866093096775,-198.00866093096775,0
1720,198.20168043346803,-198.20168043346803,0
1721,198.31741735648868,-198.31741735648868,0
1722,198.40433238994024,-198.40433238994024,0
1723,198.5031110941776,-198.5031110941776,0
1724,198.69372525460602,-198.69372525460602,0
1725,198.87624039396286,-198.87624039396286,0
1726,198.96360420558244,-198.96360420558244,0
1727,199.02683016877288,-199.02683016877288,0
1728,199.05835800934162,-199.05835800934162,0
1729,199.07962573542022,-199.07962573542022,0
1730,199.0913441565324,-199.0913441565324,0
1731,199.09542963873258,-199.09542963873258,0
1732,199.10480088915523,-199.10480088915523,0
1733,199.0973412387435,-199.0973412387435,0
1734,199.09596450642584,-199.09596450642584,0
1735,199.14959781317523,-199.14959781317523,0
1736,199.17615089380556,-199.17615089380556,0
1737,199.27809886851517,-199.27809886851517,0
1738,199.3496229904064,-199.3496229904064,0
1739,199.40793839300514,-199.40793839300514,0
1740,199.40566332328484,-199.40566332328484,0
1741,199.39962461503117,-199.39962461503117,0
1742,199.39258217126354,-199.39258217126354,0
1743,199.40673595848276,-199.40673595848276,0
1744,199.45432867485516,-199.45432867485516,0
1745,199.5637716196917,-199.5637716196917,0
1746,199.69003877250188,-199.69003877250188,0
1747,199.81186400851038,-199.81186400851038,0
1748,199.94814739670258,-199.94814739670258,0
1749,200.06640185463132,-200.06640185463132,0
1750,200.16255898136612,-200.16255898136612,0
1751,200.23658883120757,-200.23658883120757,0
1752,200.2860918413351,-200.2860918413351,0
1753,200.33280408663128,-200.33280408663128,0
1754,200.35391975253182,-200.35391975253182,0
1755,200.38640763273796,-200.38640763273796,0
1756,200.4003291754819,-200.4003291754819,0
1757,200.42641188925188,-200.42641188925188,0
1758,200.45647092057263,-200.45647092057263,0
1759,200.5090307719727,-200.5090307719727,0
1760,200.56656160745726,-200.56656160745726,0
1761,200.61884139297769,-200.61884139297769,0
1762,200.61001169819383,-200.61001169819383,0
1763,200.6056160701181,-200.6056160701181,0
1764,200.5960454147819,-200.5960454147819,0
1765,200.5842311357378,-200.5842311357378,0
1766,200.58387838847216,-200.58387838847216,0
1767,200.57631943877206,-200.57631943877206,0
1768,200.69674024672878,-200.69674024672878,0
1769,201.08296332939352,-201.08296332939352,0
1770,201.32874010427054,-201.32874010427054,0
1771,201.50572736556765,-201.50572736556765,0
1772,201.6325658355384,-201.6325658355384,0
1773,201.7504525817216,-201.7504525817216,0
1774,201.86925257964512,-201.86925257964512,0
1775,201.95929300748358,-201.95929300748358,0
1776,202.01905262362774,-202.01905262362774,0
1777,202.0650892455378,-202.0650892455378,0
1778,202.09057431376365,-202.09057431376365,0
1779,202.1263722006313,-202.1263722006313,0
1780,202.15267449046496,-202.15267449046496,0
1781,202.18436030459463,-202.18436030459463,0
1782,202.2120911859254,-202.2120911859254,0
1783,202.5626227848612,-202.5626227848612,0
1784,203.2521116747479,-203.2521116747479,0
1785,204.07467757201476,-204.07467757201476,0
1786,204.9376966958961,-204.9376966958961,0
1787,205.61796752012748,-205.61796752012748,0
1788,205.80536681377825,-205.80536681377825,0
1789,205.8022792121998,-205.8022792121998,0
1790,205.79664193878108,-205.79664193878108,0
1791,205.78601417691027,-205.78601417691027,0
1792,205.7913784635151,-205.7913784635151,0
1793,205.91183739632132,-205.91183739632132,0
1794,206.0713034701495,-206.0713034701495,0
1795,206.1790143294388,-206.1790143294388,0
1796,206.2995905545188,-206.2995905545188,0
1797,206.40070157824323,-206.40070157824323,0
1798,206.5140617387038,-206.5140617387038,0
1799,206.57867456048908,-206.57867456048908,0
1800,206.62893080418232,-206.62893080418232,0
1801,206.65717258186476,-206.65717258186476,0
1802,206.65519032078376,-206.65519032078376,0
1803,206.65013224343397,-206.65013224343397,0
1804,206.64708170255486,-206.64708170255486,0
1805,206.64084264166632,-206.64084264166632,0
1806,206.64878283142167,-206.64878283142167,0
1807,206.68985110629473,-206.68985110629473,0
1808,206.95343892967682,-206.95343892967682,0
1809,207.55552148346106,-207.55552148346106,0
1810,208.45169216321565,-208.45169216321565,0
1811,208.935136748198,-208.935136748198,0
1812,209.1403890864567,-209.1403890864567,0
1813,209.16650993584116,-209.16650993584116,0
1814,209.1636895580021,-209.1636895580021,0
1815,209.16124771983755,-209.16124771983755,0
1816,209.16050225352214,-209.16050225352214,0
1817,209.16142173313523,-209.16142173313523,0
1818,209.2013458130693,-209.2013458130693,0
1819,209.2656791228134,-209.2656791228134,0
1820,209.3422415032671,-209.3422415032671,0
1821,209.43212465426595,-209.43212465426595,0
1822,209.51636916790903,-209.51636916790903,0
1823,209.57517142929893,-209.57517142929893,0
1824,209.60589161762712,-209.60589161762712,0
1825,209.62426251624652,-209.62426251624652,0
1826,209.63527168864528,-209.63527168864528,0
1827,209.63399585805664,-209.63399585805664,0
1828,209.6291005649828,-209.6291005649828,0
1829,209.62577130300488,-209.62577130300488,0
1830,209.64849129608368,-209.64849129608368,0
1831,209.67136375363654,-209.67136375363654,0
1832,209.73198324953725,-209.73198324953725,0
1833,209.83923006207007,-209.83923006207007,0
1834,209.91768097488188,-209.91768097488188,0
1835,210.53225680357093,-210.53225680357093,0
1836,210.80337700006274,-210.80337700006274,0
1837,211.2868661541155,-211.2868661541155,0
1838,211.3882641052563,-211.3882641052563,0
1839,211.4341546648853,-211.4341546648853,0
1840,211.4599723834271,-211.4599723834271,0
1841,211.46936631898973,-211.46936631898973,0
1842,211.4985860880061,-211.4985860880061,0
1843,211.54370261176166,-211.54370261176166,0
1844,211.61943244666261,-211.61943244666261,0
1845,211.67202557226824,-211.67202557226824,0
1846,211.7365798968553,-211.7365798968553,0
1847,211.77354485585332,-211.77354485585332,0
1848,211.7939374365929,-211.7939374365929,0
1849,211.81013698428958,-211.81013698428958,0
1850,211.81976354265618,-211.81976354265618,0
1851,211.8296527364963,-211.8296527364963,0
1852,211.8334181821294,-211.8334181821294,0
1853,211.84289241158083,-211.84289241158083,0
1854,211.83566024498154,-211.83566024498154,0
1855,211.83475707969978,-211.83475707969978,0
1856,211.82347181268904,-211.82347181268904,0
1857,212.02985431654199,-212.02985431654199,0
1858,212.02886541891527,-212.02886541891527,0
1859,212.01080593301077,-212.01080593301077,0
1860,212.00030277662987,-212.00030277662987,0
1861,212.53742246126475,-212.53742246126475,0
1862,213.4292833502811,-213.4292833502811,0
1863,214.21671096393555,-214.21671096393555,0
1864,214.45191808730314,-214.45191808730314,0
1865,214.54031668006306,-214.54031668006306,0
1866,214.58537833090625,-214.58537833090625,0
1867,214.69623380800545,-214.69623380800545,0
1868,214.80466979626576,-214.80466979626576,0
1869,214.891766351255,-214.891766351255,0
1870,214.95433918518117,-214.95433918518117,0
1871,215.00420009309303,-215.00420009309303,0
1872,215.03822173217304,-215.03822173217304,0
1873,215.0565474776917,-215.0565474776917,0
1874,215.07187683408955,-215.07187683408955,0
1875,215.0895708028674,-215.0895708028674,0
1876,215.08832971022824,-215.08832971022824,0
1877,215.1111665632231,-215.1111665632231,0
1878,215.1274699731007,-215.1274699731007,0
1879,215.12527739165796,-215.12527739165796,0
1880,215.11626124858077,-215.11626124858077,0
1881,215.09731873521886,-215.09731873521886,0
1882,215.14564089660206,-215.14564089660206,0
1883,215.5300451090986,-215.5300451090986,0
1884,216.12807607811192,-216.12807607811192,0
1885,216.41881989430917,-216.41881989430917,0
1886,216.49467591560276,-216.49467591560276,0
1887,216.56375612516487,-216.56375612516487,0
1888,216.58054620142136,-216.58054620142136,0
1889,216.59229034253977,-216.59229034253977,0
1890,216.63766742511203,-216.63766742511203,0
1891,216.72373744262842,-216.72373744262842,0
1892,216.79109475221904,-216.79109475221904,0
1893,216.85569811561513,-216.85569811561513,0
1894,216.9097842105795,-216.9097842105795,0
1895,216.9639733504659,-216.9639733504659,0
1896,216.9990665574233,-216.9990665574233,0
1897,217.01776008660391,-217.01776008660391,0
1898,217.03544195584618,-217.03544195584618,0
1899,217.0498671522259,-217.0498671522259,0
1900,217.07019781070832,-217.07019781070832,0
1901,217.07592995777745,-217.07592995777745,0
1902,217.09680360964455,-217.09680360964455,0
1903,217.1006768235381,-217.1006768235381,0
1904,217.1006269490875,-217.1006269490875,0
1905,217.09726689697914,-217.09726689697914,0
1906,217.09172209389578,-217.09172209389578,0
1907,217.08953430379552,-217.08953430379552,0
1908,217.08840115260557,-217.08840115260557,0
1909,217.07890923493235,-217.07890923493235,0
1910,217.05875531743553,-217.05875531743553,0
1911,217.0464261827812,-217.0464261827812,0
1912,217.0452887878022,-217.0452887878022,0
1913,217.07022332845796,-217.07022332845796,0
1914,217.11978150576118,-217.11978150576118,0
1915,217.17175600573162,-217.17175600573162,0
1916,217.23718006168124,-217.23718006168124,0
1917,217.29686819290322,-217.29686819290322,0
1918,217.34501625025004,-217.34501625025004,0
1919,217.39036849195213,-217.39036849195213,0
1920,217.41741702123522,-217.41741702123522,0
1921,217.4329921949578,-217.4329921949578,0
1922,217.4464985382871,-217.4464985382871,0
1923,217.45806811841754,-217.45806811841754,0
1924,217.47032579510946,-217.47032579510946,0
1925,217.48004552824855,-217.48004552824855,0
1926,217.53320917665374,-217.53320917665374,0
1927,217.54797304664922,-217.54797304664922,0
1928,217.5488290933621,-217.5488290933621,0
1929,217.53803108967665,-217.53803108967665,0
1930,217.52029916178128,-217.52029916178128,0
1931,217.50009759171044,-217.50009759171044,0
1932,217.47160138163062,-217.47160138163062,0
1933,217.44066232449887,-217.44066232449887,0
1934,217.40487580958018,-217.40487580958018,0
1935,217.3829113046952,-217.3829113046952,0
1936,217.37124023996478,-217.37124023996478,0
1937,217.3684215014514,-217.3684215014514,0
1938,217.39916270733022,-217.39916270733022,0
1939,217.44169971841768,-217.44169971841768,0
1940,217.49838286451376,-217.49838286451376,0
1941,217.5520470335643,-217.5520470335643,0
1942,217.60469325066822,-217.60469325066822,0
1943,217.63630991393862,-217.63630991393862,0
1944,217.6557900416395,-217.6557900416395,0
1945,217.66728427068622,-217.66728427068622,0
1946,217.68348817234394,-217.68348817234394,0
1947,217.6995128751613,-217.6995128751613,0
1948,217.71343039330716,-217.71343039330716,0
1949,217.7330414939821,-217.7330414939821,0
1950,217.7733678233567,-217.7733678233567,0
1951,217.7962274328791,-217.7962274328791,0
1952,217.79758776891055,-217.79758776891055,0
1953,217.7852525304668,-217.7852525304668,0
1954,217.760441135944,-217.760441135944,0
1955,217.72861381189293,-217.72861381189293,0
1956,217.6948834626537,-217.6948834626537,0
1957,217.66137127666354,-217.66137127666354,0
1958,217.85573384471928,-217.85573384471928,0
1959,218.24217497016525,-218.24217497016525,0
1960,218.2946875931187,-218.2946875931187,0
1961,218.30194808117204,-218.30194808117204,0
1962,218.33129412625834,-218.33129412625834,0
1963,218.3616878965287,-218.3616878965287,0
1964,218.39474575086348,-218.39474575086348,0
1965,218.43331943427793,-218.43331943427793,0
1966,218.4676314968311,-218.4676314968311,0
1967,218.5054384138017,-218.5054384138017,0
1968,218.5261693251638,-218.5261693251638,0
1969,218.54277187578688,-218.54277187578688,0
1970,218.5573989816779,-218.5573989816779,0
1971,218.57190896798372,-218.57190896798372,0
1972,218.58761112514358,-218.58761112514358,0
1973,218.60728841632294,-218.60728841632294,0
1974,218.63218388913762,-218.63218388913762,0
1975,218.64741534418602,-218.64741534418602,0
1976,218.64512849091147,-218.64512849091147,0
1977,218.6241031705604,-218.6241031705604,0
1978,218.592412886772,-218.592412886772,0
1979,218.58581774608442,-218.58581774608442,0
1980,218.80871924008193,-218.80871924008193,0
1981,218.7948471427933,-218.7948471427933,0
1982,218.77697788450118,-218.77697788450118,0
1983,219.1593959716789,-219.1593959716789,0
1984,219.19822184001748,-219.19822184001748,0
1985,219.20100868545788,-219.20100868545788,0
1986,219.2135849435305,-219.2135849435305,0
1987,219.23314840898556,-219.23314840898556,0
1988,219.25598362975333,-219.25598362975333,0
1989,219.29081724425143,-219.29081724425143,0
1990,219.32950896384276,-219.32950896384276,0
1991,219.3620563458923,-219.3620563458923,0
1992,219.38796176448267,-219.38796176448267,0
1993,219.40781770017898,-219.40781770017898,0
1994,219.42298609916025,-219.42298609916025,0
1995,219.43973714328212,-219.43973714328212,0
1996,219.45852766849148,-219.45852766849148,0
1997,219.4781483806018,-219.4781483806018,0
1998,219.48833158032247,-219.48833158032247,0
1999,219.4865658370307,-219.4865658370307,0
2000,219.48423219356985,-219.48423219356985,0
2001,219.48235940102774,-219.48235940102774,0
2002,219.44931244959653,-219.44931244959653,0
2003,219.42366068815576,-219.42366068815576,0
2004,219.40958888050378,-219.40958888050378,0
2005,219.3784479124968,-219.3784479124968,0
2006,219.3590462906328,-219.3590462906328,0
2007,219.34856092029943,-219.34856092029943,0
2008,219.34122167299134,-219.34122167299134,0
2009,219.33425098751297,-219.33425098751297,0
2010,219.33312371536582,-219.33312371536582,0
2011,219.35466239394842,-219.35466239394842,0
2012,219.38429108290953,-219.38429108290953,0
2013,219.41440409979896,-219.41440409979896,0
2014,219.45804726342783,-219.45804726342783,0
2015,219.4966935307084,-219.4966935307084,0
2016,219.5240686810327,-219.5240686810327,0
2017,219.54661145187188,-219.54661145187188,0
2018,219.5603781798895,-219.5603781798895,0
2019,219.57763215958738,-219.57763215958738,0
2020,219.59264704014703,-219.59264704014703,0
2021,219.61234644672643,-219.61234644672643,0
2022,219.63462691073977,-219.63462691073977,0
2023,219.63458872271605,-219.63458872271605,0
2024,219.63018616587138,-219.63018616587138,0
2025,219.6429657007782,-219.6429657007782,0
2026,220.463447172239,-220.463447172239,0
2027,221.0477204690911,-221.0477204690911,0
2028,221.27479730538212,-221.27479730538212,0
2029,221.26428452489583,-221.26428452489583,0
2030,221.24135527341033,-221.24135527341033,0
2031,221.22271607191755,-221.22271607191755,0
2032,221.2183960749033,-221.2183960749033,0
2033,221.21623867049968,-221.21623867049968,0
2034,221.23354177747123,-221.23354177747123,0
2035,221.26344651792192,-221.26344651792192,0
2036,221.30219121947636,-221.30219121947636,0
2037,221.35075787971704,-221.35075787971704,0
2038,221.41498597708645,-221.41498597708645,0
2039,221.48034920792105,-221.48034920792105,0
2040,221.52800549353262,-221.52800549353262,0
2041,221.5638293768335,-221.5638293768335,0
2042,221.58477779348868,-221.58477779348868,0
2043,221.60483461377896,-221.60483461377896,0
2044,221.61735258692838,-221.61735258692838,0
2045,221.61091309081866,-221.61091309081866,0
2046,221.63302570833875,-221.63302570833875,0
2047,221.63348517586607,-221.63348517586607,0
2048,221.62864516339476,-221.62864516339476,0
2049,221.62510611123915,-221.62510611123915,0
2050,221.67791905210973,-221.67791905210973,0
2051,221.6866991822651,-221.6866991822651,0
2052,221.67578025967285,-221.67578025967285,0
2053,221.6515229087822,-221.6515229087822,0
2054,221.62175977568032,-221.62175977568032,0
2055,221.59794226947406,-221.59794226947406,0
2056,221.58692988649233,-221.58692988649233,0
2057,221.60707354956506,-221.60707354956506,0
2058,221.61715316352175,-221.61715316352175,0
2059,221.64713866714828,-221.64713866714828,0
2060,221.69623941192773,-221.69623941192773,0
2061,221.74329788057503,-221.74329788057503,0
2062,221.79900109176853,-221.79900109176853,0
2063,221.87607645242875,-221.87607645242875,0
2064,221.92741376693542,-221.92741376693542,0
2065,221.96576919727977,-221.96576919727977,0
2066,221.9855869766413,-221.9855869766413,0
2067,221.99973300063198,-221.99973300063198,0
2068,222.01257074305212,-222.01257074305212,0
2069,222.02255234231552,-222.02255234231552,0
2070,222.22737492986775,-222.22737492986775,0
2071,222.45749108077987,-222.45749108077987,0
2072,222.5365778676308,-222.5365778676308,0
2073,222.57652706292356,-222.57652706292356,0
2074,222.6026540837687,-222.6026540837687,0
2075,222.59391353076447,-222.59391353076447,0
2076,222.5764740914157,-222.5764740914157,0
2077,222.55013199732338,-222.55013199732338,0
2078,222.52255365061265,-222.52255365061265,0
2079,222.49727040683192,-222.49727040683192,0
2080,222.4905108083791,-222.4905108083791,0
2081,222.7084793549817,-222.7084793549817,0
2082,222.75844982132705,-222.75844982132705,0
2083,222.80643022891292,-222.80643022891292,0
2084,222.86537615683017,-222.86537615683017,0
2085,222.91503601595846,-222.91503601595846,0
2086,222.9714141267636,-222.9714141267636,0
2087,223.0497264549986,-223.0497264549986,0
2088,223.08858960933046,-223.08858960933046,0
2089,223.1061249930142,-223.1061249930142,0
2090,223.10901512170486,-223.10901512170486,0
2091,223.12380343257672,-223.12380343257672,0
2092,223.12467260831212,-223.12467260831212,0
2093,223.12463214115462,-223.12463214115462,0
2094,223.15752824053592,-223.15752824053592,0
2095,223.4212608195482,-223.4212608195482,0
2096,224.0986264615813,-224.0986264615813,0
2097,224.63974012626034,-224.63974012626034,0
2098,225.68339433299082,-225.68339433299082,0
2099,226.6522385694373,-226.6522385694373,0
2100,227.12518166943855,-227.12518166943855,0
2101,227.23046274685345,-227.23046274685345,0
2102,227.2751586503433,-227.2751586503433,0
2103,227.27172885298535,-227.27172885298535,0
2104,227.28955912080508,-227.28955912080508,0
2105,227.31918725633173,-227.31918725633173,0
2106,227.33794484555978,-227.33794484555978,0
2107,227.36462037609326,-227.36462037609326,0
2108,227.39958115152254,-227.39958115152254,0
2109,227.43799274325315,-227.43799274325315,0
2110,227.48207751349264,-227.48207751349264,0
2111,227.53558238630131,-227.53558238630131,0
2112,227.57007715414343,-227.57007715414343,0
2113,227.5973759015924,-227.5973759015924,0
2114,227.59685756253396,-227.59685756253396,0
2115,227.5905025921213,-227.5905025921213,0
2116,227.58853516825283,-227.58853516825283,0
2117,227.57595859033756,-227.57595859033756,0
2118,227.60561345595855,-227.60561345595855,0
2119,227.64131119924372,-227.64131119924372,0
2120,227.63956688263917,-227.63956688263917,0
2121,227.66519355134756,-227.66519355134756,0
2122,228.1792314218647,-228.1792314218647,0
2123,228.67142732767547,-228.67142732767547,0
2124,228.8575097370794,-228.8575097370794,0
2125,228.90846936326867,-228.90846936326867,0
2126,228.91138470065496,-228.91138470065496,0
2127,229.04540104159165,-229.04540104159165,0
2128,229.32574174317008,-229.32574174317008,0
2129,229.39511523602891,-229.39511523602891,0
2130,229.44401646747448,-229.44401646747448,0
2131,229.47426875588576,-229.47426875588576,0
2132,229.50709237878397,-229.50709237878397,0
2133,229.54442600392713,-229.54442600392713,0
2134,229.58466917367414,-229.58466917367414,0
2135,229.61336199146342,-229.61336199146342,0
2136,229.64762754380425,-229.64762754380425,0
2137,229.66611663321623,-229.66611663321623,0
2138,229.67911500418154,-229.67911500418154,0
2139,229.69018723643183,-229.69018723643183,0
2140,229.69859064870255,-229.69859064870255,0
2141,229.69332719043004,-229.69332719043004,0
2142,229.69067498840545,-229.69067498840545,0
2143,229.70323429434626,-229.70323429434626,0
2144,229.7058187426827,-229.7058187426827,0
2145,229.71782367482078,-229.71782367482078,0
2146,229.75972035405,-229.75972035405,0
2147,229.82119025189442,-229.82119025189442,0
2148,230.0021258947426,-230.0021258947426,0
2149,230.55581603582849,-230.55581603582849,0
2150,230.9112245797019,-230.9112245797019,0
2151,230.94504519090592,-230.94504519090592,0
2152,230.9914765444191,-230.9914765444191,0
2153,231.01132629971113,-231.01132629971113,0
2154,231.01967315344422,-231.01967315344422,0
2155,231.0502153158194,-231.0502153158194,0
2156,231.09170713490192,-231.09170713490192,0
2157,231.1964478207232,-231.1964478207232,0
2158,231.26484154738125,-231.26484154738125,0
2159,231.36254049931483,-231.36254049931483,0
2160,231.4844011100157,-231.4844011100157,0
2161,231.5434933375906,-231.5434933375906,0
2162,231.5707839953513,-231.5707839953513,0
2163,231.58946542818816,-231.58946542818816,0
2164,231.60279441359435,-231.60279441359435,0
2165,231.61428336395136,-231.61428336395136,0
2166,231.62837395222047,-231.62837395222047,0
2167,231.73518936403627,-231.73518936403627,0
2168,232.29682843810528,-232.29682843810528,0
2169,232.9668532462871,-232.9668532462871,0
2170,233.11949435612905,-233.11949435612905,0
2171,233.10442113618276,-233.10442113618276,0
2172,233.08302910434003,-233.08302910434003,0
2173,233.1417915079719,-233.1417915079719,0
2174,233.64809782661473,-233.64809782661473,0
2175,234.22375160855083,-234.22375160855083,0
2176,234.80076127307797,-234.80076127307797,0
2177,234.97870367612427,-234.97870367612427,0
2178,235.07573935378264,-235.07573935378264,0
2179,235.1077823545489,-235.1077823545489,0
2180,235.13894646724418,-235.13894646724418,0
2181,235.2066868079972,-235.2066868079972,0
2182,235.25295850337105,-235.25295850337105,0
2183,235.3089180204073,-235.3089180204073,0
2184,235.35978582137193,-235.35978582137193,0
2185,235.38542907359204,-235.38542907359204,0
2186,235.3927103070388,-235.3927103070388,0
2187,235.38733915921154,-235.38733915921154,0
2188,235.38469077587527,-235.38469077587527,0
2189,235.3924256715584,-235.3924256715584,0
2190,235.39018439486844,-235.39018439486844,0
2191,235.39598668457512,-235.39598668457512,0
2192,235.47022929043007,-235.47022929043007,0
2193,235.54386201368845,-235.54386201368845,0
2194,235.89445849585024,-235.89445849585024,0
2195,235.98954420303974,-235.98954420303974,0
2196,235.9873381230126,-235.9873381230126,0
2197,235.99320787721248,-235.99320787721248,0
2198,236.03238706777202,-236.03238706777202,0
2199,236.14523749318542,-236.14523749318542,0
2200,236.24431735595854,-236.24431735595854,0
2201,236.2996930191987,-236.2996930191987,0
2202,236.36421093816855,-236.36421093816855,0
2203,236.40113001683534,-236.40113001683534,0
2204,236.43936574466136,-236.43936574466136,0
2205,236.51572780370103,-236.51572780370103,0
2206,236.5917043351211,-236.5917043351211,0
2207,236.6710562288294,-236.6710562288294,0
2208,236.72500382080682,-236.72500382080682,0
2209,236.76302046881835,-236.76302046881835,0
2210,236.78037405445036,-236.78037405445036,0
2211,236.79355454460443,-236.79355454460443,0
2212,236.80301013081268,-236.80301013081268,0
2213,236.79954415473637,-236.79954415473637,0
2214,236.8077923709594,-236.8077923709594,0
2215,236.82949148238492,-236.82949148238492,0
2216,236.82907657840394,-236.82907657840394,0
2217,236.89827137203577,-236.89827137203577,0
2218,237.49259075032487,-237.49259075032487,0
2219,237.63148339022996,-237.63148339022996,0
2220,237.64534066627976,-237.64534066627976,0
2221,237.67897014030098,-237.67897014030098,0
2222,237.68048017122098,-237.68048017122098,0
2223,237.68171069357558,-237.68171069357558,0
2224,237.71173155273868,-237.71173155273868,0
2225,237.73845037498555,-237.73845037498555,0
2226,237.78986503930707,-237.78986503930707,0
2227,237.82617510768327,-237.82617510768327,0
2228,237.87974989337513,-237.87974989337513,0
2229,237.93969136474252,-237.93969136474252,0
2230,238.01472722251341,-238.01472722251341,0
2231,238.06891169286735,-238.06891169286735,0
2232,238.11767863941816,-238.11767863941816,0
2233,238.15635515160446,-238.15635515160446,0
2234,238.17810227472097,-238.17810227472097,0
2235,238.19451619107895,-238.19451619107895,0
2236,238.2052669810186,-238.2052669810186,0
2237,238.1991938744756,-238.1991938744756,0
2238,238.21294451112968,-238.21294451112968,0
2239,238.24165915481976,-238.24165915481976,0
2240,238.25871309399025,-238.25871309399025,0
2241,238.37885608112845,-238.37885608112845,0
2242,238.4392126022786,-238.4392126022786,0
2243,238.45523392391328,-238.45523392391328,0
2244,238.45326763263256,-238.45326763263256,0
2245,238.48455311210154,-238.48455311210154,0
2246,238.55140966748564,-238.55140966748564,0
2247,238.5887970531062,-238.5887970531062,0
2248,238.6965123979332,-238.6965123979332,0
2249,238.76886762029196,-238.76886762029196,0
2250,238.83021351118484,-238.83021351118484,0
2251,238.87804789903254,-238.87804789903254,0
2252,238.93734923721817,-238.93734923721817,0
2253,239.00479669152244,-239.00479669152244,0
2254,239.07403064148812,-239.07403064148812,0
2255,239.1369979889064,-239.1369979889064,0
2256,239.19178070245553,-239.19178070245553,0
2257,239.23259133688236,-239.23259133688236,0
2258,239.25193656585185,-239.25193656585185,0
2259,239.26593228396885,-239.26593228396885,0
2260,239.26909423855267,-239.26909423855267,0
2261,239.28351256406248,-239.28351256406248,0
2262,239.29516190612478,-239.29516190612478,0
2263,239.31391307667263,-239.31391307667263,0
2264,239.35823085909092,-239.35823085909092,0
2265,239.41046057020563,-239.41046057020563,0
2266,239.43368137892938,-239.43368137892938,0
2267,239.4328818616874,-239.4328818616874,0
2268,239.43184536581123,-239.43184536581123,0
2269,239.42874596218627,-239.42874596218627,0
2270,239.4955068833355,-239.4955068833355,0
2271,239.51622716867323,-239.51622716867323,0
2272,239.55857109112375,-239.55857109112375,0
2273,239.59292608952623,-239.59292608952623,0
2274,239.63495019101762,-239.63495019101762,0
2275,239.6885187419638,-239.6885187419638,0
2276,239.74540367405535,-239.74540367405535,0
2277,239.8076187159174,-239.8076187159174,0
2278,239.8757267004573,-239.8757267004573,0
2279,239.94962941858523,-239.94962941858523,0
2280,240.00906905326835,-240.00906905326835,0
2281,240.04990895312886,-240.04990895312886,0
2282,240.07276189465603,-240.07276189465603,0
2283,240.08514240906112,-240.08514240906112,0
2284,240.09655116670487,-240.09655116670487,0
2285,240.1063044571684,-240.1063044571684,0
2286,240.11899639447094,-240.11899639447094,0
2287,240.1276819628553,-240.1276819628553,0
2288,240.14933996847242,-240.14933996847242,0
2289,240.15000407980713,-240.15000407980713,0
2290,240.14585926732707,-240.14585926732707,0
2291,240.1399397433125,-240.1399397433125,0
2292,240.1270548899718,-240.1270548899718,0
2293,240.1155977759969,-240.1155977759969,0
2294,240.106971569266,-240.106971569266,0
2295,240.1055960260646,-240.1055960260646,0
2296,240.09765293104144,-240.09765293104144,0
2297,240.08992063592424,-240.08992063592424,0
2298,240.10053573396826,-240.10053573396826,0
2299,240.13682196365733,-240.13682196365733,0
2300,240.17218444094854,-240.17218444094854,0
2301,240.22241629410357,-240.22241629410357,0
2302,240.27933355890914,-240.27933355890914,0
2303,240.32737576874453,-240.32737576874453,0
2304,240.369825808921,-240.369825808921,0
2305,240.3976167989634,-240.3976167989634,0
2306,240.41496838470374,-240.41496838470374,0
2307,240.42646928308193,-240.42646928308193,0
2308,240.43999090141227,-240.43999090141227,0
2309,240.45543048049802,-240.45543048049802,0
2310,240.4653190116907,-240.4653190116907,0
2311,240.4703670132216,-240.4703670132216,0
2312,240.47003562104587,-240.47003562104587,0
2313,240.47747103452937,-240.47747103452937,0
2314,240.46153602290823,-240.46153602290823,0
2315,240.4461964166737,-240.4461964166737,0
2316,240.42904441628642,-240.42904441628642,0
2317,240.4103348730662,-240.4103348730662,0
2318,240.39075467841053,-240.39075467841053,0
2319,240.3730575332488,-240.3730575332488,0
2320,240.3609966147222,-240.3609966147222,0
2321,240.35148966588648,-240.35148966588648,0
2322,240.3441447948262,-240.3441447948262,0
2323,240.3431624730152,-240.3431624730152,0
2324,240.35032007593927,-240.35032007593927,0
2325,240.4396250890606,-240.4396250890606,0
2326,240.48363580900713,-240.48363580900713,0
2327,240.54061666088595,-240.54061666088595,0
2328,240.65337320710734,-240.65337320710734,0
2329,240.70883109695527,-240.70883109695527,0
2330,240.73551370785086,-240.73551370785086,0
2331,240.75748242697117,-240.75748242697117,0
2332,240.77326268319607,-240.77326268319607,0
2333,240.79240153061994,-240.79240153061994,0
2334,240.81307969212304,-240.81307969212304,0
2335,240.8270215392364,-240.8270215392364,0
2336,240.83510559407654,-240.83510559407654,0
2337,240.88542738107532,-240.88542738107532,0
2338,240.87183721165027,-240.87183721165027,0
2339,241.04771749798144,-241.04771749798144,0
2340,241.02527444764402,-241.02527444764402,0
2341,241.01016843290043,-241.01016843290043,0
2342,240.98767922583968,-240.98767922583968,0
2343,240.95969407111795,-240.95969407111795,0
2344,240.9501079034809,-240.9501079034809,0
2345,240.94079491710832,-240.94079491710832,0
2346,240.94027298301003,-240.94027298301003,0
2347,240.9378496866022,-240.9378496866022,0
2348,240.94861366337986,-240.94861366337986,0
2349,241.00962786462838,-241.00962786462838,0
2350,241.04972638509946,-241.04972638509946,0
2351,241.0998000237814,-241.0998000237814,0
2352,241.13742902746588,-241.13742902746588,0
2353,241.1801634893282,-241.1801634893282,0
2354,241.20202069373005,-241.20202069373005,0
2355,241.22225021872973,-241.22225021872973,0
2356,241.23417956160625,-241.23417956160625,0
2357,241.2543954574057,-241.2543954574057,0
2358,241.25285434550943,-241.25285434550943,0
2359,241.27471979803025,-241.27471979803025,0
2360,241.36821713360516,-241.36821713360516,0
2361,241.96973323673203,-241.96973323673203,0
2362,242.62358467456113,-242.62358467456113,0
2363,242.98901714122056,-242.98901714122056,0
2364,243.17726836133818,-243.17726836133818,0
2365,243.24275994973945,-243.24275994973945,0
2366,243.24337179618578,-243.24337179618578,0
2367,243.24039846174276,-243.24039846174276,0
2368,243.24107702510122,-243.24107702510122,0
2369,243.26754518783133,-243.26754518783133,0
2370,243.33645279813035,-243.33645279813035,0
2371,243.38251356302231,-243.38251356302231,0
2372,243.42354254683917,-243.42354254683917,0
2373,243.47975888436102,-243.47975888436102,0
2374,243.53984548116668,-243.53984548116668,0
2375,243.6093314467972,-243.6093314467972,0
2376,243.65781830292661,-243.65781830292661,0
2377,243.70832664080686,-243.70832664080686,0
2378,243.7346794820759,-243.7346794820759,0
2379,243.74543703699374,-243.74543703699374,0
2380,243.73968966917735,-243.73968966917735,0
2381,243.73740810308416,-243.73740810308416,0
2382,243.73544996674352,-243.73544996674352,0
2383,243.72947100841915,-243.72947100841915,0
2384,243.73454614132535,-243.73454614132535,0
2385,244.37397653198835,-244.37397653198835,0
2386,245.21138335052962,-245.21138335052962,0
2387,245.60332428609746,-245.60332428609746,0
2388,245.73953898403687,-245.73953898403687,0
2389,245.75366013667568,-245.75366013667568,0
2390,245.96806510647235,-245.96806510647235,0
2391,246.53034000160343,-246.53034000160343,0
2392,246.71391758988239,-246.71391758988239,0
2393,246.752701893318,-246.752701893318,0
2394,246.78102599297256,-246.78102599297256,0
2395,246.8442362967451,-246.8442362967451,0
2396,246.89935694597318,-246.89935694597318,0
2397,246.9867290111687,-246.9867290111687,0
2398,247.0914947786695,-247.0914947786695,0
2399,247.15999537775053,-247.15999537775053,0
2400,247.2130424455626,-247.2130424455626,0
2401,247.2548954706161,-247.2548954706161,0
2402,247.27924862169712,-247.27924862169712,0
2403,247.29596094967775,-247.29596094967775,0
2404,247.29046684664863,-247.29046684664863,0
2405,247.2887262712002,-247.2887262712002,0
2406,247.28662077060324,-247.28662077060324,0
2407,247.28502851503652,-247.28502851503652,0
2408,247.30455079460387,-247.30455079460387,0
2409,247.43231126501146,-247.43231126501146,0
2410,247.46305013898277,-247.46305013898277,0
2411,247.48072889357368,-247.48072889357368,0
2412,247.4758596012693,-247.4758596012693,0
2413,247.454386155305,-247.454386155305,0
2414,247.45083321963205,-247.45083321963205,0
2415,247.4530293872861,-247.4530293872861,0
2416,247.5047828982488,-247.5047828982488,0
2417,247.51500237912398,-247.51500237912398,0
2418,247.518243641395,-247.518243641395,0
2419,247.54767163390795,-247.54767163390795,0
2420,247.597751657641,-247.597751657641,0
2421,247.66395151930237,-247.66395151930237,0
2422,247.73513982225413,-247.73513982225413,0
2423,247.79968570868624,-247.79968570868624,0
2424,247.84714468231363,-247.84714468231363,0
2425,247.88363513071803,-247.88363513071803,0
2426,247.90411226002206,-247.90411226002206,0
2427,247.91418701653024,-247.91418701653024,0
2428,247.91655012477983,-247.91655012477983,0
2429,247.92843877535378,-247.92843877535378,0
2430,247.94335861100816,-247.94335861100816,0
2431,247.9656329099772,-247.9656329099772,0
2432,247.99913535499505,-247.99913535499505,0
2433,248.26133772461253,-248.26133772461253,0
2434,248.99208095423774,-248.99208095423774,0
2435,250.0083406842782,-250.0083406842782,0
2436,251.06285176857148,-251.06285176857148,0
2437,251.88532525103804,-251.88532525103804,0
2438,252.08757195487001,-252.08757195487001,0
2439,252.09836251279194,-252.09836251279194,0
2440,252.11859470400574,-252.11859470400574,0
2441,252.15481728180626,-252.15481728180626,0
2442,252.17815579331887,-252.17815579331887,0
2443,252.22448816966875,-252.22448816966875,0
2444,252.27353403462013,-252.27353403462013,0
2445,252.30948952967321,-252.30948952967321,0
2446,252.36002342904249,-252.36002342904249,0
2447,252.49405539087414,-252.49405539087414,0
2448,252.56703745952484,-252.56703745952484,0
2449,252.6164738749873,-252.6164738749873,0
2450,252.63950642144243,-252.63950642144243,0
2451,252.65816145238315,-252.65816145238315,0
2452,252.65652529974363,-252.65652529974363,0
2453,252.65139924913407,-252.65139924913407,0
2454,252.649373926091,-252.649373926091,0
2455,252.6423536627694,-252.6423536627694,0
2456,252.6416116294825,-252.6416116294825,0
2457,252.64434760257666,-252.64434760257666,0
2458,252.6384588137499,-252.6384588137499,0
2459,252.6185173629429,-252.6185173629429,0
2460,252.60743625523907,-252.60743625523907,0
2461,252.5965928392275,-252.5965928392275,0
2462,252.58518511760767,-252.58518511760767,0
2463,252.56003778781982,-252.56003778781982,0
2464,252.5475988268218,-252.5475988268218,0
2465,252.54101839006316,-252.54101839006316,0
2466,252.53479942524027,-252.53479942524027,0
2467,252.55464870761335,-252.55464870761335,0
2468,252.57964882706582,-252.57964882706582,0
2469,252.6060627265936,-252.6060627265936,0
2470,252.66827360561066,-252.66827360561066,0
2471,252.73575227575256,-252.73575227575256,0
2472,252.78610391358515,-252.78610391358515,0
2473,252.82028147329373,-252.82028147329373,0
2474,252.83889284555545,-252.83889284555545,0
2475,252.8522338164685,-252.8522338164685,0
2476,252.86516362681192,-252.86516362681192,0
2477,252.8785446184815,-252.8785446184815,0
2478,252.90246306523957,-252.90246306523957,0
2479,252.9201615135581,-252.9201615135581,0
2480,252.92000117653902,-252.92000117653902,0
2481,252.9173589784312,-252.9173589784312,0
2482,252.95925720931277,-252.95925720931277,0
2483,252.93536788494396,-252.93536788494396,0
2484,252.9062302940979,-252.9062302940979,0
2485,252.8746298508797,-252.8746298508797,0
2486,252.85147802435102,-252.85147802435102,0
2487,252.82755714276044,-252.82755714276044,0
2488,252.82231134298033,-252.82231134298033,0
2489,252.84951956634868,-252.84951956634868,0
2490,252.84793635951175,-252.84793635951175,0
2491,252.8520370758581,-252.8520370758581,0
2492,252.8622908970868,-252.8622908970868,0
2493,252.87508261628986,-252.87508261628986,0
2494,252.8985762055937,-252.8985762055937,0
2495,252.92626973360376,-252.92626973360376,0
2496,252.95582874924585,-252.95582874924585,0
2497,252.98354161613446,-252.98354161613446,0
2498,253.0001713942738,-253.0001713942738,0
2499,253.0129564174448,-253.0129564174448,0
2500,253.02976165168826,-253.02976165168826,0
2501,253.04339885931282,-253.04339885931282,0
2502,253.0656566102713,-253.0656566102713,0
2503,253.09588499846092,-253.09588499846092,0
2504,253.1094994394774,-253.1094994394774,0
2505,253.10494326037673,-253.10494326037673,0
2506,253.0916620931486,-253.0916620931486,0
2507,253.35449330336687,-253.35449330336687,0
2508,253.7482813662311,-253.7482813662311,0
2509,254.24006347596085,-254.24006347596085,0
2510,254.72630907346348,-254.72630907346348,0
2511,254.91784401179234,-254.91784401179234,0
2512,254.95210059596346,-254.95210059596346,0
2513,254.95504527321697,-254.95504527321697,0
2514,254.9522785472884,-254.9522785472884,0
2515,254.96627706229017,-254.96627706229017,0
2516,254.99197481139893,-254.99197481139893,0
2517,255.01955615418194,-255.01955615418194,0
2518,255.0534061491139,-255.0534061491139,0
2519,255.07535076701205,-255.07535076701205,0
2520,255.1043064690098,-255.1043064690098,0
2521,255.13204344336953,-255.13204344336953,0
2522,255.14885079944509,-255.14885079944509,0
2523,255.16552594867704,-255.16552594867704,0
2524,255.18290511979845,-255.18290511979845,0
2525,255.2010106971707,-255.2010106971707,0
2526,255.19812265679712,-255.19812265679712,0
2527,255.19613959732146,-255.19613959732146,0
2528,255.184067045313,-255.184067045313,0
2529,255.16363751032102,-255.16363751032102,0
2530,255.13786792097184,-255.13786792097184,0
2531,255.10777317254588,-255.10777317254588,0
2532,255.0757521215725,-255.0757521215725,0
2533,255.6119007629626,-255.6119007629626,0
2534,255.88853703972907,-255.88853703972907,0
2535,256.4224842810317,-256.4224842810317,0
2536,256.904567396115,-256.904567396115,0
2537,257.00940348532004,-257.00940348532004,0
2538,257.04036139821187,-257.04036139821187,0
2539,257.07365675226197,-257.07365675226197,0
2540,257.10397655943854,-257.10397655943854,0
2541,257.1343556478649,-257.1343556478649,0
2542,257.1772537095476,-257.1772537095476,0
2543,257.20605319130135,-257.20605319130135,0
2544,257.2349275772368,-257.2349275772368,0
2545,257.260769351133,-257.260769351133,0
2546,257.27638425907884,-257.27638425907884,0
2547,257.2910021780968,-257.2910021780968,0
2548,257.3097898188696,-257.3097898188696,0
2549,257.33076480538506,-257.33076480538506,0
2550,257.35663669635653,-257.35663669635653,0
2551,257.37944364616965,-257.37944364616965,0
2552,257.367496890136,-257.367496890136,0
2553,257.3543661788967,-257.3543661788967,0
2554,257.40356820803356,-257.40356820803356,0
2555,257.82099764208954,-257.82099764208954,0
2556,258.2436496545512,-258.2436496545512,0
2557,258.375214846142,-258.375214846142,0
2558,258.3599314302512,-258.3599314302512,0
2559,258.3464549694286,-258.3464549694286,0
2560,258.3419719343887,-258.3419719343887,0
2561,258.33451763338206,-258.33451763338206,0
2562,258.3277527760111,-258.3277527760111,0
2563,258.32852943674385,-258.32852943674385,0
2564,258.34005391533094,-258.34005391533094,0
2565,258.35947076586746,-258.35947076586746,0
2566,258.3867022417165,-258.3867022417165,0
2567,258.410931143094,-258.410931143094,0
2568,258.4343115043667,-258.4343115043667,0
2569,258.4612145631146,-258.4612145631146,0
2570,258.48021993719584,-258.48021993719584,0
2571,258.4974595631148,-258.4974595631148,0
2572,258.5204135507503,-258.5204135507503,0
2573,258.52466512140745,-258.52466512140745,0
2574,258.520662352042,-258.520662352042,0
2575,258.5192571189983,-258.5192571189983,0
2576,258.5122518297554,-258.5122518297554,0
2577,258.50399979470507,-258.50399979470507,0
2578,258.48950211218136,-258.48950211218136,0
2579,258.4837423477699,-258.4837423477699,0
2580,258.4753570885174,-258.4753570885174,0
2581,258.4466417256471,-258.4466417256471,0
2582,258.4149731868733,-258.4149731868733,0
2583,258.37949844105543,-258.37949844105543,0
2584,258.35339259710605,-258.35339259710605,0
2585,258.33407819641155,-258.33407819641155,0
2586,258.322549872865,-258.322549872865,0
2587,258.31929225436124,-258.31929225436124,0
2588,258.3246489026264,-258.3246489026264,0
2589,258.3350669585864,-258.3350669585864,0
2590,258.3543778499646,-258.3543778499646,0
2591,258.379365497096,-258.379365497096,0
2592,258.40326557959725,-258.40326557959725,0
2593,258.41834054109205,-258.41834054109205,0
2594,258.432841939933,-258.432841939933,0
2595,258.4453528028257,-258.4453528028257,0
2596,258.46190686064665,-258.46190686064665,0
2597,258.4795739925357,-258.4795739925357,0
2598,258.49577569657987,-258.49577569657987,0
2599,258.5151819720702,-258.5151819720702,0
2600,258.5144062449682,-258.5144062449682,0
2601,258.507160839119,-258.507160839119,0
2602,258.48396040861275,-258.48396040861275,0
2603,258.4513288905935,-258.4513288905935,0
2604,258.4206462938293,-258.4206462938293,0
2605,258.38652956723774,-258.38652956723774,0
2606,258.3563480332439,-258.3563480332439,0
2607,258.3269647133104,-258.3269647133104,0
2608,258.30744570679445,-258.30744570679445,0
2609,258.2922099788018,-258.2922099788018,0
2610,258.2811102758432,-258.2811102758432,0
2611,258.27930696488704,-258.27930696488704,0
2612,258.2856477388578,-258.2856477388578,0
2613,258.296967455858,-258.296967455858,0
2614,258.3182080332589,-258.3182080332589,0
2615,258.34423839440683,-258.34423839440683,0
2616,258.3664161204852,-258.3664161204852,0
2617,258.3875576065868,-258.3875576065868,0
2618,258.40281825844534,-258.40281825844534,0
2619,258.4179410930657,-258.4179410930657,0
2620,258.4375800012471,-258.4375800012471,0
2621,258.4586222384193,-258.4586222384193,0
2622,258.48323759411414,-258.48323759411414,0
2623,258.4911951686393,-258.4911951686393,0
2624,258.4876956326229,-258.4876956326229,0
2625,258.4813720529889,-258.4813720529889,0
2626,258.4790546903202,-258.4790546903202,0
2627,258.9219699812339,-258.9219699812339,0
2628,259.3563250122899,-259.3563250122899,0
2629,259.5285283737779,-259.5285283737779,0
2630,259.53707243262164,-259.53707243262164,0
2631,259.58465405359857,-259.58465405359857,0
2632,259.76984810772404,-259.76984810772404,0
2633,259.7696354970403,-259.7696354970403,0
2634,259.7646958388913,-259.7646958388913,0
2635,259.77019633669914,-259.77019633669914,0
2636,259.78111231239257,-259.78111231239257,0
2637,259.7929171118387,-259.7929171118387,0
2638,259.8127247709736,-259.8127247709736,0
2639,259.83629806226725,-259.83629806226725,0
2640,259.8616331352899,-259.8616331352899,0
2641,259.88810621767624,-259.88810621767624,0
2642,259.9057809048823,-259.9057809048823,0
2643,259.92213223790947,-259.92213223790947,0
2644,259.93769157434957,-259.93769157434957,0
2645,259.95016265631995,-259.95016265631995,0
2646,259.9449752224046,-259.9449752224046,0
2647,259.94393935862917,-259.94393935862917,0
2648,259.9841877182867,-259.9841877182867,0
2649,259.9691914068146,-259.9691914068146,0
2650,259.942389348225,-259.942389348225,0
2651,259.917860110966,-259.917860110966,0
2652,259.9056150710668,-259.9056150710668,0
2653,260.5728940614687,-260.5728940614687,0
2654,260.8202668009144,-260.8202668009144,0
2655,260.86205270028296,-260.86205270028296,0
2656,260.86085670595975,-260.86085670595975,0
2657,260.85531155010557,-260.85531155010557,0
2658,260.8463547193009,-260.8463547193009,0
2659,260.845313205481,-260.845313205481,0
2660,260.8509408597707,-260.8509408597707,0
2661,260.86214141405685,-260.86214141405685,0
2662,260.88706198051904,-260.88706198051904,0
2663,260.9091217777992,-260.9091217777992,0
2664,260.9325620949675,-260.9325620949675,0
2665,260.9515337380513,-260.9515337380513,0
2666,260.96429059459354,-260.96429059459354,0
2667,260.9724864729373,-260.9724864729373,0
2668,260.9940338401087,-260.9940338401087,0
2669,261.01542425890295,-261.01542425890295,0
2670,261.0344413708341,-261.0344413708341,0
2671,261.1203284815682,-261.1203284815682,0
2672,261.11074283034964,-261.11074283034964,0
2673,261.1070355960229,-261.1070355960229,0
2674,261.09057350575756,-261.09057350575756,0
2675,261.0651424059608,-261.0651424059608,0
2676,261.24038701879374,-261.24038701879374,0
2677,261.8148185409957,-261.8148185409957,0
2678,262.3578041516485,-262.3578041516485,0
2679,262.55228332177745,-262.55228332177745,0
2680,262.55188391676586,-262.55188391676586,0
2681,262.54623052764975,-262.54623052764975,0
2682,262.5415945127152,-262.5415945127152,0
2683,262.5561174766832,-262.5561174766832,0
2684,262.5662478894219,-262.5662478894219,0
2685,262.58285531111585,-262.58285531111585,0
2686,262.60291144233605,-262.60291144233605,0
2687,262.6355308627849,-262.6355308627849,0
2688,262.6608938065976,-262.6608938065976,0
2689,262.6835091535728,-262.6835091535728,0
2690,262.69131637027493,-262.69131637027493,0
2691,262.706581123315,-262.706581123315,0
2692,262.7247652174851,-262.7247652174851,0
2693,262.73724726679137,-262.73724726679137,0
2694,262.7573428148644,-262.7573428148644,0
2695,262.7682856407988,-262.7682856407988,0
2696,262.75468654687677,-262.75468654687677,0
2697,262.73739247793384,-262.73739247793384,0
2698,262.7129105392896,-262.7129105392896,0
2699,262.67825082406875,-262.67825082406875,0
2700,262.63697405848654,-262.63697405848654,0
2701,263.166227593274,-263.166227593274,0
2702,263.4094178240089,-263.4094178240089,0
2703,263.9801751498464,-263.9801751498464,0
2704,264.42660000405095,-264.42660000405095,0
2705,264.54830805872905,-264.54830805872905,0
2706,264.5821870025147,-264.5821870025147,0
2707,264.6655733363975,-264.6655733363975,0
2708,264.7164126428957,-264.7164126428957,0
2709,264.77172478111623,-264.77172478111623,0
2710,264.82712265978944,-264.82712265978944,0
2711,264.8814237699718,-264.8814237699718,0
2712,264.9163106637028,-264.9163106637028,0
2713,264.9379460753259,-264.9379460753259,0
2714,264.95141015740694,-264.95141015740694,0
2715,264.96575372885513,-264.96575372885513,0
2716,264.9846015912461,-264.9846015912461,0
2717,265.00423090655363,-265.00423090655363,0
2718,265.026885347487,-265.026885347487,0
2719,265.05321003848593,-265.05321003848593,0
2720,265.0462275003448,-265.0462275003448,0
2721,265.04475324195744,-265.04475324195744,0
2722,265.14846613644806,-265.14846613644806,0
2723,265.6519240045962,-265.6519240045962,0
2724,266.1231651297226,-266.1231651297226,0
2725,266.2436654895277,-266.2436654895277,0
2726,266.2276214853482,-266.2276214853482,0
2727,266.21279371271305,-266.21279371271305,0
2728,266.2090563296746,-266.2090563296746,0
2729,266.20081322273967,-266.20081322273967,0
2730,266.19507631869664,-266.19507631869664,0
2731,266.19535183685457,-266.19535183685457,0
2732,266.2206560638143,-266.2206560638143,0
2733,266.25008270446915,-266.25008270446915,0
2734,266.29315758458125,-266.29315758458125,0
2735,266.3461265939195,-266.3461265939195,0
2736,266.39986828577673,-266.39986828577673,0
2737,266.4441147527565,-266.4441147527565,0
2738,266.47266945423445,-266.47266945423445,0
2739,266.4896552089212,-266.4896552089212,0
2740,266.50393505063613,-266.50393505063613,0
2741,266.5034612603384,-266.5034612603384,0
2742,266.4982700722245,-266.4982700722245,0
2743,266.4965851758589,-266.4965851758589,0
2744,266.4875808021619,-266.4875808021619,0
2745,266.473632905898,-266.473632905898,0
2746,266.4498628348377,-266.4498628348377,0
2747,266.4282221750975,-266.4282221750975,0
2748,266.4046967615921,-266.4046967615921,0
2749,266.3759662694371,-266.3759662694371,0
2750,266.3502263331255,-266.3502263331255,0
2751,266.32190628784963,-266.32190628784963,0
2752,266.3011168660105,-266.3011168660105,0
2753,266.2878189627447,-266.2878189627447,0
2754,266.27710140944714,-266.27710140944714,0
2755,266.3024016403634,-266.3024016403634,0
2756,266.34310536165145,-266.34310536165145,0
2757,266.36675930550564,-266.36675930550564,0
2758,266.40065858402596,-266.40065858402596,0
2759,266.4488308085809,-266.4488308085809,0
2760,266.49273598917154,-266.49273598917154,0
2761,266.52267586824695,-266.52267586824695,0
2762,266.5427304582058,-266.5427304582058,0
2763,266.5611699631124,-266.5611699631124,0
2764,266.58020145475723,-266.58020145475723,0
2765,266.6008468119223,-266.6008468119223,0
2766,266.6243494039937,-266.6243494039937,0
2767,266.63495297326375,-266.63495297326375,0
2768,266.65335704379316,-266.65335704379316,0
2769,266.70308379855413,-266.70308379855413,0
2770,266.69123297455445,-266.69123297455445,0
2771,266.67451970335674,-266.67451970335674,0
2772,266.6537247481914,-266.6537247481914,0
2773,266.62112813412216,-266.62112813412216,0
2774,266.59265801418474,-266.59265801418474,0
2775,266.56572488147793,-266.56572488147793,0
2776,266.5451173567978,-266.5451173567978,0
2777,266.52895207898104,-266.52895207898104,0
2778,266.5245915834675,-266.5245915834675,0
2779,266.57062798969287,-266.57062798969287,0
2780,266.5974604063943,-266.5974604063943,0
2781,266.63238123877915,-266.63238123877915,0
2782,266.6795107419906,-266.6795107419906,0
2783,266.7231403976402,-266.7231403976402,0
2784,266.75739055047615,-266.75739055047615,0
2785,266.77726735893697,-266.77726735893697,0
2786,266.796278258059,-266.796278258059,0
2787,266.8136757078198,-266.8136757078198,0
2788,266.8233266441905,-266.8233266441905,0
2789,266.84162042216883,-266.84162042216883,0
2790,266.86409848150566,-266.86409848150566,0
2791,266.87402941786405,-266.87402941786405,0
2792,266.87123620956396,-266.87123620956396,0
2793,266.8657022497106,-266.8657022497106,0
2794,266.85375441833173,-266.85375441833173,0
2795,266.8415214126311,-266.8415214126311,0
2796,267.29470216142056,-267.29470216142056,0
2797,267.9410459133892,-267.9410459133892,0
2798,268.3926737718901,-268.3926737718901,0
2799,268.5447388010003,-268.5447388010003,0
2800,268.5545332367606,-268.5545332367606,0
2801,268.55156471625685,-268.55156471625685,0
2802,268.54904051966037,-268.54904051966037,0
2803,268.5673972680684,-268.5673972680684,0
2804,268.5863135244231,-268.5863135244231,0
2805,268.6369544240942,-268.6369544240942,0
2806,268.68992559719953,-268.68992559719953,0
2807,268.7396548023434,-268.7396548023434,0
2808,268.7835918282496,-268.7835918282496,0
2809,268.8023717736972,-268.8023717736972,0
2810,268.81964944668573,-268.81964944668573,0
2811,268.8349320227414,-268.8349320227414,0
2812,268.856520577973,-268.856520577973,0
2813,268.8756034337781,-268.8756034337781,0
2814,268.8905196285014,-268.8905196285014,0
2815,268.88876449042584,-268.88876449042584,0
2816,268.88146327896237,-268.88146327896237,0
2817,268.86697013796595,-268.86697013796595,0
2818,268.84024404847395,-268.84024404847395,0
2819,268.80713783543405,-268.80713783543405,0
2820,268.77567989579694,-268.77567989579694,0
2821,268.7582675141029,-268.7582675141029,0
2822,268.7414544672319,-268.7414544672319,0
2823,268.7181724189146,-268.7181724189146,0
2824,268.6991364780023,-268.6991364780023,0
2825,268.6854581055351,-268.6854581055351,0
2826,268.67910927743077,-268.67910927743077,0
2827,268.69047811743275,-268.69047811743275,0
2828,268.7198124836402,-268.7198124836402,0
2829,268.7479651437329,-268.7479651437329,0
2830,268.8248282035417,-268.8248282035417,0
2831,268.8888422289833,-268.8888422289833,0
2832,268.94372392402653,-268.94372392402653,0
2833,268.97256417080354,-268.97256417080354,0
2834,268.99169415173566,-268.99169415173566,0
2835,269.0083090826281,-269.0083090826281,0
2836,269.02627768222817,-269.02627768222817,0
2837,269.04356392888207,-269.04356392888207,0
2838,269.07001978801355,-269.07001978801355,0
2839,269.0940358970407,-269.0940358970407,0
2840,269.09126915365124,-269.09126915365124,0
2841,269.4401157887137,-269.4401157887137,0
2842,269.4633060309296,-269.4633060309296,0
2843,269.4498044857263,-269.4498044857263,0
2844,269.4280223873768,-269.4280223873768,0
2845,269.4165249630823,-269.4165249630823,0
2846,269.3999606393012,-269.3999606393012,0
2847,269.37711625954586,-269.37711625954586,0
2848,269.3634732287335,-269.3634732287335,0
2849,269.3540713171978,-269.3540713171978,0
2850,269.34575566283183,-269.34575566283183,0
2851,269.3546351720444,-269.3546351720444,0
2852,269.3726706185533,-269.3726706185533,0
2853,269.39737781802904,-269.39737781802904,0
2854,269.4415661723238,-269.4415661723238,0
2855,269.49402207654913,-269.49402207654913,0
2856,269.53779046427525,-269.53779046427525,0
2857,269.5664188235248,-269.5664188235248,0
2858,269.58496860779707,-269.58496860779707,0
2859,269.6019239150927,-269.6019239150927,0
2860,269.59907959126656,-269.59907959126656,0
2861,269.6185138521157,-269.6185138521157,0
2862,269.6329225096008,-269.6329225096008,0
2863,269.6321790680652,-269.6321790680652,0
2864,269.635996654155,-269.635996654155,0
2865,269.67335836980607,-269.67335836980607,0
2866,269.67539541546216,-269.67539541546216,0
2867,269.66609971769645,-269.66609971769645,0
2868,269.64985839636495,-269.64985839636495,0
2869,269.62224801166843,-269.62224801166843,0
2870,269.59624205342374,-269.59624205342374,0
2871,269.56509573443105,-269.56509573443105,0
2872,269.5445554782541,-269.5445554782541,0
2873,269.5309783925606,-269.5309783925606,0
2874,269.52411724214414,-269.52411724214414,0
2875,269.5302427877213,-269.5302427877213,0
2876,269.57950729080403,-269.57950729080403,0
2877,269.6172795067885,-269.6172795067885,0
2878,269.65208654535473,-269.65208654535473,0
2879,269.6993921902822,-269.6993921902822,0
2880,269.7413506083961,-269.7413506083961,0
2881,269.7800156828394,-269.7800156828394,0
2882,269.80199281314617,-269.80199281314617,0
2883,269.81601927898333,-269.81601927898333,0
2884,269.83222126048423,-269.83222126048423,0
2885,269.84618055993997,-269.84618055993997,0
2886,269.8635697077332,-269.8635697077332,0
2887,269.8912725964225,-269.8912725964225,0
2888,269.89385430556433,-269.89385430556433,0
2889,269.88950742800813,-269.88950742800813,0
2890,269.8724549454712,-269.8724549454712,0
2891,269.8473918845252,-269.8473918845252,0
2892,269.81606590065394,-269.81606590065394,0
2893,269.8043635739006,-269.8043635739006,0
2894,269.7724479872186,-269.7724479872186,0
2895,269.7388775010559,-269.7388775010559,0
2896,269.72847161069103,-269.72847161069103,0
2897,269.71805107163755,-269.71805107163755,0
2898,269.71204558875814,-269.71204558875814,0
2899,269.74720130174967,-269.74720130174967,0
2900,269.7810931604229,-269.7810931604229,0
2901,269.828043897316,-269.828043897316,0
2902,269.8797583700118,-269.8797583700118,0
2903,269.9252836611618,-269.9252836611618,0
2904,269.97338822424723,-269.97338822424723,0
2905,270.007968238941,-270.007968238941,0
2906,270.02730749861945,-270.02730749861945,0
2907,270.0461786074896,-270.0461786074896,0
2908,270.068507706695,-270.068507706695,0
2909,270.08790150559236,-270.08790150559236,0
2910,270.10929645462824,-270.10929645462824,0
2911,270.13640491571385,-270.13640491571385,0
2912,270.13617110735817,-270.13617110735817,0
2913,270.13136591445846,-270.13136591445846,0
2914,270.3337643385631,-270.3337643385631,0
2915,270.87640728221953,-270.87640728221953,0
2916,270.89727482918926,-270.89727482918926,0
2917,271.21654584264206,-271.21654584264206,0
2918,271.2761294253922,-271.2761294253922,0
2919,271.25849044602336,-271.25849044602336,0
2920,271.2466844427935,-271.2466844427935,0
2921,271.2362076228749,-271.2362076228749,0
2922,271.2319978571043,-271.2319978571043,0
2923,271.2488477731488,-271.2488477731488,0
2924,271.28173152764265,-271.28173152764265,0
2925,271.3146808035208,-271.3146808035208,0
2926,271.35718947318156,-271.35718947318156,0
2927,271.4108535898263,-271.4108535898263,0
2928,271.4508272700364,-271.4508272700364,0
2929,271.4757079656326,-271.4757079656326,0
2930,271.49442199137883,-271.49442199137883,0
2931,271.5097833358412,-271.5097833358412,0
2932,271.5314139851649,-271.5314139851649,0
2933,271.53039138878995,-271.53039138878995,0
2934,271.5263261991147,-271.5263261991147,0
2935,271.54710665664226,-271.54710665664226,0
2936,271.5746795707335,-271.5746795707335,0
2937,271.7709769307743,-271.7709769307743,0
2938,272.4447574201021,-272.4447574201021,0
2939,272.6164272579912,-272.6164272579912,0
2940,272.6630756390063,-272.6630756390063,0
2941,272.6570270696158,-272.6570270696158,0
2942,272.6447841864706,-272.6447841864706,0
2943,272.6275816173068,-272.6275816173068,0
2944,272.62390609630984,-272.62390609630984,0
2945,272.6200246589607,-272.6200246589607,0
2946,272.6179855275372,-272.6179855275372,0
2947,272.6347594393339,-272.6347594393339,0
2948,272.66128856570435,-272.66128856570435,0
2949,272.6893837304953,-272.6893837304953,0
2950,272.7291577977831,-272.7291577977831,0
2951,272.77165881769344,-272.77165881769344,0
2952,272.8118948737219,-272.8118948737219,0
2953,272.84024468978663,-272.84024468978663,0
2954,272.8601252630976,-272.8601252630976,0
2955,272.86881329180574,-272.86881329180574,0
2956,272.86772976553516,-272.86772976553516,0
2957,272.86116205607357,-272.86116205607357,0
2958,272.87195283102096,-272.87195283102096,0
2959,272.87391702681845,-272.87391702681845,0
2960,272.8670267150644,-272.8670267150644,0
2961,272.87887712422366,-272.87887712422366,0
2962,272.87206266517353,-272.87206266517353,0
2963,272.85202968222444,-272.85202968222444,0
2964,272.82038645033805,-272.82038645033805,0
2965,272.78850850735466,-272.78850850735466,0
2966,272.76134488716536,-272.76134488716536,0
2967,272.7371792104886,-272.7371792104886,0
2968,272.7248686318966,-272.7248686318966,0
2969,272.71987210107204,-272.71987210107204,0
2970,272.71723346355265,-272.71723346355265,0
2971,272.7317694494473,-272.7317694494473,0
2972,272.75203377876943,-272.75203377876943,0
2973,272.7917303615021,-272.7917303615021,0
2974,272.8407997194632,-272.8407997194632,0
2975,272.9074756554082,-272.9074756554082,0
2976,272.9631925818262,-272.9631925818262,0
2977,272.9977626790429,-272.9977626790429,0
2978,273.0174169901889,-273.0174169901889,0
2979,273.03442168058467,-273.03442168058467,0
2980,273.04922795776116,-273.04922795776116,0
2981,273.07024339557654,-273.07024339557654,0
2982,273.09392717693913,-273.09392717693913,0
2983,273.1189341917998,-273.1189341917998,0
2984,273.1768099992518,-273.1768099992518,0
2985,273.24514269602196,-273.24514269602196,0
2986,273.3170192660774,-273.3170192660774,0
2987,274.1351823764773,-274.1351823764773,0
2988,274.5910406830494,-274.5910406830494,0
2989,274.7807577145653,-274.7807577145653,0
2990,274.89283464597537,-274.89283464597537,0
2991,275.0699807452675,-275.0699807452675,0
2992,275.6826204215462,-275.6826204215462,0
2993,276.1573096889474,-276.1573096889474,0
2994,276.31024192662255,-276.31024192662255,0
2995,276.38634446869037,-276.38634446869037,0
2996,276.43517630809447,-276.43517630809447,0
2997,276.4661956668774,-276.4661956668774,0
2998,276.50240125950603,-276.50240125950603,0
2999,276.5488249080435,-276.5488249080435,0
3000,276.5934382622288,-276.5934382622288,0
3001,276.6251753418597,-276.6251753418597,0
3002,276.64286901178804,-276.64286901178804,0
3003,276.6555208530485,-276.6555208530485,0
3004,276.6635323328354,-276.6635323328354,0
3005,276.66944307780926,-276.66944307780926,0
3006,276.6610818998149,-276.6610818998149,0
3007,276.6784098683729,-276.6784098683729,0
3008,276.67923693842874,-276.67923693842874,0
3009,276.69108843845737,-276.69108843845737,0
3010,276.67976302718364,-276.67976302718364,0
3011,276.88835414747746,-276.88835414747746,0
3012,276.8882689715417,-276.8882689715417,0
3013,276.90383062837446,-276.90383062837446,0
3014,276.90567798267546,-276.90567798267546,0
3015,276.8993623290278,-276.8993623290278,0
3016,277.2103305984094,-277.2103305984094,0
3017,277.49245872956277,-277.49245872956277,0
3018,277.58639075040514,-277.58639075040514,0
3019,277.65114348981945,-277.65114348981945,0
3020,277.70938180934104,-277.70938180934104,0
3021,277.7523582920359,-277.7523582920359,0
3022,277.79893232843114,-277.79893232843114,0
3023,277.84874877389046,-277.84874877389046,0
3024,277.89176615393296,-277.89176615393296,0
3025,277.92015415073763,-277.92015415073763,0
3026,277.93727266452595,-277.93727266452595,0
3027,277.95396131341863,-277.95396131341863,0
3028,277.96172635117074,-277.96172635117074,0
3029,277.9718220858436,-277.9718220858436,0
3030,277.97065293828155,-277.97065293828155,0
3031,278.4754917906691,-278.4754917906691,0
3032,278.9400644045797,-278.9400644045797,0
3033,279.06750037564575,-279.06750037564575,0
3034,279.14275375075096,-279.14275375075096,0
3035,279.15656900039596,-279.15656900039596,0
3036,279.1519239580354,-279.1519239580354,0
3037,279.14843731566674,-279.14843731566674,0
3038,279.1433181012554,-279.1433181012554,0
3039,279.1328393305663,-279.1328393305663,0
3040,279.1275430540028,-279.1275430540028,0
3041,279.1240950234137,-279.1240950234137,0
3042,279.1208972026777,-279.1208972026777,0
3043,279.1371503299481,-279.1371503299481,0
3044,279.1926542352505,-279.1926542352505,0
3045,279.2338491042767,-279.2338491042767,0
3046,279.2700296091521,-279.2700296091521,0
3047,279.31775805901265,-279.31775805901265,0
3048,279.35837851814256,-279.35837851814256,0
3049,279.40064735280384,-279.40064735280384,0
3050,279.39916042859596,-279.39916042859596,0
3051,279.39790256320975,-279.39790256320975,0
3052,279.412496110112,-279.412496110112,0
3053,279.4080042239562,-279.4080042239562,0
3054,279.40421492290864,-279.40421492290864,0
3055,279.4550214829518,-279.4550214829518,0
3056,279.4926932542817,-279.4926932542817,0
3057,279.51589570817043,-279.51589570817043,0
3058,279.5082534280837,-279.5082534280837,0
3059,279.4842443878734,-279.4842443878734,0
3060,279.44988440759926,-279.44988440759926,0
3061,279.42930778939893,-279.42930778939893,0
3062,279.5736072950731,-279.5736072950731,0
3063,279.5563754699026,-279.5563754699026,0
3064,279.5474491269697,-279.5474491269697,0
3065,279.5388098711237,-279.5388098711237,0
3066,279.5312918403623,-279.5312918403623,0
3067,279.53526364875796,-279.53526364875796,0
3068,279.55223811708356,-279.55223811708356,0
3069,279.62416240231346,-279.62416240231346,0
3070,279.66325167893734,-279.66325167893734,0
3071,279.6933419572419,-279.6933419572419,0
3072,279.71984197328436,-279.71984197328436,0
3073,279.73753991240477,-279.73753991240477,0
3074,279.7513721077402,-279.7513721077402,0
3075,279.7691698505166,-279.7691698505166,0
3076,279.7853617129557,-279.7853617129557,0
3077,279.8030460332157,-279.8030460332157,0
3078,279.8230906137364,-279.8230906137364,0
3079,279.84136324158385,-279.84136324158385,0
3080,279.83652190401136,-279.83652190401136,0
3081,279.82520006327303,-279.82520006327303,0
3082,279.812101329208,-279.812101329208,0
3083,279.7992081155816,-279.7992081155816,0
3084,279.7837505690667,-279.7837505690667,0
3085,279.76573498535566,-279.76573498535566,0
3086,279.75380810413805,-279.75380810413805,0
3087,279.7452943768151,-279.7452943768151,0
3088,279.75436305015546,-279.75436305015546,0
3089,279.7484501750422,-279.7484501750422,0
3090,279.7449756579128,-279.7449756579128,0
3091,279.7626316990987,-279.7626316990987,0
3092,279.81897399910616,-279.81897399910616,0
3093,279.86345272918174,-279.86345272918174,0
3094,279.912211406624,-279.912211406624,0
3095,279.9634326825122,-279.9634326825122,0
3096,280.02425259729927,-280.02425259729927,0
3097,280.0481976374706,-280.0481976374706,0
3098,280.0641337203417,-280.0641337203417,0
3099,280.0845994081709,-280.0845994081709,0
3100,280.1041257559117,-280.1041257559117,0
3101,280.1208209255432,-280.1208209255432,0
3102,280.13742520415894,-280.13742520415894,0
3103,280.1364300631202,-280.1364300631202,0
3104,280.13904326577,-280.13904326577,0
3105,280.13714979359094,-280.13714979359094,0
3106,280.1223424939552,-280.1223424939552,0
3107,280.1027310779519,-280.1027310779519,0
3108,280.0979783733388,-280.0979783733388,0
3109,280.0896016715964,-280.0896016715964,0
3110,280.0798721735928,-280.0798721735928,0
3111,280.0728146904828,-280.0728146904828,0
3112,280.06705786486486,-280.06705786486486,0
3113,280.06385764340246,-280.06385764340246,0
3114,280.06082638202855,-280.06082638202855,0
3115,280.0792938142777,-280.0792938142777,0
3116,280.11264856540805,-280.11264856540805,0
3117,280.156619548439,-280.156619548439,0
3118,280.2096368647712,-280.2096368647712,0
3119,280.27000464141025,-280.27000464141025,0
3120,280.3271440400917,-280.3271440400917,0
3121,280.3539654497224,-280.3539654497224,0
3122,280.37573124251054,-280.37573124251054,0
3123,280.3931770148586,-280.3931770148586,0
3124,280.4071373239452,-280.4071373239452,0
3125,280.42479847265474,-280.42479847265474,0
3126,280.4435523742931,-280.4435523742931,0
3127,280.440745686412,-280.440745686412,0
3128,280.4377171324645,-280.4377171324645,0
3129,280.43119274753263,-280.43119274753263,0
3130,280.659441429092,-280.659441429092,0
3131,281.14948638727384,-281.14948638727384,0
3132,281.5162010522063,-281.5162010522063,0
3133,281.5460056109016,-281.5460056109016,0
3134,281.537968775395,-281.537968775395,0
3135,281.52909541554226,-281.52909541554226,0
3136,281.5284132493643,-281.5284132493643,0
3137,281.5277628688962,-281.5277628688962,0
3138,281.57527780799774,-281.57527780799774,0
3139,281.6446837224102,-281.6446837224102,0
3140,281.6882828665287,-281.6882828665287,0
3141,281.7314870253132,-281.7314870253132,0
3142,281.80447341885423,-281.80447341885423,0
3143,281.88591664709895,-281.88591664709895,0
3144,281.9431213236023,-281.9431213236023,0
3145,281.9785930741733,-281.9785930741733,0
3146,282.0008888035695,-282.0008888035695,0
3147,282.0206620326966,-282.0206620326966,0
3148,282.03962852388355,-282.03962852388355,0
3149,282.0377790534897,-282.0377790534897,0
3150,282.034145017417,-282.034145017417,0
3151,282.02604190233285,-282.02604190233285,0
3152,282.0241868291537,-282.0241868291537,0
3153,282.015667007248,-282.015667007248,0
3154,282.00402559007614,-282.00402559007614,0
3155,281.99148561760313,-281.99148561760313,0
3156,281.97325261107926,-281.97325261107926,0
3157,281.9649363270173,-281.9649363270173,0
3158,281.9502399566184,-281.9502399566184,0
3159,281.935652749102,-281.935652749102,0
3160,281.9199807399817,-281.9199807399817,0
3161,281.91022226209543,-281.91022226209543,0
3162,281.90243265644557,-281.90243265644557,0
3163,281.908094236218,-281.908094236218,0
3164,281.9291991154279,-281.9291991154279,0
3165,281.9698042352416,-281.9698042352416,0
3166,282.01666651304936,-282.01666651304936,0
3167,282.1280502354253,-282.1280502354253,0
3168,282.1859953384098,-282.1859953384098,0
3169,282.226825721041,-282.226825721041,0
3170,282.2507676745604,-282.2507676745604,0
3171,282.26852187367604,-282.26852187367604,0
3172,282.2863460396082,-282.2863460396082,0
3173,282.3021868389531,-282.3021868389531,0
3174,282.32452262632154,-282.32452262632154,0
3175,282.34246089282925,-282.34246089282925,0
3176,282.3385827475965,-282.3385827475965,0
3177,282.3288600434709,-282.3288600434709,0
3178,282.56476658196453,-282.56476658196453,0
3179,282.9400223970001,-282.9400223970001,0
3180,283.3756324912159,-283.3756324912159,0
3181,283.8604539956804,-283.8604539956804,0
3182,284.19860603252994,-284.19860603252994,0
3183,284.20249728358414,-284.20249728358414,0
3184,284.1923264440882,-284.1923264440882,0
3185,284.1821185436618,-284.1821185436618,0
3186,284.1928048630478,-284.1928048630478,0
3187,284.20591104681245,-284.20591104681245,0
3188,284.22447735200416,-284.22447735200416,0
3189,284.2421639341082,-284.2421639341082,0
3190,284.27171913388867,-284.27171913388867,0
3191,284.31905580965565,-284.31905580965565,0
3192,284.35668419326254,-284.35668419326254,0
3193,284.38494579349384,-284.38494579349384,0
3194,284.402507697548,-284.402507697548,0
3195,284.42115135056747,-284.42115135056747,0
3196,284.44160898547665,-284.44160898547665,0
3197,284.4406067284095,-284.4406067284095,0
3198,284.43999205889304,-284.43999205889304,0
3199,284.4360452829796,-284.4360452829796,0
3200,284.4218643725436,-284.4218643725436,0
3201,284.40318171226045,-284.40318171226045,0
3202,284.38034368919904,-284.38034368919904,0
3203,284.35091569584534,-284.35091569584534,0
3204,284.3206675278142,-284.3206675278142,0
3205,284.3188328599405,-284.3188328599405,0
3206,284.30608757167016,-284.30608757167016,0
3207,284.289383314831,-284.289383314831,0
3208,284.28122180281514,-284.28122180281514,0
3209,284.27568239795943,-284.27568239795943,0
3210,284.2776084245071,-284.2776084245071,0
3211,284.31146039205385,-284.31146039205385,0
3212,284.34735536142995,-284.34735536142995,0
3213,284.3850106142446,-284.3850106142446,0
3214,284.4537429651212,-284.4537429651212,0
3215,284.5255326512713,-284.5255326512713,0
3216,284.576498528286,-284.576498528286,0
3217,284.62226765938607,-284.62226765938607,0
3218,284.6565580334854,-284.6565580334854,0
3219,284.67705697156356,-284.67705697156356,0
3220,284.6992995703599,-284.6992995703599,0
3221,284.7251063401464,-284.7251063401464,0
3222,284.7522096287504,-284.7522096287504,0
3223,284.76125501487314,-284.76125501487314,0
3224,284.77142242434195,-284.77142242434195,0
3225,284.76863535762254,-284.76863535762254,0
3226,284.7630277846006,-284.7630277846006,0
3227,284.7750932509186,-284.7750932509186,0
3228,284.77033361761386,-284.77033361761386,0
3229,284.7614926030704,-284.7614926030704,0
3230,284.7468061147852,-284.7468061147852,0
3231,284.7293206975995,-284.7293206975995,0
3232,284.7178363253142,-284.7178363253142,0
3233,284.71238764947236,-284.71238764947236,0
3234,284.7113948069998,-284.7113948069998,0
3235,284.74419048248024,-284.74419048248024,0
3236,284.7698341127511,-284.7698341127511,0
3237,284.81306072803704,-284.81306072803704,0
3238,284.8919251986713,-284.8919251986713,0
3239,284.9450687080093,-284.9450687080093,0
3240,284.99120442184704,-284.99120442184704,0
3241,285.0342730271644,-285.0342730271644,0
3242,285.0672537101272,-285.0672537101272,0
3243,285.08451979219194,-285.08451979219194,0
3244,285.101863432661,-285.101863432661,0
3245,285.11502201947064,-285.11502201947064,0
3246,285.12405478613994,-285.12405478613994,0
3247,285.12313788659503,-285.12313788659503,0
3248,285.1214926554745,-285.1214926554745,0
3249,285.11643278459934,-285.11643278459934,0
3250,285.0987800694493,-285.0987800694493,0
3251,285.07465739760516,-285.07465739760516,0
3252,285.0493657068789,-285.0493657068789,0
3253,285.0222429756889,-285.0222429756889,0
3254,284.99977236997495,-284.99977236997495,0
3255,284.98159258335727,-284.98159258335727,0
3256,284.9610385645968,-284.9610385645968,0
3257,284.9533296492959,-284.9533296492959,0
3258,284.94848706740413,-284.94848706740413,0
3259,284.9594225204605,-284.9594225204605,0
3260,284.9807610102619,-284.9807610102619,0
3261,285.0111012873962,-285.0111012873962,0
3262,285.0480809575464,-285.0480809575464,0
3263,285.10365840213814,-285.10365840213814,0
3264,285.1495416033408,-285.1495416033408,0
3265,285.1722330320016,-285.1722330320016,0
3266,285.1921162976478,-285.1921162976478,0
3267,285.209431095718,-285.209431095718,0
3268,285.2271209122991,-285.2271209122991,0
3269,285.2496328622405,-285.2496328622405,0
3270,285.2752558874848,-285.2752558874848,0
3271,285.30323821509575,-285.30323821509575,0
3272,285.31461954034444,-285.31461954034444,0
3273,285.3114348589884,-285.3114348589884,0
3274,285.29390787201345,-285.29390787201345,0
3275,285.27734158549936,-285.27734158549936,0
3276,285.2451248899707,-285.2451248899707,0
3277,285.2069917100207,-285.2069917100207,0
3278,285.16846046260963,-285.16846046260963,0
3279,285.13476882555136,-285.13476882555136,0
3280,285.114723139682,-285.114723139682,0
3281,285.1015723820026,-285.1015723820026,0
3282,285.0944626299836,-285.0944626299836,0
3283,285.1021560471683,-285.1021560471683,0
3284,285.140125665887,-285.140125665887,0
3285,285.18711547382014,-285.18711547382014,0
3286,285.2319746511295,-285.2319746511295,0
3287,285.2893572813691,-285.2893572813691,0
3288,285.32069033837297,-285.32069033837297,0
3289,285.33869664636995,-285.33869664636995,0
3290,285.35400382192614,-285.35400382192614,0
3291,285.3665834524644,-285.3665834524644,0
3292,285.3849660599014,-285.3849660599014,0
3293,285.40715045454533,-285.40715045454533,0
3294,285.42310546458526,-285.42310546458526,0
3295,285.4290137285905,-285.4290137285905,0
3296,285.45748791067456,-285.45748791067456,0
3297,285.45606844777603,-285.45606844777603,0
3298,285.4422891011437,-285.4422891011437,0
3299,285.4241843824436,-285.4241843824436,0
3300,285.40044435984646,-285.40044435984646,0
3301,285.37416318037117,-285.37416318037117,0
3302,285.3403543732344,-285.3403543732344,0
3303,285.3125244264388,-285.3125244264388,0
3304,285.3149113970288,-285.3149113970288,0
3305,285.3138761526726,-285.3138761526726,0
3306,285.3211043254408,-285.3211043254408,0
3307,285.359701516612,-285.359701516612,0
3308,285.4312989484708,-285.4312989484708,0
3309,285.4843279687622,-285.4843279687622,0
3310,285.5396790603506,-285.5396790603506,0
3311,285.60818919981284,-285.60818919981284,0
3312,285.66001995091716,-285.66001995091716,0
3313,285.6928121385004,-285.6928121385004,0
3314,285.71313523995883,-285.71313523995883,0
3315,285.72957173147364,-285.72957173147364,0
3316,285.7470699246724,-285.7470699246724,0
3317,285.7644141373089,-285.7644141373089,0
3318,285.78172263460704,-285.78172263460704,0
3319,285.7995263261322,-285.7995263261322,0
3320,285.83917635642996,-285.83917635642996,0
3321,285.8704663944144,-285.8704663944144,0
3322,285.8627637187216,-285.8627637187216,0
3323,285.8398356565409,-285.8398356565409,0
3324,285.80759194556424,-285.80759194556424,0
3325,285.77313676445584,-285.77313676445584,0
3326,285.7394619819437,-285.7394619819437,0
3327,285.7087075928939,-285.7087075928939,0
3328,285.6868511129058,-285.6868511129058,0
3329,285.67491557915395,-285.67491557915395,0
3330,285.66628832883936,-285.66628832883936,0
3331,285.6664246912575,-285.6664246912575,0
3332,285.689921126708,-285.689921126708,0
3333,285.7321952381731,-285.7321952381731,0
3334,285.77749194041843,-285.77749194041843,0
3335,285.8873828810435,-285.8873828810435,0
3336,285.9634056043622,-285.9634056043622,0
3337,286.0152685143707,-286.0152685143707,0
3338,286.04666349331745,-286.04666349331745,0
3339,286.0643105871865,-286.0643105871865,0
3340,286.0818367283953,-286.0818367283953,0
3341,286.09971495675546,-286.09971495675546,0
3342,286.12476402763826,-286.12476402763826,0
3343,286.1459936177874,-286.1459936177874,0
3344,286.1439165824287,-286.1439165824287,0
3345,286.13683345620996,-286.13683345620996,0
3346,286.1171719077748,-286.1171719077748,0
3347,286.08630621630795,-286.08630621630795,0
3348,286.0491541742797,-286.0491541742797,0
3349,286.0135440875213,-286.0135440875213,0
3350,285.9742839198963,-285.9742839198963,0
3351,285.93658977457244,-285.93658977457244,0
3352,285.91007795779524,-285.91007795779524,0
3353,285.8918117734633,-285.8918117734633,0
3354,285.88876219733373,-285.88876219733373,0
3355,285.8937719074688,-285.8937719074688,0
3356,285.91134688091836,-285.91134688091836,0
3357,285.9313265737567,-285.9313265737567,0
3358,285.9620341114662,-285.9620341114662,0
3359,286.01078454294543,-286.01078454294543,0
3360,286.05881010880086,-286.05881010880086,0
3361,286.1000090613441,-286.1000090613441,0
3362,286.12198966542576,-286.12198966542576,0
3363,286.13916090781134,-286.13916090781134,0
3364,286.16049043434197,-286.16049043434197,0
3365,286.18208612122305,-286.18208612122305,0
3366,286.209493247025,-286.209493247025,0
3367,286.22172502593816,-286.22172502593816,0
3368,286.2176881561608,-286.2176881561608,0
3369,286.2094790840148,-286.2094790840148,0
3370,286.5757998505651,-286.5757998505651,0
3371,286.64235378531475,-286.64235378531475,0
3372,286.6161692146152,-286.6161692146152,0
3373,286.585489590253,-286.585489590253,0
3374,286.5706365108018,-286.5706365108018,0
3375,286.5653906377977,-286.5653906377977,0
3376,286.5566789265944,-286.5566789265944,0
3377,286.5522996557938,-286.5522996557938,0
3378,286.55141636583835,-286.55141636583835,0
3379,286.5673669091982,-286.5673669091982,0
3380,286.5969513079407,-286.5969513079407,0
3381,286.62542738205605,-286.62542738205605,0
3382,286.66589082224834,-286.66589082224834,0
3383,286.716840370945,-286.716840370945,0
3384,286.7627093474992,-286.7627093474992,0
3385,286.8046713445181,-286.8046713445181,0
3386,286.82929593320233,-286.82929593320233,0
3387,286.8523134413004,-286.8523134413004,0
3388,286.8717855942445,-286.8717855942445,0
3389,286.8688268367114,-286.8688268367114,0
3390,286.8935339553679,-286.8935339553679,0
3391,286.92794150105743,-286.92794150105743,0
3392,287.55224832495406,-287.55224832495406,0
3393,288.3191079306954,-288.3191079306954,0
3394,288.55828525528636,-288.55828525528636,0
3395,288.5460637803095,-288.5460637803095,0
3396,288.5145432738058,-288.5145432738058,0
3397,288.48215058585237,-288.48215058585237,0
3398,288.442779912206,-288.442779912206,0
3399,288.4066514796125,-288.4066514796125,0
3400,288.38017525410766,-288.38017525410766,0
3401,288.36377222343833,-288.36377222343833,0
3402,288.3523433421543,-288.3523433421543,0
3403,288.35171073805776,-288.35171073805776,0
3404,288.3586161850872,-288.3586161850872,0
3405,288.37435096648795,-288.37435096648795,0
3406,288.3972315794269,-288.3972315794269,0
3407,288.43369540808226,-288.43369540808226,0
3408,288.4662904315123,-288.4662904315123,0
3409,288.4970035469384,-288.4970035469384,0
3410,288.5162903610926,-288.5162903610926,0
3411,288.5105691134049,-288.5105691134049,0
3412,288.5126754852242,-288.5126754852242,0
3413,288.5124223351698,-288.5124223351698,0
3414,288.5096566966273,-288.5096566966273,0
3415,288.5018961317459,-288.5018961317459,0
3416,288.5231739378035,-288.5231739378035,0
3417,288.59910298289793,-288.59910298289793,0
3418,288.58870223976345,-288.58870223976345,0
3419,288.56681902088866,-288.56681902088866,0
3420,288.5379639574099,-288.5379639574099,0
3421,288.50081522468224,-288.50081522468224,0
3422,288.4708562747662,-288.4708562747662,0
3423,288.4389271518899,-288.4389271518899,0
3424,288.4154876149247,-288.4154876149247,0
3425,288.3990431455649,-288.3990431455649,0
3426,288.3893419486645,-288.3893419486645,0
3427,288.38814748342133,-288.38814748342133,0
3428,288.40989884499487,-288.40989884499487,0
3429,288.425061274552,-288.425061274552,0
3430,288.4474052708973,-288.4474052708973,0
3431,288.4786327144304,-288.4786327144304,0
3432,288.5186274911985,-288.5186274911985,0
3433,288.55097713117215,-288.55097713117215,0
3434,288.570820864224,-288.570820864224,0
3435,288.59342492483376,-288.59342492483376,0
3436,288.60803453262656,-288.60803453262656,0
3437,288.6271815655165,-288.6271815655165,0
3438,288.6543735462952,-288.6543735462952,0
3439,288.6755505272241,-288.6755505272241,0
3440,288.6732347442816,-288.6732347442816,0
3441,288.66507839260083,-288.66507839260083,0
3442,288.641137792101,-288.641137792101,0
3443,288.6082313623863,-288.6082313623863,0
3444,288.56971046798026,-288.56971046798026,0
3445,288.5261364329764,-288.5261364329764,0
3446,288.48262378072224,-288.48262378072224,0
3447,288.4441421136142,-288.4441421136142,0
3448,288.4148424572281,-288.4148424572281,0
3449,288.39447247453586,-288.39447247453586,0
3450,288.3817574119042,-288.3817574119042,0
3451,288.3794746779041,-288.3794746779041,0
3452,288.387608221791,-288.387608221791,0
3453,288.4046808794743,-288.4046808794743,0
3454,288.42776646255123,-288.42776646255123,0
3455,288.4659971921108,-288.4659971921108,0
3456,288.5075418887879,-288.5075418887879,0
3457,288.5367750185774,-288.5367750185774,0
3458,288.5593726627683,-288.5593726627683,0
3459,288.57707076549406,-288.57707076549406,0
3460,288.59830673911677,-288.59830673911677,0
3461,288.62301735370687,-288.62301735370687,0
3462,288.65118827915717,-288.65118827915717,0
3463,288.6788565135551,-288.6788565135551,0
3464,288.6764940907772,-288.6764940907772,0
3465,288.666172978511,-288.666172978511,0
3466,288.64259617853753,-288.64259617853753,0
3467,288.6089660862903,-288.6089660862903,0
3468,288.5689446602303,-288.5689446602303,0
3469,288.526208624718,-288.526208624718,0
3470,288.4837447732873,-288.4837447732873,0
3471,288.44499174647456,-288.44499174647456,0
3472,288.41578060792085,-288.41578060792085,0
3473,288.39773206228097,-288.39773206228097,0
3474,288.38582125911415,-288.38582125911415,0
3475,288.3830971511092,-288.3830971511092,0
3476,288.38665301568824,-288.38665301568824,0
3477,288.40720999256814,-288.40720999256814,0
3478,288.42921138990897,-288.42921138990897,0
3479,288.45470069379894,-288.45470069379894,0
3480,288.4836453103413,-288.4836453103413,0
3481,288.51067726401,-288.51067726401,0
3482,288.5278139245628,-288.5278139245628,0
3483,288.54333182964666,-288.54333182964666,0
3484,288.56573968723535,-288.56573968723535,0
3485,288.5887366778224,-288.5887366778224,0
3486,288.61490146818574,-288.61490146818574,0
3487,288.6434850204637,-288.6434850204637,0
3488,288.64137944121273,-288.64137944121273,0
3489,288.63081938684473,-288.63081938684473,0
3490,288.933187973816,-288.933187973816,0
3491,289.67431318749226,-289.67431318749226,0
3492,289.87614004573925,-289.87614004573925,0
3493,289.8550395905978,-289.8550395905978,0
3494,289.8249558880868,-289.8249558880868,0
3495,289.7891177245832,-289.7891177245832,0
3496,289.7642515387725,-289.7642515387725,0
3497,289.7504758343233,-289.7504758343233,0
3498,289.73877453311144,-289.73877453311144,0
3499,289.73770047961705,-289.73770047961705,0
3500,289.75686639999736,-289.75686639999736,0
3501,289.78286125849525,-289.78286125849525,0
3502,289.8419533966825,-289.8419533966825,0
3503,289.9017711684442,-289.9017711684442,0
3504,289.9445154337527,-289.9445154337527,0
3505,289.97427340506806,-289.97427340506806,0
3506,289.99384803746307,-289.99384803746307,0
3507,290.01074342014624,-290.01074342014624,0
3508,290.03196017781823,-290.03196017781823,0
3509,290.02947194662636,-290.02947194662636,0
3510,290.02621409739425,-290.02621409739425,0
3511,290.02178397252374,-290.02178397252374,0
3512,290.0156484220727,-290.0156484220727,0
3513,290.0019615536958,-290.0019615536958,0
3514,289.98256416890484,-289.98256416890484,0
3515,289.9681514307948,-289.9681514307948,0
3516,289.9369327346492,-289.9369327346492,0
3517,289.90965973252,-289.90965973252,0
3518,289.8793276601882,-289.8793276601882,0
3519,289.8439203744517,-289.8439203744517,0
3520,289.8188847368842,-289.8188847368842,0
3521,289.80072417044465,-289.80072417044465,0
3522,289.78798024891836,-289.78798024891836,0
3523,289.7863388112979,-289.7863388112979,0
3524,289.7915515449799,-289.7915515449799,0
3525,289.8104836638785,-289.8104836638785,0
3526,289.8322852076932,-289.8322852076932,0
3527,289.8685788619002,-289.8685788619002,0
3528,289.908220291801,-289.908220291801,0
3529,289.93549793918964,-289.93549793918964,0
3530,289.9559001203095,-289.9559001203095,0
3531,289.97347984270414,-289.97347984270414,0
3532,289.98838655224495,-289.98838655224495,0
3533,290.00794360330025,-290.00794360330025,0
3534,290.0328506991724,-290.0328506991724,0
3535,290.04165660444096,-290.04165660444096,0
3536,290.1756317583548,-290.1756317583548,0
3537,290.7103294452964,-290.7103294452964,0
3538,291.2856146291288,-291.2856146291288,0
3539,291.6431133191664,-291.6431133191664,0
3540,291.6676257712671,-291.6676257712671,0
3541,291.6519612558081,-291.6519612558081,0
3542,291.67592120442316,-291.67592120442316,0
3543,291.6652670560076,-291.6652670560076,0
3544,291.6448904648703,-291.6448904648703,0
3545,291.6302514106238,-291.6302514106238,0
3546,291.6193543927751,-291.6193543927751,0
3547,291.61772818927574,-291.61772818927574,0
3548,291.6295258710977,-291.6295258710977,0
3549,291.63850969365774,-291.63850969365774,0
3550,291.65796709203937,-291.65796709203937,0
3551,291.6827966991808,-291.6827966991808,0
3552,291.71133794562957,-291.71133794562957,0
3553,291.7384044478268,-291.7384044478268,0
3554,291.7634617052115,-291.7634617052115,0
3555,291.76843214770525,-291.76843214770525,0
3556,291.7630392289216,-291.7630392289216,0
3557,291.7616201779728,-291.7616201779728,0
3558,291.7582917598799,-291.7582917598799,0
3559,291.75046753057535,-291.75046753057535,0
3560,291.7428930391716,-291.7428930391716,0
3561,292.0419935932475,-292.0419935932475,0
3562,292.631630483102,-292.631630483102,0
3563,292.70175251827703,-292.70175251827703,0
3564,292.6860967513005,-292.6860967513005,0
3565,292.65068487930967,-292.65068487930967,0
3566,292.61566088770803,-292.61566088770803,0
3567,292.5831287872548,-292.5831287872548,0
3568,292.55923100838464,-292.55923100838464,0
3569,292.5419296988903,-292.5419296988903,0
3570,292.52880946181034,-292.52880946181034,0
3571,292.5273992532602,-292.5273992532602,0
3572,292.53507886846864,-292.53507886846864,0
3573,292.5558690870195,-292.5558690870195,0
3574,292.5797355161912,-292.5797355161912,0
3575,292.6179891457808,-292.6179891457808,0
3576,292.6490543041322,-292.6490543041322,0
3577,292.6788205665838,-292.6788205665838,0
3578,292.7016095212395,-292.7016095212395,0
3579,292.72172322394397,-292.72172322394397,0
3580,292.71986275417083,-292.71986275417083,0
3581,292.71398378961896,-292.71398378961896,0
3582,292.73547361384266,-292.73547361384266,0
3583,292.7338640514956,-292.7338640514956,0
3584,292.72856469324955,-292.72856469324955,0
3585,292.75394361420547,-292.75394361420547,0
3586,292.7744039634882,-292.7744039634882,0
3587,292.7654941020106,-292.7654941020106,0
3588,292.75167622989125,-292.75167622989125,0
3589,292.7382681876612,-292.7382681876612,0
3590,292.7274187768028,-292.7274187768028,0
3591,292.713152389486,-292.713152389486,0
3592,292.7044867174169,-292.7044867174169,0
3593,292.6956023843172,-292.6956023843172,0
3594,292.6885549687987,-292.6885549687987,0
3595,292.6886083783871,-292.6886083783871,0
3596,292.7134832453369,-292.7134832453369,0
3597,292.73047476206943,-292.73047476206943,0
3598,292.7538963789136,-292.7538963789136,0
3599,292.785878423508,-292.785878423508,0
3600,292.8170717102643,-292.8170717102643,0
3601,292.84625765141953,-292.84625765141953,0
3602,292.86680439079953,-292.86680439079953,0
3603,292.88275729721204,-292.88275729721204,0
3604,292.89942366741565,-292.89942366741565,0
3605,292.912210828419,-292.912210828419,0
3606,292.9321189627038,-292.9321189627038,0
3607,292.9447592966573,-292.9447592966573,0
3608,292.94044624857617,-292.94044624857617,0
3609,293.2461614252529,-293.2461614252529,0
3610,293.8491451457497,-293.8491451457497,0
3611,294.75136555120173,-294.75136555120173,0
3612,295.3510323866106,-295.3510323866106,0
3613,295.5303988095673,-295.5303988095673,0
3614,295.5995416560704,-295.5995416560704,0
3615,295.6492688776592,-295.6492688776592,0
3616,295.8926134327773,-295.8926134327773,0
3617,295.95361646327314,-295.95361646327314,0
3618,295.9886536186959,-295.9886536186959,0
3619,296.06514889084076,-296.06514889084076,0
3620,296.1331213537366,-296.1331213537366,0
3621,296.1875862213637,-296.1875862213637,0
3622,296.2408813703657,-296.2408813703657,0
3623,296.31987952375005,-296.31987952375005,0
3624,296.3880125187343,-296.3880125187343,0
3625,296.43101171430084,-296.43101171430084,0
3626,296.4548653926588,-296.4548653926588,0
3627,296.4804012690109,-296.4804012690109,0
3628,296.47820672354493,-296.47820672354493,0
3629,296.4737512831285,-296.4737512831285,0
3630,296.46891178184865,-296.46891178184865,0
3631,296.4678084323733,-296.4678084323733,0
3632,296.46623399498264,-296.46623399498264,0
3633,296.4626926304152,-296.4626926304152,0
3634,296.4931646334386,-296.4931646334386,0
3635,296.6261127013442,-296.6261127013442,0
3636,296.69471809503096,-296.69471809503096,0
3637,296.68921574958466,-296.68921574958466,0
3638,296.677958495643,-296.677958495643,0
3639,296.66798167770213,-296.66798167770213,0
3640,296.66526558240463,-296.66526558240463,0
3641,296.6612631903164,-296.6612631903164,0
3642,296.6609669273432,-296.6609669273432,0
3643,296.6838054942872,-296.6838054942872,0
3644,296.762152155358,-296.762152155358,0
3645,296.80554884589054,-296.80554884589054,0
3646,296.8547081320524,-296.8547081320524,0
3647,296.90114506720386,-296.90114506720386,0
3648,296.9518592111351,-296.9518592111351,0
3649,296.98638622952984,-296.98638622952984,0
3650,297.00572536187536,-297.00572536187536,0
3651,297.02296389555096,-297.02296389555096,0
3652,297.0383496049832,-297.0383496049832,0
3653,297.04814570486207,-297.04814570486207,0
3654,297.0517325654025,-297.0517325654025,0
3655,297.07998608345775,-297.07998608345775,0
3656,297.07925812197243,-297.07925812197243,0
3657,297.0693701713864,-297.0693701713864,0
3658,297.04879010027,-297.04879010027,0
3659,297.02182420600775,-297.02182420600775,0
3660,297.002651743286,-297.002651743286,0
3661,296.9770053054186,-296.9770053054186,0
3662,296.9507262562723,-296.9507262562723,0
3663,296.92271065689584,-296.92271065689584,0
3664,296.90651661786376,-296.90651661786376,0
3665,296.89503581073905,-296.89503581073905,0
3666,296.8870955504243,-296.8870955504243,0
3667,296.8926882429078,-296.8926882429078,0
3668,296.91097961681135,-296.91097961681135,0
3669,296.93236201577196,-296.93236201577196,0
3670,296.9578823619192,-296.9578823619192,0
3671,296.9881644371017,-296.9881644371017,0
3672,297.0338510742767,-297.0338510742767,0
3673,297.06864680849867,-297.06864680849867,0
3674,297.0868557883877,-297.0868557883877,0
3675,297.1074498158695,-297.1074498158695,0
3676,297.12936753687393,-297.12936753687393,0
3677,297.1525911753546,-297.1525911753546,0
3678,297.1768954207105,-297.1768954207105,0
3679,297.1928726759105,-297.1928726759105,0
3680,297.196519570154,-297.196519570154,0
3681,297.22551367985636,-297.22551367985636,0
3682,297.2533205813745,-297.2533205813745,0
3683,297.2782683363233,-297.2782683363233,0
3684,297.29090291401525,-297.29090291401525,0
3685,297.31591879311435,-297.31591879311435,0
3686,297.3339982329709,-297.3339982329709,0
3687,297.6685835503793,-297.6685835503793,0
3688,298.2957821193846,-298.2957821193846,0
3689,298.4604283117039,-298.4604283117039,0
3690,298.52355894483844,-298.52355894483844,0
3691,298.55802257854896,-298.55802257854896,0
3692,298.57708971923574,-298.57708971923574,0
3693,298.5939148051067,-298.5939148051067,0
3694,298.6119736575592,-298.6119736575592,0
3695,298.6728203584494,-298.6728203584494,0
3696,298.7171980534739,-298.7171980534739,0
3697,298.75178859745586,-298.75178859745586,0
3698,298.7727587753782,-298.7727587753782,0
3699,298.79717212704514,-298.79717212704514,0
3700,298.81180555047223,-298.81180555047223,0
3701,298.8195651474125,-298.8195651474125,0
3702,298.8294923507439,-298.8294923507439,0
3703,298.82653680991643,-298.82653680991643,0
3704,299.09777298059566,-299.09777298059566,0
3705,299.1218784438343,-299.1218784438343,0
3706,299.52316805528915,-299.52316805528915,0
3707,300.1351183981019,-300.1351183981019,0
3708,300.6295653661811,-300.6295653661811,0
3709,301.21871912379834,-301.21871912379834,0
3710,301.2955319858415,-301.2955319858415,0
3711,301.32991792401157,-301.32991792401157,0
3712,301.3953267503706,-301.3953267503706,0
3713,301.4157180222081,-301.4157180222081,0
3714,301.4424914537685,-301.4424914537685,0
3715,301.4669290971431,-301.4669290971431,0
3716,301.5045075353285,-301.5045075353285,0
3717,301.53056243192754,-301.53056243192754,0
3718,301.56359652834163,-301.56359652834163,0
3719,301.60208174489645,-301.60208174489645,0
3720,301.644074176587,-301.644074176587,0
3721,301.6847684020806,-301.6847684020806,0
3722,301.71323426323863,-301.71323426323863,0
3723,301.71266244277894,-301.71266244277894,0
3724,301.7315024746469,-301.7315024746469,0
3725,301.726177741319,-301.726177741319,0
3726,301.72090341092576,-301.72090341092576,0
3727,301.7182322922918,-301.7182322922918,0
3728,301.70048976876353,-301.70048976876353,0
3729,301.68666056843625,-301.68666056843625,0
3730,301.66718004820154,-301.66718004820154,0
3731,301.6452517816542,-301.6452517816542,0
3732,301.62237800870037,-301.62237800870037,0
3733,301.6059975547358,-301.6059975547358,0
3734,301.58422207394705,-301.58422207394705,0
3735,301.55438661102374,-301.55438661102374,0
3736,301.53971935723246,-301.53971935723246,0
3737,301.5257218233337,-301.5257218233337,0
3738,301.5172385509371,-301.5172385509371,0
3739,301.52251798216935,-301.52251798216935,0
3740,301.5372550810302,-301.5372550810302,0
3741,301.5522253989965,-301.5522253989965,0
3742,301.57333915498947,-301.57333915498947,0
3743,301.6188450651044,-301.6188450651044,0
3744,301.6572200176206,-301.6572200176206,0
3745,301.6894152079713,-301.6894152079713,0
3746,301.708095860807,-301.708095860807,0
3747,301.72677943008193,-301.72677943008193,0
3748,301.7485485456243,-301.7485485456243,0
3749,301.76990448263547,-301.76990448263547,0
3750,301.7879095191419,-301.7879095191419,0
3751,301.78744955056277,-301.78744955056277,0
3752,301.79391692967573,-301.79391692967573,0
3753,301.791822729961,-301.791822729961,0
3754,301.78271892394037,-301.78271892394037,0
3755,301.7683685748008,-301.7683685748008,0
3756,301.7562014849962,-301.7562014849962,0
3757,301.7671831674583,-301.7671831674583,0
3758,301.77123046039617,-301.77123046039617,0
3759,301.7702337461008,-301.7702337461008,0
3760,301.77657403366055,-301.77657403366055,0
3761,301.7789456300002,-301.7789456300002,0
3762,301.7787109451571,-301.7787109451571,0
3763,301.7895514716494,-301.7895514716494,0
3764,301.8066361884608,-301.8066361884608,0
3765,301.8209176465416,-301.8209176465416,0
3766,301.8369664005592,-301.8369664005592,0
3767,301.863800809108,-301.863800809108,0
3768,301.9042377514874,-301.9042377514874,0
3769,301.93633832037455,-301.93633832037455,0
3770,301.9579306302517,-301.9579306302517,0
3771,301.97582450109644,-301.97582450109644,0
3772,301.9916789375064,-301.9916789375064,0
3773,302.00634392312975,-302.00634392312975,0
3774,302.02548416765364,-302.02548416765364,0
3775,302.04080490984177,-302.04080490984177,0
3776,302.0394445315105,-302.0394445315105,0
3777,302.03580131460495,-302.03580131460495,0
3778,302.63620292784077,-302.63620292784077,0
3779,303.121999877286,-303.121999877286,0
3780,303.19656666344633,-303.19656666344633,0
3781,303.1960321966732,-303.1960321966732,0
3782,303.1863478732266,-303.1863478732266,0
3783,303.1734932460537,-303.1734932460537,0
3784,303.1635539189363,-303.1635539189363,0
3785,303.15705926555756,-303.15705926555756,0
3786,303.1516494895257,-303.1516494895257,0
3787,303.15593883317297,-303.15593883317297,0
3788,303.1731233379543,-303.1731233379543,0
3789,303.1862009787943,-303.1862009787943,0
3790,303.2032803994324,-303.2032803994324,0
3791,303.2371746643145,-303.2371746643145,0
3792,303.273067057988,-303.273067057988,0
3793,303.30129049523447,-303.30129049523447,0
3794,303.32127370517327,-303.32127370517327,0
3795,303.3391657063811,-303.3391657063811,0
3796,303.35362849582674,-303.35362849582674,0
3797,303.34729257750377,-303.34729257750377,0
3798,303.34700625204175,-303.34700625204175,0
3799,303.34485570797153,-303.34485570797153,0
3800,303.4969430734351,-303.4969430734351,0
3801,303.93835946182185,-303.93835946182185,0
3802,304.5350843201884,-304.5350843201884,0
3803,305.022661021441,-305.022661021441,0
3804,305.31643044285687,-305.31643044285687,0
3805,305.47339112297544,-305.47339112297544,0
3806,305.4565811578609,-305.4565811578609,0
3807,305.43093461485375,-305.43093461485375,0
3808,305.4076409875291,-305.4076409875291,0
3809,305.3902998542413,-305.3902998542413,0
3810,305.37891593475,-305.37891593475,0
3811,305.38700075881695,-305.38700075881695,0
3812,305.39391368012264,-305.39391368012264,0
3813,305.3999993644056,-305.3999993644056,0
3814,305.41596684052354,-305.41596684052354,0
3815,305.45147612551,-305.45147612551,0
3816,305.4963081743638,-305.4963081743638,0
3817,305.5333987346854,-305.5333987346854,0
3818,305.5576309742774,-305.5576309742774,0
3819,305.5643979752235,-305.5643979752235,0
3820,305.56003516692664,-305.56003516692664,0
3821,305.5567632620836,-305.5567632620836,0
3822,305.5509233209323,-305.5509233209323,0
3823,305.54583037147376,-305.54583037147376,0
3824,305.5376882225754,-305.5376882225754,0
3825,305.53082457561794,-305.53082457561794,0
3826,305.7332569836058,-305.7332569836058,0
3827,306.26194794558893,-306.26194794558893,0
3828,307.0375392123315,-307.0375392123315,0
3829,307.66257311745994,-307.66257311745994,0
3830,307.7486144141569,-307.7486144141569,0
3831,307.7303026379272,-307.7303026379272,0
3832,307.7129588524053,-307.7129588524053,0
3833,307.69927838888344,-307.69927838888344,0
3834,307.6882172199449,-307.6882172199449,0
3835,307.68803405865685,-307.68803405865685,0
3836,307.7044904208623,-307.7044904208623,0
3837,307.7221753554101,-307.7221753554101,0
3838,307.8088292571319,-307.8088292571319,0
3839,307.85012785089054,-307.85012785089054,0
3840,307.89064709738494,-307.89064709738494,0
3841,307.9242742511141,-307.9242742511141,0
3842,307.9435679108341,-307.9435679108341,0
3843,307.9609263802564,-307.9609263802564,0
3844,307.98078346698395,-307.98078346698395,0
3845,307.98383511159597,-307.98383511159597,0
3846,307.9803150039546,-307.9803150039546,0
3847,307.97756843234197,-307.97756843234197,0
3848,307.96204708787843,-307.96204708787843,0
3849,307.9465301787592,-307.9465301787592,0
3850,307.9194719566298,-307.9194719566298,0
3851,308.2561047619289,-308.2561047619289,0
3852,308.80094531451766,-308.80094531451766,0
3853,308.8623378008919,-308.8623378008919,0
3854,308.8410178564347,-308.8410178564347,0
3855,308.8113388347831,-308.8113388347831,0
3856,308.78906920346594,-308.78906920346594,0
3857,308.7689034720663,-308.7689034720663,0
3858,308.7543700275014,-308.7543700275014,0
3859,308.7511767456586,-308.7511767456586,0
3860,308.7502740141049,-308.7502740141049,0
3861,308.75940333525085,-308.75940333525085,0
3862,308.7807675918963,-308.7807675918963,0
3863,308.7995535218293,-308.7995535218293,0
3864,308.8268539798965,-308.8268539798965,0
3865,308.85328899754865,-308.85328899754865,0
3866,308.8803154261766,-308.8803154261766,0
3867,308.9026578274157,-308.9026578274157,0
3868,308.92446226155323,-308.92446226155323,0
3869,308.9494104102893,-308.9494104102893,0
3870,308.94652748726907,-308.94652748726907,0
3871,308.94508852622437,-308.94508852622437,0
3872,308.9408528152385,-308.9408528152385,0
3873,309.08557537485433,-309.08557537485433,0
3874,309.60134303261054,-309.60134303261054,0
3875,309.8364229521138,-309.8364229521138,0
3876,309.9759715856579,-309.9759715856579,0
3877,310.573697005128,-310.573697005128,0
3878,310.995244672468,-310.995244672468,0
3879,311.2080696213982,-311.2080696213982,0
3880,311.2390704190118,-311.2390704190118,0
3881,311.23782068645903,-311.23782068645903,0
3882,311.2657551013778,-311.2657551013778,0
3883,311.28791406852366,-311.28791406852366,0
3884,311.31982371236415,-311.31982371236415,0
3885,311.3546905262329,-311.3546905262329,0
3886,311.3932921588264,-311.3932921588264,0
3887,311.4340485166578,-311.4340485166578,0
3888,311.46283540504913,-311.46283540504913,0
3889,311.4955233059333,-311.4955233059333,0
3890,311.5251591388122,-311.5251591388122,0
3891,311.5474160120148,-311.5474160120148,0
3892,311.55390140959685,-311.55390140959685,0
3893,311.5475915640753,-311.5475915640753,0
3894,311.55331241053204,-311.55331241053204,0
3895,311.56601409627865,-311.56601409627865,0
3896,311.9277490710057,-311.9277490710057,0
3897,312.55420230497845,-312.55420230497845,0
3898,313.2629017953908,-313.2629017953908,0
3899,313.90657521500987,-313.90657521500987,0
3900,314.59469751335456,-314.59469751335456,0
3901,315.4344928700933,-315.4344928700933,0
3902,315.7606350075125,-315.7606350075125,0
3903,315.9983655809851,-315.9983655809851,0
3904,316.0197263755015,-316.0197263755015,0
3905,316.018162305048,-316.018162305048,0
3906,316.01676760470593,-316.01676760470593,0
3907,316.0275932275436,-316.0275932275436,0
3908,316.0429430753846,-316.0429430753846,0
3909,316.0614904499456,-316.0614904499456,0
3910,316.09207284468346,-316.09207284468346,0
3911,316.1269834575515,-316.1269834575515,0
3912,316.15608012955414,-316.15608012955414,0
3913,316.18338216106054,-316.18338216106054,0
3914,316.2006428696452,-316.2006428696452,0
3915,316.1972087613124,-316.1972087613124,0
3916,316.1923062299089,-316.1923062299089,0
3917,316.1863994277205,-316.1863994277205,0
3918,316.1790074393808,-316.1790074393808,0
3919,316.1697471572629,-316.1697471572629,0
3920,316.15935527146024,-316.15935527146024,0
3921,316.15085168023927,-316.15085168023927,0
3922,316.1313554615403,-316.1313554615403,0
3923,316.1031900512398,-316.1031900512398,0
3924,316.0815803130013,-316.0815803130013,0
3925,316.06540243614535,-316.06540243614535,0
3926,316.03849935624146,-316.03849935624146,0
3927,316.0129840426902,-316.0129840426902,0
3928,315.99339877125584,-315.99339877125584,0
3929,315.9781388035117,-315.9781388035117,0
3930,315.96743382430816,-315.96743382430816,0
3931,315.96628334704974,-315.96628334704974,0
3932,315.97762613784573,-315.97762613784573,0
3933,315.99074096948124,-315.99074096948124,0
3934,316.0072677029707,-316.0072677029707,0
3935,316.0310680852854,-316.0310680852854,0
3936,316.06829127172955,-316.06829127172955,0
3937,316.0876164452845,-316.0876164452845,0
3938,316.10465752665345,-316.10465752665345,0
3939,316.12457308420295,-316.12457308420295,0
3940,316.14569222396733,-316.14569222396733,0
3941,316.16711520295087,-316.16711520295087,0
3942,316.1918769568335,-316.1918769568335,0
3943,316.2071401254781,-316.2071401254781,0
3944,316.22124563727857,-316.22124563727857,0
3945,316.23581547025276,-316.23581547025276,0
3946,316.23421633760927,-316.23421633760927,0
3947,316.22871405064376,-316.22871405064376,0
3948,316.2228838789131,-316.2228838789131,0
3949,316.22059157841795,-316.22059157841795,0
3950,316.2179944223942,-316.2179944223942,0
3951,316.2150456300053,-316.2150456300053,0
3952,316.21160536707697,-316.21160536707697,0
3953,316.2089409972792,-316.2089409972792,0
3954,316.2061602922569,-316.2061602922569,0
3955,316.2248330051777,-316.2248330051777,0
3956,316.25014445709604,-316.25014445709604,0
3957,316.26920488278824,-316.26920488278824,0
3958,316.29891648889094,-316.29891648889094,0
3959,316.33246211001034,-316.33246211001034,0
3960,316.3610372839167,-316.3610372839167,0
3961,316.3764059625139,-316.3764059625139,0
3962,316.39030149623403,-316.39030149623403,0
3963,316.4049651219587,-316.4049651219587,0
3964,316.41832905011955,-316.41832905011955,0
3965,316.43426894328235,-316.43426894328235,0
3966,316.4494945359145,-316.4494945359145,0
3967,316.45386561262836,-316.45386561262836,0
3968,316.45123909259604,-316.45123909259604,0
3969,316.4438717043652,-316.4438717043652,0
3970,316.4416508330895,-316.4416508330895,0
3971,316.4255063416464,-316.4255063416464,0
3972,316.40734288885614,-316.40734288885614,0
3973,316.3991145696316,-316.3991145696316,0
3974,316.39250814432097,-316.39250814432097,0
3975,316.3883391289878,-316.3883391289878,0
3976,316.38813777427686,-316.38813777427686,0
3977,316.38764748184656,-316.38764748184656,0
3978,316.3859576399241,-316.3859576399241,0
3979,316.39672952008226,-316.39672952008226,0
3980,316.41782112323585,-316.41782112323585,0
3981,316.4351170401189,-316.4351170401189,0
3982,316.4615308509199,-316.4615308509199,0
3983,316.498672244241,-316.498672244241,0
3984,316.53379888955266,-316.53379888955266,0
3985,316.5578486257105,-316.5578486257105,0
3986,316.57808089958996,-316.57808089958996,0
3987,316.60048265385836,-316.60048265385836,0
3988,316.6183302187699,-316.6183302187699,0
3989,316.62897977634196,-316.62897977634196,0
3990,316.6475937497878,-316.6475937497878,0
3991,316.65238644249683,-316.65238644249683,0
3992,316.6495453559407,-316.6495453559407,0
3993,316.6475501755452,-316.6475501755452,0
3994,316.6314798030219,-316.6314798030219,0
3995,316.60803499591793,-316.60803499591793,0
3996,316.5825798602161,-316.5825798602161,0
3997,316.5694278943994,-316.5694278943994,0
3998,316.7693525429045,-316.7693525429045,0
3999,317.2799305258805,-317.2799305258805,0
4000,317.6453702556225,-317.6453702556225,0
4001,317.7461244841196,-317.7461244841196,0
4002,317.79181044281626,-317.79181044281626,0
4003,317.83287365132,-317.83287365132,0
4004,317.8738866918258,-317.8738866918258,0
4005,317.9088485779252,-317.9088485779252,0
4006,317.9512093641435,-317.9512093641435,0
4007,317.9867602679993,-317.9867602679993,0
4008,318.0326411797221,-318.0326411797221,0
4009,318.05754885985635,-318.05754885985635,0
4010,318.0756683441071,-318.0756683441071,0
4011,318.0920342783444,-318.0920342783444,0
4012,318.1061261440808,-318.1061261440808,0
4013,318.1239787969287,-318.1239787969287,0
4014,318.1487357712804,-318.1487357712804,0
4015,318.1688900780566,-318.1688900780566,0
4016,318.16435366708396,-318.16435366708396,0
4017,318.15264095542955,-318.15264095542955,0
4018,318.1201224823912,-318.1201224823912,0
4019,318.0829591081504,-318.0829591081504,0
4020,318.0422669273412,-318.0422669273412,0
4021,318.007357809838,-318.007357809838,0
4022,317.98339839274973,-317.98339839274973,0
4023,317.9641802245025,-317.9641802245025,0
4024,317.95001587185834,-317.95001587185834,0
4025,317.9362667434702,-317.9362667434702,0
4026,317.9293863176116,-317.9293863176116,0
4027,317.9434915088521,-317.9434915088521,0
4028,317.9659745072707,-317.9659745072707,0
4029,318.00250891801403,-318.00250891801403,0
4030,318.03111269767686,-318.03111269767686,0
4031,318.0796179759621,-318.0796179759621,0
4032,318.12539136344583,-318.12539136344583,0
4033,318.1554138121836,-318.1554138121836,0
4034,318.17504024669597,-318.17504024669597,0
4035,318.1915802757443,-318.1915802757443,0
4036,318.21094410274117,-318.21094410274117,0
4037,318.2317453316334,-318.2317453316334,0
4038,318.2587949581918,-318.2587949581918,0
4039,318.2887261423309,-318.2887261423309,0
4040,318.2864923520085,-318.2864923520085,0
4041,318.2763012500279,-318.2763012500279,0
4042,318.40555551164164,-318.40555551164164,0
4043,318.39048527756916,-318.39048527756916,0
4044,318.36184862375205,-318.36184862375205,0
4045,318.7404968620786,-318.7404968620786,0
4046,319.18733784718285,-319.18733784718285,0
4047,319.5262669391212,-319.5262669391212,0
4048,320.1460294898494,-320.1460294898494,0
4049,320.6813845985061,-320.6813845985061,0
4050,320.8010989946639,-320.8010989946639,0
4051,320.8699069349591,-320.8699069349591,0
4052,320.9510407093182,-320.9510407093182,0
4053,320.9993912908151,-320.9993912908151,0
4054,321.04007932183356,-321.04007932183356,0
4055,321.0910864337907,-321.0910864337907,0
4056,321.1327476708691,-321.1327476708691,0
4057,321.16538538837983,-321.16538538837983,0
4058,321.184665981721,-321.184665981721,0
4059,321.200651504729,-321.200651504729,0
4060,321.2219437588428,-321.2219437588428,0
4061,321.22490290633834,-321.22490290633834,0
4062,321.24671681415003,-321.24671681415003,0
4063,321.26507050268935,-321.26507050268935,0
4064,321.25585166112216,-321.25585166112216,0
4065,321.42140546800925,-321.42140546800925,0
4066,321.83243805008,-321.83243805008,0
4067,321.8460042609004,-321.8460042609004,0
4068,322.05084395781546,-322.05084395781546,0
4069,322.56624893817065,-322.56624893817065,0
4070,323.3343642216364,-323.3343642216364,0
4071,323.90029747067604,-323.90029747067604,0
4072,324.0628078077574,-324.0628078077574,0
4073,324.1506459951219,-324.1506459951219,0
4074,324.1746185499558,-324.1746185499558,0
4075,324.21260417234305,-324.21260417234305,0
4076,324.2542179561426,-324.2542179561426,0
4077,324.29532874288014,-324.29532874288014,0
4078,324.3271406501049,-324.3271406501049,0
4079,324.36578891282784,-324.36578891282784,0
4080,324.4075168706468,-324.4075168706468,0
4081,324.43627117206137,-324.43627117206137,0
4082,324.45854180440256,-324.45854180440256,0
4083,324.47298836836484,-324.47298836836484,0
4084,324.4738042251772,-324.4738042251772,0
4085,324.4692005705361,-324.4692005705361,0
4086,324.4793446740031,-324.4793446740031,0
4087,324.47614764136284,-324.47614764136284,0
4088,324.46677589407705,-324.46677589407705,0
4089,324.46409329300644,-324.46409329300644,0
4090,324.46218463003476,-324.46218463003476,0
4091,324.51324570723335,-324.51324570723335,0
4092,324.50922991681375,-324.50922991681375,0
4093,324.5200247190835,-324.5200247190835,0
4094,324.59935996269354,-324.59935996269354,0
4095,324.6641951366348,-324.6641951366348,0
4096,324.6993578872775,-324.6993578872775,0
4097,324.71718127266837,-324.71718127266837,0
4098,324.72769385763706,-324.72769385763706,0
4099,324.73865954521307,-324.73865954521307,0
4100,324.7694501511312,-324.7694501511312,0
4101,324.8097014104296,-324.8097014104296,0
4102,324.8509461421802,-324.8509461421802,0
4103,324.90535480280636,-324.90535480280636,0
4104,324.9716916767611,-324.9716916767611,0
4105,325.0029630782642,-325.0029630782642,0
4106,325.0222053058652,-325.0222053058652,0
4107,325.0374764425136,-325.0374764425136,0
4108,325.0547531491085,-325.0547531491085,0
4109,325.06653776598444,-325.06653776598444,0
4110,325.07223410980066,-325.07223410980066,0
4111,325.08350779863497,-325.08350779863497,0
4112,325.1127636453465,-325.1127636453465,0
4113,325.12226167173543,-325.12226167173543,0
4114,325.1260474182195,-325.1260474182195,0
4115,325.1240567292472,-325.1240567292472,0
4116,325.12080820344926,-325.12080820344926,0
4117,325.13067260834146,-325.13067260834146,0
4118,325.14911035254937,-325.14911035254937,0
4119,325.16636834956256,-325.16636834956256,0
4120,325.17885820143584,-325.17885820143584,0
4121,325.20200441640367,-325.20200441640367,0
4122,325.2140482593861,-325.2140482593861,0
4123,325.2348332645542,-325.2348332645542,0
4124,325.2687684156362,-325.2687684156362,0
4125,325.29807441034353,-325.29807441034353,0
4126,325.3253065265887,-325.3253065265887,0
4127,325.3584029918904,-325.3584029918904,0
4128,325.40298252081,-325.40298252081,0
4129,325.4275440198429,-325.4275440198429,0
4130,325.4420076685293,-325.4420076685293,0
4131,325.45045061429124,-325.45045061429124,0
4132,325.463399546873,-325.463399546873,0
4133,325.4789432325606,-325.4789432325606,0
4134,325.49280636592226,-325.49280636592226,0
4135,325.51646981833085,-325.51646981833085,0
4136,325.51509296636846,-325.51509296636846,0
4137,326.11561229822973,-326.11561229822973,0
4138,326.9406081449474,-326.9406081449474,0
4139,327.8587780092731,-327.8587780092731,0
4140,328.0489167511517,-328.0489167511517,0
4141,328.0421851119949,-328.0421851119949,0
4142,328.02883569463114,-328.02883569463114,0
4143,328.00813457681795,-328.00813457681795,0
4144,327.99032330193984,-327.99032330193984,0
4145,327.97824788435975,-327.97824788435975,0
4146,327.9712054474676,-327.9712054474676,0
4147,327.97872318502846,-327.97872318502846,0
4148,328.0060877497532,-328.0060877497532,0
4149,328.0381797701444,-328.0381797701444,0
4150,328.06973131830136,-328.06973131830136,0
4151,328.10575836260193,-328.10575836260193,0
4152,328.14925808088935,-328.14925808088935,0
4153,328.17438478573206,-328.17438478573206,0
4154,328.19005766680635,-328.19005766680635,0
4155,328.2033160547086,-328.2033160547086,0
4156,328.19781511914067,-328.19781511914067,0
4157,328.1976847110525,-328.1976847110525,0
4158,328.19005903053284,-328.19005903053284,0
4159,328.1900622151105,-328.1900622151105,0
4160,328.1833294247775,-328.1833294247775,0
4161,328.17112307327113,-328.17112307327113,0
4162,328.16891939330515,-328.16891939330515,0
4163,328.21150112362835,-328.21150112362835,0
4164,328.2341449264991,-328.2341449264991,0
4165,328.3598910907573,-328.3598910907573,0
4166,329.0955437555257,-329.0955437555257,0
4167,329.3668380469636,-329.3668380469636,0
4168,329.3847689161094,-329.3847689161094,0
4169,329.37982437111714,-329.37982437111714,0
4170,329.3854863529385,-329.3854863529385,0
4171,329.3999737784756,-329.3999737784756,0
4172,329.42218826876376,-329.42218826876376,0
4173,329.44297023195344,-329.44297023195344,0
4174,329.46206641154765,-329.46206641154765,0
4175,329.4949695201544,-329.4949695201544,0
4176,329.52611910601246,-329.52611910601246,0
4177,329.557629615105,-329.557629615105,0
4178,329.57600617821896,-329.57600617821896,0
4179,329.59229772484434,-329.59229772484434,0
4180,329.6123557707803,-329.6123557707803,0
4181,329.6292463453177,-329.6292463453177,0
4182,329.6429890561626,-329.6429890561626,0
4183,329.64020308947045,-329.64020308947045,0
4184,329.63074320826604,-329.63074320826604,0
4185,329.62342211571064,-329.62342211571064,0
4186,329.6174744290323,-329.6174744290323,0
4187,329.6080964132652,-329.6080964132652,0
4188,329.5865427921093,-329.5865427921093,0
4189,329.5765634323454,-329.5765634323454,0
4190,329.6037885265316,-329.6037885265316,0
4191,329.8630032815093,-329.8630032815093,0
4192,330.45855377218743,-330.45855377218743,0
4193,331.1028517758009,-331.1028517758009,0
4194,331.3227148566997,-331.3227148566997,0
4195,331.4052067595105,-331.4052067595105,0
4196,331.4494294079262,-331.4494294079262,0
4197,331.47220374932346,-331.47220374932346,0
4198,331.49185859178203,-331.49185859178203,0
4199,331.52844828604293,-331.52844828604293,0
4200,331.5682980224843,-331.5682980224843,0
4201,331.5922900828784,-331.5922900828784,0
4202,331.6129446790236,-331.6129446790236,0
4203,331.63035356462285,-331.63035356462285,0
4204,331.6425980256965,-331.6425980256965,0
4205,331.65215239437526,-331.65215239437526,0
4206,331.6664944999403,-331.6664944999403,0
4207,331.6804255122495,-331.6804255122495,0
4208,331.67881448887806,-331.67881448887806,0
4209,331.80430718178076,-331.80430718178076,0
4210,331.80404122445793,-331.80404122445793,0
4211,331.79389754383334,-331.79389754383334,0
4212,331.7828396651999,-331.7828396651999,0
4213,331.76457824225986,-331.76457824225986,0
4214,331.74089395846903,-331.74089395846903,0
4215,331.7357074788384,-331.7357074788384,0
4216,331.72806534757774,-331.72806534757774,0
4217,331.74545039956894,-331.74545039956894,0
4218,331.7484694186062,-331.7484694186062,0
4219,331.7651256642223,-331.7651256642223,0
4220,331.78153030736655,-331.78153030736655,0
4221,331.7925174884473,-331.7925174884473,0
4222,331.8095554239732,-331.8095554239732,0
4223,331.8353843170752,-331.8353843170752,0
4224,331.8649695578854,-331.8649695578854,0
4225,331.8935234274964,-331.8935234274964,0
4226,331.91218808254774,-331.91218808254774,0
4227,331.9294976027383,-331.9294976027383,0
4228,331.9347029955869,-331.9347029955869,0
4229,331.9459871658861,-331.9459871658861,0
4230,331.95861588179923,-331.95861588179923,0
4231,331.9608712670121,-331.9608712670121,0
4232,331.9763606356925,-331.9763606356925,0
4233,331.99431654177033,-331.99431654177033,0
4234,331.9879589354078,-331.9879589354078,0
4235,331.9813656523583,-331.9813656523583,0
4236,332.1961822415607,-332.1961822415607,0
4237,332.5936405453958,-332.5936405453958,0
4238,333.1266257594794,-333.1266257594794,0
4239,333.229504107145,-333.229504107145,0
4240,333.2275107469973,-333.2275107469973,0
4241,333.2213123285132,-333.2213123285132,0
4242,333.2145453474015,-333.2145453474015,0
4243,333.2154170982553,-333.2154170982553,0
4244,333.21766111408704,-333.21766111408704,0
4245,333.22338621386876,-333.22338621386876,0
4246,333.2458346643431,-333.2458346643431,0
4247,333.2779586369775,-333.2779586369775,0
4248,333.31440692543066,-333.31440692543066,0
4249,333.34407342072444,-333.34407342072444,0
4250,333.37012649182225,-333.37012649182225,0
4251,333.3889916784147,-333.3889916784147,0
4252,333.4069082017252,-333.4069082017252,0
4253,333.42336142293215,-333.42336142293215,0
4254,333.4392701150848,-333.4392701150848,0
4255,333.4339705731485,-333.4339705731485,0
4256,333.42561363028017,-333.42561363028017,0
4257,333.41842146957947,-333.41842146957947,0
4258,333.4165642736881,-333.4165642736881,0
4259,333.89933122141184,-333.89933122141184,0
4260,333.98690601358913,-333.98690601358913,0
4261,334.08764607060107,-334.08764607060107,0
4262,334.1887794598949,-334.1887794598949,0
4263,334.21578029590904,-334.21578029590904,0
4264,334.20950781429354,-334.20950781429354,0
4265,334.2040910447438,-334.2040910447438,0
4266,334.19918109333463,-334.19918109333463,0
4267,334.2006204333273,-334.2006204333273,0
4268,334.2125013522189,-334.2125013522189,0
4269,334.22369612041473,-334.22369612041473,0
4270,334.24853496957945,-334.24853496957945,0
4271,334.28313992051574,-334.28313992051574,0
4272,334.3112981509539,-334.3112981509539,0
4273,334.3420565831767,-334.3420565831767,0
4274,334.3612755781444,-334.3612755781444,0
4275,334.3797706512759,-334.3797706512759,0
4276,334.3977484392323,-334.3977484392323,0
4277,334.4095476289129,-334.4095476289129,0
4278,334.40380594535793,-334.40380594535793,0
4279,334.4148043813117,-334.4148043813117,0
4280,334.4122932975316,-334.4122932975316,0
4281,335.04740036868384,-335.04740036868384,0
4282,335.62971775911774,-335.62971775911774,0
4283,335.75172274228674,-335.75172274228674,0
4284,335.73424046834145,-335.73424046834145,0
4285,335.70351213398226,-335.70351213398226,0
4286,335.6745192187429,-335.6745192187429,0
4287,335.6482146281639,-335.6482146281639,0
4288,335.63160893663877,-335.63160893663877,0
4289,335.61926595953435,-335.61926595953435,0
4290,335.60973727042204,-335.60973727042204,0
4291,335.6085721983799,-335.6085721983799,0
4292,335.61244782229517,-335.61244782229517,0
4293,335.61732966178613,-335.61732966178613,0
4294,335.62815107350013,-335.62815107350013,0
4295,335.65847069909626,-335.65847069909626,0
4296,335.6920980415875,-335.6920980415875,0
4297,335.7226499721681,-335.7226499721681,0
4298,335.7424854793943,-335.7424854793943,0
4299,335.76083781518076,-335.76083781518076,0
4300,335.75466795062977,-335.75466795062977,0
4301,335.76739756383284,-335.76739756383284,0
4302,335.7719373229402,-335.7719373229402,0
4303,335.9785337611861,-335.9785337611861,0
4304,336.5027729389499,-336.5027729389499,0
4305,336.90978883974094,-336.90978883974094,0
4306,337.05800997734104,-337.05800997734104,0
4307,337.0644480181457,-337.0644480181457,0
4308,337.05671174625485,-337.05671174625485,0
4309,337.051800222918,-337.051800222918,0
4310,337.04023195512514,-337.04023195512514,0
4311,337.0266640705081,-337.0266640705081,0
4312,337.01357114586256,-337.01357114586256,0
4313,337.00237351255197,-337.00237351255197,0
4314,336.9938673155156,-336.9938673155156,0
4315,336.9933060187326,-336.9933060187326,0
4316,337.0012148844572,-337.0012148844572,0
4317,337.0066333549539,-337.0066333549539,0
4318,337.01584497064306,-337.01584497064306,0
4319,337.0363257349776,-337.0363257349776,0
4320,337.0605332405765,-337.0605332405765,0
4321,337.0865541566794,-337.0865541566794,0
4322,337.0856851365569,-337.0856851365569,0
4323,337.08039003294715,-337.08039003294715,0
4324,337.0796687388873,-337.0796687388873,0
4325,337.0794002198336,-337.0794002198336,0
4326,337.0755043275567,-337.0755043275567,0
4327,337.08784687053674,-337.08784687053674,0
4328,337.1148470720831,-337.1148470720831,0
4329,337.113898814763,-337.113898814763,0
4330,337.0970533983933,-337.0970533983933,0
4331,337.06894959895243,-337.06894959895243,0
4332,337.0358024157392,-337.0358024157392,0
4333,337.002192130337,-337.002192130337,0
4334,336.98323794920117,-336.98323794920117,0
4335,336.96505133746234,-336.96505133746234,0
4336,336.9607183801954,-336.9607183801954,0
4337,336.95866815392645,-336.95866815392645,0
4338,336.95793229231356,-336.95793229231356,0
4339,337.0088440096456,-337.0088440096456,0
4340,337.03146612838583,-337.03146612838583,0
4341,337.04748137717064,-337.04748137717064,0
4342,337.0668250165675,-337.0668250165675,0
4343,337.09092896894686,-337.09092896894686,0
4344,337.1277707434742,-337.1277707434742,0
4345,337.15356502053635,-337.15356502053635,0
4346,337.17095968186413,-337.17095968186413,0
4347,337.1865531742709,-337.1865531742709,0
4348,337.20783440859674,-337.20783440859674,0
4349,337.2295514061824,-337.2295514061824,0
4350,337.2562168460574,-337.2562168460574,0
4351,337.2640080719793,-337.2640080719793,0
4352,337.26689518422654,-337.26689518422654,0
4353,337.2618326606797,-337.2618326606797,0
4354,337.2424763770742,-337.2424763770742,0
4355,337.21710383675173,-337.21710383675173,0
4356,337.1885063950874,-337.1885063950874,0
4357,337.1760656485774,-337.1760656485774,0
4358,337.15882240551025,-337.15882240551025,0
4359,337.14352176032247,-337.14352176032247,0
4360,337.1347378659982,-337.1347378659982,0
4361,337.1329429781397,-337.1329429781397,0
4362,337.1328941229373,-337.1328941229373,0
4363,337.15132066349764,-337.15132066349764,0
4364,337.16397737326554,-337.16397737326554,0
4365,337.17303338389326,-337.17303338389326,0
4366,337.18787329943495,-337.18787329943495,0
4367,337.2129110946548,-337.2129110946548,0
4368,337.25119686148577,-337.25119686148577,0
4369,337.29339220638593,-337.29339220638593,0
4370,337.3157776157012,-337.3157776157012,0
4371,337.3339681289703,-337.3339681289703,0
4372,337.3504039967624,-337.3504039967624,0
4373,337.3695374734305,-337.3695374734305,0
4374,337.39418233623707,-337.39418233623707,0
4375,337.4124371903011,-337.4124371903011,0
4376,337.4068055222707,-337.4068055222707,0
4377,337.39672529390657,-337.39672529390657,0
4378,337.3804573888573,-337.3804573888573,0
4379,337.36216911274414,-337.36216911274414,0
4380,337.3441395392124,-337.3441395392124,0
4381,337.33605338062586,-337.33605338062586,0
4382,337.353200464194,-337.353200464194,0
4383,337.83730574843287,-337.83730574843287,0
4384,337.9687015645466,-337.9687015645466,0
4385,338.0231205700311,-338.0231205700311,0
4386,338.05535277354437,-338.05535277354437,0
4387,338.0856749031483,-338.0856749031483,0
4388,338.10576723404824,-338.10576723404824,0
4389,338.1177283585499,-338.1177283585499,0
4390,338.1320766825462,-338.1320766825462,0
4391,338.1632170446057,-338.1632170446057,0
4392,338.1982700236056,-338.1982700236056,0
4393,338.22767004518033,-338.22767004518033,0
4394,338.24520812173506,-338.24520812173506,0
4395,338.2626987876191,-338.2626987876191,0
4396,338.28188853054576,-338.28188853054576,0
4397,338.30245894137045,-338.30245894137045,0
4398,338.31910908815604,-338.31910908815604,0
4399,338.6692165352567,-338.6692165352567,0
4400,339.35946214727386,-339.35946214727386,0
4401,340.12432070176396,-340.12432070176396,0
4402,341.19382838828335,-341.19382838828335,0
4403,341.76343643053514,-341.76343643053514,0
4404,341.8584886087123,-341.8584886087123,0
4405,341.846761318047,-341.846761318047,0
4406,341.83512929718177,-341.83512929718177,0
4407,341.8503190353555,-341.8503190353555,0
4408,341.84074359233307,-341.84074359233307,0
4409,341.82981325867087,-341.82981325867087,0
4410,341.8202663820291,-341.8202663820291,0
4411,341.823555986208,-341.823555986208,0
4412,341.8319282544648,-341.8319282544648,0
4413,341.8539222400956,-341.8539222400956,0
4414,341.87670469082485,-341.87670469082485,0
4415,341.9108794483973,-341.9108794483973,0
4416,341.9504667400743,-341.9504667400743,0
4417,341.98318604008944,-341.98318604008944,0
4418,341.9814660386716,-341.9814660386716,0
4419,341.97559227145393,-341.97559227145393,0
4420,341.97073428522526,-341.97073428522526,0
4421,341.96111882845315,-341.96111882845315,0
4422,341.98242791307473,-341.98242791307473,0
4423,341.99764680461294,-341.99764680461294,0
4424,341.98707128810935,-341.98707128810935,0
4425,341.97803189848713,-341.97803189848713,0
4426,341.9839978545802,-341.9839978545802,0
4427,341.9768379980638,-341.9768379980638,0
4428,341.9545482704932,-341.9545482704932,0
4429,341.9217759940851,-341.9217759940851,0
4430,341.8916618183839,-341.8916618183839,0
4431,341.86612749136106,-341.86612749136106,0
4432,341.85061140595883,-341.85061140595883,0
4433,341.83970299126554,-341.83970299126554,0
4434,341.8314743972367,-341.8314743972367,0
4435,341.83117163090003,-341.83117163090003,0
4436,341.8351896486794,-341.8351896486794,0
4437,341.84792016670167,-341.84792016670167,0
4438,341.8750426227214,-341.8750426227214,0
4439,341.9112140934999,-341.9112140934999,0
4440,341.9444125089468,-341.9444125089468,0
4441,341.97958285543865,-341.97958285543865,0
4442,341.99998200548987,-341.99998200548987,0
4443,342.0152354692427,-342.0152354692427,0
4444,342.035139365528,-342.035139365528,0
4445,342.0530259853867,-342.0530259853867,0
4446,342.07218324631714,-342.07218324631714,0
4447,342.09528358674146,-342.09528358674146,0
4448,342.12132826170614,-342.12132826170614,0
4449,342.1450702849924,-342.1450702849924,0
4450,342.1830991133456,-342.1830991133456,0
4451,342.1813929161933,-342.1813929161933,0
4452,342.17616096495885,-342.17616096495885,0
4453,342.1599025201258,-342.1599025201258,0
4454,342.14323847927517,-342.14323847927517,0
4455,342.1254390753459,-342.1254390753459,0
4456,342.11046702456446,-342.11046702456446,0
4457,342.0985478121508,-342.0985478121508,0
4458,342.09146901004664,-342.09146901004664,0
4459,342.0962677102307,-342.0962677102307,0
4460,342.10807755163574,-342.10807755163574,0
4461,342.12436784776446,-342.12436784776446,0
4462,342.1466930486626,-342.1466930486626,0
4463,342.1765532436408,-342.1765532436408,0
4464,342.20309833044314,-342.20309833044314,0
4465,342.22077396844577,-342.22077396844577,0
4466,342.2329102277292,-342.2329102277292,0
4467,342.24598234797776,-342.24598234797776,0
4468,342.25838218818296,-342.25838218818296,0
4469,342.2693408372818,-342.2693408372818,0
4470,342.2847451093233,-342.2847451093233,0
4471,342.2838382812495,-342.2838382812495,0
4472,342.2796642129062,-342.2796642129062,0
4473,342.2720115954661,-342.2720115954661,0
4474,342.5179605334317,-342.5179605334317,0
4475,343.2585526342221,-343.2585526342221,0
4476,343.46731629855503,-343.46731629855503,0
4477,343.4701710071096,-343.4701710071096,0
4478,343.4601193810189,-343.4601193810189,0
4479,343.44453933098436,-343.44453933098436,0
4480,343.4269106580256,-343.4269106580256,0
4481,343.41041416592503,-343.41041416592503,0
4482,343.39716248218576,-343.39716248218576,0
4483,343.39482467499016,-343.39482467499016,0
4484,343.3972949323115,-343.3972949323115,0
4485,343.40176712147746,-343.40176712147746,0
4486,343.4823749847314,-343.4823749847314,0
4487,343.51429472362537,-343.51429472362537,0
4488,343.5420133072955,-343.5420133072955,0
4489,343.56667477618095,-343.56667477618095,0
4490,343.59209294500755,-343.59209294500755,0
4491,343.60918438867867,-343.60918438867867,0
4492,343.62608068804406,-343.62608068804406,0
4493,343.62367483881246,-343.62367483881246,0
4494,343.6197637280319,-343.6197637280319,0
4495,343.6177815426658,-343.6177815426658,0
4496,343.6116529205308,-343.6116529205308,0
4497,343.59617589548014,-343.59617589548014,0
4498,343.5878338693352,-343.5878338693352,0
4499,343.6241010680883,-343.6241010680883,0
4500,343.62227555011356,-343.62227555011356,0
4501,343.5907780416342,-343.5907780416342,0
4502,343.562035777828,-343.562035777828,0
4503,343.8321745175661,-343.8321745175661,0
4504,343.84135474709404,-343.84135474709404,0
4505,343.83555128309496,-343.83555128309496,0
4506,343.8279255198108,-343.8279255198108,0
4507,343.82748063311413,-343.82748063311413,0
4508,343.82967684018774,-343.82967684018774,0
4509,343.8595002944686,-343.8595002944686,0
4510,343.88991055666446,-343.88991055666446,0
4511,343.92698744551046,-343.92698744551046,0
4512,344.02643972848404,-344.02643972848404,0
4513,344.0700718228329,-344.0700718228329,0
4514,344.0999867337116,-344.0999867337116,0
4515,344.1243834421602,-344.1243834421602,0
4516,344.14210325815026,-344.14210325815026,0
4517,344.1541719583535,-344.1541719583535,0
4518,344.17174710677403,-344.17174710677403,0
4519,344.185217577211,-344.185217577211,0
4520,344.18326456387456,-344.18326456387456,0
4521,344.17667786249837,-344.17667786249837,0
4522,344.14828199203146,-344.14828199203146,0
4523,344.1258947312059,-344.1258947312059,0
4524,344.10629842343354,-344.10629842343354,0
4525,344.077500846808,-344.077500846808,0
4526,344.06229080365125,-344.06229080365125,0
4527,344.2069629987089,-344.2069629987089,0
4528,344.19702143696304,-344.19702143696304,0
4529,344.18492819389456,-344.18492819389456,0
4530,344.17548664315035,-344.17548664315035,0
4531,344.1721767378392,-344.1721767378392,0
4532,344.17889808785793,-344.17889808785793,0
4533,344.1846387923222,-344.1846387923222,0
4534,344.19537039714686,-344.19537039714686,0
4535,344.22597240835313,-344.22597240835313,0
4536,344.2669567653904,-344.2669567653904,0
4537,344.29965842051223,-344.29965842051223,0
4538,344.3206599413388,-344.3206599413388,0
4539,344.34289187412327,-344.34289187412327,0
4540,344.3659621061898,-344.3659621061898,0
4541,344.3920548769897,-344.3920548769897,0
4542,344.4114539763764,-344.4114539763764,0
4543,344.41029102981145,-344.41029102981145,0
4544,344.4073331389599,-344.4073331389599,0
4545,344.4011877439241,-344.4011877439241,0
4546,344.37658527412515,-344.37658527412515,0
4547,344.35467125380956,-344.35467125380956,0
4548,344.9867429413295,-344.9867429413295,0
4549,345.62484110369627,-345.62484110369627,0
4550,345.86969406421673,-345.86969406421673,0
4551,345.86485153582095,-345.86485153582095,0
4552,345.8580488395734,-345.8580488395734,0
4553,345.84755547374294,-345.84755547374294,0
4554,345.8377705243338,-345.8377705243338,0
4555,345.8355664696692,-345.8355664696692,0
4556,345.8371040268849,-345.8371040268849,0
4557,345.84332678135223,-345.84332678135223,0
4558,345.88569877299153,-345.88569877299153,0
4559,345.9228119078132,-345.9228119078132,0
4560,345.9974867304085,-345.9974867304085,0
4561,346.0322333210924,-346.0322333210924,0
4562,346.05621112811616,-346.05621112811616,0
4563,346.0759158964473,-346.0759158964473,0
4564,346.09372158247163,-346.09372158247163,0
4565,346.1108444221724,-346.1108444221724,0
4566,346.1345571027911,-346.1345571027911,0
4567,346.12494647589256,-346.12494647589256,0
4568,346.11831666653694,-346.11831666653694,0
4569,346.1027183501176,-346.1027183501176,0
4570,346.0733316587292,-346.0733316587292,0
4571,346.04187396521826,-346.04187396521826,0
4572,346.02175065436927,-346.02175065436927,0
4573,346.09897662281446,-346.09897662281446,0
4574,346.17980868644077,-346.17980868644077,0
4575,346.16599739077986,-346.16599739077986,0
4576,346.1595083247448,-346.1595083247448,0
4577,346.1547756920979,-346.1547756920979,0
4578,346.1490995128049,-346.1490995128049,0
4579,346.1490845632812,-346.1490845632812,0
4580,346.1507026918393,-346.1507026918393,0
4581,346.1661866075322,-346.1661866075322,0
4582,346.18635981172747,-346.18635981172747,0
4583,346.2203751826707,-346.2203751826707,0
4584,346.26276976348424,-346.26276976348424,0
4585,346.2941972443246,-346.2941972443246,0
4586,346.31068286242817,-346.31068286242817,0
4587,346.32798322365744,-346.32798322365744,0
4588,346.3445725838475,-346.3445725838475,0
4589,346.3619418916973,-346.3619418916973,0
4590,346.38741197936446,-346.38741197936446,0
4591,346.4085700137813,-346.4085700137813,0
4592,346.4149246107703,-346.4149246107703,0
4593,346.49551341961137,-346.49551341961137,0
4594,346.48712815069933,-346.48712815069933,0
4595,346.4691153004212,-346.4691153004212,0
4596,346.45121378223513,-346.45121378223513,0
4597,346.4279244625735,-346.4279244625735,0
4598,346.39950454224123,-346.39950454224123,0
4599,346.3722430823722,-346.3722430823722,0
4600,346.35018766409166,-346.35018766409166,0
4601,346.33364547964254,-346.33364547964254,0
4602,346.32157090909965,-346.32157090909965,0
4603,346.3198090931709,-346.3198090931709,0
4604,346.33579908705417,-346.33579908705417,0
4605,346.3559244197276,-346.3559244197276,0
4606,346.38063043630274,-346.38063043630274,0
4607,346.4182199396714,-346.4182199396714,0
4608,346.4560039522069,-346.4560039522069,0
4609,346.48571418510295,-346.48571418510295,0
4610,346.503424795749,-346.503424795749,0
4611,346.518381930025,-346.518381930025,0
4612,346.5232727328251,-346.5232727328251,0
4613,346.5374844841031,-346.5374844841031,0
4614,346.55990958431244,-346.55990958431244,0
4615,346.5594181081118,-346.5594181081118,0
4616,347.0442469752604,-347.0442469752604,0
4617,347.6623634702229,-347.6623634702229,0
4618,348.2606321967935,-348.2606321967935,0
4619,348.40929340031505,-348.40929340031505,0
4620,348.4621461952822,-348.4621461952822,0
4621,348.44586744237495,-348.44586744237495,0
4622,348.42022625124275,-348.42022625124275,0
4623,348.3923378426081,-348.3923378426081,0
4624,348.36798422015517,-348.36798422015517,0
4625,348.3515865656178,-348.3515865656178,0
4626,348.33966966665366,-348.33966966665366,0
4627,348.33896763304256,-348.33896763304256,0
4628,348.347975226428,-348.347975226428,0
4629,348.362563926534,-348.362563926534,0
4630,348.38143323413277,-348.38143323413277,0
4631,348.4061517141298,-348.4061517141298,0
4632,348.43568833476075,-348.43568833476075,0
4633,348.4589933092616,-348.4589933092616,0
4634,348.4758027323332,-348.4758027323332,0
4635,348.47071413865575,-348.47071413865575,0
4636,348.46839906675785,-348.46839906675785,0
4637,348.4620421263594,-348.4620421263594,0
4638,348.45942897921253,-348.45942897921253,0
4639,348.456923385897,-348.456923385897,0
4640,348.4735313789484,-348.4735313789484,0
4641,348.5412423544215,-348.5412423544215,0
4642,348.59425271632836,-348.59425271632836,0
4643,348.59681155254714,-348.59681155254714,0
4644,348.5955218385873,-348.5955218385873,0
4645,348.5854363436527,-348.5854363436527,0
4646,348.57554029905435,-348.57554029905435,0
4647,348.56502309585255,-348.56502309585255,0
4648,348.55591440982437,-348.55591440982437,0
4649,348.54748196954495,-348.54748196954495,0
4650,348.540374758003,-348.540374758003,0
4651,348.53993252942433,-348.53993252942433,0
4652,348.5533476681657,-348.5533476681657,0
4653,348.56231974770486,-348.56231974770486,0
4654,348.580549832241,-348.580549832241,0
4655,348.6093642491141,-348.6093642491141,0
4656,348.64788137737145,-348.64788137737145,0
4657,348.6823390708328,-348.6823390708328,0
4658,348.7057878186033,-348.7057878186033,0
4659,348.72292308505257,-348.72292308505257,0
4660,348.73497042909105,-348.73497042909105,0
4661,348.7481168735311,-348.7481168735311,0
4662,348.76132048979406,-348.76132048979406,0
4663,348.77292696155564,-348.77292696155564,0
4664,348.77194437496695,-348.77194437496695,0
4665,348.7708571872,-348.7708571872,0
4666,348.76430218183214,-348.76430218183214,0
4667,348.7566258683554,-348.7566258683554,0
4668,348.7468329540693,-348.7468329540693,0
4669,348.7333155791185,-348.7333155791185,0
4670,348.71746828106325,-348.71746828106325,0
4671,348.6994518396242,-348.6994518396242,0
4672,348.68972631924726,-348.68972631924726,0
4673,348.681797165838,-348.681797165838,0
4674,348.68267221669555,-348.68267221669555,0
4675,348.6898266523801,-348.6898266523801,0
4676,348.70465806109075,-348.70465806109075,0
4677,348.72008526880626,-348.72008526880626,0
4678,348.7455878136044,-348.7455878136044,0
4679,348.77337098252036,-348.77337098252036,0
4680,348.8094730608984,-348.8094730608984,0
4681,348.8415261748424,-348.8415261748424,0
4682,348.8648756103131,-348.8648756103131,0
4683,348.88326155183154,-348.88326155183154,0
4684,348.9022288289523,-348.9022288289523,0
4685,348.91756743937174,-348.91756743937174,0
4686,348.93337272572893,-348.93337272572893,0
4687,348.94899710600095,-348.94899710600095,0
4688,349.00092576766406,-349.00092576766406,0
4689,349.01379129616623,-349.01379129616623,0
4690,349.0098974578528,-349.0098974578528,0
4691,349.00000155870833,-349.00000155870833,0
4692,348.9874909152905,-348.9874909152905,0
4693,348.96543482296335,-348.96543482296335,0
4694,348.94533980703386,-348.94533980703386,0
4695,348.9218654434356,-348.9218654434356,0
4696,348.9016740589638,-348.9016740589638,0
4697,348.8851779264356,-348.8851779264356,0
4698,348.87317015131964,-348.87317015131964,0
4699,348.8724474189264,-348.8724474189264,0
4700,348.8787431941869,-348.8787431941869,0
4701,348.8876019694219,-348.8876019694219,0
4702,348.9038922186705,-348.9038922186705,0
4703,348.93728919976604,-348.93728919976604,0
4704,348.96631188826956,-348.96631188826956,0
4705,348.9950347881714,-348.9950347881714,0
4706,349.0130048572054,-349.0130048572054,0
4707,349.02421498723874,-349.02421498723874,0
4708,349.03492418855257,-349.03492418855257,0
4709,349.04927935155143,-349.04927935155143,0
4710,349.0609245652079,-349.0609245652079,0
4711,349.19071452941506,-349.19071452941506,0
4712,349.71646158558934,-349.71646158558934,0
4713,350.4566155701506,-350.4566155701506,0
4714,350.95184667291375,-350.95184667291375,0
4715,350.98298958322465,-350.98298958322465,0
4716,350.9724651540831,-350.9724651540831,0
4717,350.95725012537633,-350.95725012537633,0
4718,350.9408942790734,-350.9408942790734,0
4719,351.05827052858376,-351.05827052858376,0
4720,351.57627005450115,-351.57627005450115,0
4721,351.7010360167747,-351.7010360167747,0
4722,351.72576376929766,-351.72576376929766,0
4723,351.75030553248513,-351.75030553248513,0
4724,351.7671201256103,-351.7671201256103,0
4725,351.7845988923766,-351.7845988923766,0
4726,351.8089784104352,-351.8089784104352,0
4727,351.8437472145519,-351.8437472145519,0
4728,351.88220170298183,-351.88220170298183,0
4729,351.910033109176,-351.910033109176,0
4730,351.9164982160918,-351.9164982160918,0
4731,351.9115098576928,-351.9115098576928,0
4732,351.9080555906544,-351.9080555906544,0
4733,351.9050923279042,-351.9050923279042,0
4734,351.9105721804112,-351.9105721804112,0
4735,352.1813814192656,-352.1813814192656,0
4736,352.2401565722788,-352.2401565722788,0
4737,352.89210759839267,-352.89210759839267,0
4738,353.8647607043226,-353.8647607043226,0
4739,354.6802042024932,-354.6802042024932,0
4740,354.8803901845228,-354.8803901845228,0
4741,354.8707605736037,-354.8707605736037,0
4742,354.8364628161809,-354.8364628161809,0
4743,354.8127181701146,-354.8127181701146,0
4744,354.80372123187226,-354.80372123187226,0
4745,354.79650096131735,-354.79650096131735,0
4746,354.79001845924495,-354.79001845924495,0
4747,354.7900349161635,-354.7900349161635,0
4748,354.79887810653713,-354.79887810653713,0
4749,354.81566539726737,-354.81566539726737,0
4750,354.83110188147737,-354.83110188147737,0
4751,354.86687696890687,-354.86687696890687,0
4752,354.9040790199167,-354.9040790199167,0
4753,354.924480739976,-354.924480739976,0
4754,354.9228141651197,-354.9228141651197,0
4755,354.93229854976846,-354.93229854976846,0
4756,354.92619798640425,-354.92619798640425,0
4757,354.92194357320943,-354.92194357320943,0
4758,354.9188387654009,-354.9188387654009,0
4759,354.917919267844,-354.917919267844,0
4760,354.9224193647573,-354.9224193647573,0
4761,354.92686667533735,-354.92686667533735,0
4762,354.9753356458471,-354.9753356458471,0
4763,354.981909795497,-354.981909795497,0
4764,354.97528805128815,-354.97528805128815,0
4765,354.9499368651602,-354.9499368651602,0
4766,354.92240415897464,-354.92240415897464,0
4767,354.89348465540274,-354.89348465540274,0
4768,354.87085892757494,-354.87085892757494,0
4769,354.85479058299455,-354.85479058299455,0
4770,354.8430173157649,-354.8430173157649,0
4771,354.8406691408111,-354.8406691408111,0
4772,354.8455685140442,-354.8455685140442,0
4773,354.85106624386856,-354.85106624386856,0
4774,354.8665007277837,-354.8665007277837,0
4775,354.90000571763915,-354.90000571763915,0
4776,354.9391540354571,-354.9391540354571,0
4777,354.96937280187365,-354.96937280187365,0
4778,354.9844618480087,-354.9844618480087,0
4779,354.99522602771543,-354.99522602771543,0
4780,355.0045745019344,-355.0045745019344,0
4781,355.0156843143054,-355.0156843143054,0
4782,355.0293511068848,-355.0293511068848,0
4783,355.0492538673732,-355.0492538673732,0
4784,355.077863919203,-355.077863919203,0
4785,355.0986018373428,-355.0986018373428,0
4786,355.0874356580337,-355.0874356580337,0
4787,355.07472096032456,-355.07472096032456,0
4788,355.059033579422,-355.059033579422,0
4789,355.0293295281358,-355.0293295281358,0
4790,355.00517805137946,-355.00517805137946,0
4791,354.98090445143805,-354.98090445143805,0
4792,354.96375106076823,-354.96375106076823,0
4793,354.949973587343,-354.949973587343,0
4794,354.9390301498571,-354.9390301498571,0
4795,354.93769289274667,-354.93769289274667,0
4796,354.9470165674585,-354.9470165674585,0
4797,354.9535138972388,-354.9535138972388,0
4798,354.97973558179893,-354.97973558179893,0
4799,355.00626223112425,-355.00626223112425,0
4800,355.0436753459742,-355.0436753459742,0
4801,355.0699418139913,-355.0699418139913,0
4802,355.08478163545794,-355.08478163545794,0
4803,355.09634251746394,-355.09634251746394,0
4804,355.11084554691763,-355.11084554691763,0
4805,355.12773411729296,-355.12773411729296,0
4806,355.1475035903801,-355.1475035903801,0
4807,355.1454172689983,-355.1454172689983,0
4808,355.1433571776508,-355.1433571776508,0
4809,355.14039252457894,-355.14039252457894,0
4810,355.12214154831906,-355.12214154831906,0
4811,355.0990834712529,-355.0990834712529,0
4812,355.07659604251637,-355.07659604251637,0
4813,355.6198376051218,-355.6198376051218,0
4814,355.7648240955378,-355.7648240955378,0
4815,355.76148223583596,-355.76148223583596,0
4816,355.74845834596607,-355.74845834596607,0
4817,355.73932387554567,-355.73932387554567,0
4818,355.72870118919167,-355.72870118919167,0
4819,355.72747115028614,-355.72747115028614,0
4820,355.73282424431983,-355.73282424431983,0
4821,355.74064750510223,-355.74064750510223,0
4822,355.7567728290624,-355.7567728290624,0
4823,355.78184743883037,-355.78184743883037,0
4824,355.81009166596255,-355.81009166596255,0
4825,355.8306808234535,-355.8306808234535,0
4826,355.8462018859351,-355.8462018859351,0
4827,355.8625278629694,-355.8625278629694,0
4828,355.87566256739933,-355.87566256739933,0
4829,355.89205906152733,-355.89205906152733,0
4830,355.9137640430868,-355.9137640430868,0
4831,355.91287519475617,-355.91287519475617,0
4832,355.8983484955277,-355.8983484955277,0
4833,355.8896199293716,-355.8896199293716,0
4834,355.8719992343256,-355.8719992343256,0
4835,355.8379882876019,-355.8379882876019,0
4836,355.8085160889322,-355.8085160889322,0
4837,355.77811390929776,-355.77811390929776,0
4838,355.7447330523821,-355.7447330523821,0
4839,355.7139861361737,-355.7139861361737,0
4840,355.6946534919241,-355.6946534919241,0
4841,355.6903281232648,-355.6903281232648,0
4842,355.6825157237804,-355.6825157237804,0
4843,355.68777338745235,-355.68777338745235,0
4844,355.7065619094509,-355.7065619094509,0
4845,355.72974163890916,-355.72974163890916,0
4846,355.75447004535647,-355.75447004535647,0
4847,355.78801601822704,-355.78801601822704,0
4848,355.81271576621,-355.81271576621,0
4849,355.84126370639746,-355.84126370639746,0
4850,355.85973668884884,-355.85973668884884,0
4851,355.87732088669543,-355.87732088669543,0
4852,355.89451052138855,-355.89451052138855,0
4853,355.9133149452063,-355.9133149452063,0
4854,355.9385935151592,-355.9385935151592,0
4855,355.9405515123108,-355.9405515123108,0
4856,355.93780493032625,-355.93780493032625,0
4857,355.93077953004,-355.93077953004,0
4858,355.9101873688837,-355.9101873688837,0
4859,355.88231829070895,-355.88231829070895,0
4860,355.85214014169827,-355.85214014169827,0
4861,355.8104475612664,-355.8104475612664,0
4862,355.77628891215653,-355.77628891215653,0
4863,355.7357108719218,-355.7357108719218,0
4864,355.7069165834716,-355.7069165834716,0
4865,355.6885293623577,-355.6885293623577,0
4866,355.67507366937366,-355.67507366937366,0
4867,355.6712682176085,-355.6712682176085,0
4868,355.6765594355014,-355.6765594355014,0
4869,355.688452362687,-355.688452362687,0
4870,355.7080308499162,-355.7080308499162,0
4871,355.741601816856,-355.741601816856,0
4872,355.7776733713441,-355.7776733713441,0
4873,355.810698630972,-355.810698630972,0
4874,355.8280201715311,-355.8280201715311,0
4875,355.8439791820739,-355.8439791820739,0
4876,355.86214794932874,-355.86214794932874,0
4877,355.8810251680643,-355.8810251680643,0
4878,355.9038359558087,-355.9038359558087,0
4879,355.9230030751545,-355.9230030751545,0
4880,355.92038097058895,-355.92038097058895,0
4881,355.9127839160553,-355.9127839160553,0
4882,355.8905091910276,-355.8905091910276,0
4883,355.95601498194367,-355.95601498194367,0
4884,356.2571862098121,-356.2571862098121,0
4885,356.6513417142085,-356.6513417142085,0
4886,357.1409769036849,-357.1409769036849,0
4887,357.4003321795613,-357.4003321795613,0
4888,357.39725169323646,-357.39725169323646,0
4889,357.3879543391492,-357.3879543391492,0
4890,357.37948225906075,-357.37948225906075,0
4891,357.3783464192191,-357.3783464192191,0
4892,357.38553147457344,-357.38553147457344,0
4893,357.3994239348143,-357.3994239348143,0
4894,357.41548568143827,-357.41548568143827,0
4895,357.4440493099849,-357.4440493099849,0
4896,357.47401775292815,-357.47401775292815,0
4897,357.50294919778213,-357.50294919778213,0
4898,357.5186164019865,-357.5186164019865,0
4899,357.5366316333362,-357.5366316333362,0
4900,357.5555234970308,-357.5555234970308,0
4901,357.57948841786566,-357.57948841786566,0
4902,357.58541800550944,-357.58541800550944,0
4903,357.58323668109523,-357.58323668109523,0
4904,357.5733030043379,-357.5733030043379,0
4905,357.5502417484433,-357.5502417484433,0
4906,357.52044324065713,-357.52044324065713,0
4907,357.4918872719076,-357.4918872719076,0
4908,357.4550983983256,-357.4550983983256,0
4909,357.427125398711,-357.427125398711,0
4910,357.40064903144753,-357.40064903144753,0
4911,357.37159961554903,-357.37159961554903,0
4912,357.34749829582825,-357.34749829582825,0
4913,357.329282227954,-357.329282227954,0
4914,357.31663656878607,-357.31663656878607,0
4915,357.3141466174111,-357.3141466174111,0
4916,357.31515033940934,-357.31515033940934,0
4917,357.32942249020846,-357.32942249020846,0
4918,357.3473932540273,-357.3473932540273,0
4919,357.38258663603557,-357.38258663603557,0
4920,357.42499413196913,-357.42499413196913,0
4921,357.4475952258276,-357.4475952258276,0
4922,357.46155388380714,-357.46155388380714,0
4923,357.47338950419146,-357.47338950419146,0
4924,357.49115381544675,-357.49115381544675,0
4925,357.5125797452075,-357.5125797452075,0
4926,357.5396956910439,-357.5396956910439,0
4927,357.56712965743213,-357.56712965743213,0
4928,357.56450128491014,-357.56450128491014,0
4929,357.55546343809823,-357.55546343809823,0
4930,357.55121089281863,-357.55121089281863,0
4931,358.2680778282466,-358.2680778282466,0
4932,358.9920696445703,-358.9920696445703,0
4933,359.56755747763066,-359.56755747763066,0
4934,360.19995709775077,-360.19995709775077,0
4935,360.50764707192576,-360.50764707192576,0
4936,360.5094965839345,-360.5094965839345,0
4937,360.50062194323544,-360.50062194323544,0
4938,360.4931294215667,-360.4931294215667,0
4939,360.4921823468395,-360.4921823468395,0
4940,360.5066529682973,-360.5066529682973,0
4941,360.5270233412768,-360.5270233412768,0
4942,360.54620951006626,-360.54620951006626,0
4943,360.5832012842781,-360.5832012842781,0
4944,360.6202885256807,-360.6202885256807,0
4945,360.64710406661226,-360.64710406661226,0
4946,360.66598847302043,-360.66598847302043,0
4947,360.68168276702625,-360.68168276702625,0
4948,360.6997180854767,-360.6997180854767,0
4949,360.71258539752836,-360.71258539752836,0
4950,360.70647558394415,-360.70647558394415,0
4951,360.72333006262596,-360.72333006262596,0
4952,360.7049604888264,-360.7049604888264,0
4953,361.1601148825579,-361.1601148825579,0
4954,361.14975012496416,-361.14975012496416,0
4955,361.13240072705315,-361.13240072705315,0
4956,361.1020658657635,-361.1020658657635,0
4957,361.07780871832745,-361.07780871832745,0
4958,361.05680916431294,-361.05680916431294,0
4959,361.03285398453534,-361.03285398453534,0
4960,361.01625671178687,-361.01625671178687,0
4961,360.9998650757952,-360.9998650757952,0
4962,360.9888230823961,-360.9888230823961,0
4963,360.9857727492583,-360.9857727492583,0
4964,360.99242621467874,-360.99242621467874,0
4965,361.01473360511983,-361.01473360511983,0
4966,361.03713604244103,-361.03713604244103,0
4967,361.06556258925235,-361.06556258925235,0
4968,361.0935092117742,-361.0935092117742,0
4969,361.1085686239141,-361.1085686239141,0
4970,361.1220097657387,-361.1220097657387,0
4971,361.1353204012218,-361.1353204012218,0
4972,361.1305745217383,-361.1305745217383,0
4973,361.1574477186531,-361.1574477186531,0
4974,361.17420072733745,-361.17420072733745,0
4975,361.1729987358829,-361.1729987358829,0
4976,361.1706098311752,-361.1706098311752,0
4977,361.1727674912358,-361.1727674912358,0
4978,361.1565549204388,-361.1565549204388,0
4979,361.12842284239093,-361.12842284239093,0
4980,361.0928438081092,-361.0928438081092,0
4981,361.0575388811348,-361.0575388811348,0
4982,361.0207464362908,-361.0207464362908,0
4983,360.99099921380565,-360.99099921380565,0
4984,361.0262611769451,-361.0262611769451,0
4985,361.2282054248935,-361.2282054248935,0
4986,361.25113524909597,-361.25113524909597,0
4987,361.2735093051956,-361.2735093051956,0
4988,361.2946677445533,-361.2946677445533,0
4989,361.31523937702394,-361.31523937702394,0
4990,361.3315907338741,-361.3315907338741,0
4991,361.36445013090236,-361.36445013090236,0
4992,361.39955637111586,-361.39955637111586,0
4993,361.4152108862504,-361.4152108862504,0
4994,361.42619724163484,-361.42619724163484,0
4995,361.4383698378048,-361.4383698378048,0
4996,361.4549380212562,-361.4549380212562,0
4997,361.4780759329932,-361.4780759329932,0
4998,361.68236259395235,-361.68236259395235,0
4999,362.22421305008845,-362.22421305008845,0
5000,362.54441166673746,-362.54441166673746,0
5001,362.6048839339965,-362.6048839339965,0
5002,362.6036857425451,-362.6036857425451,0
5003,362.5964992286617,-362.5964992286617,0
5004,362.5834186087814,-362.5834186087814,0
5005,362.5824335854159,-362.5824335854159,0
5006,362.8661335235693,-362.8661335235693,0
5007,363.55362380013287,-363.55362380013287,0
5008,363.91416951803956,-363.91416951803956,0
5009,364.1945033176314,-364.1945033176314,0
5010,364.2586622176879,-364.2586622176879,0
5011,364.2990933869585,-364.2990933869585,0
5012,364.3333564321396,-364.3333564321396,0
5013,364.3598429926571,-364.3598429926571,0
5014,364.38440289950984,-364.38440289950984,0
5015,364.4140102543557,-364.4140102543557,0
5016,364.461687488231,-364.461687488231,0
5017,364.4659004023023,-364.4659004023023,0
5018,364.460100109989,-364.460100109989,0
5019,364.46008230219167,-364.46008230219167,0
5020,364.4722204103924,-364.4722204103924,0
5021,364.46849764141314,-364.46849764141314,0
5022,364.4765160947294,-364.4765160947294,0
5023,364.5421846728111,-364.5421846728111,0
5024,364.5906757206362,-364.5906757206362,0
5025,364.59297918436596,-364.59297918436596,0
5026,364.5863685077362,-364.5863685077362,0
5027,364.5801950900638,-364.5801950900638,0
5028,364.55936543136835,-364.55936543136835,0
5029,364.5224220088539,-364.5224220088539,0
5030,364.48892710428913,-364.48892710428913,0
5031,364.4655498783279,-364.4655498783279,0
5032,364.4652427494093,-364.4652427494093,0
5033,364.46011345354134,-364.46011345354134,0
5034,364.45444978961876,-364.45444978961876,0
5035,364.4543325651421,-364.4543325651421,0
5036,364.46642437923435,-364.46642437923435,0
5037,364.48957420892856,-364.48957420892856,0
5038,364.5204428385814,-364.5204428385814,0
5039,364.5602386522141,-364.5602386522141,0
5040,364.5920174239201,-364.5920174239201,0
5041,364.6194529934491,-364.6194529934491,0
5042,364.6393282906173,-364.6393282906173,0
5043,364.6528447300397,-364.6528447300397,0
5044,364.66563652848237,-364.66563652848237,0
5045,364.67451660540513,-364.67451660540513,0
5046,364.68480335919963,-364.68480335919963,0
5047,364.7066158898991,-364.7066158898991,0
5048,364.7637741974381,-364.7637741974381,0
5049,365.4705110163621,-365.4705110163621,0
5050,366.40603493131914,-366.40603493131914,0
5051,366.97843071866515,-366.97843071866515,0
5052,367.25993741897236,-367.25993741897236,0
5053,367.7598009611867,-367.7598009611867,0
5054,367.7504480605075,-367.7504480605075,0
5055,367.72487747507256,-367.72487747507256,0
5056,367.71103145231024,-367.71103145231024,0
5057,367.7011754592442,-367.7011754592442,0
5058,367.7003758288064,-367.7003758288064,0
5059,367.70673952015756,-367.70673952015756,0
5060,367.7127455064526,-367.7127455064526,0
5061,367.72495203490865,-367.72495203490865,0
5062,367.74502936865105,-367.74502936865105,0
5063,367.77871568401497,-367.77871568401497,0
5064,367.81632925470086,-367.81632925470086,0
5065,367.85520030170653,-367.85520030170653,0
5066,367.88393482755686,-367.88393482755686,0
5067,367.8977287988247,-367.8977287988247,0
5068,367.8908904730903,-367.8908904730903,0
5069,367.891782306954,-367.891782306954,0
5070,367.88726334528457,-367.88726334528457,0
5071,367.8763509120024,-367.8763509120024,0
5072,367.8602018729836,-367.8602018729836,0
5073,367.8532415238214,-367.8532415238214,0
5074,367.8574653173403,-367.8574653173403,0
5075,367.84917367615026,-367.84917367615026,0
5076,367.84341688543367,-367.84341688543367,0
5077,367.83934657732124,-367.83934657732124,0
5078,367.82678700987134,-367.82678700987134,0
5079,367.81269622338584,-367.81269622338584,0
5080,367.80516808543683,-367.80516808543683,0
5081,367.8041781097873,-367.8041781097873,0
5082,367.808682162115,-367.808682162115,0
5083,367.8224499507382,-367.8224499507382,0
5084,367.8392566473624,-367.8392566473624,0
5085,367.8890263832311,-367.8890263832311,0
5086,367.92004264287004,-367.92004264287004,0
5087,367.96248451371974,-367.96248451371974,0
5088,368.0137587810986,-368.0137587810986,0
5089,368.0599130724978,-368.0599130724978,0
5090,368.0877523337996,-368.0877523337996,0
5091,368.10906943726945,-368.10906943726945,0
5092,368.13013739836913,-368.13013739836913,0
5093,368.1504879034913,-368.1504879034913,0
5094,368.16908108246895,-368.16908108246895,0
5095,368.16833399843546,-368.16833399843546,0
5096,368.198812928198,-368.198812928198,0
5097,368.6847002080023,-368.6847002080023,0
5098,369.43651381899554,-369.43651381899554,0
5099,369.474511432185,-369.474511432185,0
5100,369.45361797795374,-369.45361797795374,0
5101,369.4214516173733,-369.4214516173733,0
5102,369.3890125348902,-369.3890125348902,0
5103,369.35402194637277,-369.35402194637277,0
5104,369.54681055793884,-369.54681055793884,0
5105,369.54347890576133,-369.54347890576133,0
5106,369.53926834862347,-369.53926834862347,0
5107,369.5453904403794,-369.5453904403794,0
5108,369.583267498787,-369.583267498787,0
5109,369.61268354516096,-369.61268354516096,0
5110,369.6491207953695,-369.6491207953695,0
5111,369.6876012550638,-369.6876012550638,0
5112,369.7310629248872,-369.7310629248872,0
5113,369.76899898735365,-369.76899898735365,0
5114,369.7981088936086,-369.7981088936086,0
5115,369.81325832361927,-369.81325832361927,0
5116,369.8082395713314,-369.8082395713314,0
5117,369.80534932606525,-369.80534932606525,0
5118,369.8172275084338,-369.8172275084338,0
5119,369.81298521149574,-369.81298521149574,0
5120,370.13870421335446,-370.13870421335446,0
5121,370.7965646775633,-370.7965646775633,0
5122,371.0198985997619,-371.0198985997619,0
5123,371.016855525573,-371.016855525573,0
5124,370.99470982149586,-370.99470982149586,0
5125,370.9819653105293,-370.9819653105293,0
5126,370.96379549496385,-370.96379549496385,0
5127,370.94761790767484,-370.94761790767484,0
5128,370.94519298479884,-370.94519298479884,0
5129,370.9404527124813,-370.9404527124813,0
5130,370.9330874973522,-370.9330874973522,0
5131,370.9329437542349,-370.9329437542349,0
5132,370.941267639809,-370.941267639809,0
5133,370.95445978048485,-370.95445978048485,0
5134,370.9755400683275,-370.9755400683275,0
5135,371.01285191305783,-371.01285191305783,0
5136,371.04578996994496,-371.04578996994496,0
5137,371.07748768355503,-371.07748768355503,0
5138,371.0993926007579,-371.0993926007579,0
5139,371.09673268416594,-371.09673268416594,0
5140,371.09257577677164,-371.09257577677164,0
5141,371.099291898302,-371.099291898302,0
5142,371.0992235899317,-371.0992235899317,0
5143,371.09641663631294,-371.09641663631294,0
5144,371.10866377816507,-371.10866377816507,0
5145,371.1437626597739,-371.1437626597739,0
5146,371.15323847589406,-371.15323847589406,0
5147,371.14654600370704,-371.14654600370704,0
5148,371.1285525525381,-371.1285525525381,0
5149,371.1052488093789,-371.1052488093789,0
5150,371.0875454634738,-371.0875454634738,0
5151,371.06704427742426,-371.06704427742426,0
5152,371.0546261308601,-371.0546261308601,0
5153,371.0419678032708,-371.0419678032708,0
5154,371.0319298569027,-371.0319298569027,0
5155,371.02986392717844,-371.02986392717844,0
5156,371.03746642715475,-371.03746642715475,0
5157,371.04777692368344,-371.04777692368344,0
5158,371.0709954711323,-371.0709954711323,0
5159,371.10503461600007,-371.10503461600007,0
5160,371.14098913405553,-371.14098913405553,0
5161,371.1777392615662,-371.1777392615662,0
5162,371.19789468018314,-371.19789468018314,0
5163,371.21264620846324,-371.21264620846324,0
5164,371.229077690068,-371.229077690068,0
5165,371.24102871825073,-371.24102871825073,0
5166,371.2559449540547,-371.2559449540547,0
5167,371.2728363795462,-371.2728363795462,0
5168,371.2706995957861,-371.2706995957861,0
5169,371.26300289604075,-371.26300289604075,0
5170,371.24683350987914,-371.24683350987914,0
5171,371.2258615505864,-371.2258615505864,0
5172,371.20062908862485,-371.20062908862485,0
5173,371.2180262865181,-371.2180262865181,0
5174,371.6121805941475,-371.6121805941475,0
5175,371.64317264165356,-371.64317264165356,0
5176,371.6339491009255,-371.6339491009255,0
5177,371.620848843045,-371.620848843045,0
5178,371.6126114114302,-371.6126114114302,0
5179,371.6148344991735,-371.6148344991735,0
5180,371.6295778912111,-371.6295778912111,0
5181,371.6588993457887,-371.6588993457887,0
5182,371.69818367426933,-371.69818367426933,0
5183,371.74789761789754,-371.74789761789754,0
5184,371.78946042924593,-371.78946042924593,0
5185,371.8233424895028,-371.8233424895028,0
5186,371.84138625410833,-371.84138625410833,0
5187,371.85617737957006,-371.85617737957006,0
5188,371.8749824505266,-371.8749824505266,0
5189,371.893336275747,-371.893336275747,0
5190,371.9118192107772,-371.9118192107772,0
5191,371.93470239069325,-371.93470239069325,0
5192,371.9344456848849,-371.9344456848849,0
5193,371.9280312386639,-371.9280312386639,0
5194,371.9239806752501,-371.9239806752501,0
5195,371.91759342765374,-371.91759342765374,0
5196,371.9031132075012,-371.9031132075012,0
5197,371.8791466843387,-371.8791466843387,0
5198,371.866553208724,-371.866553208724,0
5199,371.8566464987893,-371.8566464987893,0
5200,371.84242185306164,-371.84242185306164,0
5201,371.83189355736636,-371.83189355736636,0
5202,371.8212382440012,-371.8212382440012,0
5203,371.82056802020304,-371.82056802020304,0
5204,371.9475749341669,-371.9475749341669,0
5205,371.9965735716439,-371.9965735716439,0
5206,372.09519290723733,-372.09519290723733,0
5207,372.1519169298944,-372.1519169298944,0
5208,372.2006619334144,-372.2006619334144,0
5209,372.23380770473096,-372.23380770473096,0
5210,372.2529000817194,-372.2529000817194,0
5211,372.26802990142,-372.26802990142,0
5212,372.282977024416,-372.282977024416,0
5213,372.29318601282887,-372.29318601282887,0
5214,372.3034003318899,-372.3034003318899,0
5215,372.3033812098317,-372.3033812098317,0
5216,372.30150218319073,-372.30150218319073,0
5217,372.2973851988157,-372.2973851988157,0
5218,372.2797655685822,-372.2797655685822,0
5219,372.6924762289329,-372.6924762289329,0
5220,372.83964017820455,-372.83964017820455,0
5221,372.8599767578344,-372.8599767578344,0
5222,372.8494265898064,-372.8494265898064,0
5223,372.8334221374535,-372.8334221374535,0
5224,372.8473024227513,-372.8473024227513,0
5225,372.8410102874691,-372.8410102874691,0
5226,372.83371962498705,-372.83371962498705,0
5227,372.8390827892718,-372.8390827892718,0
5228,372.85514749199297,-372.85514749199297,0
5229,372.9162426183584,-372.9162426183584,0
5230,372.9547050831131,-372.9547050831131,0
5231,372.9993264918348,-372.9993264918348,0
5232,373.0435640332611,-373.0435640332611,0
5233,373.0871674223476,-373.0871674223476,0
5234,373.114987049069,-373.114987049069,0
5235,373.1384703308489,-373.1384703308489,0
5236,373.15599915895405,-373.15599915895405,0
5237,373.1727179659159,-373.1727179659159,0
5238,373.16825041908675,-373.16825041908675,0
5239,373.17383058277284,-373.17383058277284,0
5240,373.16850017972047,-373.16850017972047,0
5241,373.654783841082,-373.654783841082,0
5242,374.2566327829641,-374.2566327829641,0
5243,374.4838692982813,-374.4838692982813,0
5244,374.5525389416153,-374.5525389416153,0
5245,374.5438526768607,-374.5438526768607,0
5246,374.5251029492385,-374.5251029492385,0
5247,374.50503678306455,-374.50503678306455,0
5248,374.48770406634486,-374.48770406634486,0
5249,374.4741767839156,-374.4741767839156,0
5250,374.46360929345394,-374.46360929345394,0
5251,374.46130125704866,-374.46130125704866,0
5252,374.4628999527906,-374.4628999527906,0
5253,374.47466806088653,-374.47466806088653,0
5254,374.51211263253686,-374.51211263253686,0
5255,374.5417876392926,-374.5417876392926,0
5256,374.56971328405297,-374.56971328405297,0
5257,374.6021343732665,-374.6021343732665,0
5258,374.61696752112977,-374.61696752112977,0
5259,374.63584418641267,-374.63584418641267,0
5260,374.63109864047556,-374.63109864047556,0
5261,374.6300995828663,-374.6300995828663,0
5262,374.6313047050851,-374.6313047050851,0
5263,374.626576534857,-374.626576534857,0
5264,374.6164371461067,-374.6164371461067,0
5265,374.61434774222295,-374.61434774222295,0
5266,374.60906946168797,-374.60906946168797,0
5267,374.593475238304,-374.593475238304,0
5268,374.57199270492544,-374.57199270492544,0
5269,374.54754451767985,-374.54754451767985,0
5270,374.5259488290414,-374.5259488290414,0
5271,374.50472392330306,-374.50472392330306,0
5272,374.4840544023229,-374.4840544023229,0
5273,374.4659083017179,-374.4659083017179,0
5274,374.4544261465298,-374.4544261465298,0
5275,374.4539045593075,-374.4539045593075,0
5276,374.45798575200297,-374.45798575200297,0
5277,374.4704116631212,-374.4704116631212,0
5278,374.4900875165587,-374.4900875165587,0
5279,374.5104738601745,-374.5104738601745,0
5280,374.53305187385945,-374.53305187385945,0
5281,374.55769373896817,-374.55769373896817,0
5282,374.5714191035276,-374.5714191035276,0
5283,374.5897563707076,-374.5897563707076,0
5284,374.6083413924916,-374.6083413924916,0
5285,374.6266526207591,-374.6266526207591,0
5286,374.6455308009596,-374.6455308009596,0
5287,374.66391290274714,-374.66391290274714,0
5288,374.661601631651,-374.661601631651,0
5289,374.6567698877239,-374.6567698877239,0
5290,374.6395661742552,-374.6395661742552,0
5291,374.6136237537216,-374.6136237537216,0
5292,374.58278650739226,-374.58278650739226,0
5293,374.54174946877595,-374.54174946877595,0
5294,374.500050982264,-374.500050982264,0
5295,374.4625848601664,-374.4625848601664,0
5296,374.4372350599889,-374.4372350599889,0
5297,374.4174870801714,-374.4174870801714,0
5298,374.4033303202406,-374.4033303202406,0
5299,374.39953231708665,-374.39953231708665,0
5300,374.3987539537823,-374.3987539537823,0
5301,374.4542045510394,-374.4542045510394,0
5302,374.4776075675628,-374.4776075675628,0
5303,374.5007688415168,-374.5007688415168,0
5304,374.52219002457736,-374.52219002457736,0
5305,374.5458936952827,-374.5458936952827,0
5306,374.56581673133616,-374.56581673133616,0
5307,374.5823677402145,-374.5823677402145,0
5308,374.5998303224855,-374.5998303224855,0
5309,374.6164877704143,-374.6164877704143,0
5310,374.6384002627531,-374.6384002627531,0
5311,374.6632025038012,-374.6632025038012,0
5312,374.6665763899306,-374.6665763899306,0
5313,374.6649759644732,-374.6649759644732,0
5314,374.6477514685768,-374.6477514685768,0
5315,374.63006734698905,-374.63006734698905,0
5316,374.6087371945546,-374.6087371945546,0
5317,374.58254642341933,-374.58254642341933,0
5318,374.55653085295927,-374.55653085295927,0
5319,374.52780300460796,-374.52780300460796,0
5320,374.51467228650984,-374.51467228650984,0
5321,374.5101696199634,-374.5101696199634,0
5322,374.5076718642473,-374.5076718642473,0
5323,374.50641253247005,-374.50641253247005,0
5324,374.5151383165921,-374.5151383165921,0
5325,374.53001597419546,-374.53001597419546,0
5326,374.5504474016496,-374.5504474016496,0
5327,374.5735809867567,-374.5735809867567,0
5328,374.59614225251653,-374.59614225251653,0
5329,374.6246665155504,-374.6246665155504,0
5330,374.64101187807336,-374.64101187807336,0
5331,374.65710701317283,-374.65710701317283,0
5332,374.6750876142358,-374.6750876142358,0
5333,374.696270878947,-374.696270878947,0
5334,374.71563498279625,-374.71563498279625,0
5335,374.73069233297207,-374.73069233297207,0
5336,374.7278912643478,-374.7278912643478,0
5337,374.7223809888825,-374.7223809888825,0
5338,375.3259812538282,-375.3259812538282,0
5339,376.1142357722017,-376.1142357722017,0
5340,376.4172516523063,-376.4172516523063,0
5341,376.4126319715769,-376.4126319715769,0
5342,376.39329073595576,-376.39329073595576,0
5343,376.36700611116237,-376.36700611116237,0
5344,376.3500799048842,-376.3500799048842,0
5345,376.336054370224,-376.336054370224,0
5346,376.32590015636174,-376.32590015636174,0
5347,376.32362878521866,-376.32362878521866,0
5348,376.3252329682015,-376.3252329682015,0
5349,376.3407647098256,-376.3407647098256,0
5350,376.40034030960305,-376.40034030960305,0
5351,376.44262397676846,-376.44262397676846,0
5352,376.48859508241674,-376.48859508241674,0
5353,376.5277796841434,-376.5277796841434,0
5354,376.5495880515447,-376.5495880515447,0
5355,376.56771963915185,-376.56771963915185,0
5356,376.5874721802425,-376.5874721802425,0
5357,376.5817833878765,-376.5817833878765,0
5358,376.5807963453776,-376.5807963453776,0
5359,376.57953069662955,-376.57953069662955,0
5360,376.5714042387555,-376.5714042387555,0
5361,376.5559892514341,-376.5559892514341,0
5362,376.5377334811818,-376.5377334811818,0
5363,376.5269538039862,-376.5269538039862,0
5364,376.50303307783986,-376.50303307783986,0
5365,376.4720750990031,-376.4720750990031,0
5366,376.4383089037334,-376.4383089037334,0
5367,376.40417827571355,-376.40417827571355,0
5368,376.3799768317117,-376.3799768317117,0
5369,376.3635467221707,-376.3635467221707,0
5370,376.35203091637214,-376.35203091637214,0
5371,376.36236840922373,-376.36236840922373,0
5372,376.37347921033233,-376.37347921033233,0
5373,376.406531304471,-376.406531304471,0
5374,376.4567190913745,-376.4567190913745,0
5375,376.49824770801314,-376.49824770801314,0
5376,376.5477695275084,-376.5477695275084,0
5377,376.58377664507327,-376.58377664507327,0
5378,376.61932004665056,-376.61932004665056,0
5379,376.6398473534823,-376.6398473534823,0
5380,376.6599885871371,-376.6599885871371,0
5381,376.6828202711548,-376.6828202711548,0
5382,376.70410187084815,-376.70410187084815,0
5383,376.727217500432,-376.727217500432,0
5384,376.80222612329015,-376.80222612329015,0
5385,377.40308445308045,-377.40308445308045,0
5386,377.54755225351454,-377.54755225351454,0
5387,377.5347493857822,-377.5347493857822,0
5388,377.5073230766579,-377.5073230766579,0
5389,377.4711823095919,-377.4711823095919,0
5390,377.4332247016152,-377.4332247016152,0
5391,377.3965893671908,-377.3965893671908,0
5392,377.4483500548196,-377.4483500548196,0
5393,377.64846633953744,-377.64846633953744,0
5394,377.6581622809675,-377.6581622809675,0
5395,377.67313245793446,-377.67313245793446,0
5396,377.6896788371521,-377.6896788371521,0
5397,377.7110643716218,-377.7110643716218,0
5398,377.74414073561996,-377.74414073561996,0
5399,377.7795566673931,-377.7795566673931,0
5400,377.8220002259365,-377.8220002259365,0
5401,377.86462439863556,-377.86462439863556,0
5402,377.8947343196575,-377.8947343196575,0
5403,377.908056607641,-377.908056607641,0
5404,377.9028760769544,-377.9028760769544,0
5405,377.9219771106702,-377.9219771106702,0
5406,377.9418058041943,-377.9418058041943,0
5407,377.9377596688735,-377.9377596688735,0
5408,377.9377407838474,-377.9377407838474,0
5409,377.9661157434846,-377.9661157434846,0
5410,377.95433831436185,-377.95433831436185,0
5411,377.92580936738767,-377.92580936738767,0
5412,378.0036988139403,-378.0036988139403,0
5413,378.7924076762961,-378.7924076762961,0
5414,379.06782112507244,-379.06782112507244,0
5415,379.0581097396125,-379.0581097396125,0
5416,379.05124391799427,-379.05124391799427,0
5417,379.04461033740785,-379.04461033740785,0
5418,379.0390667381428,-379.0390667381428,0
5419,379.03788475436414,-379.03788475436414,0
5420,379.04911672382997,-379.04911672382997,0
5421,379.0732812876507,-379.0732812876507,0
5422,379.1071259323392,-379.1071259323392,0
5423,379.14244435758167,-379.14244435758167,0
5424,379.176945127888,-379.176945127888,0
5425,379.2062881524814,-379.2062881524814,0
5426,379.22271818095084,-379.22271818095084,0
5427,379.23747531045626,-379.23747531045626,0
5428,379.256789739026,-379.256789739026,0
5429,379.279148901464,-379.279148901464,0
5430,379.30340280672056,-379.30340280672056,0
5431,379.30303565646614,-379.30303565646614,0
5432,379.2928372731495,-379.2928372731495,0
5433,379.28223635246843,-379.28223635246843,0
5434,379.2596640341689,-379.2596640341689,0
5435,379.2191275637452,-379.2191275637452,0
5436,379.17907618570433,-379.17907618570433,0
5437,379.15744191648724,-379.15744191648724,0
5438,379.13056845822825,-379.13056845822825,0
5439,379.0986894755534,-379.0986894755534,0
5440,379.0810589574688,-379.0810589574688,0
5441,379.0666132174426,-379.0666132174426,0
5442,379.0566183734357,-379.0566183734357,0
5443,379.05498699947304,-379.05498699947304,0
5444,379.0875466913264,-379.0875466913264,0
5445,379.1182764077659,-379.1182764077659,0
5446,379.16281517895925,-379.16281517895925,0
5447,379.2052091049039,-379.2052091049039,0
5448,379.24349809514035,-379.24349809514035,0
5449,379.2686207136774,-379.2686207136774,0
5450,379.2865523926402,-379.2865523926402,0
5451,379.29816063668346,-379.29816063668346,0
5452,379.3150214881421,-379.3150214881421,0
5453,379.3389486488012,-379.3389486488012,0
5454,379.3618844465218,-379.3618844465218,0
5455,379.38810410376425,-379.38810410376425,0
5456,379.4078799166038,-379.4078799166038,0
5457,379.428553570457,-379.428553570457,0
5458,379.4225911377838,-379.4225911377838,0
5459,379.41370314098737,-379.41370314098737,0
5460,379.3968404804658,-379.3968404804658,0
5461,379.57938591324955,-379.57938591324955,0
5462,379.5652382034638,-379.5652382034638,0
5463,379.5372639380654,-379.5372639380654,0
5464,379.51610883813066,-379.51610883813066,0
5465,379.4991206227538,-379.4991206227538,0
5466,379.48767169556174,-379.48767169556174,0
5467,379.4861676372371,-379.4861676372371,0
5468,379.4939244232752,-379.4939244232752,0
5469,379.508543284328,-379.508543284328,0
5470,379.54264650775843,-379.54264650775843,0
5471,379.5936538558499,-379.5936538558499,0
5472,379.64147713505184,-379.64147713505184,0
5473,379.6747734773235,-379.6747734773235,0
5474,379.69151200474477,-379.69151200474477,0
5475,379.7026124385019,-379.7026124385019,0
5476,379.71934059455157,-379.71934059455157,0
5477,379.73275994993804,-379.73275994993804,0
5478,379.7486628803613,-379.7486628803613,0
5479,379.74851431074364,-379.74851431074364,0
5480,379.74012083129287,-379.74012083129287,0
5481,379.7361248418278,-379.7361248418278,0
5482,379.71741166177,-379.71741166177,0
5483,379.6894384061282,-379.6894384061282,0
5484,379.66170725343596,-379.66170725343596,0
5485,379.6292941057422,-379.6292941057422,0
5486,379.5938978933532,-379.5938978933532,0
5487,379.5590344024902,-379.5590344024902,0
5488,379.5361078437232,-379.5361078437232,0
5489,379.51934596734054,-379.51934596734054,0
5490,379.5069413140871,-379.5069413140871,0
5491,379.50415043619137,-379.50415043619137,0
5492,379.5092969398157,-379.5092969398157,0
5493,379.59523127114744,-379.59523127114744,0
5494,379.63941623584776,-379.63941623584776,0
5495,379.6905944134055,-379.6905944134055,0
5496,379.73011865623977,-379.73011865623977,0
5497,379.7632238126532,-379.7632238126532,0
5498,379.78203334319466,-379.78203334319466,0
5499,379.80344390150134,-379.80344390150134,0
5500,379.8214206626097,-379.8214206626097,0
5501,379.83772748284173,-379.83772748284173,0
5502,379.85992757754485,-379.85992757754485,0
5503,379.8795589123857,-379.8795589123857,0
5504,379.8791063026954,-379.8791063026954,0
5505,379.8721864044087,-379.8721864044087,0
5506,379.8527797714229,-379.8527797714229,0
5507,379.82358242052067,-379.82358242052067,0
5508,379.78851040733724,-379.78851040733724,0
5509,379.7498765758276,-379.7498765758276,0
5510,379.71304943616576,-379.71304943616576,0
5511,379.67696404186916,-379.67696404186916,0
5512,379.64943976970517,-379.64943976970517,0
5513,379.642005874653,-379.642005874653,0
5514,379.63307373591306,-379.63307373591306,0
5515,379.63049373150193,-379.63049373150193,0
5516,379.6377442629843,-379.6377442629843,0
5517,379.705558534069,-379.705558534069,0
5518,379.74468333330094,-379.74468333330094,0
5519,379.7849365785546,-379.7849365785546,0
5520,379.84087861399246,-379.84087861399246,0
5521,379.8793300074375,-379.8793300074375,0
5522,379.89947798755315,-379.89947798755315,0
5523,379.91476570624434,-379.91476570624434,0
5524,379.9344917311843,-379.9344917311843,0
5525,379.95921522742503,-379.95921522742503,0
5526,379.98022731326853,-379.98022731326853,0
5527,380.00515064370427,-380.00515064370427,0
5528,380.0113261508204,-380.0113261508204,0
5529,380.00635906329046,-380.00635906329046,0
5530,379.98835489061855,-379.98835489061855,0
5531,379.96280467541953,-379.96280467541953,0
5532,379.92643353625874,-379.92643353625874,0
5533,379.8864141345594,-379.8864141345594,0
5534,379.8488474046711,-379.8488474046711,0
5535,379.8262340407721,-379.8262340407721,0
5536,379.80522448506036,-379.80522448506036,0
5537,379.7899204359249,-379.7899204359249,0
5538,379.7796542570255,-379.7796542570255,0
5539,379.77762538772396,-379.77762538772396,0
5540,379.79006113240666,-379.79006113240666,0
5541,379.82176781274353,-379.82176781274353,0
5542,379.8745392516151,-379.8745392516151,0
5543,379.9274185381561,-379.9274185381561,0
5544,379.9724381121729,-379.9724381121729,0
5545,380.0142737369793,-380.0142737369793,0
5546,380.046232702998,-380.046232702998,0
5547,380.063755385352,-380.063755385352,0
5548,380.08522929880735,-380.08522929880735,0
5549,380.1131687200082,-380.1131687200082,0
5550,380.1365491351679,-380.1365491351679,0
5551,380.16138434748444,-380.16138434748444,0
5552,380.177067213717,-380.177067213717,0
5553,380.17619446729447,-380.17619446729447,0
5554,380.16439464225596,-380.16439464225596,0
5555,380.1434374872371,-380.1434374872371,0
5556,380.12339979693303,-380.12339979693303,0
5557,380.0876143197064,-380.0876143197064,0
5558,380.0550622548547,-380.0550622548547,0
5559,380.0228659001844,-380.0228659001844,0
5560,380.0009110432521,-380.0009110432521,0
5561,379.9850282480399,-379.9850282480399,0
5562,379.9734755253969,-379.9734755253969,0
5563,379.97012680936655,-379.97012680936655,0
5564,379.9740623694932,-379.9740623694932,0
5565,379.98348296427287,-379.98348296427287,0
5566,380.0121919562662,-380.0121919562662,0
5567,380.04823616965666,-380.04823616965666,0
5568,380.08270779332213,-380.08270779332213,0
5569,380.1201237006033,-380.1201237006033,0
5570,380.13948316370465,-380.13948316370465,0
5571,380.1522049501593,-380.1522049501593,0
5572,380.16791889101756,-380.16791889101756,0
5573,380.18831544843914,-380.18831544843914,0
5574,380.2072935452442,-380.2072935452442,0
5575,380.23151218202236,-380.23151218202236,0
5576,380.25493716166557,-380.25493716166557,0
5577,380.26879411149065,-380.26879411149065,0
5578,380.2584566862886,-380.2584566862886,0
5579,380.2478297994507,-380.2478297994507,0
5580,380.2328555125413,-380.2328555125413,0
5581,380.2303791749005,-380.2303791749005,0
5582,380.2246667174797,-380.2246667174797,0
5583,380.2205878028727,-380.2205878028727,0
5584,380.2277986134233,-380.2277986134233,0
5585,380.23019247061006,-380.23019247061006,0
5586,380.2317327389057,-380.2317327389057,0
5587,380.2397033755968,-380.2397033755968,0
5588,380.2499259891653,-380.2499259891653,0
5589,380.2744619372322,-380.2744619372322,0
5590,380.3080224203413,-380.3080224203413,0
5591,380.33661722397557,-380.33661722397557,0
5592,380.37804208387763,-380.37804208387763,0
5593,380.4196347657304,-380.4196347657304,0
5594,380.44467559694385,-380.44467559694385,0
5595,380.4611876879167,-380.4611876879167,0
5596,380.47684017481475,-380.47684017481475,0
5597,380.4966375526731,-380.4966375526731,0
5598,380.5149493389517,-380.5149493389517,0
5599,380.5299223000797,-380.5299223000797,0
5600,380.52566443108367,-380.52566443108367,0
5601,380.5173047753078,-380.5173047753078,0
5602,380.49821258670335,-380.49821258670335,0
5603,380.4706245131511,-380.4706245131511,0
5604,380.4350183140483,-380.4350183140483,0
5605,380.4013539907076,-380.4013539907076,0
5606,380.37118928473893,-380.37118928473893,0
5607,380.34985218332486,-380.34985218332486,0
5608,380.33223185195277,-380.33223185195277,0
5609,380.3193748379193,-380.3193748379193,0
5610,380.3101498786954,-380.3101498786954,0
5611,380.3098499265145,-380.3098499265145,0
5612,380.3173720787566,-380.3173720787566,0
5613,380.3286322106234,-380.3286322106234,0
5614,380.3548303203267,-380.3548303203267,0
5615,380.3927242027673,-380.3927242027673,0
5616,380.43425602197516,-380.43425602197516,0
5617,380.45998872879926,-380.45998872879926,0
5618,380.47642980030975,-380.47642980030975,0
5619,380.4905114849583,-380.4905114849583,0
5620,380.5098478881561,-380.5098478881561,0
5621,380.5293448043834,-380.5293448043834,0
5622,380.55161823355877,-380.55161823355877,0
5623,380.5754324260657,-380.5754324260657,0
5624,380.57416456635565,-380.57416456635565,0
5625,380.5668769537222,-380.5668769537222,0
5626,380.54747750133345,-380.54747750133345,0
5627,380.5200294336281,-380.5200294336281,0
5628,380.48417031696306,-380.48417031696306,0
5629,380.4458073916675,-380.4458073916675,0
5630,380.4104773567921,-380.4104773567921,0
5631,380.37459708709565,-380.37459708709565,0
5632,380.3492061948516,-380.3492061948516,0
5633,380.33230765495097,-380.33230765495097,0
5634,380.3200895454303,-380.3200895454303,0
5635,380.33599073765424,-380.33599073765424,0
5636,380.3524064828869,-380.3524064828869,0
5637,380.36755371812114,-380.36755371812114,0
5638,380.3884786637053,-380.3884786637053,0
5639,380.43369327398176,-380.43369327398176,0
5640,380.46127663818237,-380.46127663818237,0
5641,380.485686182661,-380.485686182661,0
5642,380.49998301660105,-380.49998301660105,0
5643,380.51254769925634,-380.51254769925634,0
5644,380.5309087254813,-380.5309087254813,0
5645,380.5534962456653,-380.5534962456653,0
5646,380.5747273191811,-380.5747273191811,0
5647,380.6004002002275,-380.6004002002275,0
5648,380.60689000398014,-380.60689000398014,0
5649,380.60611820477146,-380.60611820477146,0
5650,380.5910589577578,-380.5910589577578,0
5651,380.56793182824816,-380.56793182824816,0
5652,380.54017065363513,-380.54017065363513,0
5653,380.5126700175049,-380.5126700175049,0
5654,380.48500927152975,-380.48500927152975,0
5655,380.45796110598496,-380.45796110598496,0
5656,380.44256228732496,-380.44256228732496,0
5657,380.4292347056276,-380.4292347056276,0
5658,380.41788463863986,-380.41788463863986,0
5659,380.41658488209583,-380.41658488209583,0
5660,380.4213461307011,-380.4213461307011,0
5661,380.4285045507051,-380.4285045507051,0
5662,380.44984924922477,-380.44984924922477,0
5663,380.4732165596253,-380.4732165596253,0
5664,380.4982174722016,-380.4982174722016,0
5665,380.5143432665241,-380.5143432665241,0
5666,380.52624600200835,-380.52624600200835,0
5667,380.53938589582077,-380.53938589582077,0
5668,380.5554949528542,-380.5554949528542,0
5669,380.5730452406804,-380.5730452406804,0
5670,380.5984482370243,-380.5984482370243,0
5671,380.61817778284137,-380.61817778284137,0
5672,380.6155460744152,-380.6155460744152,0
5673,380.6103518544721,-380.6103518544721,0
5674,380.5965263991019,-380.5965263991019,0
5675,380.5810360954786,-380.5810360954786,0
5676,380.5626806501501,-380.5626806501501,0
5677,380.5333772080584,-380.5333772080584,0
5678,380.5116392170533,-380.5116392170533,0
5679,380.48721145489753,-380.48721145489753,0
5680,380.470980719638,-380.470980719638,0
5681,380.45811546763133,-380.45811546763133,0
5682,380.4474453948639,-380.4474453948639,0
5683,380.4460947415477,-380.4460947415477,0
5684,380.4823023414477,-380.4823023414477,0
5685,380.5164733759276,-380.5164733759276,0
5686,380.55852234187836,-380.55852234187836,0
5687,380.60373917626714,-380.60373917626714,0
5688,380.6457019450171,-380.6457019450171,0
5689,380.67661068417726,-380.67661068417726,0
5690,380.69527887538857,-380.69527887538857,0
5691,380.7167927676228,-380.7167927676228,0
5692,380.73859823436146,-380.73859823436146,0
5693,380.75798633023044,-380.75798633023044,0
5694,380.7752954392955,-380.7752954392955,0
5695,380.79015775829583,-380.79015775829583,0
5696,380.7893730563638,-380.7893730563638,0
5697,380.7842336913545,-380.7842336913545,0
5698,380.76761530311074,-380.76761530311074,0
5699,380.751543433544,-380.751543433544,0
5700,380.7396104687673,-380.7396104687673,0
5701,380.7164921105994,-380.7164921105994,0
5702,380.6998793490818,-380.6998793490818,0
5703,380.68105795612587,-380.68105795612587,0
5704,380.6717298842895,-380.6717298842895,0
5705,380.66609867748474,-380.66609867748474,0
5706,380.66104941911766,-380.66104941911766,0
5707,380.6671660977498,-380.6671660977498,0
5708,380.69320711920665,-380.69320711920665,0
5709,380.76692582046985,-380.76692582046985,0
5710,380.8218700548855,-380.8218700548855,0
5711,380.87423188620113,-380.87423188620113,0
5712,380.92043554988334,-380.92043554988334,0
5713,380.961347641455,-380.961347641455,0
5714,380.99127192196,-380.99127192196,0
5715,381.0114467128502,-381.0114467128502,0
5716,381.0317815641164,-381.0317815641164,0
5717,381.055136306906,-381.055136306906,0
5718,381.0729572681108,-381.0729572681108,0
5719,381.0724642017872,-381.0724642017872,0
5720,381.0707488150096,-381.0707488150096,0
5721,381.0671263236548,-381.0671263236548,0
5722,381.0548726654205,-381.0548726654205,0
5723,381.03968281766157,-381.03968281766157,0
5724,381.01916206789474,-381.01916206789474,0
5725,380.98257490437305,-380.98257490437305,0
5726,380.947721605187,-380.947721605187,0
5727,380.92677000016687,-380.92677000016687,0
5728,380.9061040357953,-380.9061040357953,0
5729,380.8894521418665,-380.8894521418665,0
5730,380.87917992924724,-380.87917992924724,0
5731,380.8771469427644,-380.8771469427644,0
5732,380.8805582890397,-380.8805582890397,0
5733,380.8989704912813,-380.8989704912813,0
5734,380.93147199753787,-380.93147199753787,0
5735,380.9693535995313,-380.9693535995313,0
5736,381.0091146901524,-381.0091146901524,0
5737,381.04650089579394,-381.04650089579394,0
5738,381.075110522312,-381.075110522312,0
5739,381.0945002386356,-381.0945002386356,0
5740,381.1125199249856,-381.1125199249856,0
5741,381.12933161973933,-381.12933161973933,0
5742,381.149372257785,-381.149372257785,0
5743,381.16614339979486,-381.16614339979486,0
5744,381.1882537610025,-381.1882537610025,0
5745,381.21508205636474,-381.21508205636474,0
5746,381.20705263228393,-381.20705263228393,0
5747,381.1958005354201,-381.1958005354201,0
5748,381.1893725086213,-381.1893725086213,0
5749,381.1725485310128,-381.1725485310128,0
5750,381.15633097334114,-381.15633097334114,0
5751,381.14167380388767,-381.14167380388767,0
5752,381.13538245528235,-381.13538245528235,0
5753,381.13929467725825,-381.13929467725825,0
5754,381.13484131903255,-381.13484131903255,0
5755,381.15021056000757,-381.15021056000757,0
5756,381.1677305780771,-381.1677305780771,0
5757,381.1903633063811,-381.1903633063811,0
5758,381.2254855273913,-381.2254855273913,0
5759,381.26542331219576,-381.26542331219576,0
5760,381.2975155238319,-381.2975155238319,0
5761,381.3248421935655,-381.3248421935655,0
5762,381.34144433346626,-381.34144433346626,0
5763,381.3535887264367,-381.3535887264367,0
5764,381.3688611793882,-381.3688611793882,0
5765,381.3821254861063,-381.3821254861063,0
5766,381.3979928318954,-381.3979928318954,0
5767,381.3995145518576,-381.3995145518576,0
5768,381.3983134178132,-381.3983134178132,0
5769,381.39819079333483,-381.39819079333483,0
5770,381.3842594064911,-381.3842594064911,0
5771,381.3620962838696,-381.3620962838696,0
5772,381.3351442071516,-381.3351442071516,0
5773,381.30416742751845,-381.30416742751845,0
5774,381.2770073230045,-381.2770073230045,0
5775,381.2476121796575,-381.2476121796575,0
5776,381.2318852122284,-381.2318852122284,0
5777,381.2250973908798,-381.2250973908798,0
5778,381.22066141199184,-381.22066141199184,0
5779,381.2408069598851,-381.2408069598851,0
5780,381.27192002714287,-381.27192002714287,0
5781,381.30184625594376,-381.30184625594376,0
5782,381.34770219559044,-381.34770219559044,0
5783,381.39435418122844,-381.39435418122844,0
5784,381.45192889146153,-381.45192889146153,0
5785,381.4841228638076,-381.4841228638076,0
5786,381.5022987539779,-381.5022987539779,0
5787,381.52107630243376,-381.52107630243376,0
5788,381.53686826945324,-381.53686826945324,0
5789,381.55355771200976,-381.55355771200976,0
5790,381.580215225445,-381.580215225445,0
5791,381.5866016460149,-381.5866016460149,0
5792,381.5841469867047,-381.5841469867047,0
5793,381.58126232728347,-381.58126232728347,0
5794,381.5749484824454,-381.5749484824454,0
5795,381.5629742936405,-381.5629742936405,0
5796,381.54573089089763,-381.54573089089763,0
5797,381.51703387985225,-381.51703387985225,0
5798,381.4975929166301,-381.4975929166301,0
5799,381.47186184398066,-381.47186184398066,0
5800,381.45840163708124,-381.45840163708124,0
5801,381.44962842996176,-381.44962842996176,0
5802,381.44412745455605,-381.44412745455605,0
5803,381.45179383587265,-381.45179383587265,0
5804,381.4706803107197,-381.4706803107197,0
5805,381.48956985068685,-381.48956985068685,0
5806,381.51836261191664,-381.51836261191664,0
5807,381.6027836508138,-381.6027836508138,0
5808,381.65575603304865,-381.65575603304865,0
5809,381.68154785774084,-381.68154785774084,0
5810,381.6983797291583,-381.6983797291583,0
5811,381.71654607946346,-381.71654607946346,0
5812,381.73343292169494,-381.73343292169494,0
5813,381.74886532022776,-381.74886532022776,0
5814,381.7661085182185,-381.7661085182185,0
5815,382.0480313165654,-382.0480313165654,0
5816,382.183570878004,-382.183570878004,0
5817,382.1972407122401,-382.1972407122401,0
5818,382.1870057956575,-382.1870057956575,0
5819,382.17248389489646,-382.17248389489646,0
5820,382.1570078824751,-382.1570078824751,0
5821,382.1382238692846,-382.1382238692846,0
5822,382.1196072853102,-382.1196072853102,0
5823,382.41777787278266,-382.41777787278266,0
5824,382.90323995391026,-382.90323995391026,0
5825,383.0154870405167,-383.0154870405167,0
5826,383.056411715886,-383.056411715886,0
5827,383.11565065502157,-383.11565065502157,0
5828,383.18000175195624,-383.18000175195624,0
5829,383.2166641126637,-383.2166641126637,0
5830,383.26469023837404,-383.26469023837404,0
5831,383.32410119458007,-383.32410119458007,0
5832,383.37361211869796,-383.37361211869796,0
5833,383.4057799992783,-383.4057799992783,0
5834,383.4050920680216,-383.4050920680216,0
5835,383.4150736385653,-383.4150736385653,0
5836,383.43462555085006,-383.43462555085006,0
5837,383.43740493255297,-383.43740493255297,0
5838,383.45053378459824,-383.45053378459824,0
5839,383.49373642939827,-383.49373642939827,0
5840,383.50392918374115,-383.50392918374115,0
5841,383.86106629281693,-383.86106629281693,0
5842,384.47900913615644,-384.47900913615644,0
5843,384.51782508664263,-384.51782508664263,0
5844,384.5034425002611,-384.5034425002611,0
5845,384.4935789541051,-384.4935789541051,0
5846,384.63652643797167,-384.63652643797167,0
5847,384.80917907934264,-384.80917907934264,0
5848,384.8378412844293,-384.8378412844293,0
5849,384.8474984811502,-384.8474984811502,0
5850,384.84628983148025,-384.84628983148025,0
5851,384.86677087962374,-384.86677087962374,0
5852,384.8939525435384,-384.8939525435384,0
5853,384.9232013716216,-384.9232013716216,0
5854,384.9749689172521,-384.9749689172521,0
5855,385.04429604377566,-385.04429604377566,0
5856,385.0864541777249,-385.0864541777249,0
5857,385.1100301763479,-385.1100301763479,0
5858,385.12656892060204,-385.12656892060204,0
5859,385.14179464381965,-385.14179464381965,0
5860,385.1398025035607,-385.1398025035607,0
5861,385.1364863487705,-385.1364863487705,0
5862,385.150930258629,-385.150930258629,0
5863,385.15793161052187,-385.15793161052187,0
5864,385.1458495031725,-385.1458495031725,0
5865,385.14177917877174,-385.14177917877174,0
5866,385.1308255056783,-385.1308255056783,0
5867,385.1120794776598,-385.1120794776598,0
5868,385.0790901186761,-385.0790901186761,0
5869,385.06018008498467,-385.06018008498467,0
5870,385.035180833217,-385.035180833217,0
5871,385.0199321011278,-385.0199321011278,0
5872,385.0046764164791,-385.0046764164791,0
5873,384.9916510433054,-384.9916510433054,0
5874,384.9841143539461,-384.9841143539461,0
5875,384.9837778224008,-384.9837778224008,0
5876,385.0080496508217,-385.0080496508217,0
5877,385.03245212761135,-385.03245212761135,0
5878,385.0781903027991,-385.0781903027991,0
5879,385.1201662244037,-385.1201662244037,0
5880,385.1612053952852,-385.1612053952852,0
5881,385.19611494642714,-385.19611494642714,0
5882,385.2237739879348,-385.2237739879348,0
5883,385.24362868722807,-385.24362868722807,0
5884,385.26596645561244,-385.26596645561244,0
5885,385.28955093523876,-385.28955093523876,0
5886,385.31551184123697,-385.31551184123697,0
5887,385.3385452593217,-385.3385452593217,0
5888,385.69511258970175,-385.69511258970175,0
5889,386.29768629491184,-386.29768629491184,0
5890,386.5135605293058,-386.5135605293058,0
5891,386.6019862059501,-386.6019862059501,0
5892,386.5861822947162,-386.5861822947162,0
5893,386.55888143931014,-386.55888143931014,0
5894,386.53226918485774,-386.53226918485774,0
5895,386.5051346718131,-386.5051346718131,0
5896,386.490286344893,-386.490286344893,0
5897,386.4799303829449,-386.4799303829449,0
5898,386.4717923972716,-386.4717923972716,0
5899,386.4897267417197,-386.4897267417197,0
5900,386.50734994139236,-386.50734994139236,0
5901,386.532551190085,-386.532551190085,0
5902,386.573771412005,-386.573771412005,0
5903,386.6233318603576,-386.6233318603576,0
5904,386.6653094602173,-386.6653094602173,0
5905,386.70882245662483,-386.70882245662483,0
5906,386.7420028075293,-386.7420028075293,0
5907,386.74015768880605,-386.74015768880605,0
5908,386.7372130961843,-386.7372130961843,0
5909,386.74907920261444,-386.74907920261444,0
5910,386.74729492783945,-386.74729492783945,0
5911,386.744804490576,-386.744804490576,0
5912,386.7589551946227,-386.7589551946227,0
5913,387.00151989861865,-387.00151989861865,0
5914,387.53151523186176,-387.53151523186176,0
5915,388.03726719050695,-388.03726719050695,0
5916,388.1008218319139,-388.1008218319139,0
5917,388.0793994352171,-388.0793994352171,0
5918,388.0507144240635,-388.0507144240635,0
5919,388.0169762818352,-388.0169762818352,0
5920,387.9959888561269,-387.9959888561269,0
5921,387.99063847729934,-387.99063847729934,0
5922,387.98805756541753,-387.98805756541753,0
5923,388.0021224995696,-388.0021224995696,0
5924,388.01324510689,-388.01324510689,0
5925,388.0319785770518,-388.0319785770518,0
5926,388.0628714849712,-388.0628714849712,0
5927,388.1143397175333,-388.1143397175333,0
5928,388.1637081444566,-388.1637081444566,0
5929,388.1973532373866,-388.1973532373866,0
5930,388.22098995965234,-388.22098995965234,0
5931,388.2395530784082,-388.2395530784082,0
5932,388.2427268413677,-388.2427268413677,0
5933,388.2391892630707,-388.2391892630707,0
5934,388.23780645949455,-388.23780645949455,0
5935,388.25536857723034,-388.25536857723034,0
5936,388.2513012283419,-388.2513012283419,0
5937,388.24726105917927,-388.24726105917927,0
5938,388.23796792866807,-388.23796792866807,0
5939,388.2225060389658,-388.2225060389658,0
5940,388.192419560816,-388.192419560816,0
5941,388.15569881654756,-388.15569881654756,0
5942,388.12053902210175,-388.12053902210175,0
5943,388.08706947432023,-388.08706947432023,0
5944,388.0699289379515,-388.0699289379515,0
5945,388.05952808640245,-388.05952808640245,0
5946,388.0515434555755,-388.0515434555755,0
5947,388.0590461006628,-388.0590461006628,0
5948,388.07258493860667,-388.07258493860667,0
5949,388.10277439172575,-388.10277439172575,0
5950,388.14184557377314,-388.14184557377314,0
5951,388.2152898166702,-388.2152898166702,0
5952,388.27408449856534,-388.27408449856534,0
5953,388.3102666393092,-388.3102666393092,0
5954,388.3306513021955,-388.3306513021955,0
5955,388.3488103667734,-388.3488103667734,0
5956,388.36936845193736,-388.36936845193736,0
5957,388.3905696925713,-388.3905696925713,0
5958,388.41661770710056,-388.41661770710056,0
5959,388.46508156526204,-388.46508156526204,0
5960,388.46955512949273,-388.46955512949273,0
5961,388.46481559144297,-388.46481559144297,0
5962,388.46115375043274,-388.46115375043274,0
5963,388.44704422617644,-388.44704422617644,0
5964,388.42736726814417,-388.42736726814417,0
5965,388.3947078033792,-388.3947078033792,0
5966,388.35980118118687,-388.35980118118687,0
5967,388.48135603173256,-388.48135603173256,0
5968,388.7582713142226,-388.7582713142226,0
5969,388.79182681019716,-388.79182681019716,0
5970,388.79090490361045,-388.79090490361045,0
5971,388.80429037325274,-388.80429037325274,0
5972,388.82430909501454,-388.82430909501454,0
5973,388.85733627039787,-388.85733627039787,0
5974,388.89980818901995,-388.89980818901995,0
5975,388.95836592876134,-388.95836592876134,0
5976,388.9959021622372,-388.9959021622372,0
5977,389.0277192454481,-389.0277192454481,0
5978,389.04677702001896,-389.04677702001896,0
5979,389.0639570274097,-389.0639570274097,0
5980,389.0826040338359,-389.0826040338359,0
5981,389.09552069730137,-389.09552069730137,0
5982,389.1167378633581,-389.1167378633581,0
5983,389.1341698776013,-389.1341698776013,0
5984,389.1448331975852,-389.1448331975852,0
5985,389.1599780941366,-389.1599780941366,0
5986,389.15498104189294,-389.15498104189294,0
5987,389.13806000409295,-389.13806000409295,0
5988,389.1210491830849,-389.1210491830849,0
5989,389.09621643884174,-389.09621643884174,0
5990,389.07029101663784,-389.07029101663784,0
5991,389.0529619101613,-389.0529619101613,0
5992,389.05144405076487,-389.05144405076487,0
5993,389.055626270195,-389.055626270195,0
5994,389.0605764731303,-389.0605764731303,0
5995,389.0884831587698,-389.0884831587698,0
5996,389.1194274227588,-389.1194274227588,0
5997,389.1611875811512,-389.1611875811512,0
5998,389.21360015768647,-389.21360015768647,0
5999,389.2615654538602,-389.2615654538602,0
6000,389.308084567686,-389.308084567686,0
6001,389.344216263112,-389.344216263112,0
6002,389.3645940904539,-389.3645940904539,0
6003,389.380158976431,-389.380158976431,0
6004,389.39633946355644,-389.39633946355644,0
6005,389.4086685592816,-389.4086685592816,0
6006,389.42380634632315,-389.42380634632315,0
6007,389.44583357617546,-389.44583357617546,0
6008,389.4686345509461,-389.4686345509461,0
6009,389.4748092038332,-389.4748092038332,0
6010,389.4707763439626,-389.4707763439626,0
6011,389.45982463616457,-389.45982463616457,0
6012,389.4406167223371,-389.4406167223371,0
6013,389.4103140689993,-389.4103140689993,0
6014,389.37935608574816,-389.37935608574816,0
6015,389.35062625041394,-389.35062625041394,0
6016,389.3351705448826,-389.3351705448826,0
6017,389.3246833514051,-389.3246833514051,0
6018,389.3397221198003,-389.3397221198003,0
6019,389.35407472216156,-389.35407472216156,0
6020,389.3752191366602,-389.3752191366602,0
6021,389.4036398760932,-389.4036398760932,0
6022,389.4580945260053,-389.4580945260053,0
6023,389.5107389182849,-389.5107389182849,0
6024,389.55954679778256,-389.55954679778256,0
6025,389.59264820934806,-389.59264820934806,0
6026,389.6125839531959,-389.6125839531959,0
6027,389.62679808474803,-389.62679808474803,0
6028,389.6424228018953,-389.6424228018953,0
6029,389.66023282821794,-389.66023282821794,0
6030,389.67840485750474,-389.67840485750474,0
6031,389.69771987530584,-389.69771987530584,0
6032,390.1262090923343,-390.1262090923343,0
6033,390.993203863856,-390.993203863856,0
6034,391.7773276228844,-391.7773276228844,0
6035,391.9124612088525,-391.9124612088525,0
6036,391.90087995603284,-391.90087995603284,0
6037,391.8739011331353,-391.8739011331353,0
6038,391.8525294766661,-391.8525294766661,0
6039,391.8211161033088,-391.8211161033088,0
6040,391.80148876197825,-391.80148876197825,0
6041,391.78628088986693,-391.78628088986693,0
6042,391.77843396664565,-391.77843396664565,0
6043,391.77783376615065,-391.77783376615065,0
6044,391.82250977752176,-391.82250977752176,0
6045,391.8664602809343,-391.8664602809343,0
6046,391.9250045462286,-391.9250045462286,0
6047,391.97769923559247,-391.97769923559247,0
6048,392.02790358835693,-392.02790358835693,0
6049,392.0623285924522,-392.0623285924522,0
6050,392.08920839119304,-392.08920839119304,0
6051,392.08625288562484,-392.08625288562484,0
6052,392.08204856929217,-392.08204856929217,0
6053,392.0798024165214,-392.0798024165214,0
6054,392.0840500651994,-392.0840500651994,0
6055,392.18473493220375,-392.18473493220375,0
6056,392.6875465908514,-392.6875465908514,0
6057,392.7773208545584,-392.7773208545584,0
6058,392.83116132125923,-392.83116132125923,0
6059,392.82148699836137,-392.82148699836137,0
6060,392.80096072734847,-392.80096072734847,0
6061,392.783218700514,-392.783218700514,0
6062,392.7625494395159,-392.7625494395159,0
6063,392.73755429090596,-392.73755429090596,0
6064,392.7197514928397,-392.7197514928397,0
6065,392.70819784036735,-392.70819784036735,0
6066,392.69904721081883,-392.69904721081883,0
6067,392.7050949610814,-392.7050949610814,0
6068,392.73083967715064,-392.73083967715064,0
6069,392.76453095380765,-392.76453095380765,0
6070,392.80305552438494,-392.80305552438494,0
6071,392.84458241611424,-392.84458241611424,0
6072,392.8825481666018,-392.8825481666018,0
6073,392.92072687092747,-392.92072687092747,0
6074,392.94293437375364,-392.94293437375364,0
6075,392.9392100842538,-392.9392100842538,0
6076,392.96417386918125,-392.96417386918125,0
6077,392.98282630756484,-392.98282630756484,0
6078,392.98040059317435,-392.98040059317435,0
6079,393.020696199587,-393.020696199587,0
6080,393.05884077208265,-393.05884077208265,0
6081,393.05768610977447,-393.05768610977447,0
6082,393.0526072769067,-393.0526072769067,0
6083,393.0402911119028,-393.0402911119028,0
6084,393.02408077728944,-393.02408077728944,0
6085,393.0135613630035,-393.0135613630035,0
6086,393.0009217682336,-393.0009217682336,0
6087,392.9876192124963,-392.9876192124963,0
6088,392.986060565666,-392.986060565666,0
6089,393.0021568283907,-393.0021568283907,0
6090,393.0309142772322,-393.0309142772322,0
6091,393.0470415914196,-393.0470415914196,0
6092,393.06771603733876,-393.06771603733876,0
6093,393.09804487093066,-393.09804487093066,0
6094,393.12853613406907,-393.12853613406907,0
6095,393.1738945956415,-393.1738945956415,0
6096,393.2115719974747,-393.2115719974747,0
6097,393.2348021237505,-393.2348021237505,0
6098,393.25136288011845,-393.25136288011845,0
6099,393.2653225978897,-393.2653225978897,0
6100,393.2872839203553,-393.2872839203553,0
6101,393.30339847622474,-393.30339847622474,0
6102,393.32079853349114,-393.32079853349114,0
6103,393.3460040775305,-393.3460040775305,0
6104,393.3777040295319,-393.3777040295319,0
6105,393.3738869445461,-393.3738869445461,0
6106,393.3620131742767,-393.3620131742767,0
6107,393.3440435586055,-393.3440435586055,0
6108,393.32440015137706,-393.32440015137706,0
6109,393.3122533671577,-393.3122533671577,0
6110,393.63227487440685,-393.63227487440685,0
6111,394.1449643086544,-394.1449643086544,0
6112,394.7892117881853,-394.7892117881853,0
6113,395.0460590755902,-395.0460590755902,0
6114,395.1364726691369,-395.1364726691369,0
6115,395.1856805194207,-395.1856805194207,0
6116,395.2209394495986,-395.2209394495986,0
6117,395.26313605196384,-395.26313605196384,0
6118,395.3356610721689,-395.3356610721689,0
6119,395.40134796870905,-395.40134796870905,0
6120,395.4515510561856,-395.4515510561856,0
6121,395.4816659301534,-395.4816659301534,0
6122,395.49839820284484,-395.49839820284484,0
6123,395.513289141357,-395.513289141357,0
6124,395.5323860949272,-395.5323860949272,0
6125,395.5499343462303,-395.5499343462303,0
6126,395.56544571291073,-395.56544571291073,0
6127,395.59004448350777,-395.59004448350777,0
6128,395.58992532119044,-395.58992532119044,0
6129,395.57617630403615,-395.57617630403615,0
6130,395.55067429374105,-395.55067429374105,0
6131,395.5127515853994,-395.5127515853994,0
6132,395.47707039619337,-395.47707039619337,0
6133,395.4458028117857,-395.4458028117857,0
6134,395.4128875487303,-395.4128875487303,0
6135,395.40515505249437,-395.40515505249437,0
6136,395.43237465057126,-395.43237465057126,0
6137,395.4435588900124,-395.4435588900124,0
6138,395.44778931397053,-395.44778931397053,0
6139,395.47689150800744,-395.47689150800744,0
6140,395.5074600389282,-395.5074600389282,0
6141,395.5469530817178,-395.5469530817178,0
6142,395.5957270142958,-395.5957270142958,0
6143,395.64928311411614,-395.64928311411614,0
6144,395.7038201410306,-395.7038201410306,0
6145,395.73311210026685,-395.73311210026685,0
6146,395.7504778279542,-395.7504778279542,0
6147,395.7667160238777,-395.7667160238777,0
6148,395.78526295665705,-395.78526295665705,0
6149,395.803112805386,-395.803112805386,0
6150,395.82536968131285,-395.82536968131285,0
6151,395.8503119509195,-395.8503119509195,0
6152,395.8488755338624,-395.8488755338624,0
6153,395.84567010062693,-395.84567010062693,0
6154,395.82497824787316,-395.82497824787316,0
6155,395.7956880999597,-395.7956880999597,0
6156,395.7613696045287,-395.7613696045287,0
6157,395.7357788153449,-395.7357788153449,0
6158,395.71813734085555,-395.71813734085555,0
6159,395.7054844809176,-395.7054844809176,0
6160,395.7038333725376,-395.7038333725376,0
6161,395.7077814644038,-395.7077814644038,0
6162,395.70834183968765,-395.70834183968765,0
6163,395.72203211844936,-395.72203211844936,0
6164,395.7430222557848,-395.7430222557848,0
6165,395.79036227152534,-395.79036227152534,0
6166,395.8418089840915,-395.8418089840915,0
6167,395.87924557235,-395.87924557235,0
6168,395.9345320887197,-395.9345320887197,0
6169,395.96058965868343,-395.96058965868343,0
6170,395.9787614373952,-395.9787614373952,0
6171,395.99707496872054,-395.99707496872054,0
6172,396.016859470504,-396.016859470504,0
6173,396.03749432193376,-396.03749432193376,0
6174,396.06488940321356,-396.06488940321356,0
6175,396.0916423320462,-396.0916423320462,0
6176,396.13414507844186,-396.13414507844186,0
6177,396.4839618586641,-396.4839618586641,0
6178,397.062885059143,-397.062885059143,0
6179,397.71223826341287,-397.71223826341287,0
6180,398.2227575915197,-398.2227575915197,0
6181,398.36241331368825,-398.36241331368825,0
6182,398.4180990063152,-398.4180990063152,0
6183,398.46617951174323,-398.46617951174323,0
6184,398.4897745625486,-398.4897745625486,0
6185,398.5102807973244,-398.5102807973244,0
6186,398.528811046798,-398.528811046798,0
6187,398.5387974104747,-398.5387974104747,0
6188,398.5495501052883,-398.5495501052883,0
6189,398.57296181921873,-398.57296181921873,0
6190,398.6086337702609,-398.6086337702609,0
6191,398.6594318887474,-398.6594318887474,0
6192,398.703777586853,-398.703777586853,0
6193,398.7334169800733,-398.7334169800733,0
6194,398.75136395445884,-398.75136395445884,0
6195,398.76308972687514,-398.76308972687514,0
6196,398.7600415846586,-398.7600415846586,0
6197,398.7558304260691,-398.7558304260691,0
6198,398.75030657513565,-398.75030657513565,0
6199,398.74437718791165,-398.74437718791165,0
6200,398.75846101863675,-398.75846101863675,0
6201,398.7529274072426,-398.7529274072426,0
6202,398.7375721844995,-398.7375721844995,0
6203,398.7768118392005,-398.7768118392005,0
6204,399.41389810366167,-399.41389810366167,0
6205,399.5207406251826,-399.5207406251826,0
6206,399.5064996104379,-399.5064996104379,0
6207,399.4882979951666,-399.4882979951666,0
6208,399.4777021928059,-399.4777021928059,0
6209,399.4704756522698,-399.4704756522698,0
6210,399.46510788316533,-399.46510788316533,0
6211,399.4722614157435,-399.4722614157435,0
6212,399.4841455181007,-399.4841455181007,0
6213,399.5279664369217,-399.5279664369217,0
6214,399.5858840721126,-399.5858840721126,0
6215,399.6484933762574,-399.6484933762574,0
6216,399.69479985997754,-399.69479985997754,0
6217,399.7348980571471,-399.7348980571471,0
6218,399.7733154968573,-399.7733154968573,0
6219,399.7908629633068,-399.7908629633068,0
6220,399.81198510589735,-399.81198510589735,0
6221,399.8354598779522,-399.8354598779522,0
6222,399.84650518966896,-399.84650518966896,0
6223,399.8416315287955,-399.8416315287955,0
6224,399.84538110157774,-399.84538110157774,0
6225,400.1182966853604,-400.1182966853604,0
6226,400.9549318703716,-400.9549318703716,0
6227,401.9416980878407,-401.9416980878407,0
6228,402.4280055232657,-402.4280055232657,0
6229,402.50785186509484,-402.50785186509484,0
6230,402.5062967791338,-402.5062967791338,0
6231,402.5004040095234,-402.5004040095234,0
6232,402.4916514959003,-402.4916514959003,0
6233,402.4839582668152,-402.4839582668152,0
6234,402.4790461737145,-402.4790461737145,0
6235,402.5037694466272,-402.5037694466272,0
6236,402.5366990924227,-402.5366990924227,0
6237,402.5616713994235,-402.5616713994235,0
6238,402.6044909520848,-402.6044909520848,0
6239,402.63857747184244,-402.63857747184244,0
6240,402.6660527118601,-402.6660527118601,0
6241,402.7071252828001,-402.7071252828001,0
6242,402.73935411515527,-402.73935411515527,0
6243,402.75957929320447,-402.75957929320447,0
6244,402.75925060098837,-402.75925060098837,0
6245,402.7531106889669,-402.7531106889669,0
6246,402.75281401949786,-402.75281401949786,0
6247,402.7493443438265,-402.7493443438265,0
6248,402.74172581291555,-402.74172581291555,0
6249,402.73057271978655,-402.73057271978655,0
6250,402.7478771973914,-402.7478771973914,0
6251,403.2132129110593,-403.2132129110593,0
6252,403.7494426852451,-403.7494426852451,0
6253,404.32865102950467,-404.32865102950467,0
6254,404.7712643718414,-404.7712643718414,0
6255,404.8662507290057,-404.8662507290057,0
6256,404.92565511709256,-404.92565511709256,0
6257,404.95685308313045,-404.95685308313045,0
6258,404.9866261772172,-404.9866261772172,0
6259,405.02007871206126,-405.02007871206126,0
6260,405.04879133770294,-405.04879133770294,0
6261,405.08516162360854,-405.08516162360854,0
6262,405.13333272728886,-405.13333272728886,0
6263,405.18013632275904,-405.18013632275904,0
6264,405.21461335721074,-405.21461335721074,0
6265,405.2467249529412,-405.2467249529412,0
6266,405.265185079453,-405.265185079453,0
6267,405.28203655234415,-405.28203655234415,0
6268,405.3008776516008,-405.3008776516008,0
6269,405.31324267575525,-405.31324267575525,0
6270,405.30994636651275,-405.30994636651275,0
6271,405.3090468465157,-405.3090468465157,0
6272,405.29521101651756,-405.29521101651756,0
6273,405.27673077428943,-405.27673077428943,0
6274,405.2560649356826,-405.2560649356826,0
6275,405.2382885125872,-405.2382885125872,0
6276,405.22091173823463,-405.22091173823463,0
6277,405.2105072394179,-405.2105072394179,0
6278,405.2002374355961,-405.2002374355961,0
6279,405.1807268729638,-405.1807268729638,0
6280,405.1664132644971,-405.1664132644971,0
6281,405.1553188329513,-405.1553188329513,0
6282,405.1506642274482,-405.1506642274482,0
6283,405.15416261892835,-405.15416261892835,0
6284,405.1702297028706,-405.1702297028706,0
6285,405.19155441923795,-405.19155441923795,0
6286,405.2153373982911,-405.2153373982911,0
6287,405.24168178136256,-405.24168178136256,0
6288,405.26598174961896,-405.26598174961896,0
6289,405.28411838048675,-405.28411838048675,0
6290,405.29751248087535,-405.29751248087535,0
6291,405.31027678854775,-405.31027678854775,0
6292,405.33222599111673,-405.33222599111673,0
6293,405.35509204545167,-405.35509204545167,0
6294,405.374568435271,-405.374568435271,0
6295,405.3916216902926,-405.3916216902926,0
6296,405.39626140311333,-405.39626140311333,0
6297,405.3909518327339,-405.3909518327339,0
6298,405.37321748743676,-405.37321748743676,0
6299,405.34621971957574,-405.34621971957574,0
6300,405.31464332322076,-405.31464332322076,0
6301,405.28937889134255,-405.28937889134255,0
6302,405.2693680808214,-405.2693680808214,0
6303,405.25118643756565,-405.25118643756565,0
6304,405.2431703858613,-405.2431703858613,0
6305,405.2408304445214,-405.2408304445214,0
6306,405.2405952254429,-405.2405952254429,0
6307,405.25185054485155,-405.25185054485155,0
6308,405.26617363304206,-405.26617363304206,0
6309,405.32105902938605,-405.32105902938605,0
6310,405.35953821785984,-405.35953821785984,0
6311,405.4051895329778,-405.4051895329778,0
6312,405.4543362213278,-405.4543362213278,0
6313,405.4843033592489,-405.4843033592489,0
6314,405.49893747395043,-405.49893747395043,0
6315,405.51615811130347,-405.51615811130347,0
6316,405.5383595001068,-405.5383595001068,0
6317,405.5602579035813,-405.5602579035813,0
6318,405.79775221510556,-405.79775221510556,0
6319,406.3823111286877,-406.3823111286877,0
6320,407.08138845826426,-407.08138845826426,0
6321,407.8650854565301,-407.8650854565301,0
6322,408.5832702273391,-408.5832702273391,0
6323,409.0207664203834,-409.0207664203834,0
6324,409.07474899312456,-409.07474899312456,0
6325,409.067564961387,-409.067564961387,0
6326,409.0572025285617,-409.0572025285617,0
6327,409.04326467677095,-409.04326467677095,0
6328,409.0358789685609,-409.0358789685609,0
6329,409.0317229714556,-409.0317229714556,0
6330,409.0247379725999,-409.0247379725999,0
6331,409.02486011036956,-409.02486011036956,0
6332,409.04156928360857,-409.04156928360857,0
6333,409.073303320459,-409.073303320459,0
6334,409.10564146713625,-409.10564146713625,0
6335,409.1544841785965,-409.1544841785965,0
6336,409.1993941675366,-409.1993941675366,0
6337,409.212254505301,-409.212254505301,0
6338,409.2079034849441,-409.2079034849441,0
6339,409.20433794283,-409.20433794283,0
6340,409.19729220125384,-409.19729220125384,0
6341,409.19408748705894,-409.19408748705894,0
6342,409.1965996814728,-409.1965996814728,0
6343,409.2142193315406,-409.2142193315406,0
6344,409.22493898489796,-409.22493898489796,0
6345,409.30501158975255,-409.30501158975255,0
6346,409.35778122687697,-409.35778122687697,0
6347,409.37101458654956,-409.37101458654956,0
6348,409.3619651520475,-409.3619651520475,0
6349,409.35054659639053,-409.35054659639053,0
6350,409.3392657906392,-409.3392657906392,0
6351,409.3239271353362,-409.3239271353362,0
6352,409.3137462409406,-409.3137462409406,0
6353,409.30731191368034,-409.30731191368034,0
6354,409.3062010896074,-409.3062010896074,0
6355,409.31597508334966,-409.31597508334966,0
6356,409.3474168799954,-409.3474168799954,0
6357,409.3923491746879,-409.3923491746879,0
6358,409.4510456515879,-409.4510456515879,0
6359,409.5046068343269,-409.5046068343269,0
6360,409.55594214435945,-409.55594214435945,0
6361,409.5898986238255,-409.5898986238255,0
6362,409.6098464914351,-409.6098464914351,0
6363,409.62560744334536,-409.62560744334536,0
6364,409.6382380146485,-409.6382380146485,0
6365,409.652671729547,-409.652671729547,0
6366,409.66938186153425,-409.66938186153425,0
6367,409.68376905327517,-409.68376905327517,0
6368,409.6826077854256,-409.6826077854256,0
6369,409.6801092672467,-409.6801092672467,0
6370,409.6660771824956,-409.6660771824956,0
6371,409.6478206893345,-409.6478206893345,0
6372,409.6455657454746,-409.6455657454746,0
6373,409.6286245037448,-409.6286245037448,0
6374,409.6193891840796,-409.6193891840796,0
6375,409.60535876586243,-409.60535876586243,0
6376,409.60152418912674,-409.60152418912674,0
6377,409.5986597411622,-409.5986597411622,0
6378,409.5980904416871,-409.5980904416871,0
6379,409.6054886990281,-409.6054886990281,0
6380,409.61924305378903,-409.61924305378903,0
6381,409.68971360538364,-409.68971360538364,0
6382,409.75094440467797,-409.75094440467797,0
6383,409.8143696593432,-409.8143696593432,0
6384,409.852084306173,-409.852084306173,0
6385,409.8826291956225,-409.8826291956225,0
6386,409.9099855942043,-409.9099855942043,0
6387,409.9292842938135,-409.9292842938135,0
6388,409.9491155951312,-409.9491155951312,0
6389,409.9684792064738,-409.9684792064738,0
6390,409.98913580640647,-409.98913580640647,0
6391,410.24789010555213,-410.24789010555213,0
6392,410.8326651307019,-410.8326651307019,0
6393,411.44477093064944,-411.44477093064944,0
6394,411.5377033614483,-411.5377033614483,0
6395,411.5324283789585,-411.5324283789585,0
6396,411.51640560352695,-411.51640560352695,0
6397,411.5078954534331,-411.5078954534331,0
6398,411.4981682853967,-411.4981682853967,0
6399,411.4855670579661,-411.4855670579661,0
6400,411.4840133449072,-411.4840133449072,0
6401,411.4850267488023,-411.4850267488023,0
6402,411.4970975534026,-411.4970975534026,0
6403,411.50883563161653,-411.50883563161653,0
6404,411.5278129635281,-411.5278129635281,0
6405,411.5646385607096,-411.5646385607096,0
6406,411.6059889539376,-411.6059889539376,0
6407,411.64549845121127,-411.64549845121127,0
6408,411.6891015989361,-411.6891015989361,0
6409,411.7286409581739,-411.7286409581739,0
6410,411.75027418594897,-411.75027418594897,0
6411,411.7455165038517,-411.7455165038517,0
6412,411.742661145233,-411.742661145233,0
6413,411.75367154008563,-411.75367154008563,0
6414,411.7532675438894,-411.7532675438894,0
6415,411.8989184897947,-411.8989184897947,0
6416,412.4777981182941,-412.4777981182941,0
6417,413.0230877590444,-413.0230877590444,0
6418,414.00603913858197,-414.00603913858197,0
6419,414.5396267675341,-414.5396267675341,0
6420,414.6510736984913,-414.6510736984913,0
6421,414.7036713125442,-414.7036713125442,0
6422,414.71472538071816,-414.71472538071816,0
6423,414.71250283190386,-414.71250283190386,0
6424,414.7293121316487,-414.7293121316487,0
6425,414.747828875529,-414.747828875529,0
6426,414.76131000887773,-414.76131000887773,0
6427,414.77716069927493,-414.77716069927493,0
6428,414.7972287320431,-414.7972287320431,0
6429,414.8608510932486,-414.8608510932486,0
6430,414.9707815353644,-414.9707815353644,0
6431,415.02923332178517,-415.02923332178517,0
6432,415.0758916226802,-415.0758916226802,0
6433,415.10997454636197,-415.10997454636197,0
6434,415.12131139977475,-415.12131139977475,0
6435,415.1160655994462,-415.1160655994462,0
6436,415.1137737366445,-415.1137737366445,0
6437,415.1037733131413,-415.1037733131413,0
6438,415.1210559310898,-415.1210559310898,0
6439,415.13841124432776,-415.13841124432776,0
6440,415.1531254532827,-415.1531254532827,0
6441,415.66711457474815,-415.66711457474815,0
6442,416.51987517807834,-416.51987517807834,0
6443,417.55753826668666,-417.55753826668666,0
6444,418.4093241772532,-418.4093241772532,0
6445,418.70507572868087,-418.70507572868087,0
6446,418.7773343195828,-418.7773343195828,0
6447,418.8015699016836,-418.8015699016836,0
6448,418.81799885994604,-418.81799885994604,0
6449,418.8700178790995,-418.8700178790995,0
6450,418.9413675693865,-418.9413675693865,0
6451,419.0079604149201,-419.0079604149201,0
6452,419.0554006502461,-419.0554006502461,0
6453,419.1182209260904,-419.1182209260904,0
6454,419.2015163855098,-419.2015163855098,0
6455,419.26447494868455,-419.26447494868455,0
6456,419.3028157366013,-419.3028157366013,0
6457,419.33522167976264,-419.33522167976264,0
6458,419.3556433858393,-419.3556433858393,0
6459,419.36888514976374,-419.36888514976374,0
6460,419.3641039151212,-419.3641039151212,0
6461,419.3588337155729,-419.3588337155729,0
6462,419.35282152140405,-419.35282152140405,0
6463,419.55183583831445,-419.55183583831445,0
6464,420.13376929616936,-420.13376929616936,0
6465,420.64389528710075,-420.64389528710075,0
6466,420.86457633098775,-420.86457633098775,0
6467,421.0027473365359,-421.0027473365359,0
6468,421.0973441123136,-421.0973441123136,0
6469,421.0964059093549,-421.0964059093549,0
6470,421.0845537237393,-421.0845537237393,0
6471,421.0730862942048,-421.0730862942048,0
6472,421.07031304489215,-421.07031304489215,0
6473,421.10422703241244,-421.10422703241244,0
6474,421.15220900544165,-421.15220900544165,0
6475,421.2016806652975,-421.2016806652975,0
6476,421.2536261119362,-421.2536261119362,0
6477,421.32750103685305,-421.32750103685305,0
6478,421.40285058839345,-421.40285058839345,0
6479,421.4829890301469,-421.4829890301469,0
6480,421.5494749574958,-421.5494749574958,0
6481,421.58030653141043,-421.58030653141043,0
6482,421.5818627664774,-421.5818627664774,0
6483,421.57635194678454,-421.57635194678454,0
6484,421.57441256271954,-421.57441256271954,0
6485,421.5731676838216,-421.5731676838216,0
6486,421.5695174678189,-421.5695174678189,0
6487,421.5683712081974,-421.5683712081974,0
6488,421.6343765673491,-421.6343765673491,0
6489,421.69776030868843,-421.69776030868843,0
6490,421.7722643047494,-421.7722643047494,0
6491,421.7680257665484,-421.7680257665484,0
6492,421.8111229762792,-421.8111229762792,0
6493,421.80784456233596,-421.80784456233596,0
6494,421.8008921215838,-421.8008921215838,0
6495,421.7900300531985,-421.7900300531985,0
6496,421.78415536292886,-421.78415536292886,0
6497,421.7831237460924,-421.7831237460924,0
6498,421.8069374887408,-421.8069374887408,0
6499,421.8344526561212,-421.8344526561212,0
6500,421.8829404093861,-421.8829404093861,0
6501,421.9545986003761,-421.9545986003761,0
6502,422.0177745270403,-422.0177745270403,0
6503,422.0658272293051,-422.0658272293051,0
6504,422.1015491134062,-422.1015491134062,0
6505,422.1333937169171,-422.1333937169171,0
6506,422.162541265051,-422.162541265051,0
6507,422.1798377455613,-422.1798377455613,0
6508,422.1988591510476,-422.1988591510476,0
6509,422.20857364887104,-422.20857364887104,0
6510,422.2251319773673,-422.2251319773673,0
6511,422.23774458821003,-422.23774458821003,0
6512,422.253072780828,-422.253072780828,0
6513,422.25270955512514,-422.25270955512514,0
6514,422.2478912744838,-422.2478912744838,0
6515,422.24608787411245,-422.24608787411245,0
6516,422.24234331362186,-422.24234331362186,0
6517,422.2375232473007,-422.2375232473007,0
6518,422.4422576675816,-422.4422576675816,0
6519,422.46521462070274,-422.46521462070274,0
6520,422.48566791971933,-422.48566791971933,0
6521,422.5092059011838,-422.5092059011838,0
6522,422.54487753737624,-422.54487753737624,0
6523,422.6117936109469,-422.6117936109469,0
6524,422.67673629787873,-422.67673629787873,0
6525,422.7394265012941,-422.7394265012941,0
6526,422.8109465993867,-422.8109465993867,0
6527,422.8775008255905,-422.8775008255905,0
6528,422.9234133640506,-422.9234133640506,0
6529,422.9567996067183,-422.9567996067183,0
6530,422.97636403941755,-422.97636403941755,0
6531,422.99147271056125,-422.99147271056125,0
6532,423.01012852136625,-423.01012852136625,0
6533,423.0990845327504,-423.0990845327504,0
6534,423.5708774419854,-423.5708774419854,0
6535,424.15661685394787,-424.15661685394787,0
6536,424.4216292568649,-424.4216292568649,0
6537,424.4544599102953,-424.4544599102953,0
6538,424.44519742426314,-424.44519742426314,0
6539,424.42610826599645,-424.42610826599645,0
6540,424.41354111923664,-424.41354111923664,0
6541,424.38655203146055,-424.38655203146055,0
6542,424.3720193545618,-424.3720193545618,0
6543,424.3510066588883,-424.3510066588883,0
6544,424.3368713312579,-424.3368713312579,0
6545,424.32691386735274,-424.32691386735274,0
6546,424.32428103004156,-424.32428103004156,0
6547,424.3322337869503,-424.3322337869503,0
6548,424.3466517056956,-424.3466517056956,0
6549,424.4192677196521,-424.4192677196521,0
6550,424.4835306861955,-424.4835306861955,0
6551,424.5466492470026,-424.5466492470026,0
6552,424.5772516367895,-424.5772516367895,0
6553,424.5755608967079,-424.5755608967079,0
6554,424.57971624711985,-424.57971624711985,0
6555,424.59621386691583,-424.59621386691583,0
6556,424.59593604511605,-424.59593604511605,0
6557,424.5938979681691,-424.5938979681691,0
6558,424.63733802800436,-424.63733802800436,0
6559,424.708705668527,-424.708705668527,0
6560,424.7608159555466,-424.7608159555466,0
6561,424.7621808268026,-424.7621808268026,0
6562,424.748452454932,-424.748452454932,0
6563,424.7312832706385,-424.7312832706385,0
6564,424.7043533539252,-424.7043533539252,0
6565,424.67636153939713,-424.67636153939713,0
6566,424.65421158204975,-424.65421158204975,0
6567,424.6369747910529,-424.6369747910529,0
6568,424.6261193509392,-424.6261193509392,0
6569,424.6189001378802,-424.6189001378802,0
6570,424.6294218873902,-424.6294218873902,0
6571,424.65049944339296,-424.65049944339296,0
6572,424.68169548775086,-424.68169548775086,0
6573,424.72434659766054,-424.72434659766054,0
6574,424.77459888413813,-424.77459888413813,0
6575,424.82599974953825,-424.82599974953825,0
6576,424.8672908949112,-424.8672908949112,0
6577,424.8999260332612,-424.8999260332612,0
6578,424.92109371962783,-424.92109371962783,0
6579,424.9379613347167,-424.9379613347167,0
6580,424.95651099794753,-424.95651099794753,0
6581,424.9761069621906,-424.9761069621906,0
6582,424.9942066729291,-424.9942066729291,0
6583,425.0381560813091,-425.0381560813091,0
6584,425.10147699291184,-425.10147699291184,0
6585,425.150174776065,-425.150174776065,0
6586,425.19092642201264,-425.19092642201264,0
6587,425.2416073829304,-425.2416073829304,0
6588,425.249085622764,-425.249085622764,0
6589,425.2642264777255,-425.2642264777255,0
6590,425.2626939281887,-425.2626939281887,0
6591,425.25873672556384,-425.25873672556384,0
6592,425.2754018623106,-425.2754018623106,0
6593,425.3112450667003,-425.3112450667003,0
6594,425.36226050494383,-425.36226050494383,0
6595,425.4124053476389,-425.4124053476389,0
6596,425.46438897011876,-425.46438897011876,0
6597,425.5387306728668,-425.5387306728668,0
6598,425.60888756115685,-425.60888756115685,0
6599,425.6777656860895,-425.6777656860895,0
6600,425.72505781773197,-425.72505781773197,0
6601,425.7649392085688,-425.7649392085688,0
6602,425.79640216199317,-425.79640216199317,0
6603,425.8096210602256,-425.8096210602256,0
6604,425.82306196603685,-425.82306196603685,0
6605,425.83494412976256,-425.83494412976256,0
6606,425.8407946566228,-425.8407946566228,0
6607,425.85202626161373,-425.85202626161373,0
6608,425.8511269695492,-425.8511269695492,0
6609,425.85058861582235,-425.85058861582235,0
6610,425.83623129077284,-425.83623129077284,0
6611,426.18062483404964,-426.18062483404964,0
6612,426.31011436469805,-426.31011436469805,0
6613,426.308911066018,-426.308911066018,0
6614,426.3043263370122,-426.3043263370122,0
6615,426.29728290564475,-426.29728290564475,0
6616,426.2897719096422,-426.2897719096422,0
6617,426.28483424495005,-426.28483424495005,0
6618,426.30732027734683,-426.30732027734683,0
6619,426.33472592086656,-426.33472592086656,0
6620,426.40054168039194,-426.40054168039194,0
6621,426.43656534656003,-426.43656534656003,0
6622,426.47713637570973,-426.47713637570973,0
6623,426.5253097319243,-426.5253097319243,0
6624,426.5570678754337,-426.5570678754337,0
6625,426.58628203351174,-426.58628203351174,0
6626,426.61497396765515,-426.61497396765515,0
6627,426.63226472855047,-426.63226472855047,0
6628,426.64981163083263,-426.64981163083263,0
6629,426.6699833842423,-426.6699833842423,0
6630,426.66730297199723,-426.66730297199723,0
6631,426.6780164503701,-426.6780164503701,0
6632,426.7087693811977,-426.7087693811977,0
6633,426.7082453876741,-426.7082453876741,0
6634,426.7061566197334,-426.7061566197334,0
6635,426.74134197117036,-426.74134197117036,0
6636,426.76149832864184,-426.76149832864184,0
6637,426.7760857403422,-426.7760857403422,0
6638,426.78742048032984,-426.78742048032984,0
6639,426.7983371429853,-426.7983371429853,0
6640,426.79723941204344,-426.79723941204344,0
6641,426.7966674571343,-426.7966674571343,0
6642,426.8234399186213,-426.8234399186213,0
6643,426.8498005025026,-426.8498005025026,0
6644,426.8940699455638,-426.8940699455638,0
6645,426.9625508716435,-426.9625508716435,0
6646,427.02871786954825,-427.02871786954825,0
6647,427.0987844762221,-427.0987844762221,0
6648,427.1454856526473,-427.1454856526473,0
6649,427.17996469283275,-427.17996469283275,0
6650,427.1999607059426,-427.1999607059426,0
6651,427.21249029176914,-427.21249029176914,0
6652,427.22679182535563,-427.22679182535563,0
6653,427.2391518023844,-427.2391518023844,0
6654,427.25244415418183,-427.25244415418183,0
6655,427.2628820294062,-427.2628820294062,0
6656,427.2837989142071,-427.2837989142071,0
6657,427.32343738775717,-427.32343738775717,0
6658,427.374920565893,-427.374920565893,0
6659,427.4025451418698,-427.4025451418698,0
6660,427.4254904924195,-427.4254904924195,0
6661,427.4444906307819,-427.4444906307819,0
6662,427.47185910821173,-427.47185910821173,0
6663,427.5108352825695,-427.5108352825695,0
6664,427.5295430119508,-427.5295430119508,0
6665,427.5476862005516,-427.5476862005516,0
6666,427.57331380674435,-427.57331380674435,0
6667,427.6111945756134,-427.6111945756134,0
6668,427.66925819566444,-427.66925819566444,0
6669,427.72550631314704,-427.72550631314704,0
6670,427.7810688294953,-427.7810688294953,0
6671,427.83823905541027,-427.83823905541027,0
6672,427.88868154343373,-427.88868154343373,0
6673,427.93177037451363,-427.93177037451363,0
6674,427.9539490922434,-427.9539490922434,0
6675,427.9688351577061,-427.9688351577061,0
6676,427.9808253652509,-427.9808253652509,0
6677,427.98851617733214,-427.98851617733214,0
6678,427.9996580396606,-427.9996580396606,0
6679,428.0105356274551,-428.0105356274551,0
6680,428.02563109720336,-428.02563109720336,0
6681,428.05266169178344,-428.05266169178344,0
6682,428.0640833518511,-428.0640833518511,0
6683,428.06885475235816,-428.06885475235816,0
6684,428.0753458903178,-428.0753458903178,0
6685,428.08455501309845,-428.08455501309845,0
6686,428.099003419058,-428.099003419058,0
6687,428.1075648939785,-428.1075648939785,0
6688,428.10733134204236,-428.10733134204236,0
6689,428.1079836386647,-428.1079836386647,0
6690,428.11436997591625,-428.11436997591625,0
6691,428.14369246866704,-428.14369246866704,0
6692,428.2177475277164,-428.2177475277164,0
6693,428.30395493992773,-428.30395493992773,0
6694,428.37031506129904,-428.37031506129904,0
6695,428.4397803068,-428.4397803068,0
6696,428.4825810461806,-428.4825810461806,0
6697,428.5149657293618,-428.5149657293618,0
6698,428.53298417285254,-428.53298417285254,0
6699,428.54880009367224,-428.54880009367224,0
6700,428.56372069953017,-428.56372069953017,0
6701,428.57631236227434,-428.57631236227434,0
6702,428.5896142130665,-428.5896142130665,0
6703,428.6026239935062,-428.6026239935062,0
6704,428.63179032318664,-428.63179032318664,0
6705,428.6563775686014,-428.6563775686014,0
6706,428.64831279216156,-428.64831279216156,0
6707,428.63242970859136,-428.63242970859136,0
6708,428.6150423895452,-428.6150423895452,0
6709,428.5921742652404,-428.5921742652404,0
6710,428.5735417235892,-428.5735417235892,0
6711,428.55435729573753,-428.55435729573753,0
6712,428.5599644409355,-428.5599644409355,0
6713,428.579044451281,-428.579044451281,0
6714,428.601320974488,-428.601320974488,0
6715,428.6267550673004,-428.6267550673004,0
6716,428.6633501730813,-428.6633501730813,0
6717,428.7143568502716,-428.7143568502716,0
6718,428.77795234460314,-428.77795234460314,0
6719,428.8237034886769,-428.8237034886769,0
6720,428.8695338746695,-428.8695338746695,0
6721,428.9085252370549,-428.9085252370549,0
6722,428.9471334973591,-428.9471334973591,0
6723,428.9654458842127,-428.9654458842127,0
6724,428.9799644235123,-428.9799644235123,0
6725,429.0003268902741,-429.0003268902741,0
6726,429.0230056593207,-429.0230056593207,0
6727,429.05231339628773,-429.05231339628773,0
6728,429.0680006341475,-429.0680006341475,0
6729,429.07314442403674,-429.07314442403674,0
6730,429.0617900549131,-429.0617900549131,0
6731,429.0437235296347,-429.0437235296347,0
6732,429.01873544552745,-429.01873544552745,0
6733,428.99469449198125,-428.99469449198125,0
6734,428.97475727320335,-428.97475727320335,0
6735,428.9524470351144,-428.9524470351144,0
6736,428.94694463869894,-428.94694463869894,0
6737,428.9447126179411,-428.9447126179411,0
6738,428.95673206368684,-428.95673206368684,0
6739,428.9842700946917,-428.9842700946917,0
6740,429.0367587411885,-429.0367587411885,0
6741,429.084183062419,-429.084183062419,0
6742,429.14940300648396,-429.14940300648396,0
6743,429.2137221051054,-429.2137221051054,0
6744,429.25867628457286,-429.25867628457286,0
6745,429.2942485223442,-429.2942485223442,0
6746,429.3157306375358,-429.3157306375358,0
6747,429.33222846758775,-429.33222846758775,0
6748,429.3499556608167,-429.3499556608167,0
6749,429.36760358322766,-429.36760358322766,0
6750,429.3861263883543,-429.3861263883543,0
6751,429.42966043493124,-429.42966043493124,0
6752,429.49048479047167,-429.49048479047167,0
6753,429.91496167352784,-429.91496167352784,0
6754,430.55571844432234,-430.55571844432234,0
6755,431.054610432678,-431.054610432678,0
6756,431.8059630770496,-431.8059630770496,0
6757,432.2133361836455,-432.2133361836455,0
6758,432.3820867889771,-432.3820867889771,0
6759,432.7721398125397,-432.7721398125397,0
6760,432.8792594987395,-432.8792594987395,0
6761,432.93034916641153,-432.93034916641153,0
6762,432.988891866851,-432.988891866851,0
6763,433.0438970527714,-433.0438970527714,0
6764,433.09887921047454,-433.09887921047454,0
6765,433.17414943335444,-433.17414943335444,0
6766,433.24637928297494,-433.24637928297494,0
6767,433.31707537380623,-433.31707537380623,0
6768,433.379297147429,-433.379297147429,0
6769,433.4054506125027,-433.4054506125027,0
6770,433.42246369323004,-433.42246369323004,0
6771,433.4339047693851,-433.4339047693851,0
6772,433.43002190590016,-433.43002190590016,0
6773,433.4246472397336,-433.4246472397336,0
6774,433.4219992053276,-433.4219992053276,0
6775,433.4110724319581,-433.4110724319581,0
6776,433.5124106792155,-433.5124106792155,0
6777,433.54776898449444,-433.54776898449444,0
6778,433.5389012413494,-433.5389012413494,0
6779,433.531887446156,-433.531887446156,0
6780,433.55718297625515,-433.55718297625515,0
6781,433.55317015622387,-433.55317015622387,0
6782,433.5509711297317,-433.5509711297317,0
6783,433.5863937605749,-433.5863937605749,0
6784,433.6102016924072,-433.6102016924072,0
6785,433.62002525664485,-433.62002525664485,0
6786,433.6400961272858,-433.6400961272858,0
6787,433.6699952479033,-433.6699952479033,0
6788,433.7353095585443,-433.7353095585443,0
6789,433.80569084448496,-433.80569084448496,0
6790,433.88579046370955,-433.88579046370955,0
6791,433.98100665674093,-433.98100665674093,0
6792,434.04032580377776,-434.04032580377776,0
6793,434.07136181499027,-434.07136181499027,0
6794,434.0918141037911,-434.0918141037911,0
6795,434.1002549461514,-434.1002549461514,0
6796,434.1158595343071,-434.1158595343071,0
6797,434.1308550235787,-434.1308550235787,0
6798,434.1438943716548,-434.1438943716548,0
6799,434.1586063623086,-434.1586063623086,0
6800,434.18064340713255,-434.18064340713255,0
6801,434.18466940479027,-434.18466940479027,0
6802,434.17428837995,-434.17428837995,0
6803,434.1548088139027,-434.1548088139027,0
6804,434.13311762289254,-434.13311762289254,0
6805,434.12462568610624,-434.12462568610624,0
6806,434.1129580529947,-434.1129580529947,0
6807,434.0992553824138,-434.0992553824138,0
6808,434.0937902588556,-434.0937902588556,0
6809,434.09017949116065,-434.09017949116065,0
6810,434.2082810361251,-434.2082810361251,0
6811,434.27676572880017,-434.27676572880017,0
6812,434.4091503247755,-434.4091503247755,0
6813,434.5256947733892,-434.5256947733892,0
6814,434.64365373353274,-434.64365373353274,0
6815,434.7342992102626,-434.7342992102626,0
6816,434.8107145212945,-434.8107145212945,0
6817,434.84703357153546,-434.84703357153546,0
6818,434.8701694253102,-434.8701694253102,0
6819,434.88849145447904,-434.88849145447904,0
6820,434.9065318835646,-434.9065318835646,0
6821,434.92497486372935,-434.92497486372935,0
6822,434.943824195959,-434.943824195959,0
6823,434.9669360912158,-434.9669360912158,0
6824,435.01095645828644,-435.01095645828644,0
6825,435.0508064245194,-435.0508064245194,0
6826,435.0496179024477,-435.0496179024477,0
6827,435.05969411583993,-435.05969411583993,0
6828,435.05803413266307,-435.05803413266307,0
6829,435.066866899245,-435.066866899245,0
6830,435.08367912248593,-435.08367912248593,0
6831,435.103612044695,-435.103612044695,0
6832,435.14835508635286,-435.14835508635286,0
6833,435.17515536181475,-435.17515536181475,0
6834,435.280853435114,-435.280853435114,0
6835,435.3651334913231,-435.3651334913231,0
6836,435.4678728820003,-435.4678728820003,0
6837,435.55242218615285,-435.55242218615285,0
6838,435.6215041289268,-435.6215041289268,0
6839,435.6836871398866,-435.6836871398866,0
6840,435.7473725423278,-435.7473725423278,0
6841,435.7820325828486,-435.7820325828486,0
6842,435.8028081359105,-435.8028081359105,0
6843,435.8157796445923,-435.8157796445923,0
6844,435.828629495314,-435.828629495314,0
6845,435.8437118009671,-435.8437118009671,0
6846,435.85197523070514,-435.85197523070514,0
6847,435.86445898568445,-435.86445898568445,0
6848,435.9010491185159,-435.9010491185159,0
6849,435.91135811245823,-435.91135811245823,0
6850,435.90111049338105,-435.90111049338105,0
6851,435.8905182521434,-435.8905182521434,0
6852,435.87341315276075,-435.87341315276075,0
6853,435.8580086980539,-435.8580086980539,0
6854,435.8401216222768,-435.8401216222768,0
6855,435.82556292957594,-435.82556292957594,0
6856,435.8246882066413,-435.8246882066413,0
6857,435.8450760774974,-435.8450760774974,0
6858,435.9059324409272,-435.9059324409272,0
6859,435.96876398799094,-435.96876398799094,0
6860,436.0534581390103,-436.0534581390103,0
6861,436.15364093705153,-436.15364093705153,0
6862,436.25286208894147,-436.25286208894147,0
6863,436.35323159654905,-436.35323159654905,0
6864,436.41223011331954,-436.41223011331954,0
6865,436.4524895000966,-436.4524895000966,0
6866,436.485236756795,-436.485236756795,0
6867,436.50472542778095,-436.50472542778095,0
6868,436.52208034872706,-436.52208034872706,0
6869,436.54048280680195,-436.54048280680195,0
6870,436.55412421291544,-436.55412421291544,0
6871,436.5709981334494,-436.5709981334494,0
6872,436.59802036349856,-436.59802036349856,0
6873,436.6136979716189,-436.6136979716189,0
6874,436.61154748314607,-436.61154748314607,0
6875,436.59971244599893,-436.59971244599893,0
6876,436.5908705451799,-436.5908705451799,0
6877,437.04371786087984,-437.04371786087984,0
6878,437.2837560012786,-437.2837560012786,0
6879,437.3154246938989,-437.3154246938989,0
6880,437.37455620323317,-437.37455620323317,0
6881,437.4338440651742,-437.4338440651742,0
6882,437.49934912440386,-437.49934912440386,0
6883,437.57577956472613,-437.57577956472613,0
6884,437.66489727771943,-437.66489727771943,0
6885,437.76008240076135,-437.76008240076135,0
6886,437.8280974606484,-437.8280974606484,0
6887,437.8902031434199,-437.8902031434199,0
6888,437.9407477991437,-437.9407477991437,0
6889,437.977075901241,-437.977075901241,0
6890,438.00711194946757,-438.00711194946757,0
6891,438.03719944469117,-438.03719944469117,0
6892,438.0583233223051,-438.0583233223051,0
6893,438.0741705413497,-438.0741705413497,0
6894,438.0904605031181,-438.0904605031181,0
6895,438.3810152943986,-438.3810152943986,0
6896,438.94703371830127,-438.94703371830127,0
6897,439.4096197988899,-439.4096197988899,0
6898,439.56097298573604,-439.56097298573604,0
6899,439.6069454879248,-439.6069454879248,0
6900,439.6466593907893,-439.6466593907893,0
6901,440.4058371015552,-440.4058371015552,0
6902,441.1259713263667,-441.1259713263667,0
6903,441.8373624714886,-441.8373624714886,0
6904,442.1085948600835,-442.1085948600835,0
6905,442.2341204984534,-442.2341204984534,0
6906,442.32972409124824,-442.32972409124824,0
6907,442.4301676632588,-442.4301676632588,0
6908,442.5371746743802,-442.5371746743802,0
6909,442.61135940537326,-442.61135940537326,0
6910,442.67515122956087,-442.67515122956087,0
6911,442.7465531751103,-442.7465531751103,0
6912,442.79872364828685,-442.79872364828685,0
6913,442.8380706872459,-442.8380706872459,0
6914,442.849148768608,-442.849148768608,0
6915,442.8445595140377,-442.8445595140377,0
6916,442.8426744866098,-442.8426744866098,0
6917,442.8431155402493,-442.8431155402493,0
6918,442.838908300843,-442.838908300843,0
6919,442.842523635354,-442.842523635354,0
6920,442.9044437400251,-442.9044437400251,0
6921,442.9402353230173,-442.9402353230173,0
6922,442.92825960468605,-442.92825960468605,0
6923,442.9136691503269,-442.9136691503269,0
6924,442.89273651727393,-442.89273651727393,0
6925,442.8798654221138,-442.8798654221138,0
6926,442.9060140456348,-442.9060140456348,0
6927,442.95687286973487,-442.95687286973487,0
6928,443.027552731891,-443.027552731891,0
6929,443.0785236812913,-443.0785236812913,0
6930,443.1297889330884,-443.1297889330884,0
6931,443.1948211872122,-443.1948211872122,0
6932,443.26955518304584,-443.26955518304584,0
6933,443.32946621272885,-443.32946621272885,0
6934,443.40574403378184,-443.40574403378184,0
6935,443.46432142868633,-443.46432142868633,0
6936,443.49505946960466,-443.49505946960466,0
6937,443.51935402370134,-443.51935402370134,0
6938,443.53586245347094,-443.53586245347094,0
6939,443.54844024179033,-443.54844024179033,0
6940,443.56260495949937,-443.56260495949937,0
6941,443.57770113890405,-443.57770113890405,0
6942,443.59149595345656,-443.59149595345656,0
6943,443.6284851020024,-443.6284851020024,0
6944,443.6539992683731,-443.6539992683731,0
6945,443.66054165469046,-443.66054165469046,0
6946,443.65871709078516,-443.65871709078516,0
6947,443.86254260472066,-443.86254260472066,0
6948,444.32586214978767,-444.32586214978767,0
6949,444.89692027042514,-444.89692027042514,0
6950,445.5025564123433,-445.5025564123433,0
6951,445.9291997413207,-445.9291997413207,0
6952,446.0864026350214,-446.0864026350214,0
6953,446.18606379683604,-446.18606379683604,0
6954,446.24652073403144,-446.24652073403144,0
6955,446.3684319012055,-446.3684319012055,0
6956,446.4748525859624,-446.4748525859624,0
6957,446.5601001272663,-446.5601001272663,0
6958,446.6406646105879,-446.6406646105879,0
6959,446.71559008606374,-446.71559008606374,0
6960,446.76809467721165,-446.76809467721165,0
6961,446.79367501691536,-446.79367501691536,0
6962,446.80952679860894,-446.80952679860894,0
6963,446.82187104110363,-446.82187104110363,0
6964,446.83986842188654,-446.83986842188654,0
6965,446.8523748791298,-446.8523748791298,0
6966,446.85028003781616,-446.85028003781616,0
6967,446.8457615173413,-446.8457615173413,0
6968,446.84458077569184,-446.84458077569184,0
6969,446.83552499677467,-446.83552499677467,0
6970,446.8204163704108,-446.8204163704108,0
6971,446.8014654173754,-446.8014654173754,0
6972,446.78053073733685,-446.78053073733685,0
6973,446.77249987482645,-446.77249987482645,0
6974,446.7624511339402,-446.7624511339402,0
6975,446.7506373212547,-446.7506373212547,0
6976,446.7525199132649,-446.7525199132649,0
6977,446.76255735546977,-446.76255735546977,0
6978,446.9124776131336,-446.9124776131336,0
6979,447.0028759906663,-447.0028759906663,0
6980,447.12946703455566,-447.12946703455566,0
6981,447.282738054407,-447.282738054407,0
6982,447.39617748923206,-447.39617748923206,0
6983,447.48896966911553,-447.48896966911553,0
6984,447.56884489144966,-447.56884489144966,0
6985,447.6072698580192,-447.6072698580192,0
6986,447.6295178317363,-447.6295178317363,0
6987,447.645179603939,-447.645179603939,0
6988,447.6620837369751,-447.6620837369751,0
6989,447.68143085028004,-447.68143085028004,0
6990,447.7000696772633,-447.7000696772633,0
6991,447.7199380579974,-447.7199380579974,0
6992,447.7534608035926,-447.7534608035926,0
6993,447.8352633722019,-447.8352633722019,0
6994,448.2825308109594,-448.2825308109594,0
6995,448.86202110500096,-448.86202110500096,0
6996,449.3252169314121,-449.3252169314121,0
6997,449.4660717734824,-449.4660717734824,0
6998,449.468674244271,-449.468674244271,0
6999,449.4573913244174,-449.4573913244174,0
7000,449.4550612527144,-449.4550612527144,0
7001,449.47090645232424,-449.47090645232424,0
7002,449.56272904219173,-449.56272904219173,0
7003,449.6178407521111,-449.6178407521111,0
7004,449.70577651205804,-449.70577651205804,0
7005,449.7909394836284,-449.7909394836284,0
7006,449.8652458816176,-449.8652458816176,0
7007,449.9470723376122,-449.9470723376122,0
7008,450.01665124815605,-450.01665124815605,0
7009,450.05539722128356,-450.05539722128356,0
7010,450.09000381995344,-450.09000381995344,0
7011,450.1172306763867,-450.1172306763867,0
7012,450.129107581558,-450.129107581558,0
7013,450.1243831283374,-450.1243831283374,0
7014,450.1205451673633,-450.1205451673633,0
7015,450.1161603176835,-450.1161603176835,0
7016,450.13411239999886,-450.13411239999886,0
7017,450.1540750351145,-450.1540750351145,0
7018,450.1665798497475,-450.1665798497475,0
7019,450.18813802832807,-450.18813802832807,0
7020,450.1866379534904,-450.1866379534904,0
7021,450.17686706597624,-450.17686706597624,0
7022,450.1656341539901,-450.1656341539901,0
7023,450.150366633697,-450.150366633697,0
7024,450.158291106994,-450.158291106994,0
7025,450.1887284457398,-450.1887284457398,0
7026,450.2209900663886,-450.2209900663886,0
7027,450.250941800045,-450.250941800045,0
7028,450.3306766881937,-450.3306766881937,0
7029,450.4017960883927,-450.4017960883927,0
7030,450.47351953693243,-450.47351953693243,0
7031,450.53986428909457,-450.53986428909457,0
7032,450.5782514554414,-450.5782514554414,0
7033,450.6018610094725,-450.6018610094725,0
7034,450.6180238254999,-450.6180238254999,0
7035,450.6297353885948,-450.6297353885948,0
7036,450.64484013335425,-450.64484013335425,0
7037,450.65689017844915,-450.65689017844915,0
7038,450.6688697246534,-450.6688697246534,0
7039,450.68344609100376,-450.68344609100376,0
7040,450.7543676733916,-450.7543676733916,0
7041,450.7757989293431,-450.7757989293431,0
7042,450.77370721668933,-450.77370721668933,0
7043,450.76528468435356,-450.76528468435356,0
7044,450.7575881148007,-450.7575881148007,0
7045,451.2031597396442,-451.2031597396442,0
7046,451.4483270889347,-451.4483270889347,0
7047,451.45770991183616,-451.45770991183616,0
7048,451.50464396519607,-451.50464396519607,0
7049,451.55564089656116,-451.55564089656116,0
7050,451.60023956728656,-451.60023956728656,0
7051,451.64512351255433,-451.64512351255433,0
7052,451.71084608085164,-451.71084608085164,0
7053,451.77062105960135,-451.77062105960135,0
7054,451.8398890217494,-451.8398890217494,0
7055,451.903137648916,-451.903137648916,0
7056,451.9428818078511,-451.9428818078511,0
7057,451.97909009128745,-451.97909009128745,0
7058,452.00420043333514,-452.00420043333514,0
7059,452.0148233323665,-452.0148233323665,0
7060,452.02806002242045,-452.02806002242045,0
7061,452.0431552262181,-452.0431552262181,0
7062,452.05214425402403,-452.05214425402403,0
7063,452.09486085242276,-452.09486085242276,0
7064,452.1267827131648,-452.1267827131648,0
7065,452.151634150759,-452.151634150759,0
7066,452.158877051178,-452.158877051178,0
7067,452.1521467314581,-452.1521467314581,0
7068,452.1437460330923,-452.1437460330923,0
7069,452.89264903728946,-452.89264903728946,0
7070,453.5220535345044,-453.5220535345044,0
7071,454.0484753422467,-454.0484753422467,0
7072,454.22302983821305,-454.22302983821305,0
7073,454.32218010888323,-454.32218010888323,0
7074,454.3952030997219,-454.3952030997219,0
7075,454.48485179405964,-454.48485179405964,0
7076,454.56454681138655,-454.56454681138655,0
7077,454.6483395147251,-454.6483395147251,0
7078,454.76734029158035,-454.76734029158035,0
7079,454.84915478575203,-454.84915478575203,0
7080,454.905214045224,-454.905214045224,0
7081,454.9496303101789,-454.9496303101789,0
7082,454.98686252514636,-454.98686252514636,0
7083,455.01015455862444,-455.01015455862444,0
7084,455.0249440388675,-455.0249440388675,0
7085,455.0366315725176,-455.0366315725176,0
7086,455.04603867819577,-455.04603867819577,0
7087,455.0581253134206,-455.0581253134206,0
7088,455.07551702407613,-455.07551702407613,0
7089,455.13227260548996,-455.13227260548996,0
7090,455.1273710689529,-455.1273710689529,0
7091,455.12728279344145,-455.12728279344145,0
7092,455.1527243854301,-455.1527243854301,0
7093,455.17630348659253,-455.17630348659253,0
7094,455.2890404470268,-455.2890404470268,0
7095,455.3661786651593,-455.3661786651593,0
7096,455.46183226667137,-455.46183226667137,0
7097,455.5296829194637,-455.5296829194637,0
7098,455.58010273142423,-455.58010273142423,0
7099,455.63935690250156,-455.63935690250156,0
7100,455.6995731036187,-455.6995731036187,0
7101,455.76573448470106,-455.76573448470106,0
7102,455.8627194341598,-455.8627194341598,0
7103,455.95875104487163,-455.95875104487163,0
7104,456.0191259838105,-456.0191259838105,0
7105,456.0494250643828,-456.0494250643828,0
7106,456.0733029786691,-456.0733029786691,0
7107,456.0858126529986,-456.0858126529986,0
7108,456.09689680126957,-456.09689680126957,0
7109,456.10810613597477,-456.10810613597477,0
7110,456.1148532303205,-456.1148532303205,0
7111,456.1200064075887,-456.1200064075887,0
7112,456.16534842927024,-456.16534842927024,0
7113,456.2122544093547,-456.2122544093547,0
7114,456.3457949200119,-456.3457949200119,0
7115,456.4868717334994,-456.4868717334994,0
7116,457.05779345738256,-457.05779345738256,0
7117,457.6991446161706,-457.6991446161706,0
7118,458.0578591510633,-458.0578591510633,0
7119,458.19030616686473,-458.19030616686473,0
7120,458.27133937230144,-458.27133937230144,0
7121,458.34004317984653,-458.34004317984653,0
7122,458.3952922263924,-458.3952922263924,0
7123,458.46800216747505,-458.46800216747505,0
7124,458.5577622827731,-458.5577622827731,0
7125,458.6609812881659,-458.6609812881659,0
7126,458.75529843608183,-458.75529843608183,0
7127,458.85950088826246,-458.85950088826246,0
7128,458.92604043859535,-458.92604043859535,0
7129,458.9752963620663,-458.9752963620663,0
7130,458.998535751037,-458.998535751037,0
7131,459.0115244539334,-459.0115244539334,0
7132,459.02355590495864,-459.02355590495864,0
7133,459.0245759100613,-459.0245759100613,0
7134,459.02380036570025,-459.02380036570025,0
7135,459.01677052694134,-459.01677052694134,0
7136,459.0468364762944,-459.0468364762944,0
7137,459.09464313624215,-459.09464313624215,0
7138,459.31328203460976,-459.31328203460976,0
7139,459.8705248911851,-459.8705248911851,0
7140,460.1572789205751,-460.1572789205751,0
7141,460.22929475694474,-460.22929475694474,0
7142,460.26295178232715,-460.26295178232715,0
7143,460.26244141632344,-460.26244141632344,0
7144,460.2949628328681,-460.2949628328681,0
7145,460.32737218778254,-460.32737218778254,0
7146,460.4440269948806,-460.4440269948806,0
7147,460.51229871317537,-460.51229871317537,0
7148,460.63044912977665,-460.63044912977665,0
7149,460.71152238878847,-460.71152238878847,0
7150,460.79833558970637,-460.79833558970637,0
7151,460.8782217804101,-460.8782217804101,0
7152,460.93389622039575,-460.93389622039575,0
7153,460.9705252111571,-460.9705252111571,0
7154,460.99479426660093,-460.99479426660093,0
7155,461.01173139059335,-461.01173139059335,0
7156,461.0224261967333,-461.0224261967333,0
7157,461.0211120267753,-461.0211120267753,0
7158,461.0156441592587,-461.0156441592587,0
7159,461.03151130760614,-461.03151130760614,0
7160,461.06345041725274,-461.06345041725274,0
7161,461.0701635095953,-461.0701635095953,0
7162,461.10352806014953,-461.10352806014953,0
7163,461.1717810601101,-461.1717810601101,0
7164,461.1878967181464,-461.1878967181464,0
7165,461.1840342972246,-461.1840342972246,0
7166,461.1808021265958,-461.1808021265958,0
7167,461.1754376694634,-461.1754376694634,0
7168,461.2014646299741,-461.2014646299741,0
7169,461.2511761820957,-461.2511761820957,0
7170,461.3323286790787,-461.3323286790787,0
7171,461.42259786523095,-461.42259786523095,0
7172,461.57411050746464,-461.57411050746464,0
7173,461.65561126875883,-461.65561126875883,0
7174,461.7577896839862,-461.7577896839862,0
7175,461.8325019838111,-461.8325019838111,0
7176,461.8840773103773,-461.8840773103773,0
7177,461.91372654371935,-461.91372654371935,0
7178,461.93079170213065,-461.93079170213065,0
7179,461.94303689517267,-461.94303689517267,0
7180,461.9565672653392,-461.9565672653392,0
7181,461.9648480710539,-461.9648480710539,0
7182,461.974359291064,-461.974359291064,0
7183,462.0257390503088,-462.0257390503088,0
7184,462.5785375451408,-462.5785375451408,0
7185,463.23361568513855,-463.23361568513855,0
7186,463.7372467212054,-463.7372467212054,0
7187,463.8596888408203,-463.8596888408203,0
7188,463.85637919313393,-463.85637919313393,0
7189,463.84386176166277,-463.84386176166277,0
7190,463.8323098335014,-463.8323098335014,0
7191,463.8226259866713,-463.8226259866713,0
7192,463.82641588299447,-463.82641588299447,0
7193,463.8519380012055,-463.8519380012055,0
7194,463.8805821368842,-463.8805821368842,0
7195,463.93603082193243,-463.93603082193243,0
7196,464.0158853294912,-464.0158853294912,0
7197,464.1171339918878,-464.1171339918878,0
7198,464.2016835957889,-464.2016835957889,0
7199,464.2828756122798,-464.2828756122798,0
7200,464.33119587376274,-464.33119587376274,0
7201,464.36745239879343,-464.36745239879343,0
7202,464.3849322582063,-464.3849322582063,0
7203,464.3795716690987,-464.3795716690987,0
7204,464.37633146248504,-464.37633146248504,0
7205,464.3729660213269,-464.3729660213269,0
7206,464.3714454092107,-464.3714454092107,0
7207,464.3935053339245,-464.3935053339245,0
7208,464.44560360974697,-464.44560360974697,0
7209,464.60360443614024,-464.60360443614024,0
7210,464.67401055368373,-464.67401055368373,0
7211,464.67230626501527,-464.67230626501527,0
7212,464.669798583035,-464.669798583035,0
7213,464.67860108680935,-464.67860108680935,0
7214,464.6711378837809,-464.6711378837809,0
7215,464.66200724836693,-464.66200724836693,0
7216,464.6894787279556,-464.6894787279556,0
7217,464.7410669381595,-464.7410669381595,0
7218,464.797857911435,-464.797857911435,0
7219,464.87893243808026,-464.87893243808026,0
7220,464.9600338306445,-464.9600338306445,0
7221,465.034911717192,-465.034911717192,0
7222,465.1146854556865,-465.1146854556865,0
7223,465.1696715734366,-465.1696715734366,0
7224,465.21376550227467,-465.21376550227467,0
7225,465.2392438488943,-465.2392438488943,0
7226,465.25577386068596,-465.25577386068596,0
7227,465.2673465455824,-465.2673465455824,0
7228,465.2758045448975,-465.2758045448975,0
7229,465.28702757702945,-465.28702757702945,0
7230,465.30088381309065,-465.30088381309065,0
7231,465.3646487942875,-465.3646487942875,0
7232,465.42870799641867,-465.42870799641867,0
7233,465.49025373041457,-465.49025373041457,0
7234,465.96867437302467,-465.96867437302467,0
7235,466.66614181758416,-466.66614181758416,0
7236,467.1390660395753,-467.1390660395753,0
7237,467.3283290402233,-467.3283290402233,0
7238,467.3832738780156,-467.3832738780156,0
7239,467.40571639090456,-467.40571639090456,0
7240,467.4499489321338,-467.4499489321338,0
7241,467.51399816376573,-467.51399816376573,0
7242,467.5786035133024,-467.5786035133024,0
7243,467.64054828162824,-467.64054828162824,0
7244,467.69960044741435,-467.69960044741435,0
7245,467.76480721844086,-467.76480721844086,0
7246,467.8729120201855,-467.8729120201855,0
7247,467.99735528508506,-467.99735528508506,0
7248,468.0561510218226,-468.0561510218226,0
7249,468.09495511262656,-468.09495511262656,0
7250,468.1122988133242,-468.1122988133242,0
7251,468.12429943805915,-468.12429943805915,0
7252,468.1392054746633,-468.1392054746633,0
7253,468.1329016732958,-468.1329016732958,0
7254,468.12918496003516,-468.12918496003516,0
7255,468.12783879494873,-468.12783879494873,0
7256,468.1579384352502,-468.1579384352502,0
7257,468.27912061277004,-468.27912061277004,0
7258,468.3516785146988,-468.3516785146988,0
7259,468.5148850649284,-468.5148850649284,0
7260,468.62081220420566,-468.62081220420566,0
7261,469.2782173685154,-469.2782173685154,0
7262,469.96578519463515,-469.96578519463515,0
7263,470.56476812440036,-470.56476812440036,0
7264,470.8232589498303,-470.8232589498303,0
7265,470.9327817631793,-470.9327817631793,0
7266,470.99726602210706,-470.99726602210706,0
7267,471.046090472274,-471.046090472274,0
7268,471.11616964939003,-471.11616964939003,0
7269,471.19020464182864,-471.19020464182864,0
7270,471.253644211975,-471.253644211975,0
7271,471.33082107130593,-471.33082107130593,0
7272,471.3749190849185,-471.3749190849185,0
7273,471.399835859064,-471.399835859064,0
7274,471.41903422995574,-471.41903422995574,0
7275,471.429068331647,-471.429068331647,0
7276,471.4288561567377,-471.4288561567377,0
7277,471.4401036018887,-471.4401036018887,0
7278,471.4403806631018,-471.4403806631018,0
7279,471.47049880789194,-471.47049880789194,0
7280,471.5149064462794,-471.5149064462794,0
7281,471.5109054838546,-471.5109054838546,0
7282,471.5060860883944,-471.5060860883944,0
7283,471.4830585128599,-471.4830585128599,0
7284,471.46266690848796,-471.46266690848796,0
7285,471.44667913572715,-471.44667913572715,0
7286,471.44481537242416,-471.44481537242416,0
7287,471.4992996951549,-471.4992996951549,0
7288,471.55163666045166,-471.55163666045166,0
7289,471.6007958421566,-471.6007958421566,0
7290,471.64573493036585,-471.64573493036585,0
7291,471.68578753652235,-471.68578753652235,0
7292,471.74172956494755,-471.74172956494755,0
7293,471.7831473223209,-471.7831473223209,0
7294,471.8364467245147,-471.8364467245147,0
7295,471.8737101103277,-471.8737101103277,0
7296,471.89465194471165,-471.89465194471165,0
7297,471.91140261375523,-471.91140261375523,0
7298,471.9254176542105,-471.9254176542105,0
7299,471.9335678756943,-471.9335678756943,0
7300,471.95010881980687,-471.95010881980687,0
7301,471.9609861991835,-471.9609861991835,0
7302,471.9735202761017,-471.9735202761017,0
7303,472.0196333359947,-472.0196333359947,0
7304,472.0653106295223,-472.0653106295223,0
7305,472.081908137721,-472.081908137721,0
7306,472.41536385804477,-472.41536385804477,0
7307,472.9666292963025,-472.9666292963025,0
7308,473.74966928452835,-473.74966928452835,0
7309,474.03418161688364,-474.03418161688364,0
7310,474.5137532135346,-474.5137532135346,0
7311,475.01907982737913,-475.01907982737913,0
7312,475.17327368240757,-475.17327368240757,0
7313,475.2627473573264,-475.2627473573264,0
7314,475.3470611247097,-475.3470611247097,0
7315,475.40629595789375,-475.40629595789375,0
7316,475.48976667277793,-475.48976667277793,0
7317,475.5764927964942,-475.5764927964942,0
7318,475.6561661788532,-475.6561661788532,0
7319,475.71378323932333,-475.71378323932333,0
7320,475.7508786175121,-475.7508786175121,0
7321,475.7804789862583,-475.7804789862583,0
7322,475.79457971758956,-475.79457971758956,0
7323,475.80635111131454,-475.80635111131454,0
7324,475.8187758934654,-475.8187758934654,0
7325,475.8145885612976,-475.8145885612976,0
7326,475.8095561778972,-475.8095561778972,0
7327,475.8215692350128,-475.8215692350128,0
7328,475.87837602350476,-475.87837602350476,0
7329,475.8581223526021,-475.8581223526021,0
7330,475.84654477391894,-475.84654477391894,0
7331,475.84205152932617,-475.84205152932617,0
7332,475.8297498775391,-475.8297498775391,0
7333,475.81188886781104,-475.81188886781104,0
7334,475.81037768232113,-475.81037768232113,0
7335,475.8687785112594,-475.8687785112594,0
7336,475.89979722942246,-475.89979722942246,0
7337,475.95713634018705,-475.95713634018705,0
7338,476.02102670966707,-476.02102670966707,0
7339,476.0831863441688,-476.0831863441688,0
7340,476.14732883331516,-476.14732883331516,0
7341,476.24223280259525,-476.24223280259525,0
7342,476.3180512738416,-476.3180512738416,0
7343,476.35936239965406,-476.35936239965406,0
7344,476.38363141136324,-476.38363141136324,0
7345,476.4004721913608,-476.4004721913608,0
7346,476.41471796911657,-476.41471796911657,0
7347,476.42371376617257,-476.42371376617257,0
7348,476.4408186874384,-476.4408186874384,0
7349,476.4570180727408,-476.4570180727408,0
7350,476.47762899720783,-476.47762899720783,0
7351,476.50869466841516,-476.50869466841516,0
7352,476.5328185394454,-476.5328185394454,0
7353,476.52954802525903,-476.52954802525903,0
7354,476.5235085694845,-476.5235085694845,0
7355,476.5162432144878,-476.5162432144878,0
7356,477.03946436776914,-477.03946436776914,0
7357,477.7968230199312,-477.7968230199312,0
7358,478.3040871076409,-478.3040871076409,0
7359,478.50853375159784,-478.50853375159784,0
7360,478.5882959023907,-478.5882959023907,0
7361,478.67920425586897,-478.67920425586897,0
7362,478.7518910548345,-478.7518910548345,0
7363,478.8534724551684,-478.8534724551684,0
7364,478.9329948628926,-478.9329948628926,0
7365,478.9869296733596,-478.9869296733596,0
7366,479.042966766239,-479.042966766239,0
7367,479.07840185543904,-479.07840185543904,0
7368,479.09824502904286,-479.09824502904286,0
7369,479.1120847856279,-479.1120847856279,0
7370,479.12649028027863,-479.12649028027863,0
7371,479.1418964709937,-479.1418964709937,0
7372,479.1547501313744,-479.1547501313744,0
7373,479.1658333534334,-479.1658333534334,0
7374,479.1920909646217,-479.1920909646217,0
7375,479.18782159327026,-479.18782159327026,0
7376,479.1831433714339,-479.1831433714339,0
7377,479.16883327286007,-479.16883327286007,0
7378,479.1498084556363,-479.1498084556363,0
7379,479.12688059234137,-479.12688059234137,0
7380,479.12157243391295,-479.12157243391295,0
7381,479.14703322129856,-479.14703322129856,0
7382,479.1697474411848,-479.1697474411848,0
7383,479.21062444096185,-479.21062444096185,0
7384,479.2588348174907,-479.2588348174907,0
7385,479.3075681237941,-479.3075681237941,0
7386,479.3490037102509,-479.3490037102509,0
7387,479.4003282939502,-479.4003282939502,0
7388,479.45811947413455,-479.45811947413455,0
7389,479.5181066617362,-479.5181066617362,0
7390,479.56093332393095,-479.56093332393095,0
7391,479.5951787782911,-479.5951787782911,0
7392,479.62195583824047,-479.62195583824047,0
7393,479.64557350978106,-479.64557350978106,0
7394,479.6631431141498,-479.6631431141498,0
7395,479.6798113342582,-479.6798113342582,0
7396,479.69333353509364,-479.69333353509364,0
7397,479.7099051407668,-479.7099051407668,0
7398,479.748902727516,-479.748902727516,0
7399,479.8000555969969,-479.8000555969969,0
7400,479.83664826339947,-479.83664826339947,0
7401,479.90083225402094,-479.90083225402094,0
7402,479.94380054230857,-479.94380054230857,0
7403,479.9698406635329,-479.9698406635329,0
7404,480.0251791031099,-480.0251791031099,0
7405,480.07091385715387,-480.07091385715387,0
7406,480.10595760797844,-480.10595760797844,0
7407,480.1502321819469,-480.1502321819469,0
7408,480.1839515166406,-480.1839515166406,0
7409,480.2256746473028,-480.2256746473028,0
7410,480.26047404452555,-480.26047404452555,0
7411,480.2945791891444,-480.2945791891444,0
7412,480.32508422427395,-480.32508422427395,0
7413,480.3563037774122,-480.3563037774122,0
7414,480.379758052291,-480.379758052291,0
7415,480.403710293199,-480.403710293199,0
7416,480.4300598164353,-480.4300598164353,0
7417,480.4451118836995,-480.4451118836995,0
7418,480.45682834860827,-480.45682834860827,0
7419,480.4708222939925,-480.4708222939925,0
7420,480.47679197821844,-480.47679197821844,0
7421,480.4828482027193,-480.4828482027193,0
7422,480.49562669297205,-480.49562669297205,0
7423,480.5425033376893,-480.5425033376893,0
7424,480.55839388406173,-480.55839388406173,0
7425,480.5558296049798,-480.5558296049798,0
7426,480.5438407409471,-480.5438407409471,0
7427,480.5312333734786,-480.5312333734786,0
7428,480.52006209951793,-480.52006209951793,0
7429,480.5103371891115,-480.5103371891115,0
7430,480.5001218436038,-480.5001218436038,0
7431,480.51425189516857,-480.51425189516857,0
7432,480.5436750361175,-480.5436750361175,0
7433,480.6084388702129,-480.6084388702129,0
7434,480.6621795788662,-480.6621795788662,0
7435,480.72834971870844,-480.72834971870844,0
7436,480.78777469307937,-480.78777469307937,0
7437,480.8613226977913,-480.8613226977913,0
7438,480.9066127598722,-480.9066127598722,0
7439,480.94936034326196,-480.94936034326196,0
7440,480.97812993608306,-480.97812993608306,0
7441,481.0009960831892,-481.0009960831892,0
7442,481.0167576823751,-481.0167576823751,0
7443,481.03482232779373,-481.03482232779373,0
7444,481.0556966106503,-481.0556966106503,0
7445,481.077914294919,-481.077914294919,0
7446,481.09884906682544,-481.09884906682544,0
7447,481.157361710505,-481.157361710505,0
7448,481.20085721083547,-481.20085721083547,0
7449,481.2575945639359,-481.2575945639359,0
7450,481.2923952734599,-481.2923952734599,0
7451,481.5141999320743,-481.5141999320743,0
7452,482.13237772139956,-482.13237772139956,0
7453,482.5221392081667,-482.5221392081667,0
7454,482.6397073172587,-482.6397073172587,0
7455,482.71213610838805,-482.71213610838805,0
7456,482.79945449171316,-482.79945449171316,0
7457,482.9028682536597,-482.9028682536597,0
7458,482.98387786132724,-482.98387786132724,0
7459,483.0444725786378,-483.0444725786378,0
7460,483.11310413222407,-483.11310413222407,0
7461,483.18436337288,-483.18436337288,0
7462,483.2407829063643,-483.2407829063643,0
7463,483.2785165753365,-483.2785165753365,0
7464,483.3062126825515,-483.3062126825515,0
7465,483.3302961632363,-483.3302961632363,0
7466,483.3438543325502,-483.3438543325502,0
7467,483.3593350342119,-483.3593350342119,0
7468,483.3728639700484,-483.3728639700484,0
7469,483.38457088460467,-483.38457088460467,0
7470,483.3835232742404,-483.3835232742404,0
7471,483.4024459357937,-483.4024459357937,0
7472,483.46192103677566,-483.46192103677566,0
7473,483.4762875841782,-483.4762875841782,0
7474,483.4721679459654,-483.4721679459654,0
7475,483.4658978503004,-483.4658978503004,0
7476,484.03140468012583,-484.03140468012583,0
7477,484.6119758671108,-484.6119758671108,0
7478,485.2538747508395,-485.2538747508395,0
7479,485.90201325759875,-485.90201325759875,0
7480,486.3068335334782,-486.3068335334782,0
7481,486.4890179197968,-486.4890179197968,0
7482,486.61837199417323,-486.61837199417323,0
7483,486.7020326409613,-486.7020326409613,0
7484,486.78305283234624,-486.78305283234624,0
7485,486.83632033254247,-486.83632033254247,0
7486,486.9021002470089,-486.9021002470089,0
7487,486.9579396534121,-486.9579396534121,0
7488,486.98764532136573,-486.98764532136573,0
7489,487.011389943622,-487.011389943622,0
7490,487.0292408674292,-487.0292408674292,0
7491,487.0433252133594,-487.0433252133594,0
7492,487.0602754415289,-487.0602754415289,0
7493,487.0769039482704,-487.0769039482704,0
7494,487.09167926989295,-487.09167926989295,0
7495,487.11035299025184,-487.11035299025184,0
7496,487.1346590953666,-487.1346590953666,0
7497,487.5223688302437,-487.5223688302437,0
7498,488.0264176695283,-488.0264176695283,0
7499,488.32002978297066,-488.32002978297066,0
7500,488.4621301653303,-488.4621301653303,0
7501,488.4899659740824,-488.4899659740824,0
7502,488.4858488749048,-488.4858488749048,0
7503,488.5641911322887,-488.5641911322887,0
7504,488.62723311460513,-488.62723311460513,0
7505,488.6980536283656,-488.6980536283656,0
7506,488.7732076807036,-488.7732076807036,0
7507,488.8449891925775,-488.8449891925775,0
7508,488.92384961874836,-488.92384961874836,0
7509,489.01352535735754,-489.01352535735754,0
7510,489.0854128348161,-489.0854128348161,0
7511,489.1403865400689,-489.1403865400689,0
7512,489.17121494863204,-489.17121494863204,0
7513,489.19678248907604,-489.19678248907604,0
7514,489.21508632801795,-489.21508632801795,0
7515,489.23153097205346,-489.23153097205346,0
7516,489.22883172991425,-489.22883172991425,0
7517,489.257238247496,-489.257238247496,0
7518,489.26895348784285,-489.26895348784285,0
7519,489.30265057199523,-489.30265057199523,0
7520,489.3238948554604,-489.3238948554604,0
7521,489.3569511240404,-489.3569511240404,0
7522,489.504489933472,-489.504489933472,0
7523,490.0663345191351,-490.0663345191351,0
7524,490.595958179873,-490.595958179873,0
7525,491.31870961972015,-491.31870961972015,0
7526,491.8472909369347,-491.8472909369347,0
7527,492.06510058365063,-492.06510058365063,0
7528,492.17194190313285,-492.17194190313285,0
7529,492.23973168877825,-492.23973168877825,0
7530,492.3019811254942,-492.3019811254942,0
7531,492.3589195731947,-492.3589195731947,0
7532,492.43079950994803,-492.43079950994803,0
7533,492.57693866002205,-492.57693866002205,0
7534,492.6665955456156,-492.6665955456156,0
7535,492.7431933924448,-492.7431933924448,0
7536,492.78633281271584,-492.78633281271584,0
7537,492.8141882499265,-492.8141882499265,0
7538,492.83249841085376,-492.83249841085376,0
7539,492.847434201237,-492.847434201237,0
7540,492.8660375325829,-492.8660375325829,0
7541,492.87906338186906,-492.87906338186906,0
7542,492.87446906888607,-492.87446906888607,0
7543,492.9105233612409,-492.9105233612409,0
7544,493.0212756739707,-493.0212756739707,0
7545,493.06768218425316,-493.06768218425316,0
7546,493.1661157319156,-493.1661157319156,0
7547,493.55716505958264,-493.55716505958264,0
7548,494.26052237113964,-494.26052237113964,0
7549,494.71906908137424,-494.71906908137424,0
7550,495.0033563603823,-495.0033563603823,0
7551,495.2328152241053,-495.2328152241053,0
7552,495.4399008689689,-495.4399008689689,0
7553,495.5382731561669,-495.5382731561669,0
7554,495.6276151771387,-495.6276151771387,0
7555,495.68945558158975,-495.68945558158975,0
7556,495.75293433440874,-495.75293433440874,0
7557,495.8306351447866,-495.8306351447866,0
7558,495.90783385927807,-495.90783385927807,0
7559,495.9565206133372,-495.9565206133372,0
7560,495.9944012246182,-495.9944012246182,0
7561,496.0144298313106,-496.0144298313106,0
7562,496.02533885751933,-496.02533885751933,0
7563,496.0281073872652,-496.0281073872652,0
7564,496.0366699077209,-496.0366699077209,0
7565,496.042067510322,-496.042067510322,0
7566,496.0413631545506,-496.0413631545506,0
7567,496.0568247723703,-496.0568247723703,0
7568,496.06979640679697,-496.06979640679697,0
7569,496.13108117114666,-496.13108117114666,0
7570,496.1274226746658,-496.1274226746658,0
7571,496.3007220376803,-496.3007220376803,0
7572,496.6429289608082,-496.6429289608082,0
7573,497.02153250924675,-497.02153250924675,0
7574,497.1018570000269,-497.1018570000269,0
7575,497.17849662258595,-497.17849662258595,0
7576,497.2371950648947,-497.2371950648947,0
7577,497.30188777556236,-497.30188777556236,0
7578,497.49799840633057,-497.49799840633057,0
7579,497.60200652004283,-497.60200652004283,0
7580,497.6838730105008,-497.6838730105008,0
7581,497.7787069861748,-497.7787069861748,0
7582,497.8450357145252,-497.8450357145252,0
7583,497.8997983349483,-497.8997983349483,0
7584,497.93920277850754,-497.93920277850754,0
7585,497.97320231751667,-497.97320231751667,0
7586,497.98995961535104,-497.98995961535104,0
7587,498.0056666234465,-498.0056666234465,0
7588,498.01204702605935,-498.01204702605935,0
7589,498.0248900707664,-498.0248900707664,0
7590,498.02384841478937,-498.02384841478937,0
7591,498.3648671522897,-498.3648671522897,0
7592,498.4431888034771,-498.4431888034771,0
7593,498.491448539412,-498.491448539412,0
7594,498.50207614572776,-498.50207614572776,0
7595,498.4909774298991,-498.4909774298991,0
7596,498.80645473032155,-498.80645473032155,0
7597,499.33118891977955,-499.33118891977955,0
7598,499.61406613135443,-499.61406613135443,0
7599,499.7101757592196,-499.7101757592196,0
7600,499.7594129416,-499.7594129416,0
7601,499.8209370856591,-499.8209370856591,0
7602,499.89852396526726,-499.89852396526726,0
7603,499.97422002992806,-499.97422002992806,0
7604,500.0634934963495,-500.0634934963495,0
7605,500.13118747008224,-500.13118747008224,0
7606,500.19890649183765,-500.19890649183765,0
7607,500.23626045465454,-500.23626045465454,0
7608,500.2598063500124,-500.2598063500124,0
7609,500.2811830350206,-500.2811830350206,0
7610,500.27828881602346,-500.27828881602346,0
7611,500.2893940074512,-500.2893940074512,0
7612,500.30268236550273,-500.30268236550273,0
7613,500.3002310324399,-500.3002310324399,0
7614,500.32896820823123,-500.32896820823123,0
7615,500.36592281879564,-500.36592281879564,0
7616,500.362195061444,-500.362195061444,0
7617,500.3553555605809,-500.3553555605809,0
7618,500.3548389748958,-500.3548389748958,0
7619,500.45019203143727,-500.45019203143727,0
7620,500.4758689573641,-500.4758689573641,0
7621,500.4863677039551,-500.4863677039551,0
7622,500.48262321599253,-500.48262321599253,0
7623,500.73178506970135,-500.73178506970135,0
7624,501.3394549252602,-501.3394549252602,0
7625,501.8646289295907,-501.8646289295907,0
7626,502.08419277427777,-502.08419277427777,0
7627,502.21010775388396,-502.21010775388396,0
7628,502.30824568103094,-502.30824568103094,0
7629,502.4016472303757,-502.4016472303757,0
7630,502.4709522963879,-502.4709522963879,0
7631,502.51878462128195,-502.51878462128195,0
7632,502.54191547391054,-502.54191547391054,0
7633,502.5574617677486,-502.5574617677486,0
7634,502.5737310144253,-502.5737310144253,0
7635,502.5900876869108,-502.5900876869108,0
7636,502.60526553399205,-502.60526553399205,0
7637,502.6158877752769,-502.6158877752769,0
7638,502.6155227564167,-502.6155227564167,0
7639,502.67048627312954,-502.67048627312954,0
7640,502.737029292796,-502.737029292796,0
7641,502.7682300695873,-502.7682300695873,0
7642,502.76679353396463,-502.76679353396463,0
7643,502.76138988010825,-502.76138988010825,0
7644,502.7541979004091,-502.7541979004091,0
7645,502.75417084603225,-502.75417084603225,0
7646,502.74023827331604,-502.74023827331604,0
7647,502.8175579410281,-502.8175579410281,0
7648,502.93287771126785,-502.93287771126785,0
7649,503.09287443939905,-503.09287443939905,0
7650,503.1758697410146,-503.1758697410146,0
7651,503.2298541573356,-503.2298541573356,0
7652,503.28328558505666,-503.28328558505666,0
7653,503.32586995121073,-503.32586995121073,0
7654,503.3821390647926,-503.3821390647926,0
7655,503.4324645482955,-503.4324645482955,0
7656,503.46216290418397,-503.46216290418397,0
7657,503.4817073431358,-503.4817073431358,0
7658,503.49186215792315,-503.49186215792315,0
7659,503.50171868622016,-503.50171868622016,0
7660,503.5096314568878,-503.5096314568878,0
7661,503.5224105878067,-503.5224105878067,0
7662,503.53967168365335,-503.53967168365335,0
7663,503.5959047008918,-503.5959047008918,0
7664,503.65112198253024,-503.65112198253024,0
7665,504.1834320268298,-504.1834320268298,0
7666,504.93421045918075,-504.93421045918075,0
7667,505.63343893111943,-505.63343893111943,0
7668,506.39504819513706,-506.39504819513706,0
7669,507.07608266549096,-507.07608266549096,0
7670,507.50643091329385,-507.50643091329385,0
7671,507.67720295417604,-507.67720295417604,0
7672,507.8304610725455,-507.8304610725455,0
7673,507.9823606830544,-507.9823606830544,0
7674,508.12839643217745,-508.12839643217745,0
7675,508.22221146743726,-508.22221146743726,0
7676,508.3074557584412,-508.3074557584412,0
7677,508.4119138571059,-508.4119138571059,0
7678,508.49009973415303,-508.49009973415303,0
7679,508.543794211167,-508.543794211167,0
7680,508.5717788888896,-508.5717788888896,0
7681,508.58939437399647,-508.58939437399647,0
7682,508.5997573361848,-508.5997573361848,0
7683,508.612260836134,-508.612260836134,0
7684,508.6056894352434,-508.6056894352434,0
7685,508.6013900030656,-508.6013900030656,0
7686,508.60847647754434,-508.60847647754434,0
7687,508.64317698862584,-508.64317698862584,0
7688,508.6404262437659,-508.6404262437659,0
7689,508.6588322387503,-508.6588322387503,0
7690,508.65697441608575,-508.65697441608575,0
7691,508.64717510565833,-508.64717510565833,0
7692,508.6375975855586,-508.6375975855586,0
7693,508.6453442323496,-508.6453442323496,0
7694,508.6435721622964,-508.6435721622964,0
7695,508.6962656795121,-508.6962656795121,0
7696,508.7543407250377,-508.7543407250377,0
7697,508.8248961173846,-508.8248961173846,0
7698,508.90980955087747,-508.90980955087747,0
7699,508.98520385104524,-508.98520385104524,0
7700,509.0644950174859,-509.0644950174859,0
7701,509.147480511484,-509.147480511484,0
7702,509.21891545895227,-509.21891545895227,0
7703,509.271962907461,-509.271962907461,0
7704,509.29721809479366,-509.29721809479366,0
7705,509.3138932972415,-509.3138932972415,0
7706,509.3239505957006,-509.3239505957006,0
7707,509.33922897133294,-509.33922897133294,0
7708,509.35095068517586,-509.35095068517586,0
7709,509.35975804065083,-509.35975804065083,0
7710,509.38584039012756,-509.38584039012756,0
7711,509.4666819553876,-509.4666819553876,0
7712,509.5789925443139,-509.5789925443139,0
7713,509.6296277446994,-509.6296277446994,0
7714,509.65210224426124,-509.65210224426124,0
7715,509.6997304279569,-509.6997304279569,0
7716,509.75694651200826,-509.75694651200826,0
7717,509.8389756053838,-509.8389756053838,0
7718,509.8893839592445,-509.8893839592445,0
7719,509.965796715753,-509.965796715753,0
7720,510.09346219061416,-510.09346219061416,0
7721,510.18059570272095,-510.18059570272095,0
7722,510.28725627317834,-510.28725627317834,0
7723,510.44462001201316,-510.44462001201316,0
7724,510.5877512619489,-510.5877512619489,0
7725,510.6887911368546,-510.6887911368546,0
7726,510.7837317520837,-510.7837317520837,0
7727,510.8390686491781,-510.8390686491781,0
7728,510.87706720458425,-510.87706720458425,0
7729,510.9100267812415,-510.9100267812415,0
7730,510.9304694510138,-510.9304694510138,0
7731,510.93628125912517,-510.93628125912517,0
7732,510.94699142764273,-510.94699142764273,0
7733,510.95631829664933,-510.95631829664933,0
7734,510.9594844210503,-510.9594844210503,0
7735,511.02900330168274,-511.02900330168274,0
7736,511.09504538112293,-511.09504538112293,0
7737,511.1672005236586,-511.1672005236586,0
7738,511.18009073225886,-511.18009073225886,0
7739,511.1739764853776,-511.1739764853776,0
7740,511.63836697881646,-511.63836697881646,0
7741,511.81441473659316,-511.81441473659316,0
7742,512.0797983781916,-512.0797983781916,0
7743,512.3354221106688,-512.3354221106688,0
7744,512.9624601603938,-512.9624601603938,0
7745,513.3214573387186,-513.3214573387186,0
7746,513.5509772052692,-513.5509772052692,0
7747,513.9240338029703,-513.9240338029703,0
7748,514.3835089831744,-514.3835089831744,0
7749,515.0625183901011,-515.0625183901011,0
7750,515.7883083844704,-515.7883083844704,0
7751,516.5060990412146,-516.5060990412146,0
7752,517.2124258036541,-517.2124258036541,0
7753,517.8285717251148,-517.8285717251148,0
7754,518.0684923104176,-518.0684923104176,0
7755,518.1528473940743,-518.1528473940743,0
7756,518.1905992712911,-518.1905992712911,0
7757,518.2166349086059,-518.2166349086059,0
7758,518.2336602120668,-518.2336602120668,0
7759,518.2568565179213,-518.2568565179213,0
7760,518.3144966391087,-518.3144966391087,0
7761,518.3722520567391,-518.3722520567391,0
7762,518.6171567489989,-518.6171567489989,0
7763,519.1569087548351,-519.1569087548351,0
7764,519.2904720905624,-519.2904720905624,0
7765,519.305198873173,-519.305198873173,0
7766,519.2938870735501,-519.2938870735501,0
7767,519.3366289194504,-519.3366289194504,0
7768,519.4102446329593,-519.4102446329593,0
7769,519.4895858616916,-519.4895858616916,0
7770,519.6099577511536,-519.6099577511536,0
7771,519.6878635434499,-519.6878635434499,0
7772,519.8480652536892,-519.8480652536892,0
7773,519.9518541211525,-519.9518541211525,0
7774,520.0508435850763,-520.0508435850763,0
7775,520.0964501938971,-520.0964501938971,0
7776,520.1691744189823,-520.1691744189823,0
7777,520.2434428865664,-520.2434428865664,0
7778,520.2885575701141,-520.2885575701141,0
7779,520.3113888748295,-520.3113888748295,0
7780,520.3237492934568,-520.3237492934568,0
7781,520.3214314925664,-520.3214314925664,0
7782,520.3416525897647,-520.3416525897647,0
7783,520.909633719899,-520.909633719899,0
7784,521.522863204461,-521.522863204461,0
7785,522.1685185011545,-522.1685185011545,0
7786,522.9055172812233,-522.9055172812233,0
7787,523.3646986763856,-523.3646986763856,0
7788,523.5823990887548,-523.5823990887548,0
7789,523.6166775862935,-523.6166775862935,0
7790,523.6764498491891,-523.6764498491891,0
7791,523.7781437701948,-523.7781437701948,0
7792,523.901074550446,-523.901074550446,0
7793,524.0016400183607,-524.0016400183607,0
7794,524.1086805751224,-524.1086805751224,0
7795,524.2117580079524,-524.2117580079524,0
7796,524.2793117167947,-524.2793117167947,0
7797,524.3594591412267,-524.3594591412267,0
7798,524.4197158182241,-524.4197158182241,0
7799,524.4593772278912,-524.4593772278912,0
7800,524.4858861160453,-524.4858861160453,0
7801,524.4993786777632,-524.4993786777632,0
7802,524.4938929593778,-524.4938929593778,0
7803,524.490274158126,-524.490274158126,0
7804,524.4833221185693,-524.4833221185693,0
7805,524.4771584278125,-524.4771584278125,0
7806,524.4985371013952,-524.4985371013952,0
7807,524.5476692303854,-524.5476692303854,0
7808,524.6001553296574,-524.6001553296574,0
7809,524.738141869391,-524.738141869391,0
7810,525.2603911558144,-525.2603911558144,0
7811,525.8765399710769,-525.8765399710769,0
7812,526.4660651080537,-526.4660651080537,0
7813,526.8276552600533,-526.8276552600533,0
7814,526.907215690913,-526.907215690913,0
7815,527.043826245307,-527.043826245307,0
7816,527.189525186461,-527.189525186461,0
7817,527.3188370188818,-527.3188370188818,0
7818,527.4482877756601,-527.4482877756601,0
7819,527.6064437133379,-527.6064437133379,0
7820,527.7051669779828,-527.7051669779828,0
7821,527.8144428136602,-527.8144428136602,0
7822,527.9055699953847,-527.9055699953847,0
7823,527.9612326727079,-527.9612326727079,0
7824,527.9963537285666,-527.9963537285666,0
7825,528.0167374633993,-528.0167374633993,0
7826,528.0371290652995,-528.0371290652995,0
7827,528.0508455727318,-528.0508455727318,0
7828,528.0549748080871,-528.0549748080871,0
7829,528.0500034708114,-528.0500034708114,0
7830,528.0479109789865,-528.0479109789865,0
7831,528.1254770360133,-528.1254770360133,0
7832,528.1809497838,-528.1809497838,0
7833,528.3886152939862,-528.3886152939862,0
7834,528.9449177524045,-528.9449177524045,0
7835,529.4000505913126,-529.4000505913126,0
7836,529.643379504375,-529.643379504375,0
7837,529.7599874658081,-529.7599874658081,0
7838,529.7789070648454,-529.7789070648454,0
7839,529.8345047653585,-529.8345047653585,0
7840,529.9767844840611,-529.9767844840611,0
7841,530.1135552656283,-530.1135552656283,0
7842,530.2029882236194,-530.2029882236194,0
7843,530.289544314284,-530.289544314284,0
7844,530.3855804750584,-530.3855804750584,0
7845,530.4735059985856,-530.4735059985856,0
7846,530.5576870420617,-530.5576870420617,0
7847,530.608673930499,-530.608673930499,0
7848,530.6355264356029,-530.6355264356029,0
7849,530.6543242693288,-530.6543242693288,0
7850,530.6722862837416,-530.6722862837416,0
7851,530.6841977612644,-530.6841977612644,0
7852,530.6839376019957,-530.6839376019957,0
7853,530.6777131555605,-530.6777131555605,0
7854,530.676884867105,-530.676884867105,0
7855,530.7258248405946,-530.7258248405946,0
7856,530.8202699122616,-530.8202699122616,0
7857,531.3687808831212,-531.3687808831212,0
7858,532.0365492566699,-532.0365492566699,0
7859,532.4123283594122,-532.4123283594122,0
7860,532.5570950471533,-532.5570950471533,0
7861,532.6524975998336,-532.6524975998336,0
7862,532.713283832523,-532.713283832523,0
7863,532.7941275893271,-532.7941275893271,0
7864,532.9205155050759,-532.9205155050759,0
7865,533.0848483026384,-533.0848483026384,0
7866,533.2512316345603,-533.2512316345603,0
7867,533.3964547370372,-533.3964547370372,0
7868,533.5824298287828,-533.5824298287828,0
7869,533.7108503802226,-533.7108503802226,0
7870,533.8601534420633,-533.8601534420633,0
7871,533.9517579898261,-533.9517579898261,0
7872,534.0073774224734,-534.0073774224734,0
7873,534.0406374854331,-534.0406374854331,0
7874,534.0701739914063,-534.0701739914063,0
7875,534.0858451464505,-534.0858451464505,0
7876,534.0851732615694,-534.0851732615694,0
7877,534.0845944761135,-534.0845944761135,0
7878,534.1028131713628,-534.1028131713628,0
7879,534.182438954607,-534.182438954607,0
7880,534.2052137801544,-534.2052137801544,0
7881,534.2847091321529,-534.2847091321529,0
7882,534.3449312018549,-534.3449312018549,0
7883,534.389806656162,-534.389806656162,0
7884,534.7850216400877,-534.7850216400877,0
7885,534.9572961608801,-534.9572961608801,0
7886,535.0592340014117,-535.0592340014117,0
7887,535.1987255925121,-535.1987255925121,0
7888,535.3532430713233,-535.3532430713233,0
7889,535.4757419024128,-535.4757419024128,0
7890,535.6097928814172,-535.6097928814172,0
7891,535.7382583383067,-535.7382583383067,0
7892,535.862938291184,-535.862938291184,0
7893,535.9927982410476,-535.9927982410476,0
7894,536.1186920732334,-536.1186920732334,0
7895,536.1944897418261,-536.1944897418261,0
7896,536.2782682314381,-536.2782682314381,0
7897,536.3080641575882,-536.3080641575882,0
7898,536.3196174227911,-536.3196174227911,0
7899,536.3305146200856,-536.3305146200856,0
7900,536.3432773575107,-536.3432773575107,0
7901,536.3559730843369,-536.3559730843369,0
7902,536.3826154132548,-536.3826154132548,0
7903,536.4185110935166,-536.4185110935166,0
7904,536.4733230051377,-536.4733230051377,0
7905,536.5298739407415,-536.5298739407415,0
7906,536.5292989555052,-536.5292989555052,0
7907,536.6039512369899,-536.6039512369899,0
7908,536.7825610171088,-536.7825610171088,0
7909,537.329033098495,-537.329033098495,0
7910,537.9458605820791,-537.9458605820791,0
7911,538.6020102402344,-538.6020102402344,0
7912,538.9624940677946,-538.9624940677946,0
7913,539.2049211881147,-539.2049211881147,0
7914,539.3717539286177,-539.3717539286177,0
7915,539.5724818191907,-539.5724818191907,0
7916,539.7495894573473,-539.7495894573473,0
7917,539.9000368837465,-539.9000368837465,0
7918,540.0049215177997,-540.0049215177997,0
7919,540.0670015037896,-540.0670015037896,0
7920,540.112627375937,-540.112627375937,0
7921,540.1327502439827,-540.1327502439827,0
7922,540.1445542522357,-540.1445542522357,0
7923,540.1532362367257,-540.1532362367257,0
7924,540.162880384162,-540.162880384162,0
7925,540.1736044482756,-540.1736044482756,0
7926,540.2027632519472,-540.2027632519472,0
7927,540.2537885619179,-540.2537885619179,0
7928,540.2982674914824,-540.2982674914824,0
7929,540.4148539121084,-540.4148539121084,0
7930,540.5079446978517,-540.5079446978517,0
7931,540.5345352550429,-540.5345352550429,0
7932,540.5827100783848,-540.5827100783848,0
7933,540.5826718856591,-540.5826718856591,0
7934,540.6550384747391,-540.6550384747391,0
7935,540.8624315687192,-540.8624315687192,0
7936,541.0646850314846,-541.0646850314846,0
7937,541.270210867087,-541.270210867087,0
7938,541.4370950400739,-541.4370950400739,0
7939,541.6044813860323,-541.6044813860323,0
7940,541.7975866284894,-541.7975866284894,0
7941,541.9250554413184,-541.9250554413184,0
7942,542.0213226449775,-542.0213226449775,0
7943,542.093087111721,-542.093087111721,0
7944,542.1338169076402,-542.1338169076402,0
7945,542.1533998713957,-542.1533998713957,0
7946,542.1629546549759,-542.1629546549759,0
7947,542.1695627139904,-542.1695627139904,0
7948,542.169517959293,-542.169517959293,0
7949,542.1720195924623,-542.1720195924623,0
7950,542.1793412739725,-542.1793412739725,0
7951,542.2240657734263,-542.2240657734263,0
7952,542.2959840559178,-542.2959840559178,0
7953,542.4265909626296,-542.4265909626296,0
7954,542.4783088198233,-542.4783088198233,0
7955,542.5873592794219,-542.5873592794219,0
7956,542.633979696113,-542.633979696113,0
7957,542.6704735849012,-542.6704735849012,0
7958,542.7952742678553,-542.7952742678553,0
7959,543.009438313009,-543.009438313009,0
7960,543.2370451824983,-543.2370451824983,0
7961,543.4586435336781,-543.4586435336781,0
7962,543.6518871526398,-543.6518871526398,0
7963,543.8303301861224,-543.8303301861224,0
7964,543.9886990659867,-543.9886990659867,0
7965,544.1192558097666,-544.1192558097666,0
7966,544.2316951164707,-544.2316951164707,0
7967,544.2966008447032,-544.2966008447032,0
7968,544.3300142955135,-544.3300142955135,0
7969,544.3493918553089,-544.3493918553089,0
7970,544.3603739237035,-544.3603739237035,0
7971,544.3678039668489,-544.3678039668489,0
7972,544.369911163075,-544.369911163075,0
7973,544.3738157063353,-544.3738157063353,0
7974,544.4043337374206,-544.4043337374206,0
7975,544.4553819389216,-544.4553819389216,0
7976,544.578131537928,-544.578131537928,0
7977,544.7229611172321,-544.7229611172321,0
7978,544.7823780695568,-544.7823780695568,0
7979,544.8279125148531,-544.8279125148531,0
7980,544.850467577055,-544.850467577055,0
7981,544.9648308567638,-544.9648308567638,0
7982,545.110714705989,-545.110714705989,0
7983,545.3073664988677,-545.3073664988677,0
7984,545.4826054981066,-545.4826054981066,0
7985,545.6340917058914,-545.6340917058914,0
7986,545.7871627814202,-545.7871627814202,0
7987,545.9164867695106,-545.9164867695106,0
7988,546.0388168258295,-546.0388168258295,0
7989,546.1542117810811,-546.1542117810811,0
7990,546.2529497848342,-546.2529497848342,0
7991,546.3145672181861,-546.3145672181861,0
7992,546.346297370265,-546.346297370265,0
7993,546.3852065364505,-546.3852065364505,0
7994,546.3995915002417,-546.3995915002417,0
7995,546.4031760199244,-546.4031760199244,0
7996,546.403015202282,-546.403015202282,0
7997,546.4096072668372,-546.4096072668372,0
7998,546.4444887537882,-546.4444887537882,0
7999,546.5059399192229,-546.5059399192229,0
8000,546.6421671266754,-546.6421671266754,0
8001,546.7262457687322,-546.7262457687322,0
8002,546.7962795716534,-546.7962795716534,0
8003,546.8949536076352,-546.8949536076352,0
8004,547.0020295389837,-547.0020295389837,0
8005,547.1323340242558,-547.1323340242558,0
8006,547.2665622986171,-547.2665622986171,0
8007,547.3998465825221,-547.3998465825221,0
8008,547.5382365660532,-547.5382365660532,0
8009,547.7485982850383,-547.7485982850383,0
8010,547.9046268011704,-547.9046268011704,0
8011,548.0688207747784,-548.0688207747784,0
8012,548.2011655251412,-548.2011655251412,0
8013,548.34079636573,-548.34079636573,0
8014,548.4782421618322,-548.4782421618322,0
8015,548.5804526519121,-548.5804526519121,0
8016,548.6301719783162,-548.6301719783162,0
8017,548.668942294076,-548.668942294076,0
8018,548.7267025834328,-548.7267025834328,0
8019,548.7686140605252,-548.7686140605252,0
8020,548.8055837656473,-548.8055837656473,0
8021,548.8525390073873,-548.8525390073873,0
8022,548.8924365246975,-548.8924365246975,0
8023,548.956016942471,-548.956016942471,0
8024,549.0701173055462,-549.0701173055462,0
8025,549.1281565069036,-549.1281565069036,0
8026,549.2638735603651,-549.2638735603651,0
8027,549.4516690087887,-549.4516690087887,0
8028,549.6346624860489,-549.6346624860489,0
8029,549.8537168460008,-549.8537168460008,0
8030,550.0521758953406,-550.0521758953406,0
8031,550.181874617972,-550.181874617972,0
8032,550.3394980691832,-550.3394980691832,0
8033,550.5115472409408,-550.5115472409408,0
8034,550.8127731313358,-550.8127731313358,0
8035,551.009893695086,-551.009893695086,0
8036,551.2046987718883,-551.2046987718883,0
8037,551.344350866293,-551.344350866293,0
8038,551.452325024239,-551.452325024239,0
8039,551.5214128571512,-551.5214128571512,0
8040,551.562766927579,-551.562766927579,0
8041,551.5837882248823,-551.5837882248823,0
8042,551.6010370796981,-551.6010370796981,0
8043,551.6166880455223,-551.6166880455223,0
8044,551.6372405871746,-551.6372405871746,0
8045,551.648756886992,-551.648756886992,0
8046,551.6761370477302,-551.6761370477302,0
8047,551.7276225546051,-551.7276225546051,0
8048,551.9071832526985,-551.9071832526985,0
8049,552.0849232899782,-552.0849232899782,0
8050,552.2681875843232,-552.2681875843232,0
8051,552.4157718217211,-552.4157718217211,0
8052,552.6374332190791,-552.6374332190791,0
8053,553.0005253678484,-553.0005253678484,0
8054,553.6687221709366,-553.6687221709366,0
8055,554.3729838754622,-554.3729838754622,0
8056,555.1548740708139,-555.1548740708139,0
8057,555.9207409731728,-555.9207409731728,0
8058,556.4422706670391,-556.4422706670391,0
8059,556.7188766555529,-556.7188766555529,0
8060,556.9025534099015,-556.9025534099015,0
8061,557.0592367482052,-557.0592367482052,0
8062,557.17554904725,-557.17554904725,0
8063,557.2591555206826,-557.2591555206826,0
8064,557.3194092982307,-557.3194092982307,0
8065,557.3694865693035,-557.3694865693035,0
8066,557.4011403200388,-557.4011403200388,0
8067,557.4150550141158,-557.4150550141158,0
8068,557.4305129173752,-557.4305129173752,0
8069,557.4350299181857,-557.4350299181857,0
8070,557.4525012856515,-557.4525012856515,0
8071,557.5120423484428,-557.5120423484428,0
8072,557.5594468328786,-557.5594468328786,0
8073,557.5704137513324,-557.5704137513324,0
8074,557.6941658941166,-557.6941658941166,0
8075,557.7758710140024,-557.7758710140024,0
8076,558.0507257775839,-558.0507257775839,0
8077,558.6840822283016,-558.6840822283016,0
8078,558.8610716880135,-558.8610716880135,0
8079,558.9797526890247,-558.9797526890247,0
8080,559.1422630163701,-559.1422630163701,0
8081,559.3580577707409,-559.3580577707409,0
8082,559.5768877840931,-559.5768877840931,0
8083,559.7298690852188,-559.7298690852188,0
8084,559.8588770619648,-559.8588770619648,0
8085,559.9769560184405,-559.9769560184405,0
8086,560.0889184595369,-560.0889184595369,0
8087,560.1540376896857,-560.1540376896857,0
8088,560.2401312038472,-560.2401312038472,0
8089,560.3166805884863,-560.3166805884863,0
8090,560.393295950903,-560.393295950903,0
8091,560.5147456679281,-560.5147456679281,0
8092,560.6113725671428,-560.6113725671428,0
8093,560.707760436357,-560.707760436357,0
8094,560.7879609342195,-560.7879609342195,0
8095,560.9115844677121,-560.9115844677121,0
8096,561.0128121432792,-561.0128121432792,0
8097,561.1590516952366,-561.1590516952366,0
8098,561.3030152422779,-561.3030152422779,0
8099,561.3943385551507,-561.3943385551507,0
8100,561.5464500141097,-561.5464500141097,0
8101,561.7317708895554,-561.7317708895554,0
8102,561.8825001551731,-561.8825001551731,0
8103,562.0469914865527,-562.0469914865527,0
8104,562.2287333023696,-562.2287333023696,0
8105,562.406296326953,-562.406296326953,0
8106,562.5839247728284,-562.5839247728284,0
8107,562.7773128046979,-562.7773128046979,0
8108,563.0048308785047,-563.0048308785047,0
8109,563.2506542614931,-563.2506542614931,0
8110,563.4195324144032,-563.4195324144032,0
8111,563.6057592804924,-563.6057592804924,0
8112,563.6621376717491,-563.6621376717491,0
8113,563.7037109002414,-563.7037109002414,0
8114,563.7189707641428,-563.7189707641428,0
8115,563.7356691979664,-563.7356691979664,0
8116,563.7552301793675,-563.7552301793675,0
8117,563.7752779065491,-563.7752779065491,0
8118,563.789900905326,-563.789900905326,0
8119,563.8724694028739,-563.8724694028739,0
8120,564.1119365059029,-564.1119365059029,0
8121,564.727014867276,-564.727014867276,0
8122,565.4810023706,-565.4810023706,0
8123,566.1874400848484,-566.1874400848484,0
8124,566.6343276811469,-566.6343276811469,0
8125,566.8374961835433,-566.8374961835433,0
8126,566.9876875951245,-566.9876875951245,0
8127,567.2105601521669,-567.2105601521669,0
8128,567.4098355489492,-567.4098355489492,0
8129,567.5349957095565,-567.5349957095565,0
8130,567.6803960755309,-567.6803960755309,0
8131,567.8438023582421,-567.8438023582421,0
8132,568.0337366928297,-568.0337366928297,0
8133,568.1764404843407,-568.1764404843407,0
8134,568.3203195649148,-568.3203195649148,0
8135,568.4003290003583,-568.4003290003583,0
8136,568.4371713940584,-568.4371713940584,0
8137,568.4597952131638,-568.4597952131638,0
8138,568.4698866283505,-568.4698866283505,0
8139,568.4683120827093,-568.4683120827093,0
8140,568.4620126802813,-568.4620126802813,0
8141,568.457866310217,-568.457866310217,0
8142,568.4556526535761,-568.4556526535761,0
8143,568.4995595654278,-568.4995595654278,0
8144,568.6483758691433,-568.6483758691433,0
8145,568.7375490352258,-568.7375490352258,0
8146,568.7851420360277,-568.7851420360277,0
8147,569.1667756285144,-569.1667756285144,0
8148,569.8350049106631,-569.8350049106631,0
8149,570.0450014120115,-570.0450014120115,0
8150,570.0789267734671,-570.0789267734671,0
8151,570.1664907852979,-570.1664907852979,0
8152,570.276333798723,-570.276333798723,0
8153,570.4668689661977,-570.4668689661977,0
8154,570.673059518619,-570.673059518619,0
8155,570.8566645395886,-570.8566645395886,0
8156,571.0069023278933,-571.0069023278933,0
8157,571.1887556600873,-571.1887556600873,0
8158,571.3589863559338,-571.3589863559338,0
8159,571.4915979058763,-571.4915979058763,0
8160,571.5510348781955,-571.5510348781955,0
8161,571.5916510928512,-571.5916510928512,0
8162,571.6202183104754,-571.6202183104754,0
8163,571.6466720681902,-571.6466720681902,0
8164,571.6757709534925,-571.6757709534925,0
8165,571.7079555912757,-571.7079555912757,0
8166,571.7133055827999,-571.7133055827999,0
8167,571.766375634349,-571.766375634349,0
8168,571.9661714129477,-571.9661714129477,0
8169,572.0373948815815,-572.0373948815815,0
8170,572.0971263604846,-572.0971263604846,0
8171,572.1316037029551,-572.1316037029551,0
8172,572.2289610883265,-572.2289610883265,0
8173,572.2590441436097,-572.2590441436097,0
8174,572.3239073580256,-572.3239073580256,0
8175,572.4606895079987,-572.4606895079987,0
8176,572.5778972280904,-572.5778972280904,0
8177,572.7157585452444,-572.7157585452444,0
8178,572.8240018189065,-572.8240018189065,0
8179,572.9469327484634,-572.9469327484634,0
8180,573.0628148830957,-573.0628148830957,0
8181,573.1813595338805,-573.1813595338805,0
8182,573.3118538735805,-573.3118538735805,0
8183,573.3972735753764,-573.3972735753764,0
8184,573.4683051546392,-573.4683051546392,0
8185,573.5289784969791,-573.5289784969791,0
8186,573.5932990479578,-573.5932990479578,0
8187,573.6616253407665,-573.6616253407665,0
8188,573.7156441675,-573.7156441675,0
8189,573.7861009719543,-573.7861009719543,0
8190,573.8520936592627,-573.8520936592627,0
8191,573.9909540579084,-573.9909540579084,0
8192,574.1286321801057,-574.1286321801057,0
8193,574.1981579542032,-574.1981579542032,0
8194,574.2490709656591,-574.2490709656591,0
8195,574.3205142370572,-574.3205142370572,0
8196,574.371452746192,-574.371452746192,0
8197,574.4476066661346,-574.4476066661346,0
8198,574.8101902298877,-574.8101902298877,0
8199,575.1371923342314,-575.1371923342314,0
8200,575.3078690752252,-575.3078690752252,0
8201,575.4382539060289,-575.4382539060289,0
8202,575.5660707225749,-575.5660707225749,0
8203,575.6809814702185,-575.6809814702185,0
8204,575.7957001745926,-575.7957001745926,0
8205,575.9163271530092,-575.9163271530092,0
8206,576.0453634408495,-576.0453634408495,0
8207,576.134902085987,-576.134902085987,0
8208,576.2223283764038,-576.2223283764038,0
8209,576.2919080104078,-576.2919080104078,0
8210,576.3520643067336,-576.3520643067336,0
8211,576.3982656777441,-576.3982656777441,0
8212,576.4548969311544,-576.4548969311544,0
8213,576.515656073055,-576.515656073055,0
8214,576.5956142551042,-576.5956142551042,0
8215,576.7824286132088,-576.7824286132088,0
8216,576.9583641553901,-576.9583641553901,0
8217,577.0579412644138,-577.0579412644138,0
8218,577.151671423548,-577.151671423548,0
8219,577.2346552694498,-577.2346552694498,0
8220,577.7331501826807,-577.7331501826807,0
8221,578.5169864246617,-578.5169864246617,0
8222,578.9082719904931,-578.9082719904931,0
8223,579.0973837739693,-579.0973837739693,0
8224,579.2613421633395,-579.2613421633395,0
8225,579.3857461889127,-579.3857461889127,0
8226,579.5002112055695,-579.5002112055695,0
8227,579.5917812887685,-579.5917812887685,0
8228,579.7210927388363,-579.7210927388363,0
8229,579.8551855710791,-579.8551855710791,0
8230,579.9990035152915,-579.9990035152915,0
8231,580.0942318106839,-580.0942318106839,0
8232,580.160726284955,-580.160726284955,0
8233,580.2232647408839,-580.2232647408839,0
8234,580.2709444031874,-580.2709444031874,0
8235,580.3151169824074,-580.3151169824074,0
8236,580.3895790279853,-580.3895790279853,0
8237,580.4302160745101,-580.4302160745101,0
8238,580.4717480738636,-580.4717480738636,0
8239,580.5388950012423,-580.5388950012423,0
8240,580.623591540407,-580.623591540407,0
8241,580.827430213557,-580.827430213557,0
8242,581.1065083203871,-581.1065083203871,0
8243,581.7816057986087,-581.7816057986087,0
8244,582.432491927568,-582.432491927568,0
8245,582.8951840476911,-582.8951840476911,0
8246,583.1320151548794,-583.1320151548794,0
8247,583.2405839209215,-583.2405839209215,0
8248,583.3575614607746,-583.3575614607746,0
8249,583.4688417481315,-583.4688417481315,0
8250,583.59038574835,-583.59038574835,0
8251,583.6807564911971,-583.6807564911971,0
8252,583.7717270264546,-583.7717270264546,0
8253,583.9640640599685,-583.9640640599685,0
8254,584.0851741755414,-584.0851741755414,0
8255,584.1589407610178,-584.1589407610178,0
8256,584.2261679546745,-584.2261679546745,0
8257,584.2743086726713,-584.2743086726713,0
8258,584.3214515200309,-584.3214515200309,0
8259,584.3548399724473,-584.3548399724473,0
8260,584.3889990540536,-584.3889990540536,0
8261,584.4404022271505,-584.4404022271505,0
8262,584.4751710211228,-584.4751710211228,0
8263,584.5778404093071,-584.5778404093071,0
8264,584.6732904793688,-584.6732904793688,0
8265,585.1886151972728,-585.1886151972728,0
8266,585.8524932761165,-585.8524932761165,0
8267,586.5507882898625,-586.5507882898625,0
8268,587.2568008832203,-587.2568008832203,0
8269,587.9829491500187,-587.9829491500187,0
8270,588.5137823365848,-588.5137823365848,0
8271,588.7135891646366,-588.7135891646366,0
8272,588.8533855139137,-588.8533855139137,0
8273,588.9457631433631,-588.9457631433631,0
8274,589.0516032009631,-589.0516032009631,0
8275,589.1291023176672,-589.1291023176672,0
8276,589.2248153809779,-589.2248153809779,0
8277,589.3440812009909,-589.3440812009909,0
8278,589.4738069220974,-589.4738069220974,0
8279,589.5727635729194,-589.5727635729194,0
8280,589.6313843553835,-589.6313843553835,0
8281,589.6800436171933,-589.6800436171933,0
8282,589.7481130117601,-589.7481130117601,0
8283,589.7844845155777,-589.7844845155777,0
8284,589.7896348928257,-589.7896348928257,0
8285,589.829988170563,-589.829988170563,0
8286,589.8646527783759,-589.8646527783759,0
8287,589.937944843844,-589.937944843844,0
8288,590.1032053286604,-590.1032053286604,0
8289,590.2385804961528,-590.2385804961528,0
8290,590.3268184394633,-590.3268184394633,0
8291,590.4027512821989,-590.4027512821989,0
8292,591.0018394547353,-591.0018394547353,0
8293,591.7099156006947,-591.7099156006947,0
8294,592.4616666726195,-592.4616666726195,0
8295,592.9112969556472,-592.9112969556472,0
8296,593.111362134343,-593.111362134343,0
8297,593.2612742045357,-593.2612742045357,0
8298,593.3977797523169,-593.3977797523169,0
8299,593.5395693688986,-593.5395693688986,0
8300,593.6731834847725,-593.6731834847725,0
8301,593.8034665301043,-593.8034665301043,0
8302,593.9397043156882,-593.9397043156882,0
8303,594.0599590909012,-594.0599590909012,0
8304,594.1320267975042,-594.1320267975042,0
8305,594.1907695268455,-594.1907695268455,0
8306,594.2524876088069,-594.2524876088069,0
8307,594.2928283088191,-594.2928283088191,0
8308,594.3412408167147,-594.3412408167147,0
8309,594.4090018950808,-594.4090018950808,0
8310,594.47230904584,-594.47230904584,0
8311,594.5437612708693,-594.5437612708693,0
8312,594.6435627223043,-594.6435627223043,0
8313,594.686271965351,-594.686271965351,0
8314,594.7438369503956,-594.7438369503956,0
8315,594.7844832203169,-594.7844832203169,0
8316,594.8321918469047,-594.8321918469047,0
8317,595.281685722451,-595.281685722451,0
8318,595.8607384522631,-595.8607384522631,0
8319,596.5710880053034,-596.5710880053034,0
8320,597.2866589850362,-597.2866589850362,0
8321,597.7926674700791,-597.7926674700791,0
8322,598.0723467713653,-598.0723467713653,0
8323,598.2504888561247,-598.2504888561247,0
8324,598.4422214197339,-598.4422214197339,0
8325,598.5661484994642,-598.5661484994642,0
8326,598.7028535337377,-598.7028535337377,0
8327,598.798742444989,-598.798742444989,0
8328,598.8654930363765,-598.8654930363765,0
8329,598.9453761230837,-598.9453761230837,0
8330,598.9984689959473,-598.9984689959473,0
8331,599.0445320963008,-599.0445320963008,0
8332,599.0913487211136,-599.0913487211136,0
8333,599.1772801640452,-599.1772801640452,0
8334,599.2576295823991,-599.2576295823991,0
8335,599.3836887079955,-599.3836887079955,0
8336,599.4886715480517,-599.4886715480517,0
8337,599.5400125533384,-599.5400125533384,0
8338,599.5706857736377,-599.5706857736377,0
8339,599.5941517225623,-599.5941517225623,0
8340,599.6599596603351,-599.6599596603351,0
8341,599.7470399267435,-599.7470399267435,0
8342,599.8271085677333,-599.8271085677333,0
8343,599.9651654900741,-599.9651654900741,0
8344,600.1414845570492,-600.1414845570492,0
8345,600.3294799203941,-600.3294799203941,0
8346,600.5182807128461,-600.5182807128461,0
8347,600.701613994356,-600.701613994356,0
8348,600.8787418959866,-600.8787418959866,0
8349,601.0565347569648,-601.0565347569648,0
8350,601.1856832636447,-601.1856832636447,0
8351,601.3038981968946,-601.3038981968946,0
8352,601.3705671717075,-601.3705671717075,0
8353,601.4257616451417,-601.4257616451417,0
8354,601.4913979006857,-601.4913979006857,0
8355,601.5501480918597,-601.5501480918597,0
8356,601.6045143250245,-601.6045143250245,0
8357,601.6666216656054,-601.6666216656054,0
8358,601.7228926901307,-601.7228926901307,0
8359,601.8445340967754,-601.8445340967754,0
8360,601.9966164901139,-601.9966164901139,0
8361,602.1071297586949,-602.1071297586949,0
8362,602.204539151327,-602.204539151327,0
8363,602.3038237625307,-602.3038237625307,0
8364,602.374967358667,-602.374967358667,0
8365,602.6010669828667,-602.6010669828667,0
8366,603.2380296832896,-603.2380296832896,0
8367,603.7487800755923,-603.7487800755923,0
8368,604.014263585127,-604.014263585127,0
8369,604.2064547336754,-604.2064547336754,0
8370,604.380911362955,-604.380911362955,0
8371,604.5498284732834,-604.5498284732834,0
8372,604.7250968697404,-604.7250968697404,0
8373,604.917051412793,-604.917051412793,0
8374,605.0948885932495,-605.0948885932495,0
8375,605.2152948825831,-605.2152948825831,0
8376,605.3284371279289,-605.3284371279289,0
8377,605.4307702495568,-605.4307702495568,0
8378,605.525457706858,-605.525457706858,0
8379,605.6034523321451,-605.6034523321451,0
8380,605.6972963099525,-605.6972963099525,0
8381,605.779945411649,-605.779945411649,0
8382,605.8658770691085,-605.8658770691085,0
8383,606.0016382948158,-606.0016382948158,0
8384,606.1411776130047,-606.1411776130047,0
8385,606.2830390619612,-606.2830390619612,0
8386,606.438721163191,-606.438721163191,0
8387,606.5746649339511,-606.5746649339511,0
8388,606.6198160604721,-606.6198160604721,0
8389,606.692052767818,-606.692052767818,0
8390,606.8202718100157,-606.8202718100157,0
8391,606.9586140277921,-606.9586140277921,0
8392,607.0607623086321,-607.0607623086321,0
8393,607.1525764358404,-607.1525764358404,0
8394,607.2906137205016,-607.2906137205016,0
8395,607.4470500100956,-607.4470500100956,0
8396,607.6053536051775,-607.6053536051775,0
8397,607.7741455772982,-607.7741455772982,0
8398,607.9350900318092,-607.9350900318092,0
8399,608.0654934306631,-608.0654934306631,0
8400,608.1765876296092,-608.1765876296092,0
8401,608.2664754129206,-608.2664754129206,0
8402,608.3172564745889,-608.3172564745889,0
8403,608.3893041990034,-608.3893041990034,0
8404,608.4590230736575,-608.4590230736575,0
8405,608.525505268749,-608.525505268749,0
8406,608.6144103758388,-608.6144103758388,0
8407,608.7303637764684,-608.7303637764684,0
8408,608.89296973627,-608.89296973627,0
8409,609.4326072744408,-609.4326072744408,0
8410,610.0081005563434,-610.0081005563434,0
8411,610.4298004461752,-610.4298004461752,0
8412,610.8380159671115,-610.8380159671115,0
8413,611.09382500582,-611.09382500582,0
8414,611.2499479945167,-611.2499479945167,0
8415,611.364770375844,-611.364770375844,0
8416,611.4744216179674,-611.4744216179674,0
8417,611.5748313028838,-611.5748313028838,0
8418,611.6874995828813,-611.6874995828813,0
8419,611.7815786466866,-611.7815786466866,0
8420,611.8948438799141,-611.8948438799141,0
8421,612.0123404071536,-612.0123404071536,0
8422,612.0913379029166,-612.0913379029166,0
8423,612.1402928013971,-612.1402928013971,0
8424,612.1883096154163,-612.1883096154163,0
8425,612.2209007013143,-612.2209007013143,0
8426,612.2330664545404,-612.2330664545404,0
8427,612.2395545832007,-612.2395545832007,0
8428,612.2382205893095,-612.2382205893095,0
8429,612.2381149217622,-612.2381149217622,0
8430,612.2397673130372,-612.2397673130372,0
8431,612.2622551492362,-612.2622551492362,0
8432,612.3204102428723,-612.3204102428723,0
8433,612.4477960423853,-612.4477960423853,0
8434,612.9190186860598,-612.9190186860598,0
8435,613.5593661067335,-613.5593661067335,0
8436,613.9054669986615,-613.9054669986615,0
8437,614.0453074995531,-614.0453074995531,0
8438,614.1249969719508,-614.1249969719508,0
8439,614.1925719473408,-614.1925719473408,0
8440,614.2834674883925,-614.2834674883925,0
8441,614.430571658744,-614.430571658744,0
8442,614.5987477123555,-614.5987477123555,0
8443,614.7462002935476,-614.7462002935476,0
8444,614.9259019543914,-614.9259019543914,0
8445,615.0783487852113,-615.0783487852113,0
8446,615.248685195038,-615.248685195038,0
8447,615.3901791598855,-615.3901791598855,0
8448,615.5089295320413,-615.5089295320413,0
8449,615.609517311772,-615.609517311772,0
8450,615.7098662353527,-615.7098662353527,0
8451,615.7696998607518,-615.7696998607518,0
8452,615.8180971659616,-615.8180971659616,0
8453,615.8289129794728,-615.8289129794728,0
8454,615.8879654409325,-615.8879654409325,0
8455,615.9532736573314,-615.9532736573314,0
8456,616.0557880061974,-616.0557880061974,0
8457,616.1756562743832,-616.1756562743832,0
8458,616.3801830409795,-616.3801830409795,0
8459,616.580222824665,-616.580222824665,0
8460,616.7107691768231,-616.7107691768231,0
8461,616.8299246098254,-616.8299246098254,0
8462,616.9128140197577,-616.9128140197577,0
8463,616.9964281020939,-616.9964281020939,0
8464,617.1018904399551,-617.1018904399551,0
8465,617.2420884633294,-617.2420884633294,0
8466,617.3639576505249,-617.3639576505249,0
8467,617.5443401123168,-617.5443401123168,0
8468,617.6865662802907,-617.6865662802907,0
8469,617.8045500656083,-617.8045500656083,0
8470,617.9207503980471,-617.9207503980471,0
8471,617.9952597946838,-617.9952597946838,0
8472,618.0872557208386,-618.0872557208386,0
8473,618.1464144402881,-618.1464144402881,0
8474,618.1991714442009,-618.1991714442009,0
8475,618.2598721025174,-618.2598721025174,0
8476,618.3080693388226,-618.3080693388226,0
8477,618.3674951905542,-618.3674951905542,0
8478,618.4392697016219,-618.4392697016219,0
8479,618.5413719164636,-618.5413719164636,0
8480,618.6246843539054,-618.6246843539054,0
8481,618.7357017919378,-618.7357017919378,0
8482,618.9334867908464,-618.9334867908464,0
8483,619.0791681050358,-619.0791681050358,0
8484,619.2118634413537,-619.2118634413537,0
8485,619.3569881449663,-619.3569881449663,0
8486,619.482111501467,-619.482111501467,0
8487,619.601045305028,-619.601045305028,0
8488,619.7020726388924,-619.7020726388924,0
8489,619.7916313190434,-619.7916313190434,0
8490,619.8555251863834,-619.8555251863834,0
8491,619.9724070485805,-619.9724070485805,0
8492,620.0744521774383,-620.0744521774383,0
8493,620.2282043580263,-620.2282043580263,0
8494,620.3287530132753,-620.3287530132753,0
8495,620.387329512574,-620.387329512574,0
8496,620.4377844868512,-620.4377844868512,0
8497,620.4676312802377,-620.4676312802377,0
8498,620.500382109417,-620.500382109417,0
8499,620.5242737573142,-620.5242737573142,0
8500,620.5369250317997,-620.5369250317997,0
8501,620.5496373097079,-620.5496373097079,0
8502,620.5719007647807,-620.5719007647807,0
8503,620.6370996382304,-620.6370996382304,0
8504,620.8235053873387,-620.8235053873387,0
8505,621.0053243595569,-621.0053243595569,0
8506,621.132275047283,-621.132275047283,0
8507,621.2943798205072,-621.2943798205072,0
8508,621.4576265667833,-621.4576265667833,0
8509,621.8867257437865,-621.8867257437865,0
8510,622.1488595679236,-622.1488595679236,0
8511,622.2807822310463,-622.2807822310463,0
8512,622.3859577045828,-622.3859577045828,0
8513,622.4961111145973,-622.4961111145973,0
8514,622.6417249253144,-622.6417249253144,0
8515,622.7877884554728,-622.7877884554728,0
8516,622.89472129881,-622.89472129881,0
8517,623.0031598830371,-623.0031598830371,0
8518,623.1002362751648,-623.1002362751648,0
8519,623.1640119712648,-623.1640119712648,0
8520,623.2212255428044,-623.2212255428044,0
8521,623.2476655517103,-623.2476655517103,0
8522,623.2622917225349,-623.2622917225349,0
8523,623.2619104130063,-623.2619104130063,0
8524,623.2616367547138,-623.2616367547138,0
8525,623.2777037326274,-623.2777037326274,0
8526,623.2756514262601,-623.2756514262601,0
8527,623.4579833520123,-623.4579833520123,0
8528,623.7463540458032,-623.7463540458032,0
8529,623.9174985396589,-623.9174985396589,0
8530,624.1615807131764,-624.1615807131764,0
8531,624.409409450785,-624.409409450785,0
8532,624.5634649808402,-624.5634649808402,0
8533,624.8535405109598,-624.8535405109598,0
8534,625.0080321340431,-625.0080321340431,0
8535,625.0955924818735,-625.0955924818735,0
8536,625.2344894017152,-625.2344894017152,0
8537,625.3286316155336,-625.3286316155336,0
8538,625.4443177679238,-625.4443177679238,0
8539,625.5554556810562,-625.5554556810562,0
8540,625.6763241347015,-625.6763241347015,0
8541,625.7846400649562,-625.7846400649562,0
8542,625.8686604220404,-625.8686604220404,0
8543,625.9412791052649,-625.9412791052649,0
8544,626.0434826248785,-626.0434826248785,0
8545,626.1422335582429,-626.1422335582429,0
8546,626.2234431404381,-626.2234431404381,0
8547,626.2831881185735,-626.2831881185735,0
8548,626.3730066779951,-626.3730066779951,0
8549,626.4349928299545,-626.4349928299545,0
8550,626.4969173331579,-626.4969173331579,0
8551,626.6371327263505,-626.6371327263505,0
8552,626.7821132681783,-626.7821132681783,0
8553,626.9490465862685,-626.9490465862685,0
8554,627.1315295957957,-627.1315295957957,0
8555,627.4466358580489,-627.4466358580489,0
8556,627.947391835124,-627.947391835124,0
8557,628.618418409431,-628.618418409431,0
8558,628.9576261164498,-628.9576261164498,0
8559,629.138281209281,-629.138281209281,0
8560,629.2588993402067,-629.2588993402067,0
8561,629.3592254619147,-629.3592254619147,0
8562,629.4976601394226,-629.4976601394226,0
8563,629.6535233741665,-629.6535233741665,0
8564,629.8111782632518,-629.8111782632518,0
8565,629.9722959754938,-629.9722959754938,0
8566,630.1235018748732,-630.1235018748732,0
8567,630.2483410771144,-630.2483410771144,0
8568,630.3092211983194,-630.3092211983194,0
8569,630.3515950050216,-630.3515950050216,0
8570,630.3705753250144,-630.3705753250144,0
8571,630.3803238896304,-630.3803238896304,0
8572,630.386558310664,-630.386558310664,0
8573,630.3896967845102,-630.3896967845102,0
8574,630.3871667689722,-630.3871667689722,0
8575,630.4216692932383,-630.4216692932383,0
8576,630.4707958935523,-630.4707958935523,0
8577,630.6597813778973,-630.6597813778973,0
8578,631.3476778980784,-631.3476778980784,0
8579,632.0658607818704,-632.0658607818704,0
8580,632.9566332490037,-632.9566332490037,0
8581,633.9920568784612,-633.9920568784612,0
8582,634.812613996591,-634.812613996591,0
8583,635.2848141765243,-635.2848141765243,0
8584,635.5688766933163,-635.5688766933163,0
8585,635.7380369598608,-635.7380369598608,0
8586,635.9150006433467,-635.9150006433467,0
8587,636.0226084923647,-636.0226084923647,0
8588,636.1685187463174,-636.1685187463174,0
8589,636.27626514089,-636.27626514089,0
8590,636.3915530706283,-636.3915530706283,0
8591,636.4659781000595,-636.4659781000595,0
8592,636.5132123853201,-636.5132123853201,0
8593,636.5408667999925,-636.5408667999925,0
8594,636.5547999619267,-636.5547999619267,0
8595,636.562629172808,-636.562629172808,0
8596,636.56187233358,-636.56187233358,0
8597,636.553676695326,-636.553676695326,0
8598,636.5811872924721,-636.5811872924721,0
8599,636.6048287793487,-636.6048287793487,0
8600,636.6548200968028,-636.6548200968028,0
8601,636.7778623880827,-636.7778623880827,0
8602,636.9479638360563,-636.9479638360563,0
8603,637.1615205182055,-637.1615205182055,0
8604,637.3476215054133,-637.3476215054133,0
8605,637.4886894152356,-637.4886894152356,0
8606,637.723958819961,-637.723958819961,0
8607,637.8923123182235,-637.8923123182235,0
8608,638.0624961708938,-638.0624961708938,0
8609,638.2865891385251,-638.2865891385251,0
8610,638.5156154213155,-638.5156154213155,0
8611,638.6711449443892,-638.6711449443892,0
8612,638.8839970615923,-638.8839970615923,0
8613,639.0869943277137,-639.0869943277137,0
8614,639.1891903235916,-639.1891903235916,0
8615,639.2518864229387,-639.2518864229387,0
8616,639.3035844273909,-639.3035844273909,0
8617,639.3361987621925,-639.3361987621925,0
8618,639.3500349129946,-639.3500349129946,0
8619,639.3600298158655,-639.3600298158655,0
8620,639.360023829195,-639.360023829195,0
8621,639.3587325499277,-639.3587325499277,0
8622,639.3628137944042,-639.3628137944042,0
8623,639.4085613275827,-639.4085613275827,0
8624,639.4877639359302,-639.4877639359302,0
8625,639.5448678567315,-639.5448678567315,0
8626,639.7558298775124,-639.7558298775124,0
8627,639.963425208892,-639.963425208892,0
8628,640.152225602358,-640.152225602358,0
8629,640.2974441591772,-640.2974441591772,0
8630,640.4425986802236,-640.4425986802236,0
8631,640.5907125855931,-640.5907125855931,0
8632,640.7856665227146,-640.7856665227146,0
8633,640.9744357641101,-640.9744357641101,0
8634,641.1447404311394,-641.1447404311394,0
8635,641.3416062118458,-641.3416062118458,0
8636,641.489493386288,-641.489493386288,0
8637,641.6117465102569,-641.6117465102569,0
8638,641.7368452975901,-641.7368452975901,0
8639,641.8211284099723,-641.8211284099723,0
8640,641.8646848505208,-641.8646848505208,0
8641,641.8900809728472,-641.8900809728472,0
8642,641.9026119427987,-641.9026119427987,0
8643,641.9100206563872,-641.9100206563872,0
8644,641.9153799995468,-641.9153799995468,0
8645,641.9131032892043,-641.9131032892043,0
8646,641.9122020811453,-641.9122020811453,0
8647,641.9575113782444,-641.9575113782444,0
8648,642.113110488502,-642.113110488502,0
8649,642.203548652923,-642.203548652923,0
8650,642.3005451751059,-642.3005451751059,0
8651,642.3699607683267,-642.3699607683267,0
8652,642.3937848198019,-642.3937848198019,0
8653,642.4082954587727,-642.4082954587727,0
8654,642.4292461812015,-642.4292461812015,0
8655,642.5313352549689,-642.5313352549689,0
8656,642.6766823532571,-642.6766823532571,0
8657,642.8366398856351,-642.8366398856351,0
8658,643.0263649079043,-643.0263649079043,0
8659,643.1621144366006,-643.1621144366006,0
8660,643.3236818786254,-643.3236818786254,0
8661,643.4697737112814,-643.4697737112814,0
8662,643.5910480112032,-643.5910480112032,0
8663,643.6745380898125,-643.6745380898125,0
8664,643.7283500519586,-643.7283500519586,0
8665,643.7755604302586,-643.7755604302586,0
8666,643.8071524653109,-643.8071524653109,0
8667,643.8387197538946,-643.8387197538946,0
8668,643.8802760460801,-643.8802760460801,0
8669,643.9057461076815,-643.9057461076815,0
8670,643.9296323411569,-643.9296323411569,0
8671,644.0025700584736,-644.0025700584736,0
8672,644.1167324677596,-644.1167324677596,0
8673,644.2200886420483,-644.2200886420483,0
8674,644.3658126699682,-644.3658126699682,0
8675,644.4412039668848,-644.4412039668848,0
8676,644.452136031048,-644.452136031048,0
8677,644.8525411361376,-644.8525411361376,0
8678,645.2302989890125,-645.2302989890125,0
8679,645.5656151354025,-645.5656151354025,0
8680,645.9663218495181,-645.9663218495181,0
8681,646.3248429094534,-646.3248429094534,0
8682,646.562752822103,-646.562752822103,0
8683,646.8012514946388,-646.8012514946388,0
8684,646.9661183151455,-646.9661183151455,0
8685,647.1263536449931,-647.1263536449931,0
8686,647.2827410130353,-647.2827410130353,0
8687,647.3748197673308,-647.3748197673308,0
8688,647.4261907064878,-647.4261907064878,0
8689,647.4520335569375,-647.4520335569375,0
8690,647.4654711502859,-647.4654711502859,0
8691,647.4788617909692,-647.4788617909692,0
8692,647.4939967184309,-647.4939967184309,0
8693,647.4987659764012,-647.4987659764012,0
8694,647.5185580222692,-647.5185580222692,0
8695,647.5790017813159,-647.5790017813159,0
8696,647.6300682608315,-647.6300682608315,0
8697,647.7126228258005,-647.7126228258005,0
8698,647.7972065560112,-647.7972065560112,0
8699,647.8934131679655,-647.8934131679655,0
8700,648.1532731699376,-648.1532731699376,0
8701,648.9255210233697,-648.9255210233697,0
8702,649.4840451044489,-649.4840451044489,0
8703,649.8870196476507,-649.8870196476507,0
8704,650.1245270159087,-650.1245270159087,0
8705,650.274517824567,-650.274517824567,0
8706,650.4217762129653,-650.4217762129653,0
8707,650.5869382457257,-650.5869382457257,0
8708,650.7609642038205,-650.7609642038205,0
8709,650.9352757324723,-650.9352757324723,0
8710,651.0794319641952,-651.0794319641952,0
8711,651.2206245026825,-651.2206245026825,0
8712,651.2807831759451,-651.2807831759451,0
8713,651.3356305224708,-651.3356305224708,0
8714,651.3756323321867,-651.3756323321867,0
8715,651.4127329539656,-651.4127329539656,0
8716,651.4678173997415,-651.4678173997415,0
8717,651.5169054963225,-651.5169054963225,0
8718,651.545501119918,-651.545501119918,0
8719,651.5897436276225,-651.5897436276225,0
8720,651.7024853493964,-651.7024853493964,0
8721,651.7685703187037,-651.7685703187037,0
8722,651.8101156697089,-651.8101156697089,0
8723,651.8137469465001,-651.8137469465001,0
8724,651.8319997227778,-651.8319997227778,0
8725,651.9262886443854,-651.9262886443854,0
8726,651.9686217394982,-651.9686217394982,0
8727,652.0466938588964,-652.0466938588964,0
8728,652.1694185270566,-652.1694185270566,0
8729,652.2887246915345,-652.2887246915345,0
8730,652.4045471794165,-652.4045471794165,0
8731,652.5305871958928,-652.5305871958928,0
8732,652.6389404490836,-652.6389404490836,0
8733,652.7493836569121,-652.7493836569121,0
8734,652.8594562655418,-652.8594562655418,0
8735,652.9377695149025,-652.9377695149025,0
