,cum_cost,cum_reward,n_interventions
0,0.018042692376635073,-0.018042692376635073,0
1,0.01544715128980875,-0.01544715128980875,0
2,0.009946533893911837,-0.009946533893911837,0
3,0.005144756397230624,-0.005144756397230624,0
4,0.00042539781915902977,-0.00042539781915902977,0
5,-0.005272159043900968,0.005272159043900968,0
6,-0.009880283858239653,0.009880283858239653,0
7,0.03636792157686948,-0.03636792157686948,0
8,0.09197261940603971,-0.09197261940603971,0
9,0.13015404493573904,-0.13015404493573904,0
10,0.3251743682098446,-0.3251743682098446,0
11,0.9195761529863093,-0.9195761529863093,0
12,1.6148403753254628,-1.6148403753254628,0
13,1.9114376201043866,-1.9114376201043866,0
14,2.0427931544594786,-2.0427931544594786,0
15,2.6201323925028013,-2.6201323925028013,0
16,2.8261850386573264,-2.8261850386573264,0
17,3.0357768939446923,-3.0357768939446923,0
18,3.0784001249838373,-3.0784001249838373,0
19,3.226518336769111,-3.226518336769111,0
20,3.3268650876021866,-3.3268650876021866,1
21,3.435984277525686,-3.435984277525686,2
22,3.566928447712284,-3.566928447712284,3
23,3.63536226955859,-3.63536226955859,4
24,3.6707543508733798,-3.6707543508733798,5
25,3.694598996981518,-3.694598996981518,6
26,3.7158875950041104,-3.7158875950041104,7
27,3.7381663135074694,-3.7381663135074694,8
28,3.7554049729216223,-3.7554049729216223,9
29,3.783100072813327,-3.783100072813327,10
30,3.826424608431173,-3.826424608431173,11
31,3.919067682443047,-3.919067682443047,12
32,3.9999654696691134,-3.9999654696691134,13
33,4.388708665997292,-4.388708665997292,14
34,5.196753673214395,-5.196753673214395,15
35,6.005460431630982,-6.005460431630982,16
36,6.845228757160219,-6.845228757160219,17
37,7.224966429911372,-7.224966429911372,18
38,7.498992799169393,-7.498992799169393,19
39,8.087236911950022,-8.087236911950022,20
40,8.300960768909702,-8.300960768909702,21
41,8.565572402789304,-8.565572402789304,22
42,8.716775600927535,-8.716775600927535,23
43,8.876176315226418,-8.876176315226418,24
44,8.965015032600059,-8.965015032600059,25
45,9.124494790023517,-9.124494790023517,26
46,9.215866675988305,-9.215866675988305,27
47,9.281500014163823,-9.281500014163823,28
48,9.317879808581635,-9.317879808581635,29
49,9.371977520435298,-9.371977520435298,30
50,9.41561386966192,-9.41561386966192,31
51,9.464861560493679,-9.464861560493679,32
52,9.502136469275637,-9.502136469275637,33
53,9.538024497207351,-9.538024497207351,34
54,9.61364876969287,-9.61364876969287,35
55,9.714722547975411,-9.714722547975411,36
56,9.856382546502136,-9.856382546502136,37
57,10.492690818446349,-10.492690818446349,38
58,11.213363700719123,-11.213363700719123,39
59,11.713968651500927,-11.713968651500927,40
60,11.943008468552677,-11.943008468552677,41
61,12.046621051495395,-12.046621051495395,42
62,12.07049880443323,-12.07049880443323,43
63,12.22215405438784,-12.22215405438784,44
64,12.312647961218646,-12.312647961218646,45
65,12.414143174045718,-12.414143174045718,46
66,12.505462462672407,-12.505462462672407,47
67,12.616976113579032,-12.616976113579032,48
68,12.723356014500979,-12.723356014500979,49
69,12.922673481647516,-12.922673481647516,50
70,13.052433790690873,-13.052433790690873,51
71,13.102336603098047,-13.102336603098047,52
72,13.369305677843176,-13.369305677843176,53
73,13.427403139889439,-13.427403139889439,54
74,13.475862522202652,-13.475862522202652,55
75,13.525606879519989,-13.525606879519989,56
76,13.602878695313445,-13.602878695313445,57
77,13.667198483957398,-13.667198483957398,58
78,13.710408646444275,-13.710408646444275,59
79,13.794146611061452,-13.794146611061452,60
80,13.97203434531027,-13.97203434531027,61
81,14.059143132535718,-14.059143132535718,62
82,14.157612031249206,-14.157612031249206,63
83,14.212283479281853,-14.212283479281853,64
84,14.282104410063997,-14.282104410063997,65
85,14.403225985929197,-14.403225985929197,66
86,14.480709844734454,-14.480709844734454,67
87,14.561472604337382,-14.561472604337382,68
88,14.710480057120215,-14.710480057120215,69
89,14.84273681667191,-14.84273681667191,70
90,15.043825244783388,-15.043825244783388,71
91,15.836120961289334,-15.836120961289334,72
92,16.517718525867597,-16.517718525867597,73
93,16.799585116192592,-16.799585116192592,74
94,16.90582381837462,-16.90582381837462,75
95,16.977598406139744,-16.977598406139744,76
96,17.00572418179481,-17.00572418179481,77
97,17.03209553896688,-17.03209553896688,78
98,17.053347683430093,-17.053347683430093,79
99,17.071742627216732,-17.071742627216732,80
100,17.106559033874998,-17.106559033874998,81
101,17.135117343066643,-17.135117343066643,82
102,17.166393307728637,-17.166393307728637,83
103,17.2311351835639,-17.2311351835639,84
104,17.329408116750987,-17.329408116750987,85
105,17.34720435662217,-17.34720435662217,86
106,17.63096209704413,-17.63096209704413,87
107,17.927339402212308,-17.927339402212308,88
108,17.977260626433534,-17.977260626433534,89
109,18.008058420849633,-18.008058420849633,90
110,18.017991915095735,-18.017991915095735,91
111,18.103176140838,-18.103176140838,92
112,18.31232919741337,-18.31232919741337,93
113,18.389124019516846,-18.389124019516846,94
114,18.48653500661369,-18.48653500661369,95
115,18.58610392258231,-18.58610392258231,96
116,18.717811577278738,-18.717811577278738,97
117,18.83391279777342,-18.83391279777342,98
118,19.00604394444268,-19.00604394444268,99
119,19.154995964827773,-19.154995964827773,100
120,19.23881763475777,-19.23881763475777,101
121,19.262092322889277,-19.262092322889277,102
122,19.286944304478393,-19.286944304478393,103
123,19.303551235062717,-19.303551235062717,104
124,19.33053343739492,-19.33053343739492,105
125,19.35862436565165,-19.35862436565165,106
126,19.433939687745163,-19.433939687745163,107
127,19.53616803103529,-19.53616803103529,108
128,19.609612730791753,-19.609612730791753,109
129,19.965280464695535,-19.965280464695535,110
130,20.211852598126764,-20.211852598126764,111
131,20.401301847882877,-20.401301847882877,112
132,20.613969629576566,-20.613969629576566,113
133,20.803251230654265,-20.803251230654265,114
134,20.924445830278728,-20.924445830278728,115
135,21.029476117969892,-21.029476117969892,116
136,21.123165119593445,-21.123165119593445,117
137,21.268897847342853,-21.268897847342853,118
138,21.392815066591766,-21.392815066591766,119
139,21.498453985333676,-21.498453985333676,120
140,21.684889360345384,-21.684889360345384,121
141,21.824106276029095,-21.824106276029095,122
142,21.932709250676673,-21.932709250676673,123
143,22.001776637786914,-22.001776637786914,124
144,22.05641270514121,-22.05641270514121,125
145,22.10319958366294,-22.10319958366294,126
146,22.156689268467733,-22.156689268467733,127
147,22.200633741082456,-22.200633741082456,128
148,22.256495035501903,-22.256495035501903,129
149,22.297054985690817,-22.297054985690817,130
150,22.38185884153048,-22.38185884153048,131
151,22.459850047817614,-22.459850047817614,132
152,22.652020407065617,-22.652020407065617,133
153,22.854429239804354,-22.854429239804354,134
154,23.044004239153722,-23.044004239153722,135
155,23.207916614629614,-23.207916614629614,136
156,23.318130735764026,-23.318130735764026,137
157,23.99937178160436,-23.99937178160436,138
158,24.806498288311303,-24.806498288311303,139
159,25.294719602735935,-25.294719602735935,140
160,25.57949745550479,-25.57949745550479,141
161,25.955962534127796,-25.955962534127796,142
162,26.125189876309634,-26.125189876309634,143
163,26.29980493924731,-26.29980493924731,144
164,26.421658151918756,-26.421658151918756,145
165,26.523048161172614,-26.523048161172614,146
166,26.639838106752126,-26.639838106752126,147
167,26.687732857993115,-26.687732857993115,148
168,26.76114443963217,-26.76114443963217,149
169,26.78141275825337,-26.78141275825337,150
170,26.822518199479376,-26.822518199479376,151
171,26.851520786226594,-26.851520786226594,152
172,26.924188658328863,-26.924188658328863,153
173,26.94608470563991,-26.94608470563991,154
174,27.02156371497839,-27.02156371497839,155
175,27.092800858863946,-27.092800858863946,156
176,27.189932085985028,-27.189932085985028,157
177,27.267862862535505,-27.267862862535505,158
178,27.420213796413588,-27.420213796413588,159
179,27.61382436048999,-27.61382436048999,160
180,27.790345122702757,-27.790345122702757,161
181,27.87155623157066,-27.87155623157066,162
182,28.253786850091053,-28.253786850091053,163
183,28.475687299978205,-28.475687299978205,164
184,28.705485172711608,-28.705485172711608,165
185,28.941404588340593,-28.941404588340593,166
186,29.17690968310341,-29.17690968310341,167
187,29.336453006227817,-29.336453006227817,168
188,29.456582336063338,-29.456582336063338,169
189,29.56888547946158,-29.56888547946158,170
190,29.70234417648532,-29.70234417648532,171
191,29.78429115367704,-29.78429115367704,172
192,29.849252486928712,-29.849252486928712,173
193,29.90218476881744,-29.90218476881744,174
194,29.936510516029344,-29.936510516029344,175
195,29.989619884177813,-29.989619884177813,176
196,30.047111461018602,-30.047111461018602,177
197,30.118916874963084,-30.118916874963084,178
198,30.166794754169654,-30.166794754169654,179
199,30.285306270630972,-30.285306270630972,180
200,30.386837650007045,-30.386837650007045,181
201,30.596393805007047,-30.596393805007047,182
202,30.785738487719243,-30.785738487719243,183
203,30.95787520447574,-30.95787520447574,184
204,31.15249428457457,-31.15249428457457,185
205,31.378147385730315,-31.378147385730315,186
206,31.53986183930792,-31.53986183930792,187
207,31.7853596093936,-31.7853596093936,188
208,31.95954160747083,-31.95954160747083,189
209,32.24802729457781,-32.24802729457781,190
210,32.419286596784076,-32.419286596784076,191
211,32.54329765489037,-32.54329765489037,192
212,32.67116265246747,-32.67116265246747,193
213,32.807059715091505,-32.807059715091505,194
214,32.90776542128421,-32.90776542128421,195
215,32.97301259372532,-32.97301259372532,196
216,32.999012476567316,-32.999012476567316,197
217,33.018610884840456,-33.018610884840456,198
218,33.04297493588426,-33.04297493588426,199
219,33.06120525467256,-33.06120525467256,200
220,33.07973112388817,-33.07973112388817,201
221,33.1169071650853,-33.1169071650853,202
222,33.14414354484388,-33.14414354484388,203
223,33.23124071070443,-33.23124071070443,204
224,33.357368162198334,-33.357368162198334,205
225,33.55604500001151,-33.55604500001151,206
226,33.72204853741728,-33.72204853741728,207
227,33.80891139770524,-33.80891139770524,208
228,33.89889006368995,-33.89889006368995,209
229,34.09198993887584,-34.09198993887584,210
230,34.40260706343402,-34.40260706343402,211
231,34.64301562307474,-34.64301562307474,212
232,34.8385710292551,-34.8385710292551,213
233,34.9358464967873,-34.9358464967873,214
234,35.090090723198884,-35.090090723198884,215
235,35.28101087447541,-35.28101087447541,216
236,35.43621251396044,-35.43621251396044,217
237,35.53196664591407,-35.53196664591407,218
238,35.6368807663436,-35.6368807663436,219
239,35.72015250250865,-35.72015250250865,220
240,35.77059367319172,-35.77059367319172,221
241,35.827304945842016,-35.827304945842016,222
242,35.84690944092299,-35.84690944092299,223
243,35.87697127241053,-35.87697127241053,224
244,35.90999462984869,-35.90999462984869,225
245,35.98547738528519,-35.98547738528519,226
246,36.015688612898266,-36.015688612898266,227
247,36.097919512676214,-36.097919512676214,228
248,36.19041503687226,-36.19041503687226,229
249,36.34880738609032,-36.34880738609032,230
250,36.49205317626107,-36.49205317626107,231
251,36.62305381681194,-36.62305381681194,232
252,36.74964363276628,-36.74964363276628,233
253,36.843419352353834,-36.843419352353834,234
254,37.01950336960211,-37.01950336960211,235
255,37.103762978754794,-37.103762978754794,236
256,37.25494950889649,-37.25494950889649,237
257,37.36347275524347,-37.36347275524347,238
258,37.478772324617935,-37.478772324617935,239
259,37.643791849053294,-37.643791849053294,240
260,37.75642780517944,-37.75642780517944,241
261,37.86718937597135,-37.86718937597135,242
262,37.986643514037944,-37.986643514037944,243
263,38.04301244258404,-38.04301244258404,244
264,38.14000984339906,-38.14000984339906,245
265,38.15909886742151,-38.15909886742151,246
266,38.17808053415739,-38.17808053415739,247
267,38.23948763943787,-38.23948763943787,248
268,38.272272288866155,-38.272272288866155,249
269,38.2901150992416,-38.2901150992416,250
270,38.348622881850154,-38.348622881850154,251
271,38.430197953576446,-38.430197953576446,252
272,38.51121867838661,-38.51121867838661,253
273,38.63874278748485,-38.63874278748485,254
274,38.75991628444705,-38.75991628444705,255
275,39.074223036825074,-39.074223036825074,256
276,39.68642299686187,-39.68642299686187,257
277,40.39052040438052,-40.39052040438052,258
278,41.044114835914236,-41.044114835914236,259
279,41.438635261094696,-41.438635261094696,260
280,41.601600623043666,-41.601600623043666,261
281,41.78404140537453,-41.78404140537453,262
282,41.93762791175453,-41.93762791175453,263
283,42.06323552626445,-42.06323552626445,264
284,42.15315907702685,-42.15315907702685,265
285,42.27786885468775,-42.27786885468775,266
286,42.384313016691685,-42.384313016691685,267
287,42.440453347761995,-42.440453347761995,268
288,42.46983840134053,-42.46983840134053,269
289,42.48947959421951,-42.48947959421951,270
290,42.5089287228889,-42.5089287228889,271
291,42.526943671562336,-42.526943671562336,272
292,42.544889927894346,-42.544889927894346,273
293,42.58555843862536,-42.58555843862536,274
294,42.606219178309736,-42.606219178309736,275
295,42.694789379459536,-42.694789379459536,276
296,42.84531078770738,-42.84531078770738,277
297,42.94387270317566,-42.94387270317566,278
298,43.560534738004556,-43.560534738004556,279
299,44.1418048711016,-44.1418048711016,280
300,44.24935924475743,-44.24935924475743,281
301,44.26177022389155,-44.26177022389155,282
302,44.28606648408839,-44.28606648408839,283
303,44.37692763871649,-44.37692763871649,284
304,44.52173214754187,-44.52173214754187,285
305,44.609700927400944,-44.609700927400944,286
306,44.710332121038164,-44.710332121038164,287
307,44.79103614345866,-44.79103614345866,288
308,44.9295363478951,-44.9295363478951,289
309,45.04562898479733,-45.04562898479733,290
310,45.146836168274774,-45.146836168274774,291
311,45.20931641915207,-45.20931641915207,292
312,45.24673205184941,-45.24673205184941,293
313,45.27214989267859,-45.27214989267859,294
314,45.291742319614414,-45.291742319614414,295
315,45.31037485731453,-45.31037485731453,296
316,45.33314101766618,-45.33314101766618,297
317,45.35051519257357,-45.35051519257357,298
318,45.36823537905568,-45.36823537905568,299
319,45.45158822243656,-45.45158822243656,300
320,45.5405661843777,-45.5405661843777,301
321,45.67115030141072,-45.67115030141072,302
322,45.72064912776611,-45.72064912776611,303
323,45.918607253046254,-45.918607253046254,304
324,46.027889089803054,-46.027889089803054,305
325,46.207009849317586,-46.207009849317586,306
326,46.235289493316166,-46.235289493316166,307
327,46.88098688843805,-46.88098688843805,308
328,47.739350251068316,-47.739350251068316,309
329,48.4955378754627,-48.4955378754627,310
330,48.83160282713623,-48.83160282713623,311
331,48.93609688918532,-48.93609688918532,312
332,49.05105364838028,-49.05105364838028,313
333,49.15717249422216,-49.15717249422216,314
334,49.26204565066595,-49.26204565066595,315
335,49.31207247888536,-49.31207247888536,316
336,49.33232515339636,-49.33232515339636,317
337,49.354085201715996,-49.354085201715996,318
338,49.37326985250585,-49.37326985250585,319
339,49.392977088395725,-49.392977088395725,320
340,49.41194041580147,-49.41194041580147,321
341,49.431975313485395,-49.431975313485395,322
342,49.45369391165579,-49.45369391165579,323
343,49.5372258098649,-49.5372258098649,324
344,49.62118909675171,-49.62118909675171,325
345,49.642955694522755,-49.642955694522755,326
346,49.66633794707127,-49.66633794707127,327
347,49.74418287594784,-49.74418287594784,328
348,49.76403153479672,-49.76403153479672,329
349,49.76660219322448,-49.76660219322448,330
350,49.77072808572624,-49.77072808572624,331
351,49.95905263325294,-49.95905263325294,332
352,50.12230292941119,-50.12230292941119,333
353,50.229654072732984,-50.229654072732984,334
354,50.4109971401766,-50.4109971401766,335
355,50.520526734621335,-50.520526734621335,336
356,50.71937297493895,-50.71937297493895,337
357,50.830288721505504,-50.830288721505504,338
358,50.93873987587016,-50.93873987587016,339
359,50.99178050144781,-50.99178050144781,340
360,51.052643549966405,-51.052643549966405,341
361,51.07910647399948,-51.07910647399948,342
362,51.09724100500126,-51.09724100500126,343
363,51.118468183366886,-51.118468183366886,344
364,51.13807287689089,-51.13807287689089,345
365,51.15733599201079,-51.15733599201079,346
366,51.17845268438493,-51.17845268438493,347
367,51.24531930315088,-51.24531930315088,348
368,51.30287112180905,-51.30287112180905,349
369,51.37690251750575,-51.37690251750575,350
370,51.48508566674225,-51.48508566674225,351
371,51.56241966563078,-51.56241966563078,352
372,51.56688078279164,-51.56688078279164,353
373,51.62449328273729,-51.62449328273729,354
374,51.79161291578533,-51.79161291578533,355
375,51.99120505172881,-51.99120505172881,356
376,52.106880222156036,-52.106880222156036,357
377,52.25494836296554,-52.25494836296554,358
378,52.39776390186365,-52.39776390186365,359
379,52.52556414464086,-52.52556414464086,360
380,52.60926283636196,-52.60926283636196,361
381,52.71479241108379,-52.71479241108379,362
382,52.82637706923352,-52.82637706923352,363
383,52.93700355244089,-52.93700355244089,364
384,53.00935148235068,-53.00935148235068,365
385,53.14104827179023,-53.14104827179023,366
386,53.16701053680706,-53.16701053680706,367
387,53.20498303822791,-53.20498303822791,368
388,53.24289838229373,-53.24289838229373,369
389,53.28458774109249,-53.28458774109249,370
390,53.33885282721328,-53.33885282721328,371
391,53.461165090624576,-53.461165090624576,372
392,53.575670096215944,-53.575670096215944,373
393,53.63943500229452,-53.63943500229452,374
394,53.709762763322495,-53.709762763322495,375
395,53.75192465789094,-53.75192465789094,376
396,53.866249984320184,-53.866249984320184,377
397,53.87356514408841,-53.87356514408841,378
398,53.87802185750588,-53.87802185750588,379
399,54.06239191371153,-54.06239191371153,380
400,54.28458807033218,-54.28458807033218,381
401,54.40170331278435,-54.40170331278435,382
402,54.513384621894076,-54.513384621894076,383
403,54.66798824520876,-54.66798824520876,384
404,54.781606030410664,-54.781606030410664,385
405,54.8704021921776,-54.8704021921776,386
406,54.963106577571395,-54.963106577571395,387
407,55.028982708769846,-55.028982708769846,388
408,55.062873639782936,-55.062873639782936,389
409,55.081999278564695,-55.081999278564695,390
410,55.10692247982327,-55.10692247982327,391
411,55.12446702153329,-55.12446702153329,392
412,55.141890159652085,-55.141890159652085,393
413,55.16071514985825,-55.16071514985825,394
414,55.17900239366423,-55.17900239366423,395
415,55.28348483010973,-55.28348483010973,396
416,55.36206912543901,-55.36206912543901,397
417,55.43637829191706,-55.43637829191706,398
418,55.55677359030672,-55.55677359030672,399
419,55.69106210717001,-55.69106210717001,400
420,55.84794877793387,-55.84794877793387,401
421,55.91991900931661,-55.91991900931661,402
422,56.01789790109221,-56.01789790109221,403
423,56.09839856903846,-56.09839856903846,404
424,56.17434629860497,-56.17434629860497,405
425,56.27548357226387,-56.27548357226387,406
426,56.36972359528496,-56.36972359528496,407
427,56.53713132013046,-56.53713132013046,408
428,56.7086822105884,-56.7086822105884,409
429,56.811642900375254,-56.811642900375254,410
430,56.91500102234737,-56.91500102234737,411
431,56.96288982761337,-56.96288982761337,412
432,56.998739615436605,-56.998739615436605,413
433,57.04608685846853,-57.04608685846853,414
434,57.07359747049868,-57.07359747049868,415
435,57.11983298886323,-57.11983298886323,416
436,57.14848675947053,-57.14848675947053,417
437,57.19395192731774,-57.19395192731774,418
438,57.22383138242677,-57.22383138242677,419
439,57.307873321549486,-57.307873321549486,420
440,57.39806385056384,-57.39806385056384,421
441,57.475349491308094,-57.475349491308094,422
442,57.48022523880837,-57.48022523880837,423
443,57.572530577166766,-57.572530577166766,424
444,57.67304468421806,-57.67304468421806,425
445,57.785281389016525,-57.785281389016525,426
446,57.98710098151459,-57.98710098151459,427
447,58.081947571860056,-58.081947571860056,428
448,58.807310713357055,-58.807310713357055,429
449,59.60183794624678,-59.60183794624678,430
450,60.33522148520001,-60.33522148520001,431
451,61.13887369414902,-61.13887369414902,432
452,61.84849865555154,-61.84849865555154,433
453,62.23820528261338,-62.23820528261338,434
454,62.38862657775464,-62.38862657775464,435
455,62.43860116903448,-62.43860116903448,436
456,62.46251678652311,-62.46251678652311,437
457,62.48221151856524,-62.48221151856524,438
458,62.50248216065907,-62.50248216065907,439
459,62.52738975957115,-62.52738975957115,440
460,62.54509168339567,-62.54509168339567,441
461,62.56545095162285,-62.56545095162285,442
462,62.60668338772984,-62.60668338772984,443
463,62.703138097915556,-62.703138097915556,444
464,62.78722940831727,-62.78722940831727,445
465,62.954587654088556,-62.954587654088556,446
466,63.110218231065325,-63.110218231065325,447
467,63.21687401517589,-63.21687401517589,448
468,63.28693811495995,-63.28693811495995,449
469,63.46248521929479,-63.46248521929479,450
470,63.59041891008704,-63.59041891008704,451
471,63.774012583431606,-63.774012583431606,452
472,63.92223503637356,-63.92223503637356,453
473,64.00592245066454,-64.00592245066454,454
474,64.1043674841414,-64.1043674841414,455
475,64.17109656290371,-64.17109656290371,456
476,64.2802394558735,-64.2802394558735,457
477,64.48524309654576,-64.48524309654576,458
478,64.58693242185423,-64.58693242185423,459
479,64.66187155158471,-64.66187155158471,460
480,64.69977347023165,-64.69977347023165,461
481,64.73406950721136,-64.73406950721136,462
482,64.75431655190235,-64.75431655190235,463
483,64.80826010864997,-64.80826010864997,464
484,64.85468955262643,-64.85468955262643,465
485,64.8939971242485,-64.8939971242485,466
486,64.91242762607025,-64.91242762607025,467
487,64.99285802362975,-64.99285802362975,468
488,65.28981482478608,-65.28981482478608,469
489,65.41832020981133,-65.41832020981133,470
490,65.5695290412425,-65.5695290412425,471
491,65.65540579421535,-65.65540579421535,472
492,66.4094098276796,-66.4094098276796,473
493,67.15337466578458,-67.15337466578458,474
494,67.46511665649936,-67.46511665649936,475
495,67.67495572542991,-67.67495572542991,476
496,67.90796338716599,-67.90796338716599,477
497,68.19392724199831,-68.19392724199831,478
498,68.35004424271871,-68.35004424271871,479
499,68.55594153444169,-68.55594153444169,480
500,68.72198598931203,-68.72198598931203,481
501,68.9349197930219,-68.9349197930219,482
502,69.11695203915582,-69.11695203915582,483
503,69.16697231072266,-69.16697231072266,484
504,69.24025110758733,-69.24025110758733,485
505,69.26033830676653,-69.26033830676653,486
506,69.28225987069462,-69.28225987069462,487
507,69.3037185898032,-69.3037185898032,488
508,69.3222395394263,-69.3222395394263,489
509,69.3470698333683,-69.3470698333683,490
510,69.39165980900425,-69.39165980900425,491
511,69.47668351362613,-69.47668351362613,492
512,69.55209799687381,-69.55209799687381,493
513,69.64666983059199,-69.64666983059199,494
514,69.80890500661842,-69.80890500661842,495
515,69.950946275465,-69.950946275465,496
516,70.03284057770988,-70.03284057770988,497
517,70.79092371163702,-70.79092371163702,498
518,71.6607604231824,-71.6607604231824,499
519,72.27263982544297,-72.27263982544297,500
520,72.48115855353751,-72.48115855353751,501
521,72.6724631235511,-72.6724631235511,502
522,72.9050105799512,-72.9050105799512,503
523,73.04006402062295,-73.04006402062295,504
524,73.1526231819305,-73.1526231819305,505
525,73.28203997241799,-73.28203997241799,506
526,73.37539970491105,-73.37539970491105,507
527,73.44388760466059,-73.44388760466059,508
528,73.52088589358421,-73.52088589358421,509
529,73.57237805559687,-73.57237805559687,510
530,73.63372957250905,-73.63372957250905,511
531,73.69548184229872,-73.69548184229872,512
532,73.71722980141881,-73.71722980141881,513
533,73.75430796332692,-73.75430796332692,514
534,73.81656205954144,-73.81656205954144,515
535,73.90972687871607,-73.90972687871607,516
536,74.03687299810906,-74.03687299810906,517
537,74.08305587656777,-74.08305587656777,518
538,74.22532980853066,-74.22532980853066,519
539,74.89407469079063,-74.89407469079063,520
540,75.38297910491221,-75.38297910491221,521
541,75.53669768469513,-75.53669768469513,522
542,75.69096701964095,-75.69096701964095,523
543,75.8666693845783,-75.8666693845783,524
544,76.03963314271954,-76.03963314271954,525
545,76.24318840214018,-76.24318840214018,526
546,76.43244759152672,-76.43244759152672,527
547,76.6035004236155,-76.6035004236155,528
548,76.7544566534318,-76.7544566534318,529
549,76.87595933480462,-76.87595933480462,530
550,76.98282848247095,-76.98282848247095,531
551,77.03446969889944,-77.03446969889944,532
552,77.10367338109108,-77.10367338109108,533
553,77.13718337319928,-77.13718337319928,534
554,77.17530071045294,-77.17530071045294,535
555,77.20417451548975,-77.20417451548975,536
556,77.24871683715023,-77.24871683715023,537
557,77.32514851365585,-77.32514851365585,538
558,77.40044450246039,-77.40044450246039,539
559,77.52157553876971,-77.52157553876971,540
560,77.58290681385266,-77.58290681385266,541
561,77.59764077714733,-77.59764077714733,542
562,77.64415077887477,-77.64415077887477,543
563,77.81823965080883,-77.81823965080883,544
564,77.91133633390386,-77.91133633390386,545
565,77.94212516501194,-77.94212516501194,546
566,77.9778968299387,-77.9778968299387,547
567,78.061869386072,-78.061869386072,548
568,78.24825566212648,-78.24825566212648,549
569,78.45237103856292,-78.45237103856292,550
570,78.61533668614166,-78.61533668614166,551
571,78.7766902848262,-78.7766902848262,552
572,78.87401493929637,-78.87401493929637,553
573,78.97793085246559,-78.97793085246559,554
574,79.06862765797096,-79.06862765797096,555
575,79.12450978675432,-79.12450978675432,556
576,79.16300390889424,-79.16300390889424,557
577,79.18581095885668,-79.18581095885668,558
578,79.20581740501582,-79.20581740501582,559
579,79.22643373666118,-79.22643373666118,560
580,79.24521283654998,-79.24521283654998,561
581,79.27535953474856,-79.27535953474856,562
582,79.30820123160923,-79.30820123160923,563
583,79.41117077876461,-79.41117077876461,564
584,79.47001148160007,-79.47001148160007,565
585,79.4875802275811,-79.4875802275811,566
586,79.5750798072684,-79.5750798072684,567
587,79.66657821808613,-79.66657821808613,568
588,80.15026486018932,-80.15026486018932,569
589,80.24796899784774,-80.24796899784774,570
590,80.25759837347128,-80.25759837347128,571
591,80.86046530999361,-80.86046530999361,572
592,80.94877203419483,-80.94877203419483,573
593,81.1462010852884,-81.1462010852884,574
594,81.30136654827946,-81.30136654827946,575
595,81.41293061894356,-81.41293061894356,576
596,81.5502416567269,-81.5502416567269,577
597,81.66722646279159,-81.66722646279159,578
598,81.77050414489396,-81.77050414489396,579
599,81.93046767928088,-81.93046767928088,580
600,81.95278101378376,-81.95278101378376,581
601,81.97508365457362,-81.97508365457362,582
602,81.99734770324515,-81.99734770324515,583
603,82.01857333099426,-82.01857333099426,584
604,82.0527377596429,-82.0527377596429,585
605,82.07729973412174,-82.07729973412174,586
606,82.12008764674455,-82.12008764674455,587
607,82.19932555902695,-82.19932555902695,588
608,82.3663473843817,-82.3663473843817,589
609,82.46498654938203,-82.46498654938203,590
610,82.91551528391275,-82.91551528391275,591
611,83.52404066344974,-83.52404066344974,592
612,83.76119340069391,-83.76119340069391,593
613,83.97739609468807,-83.97739609468807,594
614,84.10701971033625,-84.10701971033625,595
615,84.32555830679394,-84.32555830679394,596
616,84.5658686206691,-84.5658686206691,597
617,84.79898489027485,-84.79898489027485,598
618,85.09862111472474,-85.09862111472474,599
619,85.273399714093,-85.273399714093,600
620,85.45927607908432,-85.45927607908432,601
621,85.61083670088001,-85.61083670088001,602
622,85.80965434144973,-85.80965434144973,603
623,85.92625815453675,-85.92625815453675,604
624,85.99701215736383,-85.99701215736383,605
625,86.0499965830572,-86.0499965830572,606
626,86.10666983553733,-86.10666983553733,607
627,86.19772785679764,-86.19772785679764,608
628,86.25164499832495,-86.25164499832495,609
629,86.36018180783215,-86.36018180783215,610
630,86.4357747188266,-86.4357747188266,611
631,86.5914577188273,-86.5914577188273,612
632,86.83966467989353,-86.83966467989353,613
633,86.94877768602038,-86.94877768602038,614
634,87.03055349855809,-87.03055349855809,615
635,87.15822063533804,-87.15822063533804,616
636,87.77423326639467,-87.77423326639467,617
637,88.3003323459323,-88.3003323459323,618
638,88.4395824977919,-88.4395824977919,619
639,88.60527731699949,-88.60527731699949,620
640,88.71475042768654,-88.71475042768654,621
641,88.85275545597904,-88.85275545597904,622
642,89.02808807566224,-89.02808807566224,623
643,89.1866110515151,-89.1866110515151,624
644,89.43025158028708,-89.43025158028708,625
645,89.60825976780565,-89.60825976780565,626
646,89.70242514773584,-89.70242514773584,627
647,89.75821020967176,-89.75821020967176,628
648,89.80071374680266,-89.80071374680266,629
649,89.84235590454486,-89.84235590454486,630
650,89.86209922074131,-89.86209922074131,631
651,89.88279502306587,-89.88279502306587,632
652,89.9009359651905,-89.9009359651905,633
653,89.92691174904782,-89.92691174904782,634
654,90.00287272297612,-90.00287272297612,635
655,90.09145739617374,-90.09145739617374,636
656,90.27548948442234,-90.27548948442234,637
657,90.33527490124646,-90.33527490124646,638
658,90.45481156699891,-90.45481156699891,639
659,90.57987280038867,-90.57987280038867,640
660,90.63989778891147,-90.63989778891147,641
661,90.80476358292412,-90.80476358292412,642
662,91.09042372845248,-91.09042372845248,643
663,91.7807594374,-91.7807594374,644
664,92.00525881440471,-92.00525881440471,645
665,92.206195723095,-92.206195723095,646
666,92.31151606771417,-92.31151606771417,647
667,92.48087478298882,-92.48087478298882,648
668,92.62389965595898,-92.62389965595898,649
669,92.74296221018756,-92.74296221018756,650
670,92.86334429001204,-92.86334429001204,651
671,92.93945791202576,-92.93945791202576,652
672,92.99784296532883,-92.99784296532883,653
673,93.02640457680059,-93.02640457680059,654
674,93.04710167248123,-93.04710167248123,655
675,93.06548031159042,-93.06548031159042,656
676,93.0875299305104,-93.0875299305104,657
677,93.1053873274736,-93.1053873274736,658
678,93.14411683587325,-93.14411683587325,659
679,93.23421966444488,-93.23421966444488,660
680,93.28366514608368,-93.28366514608368,661
681,93.40282487352073,-93.40282487352073,662
682,93.40781611612694,-93.40781611612694,663
683,93.41138399294925,-93.41138399294925,664
684,93.41742944479572,-93.41742944479572,665
685,93.42817454052933,-93.42817454052933,666
686,93.45291651076751,-93.45291651076751,667
687,93.64551284823108,-93.64551284823108,668
688,93.80322946827714,-93.80322946827714,669
689,94.0162016594552,-94.0162016594552,670
690,94.1140293373447,-94.1140293373447,671
691,94.25284439088767,-94.25284439088767,672
692,94.36566858858745,-94.36566858858745,673
693,94.46295977682595,-94.46295977682595,674
694,94.551760638691,-94.551760638691,675
695,94.60921502894209,-94.60921502894209,676
696,94.64720260932508,-94.64720260932508,677
697,94.69189882538006,-94.69189882538006,678
698,94.71993049851288,-94.71993049851288,679
699,94.75576385254082,-94.75576385254082,680
700,94.77959369737364,-94.77959369737364,681
701,94.80634925960895,-94.80634925960895,682
702,94.83290904953046,-94.83290904953046,683
703,94.90841707005345,-94.90841707005345,684
704,94.98057874270839,-94.98057874270839,685
705,95.02460010211303,-95.02460010211303,686
706,95.42706202045746,-95.42706202045746,687
707,95.99355270233671,-95.99355270233671,688
708,96.69951674403305,-96.69951674403305,689
709,97.47420850939432,-97.47420850939432,690
710,98.1878643374277,-98.1878643374277,691
711,98.96025774385379,-98.96025774385379,692
712,99.36601657086973,-99.36601657086973,693
713,99.4403371950723,-99.4403371950723,694
714,99.57975754744129,-99.57975754744129,695
715,99.73936882880929,-99.73936882880929,696
716,99.83025818367402,-99.83025818367402,697
717,99.98630272545961,-99.98630272545961,698
718,100.10251028193485,-100.10251028193485,699
719,100.25461716799006,-100.25461716799006,700
720,100.31242905486945,-100.31242905486945,701
721,100.36341622720278,-100.36341622720278,702
722,100.39048144278627,-100.39048144278627,703
723,100.41282437708472,-100.41282437708472,704
724,100.4388411967596,-100.4388411967596,705
725,100.47856376223432,-100.47856376223432,706
726,100.54596844885387,-100.54596844885387,707
727,100.65026091737187,-100.65026091737187,708
728,100.88914123542617,-100.88914123542617,709
729,101.00021947053388,-101.00021947053388,710
730,101.01887719694696,-101.01887719694696,711
731,101.05543058561344,-101.05543058561344,712
732,101.08801968939316,-101.08801968939316,713
733,101.16178324478639,-101.16178324478639,714
734,101.35212015409726,-101.35212015409726,715
735,101.47548338612319,-101.47548338612319,716
736,101.60690231779883,-101.60690231779883,717
737,101.7432244758898,-101.7432244758898,718
738,101.903337736247,-101.903337736247,719
739,102.08661650835187,-102.08661650835187,720
740,102.20401078451962,-102.20401078451962,721
741,102.30128499059983,-102.30128499059983,722
742,102.39100873532743,-102.39100873532743,723
743,102.44687065523709,-102.44687065523709,724
744,102.4849916798661,-102.4849916798661,725
745,102.52137291824185,-102.52137291824185,726
746,102.55713517396961,-102.55713517396961,727
747,102.5902575153557,-102.5902575153557,728
748,102.62184419117051,-102.62184419117051,729
749,102.66140087594562,-102.66140087594562,730
750,102.6881427449231,-102.6881427449231,731
751,102.78664659613511,-102.78664659613511,732
752,102.98252868179472,-102.98252868179472,733
753,103.08863818052919,-103.08863818052919,734
754,103.18581889251759,-103.18581889251759,735
755,103.2141436891517,-103.2141436891517,736
756,103.26567172767457,-103.26567172767457,737
757,103.32745183554414,-103.32745183554414,738
758,103.35882987825387,-103.35882987825387,739
759,103.48078508474244,-103.48078508474244,740
760,103.63056467554335,-103.63056467554335,741
761,103.81172947691996,-103.81172947691996,742
762,103.95353917787074,-103.95353917787074,743
763,104.06680822544486,-104.06680822544486,744
764,104.27858450164786,-104.27858450164786,745
765,104.40024829921856,-104.40024829921856,746
766,104.54618063258793,-104.54618063258793,747
767,104.66282091017365,-104.66282091017365,748
768,104.72475928845826,-104.72475928845826,749
769,104.77419220263879,-104.77419220263879,750
770,104.81420621651856,-104.81420621651856,751
771,104.87881701116281,-104.87881701116281,752
772,104.92244398393215,-104.92244398393215,753
773,104.95050875328978,-104.95050875328978,754
774,104.98187088813407,-104.98187088813407,755
775,105.0676754626477,-105.0676754626477,756
776,105.31036842950996,-105.31036842950996,757
777,105.4333038654344,-105.4333038654344,758
778,105.55541335595832,-105.55541335595832,759
779,105.63506531909638,-105.63506531909638,760
780,105.69875107170044,-105.69875107170044,761
781,105.74522320875671,-105.74522320875671,762
782,105.79562188969408,-105.79562188969408,763
783,105.92867734552698,-105.92867734552698,764
784,106.14660895318251,-106.14660895318251,765
785,106.36208152804365,-106.36208152804365,766
786,106.48142122405645,-106.48142122405645,767
787,106.62056593685219,-106.62056593685219,768
788,106.72852826553789,-106.72852826553789,769
789,106.81399384076592,-106.81399384076592,770
790,106.90140364721321,-106.90140364721321,771
791,106.96034316658223,-106.96034316658223,772
792,106.98157581179477,-106.98157581179477,773
793,107.008066699151,-107.008066699151,774
794,107.03948271149586,-107.03948271149586,775
795,107.06345483510509,-107.06345483510509,776
796,107.10850042927889,-107.10850042927889,777
797,107.14934248123718,-107.14934248123718,778
798,107.22269156479669,-107.22269156479669,779
799,107.32046015379058,-107.32046015379058,780
800,107.40921335975938,-107.40921335975938,781
801,107.46763660745752,-107.46763660745752,782
802,107.52602011950496,-107.52602011950496,783
803,107.5602717759462,-107.5602717759462,784
804,107.55671570511164,-107.55671570511164,785
805,107.55826562818808,-107.55826562818808,786
806,107.56672964076775,-107.56672964076775,787
807,107.73697843572468,-107.73697843572468,788
808,107.81262672844171,-107.81262672844171,789
809,107.90081509948918,-107.90081509948918,790
810,107.9782907992522,-107.9782907992522,791
811,108.03314706753167,-108.03314706753167,792
812,108.10675797142177,-108.10675797142177,793
813,108.28945530806789,-108.28945530806789,794
814,108.44118451488168,-108.44118451488168,795
815,108.53012752201262,-108.53012752201262,796
816,108.55817497764602,-108.55817497764602,797
817,108.57886306582762,-108.57886306582762,798
818,108.63494450677865,-108.63494450677865,799
819,108.65250897931293,-108.65250897931293,800
820,108.71604171698337,-108.71604171698337,801
821,108.79141718446292,-108.79141718446292,802
822,108.83813203780471,-108.83813203780471,803
823,108.96448437498088,-108.96448437498088,804
824,109.06210956766343,-109.06210956766343,805
825,109.32913439988694,-109.32913439988694,806
826,109.33563661832626,-109.33563661832626,807
827,109.33446135078096,-109.33446135078096,808
828,109.38498900199714,-109.38498900199714,809
829,109.38836713293347,-109.38836713293347,810
830,109.45449638798631,-109.45449638798631,811
831,109.62448673755411,-109.62448673755411,812
832,109.81641474262081,-109.81641474262081,813
833,109.98520281960667,-109.98520281960667,814
834,110.13822327775713,-110.13822327775713,815
835,110.29258700183486,-110.29258700183486,816
836,110.39745765710401,-110.39745765710401,817
837,110.50241657181635,-110.50241657181635,818
838,110.61685377770331,-110.61685377770331,819
839,110.69322240871675,-110.69322240871675,820
840,110.7530464659,-110.7530464659,821
841,110.77848287993758,-110.77848287993758,822
842,110.8015636341809,-110.8015636341809,823
843,110.82303182935384,-110.82303182935384,824
844,110.84025008648327,-110.84025008648327,825
845,110.85894491711979,-110.85894491711979,826
846,110.91795168913977,-110.91795168913977,827
847,111.00373277782955,-111.00373277782955,828
848,111.05986689250611,-111.05986689250611,829
849,111.1518967017185,-111.1518967017185,830
850,111.24280612199975,-111.24280612199975,831
851,111.31143641829185,-111.31143641829185,832
852,111.3071005102209,-111.3071005102209,833
853,111.8537458472121,-111.8537458472121,834
854,112.5892883580828,-112.5892883580828,835
855,113.26255900729592,-113.26255900729592,836
856,113.408162141228,-113.408162141228,837
857,113.6185230168475,-113.6185230168475,838
858,113.80698668122159,-113.80698668122159,839
859,113.99142509233256,-113.99142509233256,840
860,114.0822637983882,-114.0822637983882,841
861,114.18106984991942,-114.18106984991942,842
862,114.25009010989541,-114.25009010989541,843
863,114.28878336511944,-114.28878336511944,844
864,114.3215306616394,-114.3215306616394,845
865,114.35324753352492,-114.35324753352492,846
866,114.37242750653544,-114.37242750653544,847
867,114.39457102610146,-114.39457102610146,848
868,114.41265877111672,-114.41265877111672,849
869,114.43224407087084,-114.43224407087084,850
870,114.45093051131016,-114.45093051131016,851
871,114.54294939499431,-114.54294939499431,852
872,114.6270604852117,-114.6270604852117,853
873,114.79179214231058,-114.79179214231058,854
874,114.8842048456959,-114.8842048456959,855
875,114.96164313583273,-114.96164313583273,856
876,115.02080305904624,-115.02080305904624,857
877,115.04530945722396,-115.04530945722396,858
878,115.12445393010782,-115.12445393010782,859
879,115.26190374395684,-115.26190374395684,860
880,115.41807045509603,-115.41807045509603,861
881,115.5948674249958,-115.5948674249958,862
882,115.7002020467983,-115.7002020467983,863
883,115.81600287931619,-115.81600287931619,864
884,115.90542644635823,-115.90542644635823,865
885,116.11138262081279,-116.11138262081279,866
886,116.20408302375552,-116.20408302375552,867
887,116.26710564040737,-116.26710564040737,868
888,116.2889466339459,-116.2889466339459,869
889,116.31020495233761,-116.31020495233761,870
890,116.33148972514273,-116.33148972514273,871
891,116.37095667629706,-116.37095667629706,872
892,116.39462718291931,-116.39462718291931,873
893,116.41218284460611,-116.41218284460611,874
894,116.45360366746361,-116.45360366746361,875
895,116.54939863710538,-116.54939863710538,876
896,116.7436506688975,-116.7436506688975,877
897,116.87284059443373,-116.87284059443373,878
898,116.93674859862337,-116.93674859862337,879
899,116.94415071018538,-116.94415071018538,880
900,116.94927533573947,-116.94927533573947,881
901,116.9809086460631,-116.9809086460631,882
902,116.98434861592072,-116.98434861592072,883
903,117.02195221250042,-117.02195221250042,884
904,117.14322356187452,-117.14322356187452,885
905,117.40434042075618,-117.40434042075618,886
906,117.65248895604878,-117.65248895604878,887
907,117.77130121242685,-117.77130121242685,888
908,117.90511276538909,-117.90511276538909,889
909,118.02740598440604,-118.02740598440604,890
910,118.1411595769256,-118.1411595769256,891
911,118.24212635470874,-118.24212635470874,892
912,118.29455483127367,-118.29455483127367,893
913,118.33508410351156,-118.33508410351156,894
914,118.37315427299283,-118.37315427299283,895
915,118.42350519241427,-118.42350519241427,896
916,118.46903488963143,-118.46903488963143,897
917,118.51707494572081,-118.51707494572081,898
918,118.5728310893125,-118.5728310893125,899
919,118.64984340596455,-118.64984340596455,900
920,118.78417330418874,-118.78417330418874,901
921,119.01089627281092,-119.01089627281092,902
922,119.28432083635653,-119.28432083635653,903
923,119.97602184658679,-119.97602184658679,904
924,120.4951123522234,-120.4951123522234,905
925,120.62875984626871,-120.62875984626871,906
926,120.66484211694146,-120.66484211694146,907
927,120.84894887176192,-120.84894887176192,908
928,120.93246258611148,-120.93246258611148,909
929,121.15374080512956,-121.15374080512956,910
930,121.28561382801196,-121.28561382801196,911
931,121.46242491509814,-121.46242491509814,912
932,121.56420955969082,-121.56420955969082,913
933,121.67347035370697,-121.67347035370697,914
934,121.75404155410025,-121.75404155410025,915
935,121.81501684778144,-121.81501684778144,916
936,121.86230976332116,-121.86230976332116,917
937,121.89762752483949,-121.89762752483949,918
938,121.92415753680655,-121.92415753680655,919
939,121.95687593356429,-121.95687593356429,920
940,122.04115964767182,-122.04115964767182,921
941,122.09414447715798,-122.09414447715798,922
942,122.14266075163091,-122.14266075163091,923
943,122.23916280676755,-122.23916280676755,924
944,122.32548227554649,-122.32548227554649,925
945,122.33175244518903,-122.33175244518903,926
946,122.50074905299442,-122.50074905299442,927
947,122.64170794206298,-122.64170794206298,928
948,122.81657917975257,-122.81657917975257,929
949,122.88970511987996,-122.88970511987996,930
950,122.89684243252147,-122.89684243252147,931
951,123.0312114914881,-123.0312114914881,932
952,123.23289682731829,-123.23289682731829,933
953,123.42019344364762,-123.42019344364762,934
954,123.56502455971442,-123.56502455971442,935
955,123.71574789514138,-123.71574789514138,936
956,123.87130133074756,-123.87130133074756,937
957,124.00015443002316,-124.00015443002316,938
958,124.13831674202362,-124.13831674202362,939
959,124.2436100990199,-124.2436100990199,940
960,124.2820798524485,-124.2820798524485,941
961,124.30359028519982,-124.30359028519982,942
962,124.32791222267284,-124.32791222267284,943
963,124.34742920004754,-124.34742920004754,944
964,124.36462095672776,-124.36462095672776,945
965,124.39289333872938,-124.39289333872938,946
966,124.4258333992091,-124.4258333992091,947
967,124.51057407450432,-124.51057407450432,948
968,124.56628741003432,-124.56628741003432,949
969,124.64441459251314,-124.64441459251314,950
970,124.84695944571176,-124.84695944571176,951
971,124.87130072435761,-124.87130072435761,952
972,124.93967130965922,-124.93967130965922,953
973,124.98749073629004,-124.98749073629004,954
974,124.9984688986216,-124.9984688986216,955
975,125.04290942293768,-125.04290942293768,956
976,125.10629675359279,-125.10629675359279,957
977,125.23349277184602,-125.23349277184602,958
978,125.33115375643989,-125.33115375643989,959
979,125.45328503165904,-125.45328503165904,960
980,125.58792667689822,-125.58792667689822,961
981,125.68336043123965,-125.68336043123965,962
982,125.90421142519989,-125.90421142519989,963
983,126.00059059224648,-126.00059059224648,964
984,126.14534187035615,-126.14534187035615,965
985,126.24009875144114,-126.24009875144114,966
986,126.27433946337423,-126.27433946337423,967
987,126.306531423912,-126.306531423912,968
988,126.36383823718177,-126.36383823718177,969
989,126.39111588870706,-126.39111588870706,970
990,126.44583346100731,-126.44583346100731,971
991,126.57191423605835,-126.57191423605835,972
992,126.76049450180979,-126.76049450180979,973
993,126.89342763295572,-126.89342763295572,974
994,127.07192752503254,-127.07192752503254,975
995,127.35224240010365,-127.35224240010365,976
996,128.22193234107255,-128.22193234107255,977
997,129.00967773902735,-129.00967773902735,978
998,129.46584050623383,-129.46584050623383,979
999,129.7633325067251,-129.7633325067251,980
1000,129.91452301011137,-129.91452301011137,981
1001,130.01860269515308,-130.01860269515308,982
1002,130.20581806362878,-130.20581806362878,983
1003,130.39359538385958,-130.39359538385958,984
1004,130.5301271847757,-130.5301271847757,985
1005,130.71727368921373,-130.71727368921373,986
1006,130.82101449099997,-130.82101449099997,987
1007,130.8701408945464,-130.8701408945464,988
1008,130.91109778381036,-130.91109778381036,989
1009,130.930711993949,-130.930711993949,990
1010,130.96348638126892,-130.96348638126892,991
1011,131.00564762455772,-131.00564762455772,992
1012,131.0349272391851,-131.0349272391851,993
1013,131.0783531987969,-131.0783531987969,994
1014,131.1478110476686,-131.1478110476686,995
1015,131.23571865052065,-131.23571865052065,996
1016,131.37620041160233,-131.37620041160233,997
1017,131.51881840022054,-131.51881840022054,998
1018,131.65586656873398,-131.65586656873398,999
1019,131.75125761864206,-131.75125761864206,1000
1020,131.8029859039588,-131.8029859039588,1001
1021,131.90629139842665,-131.90629139842665,1002
1022,131.99027530821897,-131.99027530821897,1003
1023,132.0766937690693,-132.0766937690693,1004
1024,132.19149747143348,-132.19149747143348,1005
1025,132.3310374144039,-132.3310374144039,1006
1026,132.51724329363745,-132.51724329363745,1007
1027,132.66133320606934,-132.66133320606934,1008
1028,132.79455838105378,-132.79455838105378,1009
1029,132.87410814419414,-132.87410814419414,1010
1030,132.9419226398201,-132.9419226398201,1011
1031,132.98721029263106,-132.98721029263106,1012
1032,133.01305003128562,-133.01305003128562,1013
1033,133.04372359670873,-133.04372359670873,1014
1034,133.07959261423755,-133.07959261423755,1015
1035,133.10119734712677,-133.10119734712677,1016
1036,133.14996852780723,-133.14996852780723,1017
1037,133.17632401370977,-133.17632401370977,1018
1038,133.1969489210358,-133.1969489210358,1019
1039,133.28723054993756,-133.28723054993756,1020
1040,133.3842548577877,-133.3842548577877,1021
1041,133.59398270662032,-133.59398270662032,1022
1042,133.76216739145522,-133.76216739145522,1023
1043,133.94710317022646,-133.94710317022646,1024
1044,134.06160460102475,-134.06160460102475,1025
1045,134.13779426308764,-134.13779426308764,1026
1046,134.24310762347272,-134.24310762347272,1027
1047,134.38662711797872,-134.38662711797872,1028
1048,134.53780813117933,-134.53780813117933,1029
1049,134.66383959332128,-134.66383959332128,1030
1050,134.76327212035554,-134.76327212035554,1031
1051,134.9121766925955,-134.9121766925955,1032
1052,135.07751062715317,-135.07751062715317,1033
1053,135.1454238204835,-135.1454238204835,1034
1054,135.3012093969932,-135.3012093969932,1035
1055,135.38339021939737,-135.38339021939737,1036
1056,135.4271020616808,-135.4271020616808,1037
1057,135.45092628951446,-135.45092628951446,1038
1058,135.48728703357872,-135.48728703357872,1039
1059,135.53320162199637,-135.53320162199637,1040
1060,135.5777874506255,-135.5777874506255,1041
1061,135.63330534206128,-135.63330534206128,1042
1062,135.67437576180555,-135.67437576180555,1043
1063,135.90291149506376,-135.90291149506376,1044
1064,136.78733692504397,-136.78733692504397,1045
1065,137.4967047550038,-137.4967047550038,1046
1066,138.29777251224323,-138.29777251224323,1047
1067,138.95999170995734,-138.95999170995734,1048
1068,139.28933579463748,-139.28933579463748,1049
1069,139.34647985927492,-139.34647985927492,1050
1070,139.40323190949027,-139.40323190949027,1051
1071,139.52444456867187,-139.52444456867187,1052
1072,139.66302708618517,-139.66302708618517,1053
1073,139.8137165171242,-139.8137165171242,1054
1074,139.9632376540556,-139.9632376540556,1055
1075,140.05825323701566,-140.05825323701566,1056
1076,140.1701981912046,-140.1701981912046,1057
1077,140.28656533311715,-140.28656533311715,1058
1078,140.40147765740466,-140.40147765740466,1059
1079,140.49105580831414,-140.49105580831414,1060
1080,140.53670009645688,-140.53670009645688,1061
1081,140.5803426229141,-140.5803426229141,1062
1082,140.6255908393181,-140.6255908393181,1063
1083,140.67252731418182,-140.67252731418182,1064
1084,140.73727154979588,-140.73727154979588,1065
1085,140.7984526872078,-140.7984526872078,1066
1086,140.865477392475,-140.865477392475,1067
1087,141.10940334526268,-141.10940334526268,1068
1088,141.23946768937748,-141.23946768937748,1069
1089,141.39031359882313,-141.39031359882313,1070
1090,141.42761133162313,-141.42761133162313,1071
1091,141.58474923029465,-141.58474923029465,1072
1092,141.6977097341265,-141.6977097341265,1073
1093,141.81973698858343,-141.81973698858343,1074
1094,141.94792907278034,-141.94792907278034,1075
1095,142.0628852523909,-142.0628852523909,1076
1096,142.211786118563,-142.211786118563,1077
1097,142.2720011858661,-142.2720011858661,1078
1098,142.46417687590082,-142.46417687590082,1079
1099,142.56217081137163,-142.56217081137163,1080
1100,142.69315013478354,-142.69315013478354,1081
1101,142.80661712271757,-142.80661712271757,1082
1102,142.93919436768024,-142.93919436768024,1083
1103,142.9948856753453,-142.9948856753453,1084
1104,143.04064989405902,-143.04064989405902,1085
1105,143.08529486239738,-143.08529486239738,1086
1106,143.1221681121149,-143.1221681121149,1087
1107,143.1747666714967,-143.1747666714967,1088
1108,143.2267957522335,-143.2267957522335,1089
1109,143.28314346227447,-143.28314346227447,1090
1110,143.33562870195684,-143.33562870195684,1091
1111,143.42828997589265,-143.42828997589265,1092
1112,143.56306380460902,-143.56306380460902,1093
1113,143.65034400206014,-143.65034400206014,1094
1114,143.8803809707807,-143.8803809707807,1095
1115,144.03163011283007,-144.03163011283007,1096
1116,144.09844895561147,-144.09844895561147,1097
1117,144.15493776276824,-144.15493776276824,1098
1118,144.1842313355618,-144.1842313355618,1099
1119,144.23978570904166,-144.23978570904166,1100
1120,144.3578628543118,-144.3578628543118,1101
1121,144.5141526686208,-144.5141526686208,1102
1122,144.62142778735526,-144.62142778735526,1103
1123,144.76949056721662,-144.76949056721662,1104
1124,144.92719512565387,-144.92719512565387,1105
1125,145.02201568278363,-145.02201568278363,1106
1126,145.11060014525464,-145.11060014525464,1107
1127,145.15746996372738,-145.15746996372738,1108
1128,145.19487967612676,-145.19487967612676,1109
1129,145.21817288971852,-145.21817288971852,1110
1130,145.23947499731676,-145.23947499731676,1111
1131,145.28788331586085,-145.28788331586085,1112
1132,145.31109211232103,-145.31109211232103,1113
1133,145.33255717849613,-145.33255717849613,1114
1134,145.37373095833382,-145.37373095833382,1115
1135,145.46373580949242,-145.46373580949242,1116
1136,145.57166182237592,-145.57166182237592,1117
1137,145.6772457857051,-145.6772457857051,1118
1138,145.7859832349997,-145.7859832349997,1119
1139,145.91566909939036,-145.91566909939036,1120
1140,146.60716552765234,-146.60716552765234,1121
1141,147.53396210783166,-147.53396210783166,1122
1142,148.28101336798161,-148.28101336798161,1123
1143,148.70748244618844,-148.70748244618844,1124
1144,148.88164455281455,-148.88164455281455,1125
1145,148.95492772029908,-148.95492772029908,1126
1146,149.0678586125289,-149.0678586125289,1127
1147,149.13242559801432,-149.13242559801432,1128
1148,149.25773278143143,-149.25773278143143,1129
1149,149.4684944474787,-149.4684944474787,1130
1150,149.5784878992535,-149.5784878992535,1131
1151,149.6383948414281,-149.6383948414281,1132
1152,149.67308230795862,-149.67308230795862,1133
1153,149.71048828388982,-149.71048828388982,1134
1154,149.7397388613175,-149.7397388613175,1135
1155,149.76402976937536,-149.76402976937536,1136
1156,149.80387207902865,-149.80387207902865,1137
1157,149.83965993615485,-149.83965993615485,1138
1158,149.88590472695148,-149.88590472695148,1139
1159,149.993728900807,-149.993728900807,1140
1160,150.1648716072308,-150.1648716072308,1141
1161,150.43465907523552,-150.43465907523552,1142
1162,150.50772068210196,-150.50772068210196,1143
1163,150.51481270902883,-150.51481270902883,1144
1164,150.51489154943238,-150.51489154943238,1145
1165,150.524210735015,-150.524210735015,1146
1166,150.57473475097524,-150.57473475097524,1147
1167,150.69772428424392,-150.69772428424392,1148
1168,150.75652273601287,-150.75652273601287,1149
1169,150.830458533984,-150.830458533984,1150
1170,151.00166338048533,-151.00166338048533,1151
1171,151.11490490640293,-151.11490490640293,1152
1172,151.2242753327432,-151.2242753327432,1153
1173,151.30805866572618,-151.30805866572618,1154
1174,151.39409671091676,-151.39409671091676,1155
1175,151.43468678972687,-151.43468678972687,1156
1176,151.45551004543975,-151.45551004543975,1157
1177,151.47985421838837,-151.47985421838837,1158
1178,151.49898652218488,-151.49898652218488,1159
1179,151.51929753762124,-151.51929753762124,1160
1180,151.53740435034197,-151.53740435034197,1161
1181,151.55524125548388,-151.55524125548388,1162
1182,151.57339995037472,-151.57339995037472,1163
1183,151.66971842807507,-151.66971842807507,1164
1184,151.7308747013869,-151.7308747013869,1165
1185,151.83158813282412,-151.83158813282412,1166
1186,151.83795659258573,-151.83795659258573,1167
1187,151.8377498713514,-151.8377498713514,1168
1188,152.2004073542056,-152.2004073542056,1169
1189,152.38238332711498,-152.38238332711498,1170
1190,152.3840553253871,-152.3840553253871,1171
1191,152.40562556619267,-152.40562556619267,1172
1192,152.42536299866495,-152.42536299866495,1173
1193,152.61966982770053,-152.61966982770053,1174
1194,153.20858642042472,-153.20858642042472,1175
1195,153.9571742013931,-153.9571742013931,1176
1196,154.76624236539058,-154.76624236539058,1177
1197,155.42671835335722,-155.42671835335722,1178
1198,156.1818383922923,-156.1818383922923,1179
1199,156.88637261087564,-156.88637261087564,1180
1200,157.44326564737602,-157.44326564737602,1181
1201,157.60378242616036,-157.60378242616036,1182
1202,157.62557977149262,-157.62557977149262,1183
1203,157.6432379468716,-157.6432379468716,1184
1204,157.6654635256808,-157.6654635256808,1185
1205,157.6972876127901,-157.6972876127901,1186
1206,157.71984952415852,-157.71984952415852,1187
1207,157.8308824477361,-157.8308824477361,1188
1208,157.91855528421559,-157.91855528421559,1189
1209,158.49093653492196,-158.49093653492196,1190
1210,158.94782180117662,-158.94782180117662,1191
1211,159.11475345998997,-159.11475345998997,1192
1212,159.21371033012494,-159.21371033012494,1193
1213,159.30335813526366,-159.30335813526366,1194
1214,159.36774371629315,-159.36774371629315,1195
1215,159.55402256122895,-159.55402256122895,1196
1216,159.80968975155278,-159.80968975155278,1197
1217,160.0435821864657,-160.0435821864657,1198
1218,160.21676700333242,-160.21676700333242,1199
1219,160.33043282638707,-160.33043282638707,1200
1220,160.48132956049633,-160.48132956049633,1201
1221,160.58475976533845,-160.58475976533845,1202
1222,160.7035595950173,-160.7035595950173,1203
1223,160.75678183840984,-160.75678183840984,1204
1224,160.80764585308012,-160.80764585308012,1205
1225,160.83931635529822,-160.83931635529822,1206
1226,160.87666425965878,-160.87666425965878,1207
1227,160.90675882514898,-160.90675882514898,1208
1228,160.943412249343,-160.943412249343,1209
1229,160.9852434618437,-160.9852434618437,1210
1230,161.08156806723778,-161.08156806723778,1211
1231,161.186502988679,-161.186502988679,1212
1232,161.2985968594509,-161.2985968594509,1213
1233,161.40872044032608,-161.40872044032608,1214
1234,161.436851189779,-161.436851189779,1215
1235,161.4431932379154,-161.4431932379154,1216
1236,161.43607939937624,-161.43607939937624,1217
1237,161.4237118562008,-161.4237118562008,1218
1238,161.48357516874083,-161.48357516874083,1219
1239,161.66677614994435,-161.66677614994435,1220
1240,161.7817724515098,-161.7817724515098,1221
1241,161.97378251895253,-161.97378251895253,1222
1242,162.15833076479592,-162.15833076479592,1223
1243,162.2440864277084,-162.2440864277084,1224
1244,162.34077180366063,-162.34077180366063,1225
1245,162.50058596702723,-162.50058596702723,1226
1246,162.6287858816347,-162.6287858816347,1227
1247,162.72465873503833,-162.72465873503833,1228
1248,162.8115882035166,-162.8115882035166,1229
1249,162.83392458781452,-162.83392458781452,1230
1250,162.8546073950002,-162.8546073950002,1231
1251,162.87350627280784,-162.87350627280784,1232
1252,162.8951702237763,-162.8951702237763,1233
1253,162.91471334516564,-162.91471334516564,1234
1254,162.9331191040742,-162.9331191040742,1235
1255,163.00930854451158,-163.00930854451158,1236
1256,163.09502437374664,-163.09502437374664,1237
1257,163.24171856943775,-163.24171856943775,1238
1258,163.33841068228858,-163.33841068228858,1239
1259,163.45572802470036,-163.45572802470036,1240
1260,163.51437049653106,-163.51437049653106,1241
1261,163.57985150273208,-163.57985150273208,1242
1262,163.70468141987345,-163.70468141987345,1243
1263,163.84189386495382,-163.84189386495382,1244
1264,163.98905584582286,-163.98905584582286,1245
1265,164.14179535168404,-164.14179535168404,1246
1266,164.28992743546416,-164.28992743546416,1247
1267,164.44455585629638,-164.44455585629638,1248
1268,164.55806844287196,-164.55806844287196,1249
1269,164.64068988222286,-164.64068988222286,1250
1270,164.72184454265266,-164.72184454265266,1251
1271,164.78053051422862,-164.78053051422862,1252
1272,164.8028451215462,-164.8028451215462,1253
1273,164.82253253179698,-164.82253253179698,1254
1274,164.84535800815527,-164.84535800815527,1255
1275,164.86297503050295,-164.86297503050295,1256
1276,164.88500125785035,-164.88500125785035,1257
1277,164.9022724120366,-164.9022724120366,1258
1278,164.92022754140154,-164.92022754140154,1259
1279,165.02024724848354,-165.02024724848354,1260
1280,165.21475917679894,-165.21475917679894,1261
1281,165.3545783677161,-165.3545783677161,1262
1282,165.44519170572875,-165.44519170572875,1263
1283,165.49712252380934,-165.49712252380934,1264
1284,165.51219272009166,-165.51219272009166,1265
1285,165.52797916629166,-165.52797916629166,1266
1286,165.55748253642946,-165.55748253642946,1267
1287,165.61177042628046,-165.61177042628046,1268
1288,165.7721426278559,-165.7721426278559,1269
1289,165.8433102749189,-165.8433102749189,1270
1290,166.06888950603363,-166.06888950603363,1271
1291,166.1696599973916,-166.1696599973916,1272
1292,166.3432902655124,-166.3432902655124,1273
1293,166.4253803966788,-166.4253803966788,1274
1294,166.50159286012075,-166.50159286012075,1275
1295,166.55046266715172,-166.55046266715172,1276
1296,166.5717256521672,-166.5717256521672,1277
1297,166.59767637906208,-166.59767637906208,1278
1298,166.6168561792532,-166.6168561792532,1279
1299,166.63656756934108,-166.63656756934108,1280
1300,166.65374045420822,-166.65374045420822,1281
1301,166.67051566285684,-166.67051566285684,1282
1302,166.6944179490154,-166.6944179490154,1283
1303,166.76096591853712,-166.76096591853712,1284
1304,166.8850075919168,-166.8850075919168,1285
1305,166.8814178406681,-166.8814178406681,1286
1306,166.887518796551,-166.887518796551,1287
1307,166.89493861258376,-166.89493861258376,1288
1308,166.90282776146844,-166.90282776146844,1289
1309,166.9101608363692,-166.9101608363692,1290
1310,166.9153033539474,-166.9153033539474,1291
1311,167.04956311970074,-167.04956311970074,1292
1312,167.10671213049164,-167.10671213049164,1293
1313,167.14682700550134,-167.14682700550134,1294
1314,167.25846686900533,-167.25846686900533,1295
1315,167.36852997497104,-167.36852997497104,1296
1316,167.50937782809888,-167.50937782809888,1297
1317,167.59091587028945,-167.59091587028945,1298
1318,167.67589453208004,-167.67589453208004,1299
1319,167.72477460508685,-167.72477460508685,1300
1320,167.74554838648692,-167.74554838648692,1301
1321,167.76941484867677,-167.76941484867677,1302
1322,167.7880786278386,-167.7880786278386,1303
1323,167.80573696748743,-167.80573696748743,1304
1324,167.82601586389444,-167.82601586389444,1305
1325,167.8418829710559,-167.8418829710559,1306
1326,167.89122791093473,-167.89122791093473,1307
1327,168.55495442371,-168.55495442371,1308
1328,169.32679377333997,-169.32679377333997,1309
1329,170.15744572397386,-170.15744572397386,1310
1330,170.9488655344806,-170.9488655344806,1311
1331,172.08067090494876,-172.08067090494876,1312
1332,172.683349137467,-172.683349137467,1313
1333,173.42277329483457,-173.42277329483457,1314
1334,173.71642803563932,-173.71642803563932,1315
1335,173.7907754862265,-173.7907754862265,1316
1336,173.95125899914416,-173.95125899914416,1317
1337,174.0043263932028,-174.0043263932028,1318
1338,174.0727729457349,-174.0727729457349,1319
1339,174.1460970470008,-174.1460970470008,1320
1340,174.20253737616815,-174.20253737616815,1321
1341,174.27632236185116,-174.27632236185116,1322
1342,174.3336972251408,-174.3336972251408,1323
1343,174.36434236961279,-174.36434236961279,1324
1344,174.3918841991743,-174.3918841991743,1325
1345,174.4183442175847,-174.4183442175847,1326
1346,174.43810910741786,-174.43810910741786,1327
1347,174.4570257449507,-174.4570257449507,1328
1348,174.47503689837964,-174.47503689837964,1329
1349,174.49826302278873,-174.49826302278873,1330
1350,174.51647039942992,-174.51647039942992,1331
1351,174.59481966132648,-174.59481966132648,1332
1352,174.64408519232398,-174.64408519232398,1333
1353,174.70751014568427,-174.70751014568427,1334
1354,174.72722887526632,-174.72722887526632,1335
1355,174.73771586203551,-174.73771586203551,1336
1356,174.8191768074672,-174.8191768074672,1337
1357,174.8407991459153,-174.8407991459153,1338
1358,174.8727525366864,-174.8727525366864,1339
1359,174.9601039881926,-174.9601039881926,1340
1360,175.0693773699441,-175.0693773699441,1341
1361,175.1558983882059,-175.1558983882059,1342
1362,175.21371068642486,-175.21371068642486,1343
1363,175.36841137270832,-175.36841137270832,1344
1364,175.5217909166633,-175.5217909166633,1345
1365,175.63651474611615,-175.63651474611615,1346
1366,175.72866552856533,-175.72866552856533,1347
1367,175.78435815913133,-175.78435815913133,1348
1368,175.8249360269621,-175.8249360269621,1349
1369,175.8545180226791,-175.8545180226791,1350
1370,175.87835370302008,-175.87835370302008,1351
1371,175.90169280629445,-175.90169280629445,1352
1372,175.92076833154727,-175.92076833154727,1353
1373,175.94056803537396,-175.94056803537396,1354
1374,175.9599843394437,-175.9599843394437,1355
1375,176.02875529502268,-176.02875529502268,1356
1376,176.1026587087994,-176.1026587087994,1357
1377,176.20520976587582,-176.20520976587582,1358
1378,176.31050461247122,-176.31050461247122,1359
1379,176.38587432259544,-176.38587432259544,1360
1380,176.46274612932626,-176.46274612932626,1361
1381,176.53703513085333,-176.53703513085333,1362
1382,176.6115764839366,-176.6115764839366,1363
1383,176.6920990864544,-176.6920990864544,1364
1384,176.8298261635688,-176.8298261635688,1365
1385,176.95385861345977,-176.95385861345977,1366
1386,177.0391202123102,-177.0391202123102,1367
1387,177.35948094812457,-177.35948094812457,1368
1388,177.55105531900463,-177.55105531900463,1369
1389,177.6445921925636,-177.6445921925636,1370
1390,177.81036005603727,-177.81036005603727,1371
1391,177.90831919657484,-177.90831919657484,1372
1392,177.9587974156619,-177.9587974156619,1373
1393,177.9779975813295,-177.9779975813295,1374
1394,177.99980384871577,-177.99980384871577,1375
1395,178.01948384915383,-178.01948384915383,1376
1396,178.04102156240486,-178.04102156240486,1377
1397,178.05836602131885,-178.05836602131885,1378
1398,178.08109918771453,-178.08109918771453,1379
1399,178.14867317085054,-178.14867317085054,1380
1400,178.27166195176963,-178.27166195176963,1381
1401,178.3635413551385,-178.3635413551385,1382
1402,178.428141352072,-178.428141352072,1383
1403,178.5047442145059,-178.5047442145059,1384
1404,178.54376724831866,-178.54376724831866,1385
1405,178.71432853092742,-178.71432853092742,1386
1406,178.79856527848534,-178.79856527848534,1387
1407,178.8801421282661,-178.8801421282661,1388
1408,178.98711781763586,-178.98711781763586,1389
1409,179.12370270315705,-179.12370270315705,1390
1410,179.2128039587339,-179.2128039587339,1391
1411,179.3944378650597,-179.3944378650597,1392
1412,179.48355075436194,-179.48355075436194,1393
1413,179.5499335665777,-179.5499335665777,1394
1414,179.61599967807607,-179.61599967807607,1395
1415,179.67235280411202,-179.67235280411202,1396
1416,179.69568648817128,-179.69568648817128,1397
1417,179.7190292745288,-179.7190292745288,1398
1418,179.738736621245,-179.738736621245,1399
1419,179.7568611232822,-179.7568611232822,1400
1420,179.77524538837213,-179.77524538837213,1401
1421,179.7918616495248,-179.7918616495248,1402
1422,179.81674874800973,-179.81674874800973,1403
1423,179.88587834586338,-179.88587834586338,1404
1424,179.94278747751073,-179.94278747751073,1405
1425,179.98888224863754,-179.98888224863754,1406
1426,180.12153154371003,-180.12153154371003,1407
1427,180.1693067065366,-180.1693067065366,1408
1428,180.26322234875653,-180.26322234875653,1409
1429,180.28689180884456,-180.28689180884456,1410
1430,180.36110692483484,-180.36110692483484,1411
1431,180.4242725171791,-180.4242725171791,1412
1432,180.47001044270337,-180.47001044270337,1413
1433,180.49609131299482,-180.49609131299482,1414
1434,180.53487672318678,-180.53487672318678,1415
1435,180.6616091330972,-180.6616091330972,1416
1436,180.69185571070085,-180.69185571070085,1417
1437,180.74309739535693,-180.74309739535693,1418
1438,180.81980072031226,-180.81980072031226,1419
1439,180.86973417871585,-180.86973417871585,1420
1440,180.8988339010421,-180.8988339010421,1421
1441,180.92947199159306,-180.92947199159306,1422
1442,180.95073350071885,-180.95073350071885,1423
1443,180.96985911961505,-180.96985911961505,1424
1444,180.9971789141722,-180.9971789141722,1425
1445,181.0153013707439,-181.0153013707439,1426
1446,181.04090452484635,-181.04090452484635,1427
1447,181.0939059426863,-181.0939059426863,1428
1448,181.25299044139086,-181.25299044139086,1429
1449,181.40222076896893,-181.40222076896893,1430
1450,181.40468557417975,-181.40468557417975,1431
1451,181.40282879812796,-181.40282879812796,1432
1452,181.39613294590953,-181.39613294590953,1433
1453,181.38595482780934,-181.38595482780934,1434
1454,181.37908822413945,-181.37908822413945,1435
1455,181.3877787019086,-181.3877787019086,1436
1456,181.44843385252625,-181.44843385252625,1437
1457,181.49061716087468,-181.49061716087468,1438
1458,181.56243239362374,-181.56243239362374,1439
1459,181.64756466854718,-181.64756466854718,1440
1460,181.71421665512753,-181.71421665512753,1441
1461,181.7925929107654,-181.7925929107654,1442
1462,181.90464966424668,-181.90464966424668,1443
1463,181.94940582957588,-181.94940582957588,1444
1464,181.97385677676954,-181.97385677676954,1445
1465,181.99352208541353,-181.99352208541353,1446
1466,182.01634749084238,-182.01634749084238,1447
1467,182.04753260351205,-182.04753260351205,1448
1468,182.0781123118574,-182.0781123118574,1449
1469,182.09951254478628,-182.09951254478628,1450
1470,182.13148221293648,-182.13148221293648,1451
1471,182.20251477647898,-182.20251477647898,1452
1472,182.23942493505234,-182.23942493505234,1453
1473,182.2786039217459,-182.2786039217459,1454
1474,182.40489168671616,-182.40489168671616,1455
1475,183.0371371554793,-183.0371371554793,1456
1476,183.6136241825157,-183.6136241825157,1457
1477,183.68373785068553,-183.68373785068553,1458
1478,184.01396945322517,-184.01396945322517,1459
1479,184.2904523640864,-184.2904523640864,1460
1480,184.362080746967,-184.362080746967,1461
1481,184.41471633145795,-184.41471633145795,1462
1482,184.48664025473246,-184.48664025473246,1463
1483,184.58018553397184,-184.58018553397184,1464
1484,184.65173816202716,-184.65173816202716,1465
1485,184.8116621120542,-184.8116621120542,1466
1486,184.93415782024675,-184.93415782024675,1467
1487,184.9830375907137,-184.9830375907137,1468
1488,185.03966136122935,-185.03966136122935,1469
1489,185.06349223716325,-185.06349223716325,1470
1490,185.08174901525877,-185.08174901525877,1471
1491,185.10417178488038,-185.10417178488038,1472
1492,185.12179601686995,-185.12179601686995,1473
1493,185.1413188582238,-185.1413188582238,1474
1494,185.16201685797446,-185.16201685797446,1475
1495,185.2127145326674,-185.2127145326674,1476
1496,185.24951238981268,-185.24951238981268,1477
1497,185.38074680854015,-185.38074680854015,1478
1498,185.40094750239257,-185.40094750239257,1479
1499,185.4052982800659,-185.4052982800659,1480
1500,185.45913050543516,-185.45913050543516,1481
1501,185.54546423702138,-185.54546423702138,1482
1502,185.56368656148643,-185.56368656148643,1483
1503,185.6280003846431,-185.6280003846431,1484
1504,185.70745408800857,-185.70745408800857,1485
1505,185.85434690948182,-185.85434690948182,1486
1506,185.94260913059517,-185.94260913059517,1487
1507,186.09971769847837,-186.09971769847837,1488
1508,186.26245265350892,-186.26245265350892,1489
1509,186.38008162999785,-186.38008162999785,1490
1510,186.49842391504896,-186.49842391504896,1491
1511,186.5444150209295,-186.5444150209295,1492
1512,186.5901707159878,-186.5901707159878,1493
1513,186.60986180451056,-186.60986180451056,1494
1514,186.63276428764394,-186.63276428764394,1495
1515,186.65102473897335,-186.65102473897335,1496
1516,186.6713979804562,-186.6713979804562,1497
1517,186.702814552418,-186.702814552418,1498
1518,186.7306987160096,-186.7306987160096,1499
1519,186.82447616904238,-186.82447616904238,1500
1520,186.89997531543375,-186.89997531543375,1501
1521,187.06228803685843,-187.06228803685843,1502
1522,187.18737071665262,-187.18737071665262,1503
1523,187.30892038554063,-187.30892038554063,1504
1524,187.40138232003753,-187.40138232003753,1505
1525,187.5879800762459,-187.5879800762459,1506
1526,187.79541439882348,-187.79541439882348,1507
1527,187.97086764512778,-187.97086764512778,1508
1528,188.23611604077087,-188.23611604077087,1509
1529,188.31823969516796,-188.31823969516796,1510
1530,188.52489914099877,-188.52489914099877,1511
1531,188.69691358093007,-188.69691358093007,1512
1532,188.8718830122763,-188.8718830122763,1513
1533,189.03747534883016,-189.03747534883016,1514
1534,189.17300593834378,-189.17300593834378,1515
1535,189.22567661903435,-189.22567661903435,1516
1536,189.2839307178261,-189.2839307178261,1517
1537,189.33437505241326,-189.33437505241326,1518
1538,189.38683268245956,-189.38683268245956,1519
1539,189.42844334814234,-189.42844334814234,1520
1540,189.45856888230114,-189.45856888230114,1521
1541,189.49540545798052,-189.49540545798052,1522
1542,189.5803800724608,-189.5803800724608,1523
1543,190.1861807677949,-190.1861807677949,1524
1544,190.7222044571213,-190.7222044571213,1525
1545,190.8802595617818,-190.8802595617818,1526
1546,191.31043885772442,-191.31043885772442,1527
1547,191.6109150367814,-191.6109150367814,1528
1548,191.60960895920843,-191.60960895920843,1529
1549,191.60790489400853,-191.60790489400853,1530
1550,191.76933822654922,-191.76933822654922,1531
1551,192.62353144282636,-192.62353144282636,1532
1552,193.42496418966402,-193.42496418966402,1533
1553,193.63378046221996,-193.63378046221996,1534
1554,193.71681350136294,-193.71681350136294,1535
1555,193.90789518079154,-193.90789518079154,1536
1556,194.0159460207732,-194.0159460207732,1537
1557,194.10238928413764,-194.10238928413764,1538
1558,194.1862314286987,-194.1862314286987,1539
1559,194.29875764732301,-194.29875764732301,1540
1560,194.32480334589397,-194.32480334589397,1541
1561,194.34623134395747,-194.34623134395747,1542
1562,194.36766637125092,-194.36766637125092,1543
1563,194.3861575374081,-194.3861575374081,1544
1564,194.40249131548862,-194.40249131548862,1545
1565,194.41861481217762,-194.41861481217762,1546
1566,194.45304174882884,-194.45304174882884,1547
1567,195.04111243498303,-195.04111243498303,1548
1568,195.91439281909402,-195.91439281909402,1549
1569,196.64507302235083,-196.64507302235083,1550
1570,197.46603550493592,-197.46603550493592,1551
1571,198.19491674191212,-198.19491674191212,1552
1572,198.49440059413422,-198.49440059413422,1553
1573,198.55791704859115,-198.55791704859115,1554
1574,198.5710831364126,-198.5710831364126,1555
1575,198.6406209444804,-198.6406209444804,1556
1576,198.7294620750266,-198.7294620750266,1557
1577,198.84449035055016,-198.84449035055016,1558
1578,198.94368646894785,-198.94368646894785,1559
1579,199.06209965544863,-199.06209965544863,1560
1580,199.17349025841062,-199.17349025841062,1561
1581,199.29415083912735,-199.29415083912735,1562
1582,199.38478888294767,-199.38478888294767,1563
1583,199.44619342749138,-199.44619342749138,1564
1584,199.47996661577568,-199.47996661577568,1565
1585,199.49915386852186,-199.49915386852186,1566
1586,199.51897726750948,-199.51897726750948,1567
1587,199.54177850534592,-199.54177850534592,1568
1588,199.56332324003083,-199.56332324003083,1569
1589,199.58005457229865,-199.58005457229865,1570
1590,199.62292635446067,-199.62292635446067,1571
1591,199.88327034835413,-199.88327034835413,1572
1592,200.0234707920435,-200.0234707920435,1573
1593,200.16007297475164,-200.16007297475164,1574
1594,200.27189772143075,-200.27189772143075,1575
1595,200.28737272164477,-200.28737272164477,1576
1596,200.29240464526563,-200.29240464526563,1577
1597,200.2998237628067,-200.2998237628067,1578
1598,200.35221169839767,-200.35221169839767,1579
1599,200.38538212963505,-200.38538212963505,1580
1600,200.41985323381476,-200.41985323381476,1581
1601,200.52089464511542,-200.52089464511542,1582
1602,200.61629862472253,-200.61629862472253,1583
1603,200.79100787420407,-200.79100787420407,1584
1604,200.93569908937113,-200.93569908937113,1585
1605,201.0454112708985,-201.0454112708985,1586
1606,201.15082851911345,-201.15082851911345,1587
1607,201.21281161561348,-201.21281161561348,1588
1608,201.23769245213006,-201.23769245213006,1589
1609,201.25736761456562,-201.25736761456562,1590
1610,201.28127487142982,-201.28127487142982,1591
1611,201.29827245073855,-201.29827245073855,1592
1612,201.32430882578473,-201.32430882578473,1593
1613,201.35737752035678,-201.35737752035678,1594
1614,201.40178342801224,-201.40178342801224,1595
1615,201.47904980995935,-201.47904980995935,1596
1616,201.52805121072151,-201.52805121072151,1597
1617,201.59773849747455,-201.59773849747455,1598
1618,201.67050878729015,-201.67050878729015,1599
1619,201.69492511248674,-201.69492511248674,1600
1620,201.7036239926441,-201.7036239926441,1601
1621,201.70913156905226,-201.70913156905226,1602
1622,202.73737708644882,-202.73737708644882,1603
1623,203.2868078989269,-203.2868078989269,1604
1624,203.55443920213602,-203.55443920213602,1605
1625,203.75405000829267,-203.75405000829267,1606
1626,203.95044811812306,-203.95044811812306,1607
1627,204.13832732724973,-204.13832732724973,1608
1628,204.35693715850746,-204.35693715850746,1609
1629,204.49232687552146,-204.49232687552146,1610
1630,204.6164978206653,-204.6164978206653,1611
1631,204.68726277113595,-204.68726277113595,1612
1632,204.73666303450563,-204.73666303450563,1613
1633,204.76103368947994,-204.76103368947994,1614
1634,204.78116644590932,-204.78116644590932,1615
1635,204.7998749204141,-204.7998749204141,1616
1636,204.823942574487,-204.823942574487,1617
1637,204.8445420922543,-204.8445420922543,1618
1638,204.86657970636273,-204.86657970636273,1619
1639,204.96940833949168,-204.96940833949168,1620
1640,205.0505700086536,-205.0505700086536,1621
1641,205.1423293725167,-205.1423293725167,1622
1642,205.3686614767637,-205.3686614767637,1623
1643,205.49529222992493,-205.49529222992493,1624
1644,206.11561835585843,-206.11561835585843,1625
1645,206.33325398935193,-206.33325398935193,1626
1646,206.3889821062127,-206.3889821062127,1627
1647,206.4489358772437,-206.4489358772437,1628
1648,206.50808659801237,-206.50808659801237,1629
1649,206.58999650598827,-206.58999650598827,1630
1650,206.68580446120242,-206.68580446120242,1631
1651,206.79021178357377,-206.79021178357377,1632
1652,206.97195241727866,-206.97195241727866,1633
1653,207.09171676762992,-207.09171676762992,1634
1654,207.1945689366202,-207.1945689366202,1635
1655,207.27280710337473,-207.27280710337473,1636
1656,207.33160667954346,-207.33160667954346,1637
1657,207.3528441025818,-207.3528441025818,1638
1658,207.38504238975332,-207.38504238975332,1639
1659,207.41202321126588,-207.41202321126588,1640
1660,207.4339244495884,-207.4339244495884,1641
1661,207.47063682489863,-207.47063682489863,1642
1662,207.49638565010818,-207.49638565010818,1643
1663,207.58129018087857,-207.58129018087857,1644
1664,207.740431707272,-207.740431707272,1645
1665,208.3943848038824,-208.3943848038824,1646
1666,209.01752851647487,-209.01752851647487,1647
1667,209.27486863762334,-209.27486863762334,1648
1668,209.41500946607943,-209.41500946607943,1649
1669,209.45267966865075,-209.45267966865075,1650
1670,209.5059272906008,-209.5059272906008,1651
1671,209.58986839445663,-209.58986839445663,1652
1672,209.7090496301432,-209.7090496301432,1653
1673,209.8107804536184,-209.8107804536184,1654
1674,209.89985302242175,-209.89985302242175,1655
1675,210.0171353038934,-210.0171353038934,1656
1676,210.11848542698425,-210.11848542698425,1657
1677,210.21409668663745,-210.21409668663745,1658
1678,210.324827176218,-210.324827176218,1659
1679,210.3613849143417,-210.3613849143417,1660
1680,210.3998113977346,-210.3998113977346,1661
1681,210.42373544830446,-210.42373544830446,1662
1682,210.44288043427449,-210.44288043427449,1663
1683,210.46047775107522,-210.46047775107522,1664
1684,210.48104356681847,-210.48104356681847,1665
1685,210.49850402502588,-210.49850402502588,1666
1686,210.5475167437364,-210.5475167437364,1667
1687,210.63852718404425,-210.63852718404425,1668
1688,210.72595270028185,-210.72595270028185,1669
1689,210.98165359957798,-210.98165359957798,1670
1690,211.1599411513123,-211.1599411513123,1671
1691,211.32853192782994,-211.32853192782994,1672
1692,211.53131986401868,-211.53131986401868,1673
1693,211.6916492830986,-211.6916492830986,1674
1694,211.81672120691167,-211.81672120691167,1675
1695,211.95708614835394,-211.95708614835394,1676
1696,212.07480061807453,-212.07480061807453,1677
1697,212.30088693499255,-212.30088693499255,1678
1698,212.44275894715372,-212.44275894715372,1679
1699,212.57562254664245,-212.57562254664245,1680
1700,212.78957026138704,-212.78957026138704,1681
1701,212.89574233621312,-212.89574233621312,1682
1702,212.97804662835583,-212.97804662835583,1683
1703,213.02651970417799,-213.02651970417799,1684
1704,213.0613557509327,-213.0613557509327,1685
1705,213.08364840819428,-213.08364840819428,1686
1706,213.10593786054739,-213.10593786054739,1687
1707,213.12442658873044,-213.12442658873044,1688
1708,213.14274149914587,-213.14274149914587,1689
1709,213.1815671595964,-213.1815671595964,1690
1710,213.20531540899378,-213.20531540899378,1691
1711,213.28051115369163,-213.28051115369163,1692
1712,213.3657465379345,-213.3657465379345,1693
1713,213.43197661233822,-213.43197661233822,1694
1714,214.17150057154743,-214.17150057154743,1695
1715,214.77139004476405,-214.77139004476405,1696
1716,214.93865556925473,-214.93865556925473,1697
1717,215.08207068263832,-215.08207068263832,1698
1718,215.25305661048952,-215.25305661048952,1699
1719,215.46196669503104,-215.46196669503104,1700
1720,215.6669049308441,-215.6669049308441,1701
1721,215.75107936715838,-215.75107936715838,1702
1722,215.83208424205577,-215.83208424205577,1703
1723,215.93249914629757,-215.93249914629757,1704
1724,216.1511431788959,-216.1511431788959,1705
1725,216.33634489288488,-216.33634489288488,1706
1726,216.3926835196261,-216.3926835196261,1707
1727,216.4447634731687,-216.4447634731687,1708
1728,216.4702111642672,-216.4702111642672,1709
1729,216.4930430696671,-216.4930430696671,1710
1730,216.513164094435,-216.513164094435,1711
1731,216.5302145225644,-216.5302145225644,1712
1732,216.55287855089742,-216.55287855089742,1713
1733,216.570295009549,-216.570295009549,1714
1734,216.5993743394037,-216.5993743394037,1715
1735,216.67656526687333,-216.67656526687333,1716
1736,216.7504349161241,-216.7504349161241,1717
1737,216.9222576322767,-216.9222576322767,1718
1738,216.96219763181486,-216.96219763181486,1719
1739,216.98721046129097,-216.98721046129097,1720
1740,216.98522141541147,-216.98522141541147,1721
1741,216.9861095124719,-216.9861095124719,1722
1742,216.9896615627179,-216.9896615627179,1723
1743,217.0327807632987,-217.0327807632987,1724
1744,217.10338828364746,-217.10338828364746,1725
1745,217.23949687642178,-217.23949687642178,1726
1746,217.39337453974082,-217.39337453974082,1727
1747,217.52679492362648,-217.52679492362648,1728
1748,217.6573819368802,-217.6573819368802,1729
1749,217.7637784398311,-217.7637784398311,1730
1750,217.85296111203743,-217.85296111203743,1731
1751,217.92270484009362,-217.92270484009362,1732
1752,217.96899788351604,-217.96899788351604,1733
1753,218.02150175553706,-218.02150175553706,1734
1754,218.04796501204862,-218.04796501204862,1735
1755,218.0967935022089,-218.0967935022089,1736
1756,218.12725083528377,-218.12725083528377,1737
1757,218.1661727703303,-218.1661727703303,1738
1758,218.2090371472744,-218.2090371472744,1739
1759,218.28232623395934,-218.28232623395934,1740
1760,218.3330868495379,-218.3330868495379,1741
1761,218.37809729809334,-218.37809729809334,1742
1762,218.3725453618011,-218.3725453618011,1743
1763,218.37744283652532,-218.37744283652532,1744
1764,218.37858595979154,-218.37858595979154,1745
1765,218.3786143849915,-218.3786143849915,1746
1766,218.42618883180063,-218.42618883180063,1747
1767,218.4311655231309,-218.4311655231309,1748
1768,218.62833437846112,-218.62833437846112,1749
1769,219.13308502833493,-219.13308502833493,1750
1770,219.3491448229477,-219.3491448229477,1751
1771,219.4994893400089,-219.4994893400089,1752
1772,219.60653065571879,-219.60653065571879,1753
1773,219.71929148178796,-219.71929148178796,1754
1774,219.84127992483712,-219.84127992483712,1755
1775,219.9272781214557,-219.9272781214557,1756
1776,219.98038964422034,-219.98038964422034,1757
1777,220.02820913392955,-220.02820913392955,1758
1778,220.05745844929993,-220.05745844929993,1759
1779,220.1033513145728,-220.1033513145728,1760
1780,220.13675836390712,-220.13675836390712,1761
1781,220.17189988657137,-220.17189988657137,1762
1782,220.20785173633857,-220.20785173633857,1763
1783,220.68369469536395,-220.68369469536395,1764
1784,221.47223311639885,-221.47223311639885,1765
1785,222.34026977366608,-222.34026977366608,1766
1786,223.22457122909472,-223.22457122909472,1767
1787,223.88106924205192,-223.88106924205192,1768
1788,223.99166289311526,-223.99166289311526,1769
1789,223.98292187607504,-223.98292187607504,1770
1790,223.98469577198125,-223.98469577198125,1771
1791,223.99127506376038,-223.99127506376038,1772
1792,224.02497309839495,-224.02497309839495,1773
1793,224.17499430397416,-224.17499430397416,1774
1794,224.35140006426317,-224.35140006426317,1775
1795,224.44307420034337,-224.44307420034337,1776
1796,224.57196566739523,-224.57196566739523,1777
1797,224.66876790871194,-224.66876790871194,1778
1798,224.78671877491593,-224.78671877491593,1779
1799,224.83836336249894,-224.83836336249894,1780
1800,224.88520583244727,-224.88520583244727,1781
1801,224.91218982577826,-224.91218982577826,1782
1802,224.93418207380685,-224.93418207380685,1783
1803,224.95195539635975,-224.95195539635975,1784
1804,224.9724814287775,-224.9724814287775,1785
1805,224.987873768715,-224.987873768715,1786
1806,225.02999218840986,-225.02999218840986,1787
1807,225.09045574829693,-225.09045574829693,1788
1808,225.43386773405996,-225.43386773405996,1789
1809,226.125106232585,-226.125106232585,1790
1810,227.02598878023892,-227.02598878023892,1791
1811,227.40110434820247,-227.40110434820247,1792
1812,227.54001745022606,-227.54001745022606,1793
1813,227.54378343491595,-227.54378343491595,1794
1814,227.54679039763184,-227.54679039763184,1795
1815,227.56004422686524,-227.56004422686524,1796
1816,227.58194882221392,-227.58194882221392,1797
1817,227.59334203079214,-227.59334203079214,1798
1818,227.65064343318198,-227.65064343318198,1799
1819,227.73102880581058,-227.73102880581058,1800
1820,227.81881631310696,-227.81881631310696,1801
1821,227.915620479628,-227.915620479628,1802
1822,227.9995734177287,-227.9995734177287,1803
1823,228.05382086542735,-228.05382086542735,1804
1824,228.07825738852128,-228.07825738852128,1805
1825,228.09899509475872,-228.09899509475872,1806
1826,228.11873827105893,-228.11873827105893,1807
1827,228.14272843453054,-228.14272843453054,1808
1828,228.1625163903935,-228.1625163903935,1809
1829,228.18315892635877,-228.18315892635877,1810
1830,228.24213512482982,-228.24213512482982,1811
1831,228.30642793639217,-228.30642793639217,1812
1832,228.41524402774183,-228.41524402774183,1813
1833,228.5211617202344,-228.5211617202344,1814
1834,228.53779699754435,-228.53779699754435,1815
1835,229.2920333835429,-229.2920333835429,1816
1836,229.47877734721965,-229.47877734721965,1817
1837,230.03802614883085,-230.03802614883085,1818
1838,230.0462999376648,-230.0462999376648,1819
1839,230.06644002527804,-230.06644002527804,1820
1840,230.09067811147796,-230.09067811147796,1821
1841,230.11028203222637,-230.11028203222637,1822
1842,230.15813460015053,-230.15813460015053,1823
1843,230.2175648748935,-230.2175648748935,1824
1844,230.31159233207677,-230.31159233207677,1825
1845,230.36138814596524,-230.36138814596524,1826
1846,230.43131826223978,-230.43131826223978,1827
1847,230.464063263617,-230.464063263617,1828
1848,230.48426250536605,-230.48426250536605,1829
1849,230.51021175998446,-230.51021175998446,1830
1850,230.530432800136,-230.530432800136,1831
1851,230.55624204789757,-230.55624204789757,1832
1852,230.57481967692058,-230.57481967692058,1833
1853,230.59443038643332,-230.59443038643332,1834
1854,230.61360035836105,-230.61360035836105,1835
1855,230.62237848717672,-230.62237848717672,1836
1856,230.62268289153997,-230.62268289153997,1837
1857,230.9186347379156,-230.9186347379156,1838
1858,230.91740802133285,-230.91740802133285,1839
1859,230.90158288570476,-230.90158288570476,1840
1860,230.89886482933773,-230.89886482933773,1841
1861,231.58983463391337,-231.58983463391337,1842
1862,232.60843639193195,-232.60843639193195,1843
1863,233.42688962225472,-233.42688962225472,1844
1864,233.51622295955607,-233.51622295955607,1845
1865,233.54859325253898,-233.54859325253898,1846
1866,233.57830025730013,-233.57830025730013,1847
1867,233.71286386756526,-233.71286386756526,1848
1868,233.8306481783241,-233.8306481783241,1849
1869,233.916314446751,-233.916314446751,1850
1870,233.9730523250856,-233.9730523250856,1851
1871,234.02348165452645,-234.02348165452645,1852
1872,234.05881387263557,-234.05881387263557,1853
1873,234.0790352074959,-234.0790352074959,1854
1874,234.09937336256016,-234.09937336256016,1855
1875,234.1208441978591,-234.1208441978591,1856
1876,234.14098702282126,-234.14098702282126,1857
1877,234.16580803935952,-234.16580803935952,1858
1878,234.1850293894179,-234.1850293894179,1859
1879,234.1951886511471,-234.1951886511471,1860
1880,234.20302826868908,-234.20302826868908,1861
1881,234.192018315203,-234.192018315203,1862
1882,234.31366632582086,-234.31366632582086,1863
1883,234.80341809375463,-234.80341809375463,1864
1884,235.5509076681297,-235.5509076681297,1865
1885,235.8370101938461,-235.8370101938461,1866
1886,235.84278544201868,-235.84278544201868,1867
1887,235.84966107147835,-235.84966107147835,1868
1888,235.85476274610613,-235.85476274610613,1869
1889,235.8764303551886,-235.8764303551886,1870
1890,235.9507613237492,-235.9507613237492,1871
1891,236.05793826687983,-236.05793826687983,1872
1892,236.12168116510378,-236.12168116510378,1873
1893,236.18739498429403,-236.18739498429403,1874
1894,236.24271667442258,-236.24271667442258,1875
1895,236.30158166235827,-236.30158166235827,1876
1896,236.33742016143182,-236.33742016143182,1877
1897,236.35763403243624,-236.35763403243624,1878
1898,236.3815586632738,-236.3815586632738,1879
1899,236.3993417476669,-236.3993417476669,1880
1900,236.42152333810517,-236.42152333810517,1881
1901,236.44133414848653,-236.44133414848653,1882
1902,236.50971562364902,-236.50971562364902,1883
1903,236.55174771169692,-236.55174771169692,1884
1904,236.58148128478342,-236.58148128478342,1885
1905,236.5884555998381,-236.5884555998381,1886
1906,236.60303379725096,-236.60303379725096,1887
1907,236.61266884465257,-236.61266884465257,1888
1908,236.6074151888045,-236.6074151888045,1889
1909,236.59739021621328,-236.59739021621328,1890
1910,236.5849072902972,-236.5849072902972,1891
1911,236.58590757235558,-236.58590757235558,1892
1912,236.61951722264186,-236.61951722264186,1893
1913,236.68358287937806,-236.68358287937806,1894
1914,236.7583366311749,-236.7583366311749,1895
1915,236.81878159662168,-236.81878159662168,1896
1916,236.894856991475,-236.894856991475,1897
1917,236.96056029099563,-236.96056029099563,1898
1918,237.01020441303152,-237.01020441303152,1899
1919,237.05863737859428,-237.05863737859428,1900
1920,237.08615636548225,-237.08615636548225,1901
1921,237.10899767436558,-237.10899767436558,1902
1922,237.13178943493466,-237.13178943493466,1903
1923,237.1512618440907,-237.1512618440907,1904
1924,237.1745561763124,-237.1745561763124,1905
1925,237.19203257657148,-237.19203257657148,1906
1926,237.2641452427971,-237.2641452427971,1907
1927,237.27292842076554,-237.27292842076554,1908
1928,237.27832745738138,-237.27832745738138,1909
1929,237.27224552446623,-237.27224552446623,1910
1930,237.26179845268265,-237.26179845268265,1911
1931,237.24991564653592,-237.24991564653592,1912
1932,237.22906075466722,-237.22906075466722,1913
1933,237.20765980447615,-237.20765980447615,1914
1934,237.1835590118324,-237.1835590118324,1915
1935,237.18002969269742,-237.18002969269742,1916
1936,237.18526574514587,-237.18526574514587,1917
1937,237.2064436224538,-237.2064436224538,1918
1938,237.27047271979478,-237.27047271979478,1919
1939,237.33050919086705,-237.33050919086705,1920
1940,237.39934269692853,-237.39934269692853,1921
1941,237.45983464337456,-237.45983464337456,1922
1942,237.51825327719504,-237.51825327719504,1923
1943,237.5489224936529,-237.5489224936529,1924
1944,237.57019556688007,-237.57019556688007,1925
1945,237.59094056353607,-237.59094056353607,1926
1946,237.61591375313904,-237.61591375313904,1927
1947,237.63556954013006,-237.63556954013006,1928
1948,237.65404739255774,-237.65404739255774,1929
1949,237.6750672405185,-237.6750672405185,1930
1950,237.72085218767458,-237.72085218767458,1931
1951,237.73945069523438,-237.73945069523438,1932
1952,237.74471627458652,-237.74471627458652,1933
1953,237.7364178273195,-237.7364178273195,1934
1954,237.71739930575066,-237.71739930575066,1935
1955,237.6925835927336,-237.6925835927336,1936
1956,237.66829833384614,-237.66829833384614,1937
1957,237.64645081774677,-237.64645081774677,1938
1958,238.00290032100398,-238.00290032100398,1939
1959,238.52031981768926,-238.52031981768926,1940
1960,238.52306945294546,-238.52306945294546,1941
1961,238.52869133692266,-238.52869133692266,1942
1962,238.5698105002053,-238.5698105002053,1943
1963,238.6078788272274,-238.6078788272274,1944
1964,238.64863201479255,-238.64863201479255,1945
1965,238.69514284466536,-238.69514284466536,1946
1966,238.73365440157107,-238.73365440157107,1947
1967,238.77990147507103,-238.77990147507103,1948
1968,238.80428977133903,-238.80428977133903,1949
1969,238.82975684129173,-238.82975684129173,1950
1970,238.85210855155572,-238.85210855155572,1951
1971,238.87083439815905,-238.87083439815905,1952
1972,238.8882839852464,-238.8882839852464,1953
1973,238.9066512105924,-238.9066512105924,1954
1974,238.92776556437084,-238.92776556437084,1955
1975,238.93849791209377,-238.93849791209377,1956
1976,238.94247556956816,-238.94247556956816,1957
1977,238.9328258745912,-238.9328258745912,1958
1978,238.9168834887982,-238.9168834887982,1959
1979,238.9247462556676,-238.9247462556676,1960
1980,239.2506318258948,-239.2506318258948,1961
1981,239.24642812745856,-239.24642812745856,1962
1982,239.2331126907832,-239.2331126907832,1963
1983,239.7438637675215,-239.7438637675215,1964
1984,239.7429948452087,-239.7429948452087,1965
1985,239.74827435482126,-239.74827435482126,1966
1986,239.7710859671242,-239.7710859671242,1967
1987,239.80228231546656,-239.80228231546656,1968
1988,239.83504898133296,-239.83504898133296,1969
1989,239.88349920408925,-239.88349920408925,1970
1990,239.93199196996113,-239.93199196996113,1971
1991,239.96993708081803,-239.96993708081803,1972
1992,240.00165435506204,-240.00165435506204,1973
1993,240.02762689296125,-240.02762689296125,1974
1994,240.0489511628662,-240.0489511628662,1975
1995,240.07039913979335,-240.07039913979335,1976
1996,240.0894360771405,-240.0894360771405,1977
1997,240.10814587878363,-240.10814587878363,1978
1998,240.1276114712462,-240.1276114712462,1979
1999,240.15043519985875,-240.15043519985875,1980
2000,240.15438414574476,-240.15438414574476,1981
2001,240.16164262169883,-240.16164262169883,1982
2002,240.14629483747646,-240.14629483747646,1983
2003,240.13002763971568,-240.13002763971568,1984
2004,240.1172314200382,-240.1172314200382,1985
2005,240.0975227473475,-240.0975227473475,1986
2006,240.09651590819013,-240.09651590819013,1987
2007,240.09239989616302,-240.09239989616302,1988
2008,240.09720406411992,-240.09720406411992,1989
2009,240.10291877576333,-240.10291877576333,1990
2010,240.12358588759747,-240.12358588759747,1991
2011,240.1697980012171,-240.1697980012171,1992
2012,240.21616344429512,-240.21616344429512,1993
2013,240.25578467496445,-240.25578467496445,1994
2014,240.31203725780045,-240.31203725780045,1995
2015,240.35784936553256,-240.35784936553256,1996
2016,240.3890358001067,-240.3890358001067,1997
2017,240.4175993819362,-240.4175993819362,1998
2018,240.4373896614606,-240.4373896614606,1999
2019,240.4593668713587,-240.4593668713587,2000
2020,240.48199333874248,-240.48199333874248,2001
2021,240.50016359627455,-240.50016359627455,2002
2022,240.52296341480073,-240.52296341480073,2003
2023,240.53182059250113,-240.53182059250113,2004
2024,240.53327654629422,-240.53327654629422,2005
2025,240.5574078586611,-240.5574078586611,2006
2026,241.59626288478051,-241.59626288478051,2007
2027,242.1975190797483,-242.1975190797483,2008
2028,242.34494868324757,-242.34494868324757,2009
2029,242.32365371486475,-242.32365371486475,2010
2030,242.30417904040542,-242.30417904040542,2011
2031,242.29781724905203,-242.29781724905203,2012
2032,242.3182515050167,-242.3182515050167,2013
2033,242.3413610134253,-242.3413610134253,2014
2034,242.38926175927406,-242.38926175927406,2015
2035,242.43656262454377,-242.43656262454377,2016
2036,242.49012897037633,-242.49012897037633,2017
2037,242.552207907384,-242.552207907384,2018
2038,242.62986136051765,-242.62986136051765,2019
2039,242.70485477388584,-242.70485477388584,2020
2040,242.7542892211796,-242.7542892211796,2021
2041,242.793246118542,-242.793246118542,2022
2042,242.81563653968868,-242.81563653968868,2023
2043,242.83660115884499,-242.83660115884499,2024
2044,242.85571243356173,-242.85571243356173,2025
2045,242.8745473775792,-242.8745473775792,2026
2046,242.89348662476564,-242.89348662476564,2027
2047,242.9311522766619,-242.9311522766619,2028
2048,242.96252756734927,-242.96252756734927,2029
2049,242.98456983139423,-242.98456983139423,2030
2050,243.00757369377658,-243.00757369377658,2031
2051,243.00360150907042,-243.00360150907042,2032
2052,242.99222097936115,-242.99222097936115,2033
2053,242.9722018779479,-242.9722018779479,2034
2054,242.95295612492112,-242.95295612492112,2035
2055,242.94447964244176,-242.94447964244176,2036
2056,242.95091699491974,-242.95091699491974,2037
2057,243.0266810607954,-243.0266810607954,2038
2058,243.05689573117473,-243.05689573117473,2039
2059,243.10830781128823,-243.10830781128823,2040
2060,243.17699056118406,-243.17699056118406,2041
2061,243.23339507532498,-243.23339507532498,2042
2062,243.29712735957088,-243.29712735957088,2043
2063,243.38734017662998,-243.38734017662998,2044
2064,243.43685010382117,-243.43685010382117,2045
2065,243.47584041851465,-243.47584041851465,2046
2066,243.49815385501708,-243.49815385501708,2047
2067,243.51895055361967,-243.51895055361967,2048
2068,243.53770797254725,-243.53770797254725,2049
2069,243.55613636587813,-243.55613636587813,2050
2070,243.8377999710824,-243.8377999710824,2051
2071,244.09212944006694,-244.09212944006694,2052
2072,244.12482282879654,-244.12482282879654,2053
2073,244.13747130344902,-244.13747130344902,2054
2074,244.15106553916448,-244.15106553916448,2055
2075,244.1474471030068,-244.1474471030068,2056
2076,244.13810550903688,-244.13810550903688,2057
2077,244.11928518762946,-244.11928518762946,2058
2078,244.10243804892252,-244.10243804892252,2059
2079,244.09277578425755,-244.09277578425755,2060
2080,244.11710710131172,-244.11710710131172,2061
2081,244.44975780773677,-244.44975780773677,2062
2082,244.47942100564381,-244.47942100564381,2063
2083,244.5309922085409,-244.5309922085409,2064
2084,244.59956284399763,-244.59956284399763,2065
2085,244.65587740911013,-244.65587740911013,2066
2086,244.71971041639011,-244.71971041639011,2067
2087,244.8099232334492,-244.8099232334492,2068
2088,244.84171899454793,-244.84171899454793,2069
2089,244.87918498806258,-244.87918498806258,2070
2090,244.9029953274347,-244.9029953274347,2071
2091,244.92096036492367,-244.92096036492367,2072
2092,244.93827784773245,-244.93827784773245,2073
2093,244.9580562188272,-244.9580562188272,2074
2094,244.97976708644364,-244.97976708644364,2075
2095,245.31132942487102,-245.31132942487102,2076
2096,246.13074233074158,-246.13074233074158,2077
2097,246.64729921135063,-246.64729921135063,2078
2098,247.79706602889448,-247.79706602889448,2079
2099,248.7812842429141,-248.7812842429141,2080
2100,249.17079444974598,-249.17079444974598,2081
2101,249.17839770279997,-249.17839770279997,2082
2102,249.20066923219142,-249.20066923219142,2083
2103,249.20951618118235,-249.20951618118235,2084
2104,249.24825936005766,-249.24825936005766,2085
2105,249.26912643941867,-249.26912643941867,2086
2106,249.29927700357987,-249.29927700357987,2087
2107,249.33573610700552,-249.33573610700552,2088
2108,249.3808685766175,-249.3808685766175,2089
2109,249.43153799560397,-249.43153799560397,2090
2110,249.48234864644454,-249.48234864644454,2091
2111,249.54326035905143,-249.54326035905143,2092
2112,249.5787005612797,-249.5787005612797,2093
2113,249.6093675647327,-249.6093675647327,2094
2114,249.63223577148617,-249.63223577148617,2095
2115,249.65658851552598,-249.65658851552598,2096
2116,249.67526212567518,-249.67526212567518,2097
2117,249.69338040641068,-249.69338040641068,2098
2118,249.70981204926304,-249.70981204926304,2099
2119,249.75807739138844,-249.75807739138844,2100
2120,249.7849766690665,-249.7849766690665,2101
2121,249.8610262068155,-249.8610262068155,2102
2122,250.46508364449798,-250.46508364449798,2103
2123,250.92905685259882,-250.92905685259882,2104
2124,251.00205636561287,-251.00205636561287,2105
2125,251.00820183438339,-251.00820183438339,2106
2126,251.01200550499507,-251.01200550499507,2107
2127,251.20411608127225,-251.20411608127225,2108
2128,251.56595983484578,-251.56595983484578,2109
2129,251.58403208516398,-251.58403208516398,2110
2130,251.62400556111493,-251.62400556111493,2111
2131,251.65256821765055,-251.65256821765055,2112
2132,251.69206502245854,-251.69206502245854,2113
2133,251.73950110849714,-251.73950110849714,2114
2134,251.7880683410567,-251.7880683410567,2115
2135,251.81878816413,-251.81878816413,2116
2136,251.86145270707382,-251.86145270707382,2117
2137,251.88272432804234,-251.88272432804234,2118
2138,251.90400718186203,-251.90400718186203,2119
2139,251.9237070115355,-251.9237070115355,2120
2140,251.943798152567,-251.943798152567,2121
2141,251.96669723587073,-251.96669723587073,2122
2142,251.984297445269,-251.984297445269,2123
2143,252.00720449999386,-252.00720449999386,2124
2144,252.0483016465736,-252.0483016465736,2125
2145,252.09304055793487,-252.09304055793487,2126
2146,252.10990412811202,-252.10990412811202,2127
2147,252.17611730792362,-252.17611730792362,2128
2148,252.38985293986227,-252.38985293986227,2129
2149,253.07138858348057,-253.07138858348057,2130
2150,253.4316465693744,-253.4316465693744,2131
2151,253.42405579005836,-253.42405579005836,2132
2152,253.44061629263186,-253.44061629263186,2133
2153,253.45301771142323,-253.45301771142323,2134
2154,253.46265387450123,-253.46265387450123,2135
2155,253.512040461225,-253.512040461225,2136
2156,253.56884881388814,-253.56884881388814,2137
2157,253.705325860548,-253.705325860548,2138
2158,253.77457981801084,-253.77457981801084,2139
2159,253.8892373351352,-253.8892373351352,2140
2160,254.03033306783274,-254.03033306783274,2141
2161,254.078163731632,-254.078163731632,2142
2162,254.09888337195537,-254.09888337195537,2143
2163,254.122236570853,-254.122236570853,2144
2164,254.14295689294124,-254.14295689294124,2145
2165,254.16287681123364,-254.16287681123364,2146
2166,254.18461052682963,-254.18461052682963,2147
2167,254.35855334119685,-254.35855334119685,2148
2168,255.07086855204884,-255.07086855204884,2149
2169,255.80036944102537,-255.80036944102537,2150
2170,255.84198417601687,-255.84198417601687,2151
2171,255.8288049353551,-255.8288049353551,2152
2172,255.81831601071215,-255.81831601071215,2153
2173,255.85814800951778,-255.85814800951778,2154
2174,256.4942273063208,-256.4942273063208,2155
2175,257.1498764120885,-257.1498764120885,2156
2176,257.7640034925658,-257.7640034925658,2157
2177,257.82812627567887,-257.82812627567887,2158
2178,257.8969590401871,-257.8969590401871,2159
2179,257.92031207943,-257.92031207943,2160
2180,257.9512297486201,-257.9512297486201,2161
2181,258.0321561623817,-258.0321561623817,2162
2182,258.083625586686,-258.083625586686,2163
2183,258.1421601815294,-258.1421601815294,2164
2184,258.18806799014595,-258.18806799014595,2165
2185,258.20880348098655,-258.20880348098655,2166
2186,258.22958328504143,-258.22958328504143,2167
2187,258.25304477151326,-258.25304477151326,2168
2188,258.27210103798245,-258.27210103798245,2169
2189,258.29165118778076,-258.29165118778076,2170
2190,258.30692226597466,-258.30692226597466,2171
2191,258.3537823298403,-258.3537823298403,2172
2192,258.4146788926414,-258.4146788926414,2173
2193,258.4767997453841,-258.4767997453841,2174
2194,258.89304891280466,-258.89304891280466,2175
2195,259.00595649466146,-259.00595649466146,2176
2196,259.0102304071022,-259.0102304071022,2177
2197,259.0373411158503,-259.0373411158503,2178
2198,259.10041281353887,-259.10041281353887,2179
2199,259.1952234679835,-259.1952234679835,2180
2200,259.2588593428633,-259.2588593428633,2181
2201,259.2975464327938,-259.2975464327938,2182
2202,259.36715366699076,-259.36715366699076,2183
2203,259.40917362692204,-259.40917362692204,2184
2204,259.4546134831899,-259.4546134831899,2185
2205,259.5504595631392,-259.5504595631392,2186
2206,259.6370905830518,-259.6370905830518,2187
2207,259.72363514014353,-259.72363514014353,2188
2208,259.7756176728123,-259.7756176728123,2189
2209,259.81459147942235,-259.81459147942235,2190
2210,259.8337772294635,-259.8337772294635,2191
2211,259.85613977790274,-259.85613977790274,2192
2212,259.87480388947563,-259.87480388947563,2193
2213,259.89456416710385,-259.89456416710385,2194
2214,259.916453748853,-259.916453748853,2195
2215,259.95032495338046,-259.95032495338046,2196
2216,259.9815589777845,-259.9815589777845,2197
2217,260.07879543979124,-260.07879543979124,2198
2218,260.8114283197379,-260.8114283197379,2199
2219,260.8444126186063,-260.8444126186063,2200
2220,260.84547436637143,-260.84547436637143,2201
2221,260.89124518532276,-260.89124518532276,2202
2222,260.89841222213806,-260.89841222213806,2203
2223,260.90775467511196,-260.90775467511196,2204
2224,260.96479939423784,-260.96479939423784,2205
2225,261.00446836152094,-261.00446836152094,2206
2226,261.0781203539482,-261.0781203539482,2207
2227,261.12422958734714,-261.12422958734714,2208
2228,261.1941237711866,-261.1941237711866,2209
2229,261.26308089575156,-261.26308089575156,2210
2230,261.34773252728684,-261.34773252728684,2211
2231,261.3989010265814,-261.3989010265814,2212
2232,261.44892391429033,-261.44892391429033,2213
2233,261.4904987349369,-261.4904987349369,2214
2234,261.5154178142891,-261.5154178142891,2215
2235,261.53883861208686,-261.53883861208686,2216
2236,261.56129496206455,-261.56129496206455,2217
2237,261.58017112165066,-261.58017112165066,2218
2238,261.6005669861037,-261.6005669861037,2219
2239,261.6319643792607,-261.6319643792607,2220
2240,261.7134536531652,-261.7134536531652,2221
2241,261.8592280470838,-261.8592280470838,2222
2242,261.86748264211866,-261.86748264211866,2223
2243,261.87584338106643,-261.87584338106643,2224
2244,261.8820188515323,-261.8820188515323,2225
2245,261.9388849274551,-261.9388849274551,2226
2246,262.03590695557057,-262.03590695557057,2227
2247,262.08232303129057,-262.08232303129057,2228
2248,262.229824603329,-262.229824603329,2229
2249,262.30850362748043,-262.30850362748043,2230
2250,262.37345387678954,-262.37345387678954,2231
2251,262.42494983911723,-262.42494983911723,2232
2252,262.4969195399823,-262.4969195399823,2233
2253,262.57315974133513,-262.57315974133513,2234
2254,262.6481825693527,-262.6481825693527,2235
2255,262.7159829430129,-262.7159829430129,2236
2256,262.7733118063436,-262.7733118063436,2237
2257,262.8154284658682,-262.8154284658682,2238
2258,262.83567150165203,-262.83567150165203,2239
2259,262.86006732815275,-262.86006732815275,2240
2260,262.87863661464917,-262.87863661464917,2241
2261,262.90232831462953,-262.90232831462953,2242
2262,262.9206754357212,-262.9206754357212,2243
2263,262.9559051276681,-262.9559051276681,2244
2264,263.0220295850932,-263.0220295850932,2245
2265,263.0863365292673,-263.0863365292673,2246
2266,263.1011335776496,-263.1011335776496,2247
2267,263.1092154235245,-263.1092154235245,2248
2268,263.1306823744997,-263.1306823744997,2249
2269,263.13617878071926,-263.13617878071926,2250
2270,263.2425480128448,-263.2425480128448,2251
2271,263.2653834665421,-263.2653834665421,2252
2272,263.32021625291117,-263.32021625291117,2253
2273,263.3602700401942,-263.3602700401942,2254
2274,263.4148067405369,-263.4148067405369,2255
2275,263.48407124397886,-263.48407124397886,2256
2276,263.5513153668249,-263.5513153668249,2257
2277,263.62120842795684,-263.62120842795684,2258
2278,263.6973845974315,-263.6973845974315,2259
2279,263.77932239650323,-263.77932239650323,2260
2280,263.8392557859146,-263.8392557859146,2261
2281,263.8792729805016,-263.8792729805016,2262
2282,263.90366625890675,-263.90366625890675,2263
2283,263.92387947427306,-263.92387947427306,2264
2284,263.94664244164676,-263.94664244164676,2265
2285,263.96412861999113,-263.96412861999113,2266
2286,263.9855236215783,-263.9855236215783,2267
2287,264.00409818880433,-264.00409818880433,2268
2288,264.03589065645025,-264.03589065645025,2269
2289,264.04502694888674,-264.04502694888674,2270
2290,264.0486498673163,-264.0486498673163,2271
2291,264.0510428622196,-264.0510428622196,2272
2292,264.04738346139874,-264.04738346139874,2273
2293,264.0472569183311,-264.0472569183311,2274
2294,264.04887820093074,-264.04887820093074,2275
2295,264.0723365710407,-264.0723365710407,2276
2296,264.0729106342097,-264.0729106342097,2277
2297,264.07600562856516,-264.07600562856516,2278
2298,264.11939217833805,-264.11939217833805,2279
2299,264.18132072677554,-264.18132072677554,2280
2300,264.22761573347015,-264.22761573347015,2281
2301,264.29125538349865,-264.29125538349865,2282
2302,264.3571131144148,-264.3571131144148,2283
2303,264.4067471845232,-264.4067471845232,2284
2304,264.45105520123263,-264.45105520123263,2285
2305,264.47961988370804,-264.47961988370804,2286
2306,264.5003655607933,-264.5003655607933,2287
2307,264.5191417364271,-264.5191417364271,2288
2308,264.5385626463583,-264.5385626463583,2289
2309,264.5600254862101,-264.5600254862101,2290
2310,264.5783374049962,-264.5783374049962,2291
2311,264.5883402297242,-264.5883402297242,2292
2312,264.59651312943447,-264.59651312943447,2293
2313,264.6085462866838,-264.6085462866838,2294
2314,264.5969613764104,-264.5969613764104,2295
2315,264.5899724159646,-264.5899724159646,2296
2316,264.58192505156654,-264.58192505156654,2297
2317,264.5750475605307,-264.5750475605307,2298
2318,264.56796461923426,-264.56796461923426,2299
2319,264.56037975057706,-264.56037975057706,2300
2320,264.56222749109406,-264.56222749109406,2301
2321,264.5668701218591,-264.5668701218591,2302
2322,264.5718156987618,-264.5718156987618,2303
2323,264.59198623629896,-264.59198623629896,2304
2324,264.61651362727116,-264.61651362727116,2305
2325,264.74476235684745,-264.74476235684745,2306
2326,264.78545020368983,-264.78545020368983,2307
2327,264.8511471158923,-264.8511471158923,2308
2328,264.9922962745581,-264.9922962745581,2309
2329,265.0401289150966,-265.0401289150966,2310
2330,265.06090908771864,-265.06090908771864,2311
2331,265.08440856041875,-265.08440856041875,2312
2332,265.10537070794794,-265.10537070794794,2313
2333,265.12537101599764,-265.12537101599764,2314
2334,265.1469769649166,-265.1469769649166,2315
2335,265.166788200435,-265.166788200435,2316
2336,265.1770238195883,-265.1770238195883,2317
2337,265.2382905225181,-265.2382905225181,2318
2338,265.22684622574525,-265.22684622574525,2319
2339,265.4876428449564,-265.4876428449564,2320
2340,265.4594353674344,-265.4594353674344,2321
2341,265.45309691576136,-265.45309691576136,2322
2342,265.4387814736944,-265.4387814736944,2323
2343,265.42109899037564,-265.42109899037564,2324
2344,265.43626194324133,-265.43626194324133,2325
2345,265.4403188679937,-265.4403188679937,2326
2346,265.4752365417238,-265.4752365417238,2327
2347,265.4985308496268,-265.4985308496268,2328
2348,265.5296232022071,-265.5296232022071,2329
2349,265.6103548622034,-265.6103548622034,2330
2350,265.6614981590814,-265.6614981590814,2331
2351,265.7200327539248,-265.7200327539248,2332
2352,265.7513523668174,-265.7513523668174,2333
2353,265.7997008307087,-265.7997008307087,2334
2354,265.8225407842376,-265.8225407842376,2335
2355,265.84857622533184,-265.84857622533184,2336
2356,265.869081096117,-265.869081096117,2337
2357,265.8876473741146,-265.8876473741146,2338
2358,265.906055726551,-265.906055726551,2339
2359,265.92448460036104,-265.92448460036104,2340
2360,266.0577081911718,-266.0577081911718,2341
2361,266.8437597123334,-266.8437597123334,2342
2362,267.5060027503087,-267.5060027503087,2343
2363,267.8117424925372,-267.8117424925372,2344
2364,267.9474068730695,-267.9474068730695,2345
2365,267.97195221376427,-267.97195221376427,2346
2366,267.9768250334959,-267.9768250334959,2347
2367,267.9847534576543,-267.9847534576543,2348
2368,268.00994515826824,-268.00994515826824,2349
2369,268.0635341441099,-268.0635341441099,2350
2370,268.16683471237593,-268.16683471237593,2351
2371,268.22396100479614,-268.22396100479614,2352
2372,268.27409961342227,-268.27409961342227,2353
2373,268.3418710497689,-268.3418710497689,2354
2374,268.4101301672435,-268.4101301672435,2355
2375,268.49136302037357,-268.49136302037357,2356
2376,268.5403882408517,-268.5403882408517,2357
2377,268.5970890950211,-268.5970890950211,2358
2378,268.6230802682456,-268.6230802682456,2359
2379,268.64540501223314,-268.64540501223314,2360
2380,268.66989004938887,-268.66989004938887,2361
2381,268.68741710289055,-268.68741710289055,2362
2382,268.7070404670447,-268.7070404670447,2363
2383,268.723691276011,-268.723691276011,2364
2384,268.77305458159253,-268.77305458159253,2365
2385,269.5568207362055,-269.5568207362055,2366
2386,270.4371882673924,-270.4371882673924,2367
2387,270.7034469217248,-270.7034469217248,2368
2388,270.74356878821146,-270.74356878821146,2369
2389,270.7444263139721,-270.7444263139721,2370
2390,271.035440869404,-271.035440869404,2371
2391,271.7366991694129,-271.7366991694129,2372
2392,271.8358894604912,-271.8358894604912,2373
2393,271.8412723630211,-271.8412723630211,2374
2394,271.8629674188603,-271.8629674188603,2375
2395,271.9472216185079,-271.9472216185079,2376
2396,272.0122661112508,-272.0122661112508,2377
2397,272.12018682356836,-272.12018682356836,2378
2398,272.2385810966732,-272.2385810966732,2379
2399,272.30168415441113,-272.30168415441113,2380
2400,272.3518231003983,-272.3518231003983,2381
2401,272.3934158232183,-272.3934158232183,2382
2402,272.4183404333993,-272.4183404333993,2383
2403,272.4417664785309,-272.4417664785309,2384
2404,272.46429257032014,-272.46429257032014,2385
2405,272.4828020310937,-272.4828020310937,2386
2406,272.50046609896594,-272.50046609896594,2387
2407,272.5314772454159,-272.5314772454159,2388
2408,272.61675997937243,-272.61675997937243,2389
2409,272.7635456860497,-272.7635456860497,2390
2410,272.7712365472556,-272.7712365472556,2391
2411,272.77367068066127,-272.77367068066127,2392
2412,272.77183007028134,-272.77183007028134,2393
2413,272.76569958147866,-272.76569958147866,2394
2414,272.7777677923452,-272.7777677923452,2395
2415,272.77975331177475,-272.77975331177475,2396
2416,272.8510145812255,-272.8510145812255,2397
2417,272.8731328088683,-272.8731328088683,2398
2418,272.88788165383636,-272.88788165383636,2399
2419,272.9391905319872,-272.9391905319872,2400
2420,273.0113694989591,-273.0113694989591,2401
2421,273.08783903866095,-273.08783903866095,2402
2422,273.16294114351876,-273.16294114351876,2403
2423,273.23074151717896,-273.23074151717896,2404
2424,273.2771294060027,-273.2771294060027,2405
2425,273.3150780791788,-273.3150780791788,2406
2426,273.3384470836467,-273.3384470836467,2407
2427,273.3576329755312,-273.3576329755312,2408
2428,273.3762022620276,-273.3762022620276,2409
2429,273.3957612481549,-273.3957612481549,2410
2430,273.41695961309705,-273.41695961309705,2411
2431,273.45387749729474,-273.45387749729474,2412
2432,273.4931268471752,-273.4931268471752,2413
2433,273.83010183364354,-273.83010183364354,2414
2434,274.7003366308594,-274.7003366308594,2415
2435,275.8078587649538,-275.8078587649538,2416
2436,276.9088912196796,-276.9088912196796,2417
2437,277.6897205325403,-277.6897205325403,2418
2438,277.7498036715325,-277.7498036715325,2419
2439,277.7465378669548,-277.7465378669548,2420
2440,277.77105342636844,-277.77105342636844,2421
2441,277.82266284314323,-277.82266284314323,2422
2442,277.8620905651301,-277.8620905651301,2423
2443,277.928227313172,-277.928227313172,2424
2444,277.98818069599895,-277.98818069599895,2425
2445,278.02582554054396,-278.02582554054396,2426
2446,278.08482377149966,-278.08482377149966,2427
2447,278.2562908768011,-278.2562908768011,2428
2448,278.32038973359516,-278.32038973359516,2429
2449,278.3651171031324,-278.3651171031324,2430
2450,278.38584815949906,-278.38584815949906,2431
2451,278.41137294326387,-278.41137294326387,2432
2452,278.42922034332526,-278.42922034332526,2433
2453,278.4502053947241,-278.4502053947241,2434
2454,278.46695723968884,-278.46695723968884,2435
2455,278.4797941603175,-278.4797941603175,2436
2456,278.52038763383064,-278.52038763383064,2437
2457,278.53200773267986,-278.53200773267986,2438
2458,278.5415964909672,-278.5415964909672,2439
2459,278.5393789424279,-278.5393789424279,2440
2460,278.5285649586484,-278.5285649586484,2441
2461,278.50844979992155,-278.50844979992155,2442
2462,278.5026046649448,-278.5026046649448,2443
2463,278.48583730180314,-278.48583730180314,2444
2464,278.48911052165823,-278.48911052165823,2445
2465,278.49669596974053,-278.49669596974053,2446
2466,278.50478363241444,-278.50478363241444,2447
2467,278.55472413116104,-278.55472413116104,2448
2468,278.5915322798894,-278.5915322798894,2449
2469,278.63681993270035,-278.63681993270035,2450
2470,278.71993720083594,-278.71993720083594,2451
2471,278.78889221345275,-278.78889221345275,2452
2472,278.83633397442026,-278.83633397442026,2453
2473,278.86958768352156,-278.86958768352156,2454
2474,278.8887895592786,-278.8887895592786,2455
2475,278.90952118484995,-278.90952118484995,2456
2476,278.93033906978684,-278.93033906978684,2457
2477,278.9492806635966,-278.9492806635966,2458
2478,278.9722028800285,-278.9722028800285,2459
2479,278.99084200335216,-278.99084200335216,2460
2480,278.99898446338193,-278.99898446338193,2461
2481,279.00367090916126,-279.00367090916126,2462
2482,279.06072197089986,-279.06072197089986,2463
2483,279.0376932359309,-279.0376932359309,2464
2484,279.01524616476416,-279.01524616476416,2465
2485,278.9921096815501,-278.9921096815501,2466
2486,278.9824878585205,-278.9824878585205,2467
2487,278.9745959519444,-278.9745959519444,2468
2488,279.00546589422294,-279.00546589422294,2469
2489,279.080500770676,-279.080500770676,2470
2490,279.0899374821112,-279.0899374821112,2471
2491,279.10892004806834,-279.10892004806834,2472
2492,279.1342818215163,-279.1342818215163,2473
2493,279.15790412490225,-279.15790412490225,2474
2494,279.19036230819376,-279.19036230819376,2475
2495,279.22534839097295,-279.22534839097295,2476
2496,279.26179399009493,-279.26179399009493,2477
2497,279.29710712587877,-279.29710712587877,2478
2498,279.3188924432653,-279.3188924432653,2479
2499,279.33713428132734,-279.33713428132734,2480
2500,279.35869654071286,-279.35869654071286,2481
2501,279.38463256576676,-279.38463256576676,2482
2502,279.402750153967,-279.402750153967,2483
2503,279.4371532566675,-279.4371532566675,2484
2504,279.45506717529645,-279.45506717529645,2485
2505,279.4560106458519,-279.4560106458519,2486
2506,279.4462439905493,-279.4462439905493,2487
2507,279.82645551372286,-279.82645551372286,2488
2508,280.3095798832589,-280.3095798832589,2489
2509,280.870586157233,-280.870586157233,2490
2510,281.3910069886335,-281.3910069886335,2491
2511,281.52068659664116,-281.52068659664116,2492
2512,281.52444149099114,-281.52444149099114,2493
2513,281.5283410368125,-281.5283410368125,2494
2514,281.5336022577331,-281.5336022577331,2495
2515,281.5678568179332,-281.5678568179332,2496
2516,281.61146443510114,-281.61146443510114,2497
2517,281.65147451156645,-281.65147451156645,2498
2518,281.6972421434396,-281.6972421434396,2499
2519,281.72485121339616,-281.72485121339616,2500
2520,281.76392954362933,-281.76392954362933,2501
2521,281.79925343675086,-281.79925343675086,2502
2522,281.82255736174864,-281.82255736174864,2503
2523,281.84864227903057,-281.84864227903057,2504
2524,281.86702842774343,-281.86702842774343,2505
2525,281.88600735196013,-281.88600735196013,2506
2526,281.9048839590326,-281.9048839590326,2507
2527,281.923871623669,-281.923871623669,2508
2528,281.9265498620913,-281.9265498620913,2509
2529,281.92302969144373,-281.92302969144373,2510
2530,281.9068774957429,-281.9068774957429,2511
2531,281.88196807356843,-281.88196807356843,2512
2532,281.8602137764337,-281.8602137764337,2513
2533,282.55126046334084,-282.55126046334084,2514
2534,282.77250410240566,-282.77250410240566,2515
2535,283.3993864242604,-283.3993864242604,2516
2536,283.89481760211976,-283.89481760211976,2517
2537,283.90159975057145,-283.90159975057145,2518
2538,283.90852783346156,-283.90852783346156,2519
2539,283.9444072143988,-283.9444072143988,2520
2540,283.9819084938819,-283.9819084938819,2521
2541,284.01886772567946,-284.01886772567946,2522
2542,284.0744879538648,-284.0744879538648,2523
2543,284.10835531256765,-284.10835531256765,2524
2544,284.1437496501535,-284.1437496501535,2525
2545,284.1764980043507,-284.1764980043507,2526
2546,284.19675558657104,-284.19675558657104,2527
2547,284.21602465445216,-284.21602465445216,2528
2548,284.23810980679065,-284.23810980679065,2529
2549,284.25682799651054,-284.25682799651054,2530
2550,284.27932844916364,-284.27932844916364,2531
2551,284.29878753194026,-284.29878753194026,2532
2552,284.30342454830304,-284.30342454830304,2533
2553,284.30037604194695,-284.30037604194695,2534
2554,284.4329600696227,-284.4329600696227,2535
2555,284.997135885559,-284.997135885559,2536
2556,285.4451426114786,-285.4451426114786,2537
2557,285.54012276124473,-285.54012276124473,2538
2558,285.5285796722649,-285.5285796722649,2539
2559,285.5133978210526,-285.5133978210526,2540
2560,285.5103577680333,-285.5103577680333,2541
2561,285.5106842389251,-285.5106842389251,2542
2562,285.51495297927573,-285.51495297927573,2543
2563,285.540842135587,-285.540842135587,2544
2564,285.5715233656946,-285.5715233656946,2545
2565,285.6038776143334,-285.6038776143334,2546
2566,285.64183651357394,-285.64183651357394,2547
2567,285.67465534594834,-285.67465534594834,2548
2568,285.70537387254325,-285.70537387254325,2549
2569,285.7417306600831,-285.7417306600831,2550
2570,285.7676766867217,-285.7676766867217,2551
2571,285.7900786354397,-285.7900786354397,2552
2572,285.816323938468,-285.816323938468,2553
2573,285.83457116484647,-285.83457116484647,2554
2574,285.8528451860974,-285.8528451860974,2555
2575,285.8730138676951,-285.8730138676951,2556
2576,285.87755232801896,-285.87755232801896,2557
2577,285.88239188731313,-285.88239188731313,2558
2578,285.8787799070832,-285.8787799070832,2559
2579,285.87925725233157,-285.87925725233157,2560
2580,285.8698034453595,-285.8698034453595,2561
2581,285.8375326568166,-285.8375326568166,2562
2582,285.81225008720156,-285.81225008720156,2563
2583,285.78838367342655,-285.78838367342655,2564
2584,285.7777176144622,-285.7777176144622,2565
2585,285.7733534164522,-285.7733534164522,2566
2586,285.7783031768361,-285.7783031768361,2567
2587,285.79797854728565,-285.79797854728565,2568
2588,285.82863267756704,-285.82863267756704,2569
2589,285.8541193677624,-285.8541193677624,2570
2590,285.88632042624886,-285.88632042624886,2571
2591,285.9242915236438,-285.9242915236438,2572
2592,285.95710269082514,-285.95710269082514,2573
2593,285.9768055451422,-285.9768055451422,2574
2594,285.9996512401566,-285.9996512401566,2575
2595,286.01842067737715,-286.01842067737715,2576
2596,286.04085414113786,-286.04085414113786,2577
2597,286.0613992818841,-286.0613992818841,2578
2598,286.0794364580634,-286.0794364580634,2579
2599,286.1017266077774,-286.1017266077774,2580
2600,286.10643929797385,-286.10643929797385,2581
2601,286.1026791350199,-286.1026791350199,2582
2602,286.08349866288194,-286.08349866288194,2583
2603,286.05704511505894,-286.05704511505894,2584
2604,286.034260935584,-286.034260935584,2585
2605,286.01036657828246,-286.01036657828246,2586
2606,285.9932297203423,-285.9932297203423,2587
2607,285.97857493895333,-285.97857493895333,2588
2608,285.9758541786035,-285.9758541786035,2589
2609,285.97591543357714,-285.97591543357714,2590
2610,285.97972542825966,-285.97972542825966,2591
2611,286.00671878930837,-286.00671878930837,2592
2612,286.03417351256434,-286.03417351256434,2593
2613,286.06066157672313,-286.06066157672313,2594
2614,286.0961029912792,-286.0961029912792,2595
2615,286.1330579188862,-286.1330579188862,2596
2616,286.1631731158699,-286.1631731158699,2597
2617,286.19277016158344,-286.19277016158344,2598
2618,286.21557912715684,-286.21557912715684,2599
2619,286.2369827488253,-286.2369827488253,2600
2620,286.25803044099484,-286.25803044099484,2601
2621,286.2762292024873,-286.2762292024873,2602
2622,286.29674155188184,-286.29674155188184,2603
2623,286.3050238726789,-286.3050238726789,2604
2624,286.3086618559352,-286.3086618559352,2605
2625,286.30893929116104,-286.30893929116104,2606
2626,286.3172594082191,-286.3172594082191,2607
2627,286.9270712424165,-286.9270712424165,2608
2628,287.41815949223763,-287.41815949223763,2609
2629,287.5309615485438,-287.5309615485438,2610
2630,287.52942014430766,-287.52942014430766,2611
2631,287.6010370953982,-287.6010370953982,2612
2632,287.85643400677054,-287.85643400677054,2613
2633,287.85570259189444,-287.85570259189444,2614
2634,287.85842596699973,-287.85842596699973,2615
2635,287.88382154223797,-287.88382154223797,2616
2636,287.9097280027303,-287.9097280027303,2617
2637,287.93311899189536,-287.93311899189536,2618
2638,287.9648595212337,-287.9648595212337,2619
2639,287.9991930100301,-287.9991930100301,2620
2640,288.0340499759539,-288.0340499759539,2621
2641,288.0699082157,-288.0699082157,2622
2642,288.09229169503413,-288.09229169503413,2623
2643,288.1116360995851,-288.1116360995851,2624
2644,288.13104490288714,-288.13104490288714,2625
2645,288.15197109499906,-288.15197109499906,2626
2646,288.1720126139561,-288.1720126139561,2627
2647,288.1975465608728,-288.1975465608728,2628
2648,288.2645964412404,-288.2645964412404,2629
2649,288.2584897997784,-288.2584897997784,2630
2650,288.2453449503854,-288.2453449503854,2631
2651,288.22886350779254,-288.22886350779254,2632
2652,288.2182314607958,-288.2182314607958,2633
2653,289.0722335951216,-289.0722335951216,2634
2654,289.2961642248718,-289.2961642248718,2635
2655,289.29879724119456,-289.29879724119456,2636
2656,289.29635508150716,-289.29635508150716,2637
2657,289.2976039750524,-289.2976039750524,2638
2658,289.2987348269011,-289.2987348269011,2639
2659,289.32049136696975,-289.32049136696975,2640
2660,289.3453462756958,-289.3453462756958,2641
2661,289.3707722614826,-289.3707722614826,2642
2662,289.41080285308715,-289.41080285308715,2643
2663,289.4425665846089,-289.4425665846089,2644
2664,289.4748702839486,-289.4748702839486,2645
2665,289.50031100349537,-289.50031100349537,2646
2666,289.5199941162895,-289.5199941162895,2647
2667,289.54083962481985,-289.54083962481985,2648
2668,289.5665196923341,-289.5665196923341,2649
2669,289.58535056369783,-289.58535056369783,2650
2670,289.60583635221764,-289.60583635221764,2651
2671,289.71542566117023,-289.71542566117023,2652
2672,289.7193922812848,-289.7193922812848,2653
2673,289.7213560898238,-289.7213560898238,2654
2674,289.7087005996659,-289.7087005996659,2655
2675,289.7044134855217,-289.7044134855217,2656
2676,289.96451260841764,-289.96451260841764,2657
2677,290.6468120640488,-290.6468120640488,2658
2678,291.200809544755,-291.200809544755,2659
2679,291.3039438935632,-291.3039438935632,2660
2680,291.29577208720474,-291.29577208720474,2661
2681,291.2953902231266,-291.2953902231266,2662
2682,291.3022364155037,-291.3022364155037,2663
2683,291.3437454715807,-291.3437454715807,2664
2684,291.36758530223045,-291.36758530223045,2665
2685,291.39672788465595,-291.39672788465595,2666
2686,291.42741356644484,-291.42741356644484,2667
2687,291.47427971544784,-291.47427971544784,2668
2688,291.50650445137273,-291.50650445137273,2669
2689,291.53658845232684,-291.53658845232684,2670
2690,291.557423500372,-291.557423500372,2671
2691,291.57728555304095,-291.57728555304095,2672
2692,291.599810684185,-291.599810684185,2673
2693,291.62144085816345,-291.62144085816345,2674
2694,291.64228623069266,-291.64228623069266,2675
2695,291.67744216131643,-291.67744216131643,2676
2696,291.67972734647884,-291.67972734647884,2677
2697,291.67391620673976,-291.67391620673976,2678
2698,291.65587244851963,-291.65587244851963,2679
2699,291.6303647895947,-291.6303647895947,2680
2700,291.6039981740935,-291.6039981740935,2681
2701,292.2797454704358,-292.2797454704358,2682
2702,292.4649919336078,-292.4649919336078,2683
2703,293.1363570264811,-293.1363570264811,2684
2704,293.58439001409823,-293.58439001409823,2685
2705,293.6182831545635,-293.6182831545635,2686
2706,293.6262256004957,-293.6262256004957,2687
2707,293.72872441693147,-293.72872441693147,2688
2708,293.77960709147175,-293.77960709147175,2689
2709,293.844638596615,-293.844638596615,2690
2710,293.9087446467333,-293.9087446467333,2691
2711,293.9707157449503,-293.9707157449503,2692
2712,294.0066249325573,-294.0066249325573,2693
2713,294.02995414013424,-294.02995414013424,2694
2714,294.0496404454879,-294.0496404454879,2695
2715,294.0689522029696,-294.0689522029696,2696
2716,294.0889152293924,-294.0889152293924,2697
2717,294.10818518825766,-294.10818518825766,2698
2718,294.12717726616614,-294.12717726616614,2699
2719,294.1471754457236,-294.1471754457236,2700
2720,294.1583343970229,-294.1583343970229,2701
2721,294.16869304301406,-294.16869304301406,2702
2722,294.36378476745136,-294.36378476745136,2703
2723,295.0052756107624,-295.0052756107624,2704
2724,295.4974907426486,-295.4974907426486,2705
2725,295.5779414165737,-295.5779414165737,2706
2726,295.56610977872964,-295.56610977872964,2707
2727,295.54940096210066,-295.54940096210066,2708
2728,295.54919945931056,-295.54919945931056,2709
2729,295.54924953713254,-295.54924953713254,2710
2730,295.55589417992627,-295.55589417992627,2711
2731,295.57505503459794,-295.57505503459794,2712
2732,295.61985398735277,-295.61985398735277,2713
2733,295.66060612851453,-295.66060612851453,2714
2734,295.71494672755455,-295.71494672755455,2715
2735,295.7779871302547,-295.7779871302547,2716
2736,295.840425777278,-295.840425777278,2717
2737,295.8903341894868,-295.8903341894868,2718
2738,295.9220098841088,-295.9220098841088,2719
2739,295.9422953219789,-295.9422953219789,2720
2740,295.96160189879566,-295.96160189879566,2721
2741,295.9799973811809,-295.9799973811809,2722
2742,296.00002400294994,-296.00002400294994,2723
2743,296.01800774858594,-296.01800774858594,2724
2744,296.0177130636407,-296.0177130636407,2725
2745,296.0149562056844,-296.0149562056844,2726
2746,296.0011557706338,-296.0011557706338,2727
2747,295.9827850167121,-295.9827850167121,2728
2748,295.9557024729878,-295.9557024729878,2729
2749,295.9291626928991,-295.9291626928991,2730
2750,295.9133400045627,-295.9133400045627,2731
2751,295.89867480738826,-295.89867480738826,2732
2752,295.89311707721123,-295.89311707721123,2733
2753,295.8952268146487,-295.8952268146487,2734
2754,295.89927560401907,-295.89927560401907,2735
2755,295.97366653051387,-295.97366653051387,2736
2756,296.04017431697105,-296.04017431697105,2737
2757,296.07082816083323,-296.07082816083323,2738
2758,296.11567127751727,-296.11567127751727,2739
2759,296.17623016801576,-296.17623016801576,2740
2760,296.2252953841647,-296.2252953841647,2741
2761,296.2560086811529,-296.2560086811529,2742
2762,296.27883578009175,-296.27883578009175,2743
2763,296.30073034020745,-296.30073034020745,2744
2764,296.3207123404323,-296.3207123404323,2745
2765,296.3394299488041,-296.3394299488041,2746
2766,296.35934072258084,-296.35934072258084,2747
2767,296.36774678893056,-296.36774678893056,2748
2768,296.3907947652666,-296.3907947652666,2749
2769,296.455039199953,-296.455039199953,2750
2770,296.44598174313427,-296.44598174313427,2751
2771,296.4358170828769,-296.4358170828769,2752
2772,296.424515226447,-296.424515226447,2753
2773,296.39940491515637,-296.39940491515637,2754
2774,296.38429019488717,-296.38429019488717,2755
2775,296.37254669029824,-296.37254669029824,2756
2776,296.3665946033038,-296.3665946033038,2757
2777,296.3648792760655,-296.3648792760655,2758
2778,296.39435421206105,-296.39435421206105,2759
2779,296.483519627462,-296.483519627462,2760
2780,296.5176737481534,-296.5176737481534,2761
2781,296.56552835065656,-296.56552835065656,2762
2782,296.6265984938327,-296.6265984938327,2763
2783,296.67616460759706,-296.67616460759706,2764
2784,296.71311040191455,-296.71311040191455,2765
2785,296.7349063367699,-296.7349063367699,2766
2786,296.7593649538245,-296.7593649538245,2767
2787,296.7837947575645,-296.7837947575645,2768
2788,296.806698130802,-296.806698130802,2769
2789,296.82654183654915,-296.82654183654915,2770
2790,296.84443086446817,-296.84443086446817,2771
2791,296.86310172418985,-296.86310172418985,2772
2792,296.86647963793405,-296.86647963793405,2773
2793,296.864991047193,-296.864991047193,2774
2794,296.86058130488755,-296.86058130488755,2775
2795,296.8586356372531,-296.8586356372531,2776
2796,297.4872960200569,-297.4872960200569,2777
2797,298.2571624961717,-298.2571624961717,2778
2798,298.69341695600184,-298.69341695600184,2779
2799,298.7668059221331,-298.7668059221331,2780
2800,298.7664783517498,-298.7664783517498,2781
2801,298.7714302496937,-298.7714302496937,2782
2802,298.77966554634696,-298.77966554634696,2783
2803,298.8164474743746,-298.8164474743746,2784
2804,298.8476457633837,-298.8476457633837,2785
2805,298.91911052351776,-298.91911052351776,2786
2806,298.9827533118809,-298.9827533118809,2787
2807,299.03848269972275,-299.03848269972275,2788
2808,299.08786146498625,-299.08786146498625,2789
2809,299.1060058151174,-299.1060058151174,2790
2810,299.1293760912368,-299.1293760912368,2791
2811,299.1487056802327,-299.1487056802327,2792
2812,299.1728724425276,-299.1728724425276,2793
2813,299.19450541329854,-299.19450541329854,2794
2814,299.21602866150374,-299.21602866150374,2795
2815,299.25435146681,-299.25435146681,2796
2816,299.262268339459,-299.262268339459,2797
2817,299.25985154175817,-299.25985154175817,2798
2818,299.24110376422146,-299.24110376422146,2799
2819,299.2220995941541,-299.2220995941541,2800
2820,299.20328953723555,-299.20328953723555,2801
2821,299.1889534495337,-299.1889534495337,2802
2822,299.1720977876546,-299.1720977876546,2803
2823,299.15292613701723,-299.15292613701723,2804
2824,299.14624607855467,-299.14624607855467,2805
2825,299.146921873882,-299.146921873882,2806
2826,299.1557189039808,-299.1557189039808,2807
2827,299.2034132896263,-299.2034132896263,2808
2828,299.2550505928142,-299.2550505928142,2809
2829,299.2920888731729,-299.2920888731729,2810
2830,299.39434846496164,-299.39434846496164,2811
2831,299.4631918201816,-299.4631918201816,2812
2832,299.52142790545327,-299.52142790545327,2813
2833,299.54893728905654,-299.54893728905654,2814
2834,299.5733677881792,-299.5733677881792,2815
2835,299.5942618182027,-299.5942618182027,2816
2836,299.6156186021576,-299.6156186021576,2817
2837,299.63367775511136,-299.63367775511136,2818
2838,299.6559369541345,-299.6559369541345,2819
2839,299.67556021988696,-299.67556021988696,2820
2840,299.6792091865778,-299.6792091865778,2821
2841,300.1483765566856,-300.1483765566856,2822
2842,300.1455565302756,-300.1455565302756,2823
2843,300.13177640556864,-300.13177640556864,2824
2844,300.1173860771838,-300.1173860771838,2825
2845,300.12011780887264,-300.12011780887264,2826
2846,300.11426310157674,-300.11426310157674,2827
2847,300.10250677079796,-300.10250677079796,2828
2848,300.10453075537123,-300.10453075537123,2829
2849,300.11111122219506,-300.11111122219506,2830
2850,300.1167467273983,-300.1167467273983,2831
2851,300.15760884218884,-300.15760884218884,2832
2852,300.19594005231687,-300.19594005231687,2833
2853,300.23475340060514,-300.23475340060514,2834
2854,300.29120617505555,-300.29120617505555,2835
2855,300.35228878660666,-300.35228878660666,2836
2856,300.3991175161777,-300.3991175161777,2837
2857,300.4297736870388,-300.4297736870388,2838
2858,300.45208569559577,-300.45208569559577,2839
2859,300.472956619953,-300.472956619953,2840
2860,300.49355710872777,-300.49355710872777,2841
2861,300.5125035299989,-300.5125035299989,2842
2862,300.52981618097476,-300.52981618097476,2843
2863,300.5516336084452,-300.5516336084452,2844
2864,300.56435297260214,-300.56435297260214,2845
2865,300.5796688092215,-300.5796688092215,2846
2866,300.5839769286078,-300.5839769286078,2847
2867,300.58157112627794,-300.58157112627794,2848
2868,300.5750843656016,-300.5750843656016,2849
2869,300.5514243429792,-300.5514243429792,2850
2870,300.53517554004236,-300.53517554004236,2851
2871,300.51577811265884,-300.51577811265884,2852
2872,300.5106413432657,-300.5106413432657,2853
2873,300.51224182547406,-300.51224182547406,2854
2874,300.5218920570045,-300.5218920570045,2855
2875,300.56132342939225,-300.56132342939225,2856
2876,300.6424185706569,-300.6424185706569,2857
2877,300.6908796141199,-300.6908796141199,2858
2878,300.73215467054354,-300.73215467054354,2859
2879,300.7895249461618,-300.7895249461618,2860
2880,300.8368955113271,-300.8368955113271,2861
2881,300.8821302031017,-300.8821302031017,2862
2882,300.90704304355535,-300.90704304355535,2863
2883,300.92473076508344,-300.92473076508344,2864
2884,300.94820836024996,-300.94820836024996,2865
2885,300.96868179348337,-300.96868179348337,2866
2886,300.9902139574136,-300.9902139574136,2867
2887,301.0248742819557,-301.0248742819557,2868
2888,301.0319317856063,-301.0319317856063,2869
2889,301.03278346929693,-301.03278346929693,2870
2890,301.01971987008983,-301.01971987008983,2871
2891,301.0013838276817,-301.0013838276817,2872
2892,300.97680376252805,-300.97680376252805,2873
2893,300.9820912895704,-300.9820912895704,2874
2894,300.95676055073346,-300.95676055073346,2875
2895,300.93612918337385,-300.93612918337385,2876
2896,300.9503014821775,-300.9503014821775,2877
2897,300.9541051624619,-300.9541051624619,2878
2898,300.9633740487335,-300.9633740487335,2879
2899,301.04015426268995,-301.04015426268995,2880
2900,301.08694462042195,-301.08694462042195,2881
2901,301.1483230433163,-301.1483230433163,2882
2902,301.210863995579,-301.210863995579,2883
2903,301.2624990251759,-301.2624990251759,2884
2904,301.31779522846557,-301.31779522846557,2885
2905,301.3541740988057,-301.3541740988057,2886
2906,301.3769771277005,-301.3769771277005,2887
2907,301.40149792473125,-301.40149792473125,2888
2908,301.42612519540387,-301.42612519540387,2889
2909,301.44423933429925,-301.44423933429925,2890
2910,301.46464346252924,-301.46464346252924,2891
2911,301.4893851911513,-301.4893851911513,2892
2912,301.4984865159453,-301.4984865159453,2893
2913,301.4989734432974,-301.4989734432974,2894
2914,301.77759481210813,-301.77759481210813,2895
2915,302.45782358556755,-302.45782358556755,2896
2916,302.4450467779691,-302.4450467779691,2897
2917,302.83874659446735,-302.83874659446735,2898
2918,302.86050609667046,-302.86050609667046,2899
2919,302.84462030408724,-302.84462030408724,2900
2920,302.84417035561506,-302.84417035561506,2901
2921,302.84698489097053,-302.84698489097053,2902
2922,302.85887372161153,-302.85887372161153,2903
2923,302.9051125382159,-302.9051125382159,2904
2924,302.95826787571417,-302.95826787571417,2905
2925,302.99995309747345,-302.99995309747345,2906
2926,303.0536451290969,-303.0536451290969,2907
2927,303.119404845325,-303.119404845325,2908
2928,303.1610628804713,-303.1610628804713,2909
2929,303.18700540703543,-303.18700540703543,2910
2930,303.2114273055732,-303.2114273055732,2911
2931,303.23231850202217,-303.23231850202217,2912
2932,303.2569904250456,-303.2569904250456,2913
2933,303.27616224613917,-303.27616224613917,2914
2934,303.2954395838558,-303.2954395838558,2915
2935,303.3178558522027,-303.3178558522027,2916
2936,303.4293574409305,-303.4293574409305,2917
2937,303.68220275044257,-303.68220275044257,2918
2938,304.4192163430906,-304.4192163430906,2919
2939,304.52384258583703,-304.52384258583703,2920
2940,304.53350549391354,-304.53350549391354,2921
2941,304.5213694962255,-304.5213694962255,2922
2942,304.5134979064216,-304.5134979064216,2923
2943,304.50648061400693,-304.50648061400693,2924
2944,304.5319438308383,-304.5319438308383,2925
2945,304.54129229842505,-304.54129229842505,2926
2946,304.5579069957715,-304.5579069957715,2927
2947,304.5979653791503,-304.5979653791503,2928
2948,304.6389429224799,-304.6389429224799,2929
2949,304.67907864825213,-304.67907864825213,2930
2950,304.730825721776,-304.730825721776,2931
2951,304.7808572093859,-304.7808572093859,2932
2952,304.8276746970125,-304.8276746970125,2933
2953,304.8598780633764,-304.8598780633764,2934
2954,304.88531347714445,-304.88531347714445,2935
2955,304.90713684125404,-304.90713684125404,2936
2956,304.9268025723545,-304.9268025723545,2937
2957,304.9451891092728,-304.9451891092728,2938
2958,304.9628895421428,-304.9628895421428,2939
2959,304.97035726342165,-304.97035726342165,2940
2960,304.98019943738666,-304.98019943738666,2941
2961,304.99468588815023,-304.99468588815023,2942
2962,304.9809786351086,-304.9809786351086,2943
2963,304.96114156318566,-304.96114156318566,2944
2964,304.93227197671985,-304.93227197671985,2945
2965,304.90888894491667,-304.90888894491667,2946
2966,304.8950692574413,-304.8950692574413,2947
2967,304.88664070222495,-304.88664070222495,2948
2968,304.8909826332312,-304.8909826332312,2949
2969,304.9020358095852,-304.9020358095852,2950
2970,304.91585340998046,-304.91585340998046,2951
2971,304.95584950198526,-304.95584950198526,2952
2972,304.9916794245111,-304.9916794245111,2953
2973,305.0489641627985,-305.0489641627985,2954
2974,305.11151966641995,-305.11151966641995,2955
2975,305.19284141394417,-305.19284141394417,2956
2976,305.2532430606849,-305.2532430606849,2957
2977,305.2875596531528,-305.2875596531528,2958
2978,305.3078491797023,-305.3078491797023,2959
2979,305.32874738155084,-305.32874738155084,2960
2980,305.34970543352586,-305.34970543352586,2961
2981,305.37190845281106,-305.37190845281106,2962
2982,305.3907468038862,-305.3907468038862,2963
2983,305.4140803166452,-305.4140803166452,2964
2984,305.487977601642,-305.487977601642,2965
2985,305.56486200072635,-305.56486200072635,2966
2986,305.64942328534124,-305.64942328534124,2967
2987,306.68407520538335,-306.68407520538335,2968
2988,307.1281861389351,-307.1281861389351,2969
2989,307.2512271357901,-307.2512271357901,2970
2990,307.3411385138507,-307.3411385138507,2971
2991,307.5628018920322,-307.5628018920322,2972
2992,308.3441233589769,-308.3441233589769,2973
2993,308.8203504044176,-308.8203504044176,2974
2994,308.877204997434,-308.877204997434,2975
2995,308.91763036711905,-308.91763036711905,2976
2996,308.9560271035612,-308.9560271035612,2977
2997,308.9846691443672,-308.9846691443672,2978
2998,309.02710710585967,-309.02710710585967,2979
2999,309.08093107642344,-309.08093107642344,2980
3000,309.13040950835267,-309.13040950835267,2981
3001,309.16468563463303,-309.16468563463303,2982
3002,309.18541640972575,-309.18541640972575,2983
3003,309.2092970552641,-309.2092970552641,2984
3004,309.2294989975229,-309.2294989975229,2985
3005,309.24847945585924,-309.24847945585924,2986
3006,309.26968367951787,-309.26968367951787,2987
3007,309.3036857202749,-309.3036857202749,2988
3008,309.3079363766759,-309.3079363766759,2989
3009,309.3950477776469,-309.3950477776469,2990
3010,309.4034047442911,-309.4034047442911,2991
3011,309.66290778066644,-309.66290778066644,2992
3012,309.6580741372215,-309.6580741372215,2993
3013,309.66444988540496,-309.66444988540496,2994
3014,309.7107345598319,-309.7107345598319,2995
3015,309.720865312471,-309.720865312471,2996
3016,310.085993507004,-310.085993507004,2997
3017,310.3499372720301,-310.3499372720301,2998
3018,310.3843112129828,-310.3843112129828,2999
3019,310.4326673506675,-310.4326673506675,3000
3020,310.4918471996743,-310.4918471996743,3001
3021,310.5370743745935,-310.5370743745935,3002
3022,310.59235247342673,-310.59235247342673,3003
3023,310.65026790558335,-310.65026790558335,3004
3024,310.6971261220013,-310.6971261220013,3005
3025,310.72776345383477,-310.72776345383477,3006
3026,310.75017700367806,-310.75017700367806,3007
3027,310.77107820763575,-310.77107820763575,3008
3028,310.79134326585955,-310.79134326585955,3009
3029,310.81016324548756,-310.81016324548756,3010
3030,310.8295291849976,-310.8295291849976,3011
3031,311.51792317987537,-311.51792317987537,3012
3032,311.9972049054413,-311.9972049054413,3013
3033,312.0504948542236,-312.0504948542236,3014
3034,312.08117661460426,-312.08117661460426,3015
3035,312.08995726479196,-312.08995726479196,3016
3036,312.0972444222374,-312.0972444222374,3017
3037,312.09969268360516,-312.09969268360516,3018
3038,312.10573933653205,-312.10573933653205,3019
3039,312.1103714006031,-312.1103714006031,3020
3040,312.1106521608075,-312.1106521608075,3021
3041,312.1131327009604,-312.1131327009604,3022
3042,312.12003689903673,-312.12003689903673,3023
3043,312.15961217485636,-312.15961217485636,3024
3044,312.240766385062,-312.240766385062,3025
3045,312.2892199220296,-312.2892199220296,3026
3046,312.3304743076246,-312.3304743076246,3027
3047,312.3878445832429,-312.3878445832429,3028
3048,312.43313114133673,-312.43313114133673,3029
3049,312.48357582972517,-312.48357582972517,3030
3050,312.5200333876176,-312.5200333876176,3031
3051,312.5396072409526,-312.5396072409526,3032
3052,312.55577907300307,-312.55577907300307,3033
3053,312.5736359501673,-312.5736359501673,3034
3054,312.59670782742995,-312.59670782742995,3035
3055,312.62382447254276,-312.62382447254276,3036
3056,312.6308007292864,-312.6308007292864,3037
3057,312.6406748816349,-312.6406748816349,3038
3058,312.63575282718426,-312.63575282718426,3039
3059,312.6135554012124,-312.6135554012124,3040
3060,312.5837238171486,-312.5837238171486,3041
3061,312.5771084096609,-312.5771084096609,3042
3062,312.8272619483869,-312.8272619483869,3043
3063,312.8099087939165,-312.8099087939165,3044
3064,312.81352044291964,-312.81352044291964,3045
3065,312.816007811153,-312.816007811153,3046
3066,312.82212488182586,-312.82212488182586,3047
3067,312.85670242764786,-312.85670242764786,3048
3068,312.88994848201196,-312.88994848201196,3049
3069,312.99405890259163,-312.99405890259163,3050
3070,313.0336464008217,-313.0336464008217,3051
3071,313.0659352817234,-313.0659352817234,3052
3072,313.0972933330968,-313.0972933330968,3053
3073,313.11709526841986,-313.11709526841986,3054
3074,313.1362662280463,-313.1362662280463,3055
3075,313.16235544322456,-313.16235544322456,3056
3076,313.183936324473,-313.183936324473,3057
3077,313.20413823950383,-313.20413823950383,3058
3078,313.2217366974354,-313.2217366974354,3059
3079,313.23634678478277,-313.23634678478277,3060
3080,313.2398864569954,-313.2398864569954,3061
3081,313.2410824094686,-313.2410824094686,3062
3082,313.2344060124883,-313.2344060124883,3063
3083,313.2318251369764,-313.2318251369764,3064
3084,313.2326584523971,-313.2326584523971,3065
3085,313.22329956028733,-313.22329956028733,3066
3086,313.2180586599991,-313.2180586599991,3067
3087,313.2244219789589,-313.2244219789589,3068
3088,313.2753002714125,-313.2753002714125,3069
3089,313.27918602098737,-313.27918602098737,3070
3090,313.2875005576735,-313.2875005576735,3071
3091,313.3379396416134,-313.3379396416134,3072
3092,313.4216936404075,-313.4216936404075,3073
3093,313.46855394286746,-313.46855394286746,3074
3094,313.5263628768455,-313.5263628768455,3075
3095,313.58676699067064,-313.58676699067064,3076
3096,313.6595690240922,-313.6595690240922,3077
3097,313.6808129042453,-313.6808129042453,3078
3098,313.7000859453371,-313.7000859453371,3079
3099,313.7246645345277,-313.7246645345277,3080
3100,313.74719279144784,-313.74719279144784,3081
3101,313.76723882091704,-313.76723882091704,3082
3102,313.78771975797207,-313.78771975797207,3083
3103,313.79430248939644,-313.79430248939644,3084
3104,313.8034877801034,-313.8034877801034,3085
3105,313.8090349334767,-313.8090349334767,3086
3106,313.80120682815726,-313.80120682815726,3087
3107,313.79221410335407,-313.79221410335407,3088
3108,313.80160288538724,-313.80160288538724,3089
3109,313.8048784770075,-313.8048784770075,3090
3110,313.80902941102136,-313.80902941102136,3091
3111,313.8145157648432,-313.8145157648432,3092
3112,313.81878940891033,-313.81878940891033,3093
3113,313.8275935860608,-313.8275935860608,3094
3114,313.83842016719365,-313.83842016719365,3095
3115,313.88491782233336,-313.88491782233336,3096
3116,313.9321945084109,-313.9321945084109,3097
3117,313.9888803349296,-313.9888803349296,3098
3118,314.05625464896394,-314.05625464896394,3099
3119,314.1252725319335,-314.1252725319335,3100
3120,314.1861086372538,-314.1861086372538,3101
3121,314.210473702439,-314.210473702439,3102
3122,314.23496989525506,-314.23496989525506,3103
3123,314.25591243740234,-314.25591243740234,3104
3124,314.2748127684878,-314.2748127684878,3105
3125,314.2963358393167,-314.2963358393167,3106
3126,314.314395374979,-314.314395374979,3107
3127,314.3202935559722,-314.3202935559722,3108
3128,314.3271156808954,-314.3271156808954,3109
3129,314.3274914376746,-314.3274914376746,3110
3130,314.65839251949365,-314.65839251949365,3111
3131,315.2616505383706,-315.2616505383706,3112
3132,315.62357135239057,-315.62357135239057,3113
3133,315.61647922393064,-315.61647922393064,3114
3134,315.6093739462637,-315.6093739462637,3115
3135,315.6097211070034,-315.6097211070034,3116
3136,315.63685059362973,-315.63685059362973,3117
3137,315.65291716446177,-315.65291716446177,3118
3138,315.74033207757583,-315.74033207757583,3119
3139,315.83604042595624,-315.83604042595624,3120
3140,315.88178603839015,-315.88178603839015,3121
3141,315.93129827866244,-315.93129827866244,3122
3142,316.02215423357256,-316.02215423357256,3123
3143,316.112951394481,-316.112951394481,3124
3144,316.16809718787226,-316.16809718787226,3125
3145,316.2018897590066,-316.2018897590066,3126
3146,316.2232357954541,-316.2232357954541,3127
3147,316.2457483481379,-316.2457483481379,3128
3148,316.26887152327225,-316.26887152327225,3129
3149,316.2890055819847,-316.2890055819847,3130
3150,316.3066897315786,-316.3066897315786,3131
3151,316.31012552565323,-316.31012552565323,3132
3152,316.327354945419,-316.327354945419,3133
3153,316.33258170101635,-316.33258170101635,3134
3154,316.33287291634304,-316.33287291634304,3135
3155,316.31900327362024,-316.31900327362024,3136
3156,316.29975805569046,-316.29975805569046,3137
3157,316.3056749577009,-316.3056749577009,3138
3158,316.30174023085345,-316.30174023085345,3139
3159,316.29885506773286,-316.29885506773286,3140
3160,316.29381875225994,-316.29381875225994,3141
3161,316.29977737469875,-316.29977737469875,3142
3162,316.3040977709715,-316.3040977709715,3143
3163,316.33402967615507,-316.33402967615507,3144
3164,316.37494405017503,-316.37494405017503,3145
3165,316.4350594475884,-316.4350594475884,3146
3166,316.49058662390877,-316.49058662390877,3147
3167,316.62981809712824,-316.62981809712824,3148
3168,316.67876357122833,-316.67876357122833,3149
3169,316.71720554091166,-316.71720554091166,3150
3170,316.7390952808618,-316.7390952808618,3151
3171,316.76009679536605,-316.76009679536605,3152
3172,316.7827354765481,-316.7827354765481,3153
3173,316.801696027234,-316.801696027234,3154
3174,316.82151504017105,-316.82151504017105,3155
3175,316.84250662142205,-316.84250662142205,3156
3176,316.84782941111706,-316.84782941111706,3157
3177,316.8440418891143,-316.8440418891143,3158
3178,317.1643063708647,-317.1643063708647,3159
3179,317.61609406497786,-317.61609406497786,3160
3180,318.1078767876042,-318.1078767876042,3161
3181,318.62195164220685,-318.62195164220685,3162
3182,318.93378700969566,-318.93378700969566,3163
3183,318.92298006211786,-318.92298006211786,3164
3184,318.9172369450016,-318.9172369450016,3165
3185,318.9165756321707,-318.9165756321707,3166
3186,318.97846062348145,-318.97846062348145,3167
3187,319.0158058365697,-319.0158058365697,3168
3188,319.0466581586778,-319.0466581586778,3169
3189,319.07844353345405,-319.07844353345405,3170
3190,319.11864111800816,-319.11864111800816,3171
3191,319.17290357242604,-319.17290357242604,3172
3192,319.21303058726403,-319.21303058726403,3173
3193,319.2441848835591,-319.2441848835591,3174
3194,319.2659720273896,-319.2659720273896,3175
3195,319.290492929317,-319.290492929317,3176
3196,319.3115558565699,-319.3115558565699,3177
3197,319.3329737462366,-319.3329737462366,3178
3198,319.3560083946172,-319.3560083946172,3179
3199,319.3749326799478,-319.3749326799478,3180
3200,319.37809253500706,-319.37809253500706,3181
3201,319.3731351847233,-319.3731351847233,3182
3202,319.3552548148543,-319.3552548148543,3183
3203,319.331406617843,-319.331406617843,3184
3204,319.30911478587126,-319.30911478587126,3185
3205,319.31739518713204,-319.31739518713204,3186
3206,319.30584336849944,-319.30584336849944,3187
3207,319.2979469836467,-319.2979469836467,3188
3208,319.30597497892495,-319.30597497892495,3189
3209,319.31451718014586,-319.31451718014586,3190
3210,319.34551005360396,-319.34551005360396,3191
3211,319.407896543167,-319.407896543167,3192
3212,319.4587608532909,-319.4587608532909,3193
3213,319.50870572846156,-319.50870572846156,3194
3214,319.598386940071,-319.598386940071,3195
3215,319.6812431982649,-319.6812431982649,3196
3216,319.7327678790285,-319.7327678790285,3197
3217,319.78372798019603,-319.78372798019603,3198
3218,319.82219947182335,-319.82219947182335,3199
3219,319.8430504499708,-319.8430504499708,3200
3220,319.86413742814847,-319.86413742814847,3201
3221,319.88655574954834,-319.88655574954834,3202
3222,319.9091619804942,-319.9091619804942,3203
3223,319.9173952067475,-319.9173952067475,3204
3224,319.9412738922628,-319.9412738922628,3205
3225,319.9465774411397,-319.9465774411397,3206
3226,319.94993806121175,-319.94993806121175,3207
3227,320.00007507403313,-320.00007507403313,3208
3228,320.0069381683987,-320.0069381683987,3209
3229,320.0062371307919,-320.0062371307919,3210
3230,320.000302567551,-320.000302567551,3211
3231,319.99467455048864,-319.99467455048864,3212
3232,319.99696257182836,-319.99696257182836,3213
3233,320.00685543666333,-320.00685543666333,3214
3234,320.0342341918496,-320.0342341918496,3215
3235,320.0954663824283,-320.0954663824283,3216
3236,320.13486162610394,-320.13486162610394,3217
3237,320.19602446128914,-320.19602446128914,3218
3238,320.29309071645366,-320.29309071645366,3219
3239,320.34416688822006,-320.34416688822006,3220
3240,320.3927170951937,-320.3927170951937,3221
3241,320.4396174741233,-320.4396174741233,3222
3242,320.4739855009197,-320.4739855009197,3223
3243,320.49232912408485,-320.49232912408485,3224
3244,320.51438978655693,-320.51438978655693,3225
3245,320.53313265785624,-320.53313265785624,3226
3246,320.5556035303991,-320.5556035303991,3227
3247,320.5637912439433,-320.5637912439433,3228
3248,320.5694897224769,-320.5694897224769,3229
3249,320.57178787447646,-320.57178787447646,3230
3250,320.55905041461153,-320.55905041461153,3231
3251,320.5416613767725,-320.5416613767725,3232
3252,320.5260519825813,-320.5260519825813,3233
3253,320.50818585684993,-320.50818585684993,3234
3254,320.49847368928187,-320.49847368928187,3235
3255,320.4947473504713,-320.4947473504713,3236
3256,320.48545804696306,-320.48545804696306,3237
3257,320.4950981400262,-320.4950981400262,3238
3258,320.5042582603687,-320.5042582603687,3239
3259,320.54247192699097,-320.54247192699097,3240
3260,320.5862594988519,-320.5862594988519,3241
3261,320.629244812021,-320.629244812021,3242
3262,320.67245695108534,-320.67245695108534,3243
3263,320.7422890095717,-320.7422890095717,3244
3264,320.7934272463944,-320.7934272463944,3245
3265,320.81372506628503,-320.81372506628503,3246
3266,320.8365907408514,-320.8365907408514,3247
3267,320.8574516528196,-320.8574516528196,3248
3268,320.8804725527719,-320.8804725527719,3249
3269,320.90477495387677,-320.90477495387677,3250
3270,320.92513444334764,-320.92513444334764,3251
3271,320.95643259380324,-320.95643259380324,3252
3272,320.96767636897727,-320.96767636897727,3253
3273,320.97031745624975,-320.97031745624975,3254
3274,320.95709371767447,-320.95709371767447,3255
3275,320.94988559953396,-320.94988559953396,3256
3276,320.9231422315156,-320.9231422315156,3257
3277,320.8947544702964,-320.8947544702964,3258
3278,320.8681096272362,-320.8681096272362,3259
3279,320.8478031693458,-320.8478031693458,3260
3280,320.84632508742214,-320.84632508742214,3261
3281,320.84896702471696,-320.84896702471696,3262
3282,320.85806830354414,-320.85806830354414,3263
3283,320.9017616350591,-320.9017616350591,3264
3284,320.9640803038019,-320.9640803038019,3265
3285,321.0285925674802,-321.0285925674802,3266
3286,321.08352366002345,-321.08352366002345,3267
3287,321.1502955006247,-321.1502955006247,3268
3288,321.17988382361074,-321.17988382361074,3269
3289,321.19957874615335,-321.19957874615335,3270
3290,321.2223848284158,-321.2223848284158,3271
3291,321.2427423941822,-321.2427423941822,3272
3292,321.265360178263,-321.265360178263,3273
3293,321.2870939210819,-321.2870939210819,3274
3294,321.30645567118466,-321.30645567118466,3275
3295,321.31415117808126,-321.31415117808126,3276
3296,321.34815272129833,-321.34815272129833,3277
3297,321.35348414452073,-321.35348414452073,3278
3298,321.34449611744316,-321.34449611744316,3279
3299,321.3343663987907,-321.3343663987907,3280
3300,321.3194577380257,-321.3194577380257,3281
3301,321.3030497859696,-321.3030497859696,3282
3302,321.27889893086956,-321.27889893086956,3283
3303,321.2680922993149,-321.2680922993149,3284
3304,321.35110090731337,-321.35110090731337,3285
3305,321.3746038729372,-321.3746038729372,3286
3306,321.41194962445644,-321.41194962445644,3287
3307,321.4775961895374,-321.4775961895374,3288
3308,321.5713437512675,-321.5713437512675,3289
3309,321.62925988451855,-321.62925988451855,3290
3310,321.69042000168224,-321.69042000168224,3291
3311,321.76851295634617,-321.76851295634617,3292
3312,321.8236287980195,-321.8236287980195,3293
3313,321.8573939122145,-321.8573939122145,3294
3314,321.8787456133063,-321.8787456133063,3295
3315,321.90130257909533,-321.90130257909533,3296
3316,321.9243972844253,-321.9243972844253,3297
3317,321.9442385592368,-321.9442385592368,3298
3318,321.9619015892952,-321.9619015892952,3299
3319,321.9826247266412,-321.9826247266412,3300
3320,322.0310571880289,-322.0310571880289,3301
3321,322.0533994592548,-322.0533994592548,3302
3322,322.051163146709,-322.051163146709,3303
3323,322.0363143526476,-322.0363143526476,3304
3324,322.0101617215253,-322.0101617215253,3305
3325,321.98245214257884,-321.98245214257884,3306
3326,321.9622540489253,-321.9622540489253,3307
3327,321.950070247892,-321.950070247892,3308
3328,321.9430084054879,-321.9430084054879,3309
3329,321.946556946598,-321.946556946598,3310
3330,321.9529436169535,-321.9529436169535,3311
3331,321.98333662894566,-321.98333662894566,3312
3332,322.0243582050139,-322.0243582050139,3313
3333,322.0842743313737,-322.0842743313737,3314
3334,322.1397180766012,-322.1397180766012,3315
3335,322.27894954982065,-322.27894954982065,3316
3336,322.35342416560997,-322.35342416560997,3317
3337,322.402286085513,-322.402286085513,3318
3338,322.4329364105326,-322.4329364105326,3319
3339,322.4553412906412,-322.4553412906412,3320
3340,322.4788389584695,-322.4788389584695,3321
3341,322.4993115569106,-322.4993115569106,3322
3342,322.5232364462597,-322.5232364462597,3323
3343,322.5422512215333,-322.5422512215333,3324
3344,322.54688518265027,-322.54688518265027,3325
3345,322.5443474292798,-322.5443474292798,3326
3346,322.52917033016587,-322.52917033016587,3327
3347,322.5036132307572,-322.5036132307572,3328
3348,322.47361282377767,-322.47361282377767,3329
3349,322.45007511223594,-322.45007511223594,3330
3350,322.4214724099414,-322.4214724099414,3331
3351,322.3975512952305,-322.3975512952305,3332
3352,322.3886971305522,-322.3886971305522,3333
3353,322.38717032287144,-322.38717032287144,3334
3354,322.4369851613348,-322.4369851613348,3335
3355,322.47798149066864,-322.47798149066864,3336
3356,322.513515060505,-322.513515060505,3337
3357,322.54986558313874,-322.54986558313874,3338
3358,322.5931405274803,-322.5931405274803,3339
3359,322.6490947549689,-322.6490947549689,3340
3360,322.7012677275349,-322.7012677275349,3341
3361,322.7460214529996,-322.7460214529996,3342
3362,322.7683309229964,-322.7683309229964,3343
3363,322.78764089396657,-322.78764089396657,3344
3364,322.809773612863,-322.809773612863,3345
3365,322.8290665938653,-322.8290665938653,3346
3366,322.85317804056814,-322.85317804056814,3347
3367,322.86202657993425,-322.86202657993425,3348
3368,322.8647836295249,-322.8647836295249,3349
3369,322.86269949712005,-322.86269949712005,3350
3370,323.3532805782719,-323.3532805782719,3351
3371,323.373566920693,-323.373566920693,3352
3372,323.34322859628634,-323.34322859628634,3353
3373,323.31919444364195,-323.31919444364195,3354
3374,323.32196291137143,-323.32196291137143,3355
3375,323.3483550313604,-323.3483550313604,3356
3376,323.3537929679741,-323.3537929679741,3357
3377,323.3644676969004,-323.3644676969004,3358
3378,323.3859411366087,-323.3859411366087,3359
3379,323.425421865879,-323.425421865879,3360
3380,323.47370296367643,-323.47370296367643,3361
3381,323.5131868803688,-323.5131868803688,3362
3382,323.5668652636711,-323.5668652636711,3363
3383,323.63052596063864,-323.63052596063864,3364
3384,323.68164293173203,-323.68164293173203,3365
3385,323.7289545446604,-323.7289545446604,3366
3386,323.75444494862285,-323.75444494862285,3367
3387,323.77901515713995,-323.77901515713995,3368
3388,323.7995239323981,-323.7995239323981,3369
3389,323.8214386402458,-323.8214386402458,3370
3390,323.8439091354568,-323.8439091354568,3371
3391,323.88428293914495,-323.88428293914495,3372
3392,324.72997603297006,-324.72997603297006,3373
3393,325.53746754091645,-325.53746754091645,3374
3394,325.62546461703266,-325.62546461703266,3375
3395,325.5982156944153,-325.5982156944153,3376
3396,325.5658764743528,-325.5658764743528,3377
3397,325.5445024691735,-325.5445024691735,3378
3398,325.51311783525614,-325.51311783525614,3379
3399,325.48898447724184,-325.48898447724184,3380
3400,325.4781821565757,-325.4781821565757,3381
3401,325.47780719577884,-325.47780719577884,3382
3402,325.4816558522594,-325.4816558522594,3383
3403,325.51595417903656,-325.51595417903656,3384
3404,325.5433821856428,-325.5433821856428,3385
3405,325.5746078665562,-325.5746078665562,3386
3406,325.60904737519604,-325.60904737519604,3387
3407,325.6580961738894,-325.6580961738894,3388
3408,325.6967028808725,-325.6967028808725,3389
3409,325.73362227444693,-325.73362227444693,3390
3410,325.7590701874685,-325.7590701874685,3391
3411,325.78157796118813,-325.78157796118813,3392
3412,325.8038098124198,-325.8038098124198,3393
3413,325.8177646200994,-325.8177646200994,3394
3414,325.83523072142134,-325.83523072142134,3395
3415,325.84829367368644,-325.84829367368644,3396
3416,325.86227070137977,-325.86227070137977,3397
3417,325.8729261163916,-325.8729261163916,3398
3418,325.85688561072766,-325.85688561072766,3399
3419,325.8383825357096,-325.8383825357096,3400
3420,325.8162890204987,-325.8162890204987,3401
3421,325.7855157971855,-325.7855157971855,3402
3422,325.7698712235329,-325.7698712235329,3403
3423,325.7523254557579,-325.7523254557579,3404
3424,325.7451795673763,-325.7451795673763,3405
3425,325.7447736698417,-325.7447736698417,3406
3426,325.75171316509244,-325.75171316509244,3407
3427,325.7812794600663,-325.7812794600663,3408
3428,325.83008142932874,-325.83008142932874,3409
3429,325.8575942833247,-325.8575942833247,3410
3430,325.8919845424585,-325.8919845424585,3411
3431,325.9352189647927,-325.9352189647927,3412
3432,325.9867908605366,-325.9867908605366,3413
3433,326.0252640371621,-326.0252640371621,3414
3434,326.0471334775113,-326.0471334775113,3415
3435,326.0747840007699,-326.0747840007699,3416
3436,326.09511702756015,-326.09511702756015,3417
3437,326.11572241949887,-326.11572241949887,3418
3438,326.1345491782867,-326.1345491782867,3419
3439,326.1545791150032,-326.1545791150032,3420
3440,326.15887328191343,-326.15887328191343,3421
3441,326.15545541430237,-326.15545541430237,3422
3442,326.13591666856706,-326.13591666856706,3423
3443,326.108876142227,-326.108876142227,3424
3444,326.07755882598894,-326.07755882598894,3425
3445,326.04396040618684,-326.04396040618684,3426
3446,326.01159645640155,-326.01159645640155,3427
3447,325.9884076216616,-325.9884076216616,3428
3448,325.9759128052226,-325.9759128052226,3429
3449,325.9721426062377,-325.9721426062377,3430
3450,325.97659457683505,-325.97659457683505,3431
3451,326.00630421172934,-326.00630421172934,3432
3452,326.0379123438672,-326.0379123438672,3433
3453,326.07109204368663,-326.07109204368663,3434
3454,326.10856812206436,-326.10856812206436,3435
3455,326.16180293233583,-326.16180293233583,3436
3456,326.2123187781228,-326.2123187781228,3437
3457,326.24556758500864,-326.24556758500864,3438
3458,326.27364334942376,-326.27364334942376,3439
3459,326.2945096772684,-326.2945096772684,3440
3460,326.31663898422954,-326.31663898422954,3441
3461,326.3379862924853,-326.3379862924853,3442
3462,326.3629772754337,-326.3629772754337,3443
3463,326.3852095803125,-326.3852095803125,3444
3464,326.38783963646046,-326.38783963646046,3445
3465,326.38211614339616,-326.38211614339616,3446
3466,326.36297162849417,-326.36297162849417,3447
3467,326.3353938979578,-326.3353938979578,3448
3468,326.3032542320079,-326.3032542320079,3449
3469,326.27001664485596,-326.27001664485596,3450
3470,326.24015160803725,-326.24015160803725,3451
3471,326.2169702946941,-326.2169702946941,3452
3472,326.2049225650758,-326.2049225650758,3453
3473,326.2053107558626,-326.2053107558626,3454
3474,326.21052633661907,-326.21052633661907,3455
3475,326.2364587034187,-326.2364587034187,3456
3476,326.26284779957246,-326.26284779957246,3457
3477,326.3033516699925,-326.3033516699925,3458
3478,326.3377880024877,-326.3377880024877,3459
3479,326.3722313589631,-326.3722313589631,3460
3480,326.40972075283287,-326.40972075283287,3461
3481,326.4445656316546,-326.4445656316546,3462
3482,326.46686228083263,-326.46686228083263,3463
3483,326.48616387005234,-326.48616387005234,3464
3484,326.50986833466914,-326.50986833466914,3465
3485,326.52971254688754,-326.52971254688754,3466
3486,326.5517705774212,-326.5517705774212,3467
3487,326.5739834025803,-326.5739834025803,3468
3488,326.57714043708995,-326.57714043708995,3469
3489,326.5713668111564,-326.5713668111564,3470
3490,326.985814138025,-326.985814138025,3471
3491,327.86657827626374,-327.86657827626374,3472
3492,327.98109890358495,-327.98109890358495,3473
3493,327.9479650247185,-327.9479650247185,3474
3494,327.9208470801579,-327.9208470801579,3475
3495,327.89433608220634,-327.89433608220634,3476
3496,327.88622011375304,-327.88622011375304,3477
3497,327.89005223946464,-327.89005223946464,3478
3498,327.8929377603844,-327.8929377603844,3479
3499,327.92667237519873,-327.92667237519873,3480
3500,327.97300018298904,-327.97300018298904,3481
3501,328.01406112632156,-328.01406112632156,3482
3502,328.0957770398584,-328.0957770398584,3483
3503,328.16871764723703,-328.16871764723703,3484
3504,328.21403796856777,-328.21403796856777,3485
3505,328.2457117377816,-328.2457117377816,3486
3506,328.2695697959072,-328.2695697959072,3487
3507,328.2899378018529,-328.2899378018529,3488
3508,328.31102418709037,-328.31102418709037,3489
3509,328.32986037831125,-328.32986037831125,3490
3510,328.34914859379523,-328.34914859379523,3491
3511,328.352706001742,-328.352706001742,3492
3512,328.35202560122207,-328.35202560122207,3493
3513,328.35874864007053,-328.35874864007053,3494
3514,328.35150557168214,-328.35150557168214,3495
3515,328.32973867336386,-328.32973867336386,3496
3516,328.2961536645354,-328.2961536645354,3497
3517,328.2780806438835,-328.2780806438835,3498
3518,328.2579356198523,-328.2579356198523,3499
3519,328.23581598937506,-328.23581598937506,3500
3520,328.22774406284736,-328.22774406284736,3501
3521,328.2257701753198,-328.2257701753198,3502
3522,328.2298186862901,-328.2298186862901,3503
3523,328.2608407400281,-328.2608407400281,3504
3524,328.28876096216067,-328.28876096216067,3505
3525,328.3259383468602,-328.3259383468602,3506
3526,328.3553033051847,-328.3553033051847,3507
3527,328.4017152680963,-328.4017152680963,3508
3528,328.4501372161602,-328.4501372161602,3509
3529,328.48131254060326,-328.48131254060326,3510
3530,328.50475321794966,-328.50475321794966,3511
3531,328.52414558360186,-328.52414558360186,3512
3532,328.5441620481147,-328.5441620481147,3513
3533,328.5643587686807,-328.5643587686807,3514
3534,328.5826419855568,-328.5826419855568,3515
3535,328.5911549872854,-328.5911549872854,3516
3536,328.7728916744332,-328.7728916744332,3517
3537,329.4408886686176,-329.4408886686176,3518
3538,330.0446715186338,-330.0446715186338,3519
3539,330.3683881379405,-330.3683881379405,3520
3540,330.3627104844905,-330.3627104844905,3521
3541,330.34538440101005,-330.34538440101005,3522
3542,330.4038060917089,-330.4038060917089,3523
3543,330.4036458270724,-330.4036458270724,3524
3544,330.39230631381747,-330.39230631381747,3525
3545,330.3910321364269,-330.3910321364269,3526
3546,330.3948276228592,-330.3948276228592,3527
3547,330.42338368377426,-330.42338368377426,3528
3548,330.4581631031091,-330.4581631031091,3529
3549,330.4788234720501,-330.4788234720501,3530
3550,330.51270541126803,-330.51270541126803,3531
3551,330.5481992539302,-330.5481992539302,3532
3552,330.58568202571,-330.58568202571,3533
3553,330.62050508279583,-330.62050508279583,3534
3554,330.6522315735116,-330.6522315735116,3535
3555,330.67368308279737,-330.67368308279737,3536
3556,330.6946771383161,-330.6946771383161,3537
3557,330.7137641345972,-330.7137641345972,3538
3558,330.7310860070699,-330.7310860070699,3539
3559,330.73412110467575,-330.73412110467575,3540
3560,330.74221025483763,-330.74221025483763,3541
3561,331.12063717379374,-331.12063717379374,3542
3562,331.7435601891889,-331.7435601891889,3543
3563,331.7345721819307,-331.7345721819307,3544
3564,331.71301725481555,-331.71301725481555,3545
3565,331.67799582980035,-331.67799582980035,3546
3566,331.64836126969317,-331.64836126969317,3547
3567,331.62721746571395,-331.62721746571395,3548
3568,331.6191402796251,-331.6191402796251,3549
3569,331.61757150377764,-331.61757150377764,3550
3570,331.61994217752766,-331.61994217752766,3551
3571,331.6526872833248,-331.6526872833248,3552
3572,331.68377149377824,-331.68377149377824,3553
3573,331.72378874167754,-331.72378874167754,3554
3574,331.76018132879193,-331.76018132879193,3555
3575,331.813277698268,-331.813277698268,3556
3576,331.8518178571726,-331.8518178571726,3557
3577,331.88877536896433,-331.88877536896433,3558
3578,331.9143070291544,-331.9143070291544,3559
3579,331.9367974612588,-331.9367974612588,3560
3580,331.9593298989307,-331.9593298989307,3561
3581,331.9765216378044,-331.9765216378044,3562
3582,331.9952857574472,-331.9952857574472,3563
3583,332.0003442634013,-332.0003442634013,3564
3584,332.0112989372648,-332.0112989372648,3565
3585,332.025555421278,-332.025555421278,3566
3586,332.02717757145723,-332.02717757145723,3567
3587,332.02106155531095,-332.02106155531095,3568
3588,332.0133352172766,-332.0133352172766,3569
3589,332.0108207727477,-332.0108207727477,3570
3590,332.013154385242,-332.013154385242,3571
3591,332.0125867609771,-332.0125867609771,3572
3592,332.01850137919723,-332.01850137919723,3573
3593,332.02199847012946,-332.02199847012946,3574
3594,332.02870662929814,-332.02870662929814,3575
3595,332.0582871598797,-332.0582871598797,3576
3596,332.10712769723017,-332.10712769723017,3577
3597,332.13465502924765,-332.13465502924765,3578
3598,332.16907270424497,-332.16907270424497,3579
3599,332.21230712657916,-332.21230712657916,3580
3600,332.2513749105075,-332.2513749105075,3581
3601,332.28776410142825,-332.28776410142825,3582
3602,332.31223120149576,-332.31223120149576,3583
3603,332.33152816097225,-332.33152816097225,3584
3604,332.35653765350116,-332.35653765350116,3585
3605,332.37483328225625,-332.37483328225625,3586
3606,332.3953856737415,-332.3953856737415,3587
3607,332.40719170918214,-332.40719170918214,3588
3608,332.41014218948567,-332.41014218948567,3589
3609,332.839234305103,-332.839234305103,3590
3610,333.55440199593215,-333.55440199593215,3591
3611,334.5555756416509,-334.5555756416509,3592
3612,335.1273100059519,-335.1273100059519,3593
3613,335.1862582888432,-335.1862582888432,3594
3614,335.20830744714294,-335.20830744714294,3595
3615,335.2582436516217,-335.2582436516217,3596
3616,335.5822301906252,-335.5822301906252,3597
3617,335.60492364561316,-335.60492364561316,3598
3618,335.6381922197737,-335.6381922197737,3599
3619,335.7366727149107,-335.7366727149107,3600
3620,335.8130903614583,-335.8130903614583,3601
3621,335.8723802543658,-335.8723802543658,3602
3622,335.9327854901,-335.9327854901,3603
3623,336.02969361811773,-336.02969361811773,3604
3624,336.103679192718,-336.103679192718,3605
3625,336.14473733895204,-336.14473733895204,3606
3626,336.16817512996806,-336.16817512996806,3607
3627,336.19540179267767,-336.19540179267767,3608
3628,336.21639842699193,-336.21639842699193,3609
3629,336.2343898694182,-336.2343898694182,3610
3630,336.2535082701933,-336.2535082701933,3611
3631,336.28436692677155,-336.28436692677155,3612
3632,336.30559505832105,-336.30559505832105,3613
3633,336.3262965048989,-336.3262965048989,3614
3634,336.3866471387487,-336.3866471387487,3615
3635,336.5008732051905,-336.5008732051905,3616
3636,336.5110938692548,-336.5110938692548,3617
3637,336.5028982950609,-336.5028982950609,3618
3638,336.50339686533255,-336.50339686533255,3619
3639,336.50440613068366,-336.50440613068366,3620
3640,336.50904946383764,-336.50904946383764,3621
3641,336.5153671891886,-336.5153671891886,3622
3642,336.53855062751757,-336.53855062751757,3623
3643,336.58289615307217,-336.58289615307217,3624
3644,336.68999931156424,-336.68999931156424,3625
3645,336.7341945154578,-336.7341945154578,3626
3646,336.79181612256235,-336.79181612256235,3627
3647,336.83998280101207,-336.83998280101207,3628
3648,336.89468603880016,-336.89468603880016,3629
3649,336.93054904572926,-336.93054904572926,3630
3650,336.95290444435045,-336.95290444435045,3631
3651,336.9768447755492,-336.9768447755492,3632
3652,336.9981475160113,-336.9981475160113,3633
3653,337.0198399515704,-337.0198399515704,3634
3654,337.044231214353,-337.044231214353,3635
3655,337.0828620413435,-337.0828620413435,3636
3656,337.08729768347126,-337.08729768347126,3637
3657,337.083959909747,-337.083959909747,3638
3658,337.06760253940115,-337.06760253940115,3639
3659,337.0459009097235,-337.0459009097235,3640
3660,337.03715807040373,-337.03715807040373,3641
3661,337.0207440073873,-337.0207440073873,3642
3662,337.0051252094188,-337.0051252094188,3643
3663,336.99005524243927,-336.99005524243927,3644
3664,336.98962086922074,-336.98962086922074,3645
3665,336.99143706182105,-336.99143706182105,3646
3666,336.99824015981574,-336.99824015981574,3647
3667,337.03656464613596,-337.03656464613596,3648
3668,337.06930458048,-337.06930458048,3649
3669,337.1005373953266,-337.1005373953266,3650
3670,337.1359725257776,-337.1359725257776,3651
3671,337.175680193286,-337.175680193286,3652
3672,337.23348995877126,-337.23348995877126,3653
3673,337.2740308588047,-337.2740308588047,3654
3674,337.29634557699853,-337.29634557699853,3655
3675,337.3223947248751,-337.3223947248751,3656
3676,337.34495870642826,-337.34495870642826,3657
3677,337.3663417136301,-337.3663417136301,3658
3678,337.3873698603921,-337.3873698603921,3659
3679,337.40456638077404,-337.40456638077404,3660
3680,337.41340028814204,-337.41340028814204,3661
3681,337.4492616667745,-337.4492616667745,3662
3682,337.4897423565671,-337.4897423565671,3663
3683,337.5248707459009,-337.5248707459009,3664
3684,337.5522489024222,-337.5522489024222,3665
3685,337.5979957139823,-337.5979957139823,3666
3686,337.6339321751033,-337.6339321751033,3667
3687,338.1153078775093,-338.1153078775093,3668
3688,338.87954070903,-338.87954070903,3669
3689,338.9280395776724,-338.9280395776724,3670
3690,338.9477951975099,-338.9477951975099,3671
3691,338.97062400118915,-338.97062400118915,3672
3692,338.98872556595074,-338.98872556595074,3673
3693,339.0104194045525,-339.0104194045525,3674
3694,339.0384845767415,-339.0384845767415,3675
3695,339.1240627992862,-339.1240627992862,3676
3696,339.1719940212149,-339.1719940212149,3677
3697,339.20992533109444,-339.20992533109444,3678
3698,339.2339053879098,-339.2339053879098,3679
3699,339.26363209922226,-339.26363209922226,3680
3700,339.2864508317794,-339.2864508317794,3681
3701,339.3061001954885,-339.3061001954885,3682
3702,339.32370015256976,-339.32370015256976,3683
3703,339.32844019585394,-339.32844019585394,3684
3704,339.71679823594184,-339.71679823594184,3685
3705,339.7176627025023,-339.7176627025023,3686
3706,340.2615138317902,-340.2615138317902,3687
3707,340.9739496416863,-340.9739496416863,3688
3708,341.4696707569362,-341.4696707569362,3689
3709,342.111847524915,-342.111847524915,3690
3710,342.1239820235325,-342.1239820235325,3691
3711,342.1286813644087,-342.1286813644087,3692
3712,342.13725954684753,-342.13725954684753,3693
3713,342.14415082738054,-342.14415082738054,3694
3714,342.1810519468581,-342.1810519468581,3695
3715,342.2152614159284,-342.2152614159284,3696
3716,342.2669526017814,-342.2669526017814,3697
3717,342.30376513174343,-342.30376513174343,3698
3718,342.349336831145,-342.349336831145,3699
3719,342.39524293228453,-342.39524293228453,3700
3720,342.4447027934256,-342.4447027934256,3701
3721,342.4930625611324,-342.4930625611324,3702
3722,342.5233368461313,-342.5233368461313,3703
3723,342.54750562256373,-342.54750562256373,3704
3724,342.56836102429264,-342.56836102429264,3705
3725,342.5859271157377,-342.5859271157377,3706
3726,342.6048381825841,-342.6048381825841,3707
3727,342.62458250028885,-342.62458250028885,3708
3728,342.62259990568293,-342.62259990568293,3709
3729,342.61829707307436,-342.61829707307436,3710
3730,342.5999414084796,-342.5999414084796,3711
3731,342.5890753570402,-342.5890753570402,3712
3732,342.56953999644344,-342.56953999644344,3713
3733,342.54950424200786,-342.54950424200786,3714
3734,342.53265802512857,-342.53265802512857,3715
3735,342.5106775184773,-342.5106775184773,3716
3736,342.51210218034703,-342.51210218034703,3717
3737,342.51155642477863,-342.51155642477863,3718
3738,342.51679568877177,-342.51679568877177,3719
3739,342.5563732840197,-342.5563732840197,3720
3740,342.5906396421025,-342.5906396421025,3721
3741,342.61712608843175,-342.61712608843175,3722
3742,342.6493581527065,-342.6493581527065,3723
3743,342.71296296086626,-342.71296296086626,3724
3744,342.7578315694542,-342.7578315694542,3725
3745,342.79425820624897,-342.79425820624897,3726
3746,342.81554228242965,-342.81554228242965,3727
3747,342.8374724516401,-342.8374724516401,3728
3748,342.85908620699956,-342.85908620699956,3729
3749,342.8768425856799,-342.8768425856799,3730
3750,342.893656708372,-342.893656708372,3731
3751,342.8992020237396,-342.8992020237396,3732
3752,342.9131797908919,-342.9131797908919,3733
3753,342.9188523109901,-342.9188523109901,3734
3754,342.9166564697674,-342.9166564697674,3735
3755,342.9126253381721,-342.9126253381721,3736
3756,342.9125475008457,-342.9125475008457,3737
3757,342.96201092159015,-342.96201092159015,3738
3758,342.99296867519405,-342.99296867519405,3739
3759,343.01438626835494,-343.01438626835494,3740
3760,343.03984706829414,-343.03984706829414,3741
3761,343.05810334939616,-343.05810334939616,3742
3762,343.07893873141467,-343.07893873141467,3743
3763,343.1064697767191,-343.1064697767191,3744
3764,343.13641420033866,-343.13641420033866,3745
3765,343.1618024684751,-343.1618024684751,3746
3766,343.1879579859097,-343.1879579859097,3747
3767,343.22552212476575,-343.22552212476575,3748
3768,343.2781346043999,-343.2781346043999,3749
3769,343.3160638537347,-343.3160638537347,3750
3770,343.34004041946037,-343.34004041946037,3751
3771,343.36256055049955,-343.36256055049955,3752
3772,343.3840172241001,-343.3840172241001,3753
3773,343.40377021108253,-343.40377021108253,3754
3774,343.4262332984516,-343.4262332984516,3755
3775,343.4474979859115,-343.4474979859115,3756
3776,343.4554827434413,-343.4554827434413,3757
3777,343.46086518801957,-343.46086518801957,3758
3778,344.26845735607657,-344.26845735607657,3759
3779,344.79173865196975,-344.79173865196975,3760
3780,344.79087223941093,-344.79087223941093,3761
3781,344.78788556002394,-344.78788556002394,3762
3782,344.7814926782667,-344.7814926782667,3763
3783,344.77578816363507,-344.77578816363507,3764
3784,344.7762727943113,-344.7762727943113,3765
3785,344.781565542353,-344.781565542353,3766
3786,344.7875323106215,-344.7875323106215,3767
3787,344.8176811815758,-344.8176811815758,3768
3788,344.85346852081307,-344.85346852081307,3769
3789,344.87668987645867,-344.87668987645867,3770
3790,344.9063146929245,-344.9063146929245,3771
3791,344.9559014992316,-344.9559014992316,3772
3792,345.0007074808361,-345.0007074808361,3773
3793,345.0344859167183,-345.0344859167183,3774
3794,345.0599242471569,-345.0599242471569,3775
3795,345.0838511369765,-345.0838511369765,3776
3796,345.1021217935584,-345.1021217935584,3777
3797,345.1211410289798,-345.1211410289798,3778
3798,345.13724058082744,-345.13724058082744,3779
3799,345.1395213727821,-345.1395213727821,3780
3800,345.3954172723743,-345.3954172723743,3781
3801,345.96207634122857,-345.96207634122857,3782
3802,346.55362635321933,-346.55362635321933,3783
3803,347.0057409016633,-347.0057409016633,3784
3804,347.2455140832232,-347.2455140832232,3785
3805,347.34822855021486,-347.34822855021486,3786
3806,347.32329891867835,-347.32329891867835,3787
3807,347.30184793869324,-347.30184793869324,3788
3808,347.2889177948646,-347.2889177948646,3789
3809,347.2848558268529,-347.2848558268529,3790
3810,347.2887610121218,-347.2887610121218,3791
3811,347.33872201822686,-347.33872201822686,3792
3812,347.36245943143757,-347.36245943143757,3793
3813,347.3810564217271,-347.3810564217271,3794
3814,347.41129851613385,-347.41129851613385,3795
3815,347.4623871111116,-347.4623871111116,3796
3816,347.5196636498755,-347.5196636498755,3797
3817,347.56321582720744,-347.56321582720744,3798
3818,347.5887504138306,-347.5887504138306,3799
3819,347.61754766981613,-347.61754766981613,3800
3820,347.63595200523287,-347.63595200523287,3801
3821,347.65467562707806,-347.65467562707806,3802
3822,347.66859251682945,-347.66859251682945,3803
3823,347.6849297352471,-347.6849297352471,3804
3824,347.6898223478873,-347.6898223478873,3805
3825,347.6886049751948,-347.6886049751948,3806
3826,347.9135364741103,-347.9135364741103,3807
3827,348.51624791056014,-348.51624791056014,3808
3828,349.31526645118953,-349.31526645118953,3809
3829,349.932541518475,-349.932541518475,3810
3830,349.93169880023066,-349.93169880023066,3811
3831,349.90729880316536,-349.90729880316536,3812
3832,349.8983161557446,-349.8983161557446,3813
3833,349.8978790540191,-349.8978790540191,3814
3834,349.90107887938564,-349.90107887938564,3815
3835,349.9358506015808,-349.9358506015808,3816
3836,349.97621882314024,-349.97621882314024,3817
3837,350.0088239101583,-350.0088239101583,3818
3838,350.1338566959842,-350.1338566959842,3819
3839,350.17252392904663,-350.17252392904663,3820
3840,350.2157754862802,-350.2157754862802,3821
3841,350.2532261129093,-350.2532261129093,3822
3842,350.2745384043057,-350.2745384043057,3823
3843,350.29487947734856,-350.29487947734856,3824
3844,350.31492542115154,-350.31492542115154,3825
3845,350.3394428737988,-350.3394428737988,3826
3846,350.35776829386083,-350.35776829386083,3827
3847,350.37709872715055,-350.37709872715055,3828
3848,350.3759254677399,-350.3759254677399,3829
3849,350.3701783648033,-350.3701783648033,3830
3850,350.3515485068441,-350.3515485068441,3831
3851,350.806545255354,-350.806545255354,3832
3852,351.35675861218976,-351.35675861218976,3833
3853,351.3483936753004,-351.3483936753004,3834
3854,351.3195252720342,-351.3195252720342,3835
3855,351.29644022364414,-351.29644022364414,3836
3856,351.2881300524246,-351.2881300524246,3837
3857,351.2832191616251,-351.2832191616251,3838
3858,351.28399540796295,-351.28399540796295,3839
3859,351.30489119489283,-351.30489119489283,3840
3860,351.32824127188854,-351.32824127188854,3841
3861,351.35320327429247,-351.35320327429247,3842
3862,351.3817940818398,-351.3817940818398,3843
3863,351.4078863630442,-351.4078863630442,3844
3864,351.4454054909513,-351.4454054909513,3845
3865,351.47969240247363,-351.47969240247363,3846
3866,351.5160393831227,-351.5160393831227,3847
3867,351.54265476398024,-351.54265476398024,3848
3868,351.56376499767316,-351.56376499767316,3849
3869,351.58566287868786,-351.58566287868786,3850
3870,351.60305388388605,-351.60305388388605,3851
3871,351.6224139713514,-351.6224139713514,3852
3872,351.6252989662214,-351.6252989662214,3853
3873,351.8385388064675,-351.8385388064675,3854
3874,352.52135107490716,-352.52135107490716,3855
3875,352.67066029995055,-352.67066029995055,3856
3876,352.7196158343113,-352.7196158343113,3857
3877,353.43815107084816,-353.43815107084816,3858
3878,353.8660458879595,-353.8660458879595,3859
3879,354.0408015708003,-354.0408015708003,3860
3880,354.0439549408252,-354.0439549408252,3861
3881,354.0479245431649,-354.0479245431649,3862
3882,354.1027221376413,-354.1027221376413,3863
3883,354.14010995860167,-354.14010995860167,3864
3884,354.187932997462,-354.187932997462,3865
3885,354.2357299293038,-354.2357299293038,3866
3886,354.2866506430619,-354.2866506430619,3867
3887,354.3381598398138,-354.3381598398138,3868
3888,354.37198420436926,-354.37198420436926,3869
3889,354.4131405426903,-354.4131405426903,3870
3890,354.449541115824,-354.449541115824,3871
3891,354.47507137647096,-354.47507137647096,3872
3892,354.50070388571305,-354.50070388571305,3873
3893,354.5184758530183,-354.5184758530183,3874
3894,354.5386359253774,-354.5386359253774,3875
3895,354.56431888346884,-354.56431888346884,3876
3896,355.1064566226303,-355.1064566226303,3877
3897,355.8023451127078,-355.8023451127078,3878
3898,356.52027709891877,-356.52027709891877,3879
3899,357.2389588739682,-357.2389588739682,3880
3900,357.94221614465613,-357.94221614465613,3881
3901,358.778702861217,-358.778702861217,3882
3902,358.946182473857,-358.946182473857,3883
3903,359.1419442667984,-359.1419442667984,3884
3904,359.1403861570718,-359.1403861570718,3885
3905,359.1445339403616,-359.1445339403616,3886
3906,359.15275589060616,-359.15275589060616,3887
3907,359.18081462402193,-359.18081462402193,3888
3908,359.2094004370432,-359.2094004370432,3889
3909,359.2396504022718,-359.2396504022718,3890
3910,359.28184863817836,-359.28184863817836,3891
3911,359.3270844685131,-359.3270844685131,3892
3912,359.36303994001287,-359.36303994001287,3893
3913,359.39688181905245,-359.39688181905245,3894
3914,359.41922692088053,-359.41922692088053,3895
3915,359.4426609219982,-359.4426609219982,3896
3916,359.46333298599063,-359.46333298599063,3897
3917,359.48023979385795,-359.48023979385795,3898
3918,359.4996243100574,-359.4996243100574,3899
3919,359.50611016068194,-359.50611016068194,3900
3920,359.50836730376,-359.50836730376,3901
3921,359.5062196753805,-359.5062196753805,3902
3922,359.4912516661253,-359.4912516661253,3903
3923,359.47510357044064,-359.47510357044064,3904
3924,359.45607828938006,-359.45607828938006,3905
3925,359.43856231923763,-359.43856231923763,3906
3926,359.41262538742365,-359.41262538742365,3907
3927,359.3913291000115,-359.3913291000115,3908
3928,359.3846193694603,-359.3846193694603,3909
3929,359.3829314892388,-359.3829314892388,3910
3930,359.386510840553,-359.386510840553,3911
3931,359.4155265762296,-359.4155265762296,3912
3932,359.450274437185,-359.450274437185,3913
3933,359.47732949228845,-359.47732949228845,3914
3934,359.50441743980645,-359.50441743980645,3915
3935,359.5393122876009,-359.5393122876009,3916
3936,359.5898169037586,-359.5898169037586,3917
3937,359.6126469112643,-359.6126469112643,3918
3938,359.63451678344586,-359.63451678344586,3919
3939,359.6580605085377,-359.6580605085377,3920
3940,359.6822718400735,-359.6822718400735,3921
3941,359.70404187800347,-359.70404187800347,3922
3942,359.7249141667166,-359.7249141667166,3923
3943,359.73528602791214,-359.73528602791214,3924
3944,359.75274163198605,-359.75274163198605,3925
3945,359.76554513236005,-359.76554513236005,3926
3946,359.77243287718346,-359.77243287718346,3927
3947,359.7772445912568,-359.7772445912568,3928
3948,359.7821878070225,-359.7821878070225,3929
3949,359.79196027547573,-359.79196027547573,3930
3950,359.8020763940579,-359.8020763940579,3931
3951,359.8196857776451,-359.8196857776451,3932
3952,359.82805190810046,-359.82805190810046,3933
3953,359.8370205228976,-359.8370205228976,3934
3954,359.8468796480701,-359.8468796480701,3935
3955,359.8937272703213,-359.8937272703213,3936
3956,359.9342244689601,-359.9342244689601,3937
3957,359.9616349796401,-359.9616349796401,3938
3958,360.00642384573115,-360.00642384573115,3939
3959,360.05079363699934,-360.05079363699934,3940
3960,360.0850744006545,-360.0850744006545,3941
3961,360.1042383810183,-360.1042383810183,3942
3962,360.1250699093266,-360.1250699093266,3943
3963,360.14700889973284,-360.14700889973284,3944
3964,360.16938660089943,-360.16938660089943,3945
3965,360.1958658385162,-360.1958658385162,3946
3966,360.21564874828783,-360.21564874828783,3947
3967,360.22506535181424,-360.22506535181424,3948
3968,360.2307762255686,-360.2307762255686,3949
3969,360.2314018092254,-360.2314018092254,3950
3970,360.2400175893966,-360.2400175893966,3951
3971,360.22915740563917,-360.22915740563917,3952
3972,360.2197806664546,-360.2197806664546,3953
3973,360.22587931041903,-360.22587931041903,3954
3974,360.23229551285993,-360.23229551285993,3955
3975,360.24023615885767,-360.24023615885767,3956
3976,360.25751576157705,-360.25751576157705,3957
3977,360.2698877270377,-360.2698877270377,3958
3978,360.2792959140929,-360.2792959140929,3959
3979,360.30681434860963,-360.30681434860963,3960
3980,360.3420697421733,-360.3420697421733,3961
3981,360.36915426052957,-360.36915426052957,3962
3982,360.40724615428934,-360.40724615428934,3963
3983,360.45620287367217,-360.45620287367217,3964
3984,360.50036750797585,-360.50036750797585,3965
3985,360.52994957462505,-360.52994957462505,3966
3986,360.55650151230634,-360.55650151230634,3967
3987,360.584253024964,-360.584253024964,3968
3988,360.6052315697846,-360.6052315697846,3969
3989,360.6252480185397,-360.6252480185397,3970
3990,360.64191768887054,-360.64191768887054,3971
3991,360.6505424342272,-360.6505424342272,3972
3992,360.658019548811,-360.658019548811,3973
3993,360.66582752787485,-360.66582752787485,3974
3994,360.6527411295805,-360.6527411295805,3975
3995,360.6355616753149,-360.6355616753149,3976
3996,360.62099033617613,-360.62099033617613,3977
3997,360.6233134387267,-360.6233134387267,3978
3998,360.9426571429228,-360.9426571429228,3979
3999,361.60176794323263,-361.60176794323263,3980
4000,361.9566919375,-361.9566919375,3981
4001,361.97535285151105,-361.97535285151105,3982
4002,361.99610311490454,-361.99610311490454,3983
4003,362.0371651669663,-362.0371651669663,3984
4004,362.0848954513915,-362.0848954513915,3985
4005,362.1275165623149,-362.1275165623149,3986
4006,362.1817414894961,-362.1817414894961,3987
4007,362.22239974130486,-362.22239974130486,3988
4008,362.27858893773634,-362.27858893773634,3989
4009,362.3050930364539,-362.3050930364539,3990
4010,362.3264568423775,-362.3264568423775,3991
4011,362.34681289546336,-362.34681289546336,3992
4012,362.36716794685196,-362.36716794685196,3993
4013,362.38719709577737,-362.38719709577737,3994
4014,362.40685851786714,-362.40685851786714,3995
4015,362.4288232734813,-362.4288232734813,3996
4016,362.432412179136,-362.432412179136,3997
4017,362.43352763994915,-362.43352763994915,3998
4018,362.41524883695115,-362.41524883695115,3999
4019,362.3876681262883,-362.3876681262883,4000
4020,362.3528182729694,-362.3528182729694,4001
4021,362.338271024958,-362.338271024958,4002
4022,362.33398174445466,-362.33398174445466,4003
4023,362.3174957109941,-362.3174957109941,4004
4024,362.30726854077744,-362.30726854077744,4005
4025,362.3031956315164,-362.3031956315164,4006
4026,362.3096258466785,-362.3096258466785,4007
4027,362.3585161665008,-362.3585161665008,4008
4028,362.3990925452131,-362.3990925452131,4009
4029,362.4500972198951,-362.4500972198951,4010
4030,362.48605039472966,-362.48605039472966,4011
4031,362.54869725958963,-362.54869725958963,4012
4032,362.60125290610773,-362.60125290610773,4013
4033,362.6339763177659,-362.6339763177659,4014
4034,362.6578388921863,-362.6578388921863,4015
4035,362.67816622170295,-362.67816622170295,4016
4036,362.7007144307529,-362.7007144307529,4017
4037,362.71992877495927,-362.71992877495927,4018
4038,362.74196963144885,-362.74196963144885,4019
4039,362.76575798234137,-362.76575798234137,4020
4040,362.7710743167444,-362.7710743167444,4021
4041,362.767255848163,-362.767255848163,4022
4042,362.9529703166089,-362.9529703166089,4023
4043,362.93754342720746,-362.93754342720746,4024
4044,362.9139177062369,-362.9139177062369,4025
4045,363.4764557926785,-363.4764557926785,4026
4046,364.00760949351223,-364.00760949351223,4027
4047,364.34928127274935,-364.34928127274935,4028
4048,365.0824764859927,-365.0824764859927,4029
4049,365.6353417458424,-365.6353417458424,4030
4050,365.64376325734014,-365.64376325734014,4031
4051,365.6827865984008,-365.6827865984008,4032
4052,365.76707639122714,-365.76707639122714,4033
4053,365.8112088030156,-365.8112088030156,4034
4054,365.85508960060105,-365.85508960060105,4035
4055,365.91457531627486,-365.91457531627486,4036
4056,365.9593564031793,-365.9593564031793,4037
4057,365.9957345160745,-365.9957345160745,4038
4058,366.0185598904718,-366.0185598904718,4039
4059,366.03838474765394,-366.03838474765394,4040
4060,366.06098995024286,-366.06098995024286,4041
4061,366.08288629930576,-366.08288629930576,4042
4062,366.1011487345055,-366.1011487345055,4043
4063,366.1218090463457,-366.1218090463457,4044
4064,366.1398786527485,-366.1398786527485,4045
4065,366.38605900725923,-366.38605900725923,4046
4066,366.88082340434505,-366.88082340434505,4047
4067,366.917508791638,-366.917508791638,4048
4068,367.16701428977234,-367.16701428977234,4049
4069,367.73297041785713,-367.73297041785713,4050
4070,368.6275042723142,-368.6275042723142,4051
4071,369.18144991477595,-369.18144991477595,4052
4072,369.1925119523174,-369.1925119523174,4053
4073,369.199854911371,-369.199854911371,4054
4074,369.20806864000593,-369.20806864000593,4055
4075,369.2546362434729,-369.2546362434729,4056
4076,369.3024315461591,-369.3024315461591,4057
4077,369.3518599753255,-369.3518599753255,4058
4078,369.3878863893566,-369.3878863893566,4059
4079,369.43482213409476,-369.43482213409476,4060
4080,369.4848399530595,-369.4848399530595,4061
4081,369.5165208103897,-369.5165208103897,4062
4082,369.5445415026933,-369.5445415026933,4063
4083,369.5647795789441,-369.5647795789441,4064
4084,369.58971702716013,-369.58971702716013,4065
4085,369.6104272557957,-369.6104272557957,4066
4086,369.62737531012215,-369.62737531012215,4067
4087,369.64354857402975,-369.64354857402975,4068
4088,369.6542532127997,-369.6542532127997,4069
4089,369.66600452429816,-369.66600452429816,4070
4090,369.67155336189404,-369.67155336189404,4071
4091,369.7456434039099,-369.7456434039099,4072
4092,369.75599566258813,-369.75599566258813,4073
4093,369.7893975053955,-369.7893975053955,4074
4094,369.82456415222885,-369.82456415222885,4075
4095,369.8447317272369,-369.8447317272369,4076
4096,369.8685840517395,-369.8685840517395,4077
4097,369.8867089389856,-369.8867089389856,4078
4098,369.9090419536558,-369.9090419536558,4079
4099,369.93144621225565,-369.93144621225565,4080
4100,369.9772467085718,-369.9772467085718,4081
4101,370.0307671935014,-370.0307671935014,4082
4102,370.0828838208742,-370.0828838208742,4083
4103,370.1501475073223,-370.1501475073223,4084
4104,370.2293084268605,-370.2293084268605,4085
4105,370.2568434303707,-370.2568434303707,4086
4106,370.2775759241769,-370.2775759241769,4087
4107,370.29789155456336,-370.29789155456336,4088
4108,370.3218721977456,-370.3218721977456,4089
4109,370.34006619255194,-370.34006619255194,4090
4110,370.36030176954733,-370.36030176954733,4091
4111,370.38010434185054,-370.38010434185054,4092
4112,370.42453360669623,-370.42453360669623,4093
4113,370.4468192723059,-370.4468192723059,4094
4114,370.45682816988807,-370.45682816988807,4095
4115,370.4619564845108,-370.4619564845108,4096
4116,370.4682839644285,-370.4682839644285,4097
4117,370.4974068171879,-370.4974068171879,4098
4118,370.5310243765123,-370.5310243765123,4099
4119,370.5611526450826,-370.5611526450826,4100
4120,370.5849849704027,-370.5849849704027,4101
4121,370.62383967468975,-370.62383967468975,4102
4122,370.647556629754,-370.647556629754,4103
4123,370.68706121946906,-370.68706121946906,4104
4124,370.73486845317456,-370.73486845317456,4105
4125,370.7711679968554,-370.7711679968554,4106
4126,370.8072965576207,-370.8072965576207,4107
4127,370.8471744247977,-370.8471744247977,4108
4128,370.89958496701394,-370.89958496701394,4109
4129,370.9255153800184,-370.9255153800184,4110
4130,370.9441754742256,-370.9441754742256,4111
4131,370.96076855506965,-370.96076855506965,4112
4132,370.9840873694494,-370.9840873694494,4113
4133,371.0089359955397,-371.0089359955397,4114
4134,371.02979413882304,-371.02979413882304,4115
4135,371.06433220717116,-371.06433220717116,4116
4136,371.07056419359765,-371.07056419359765,4117
4137,371.8750745560645,-371.8750745560645,4118
4138,372.8023035639288,-372.8023035639288,4119
4139,373.76658853564504,-373.76658853564504,4120
4140,373.7777636349321,-373.7777636349321,4121
4141,373.757289281042,-373.757289281042,4122
4142,373.7470890900761,-373.7470890900761,4123
4143,373.73250742921726,-373.73250742921726,4124
4144,373.7251317119882,-373.7251317119882,4125
4145,373.72554165934827,-373.72554165934827,4126
4146,373.73185277897426,-373.73185277897426,4127
4147,373.7714503079003,-373.7714503079003,4128
4148,373.8192822079723,-373.8192822079723,4129
4149,373.86393309123207,-373.86393309123207,4130
4150,373.90613352659403,-373.90613352659403,4131
4151,373.9520970262691,-373.9520970262691,4132
4152,374.0057077421658,-374.0057077421658,4133
4153,374.03318700455355,-374.03318700455355,4134
4154,374.0549193249527,-374.0549193249527,4135
4155,374.0742353653619,-374.0742353653619,4136
4156,374.09587397828784,-374.09587397828784,4137
4157,374.1141308811909,-374.1141308811909,4138
4158,374.1323180786359,-374.1323180786359,4139
4159,374.14966849680985,-374.14966849680985,4140
4160,374.156268774212,-374.156268774212,4141
4161,374.16570172920933,-374.16570172920933,4142
4162,374.1706534577429,-374.1706534577429,4143
4163,374.17277528953383,-374.17277528953383,4144
4164,374.18009414125254,-374.18009414125254,4145
4165,374.3473661879115,-374.3473661879115,4146
4166,375.2723041161568,-375.2723041161568,4147
4167,375.4912929050477,-375.4912929050477,4148
4168,375.48785939505257,-375.48785939505257,4149
4169,375.4869688065195,-375.4869688065195,4150
4170,375.5163221698673,-375.5163221698673,4151
4171,375.55172151983106,-375.55172151983106,4152
4172,375.58707549493283,-375.58707549493283,4153
4173,375.61613296634033,-375.61613296634033,4154
4174,375.6437784723372,-375.6437784723372,4155
4175,375.6886918678978,-375.6886918678978,4156
4176,375.72652050812746,-375.72652050812746,4157
4177,375.766537062978,-375.766537062978,4158
4178,375.7897284679578,-375.7897284679578,4159
4179,375.81111501821204,-375.81111501821204,4160
4180,375.8347128314444,-375.8347128314444,4161
4181,375.8547199740415,-375.8547199740415,4162
4182,375.8762265713986,-375.8762265713986,4163
4183,375.8805829540192,-375.8805829540192,4164
4184,375.8824555279224,-375.8824555279224,4165
4185,375.9024331320376,-375.9024331320376,4166
4186,375.90665408401253,-375.90665408401253,4167
4187,375.90360819430924,-375.90360819430924,4168
4188,375.90049819908296,-375.90049819908296,4169
4189,375.9112790630702,-375.9112790630702,4170
4190,375.91911679596575,-375.91911679596575,4171
4191,376.2564685137628,-376.2564685137628,4172
4192,377.0006001187633,-377.0006001187633,4173
4193,377.6985191524615,-377.6985191524615,4174
4194,377.8007197130347,-377.8007197130347,4175
4195,377.82203422846254,-377.82203422846254,4176
4196,377.8458340579886,-377.8458340579886,4177
4197,377.8634045009208,-377.8634045009208,4178
4198,377.88733307625114,-377.88733307625114,4179
4199,377.9377187692745,-377.9377187692745,4180
4200,377.98760272775274,-377.98760272775274,4181
4201,378.01407261505864,-378.01407261505864,4182
4202,378.0382676300506,-378.0382676300506,4183
4203,378.0564918821571,-378.0564918821571,4184
4204,378.07685627314476,-378.07685627314476,4185
4205,378.0946208585347,-378.0946208585347,4186
4206,378.1137089188363,-378.1137089188363,4187
4207,378.1340650027683,-378.1340650027683,4188
4208,378.13991534705195,-378.13991534705195,4189
4209,378.326106309408,-378.326106309408,4190
4210,378.33517201874724,-378.33517201874724,4191
4211,378.34238224816426,-378.34238224816426,4192
4212,378.3468436448534,-378.3468436448534,4193
4213,378.3329809321386,-378.3329809321386,4194
4214,378.32021792433636,-378.32021792433636,4195
4215,378.3631743032297,-378.3631743032297,4196
4216,378.3595310609579,-378.3595310609579,4197
4217,378.3624418990622,-378.3624418990622,4198
4218,378.3686599439384,-378.3686599439384,4199
4219,378.39825014953556,-378.39825014953556,4200
4220,378.42402597411143,-378.42402597411143,4201
4221,378.4444986834132,-378.4444986834132,4202
4222,378.47426121757564,-378.47426121757564,4203
4223,378.51080237905927,-378.51080237905927,4204
4224,378.5493017360306,-378.5493017360306,4205
4225,378.58621265945527,-378.58621265945527,4206
4226,378.6105914051666,-378.6105914051666,4207
4227,378.63350193851954,-378.63350193851954,4208
4228,378.6575495161883,-378.6575495161883,4209
4229,378.6778795103195,-378.6778795103195,4210
4230,378.69724865219814,-378.69724865219814,4211
4231,378.71492513876245,-378.71492513876245,4212
4232,378.7347901782388,-378.7347901782388,4213
4233,378.742949767729,-378.742949767729,4214
4234,378.7438572631076,-378.7438572631076,4215
4235,378.746342548921,-378.746342548921,4216
4236,379.0465965667436,-379.0465965667436,4217
4237,379.54131767611295,-379.54131767611295,4218
4238,380.1407322599539,-380.1407322599539,4219
4239,380.1463657594681,-380.1463657594681,4220
4240,380.14296395442733,-380.14296395442733,4221
4241,380.1436269621341,-380.1436269621341,4222
4242,380.1474380728712,-380.1474380728712,4223
4243,380.173371631537,-380.173371631537,4224
4244,380.1909033480047,-380.1909033480047,4225
4245,380.20952580800656,-380.20952580800656,4226
4246,380.24852367702204,-380.24852367702204,4227
4247,380.2954099628454,-380.2954099628454,4228
4248,380.3426608004786,-380.3426608004786,4229
4249,380.3785138966898,-380.3785138966898,4230
4250,380.4117686760925,-380.4117686760925,4231
4251,380.4366946265074,-380.4366946265074,4232
4252,380.46114414149235,-380.46114414149235,4233
4253,380.48053780831367,-380.48053780831367,4234
4254,380.4999965579663,-380.4999965579663,4235
4255,380.5076538879879,-380.5076538879879,4236
4256,380.51477439721486,-380.51477439721486,4237
4257,380.5230783314641,-380.5230783314641,4238
4258,380.5408600944587,-380.5408600944587,4239
4259,381.20328229477866,-381.20328229477866,4240
4260,381.2329848792713,-381.2329848792713,4241
4261,381.27933883609774,-381.27933883609774,4242
4262,381.32597688153214,-381.32597688153214,4243
4263,381.33398276447406,-381.33398276447406,4244
4264,381.33138565505544,-381.33138565505544,4245
4265,381.33601805193894,-381.33601805193894,4246
4266,381.3434074878783,-381.3434074878783,4247
4267,381.3687188961626,-381.3687188961626,4248
4268,381.3997332600406,-381.3997332600406,4249
4269,381.4246316054099,-381.4246316054099,4250
4270,381.46474365587704,-381.46474365587704,4251
4271,381.51216530002955,-381.51216530002955,4252
4272,381.5465258279848,-381.5465258279848,4253
4273,381.58556112869053,-381.58556112869053,4254
4274,381.6074377956789,-381.6074377956789,4255
4275,381.629894840265,-381.629894840265,4256
4276,381.655956259417,-381.655956259417,4257
4277,381.6771962278587,-381.6771962278587,4258
4278,381.69743365875235,-381.69743365875235,4259
4279,381.71798138967193,-381.71798138967193,4260
4280,381.7186964101578,-381.7186964101578,4261
4281,382.60783614180457,-382.60783614180457,4262
4282,383.1935693059125,-383.1935693059125,4263
4283,383.1944596268157,-383.1944596268157,4264
4284,383.1648303431045,-383.1648303431045,4265
4285,383.13395701432705,-383.13395701432705,4266
4286,383.1126758988294,-383.1126758988294,4267
4287,383.09597813605257,-383.09597813605257,4268
4288,383.09479037939735,-383.09479037939735,4269
4289,383.09642681843525,-383.09642681843525,4270
4290,383.1006607186775,-383.1006607186775,4271
4291,383.1260544237288,-383.1260544237288,4272
4292,383.14981858056643,-383.14981858056643,4273
4293,383.16800904770736,-383.16800904770736,4274
4294,383.18987562573517,-383.18987562573517,4275
4295,383.23674787750105,-383.23674787750105,4276
4296,383.28140892561146,-383.28140892561146,4277
4297,383.3193186127185,-383.3193186127185,4278
4298,383.34475123886386,-383.34475123886386,4279
4299,383.36773303075313,-383.36773303075313,4280
4300,383.38679938940095,-383.38679938940095,4281
4301,383.4051459630087,-383.4051459630087,4282
4302,383.4192828545225,-383.4192828545225,4283
4303,383.7286753842394,-383.7286753842394,4284
4304,384.3923290384754,-384.3923290384754,4285
4305,384.7282750434136,-384.7282750434136,4286
4306,384.746970743374,-384.746970743374,4287
4307,384.74270137355677,-384.74270137355677,4288
4308,384.7391063515014,-384.7391063515014,4289
4309,384.74592370634895,-384.74592370634895,4290
4310,384.74390971867837,-384.74390971867837,4291
4311,384.74340965794386,-384.74340965794386,4292
4312,384.7415165777958,-384.7415165777958,4293
4313,384.7420126631869,-384.7420126631869,4294
4314,384.747260080848,-384.747260080848,4295
4315,384.7758187415893,-384.7758187415893,4296
4316,384.80318078422596,-384.80318078422596,4297
4317,384.82157577400045,-384.82157577400045,4298
4318,384.8434447291059,-384.8434447291059,4299
4319,384.8766695948211,-384.8766695948211,4300
4320,384.9103830078118,-384.9103830078118,4301
4321,384.94522596957114,-384.94522596957114,4302
4322,384.96609079446824,-384.96609079446824,4303
4323,384.9863053499655,-384.9863053499655,4304
4324,385.00267945770673,-385.00267945770673,4305
4325,385.01821162306084,-385.01821162306084,4306
4326,385.03658326152373,-385.03658326152373,4307
4327,385.06104846313116,-385.06104846313116,4308
4328,385.06729803662813,-385.06729803662813,4309
4329,385.0632747125636,-385.0632747125636,4310
4330,385.046008049978,-385.046008049978,4311
4331,385.0215454261121,-385.0215454261121,4312
4332,384.9962422912925,-384.9962422912925,4313
4333,384.97143019874676,-384.97143019874676,4314
4334,384.9696103711691,-384.9696103711691,4315
4335,384.96457579103753,-384.96457579103753,4316
4336,384.9882536867586,-384.9882536867586,4317
4337,385.00626683057925,-385.00626683057925,4318
4338,385.0275871505525,-385.0275871505525,4319
4339,385.11244105575315,-385.11244105575315,4320
4340,385.14091542870057,-385.14091542870057,4321
4341,385.1636772449624,-385.1636772449624,4322
4342,385.1932855252408,-385.1932855252408,4323
4343,385.228545020286,-385.228545020286,4324
4344,385.2785515839433,-385.2785515839433,4325
4345,385.3097210759605,-385.3097210759605,4326
4346,385.33254780914206,-385.33254780914206,4327
4347,385.35287975294585,-385.35287975294585,4328
4348,385.3760125034471,-385.3760125034471,4329
4349,385.39573881296144,-385.39573881296144,4330
4350,385.42084976684436,-385.42084976684436,4331
4351,385.4285342422539,-385.4285342422539,4332
4352,385.4370330060567,-385.4370330060567,4333
4353,385.44018434321134,-385.44018434321134,4334
4354,385.42572927638196,-385.42572927638196,4335
4355,385.4076790089248,-385.4076790089248,4336
4356,385.38937879487855,-385.38937879487855,4337
4357,385.3957365003283,-385.3957365003283,4338
4358,385.3911249747076,-385.3911249747076,4339
4359,385.3903330281519,-385.3903330281519,4340
4360,385.3946229774346,-385.3946229774346,4341
4361,385.4196326164852,-385.4196326164852,4342
4362,385.43973838878946,-385.43973838878946,4343
4363,385.474027600151,-385.474027600151,4344
4364,385.49574220720524,-385.49574220720524,4345
4365,385.5127495390864,-385.5127495390864,4346
4366,385.5397861913161,-385.5397861913161,4347
4367,385.57789817467335,-385.57789817467335,4348
4368,385.6289207085606,-385.6289207085606,4349
4369,385.6824829686187,-385.6824829686187,4350
4370,385.70589558886485,-385.70589558886485,4351
4371,385.7271688726732,-385.7271688726732,4352
4372,385.7481563491568,-385.7481563491568,4353
4373,385.7675582659368,-385.7675582659368,4354
4374,385.78890348971674,-385.78890348971674,4355
4375,385.80687669006215,-385.80687669006215,4356
4376,385.8086816157409,-385.8086816157409,4357
4377,385.8054232186656,-385.8054232186656,4358
4378,385.7954455144573,-385.7954455144573,4359
4379,385.7864192917968,-385.7864192917968,4360
4380,385.7823726157944,-385.7823726157944,4361
4381,385.7890250231817,-385.7890250231817,4362
4382,385.8479856513665,-385.8479856513665,4363
4383,386.5263569750556,-386.5263569750556,4364
4384,386.58747049060446,-386.58747049060446,4365
4385,386.6108035654832,-386.6108035654832,4366
4386,386.63581262793736,-386.63581262793736,4367
4387,386.6716310292512,-386.6716310292512,4368
4388,386.69902908142774,-386.69902908142774,4369
4389,386.71704894871084,-386.71704894871084,4370
4390,386.74139300663677,-386.74139300663677,4371
4391,386.78889155138734,-386.78889155138734,4372
4392,386.8332855298326,-386.8332855298326,4373
4393,386.86758361895596,-386.86758361895596,4374
4394,386.8888492103175,-386.8888492103175,4375
4395,386.9102424673665,-386.9102424673665,4376
4396,386.9302788323554,-386.9302788323554,4377
4397,386.9520506225108,-386.9520506225108,4378
4398,386.9716193115481,-386.9716193115481,4379
4399,387.4487276886675,-387.4487276886675,4380
4400,388.2764970033531,-388.2764970033531,4381
4401,389.0982575646119,-389.0982575646119,4382
4402,390.22286786016343,-390.22286786016343,4383
4403,390.7383423608214,-390.7383423608214,4384
4404,390.73807874335125,-390.73807874335125,4385
4405,390.7300401072071,-390.7300401072071,4386
4406,390.7278234035534,-390.7278234035534,4387
4407,390.733627749837,-390.733627749837,4388
4408,390.7267962166965,-390.7267962166965,4389
4409,390.7238316109398,-390.7238316109398,4390
4410,390.7250742108178,-390.7250742108178,4391
4411,390.75937491206884,-390.75937491206884,4392
4412,390.7846506665674,-390.7846506665674,4393
4413,390.824575676061,-390.824575676061,4394
4414,390.8600126390785,-390.8600126390785,4395
4415,390.90695098865,-390.90695098865,4396
4416,390.95679841112,-390.95679841112,4397
4417,390.9957759136314,-390.9957759136314,4398
4418,391.02126370454135,-391.02126370454135,4399
4419,391.0440488523293,-391.0440488523293,4400
4420,391.06163982088344,-391.06163982088344,4401
4421,391.0787680732814,-391.0787680732814,4402
4422,391.0997237994519,-391.0997237994519,4403
4423,391.1180625971836,-391.1180625971836,4404
4424,391.1239074163586,-391.1239074163586,4405
4425,391.13094977400664,-391.13094977400664,4406
4426,391.1264154085907,-391.1264154085907,4407
4427,391.11114815326374,-391.11114815326374,4408
4428,391.0883162425783,-391.0883162425783,4409
4429,391.0599528515865,-391.0599528515865,4410
4430,391.0413216208173,-391.0413216208173,4411
4431,391.0284613985514,-391.0284613985514,4412
4432,391.0287078532686,-391.0287078532686,4413
4433,391.03242433501117,-391.03242433501117,4414
4434,391.03888211272243,-391.03888211272243,4415
4435,391.07036801491085,-391.07036801491085,4416
4436,391.0926635430804,-391.0926635430804,4417
4437,391.1196073646585,-391.1196073646585,4418
4438,391.1628336512809,-391.1628336512809,4419
4439,391.21187333917703,-391.21187333917703,4420
4440,391.2518455928034,-391.2518455928034,4421
4441,391.29539038580634,-391.29539038580634,4422
4442,391.3191162125407,-391.3191162125407,4423
4443,391.33684006693574,-391.33684006693574,4424
4444,391.35893746743886,-391.35893746743886,4425
4445,391.3770096795379,-391.3770096795379,4426
4446,391.3980688480754,-391.3980688480754,4427
4447,391.4174290387351,-391.4174290387351,4428
4448,391.4401639827261,-391.4401639827261,4429
4449,391.46610828993784,-391.46610828993784,4430
4450,391.52239175291123,-391.52239175291123,4431
4451,391.5288322407219,-391.5288322407219,4432
4452,391.5313166001906,-391.5313166001906,4433
4453,391.5223574810486,-391.5223574810486,4434
4454,391.51687141719407,-391.51687141719407,4435
4455,391.5122544817857,-391.5122544817857,4436
4456,391.50980100686934,-391.50980100686934,4437
4457,391.5110490184058,-391.5110490184058,4438
4458,391.51822495509816,-391.51822495509816,4439
4459,391.55396677809273,-391.55396677809273,4440
4460,391.5860722206482,-391.5860722206482,4441
4461,391.6167595704077,-391.6167595704077,4442
4462,391.64992663226,-391.64992663226,4443
4463,391.691618350359,-391.691618350359,4444
4464,391.7250207772084,-391.7250207772084,4445
4465,391.746291433759,-391.746291433759,4446
4466,391.76441544654745,-391.76441544654745,4447
4467,391.7867208998588,-391.7867208998588,4448
4468,391.8090082793776,-391.8090082793776,4449
4469,391.8329430442984,-391.8329430442984,4450
4470,391.85532310592214,-391.85532310592214,4451
4471,391.8615966044414,-391.8615966044414,4452
4472,391.8649836782831,-391.8649836782831,4453
4473,391.86339041702973,-391.86339041702973,4454
4474,392.20982729332025,-392.20982729332025,4455
4475,393.10932993792153,-393.10932993792153,4456
4476,393.20740500715,-393.20740500715,4457
4477,393.2003782513696,-393.2003782513696,4458
4478,393.1937184977025,-393.1937184977025,4459
4479,393.18555724220363,-393.18555724220363,4460
4480,393.1772758375783,-393.1772758375783,4461
4481,393.1722748361695,-393.1722748361695,4462
4482,393.1724544354619,-393.1724544354619,4463
4483,393.1968488093525,-393.1968488093525,4464
4484,393.21963141350665,-393.21963141350665,4465
4485,393.2372651745212,-393.2372651745212,4466
4486,393.35660858847467,-393.35660858847467,4467
4487,393.3857729967157,-393.3857729967157,4468
4488,393.4174439269614,-393.4174439269614,4469
4489,393.4494654257107,-393.4494654257107,4470
4490,393.4822427880724,-393.4822427880724,4471
4491,393.50107433436045,-393.50107433436045,4472
4492,393.52058060228404,-393.52058060228404,4473
4493,393.5377090278195,-393.5377090278195,4474
4494,393.56215698309796,-393.56215698309796,4475
4495,393.5683026962609,-393.5683026962609,4476
4496,393.567031655769,-393.567031655769,4477
4497,393.5729135729094,-393.5729135729094,4478
4498,393.5789827994736,-393.5789827994736,4479
4499,393.5849072467433,-393.5849072467433,4480
4500,393.5855388476496,-393.5855388476496,4481
4501,393.5512029205299,-393.5512029205299,4482
4502,393.53153888569534,-393.53153888569534,4483
4503,393.9588950466627,-393.9588950466627,4484
4504,393.96128378160927,-393.96128378160927,4485
4505,393.96361456691426,-393.96361456691426,4486
4506,393.9665375551649,-393.9665375551649,4487
4507,393.9863033468356,-393.9863033468356,4488
4508,394.01168544522625,-394.01168544522625,4489
4509,394.0637604310176,-394.0637604310176,4490
4510,394.0985603767348,-394.0985603767348,4491
4511,394.14588350179815,-394.14588350179815,4492
4512,394.2782001226423,-394.2782001226423,4493
4513,394.31569401570874,-394.31569401570874,4494
4514,394.3438176212164,-394.3438176212164,4495
4515,394.36732306589823,-394.36732306589823,4496
4516,394.3882001295141,-394.3882001295141,4497
4517,394.4055376816567,-394.4055376816567,4498
4518,394.4265786850818,-394.4265786850818,4499
4519,394.4458196488474,-394.4458196488474,4500
4520,394.448877311027,-394.448877311027,4501
4521,394.44601101911854,-394.44601101911854,4502
4522,394.4305985244099,-394.4305985244099,4503
4523,394.42081371964485,-394.42081371964485,4504
4524,394.40537127800474,-394.40537127800474,4505
4525,394.392241571232,-394.392241571232,4506
4526,394.39475274234616,-394.39475274234616,4507
4527,394.6115461225838,-394.6115461225838,4508
4528,394.6004730664446,-394.6004730664446,4509
4529,394.5956669915915,-394.5956669915915,4510
4530,394.5987313982126,-394.5987313982126,4511
4531,394.6215278459374,-394.6215278459374,4512
4532,394.65115895232015,-394.65115895232015,4513
4533,394.66521265671963,-394.66521265671963,4514
4534,394.6938780251019,-394.6938780251019,4515
4535,394.73928832474894,-394.73928832474894,4516
4536,394.7851285593417,-394.7851285593417,4517
4537,394.82206371125346,-394.82206371125346,4518
4538,394.8464793394123,-394.8464793394123,4519
4539,394.8730726709869,-394.8730726709869,4520
4540,394.8967166770789,-394.8967166770789,4521
4541,394.92218519097963,-394.92218519097963,4522
4542,394.941862109064,-394.941862109064,4523
4543,394.947296743325,-394.947296743325,4524
4544,394.9518630578718,-394.9518630578718,4525
4545,394.95301522177004,-394.95301522177004,4526
4546,394.9388423534265,-394.9388423534265,4527
4547,394.9256550581588,-394.9256550581588,4528
4548,395.7731353009764,-395.7731353009764,4529
4549,396.5149082915465,-396.5149082915465,4530
4550,396.6576444972337,-396.6576444972337,4531
4551,396.6382182554551,-396.6382182554551,4532
4552,396.63679416139297,-396.63679416139297,4533
4553,396.63574051135,-396.63574051135,4534
4554,396.6384577985828,-396.6384577985828,4535
4555,396.657644180278,-396.657644180278,4536
4556,396.67874135238725,-396.67874135238725,4537
4557,396.7004502999491,-396.7004502999491,4538
4558,396.768160008317,-396.768160008317,4539
4559,396.815614109292,-396.815614109292,4540
4560,396.91197318914715,-396.91197318914715,4541
4561,396.943659634464,-396.943659634464,4542
4562,396.96711340355324,-396.96711340355324,4543
4563,396.9875493792718,-396.9875493792718,4544
4564,397.0090980555408,-397.0090980555408,4545
4565,397.02607975894836,-397.02607975894836,4546
4566,397.0459094528268,-397.0459094528268,4547
4567,397.0543626830866,-397.0543626830866,4548
4568,397.05653482071966,-397.05653482071966,4549
4569,397.0521031039077,-397.0521031039077,4550
4570,397.0339042719733,-397.0339042719733,4551
4571,397.02591396804416,-397.02591396804416,4552
4572,397.015078472228,-397.015078472228,4553
4573,397.06706385379215,-397.06706385379215,4554
4574,397.1488989554579,-397.1488989554579,4555
4575,397.1379040875521,-397.1379040875521,4556
4576,397.14339122976077,-397.14339122976077,4557
4577,397.1515975159711,-397.1515975159711,4558
4578,397.1584147334869,-397.1584147334869,4559
4579,397.1877913824587,-397.1877913824587,4560
4580,397.20682822487265,-397.20682822487265,4561
4581,397.23741270936006,-397.23741270936006,4562
4582,397.27130915038373,-397.27130915038373,4563
4583,397.3175421352849,-397.3175421352849,4564
4584,397.3664843466044,-397.3664843466044,4565
4585,397.4018224342752,-397.4018224342752,4566
4586,397.4195080394528,-397.4195080394528,4567
4587,397.43939097211654,-397.43939097211654,4568
4588,397.4588317594229,-397.4588317594229,4569
4589,397.47691870331306,-397.47691870331306,4570
4590,397.5019119836995,-397.5019119836995,4571
4591,397.5236715033514,-397.5236715033514,4572
4592,397.5469976141834,-397.5469976141834,4573
4593,397.6670180676992,-397.6670180676992,4574
4594,397.66098497052633,-397.66098497052633,4575
4595,397.65082363074606,-397.65082363074606,4576
4596,397.6438460631598,-397.6438460631598,4577
4597,397.62687172686384,-397.62687172686384,4578
4598,397.6028714661308,-397.6028714661308,4579
4599,397.588160359654,-397.588160359654,4580
4600,397.57950541684147,-397.57950541684147,4581
4601,397.5765587455453,-397.5765587455453,4582
4602,397.5787463459278,-397.5787463459278,4583
4603,397.6082634641591,-397.6082634641591,4584
4604,397.6513418620021,-397.6513418620021,4585
4605,397.6864655931214,-397.6864655931214,4586
4606,397.72397340267577,-397.72397340267577,4587
4607,397.77512900252947,-397.77512900252947,4588
4608,397.82045058793943,-397.82045058793943,4589
4609,397.85576141237226,-397.85576141237226,4590
4610,397.8780654183705,-397.8780654183705,4591
4611,397.90033514559735,-397.90033514559735,4592
4612,397.92054216006403,-397.92054216006403,4593
4613,397.9388935520191,-397.9388935520191,4594
4614,397.9596497776597,-397.9596497776597,4595
4615,397.96746234054,-397.96746234054,4596
4616,398.6220089947959,-398.6220089947959,4597
4617,399.2965629859113,-399.2965629859113,4598
4618,399.9042112410187,-399.9042112410187,4599
4619,399.9273039759617,-399.9273039759617,4600
4620,399.935449913491,-399.935449913491,4601
4621,399.9159069031836,-399.9159069031836,4602
4622,399.89629254060526,-399.89629254060526,4603
4623,399.8790989919252,-399.8790989919252,4604
4624,399.8675560771935,-399.8675560771935,4605
4625,399.8663934121148,-399.8663934121148,4606
4626,399.8705092934153,-399.8705092934153,4607
4627,399.9074581294689,-399.9074581294689,4608
4628,399.9375186359209,-399.9375186359209,4609
4629,399.9665831668725,-399.9665831668725,4610
4630,399.9973503045569,-399.9973503045569,4611
4631,400.0323074778657,-400.0323074778657,4612
4632,400.0708440904933,-400.0708440904933,4613
4633,400.10044962533436,-400.10044962533436,4614
4634,400.12178815444923,-400.12178815444923,4615
4635,400.14068657496284,-400.14068657496284,4616
4636,400.1651304288452,-400.1651304288452,4617
4637,400.1805105540752,-400.1805105540752,4618
4638,400.19386203966053,-400.19386203966053,4619
4639,400.21451792366247,-400.21451792366247,4620
4640,400.2437965578078,-400.2437965578078,4621
4641,400.2700728099926,-400.2700728099926,4622
4642,400.2762358189442,-400.2762358189442,4623
4643,400.2789026955917,-400.2789026955917,4624
4644,400.28332392641903,-400.28332392641903,4625
4645,400.27991774297425,-400.27991774297425,4626
4646,400.28076526652075,-400.28076526652075,4627
4647,400.28267449365427,-400.28267449365427,4628
4648,400.2865840119326,-400.2865840119326,4629
4649,400.2902805290499,-400.2902805290499,4630
4650,400.296136678926,-400.296136678926,4631
4651,400.3210528792234,-400.3210528792234,4632
4652,400.35427602488437,-400.35427602488437,4633
4653,400.3734283285085,-400.3734283285085,4634
4654,400.40463590334025,-400.40463590334025,4635
4655,400.4473691724745,-400.4473691724745,4636
4656,400.4983878034523,-400.4983878034523,4637
4657,400.5404691846312,-400.5404691846312,4638
4658,400.5695404405748,-400.5695404405748,4639
4659,400.5934476530125,-400.5934476530125,4640
4660,400.61208896536124,-400.61208896536124,4641
4661,400.63183218607287,-400.63183218607287,4642
4662,400.6491128801399,-400.6491128801399,4643
4663,400.66747574047133,-400.66747574047133,4644
4664,400.67439629813725,-400.67439629813725,4645
4665,400.68082272089043,-400.68082272089043,4646
4666,400.68168026674874,-400.68168026674874,4647
4667,400.68378562483514,-400.68378562483514,4648
4668,400.6819181998154,-400.6819181998154,4649
4669,400.6771652711475,-400.6771652711475,4650
4670,400.67122846276254,-400.67122846276254,4651
4671,400.66377556522497,-400.66377556522497,4652
4672,400.667591530209,-400.667591530209,4653
4673,400.6717121215488,-400.6717121215488,4654
4674,400.7088235124261,-400.7088235124261,4655
4675,400.7379226839875,-400.7379226839875,4656
4676,400.76895800332994,-400.76895800332994,4657
4677,400.79690961514194,-400.79690961514194,4658
4678,400.83696672975833,-400.83696672975833,4659
4679,400.87505594418553,-400.87505594418553,4660
4680,400.92144716782053,-400.92144716782053,4661
4681,400.95996042872673,-400.95996042872673,4662
4682,400.9880146946593,-400.9880146946593,4663
4683,401.01091423850784,-401.01091423850784,4664
4684,401.0349472515564,-401.0349472515564,4665
4685,401.05432716518976,-401.05432716518976,4666
4686,401.0772974213069,-401.0772974213069,4667
4687,401.0972751948534,-401.0972751948534,4668
4688,401.1658475729417,-401.1658475729417,4669
4689,401.17466063221656,-401.17466063221656,4670
4690,401.17743275385044,-401.17743275385044,4671
4691,401.1750371769454,-401.1750371769454,4672
4692,401.1710945785873,-401.1710945785873,4673
4693,401.1560644874398,-401.1560644874398,4674
4694,401.14652340839933,-401.14652340839933,4675
4695,401.13405783092435,-401.13405783092435,4676
4696,401.1264948040937,-401.1264948040937,4677
4697,401.12329601017956,-401.12329601017956,4678
4698,401.1245369932329,-401.1245369932329,4679
4699,401.1582725898025,-401.1582725898025,4680
4700,401.18626468051315,-401.18626468051315,4681
4701,401.20856565038144,-401.20856565038144,4682
4702,401.237667469308,-401.237667469308,4683
4703,401.2871933720451,-401.2871933720451,4684
4704,401.32366404736206,-401.32366404736206,4685
4705,401.36006263035927,-401.36006263035927,4686
4706,401.38290179645014,-401.38290179645014,4687
4707,401.40417559473815,-401.40417559473815,4688
4708,401.42183539289704,-401.42183539289704,4689
4709,401.4405214138775,-401.4405214138775,4690
4710,401.4563718777535,-401.4563718777535,4691
4711,401.63560970388005,-401.63560970388005,4692
4712,402.30432443272167,-402.30432443272167,4693
4713,403.1235108785845,-403.1235108785845,4694
4714,403.55985515126036,-403.55985515126036,4695
4715,403.5443455227406,-403.5443455227406,4696
4716,403.53016442382886,-403.53016442382886,4697
4717,403.52071441865877,-403.52071441865877,4698
4718,403.51416400115176,-403.51416400115176,4699
4719,403.721776209906,-403.721776209906,4700
4720,404.41073863188205,-404.41073863188205,4701
4721,404.4582589576883,-404.4582589576883,4702
4722,404.4645607343403,-404.4645607343403,4703
4723,404.4899847539468,-404.4899847539468,4704
4724,404.51163485465685,-404.51163485465685,4705
4725,404.5391234265373,-404.5391234265373,4706
4726,404.5750831572766,-404.5750831572766,4707
4727,404.62196265710276,-404.62196265710276,4708
4728,404.67041150785144,-404.67041150785144,4709
4729,404.70263634375067,-404.70263634375067,4710
4730,404.72451335588465,-404.72451335588465,4711
4731,404.7475250511468,-404.7475250511468,4712
4732,404.7680737598867,-404.7680737598867,4713
4733,404.78678931800306,-404.78678931800306,4714
4734,404.80777340598974,-404.80777340598974,4715
4735,405.2002336400674,-405.2002336400674,4716
4736,405.22577610698085,-405.22577610698085,4717
4737,405.92903364043065,-405.92903364043065,4718
4738,406.97586468560814,-406.97586468560814,4719
4739,407.79253773548186,-407.79253773548186,4720
4740,407.87102218434546,-407.87102218434546,4721
4741,407.848624489033,-407.848624489033,4722
4742,407.82450421822233,-407.82450421822233,4723
4743,407.8140428208003,-407.8140428208003,4724
4744,407.8081817875581,-407.8081817875581,4725
4745,407.80989844599793,-407.80989844599793,4726
4746,407.8151169823146,-407.8151169823146,4727
4747,407.8420349852062,-407.8420349852062,4728
4748,407.8689373264885,-407.8689373264885,4729
4749,407.9005822482395,-407.9005822482395,4730
4750,407.92664858917306,-407.92664858917306,4731
4751,407.97777928541217,-407.97777928541217,4732
4752,408.02410811444054,-408.02410811444054,4733
4753,408.0474526938361,-408.0474526938361,4734
4754,408.0703342776977,-408.0703342776977,4735
4755,408.08780032172166,-408.08780032172166,4736
4756,408.10597998581255,-408.10597998581255,4737
4757,408.1221949181313,-408.1221949181313,4738
4758,408.13901681445583,-408.13901681445583,4739
4759,408.1511092128803,-408.1511092128803,4740
4760,408.1987136413856,-408.1987136413856,4741
4761,408.2301628803597,-408.2301628803597,4742
4762,408.243011534208,-408.243011534208,4743
4763,408.23397519664957,-408.23397519664957,4744
4764,408.2243816265121,-408.2243816265121,4745
4765,408.19967996082875,-408.19967996082875,4746
4766,408.1818450461708,-408.1818450461708,4747
4767,408.16469857647024,-408.16469857647024,4748
4768,408.1569104852504,-408.1569104852504,4749
4769,408.15559475815496,-408.15559475815496,4750
4770,408.158873626931,-408.158873626931,4751
4771,408.1848293634948,-408.1848293634948,4752
4772,408.2106945470416,-408.2106945470416,4753
4773,408.22978540380893,-408.22978540380893,4754
4774,408.26008779511295,-408.26008779511295,4755
4775,408.30807351977154,-408.30807351977154,4756
4776,408.35801578010773,-408.35801578010773,4757
4777,408.3943992579378,-408.3943992579378,4758
4778,408.41253090749586,-408.41253090749586,4759
4779,408.43223621732375,-408.43223621732375,4760
4780,408.450347679854,-408.450347679854,4761
4781,408.4684198551031,-408.4684198551031,4762
4782,408.484268941942,-408.484268941942,4763
4783,408.50415703561436,-408.50415703561436,4764
4784,408.53431918400616,-408.53431918400616,4765
4785,408.55014456600304,-408.55014456600304,4766
4786,408.54132998523767,-408.54132998523767,4767
4787,408.5373359383895,-408.5373359383895,4768
4788,408.52924202286493,-408.52924202286493,4769
4789,408.505152050559,-408.505152050559,4770
4790,408.4936647574342,-408.4936647574342,4771
4791,408.48288106181525,-408.48288106181525,4772
4792,408.48085552960765,-408.48085552960765,4773
4793,408.48082130587153,-408.48082130587153,4774
4794,408.4844163896023,-408.4844163896023,4775
4795,408.51399190053985,-408.51399190053985,4776
4796,408.54604396916557,-408.54604396916557,4777
4797,408.565138544884,-408.565138544884,4778
4798,408.6094283462329,-408.6094283462329,4779
4799,408.6460000750154,-408.6460000750154,4780
4800,408.69393393631276,-408.69393393631276,4781
4801,408.724562709087,-408.724562709087,4782
4802,408.7437410492364,-408.7437410492364,4783
4803,408.763442600573,-408.763442600573,4784
4804,408.7878842180324,-408.7878842180324,4785
4805,408.8052327909662,-408.8052327909662,4786
4806,408.82633351080443,-408.82633351080443,4787
4807,408.831904857117,-408.831904857117,4788
4808,408.8368935758637,-408.8368935758637,4789
4809,408.83926674679236,-408.83926674679236,4790
4810,408.8269089852486,-408.8269089852486,4791
4811,408.8119968581837,-408.8119968581837,4792
4812,408.7966283202961,-408.7966283202961,4793
4813,409.5619211316627,-409.5619211316627,4794
4814,409.6621264686406,-409.6621264686406,4795
4815,409.6574874669562,-409.6574874669562,4796
4816,409.6481161112935,-409.6481161112935,4797
4817,409.65024230906704,-409.65024230906704,4798
4818,409.6517482237725,-409.6517482237725,4799
4819,409.67765487674234,-409.67765487674234,4800
4820,409.7035117566564,-409.7035117566564,4801
4821,409.7242705504555,-409.7242705504555,4802
4822,409.7534023123887,-409.7534023123887,4803
4823,409.7915183160773,-409.7915183160773,4804
4824,409.82847135031403,-409.82847135031403,4805
4825,409.8549106428917,-409.8549106428917,4806
4826,409.87522071899554,-409.87522071899554,4807
4827,409.89564020881835,-409.89564020881835,4808
4828,409.91347775069494,-409.91347775069494,4809
4829,409.9325064354616,-409.9325064354616,4810
4830,409.9501746169273,-409.9501746169273,4811
4831,409.95609005084583,-409.95609005084583,4812
4832,409.9591217554683,-409.9591217554683,4813
4833,409.9588052544184,-409.9588052544184,4814
4834,409.94386417861807,-409.94386417861807,4815
4835,409.92547553560604,-409.92547553560604,4816
4836,409.9135462008798,-409.9135462008798,4817
4837,409.88073184867886,-409.88073184867886,4818
4838,409.8515568596053,-409.8515568596053,4819
4839,409.83132579228624,-409.83132579228624,4820
4840,409.8279520889142,-409.8279520889142,4821
4841,409.85484309475845,-409.85484309475845,4822
4842,409.86057777060716,-409.86057777060716,4823
4843,409.8979748777584,-409.8979748777584,4824
4844,409.93738055683264,-409.93738055683264,4825
4845,409.9752874227228,-409.9752874227228,4826
4846,410.01159081122506,-410.01159081122506,4827
4847,410.05692165409806,-410.05692165409806,4828
4848,410.08707469833587,-410.08707469833587,4829
4849,410.12501367941786,-410.12501367941786,4830
4850,410.1468785371356,-410.1468785371356,4831
4851,410.16728570106045,-410.16728570106045,4832
4852,410.188828213962,-410.188828213962,4833
4853,410.2104873043612,-410.2104873043612,4834
4854,410.2323541292695,-410.2323541292695,4835
4855,410.2393418671987,-410.2393418671987,4836
4856,410.2431699569081,-410.2431699569081,4837
4857,410.24149283782947,-410.24149283782947,4838
4858,410.22584215814896,-410.22584215814896,4839
4859,410.2062484780114,-410.2062484780114,4840
4860,410.1854993608272,-410.1854993608272,4841
4861,410.15018515827677,-410.15018515827677,4842
4862,410.1297994920717,-410.1297994920717,4843
4863,410.103240518847,-410.103240518847,4844
4864,410.09147955788586,-410.09147955788586,4845
4865,410.08900351037784,-410.08900351037784,4846
4866,410.0912234856529,-410.0912234856529,4847
4867,410.1088772795272,-410.1088772795272,4848
4868,410.1389885906566,-410.1389885906566,4849
4869,410.1665518618914,-410.1665518618914,4850
4870,410.19830769151616,-410.19830769151616,4851
4871,410.24656531939536,-410.24656531939536,4852
4872,410.29346507458547,-410.29346507458547,4853
4873,410.3340015003836,-410.3340015003836,4854
4874,410.35257104787354,-410.35257104787354,4855
4875,410.37089051747586,-410.37089051747586,4856
4876,410.392983778163,-410.392983778163,4857
4877,410.4114553895112,-410.4114553895112,4858
4878,410.4292407237957,-410.4292407237957,4859
4879,410.44795945625395,-410.44795945625395,4860
4880,410.4508289811084,-410.4508289811084,4861
4881,410.4487584359205,-410.4487584359205,4862
4882,410.43070607489824,-410.43070607489824,4863
4883,410.5585724816699,-410.5585724816699,4864
4884,410.95711356288314,-410.95711356288314,4865
4885,411.4161654675893,-411.4161654675893,4866
4886,411.9678845797117,-411.9678845797117,4867
4887,412.2029880730706,-412.2029880730706,4868
4888,412.19176111537297,-412.19176111537297,4869
4889,412.1875250642092,-412.1875250642092,4870
4890,412.19068736463413,-412.19068736463413,4871
4891,412.21455267858863,-412.21455267858863,4872
4892,412.24144940930717,-412.24144940930717,4873
4893,412.2699452735716,-412.2699452735716,4874
4894,412.29739433857384,-412.29739433857384,4875
4895,412.33952673426256,-412.33952673426256,4876
4896,412.3775952781673,-412.3775952781673,4877
4897,412.41341915099423,-412.41341915099423,4878
4898,412.43362997213825,-412.43362997213825,4879
4899,412.4571127381414,-412.4571127381414,4880
4900,412.47710559785645,-412.47710559785645,4881
4901,412.50000527409554,-412.50000527409554,4882
4902,412.520516350908,-412.520516350908,4883
4903,412.538868631831,-412.538868631831,4884
4904,412.5420977208389,-412.5420977208389,4885
4905,412.536584621977,-412.536584621977,4886
4906,412.51854201058205,-412.51854201058205,4887
4907,412.49663281577335,-412.49663281577335,4888
4908,412.4670133309104,-412.4670133309104,4889
4909,412.4499949952956,-412.4499949952956,4890
4910,412.4238792981454,-412.4238792981454,4891
4911,412.3974229977076,-412.3974229977076,4892
4912,412.38547394839753,-412.38547394839753,4893
4913,412.3817808374276,-412.3817808374276,4894
4914,412.38486453430244,-412.38486453430244,4895
4915,412.4117070825351,-412.4117070825351,4896
4916,412.4349949514621,-412.4349949514621,4897
4917,412.467151956999,-412.467151956999,4898
4918,412.49837770247143,-412.49837770247143,4899
4919,412.5494474194458,-412.5494474194458,4900
4920,412.6039840001343,-412.6039840001343,4901
4921,412.6287378851487,-412.6287378851487,4902
4922,412.64687684655803,-412.64687684655803,4903
4923,412.66302273709175,-412.66302273709175,4904
4924,412.68356745670343,-412.68356745670343,4905
4925,412.70281708299666,-412.70281708299666,4906
4926,412.72849130976135,-412.72849130976135,4907
4927,412.749330129048,-412.749330129048,4908
4928,412.7528650979208,-412.7528650979208,4909
4929,412.74956444031164,-412.74956444031164,4910
4930,412.75517133819125,-412.75517133819125,4911
4931,413.6761952801143,-413.6761952801143,4912
4932,414.47022990089056,-414.47022990089056,4913
4933,415.0448414749474,-415.0448414749474,4914
4934,415.72123375286463,-415.72123375286463,4915
4935,415.9772209712028,-415.9772209712028,4916
4936,415.96671812824013,-415.96671812824013,4917
4937,415.9614192845011,-415.9614192845011,4918
4938,415.9652827573614,-415.9652827573614,4919
4939,415.98858669563043,-415.98858669563043,4920
4940,416.02331054088046,-416.02331054088046,4921
4941,416.0580250845925,-416.0580250845925,4922
4942,416.08832392043513,-416.08832392043513,4923
4943,416.13884223605885,-416.13884223605885,4924
4944,416.1835904255906,-416.1835904255906,4925
4945,416.2157726916009,-416.2157726916009,4926
4946,416.2406525850097,-416.2406525850097,4927
4947,416.26043745643244,-416.26043745643244,4928
4948,416.2799099322788,-416.2799099322788,4929
4949,416.2981516589562,-416.2981516589562,4930
4950,416.3155291812442,-416.3155291812442,4931
4951,416.33206109419797,-416.33206109419797,4932
4952,416.3313522567173,-416.3313522567173,4933
4953,416.9639682625849,-416.9639682625849,4934
4954,416.9565155168018,-416.9565155168018,4935
4955,416.93749581689065,-416.93749581689065,4936
4956,416.91127787421624,-416.91127787421624,4937
4957,416.8966101404673,-416.8966101404673,4938
4958,416.87354828838687,-416.87354828838687,4939
4959,416.8513806752175,-416.8513806752175,4940
4960,416.8474597029871,-416.8474597029871,4941
4961,416.8438375699972,-416.8438375699972,4942
4962,416.84815892678233,-416.84815892678233,4943
4963,416.86878685309864,-416.86878685309864,4944
4964,416.89817526695174,-416.89817526695174,4945
4965,416.939699932107,-416.939699932107,4946
4966,416.97412290123947,-416.97412290123947,4947
4967,417.01256135123595,-417.01256135123595,4948
4968,417.0479646629866,-417.0479646629866,4949
4969,417.06612924729336,-417.06612924729336,4950
4970,417.08635144857885,-417.08635144857885,4951
4971,417.1051264296713,-417.1051264296713,4952
4972,417.1256954362044,-417.1256954362044,4953
4973,417.1488482499892,-417.1488482499892,4954
4974,417.1652274659685,-417.1652274659685,4955
4975,417.1848029091882,-417.1848029091882,4956
4976,417.1942963562038,-417.1942963562038,4957
4977,417.1925796043902,-417.1925796043902,4958
4978,417.1770121071147,-417.1770121071147,4959
4979,417.15382132112916,-417.15382132112916,4960
4980,417.1256054458539,-417.1256054458539,4961
4981,417.09979025170134,-417.09979025170134,4962
4982,417.0747047796076,-417.0747047796076,4963
4983,417.06160858896817,-417.06160858896817,4964
4984,417.18862331342063,-417.18862331342063,4965
4985,417.4954284119372,-417.4954284119372,4966
4986,417.5024563710812,-417.5024563710812,4967
4987,417.5287646624793,-417.5287646624793,4968
4988,417.5563223316136,-417.5563223316136,4969
4989,417.5843747260335,-417.5843747260335,4970
4990,417.60784464887433,-417.60784464887433,4971
4991,417.6536852921712,-417.6536852921712,4972
4992,417.6994208160103,-417.6994208160103,4973
4993,417.7179189866945,-417.7179189866945,4974
4994,417.73498361194487,-417.73498361194487,4975
4995,417.7535979021107,-417.7535979021107,4976
4996,417.7730799695665,-417.7730799695665,4977
4997,417.7964424401886,-417.7964424401886,4978
4998,418.06430540575343,-418.06430540575343,4979
4999,418.731211666145,-418.731211666145,4980
5000,419.0020849786561,-419.0020849786561,4981
5001,419.0034450386813,-419.0034450386813,4982
5002,419.00261890871354,-419.00261890871354,4983
5003,419.006505613945,-419.006505613945,4984
5004,419.0090872615219,-419.0090872615219,4985
5005,419.0356450220496,-419.0356450220496,4986
5006,419.4430073643525,-419.4430073643525,4987
5007,420.3307466004071,-420.3307466004071,4988
5008,420.6059694802887,-420.6059694802887,4989
5009,420.8431638249213,-420.8431638249213,4990
5010,420.8500186792969,-420.8500186792969,4991
5011,420.87651243243425,-420.87651243243425,4992
5012,420.9101923350357,-420.9101923350357,4993
5013,420.9412510316805,-420.9412510316805,4994
5014,420.97467040315155,-420.97467040315155,4995
5015,421.0126294534549,-421.0126294534549,4996
5016,421.07436879453394,-421.07436879453394,4997
5017,421.09668557514004,-421.09668557514004,4998
5018,421.11671278146133,-421.11671278146133,4999
5019,421.1342009219964,-421.1342009219964,5000
5020,421.15182539940355,-421.15182539940355,5001
5021,421.1722492605283,-421.1722492605283,5002
5022,421.19631987793383,-421.19631987793383,5003
5023,421.2259271286269,-421.2259271286269,5004
5024,421.24622950922196,-421.24622950922196,5005
5025,421.2727450149265,-421.2727450149265,5006
5026,421.2932907122917,-421.2932907122917,5007
5027,421.2942667671153,-421.2942667671153,5008
5028,421.281735245587,-421.281735245587,5009
5029,421.2575427881068,-421.2575427881068,5010
5030,421.23428924772713,-421.23428924772713,5011
5031,421.21399784689646,-421.21399784689646,5012
5032,421.2272498793357,-421.2272498793357,5013
5033,421.2266925187574,-421.2266925187574,5014
5034,421.23090636422415,-421.23090636422415,5015
5035,421.254795090588,-421.254795090588,5016
5036,421.2833197633194,-421.2833197633194,5017
5037,421.3206167754844,-421.3206167754844,5018
5038,421.36699314547917,-421.36699314547917,5019
5039,421.4187413485501,-421.4187413485501,5020
5040,421.45445461212086,-421.45445461212086,5021
5041,421.48821192398606,-421.48821192398606,5022
5042,421.51504133960555,-421.51504133960555,5023
5043,421.5352561874628,-421.5352561874628,5024
5044,421.5569946451011,-421.5569946451011,5025
5045,421.5745947217005,-421.5745947217005,5026
5046,421.5914061894748,-421.5914061894748,5027
5047,421.61312375462506,-421.61312375462506,5028
5048,421.679922841135,-421.679922841135,5029
5049,422.5902764421512,-422.5902764421512,5030
5050,423.60094842846553,-423.60094842846553,5031
5051,424.10933632368693,-424.10933632368693,5032
5052,424.29834342765974,-424.29834342765974,5033
5053,424.8588164242877,-424.8588164242877,5034
5054,424.830467585561,-424.830467585561,5035
5055,424.8063589746659,-424.8063589746659,5036
5056,424.8054350691502,-424.8054350691502,5037
5057,424.8093787932603,-424.8093787932603,5038
5058,424.8456370803141,-424.8456370803141,5039
5059,424.87619548829537,-424.87619548829537,5040
5060,424.8963745544052,-424.8963745544052,5041
5061,424.9218968653778,-424.9218968653778,5042
5062,424.95304183572244,-424.95304183572244,5043
5063,424.99974842831836,-424.99974842831836,5044
5064,425.04803399328887,-425.04803399328887,5045
5065,425.095745826484,-425.095745826484,5046
5066,425.13026049807814,-425.13026049807814,5047
5067,425.15154902287327,-425.15154902287327,5048
5068,425.1722518335072,-425.1722518335072,5049
5069,425.1901484159619,-425.1901484159619,5050
5070,425.20805126193926,-425.20805126193926,5051
5071,425.21066891836244,-425.21066891836244,5052
5072,425.21743542041685,-425.21743542041685,5053
5073,425.2247230037005,-425.2247230037005,5054
5074,425.2194725865734,-425.2194725865734,5055
5075,425.2199737565611,-425.2199737565611,5056
5076,425.21978475104214,-425.21978475104214,5057
5077,425.21463327952836,-425.21463327952836,5058
5078,425.20756901820545,-425.20756901820545,5059
5079,425.2061641847947,-425.2061641847947,5060
5080,425.21390129194475,-425.21390129194475,5061
5081,425.2397323840064,-425.2397323840064,5062
5082,425.26676152301997,-425.26676152301997,5063
5083,425.29838087103815,-425.29838087103815,5064
5084,425.32996095626925,-425.32996095626925,5065
5085,425.40429254249216,-425.40429254249216,5066
5086,425.4412205032744,-425.4412205032744,5067
5087,425.4954190783168,-425.4954190783168,5068
5088,425.5580109075001,-425.5580109075001,5069
5089,425.6099475583203,-425.6099475583203,5070
5090,425.6364968065553,-425.6364968065553,5071
5091,425.65740313345674,-425.65740313345674,5072
5092,425.68204459843633,-425.68204459843633,5073
5093,425.70573364236304,-425.70573364236304,5074
5094,425.7253051960683,-425.7253051960683,5075
5095,425.7317152308934,-425.7317152308934,5076
5096,425.77937447539676,-425.77937447539676,5077
5097,426.42956778298895,-426.42956778298895,5078
5098,427.28316721793465,-427.28316721793465,5079
5099,427.2618748187958,-427.2618748187958,5080
5100,427.23250077788475,-427.23250077788475,5081
5101,427.20193620464454,-427.20193620464454,5082
5102,427.17841505749806,-427.17841505749806,5083
5103,427.1543372444373,-427.1543372444373,5084
5104,427.50339596078584,-427.50339596078584,5085
5105,427.5020845473253,-427.5020845473253,5086
5106,427.50600562606974,-427.50600562606974,5087
5107,427.53768158689195,-427.53768158689195,5088
5108,427.6008039789341,-427.6008039789341,5089
5109,427.6365522393909,-427.6365522393909,5090
5110,427.68445588168055,-427.68445588168055,5091
5111,427.73253650516745,-427.73253650516745,5092
5112,427.7836938843849,-427.7836938843849,5093
5113,427.82580836482157,-427.82580836482157,5094
5114,427.8575519078641,-427.8575519078641,5095
5115,427.87746584976134,-427.87746584976134,5096
5116,427.89700158564335,-427.89700158564335,5097
5117,427.9129787956681,-427.9129787956681,5098
5118,427.9292339939193,-427.9292339939193,5099
5119,427.9320282799269,-427.9320282799269,5100
5120,428.4072710840455,-428.4072710840455,5101
5121,429.0884000226774,-429.0884000226774,5102
5122,429.1793720836545,-429.1793720836545,5103
5123,429.17312295001335,-429.17312295001335,5104
5124,429.15115926015727,-429.15115926015727,5105
5125,429.14765295367806,-429.14765295367806,5106
5126,429.14541722331995,-429.14541722331995,5107
5127,429.145795079319,-429.145795079319,5108
5128,429.1532144076229,-429.1532144076229,5109
5129,429.15887653092204,-429.15887653092204,5110
5130,429.1632965216161,-429.1632965216161,5111
5131,429.18990804985026,-429.18990804985026,5112
5132,429.21425805666286,-429.21425805666286,5113
5133,429.2402359472803,-429.2402359472803,5114
5134,429.27303160360503,-429.27303160360503,5115
5135,429.3246562035379,-429.3246562035379,5116
5136,429.36429381845187,-429.36429381845187,5117
5137,429.4023016244876,-429.4023016244876,5118
5138,429.42625334450634,-429.42625334450634,5119
5139,429.4467127771023,-429.4467127771023,5120
5140,429.4691976168932,-429.4691976168932,5121
5141,429.48591186935107,-429.48591186935107,5122
5142,429.5031599003759,-429.5031599003759,5123
5143,429.52471037237996,-429.52471037237996,5124
5144,429.5369525194226,-429.5369525194226,5125
5145,429.54308925028215,-429.54308925028215,5126
5146,429.54632870783445,-429.54632870783445,5127
5147,429.5437569859314,-429.5437569859314,5128
5148,429.53420399682176,-429.53420399682176,5129
5149,429.51809927894624,-429.51809927894624,5130
5150,429.51294150219456,-429.51294150219456,5131
5151,429.5044867481147,-429.5044867481147,5132
5152,429.50558012654335,-429.50558012654335,5133
5153,429.5040857189434,-429.5040857189434,5134
5154,429.5075935285383,-429.5075935285383,5135
5155,429.5288090769559,-429.5288090769559,5136
5156,429.5588086536867,-429.5588086536867,5137
5157,429.58422229813266,-429.58422229813266,5138
5158,429.6222723908328,-429.6222723908328,5139
5159,429.6696901517458,-429.6696901517458,5140
5160,429.715026706718,-429.715026706718,5141
5161,429.7601114840058,-429.7601114840058,5142
5162,429.7834578610362,-429.7834578610362,5143
5163,429.80218277398444,-429.80218277398444,5144
5164,429.8235816310519,-429.8235816310519,5145
5165,429.83985088347094,-429.83985088347094,5146
5166,429.8603168743594,-429.8603168743594,5147
5167,429.8776400363385,-429.8776400363385,5148
5168,429.8812362426231,-429.8812362426231,5149
5169,429.88049992225456,-429.88049992225456,5150
5170,429.8702799718516,-429.8702799718516,5151
5171,429.8570958245573,-429.8570958245573,5152
5172,429.8400159459946,-429.8400159459946,5153
5173,429.9051577642562,-429.9051577642562,5154
5174,430.4547327483154,-430.4547327483154,5155
5175,430.4561706360109,-430.4561706360109,5156
5176,430.44886647976296,-430.44886647976296,5157
5177,430.44365705102064,-430.44365705102064,5158
5178,430.44905545464576,-430.44905545464576,5159
5179,430.48487390250983,-430.48487390250983,5160
5180,430.52166282489185,-430.52166282489185,5161
5181,430.5694824234885,-430.5694824234885,5162
5182,430.62310230021643,-430.62310230021643,5163
5183,430.6867133522655,-430.6867133522655,5164
5184,430.7331463560883,-430.7331463560883,5165
5185,430.7705684685051,-430.7705684685051,5166
5186,430.7907903927963,-430.7907903927963,5167
5187,430.80851358571437,-430.80851358571437,5168
5188,430.83004355964965,-430.83004355964965,5169
5189,430.8486507027516,-430.8486507027516,5170
5190,430.868807220148,-430.868807220148,5171
5191,430.8922093355512,-430.8922093355512,5172
5192,430.90283988663634,-430.90283988663634,5173
5193,430.9134714224636,-430.9134714224636,5174
5194,430.91815497888626,-430.91815497888626,5175
5195,430.92050713254207,-430.92050713254207,5176
5196,430.9228584294813,-430.9228584294813,5177
5197,430.90564786996123,-430.90564786996123,5178
5198,430.8956904467522,-430.8956904467522,5179
5199,430.8965905306338,-430.8965905306338,5180
5200,430.89255126571305,-430.89255126571305,5181
5201,430.895517694089,-430.895517694089,5182
5202,430.89824187946,-430.89824187946,5183
5203,430.9298615482159,-430.9298615482159,5184
5204,431.12302407325495,-431.12302407325495,5185
5205,431.16417409672164,-431.16417409672164,5186
5206,431.2841072410482,-431.2841072410482,5187
5207,431.33508481143946,-431.33508481143946,5188
5208,431.3840767721833,-431.3840767721833,5189
5209,431.4173093957593,-431.4173093957593,5190
5210,431.4390785994734,-431.4390785994734,5191
5211,431.45988289933507,-431.45988289933507,5192
5212,431.4812202294092,-431.4812202294092,5193
5213,431.4973507528057,-431.4973507528057,5194
5214,431.51559238375563,-431.51559238375563,5195
5215,431.5232341977194,-431.5232341977194,5196
5216,431.5276956011237,-431.5276956011237,5197
5217,431.52980310776815,-431.52980310776815,5198
5218,431.51840335364113,-431.51840335364113,5199
5219,432.1043083549735,-432.1043083549735,5200
5220,432.2018807708067,-432.2018807708067,5201
5221,432.2075421104809,-432.2075421104809,5202
5222,432.20127093564435,-432.20127093564435,5203
5223,432.1967755182873,-432.1967755182873,5204
5224,432.2571616429054,-432.2571616429054,5205
5225,432.25990928853093,-432.25990928853093,5206
5226,432.26651458553084,-432.26651458553084,5207
5227,432.29833608003196,-432.29833608003196,5208
5228,432.3232410165806,-432.3232410165806,5209
5229,432.4075416389612,-432.4075416389612,5210
5230,432.44300727083265,-432.44300727083265,5211
5231,432.4941424013115,-432.4941424013115,5212
5232,432.54413400719073,-432.54413400719073,5213
5233,432.59509194604027,-432.59509194604027,5214
5234,432.6247700556189,-432.6247700556189,5215
5235,432.6498412720451,-432.6498412720451,5216
5236,432.6697576105589,-432.6697576105589,5217
5237,432.68672149687063,-432.68672149687063,5218
5238,432.7043854472991,-432.7043854472991,5219
5239,432.7211252121491,-432.7211252121491,5220
5240,432.7213773954682,-432.7213773954682,5221
5241,433.41645233966585,-433.41645233966585,5222
5242,434.0710137755855,-434.0710137755855,5223
5243,434.17911217978923,-434.17911217978923,5224
5244,434.1869836619685,-434.1869836619685,5225
5245,434.17487466154756,-434.17487466154756,5226
5246,434.16145998215984,-434.16145998215984,5227
5247,434.15213167913566,-434.15213167913566,5228
5248,434.14596679587794,-434.14596679587794,5229
5249,434.1447769499049,-434.1447769499049,5230
5250,434.14711357297307,-434.14711357297307,5231
5251,434.17250195394837,-434.17250195394837,5232
5252,434.19558796198527,-434.19558796198527,5233
5253,434.2194022252142,-434.2194022252142,5234
5254,434.2761433597769,-434.2761433597769,5235
5255,434.3137036480239,-434.3137036480239,5236
5256,434.3471221485268,-434.3471221485268,5237
5257,434.3871984434634,-434.3871984434634,5238
5258,434.4038123613825,-434.4038123613825,5239
5259,434.42780093001653,-434.42780093001653,5240
5260,434.44940803325215,-434.44940803325215,5241
5261,434.47493230906696,-434.47493230906696,5242
5262,434.4932039661458,-434.4932039661458,5243
5263,434.50615650715446,-434.50615650715446,5244
5264,434.51476403037464,-434.51476403037464,5245
5265,434.51788919275464,-434.51788919275464,5246
5266,434.5062908207401,-434.5062908207401,5247
5267,434.49127538325024,-434.49127538325024,5248
5268,434.47413894722087,-434.47413894722087,5249
5269,434.4571820194545,-434.4571820194545,5250
5270,434.4480570420418,-434.4480570420418,5251
5271,434.43958316970674,-434.43958316970674,5252
5272,434.43065187043675,-434.43065187043675,5253
5273,434.4258802769375,-434.4258802769375,5254
5274,434.43004487556686,-434.43004487556686,5255
5275,434.4646869557672,-434.4646869557672,5256
5276,434.4921420549208,-434.4921420549208,5257
5277,434.5198216973545,-434.5198216973545,5258
5278,434.550477608413,-434.550477608413,5259
5279,434.58121579174514,-434.58121579174514,5260
5280,434.6128523024874,-434.6128523024874,5261
5281,434.6465811319251,-434.6465811319251,5262
5282,434.6655999074737,-434.6655999074737,5263
5283,434.6911344294566,-434.6911344294566,5264
5284,434.71168733235294,-434.71168733235294,5265
5285,434.72826365210557,-434.72826365210557,5266
5286,434.7464345084313,-434.7464345084313,5267
5287,434.7647033523387,-434.7647033523387,5268
5288,434.7688742380032,-434.7688742380032,5269
5289,434.77161032297425,-434.77161032297425,5270
5290,434.7600497499335,-434.7600497499335,5271
5291,434.7392838772383,-434.7392838772383,5272
5292,434.7155437246854,-434.7155437246854,5273
5293,434.68248862762704,-434.68248862762704,5274
5294,434.651947222379,-434.651947222379,5275
5295,434.62707507638424,-434.62707507638424,5276
5296,434.6185361424501,-434.6185361424501,5277
5297,434.61501818249627,-434.61501818249627,5278
5298,434.616537543612,-434.616537543612,5279
5299,434.6362269202464,-434.6362269202464,5280
5300,434.65591697010234,-434.65591697010234,5281
5301,434.7459549601444,-434.7459549601444,5282
5302,434.77346921134017,-434.77346921134017,5283
5303,434.80470323769606,-434.80470323769606,5284
5304,434.83279372109996,-434.83279372109996,5285
5305,434.8655047376246,-434.8655047376246,5286
5306,434.89358656840534,-434.89358656840534,5287
5307,434.91444667335793,-434.91444667335793,5288
5308,434.93486348435493,-434.93486348435493,5289
5309,434.9528914061093,-434.9528914061093,5290
5310,434.9721635913727,-434.9721635913727,5291
5311,434.99163744766975,-434.99163744766975,5292
5312,434.9993384822314,-434.9993384822314,5293
5313,435.00373549195604,-435.00373549195604,5294
5314,434.9900851866978,-434.9900851866978,5295
5315,434.9822350370714,-434.9822350370714,5296
5316,434.9699509454443,-434.9699509454443,5297
5317,434.9527065026959,-434.9527065026959,5298
5318,434.9383334248849,-434.9383334248849,5299
5319,434.92338841432746,-434.92338841432746,5300
5320,434.9305919745968,-434.9305919745968,5301
5321,434.95192464044766,-434.95192464044766,5302
5322,434.9697222843652,-434.9697222843652,5303
5323,434.9873037293583,-434.9873037293583,5304
5324,435.0141773998569,-435.0141773998569,5305
5325,435.0380464602321,-435.0380464602321,5306
5326,435.069211011467,-435.069211011467,5307
5327,435.1029860894365,-435.1029860894365,5308
5328,435.13474131323784,-435.13474131323784,5309
5329,435.1737618736557,-435.1737618736557,5310
5330,435.1950326432735,-435.1950326432735,5311
5331,435.21740971933315,-435.21740971933315,5312
5332,435.2403960625935,-435.2403960625935,5313
5333,435.2620909428529,-435.2620909428529,5314
5334,435.2806569800736,-435.2806569800736,5315
5335,435.2967694112025,-435.2967694112025,5316
5336,435.3008329687391,-435.3008329687391,5317
5337,435.30104728425704,-435.30104728425704,5318
5338,436.108464356242,-436.108464356242,5319
5339,437.00142236476756,-437.00142236476756,5320
5340,437.20480025412684,-437.20480025412684,5321
5341,437.18400708893455,-437.18400708893455,5322
5342,437.16363226760706,-437.16363226760706,5323
5343,437.1462416292228,-437.1462416292228,5324
5344,437.1441461640352,-437.1441461640352,5325
5345,437.142734540866,-437.142734540866,5326
5346,437.1452086623068,-437.1452086623068,5327
5347,437.1648868942789,-437.1648868942789,5328
5348,437.1876652369282,-437.1876652369282,5329
5349,437.22091592196466,-437.22091592196466,5330
5350,437.3078182765489,-437.3078182765489,5331
5351,437.35832259363394,-437.35832259363394,5332
5352,437.4135546846345,-437.4135546846345,5333
5353,437.4582481838682,-437.4582481838682,5334
5354,437.4821169826358,-437.4821169826358,5335
5355,437.5035084819159,-437.5035084819159,5336
5356,437.52504637015403,-437.52504637015403,5337
5357,437.54619988280444,-437.54619988280444,5338
5358,437.566397694762,-437.566397694762,5339
5359,437.5902091631379,-437.5902091631379,5340
5360,437.591371042398,-437.591371042398,5341
5361,437.5972756580992,-437.5972756580992,5342
5362,437.5872047087812,-437.5872047087812,5343
5363,437.56876193187776,-437.56876193187776,5344
5364,437.5408506043698,-437.5408506043698,5345
5365,437.5141576138843,-437.5141576138843,5346
5366,437.489345439919,-437.489345439919,5347
5367,437.46866806353694,-437.46866806353694,5348
5368,437.4602840586711,-437.4602840586711,5349
5369,437.4608515045284,-437.4608515045284,5350
5370,437.46529946721563,-437.46529946721563,5351
5371,437.52011872337613,-437.52011872337613,5352
5372,437.55590819401306,-437.55590819401306,5353
5373,437.6086935176494,-437.6086935176494,5354
5374,437.672757735077,-437.672757735077,5355
5375,437.7202795294226,-437.7202795294226,5356
5376,437.7781603304188,-437.7781603304188,5357
5377,437.81662664790923,-437.81662664790923,5358
5378,437.8602896398447,-437.8602896398447,5359
5379,437.88165642857354,-437.88165642857354,5360
5380,437.90265555671044,-437.90265555671044,5361
5381,437.9229189161318,-437.9229189161318,5362
5382,437.9402284816242,-437.9402284816242,5363
5383,437.9587571577139,-437.9587571577139,5364
5384,438.05197039314874,-438.05197039314874,5365
5385,438.81510899177914,-438.81510899177914,5366
5386,438.8666995973171,-438.8666995973171,5367
5387,438.84594952485435,-438.84594952485435,5368
5388,438.82011723628943,-438.82011723628943,5369
5389,438.78981175208486,-438.78981175208486,5370
5390,438.76238470986675,-438.76238470986675,5371
5391,438.73975514383835,-438.73975514383835,5372
5392,438.9001347397856,-438.9001347397856,5373
5393,439.2065212900141,-439.2065212900141,5374
5394,439.2095477937519,-439.2095477937519,5375
5395,439.23017942508613,-439.23017942508613,5376
5396,439.257245927234,-439.257245927234,5377
5397,439.2890318730615,-439.2890318730615,5378
5398,439.3338215248272,-439.3338215248272,5379
5399,439.37761715547936,-439.37761715547936,5380
5400,439.4302511355683,-439.4302511355683,5381
5401,439.48031195543695,-439.48031195543695,5382
5402,439.5130388760649,-439.5130388760649,5383
5403,439.535465619355,-439.535465619355,5384
5404,439.55757875615967,-439.55757875615967,5385
5405,439.5750031006013,-439.5750031006013,5386
5406,439.5928810308228,-439.5928810308228,5387
5407,439.6114188861531,-439.6114188861531,5388
5408,439.625268297461,-439.625268297461,5389
5409,439.62769417312046,-439.62769417312046,5390
5410,439.61400927903713,-439.61400927903713,5391
5411,439.5919459898367,-439.5919459898367,5392
5412,439.7736857984529,-439.7736857984529,5393
5413,440.7459538733125,-440.7459538733125,5394
5414,440.9891803278758,-440.9891803278758,5395
5415,440.97564131580714,-440.97564131580714,5396
5416,440.97513105927067,-440.97513105927067,5397
5417,440.97231555344007,-440.97231555344007,5398
5418,440.97801953492797,-440.97801953492797,5399
5419,440.9960757866057,-440.9960757866057,5400
5420,441.0292749850769,-441.0292749850769,5401
5421,441.07070145413036,-441.07070145413036,5402
5422,441.1185418100649,-441.1185418100649,5403
5423,441.16444154193687,-441.16444154193687,5404
5424,441.2056809712978,-441.2056809712978,5405
5425,441.2395155232878,-441.2395155232878,5406
5426,441.25856167636226,-441.25856167636226,5407
5427,441.27836993562045,-441.27836993562045,5408
5428,441.3014718203851,-441.3014718203851,5409
5429,441.32322740982437,-441.32322740982437,5410
5430,441.3451330963879,-441.3451330963879,5411
5431,441.3621659431524,-441.3621659431524,5412
5432,441.36863490904705,-441.36863490904705,5413
5433,441.3654201637098,-441.3654201637098,5414
5434,441.3451859285481,-441.3451859285481,5415
5435,441.32338913776846,-441.32338913776846,5416
5436,441.30152295776355,-441.30152295776355,5417
5437,441.27956932777585,-441.27956932777585,5418
5438,441.2534579633847,-441.2534579633847,5419
5439,441.23005817100545,-441.23005817100545,5420
5440,441.22924193339196,-441.22924193339196,5421
5441,441.22969803485194,-441.22969803485194,5422
5442,441.2345245519739,-441.2345245519739,5423
5443,441.2619839722574,-441.2619839722574,5424
5444,441.3264992836399,-441.3264992836399,5425
5445,441.3702387783216,-441.3702387783216,5426
5446,441.4285920816775,-441.4285920816775,5427
5447,441.47968953428756,-441.47968953428756,5428
5448,441.52380811957505,-441.52380811957505,5429
5449,441.5518151459549,-441.5518151459549,5430
5450,441.57499476708665,-441.57499476708665,5431
5451,441.5906397187149,-441.5906397187149,5432
5452,441.61012323936404,-441.61012323936404,5433
5453,441.6339773808147,-441.6339773808147,5434
5454,441.65381307853767,-441.65381307853767,5435
5455,441.67445317489126,-441.67445317489126,5436
5456,441.692155518459,-441.692155518459,5437
5457,441.7131020564838,-441.7131020564838,5438
5458,441.7130608541094,-441.7130608541094,5439
5459,441.71352844171605,-441.71352844171605,5440
5460,441.7058533696528,-441.7058533696528,5441
5461,441.9834327000671,-441.9834327000671,5442
5462,441.9680967917399,-441.9680967917399,5443
5463,441.9478697157747,-441.9478697157747,5444
5464,441.93987421336567,-441.93987421336567,5445
5465,441.9363308338535,-441.9363308338535,5446
5466,441.9406889658747,-441.9406889658747,5447
5467,441.9703865237604,-441.9703865237604,5448
5468,441.997901180828,-441.997901180828,5449
5469,442.0260688059215,-442.0260688059215,5450
5470,442.07510413949643,-442.07510413949643,5451
5471,442.1406391018817,-442.1406391018817,5452
5472,442.1968755712899,-442.1968755712899,5453
5473,442.2331111999934,-442.2331111999934,5454
5474,442.2515656926433,-442.2515656926433,5455
5475,442.2686508868187,-442.2686508868187,5456
5476,442.2961814593227,-442.2961814593227,5457
5477,442.3134498291194,-442.3134498291194,5458
5478,442.33085319608523,-442.33085319608523,5459
5479,442.3381210295346,-442.3381210295346,5460
5480,442.3425425718079,-442.3425425718079,5461
5481,442.34370071277743,-442.34370071277743,5462
5482,442.3294017115174,-442.3294017115174,5463
5483,442.3122986713694,-442.3122986713694,5464
5484,442.2931647964975,-442.2931647964975,5465
5485,442.26182947135186,-442.26182947135186,5466
5486,442.23434010948455,-442.23434010948455,5467
5487,442.21216525597,-442.21216525597,5468
5488,442.20589936027034,-442.20589936027034,5469
5489,442.20581009713726,-442.20581009713726,5470
5490,442.20931368373573,-442.20931368373573,5471
5491,442.2335973531842,-442.2335973531842,5472
5492,442.26302119520807,-442.26302119520807,5473
5493,442.39370680097903,-442.39370680097903,5474
5494,442.4386347955431,-442.4386347955431,5475
5495,442.49713115486736,-442.49713115486736,5476
5496,442.5376289403325,-442.5376289403325,5477
5497,442.57394664253763,-442.57394664253763,5478
5498,442.59474497449764,-442.59474497449764,5479
5499,442.62039506812584,-442.62039506812584,5480
5500,442.64136473231633,-442.64136473231633,5481
5501,442.65780080476895,-442.65780080476895,5482
5502,442.6765440831482,-442.6765440831482,5483
5503,442.694377078822,-442.694377078822,5484
5504,442.7001910614293,-442.7001910614293,5485
5505,442.6980430524926,-442.6980430524926,5486
5506,442.6835259183177,-442.6835259183177,5487
5507,442.6609264758749,-442.6609264758749,5488
5508,442.63289998766356,-442.63289998766356,5489
5509,442.60337740198696,-442.60337740198696,5490
5510,442.57889347648677,-442.57889347648677,5491
5511,442.55763394099665,-442.55763394099665,5492
5512,442.5490406815236,-442.5490406815236,5493
5513,442.5757147613621,-442.5757147613621,5494
5514,442.5803713668258,-442.5803713668258,5495
5515,442.6047095727572,-442.6047095727572,5496
5516,442.63380744040523,-442.63380744040523,5497
5517,442.72859019634365,-442.72859019634365,5498
5518,442.7692994144529,-442.7692994144529,5499
5519,442.81517225325433,-442.81517225325433,5500
5520,442.8828762550285,-442.8828762550285,5501
5521,442.9243029795374,-442.9243029795374,5502
5522,442.9456118609423,-442.9456118609423,5503
5523,442.96333560620326,-442.96333560620326,5504
5524,442.9848546718877,-442.9848546718877,5505
5525,443.00973854597777,-443.00973854597777,5506
5526,443.0264977257298,-443.0264977257298,5507
5527,443.0460447591507,-443.0460447591507,5508
5528,443.0541968742135,-443.0541968742135,5509
5529,443.0554390208625,-443.0554390208625,5510
5530,443.04165288291495,-443.04165288291495,5511
5531,443.02269820570206,-443.02269820570206,5512
5532,442.9946236865839,-442.9946236865839,5513
5533,442.964275379534,-442.964275379534,5514
5534,442.93786545314447,-442.93786545314447,5515
5535,442.9359821784113,-442.9359821784113,5516
5536,442.9323212737427,-442.9323212737427,5517
5537,442.9310397920074,-442.9310397920074,5518
5538,442.93491713093323,-442.93491713093323,5519
5539,442.9660423865179,-442.9660423865179,5520
5540,443.0032865632408,-443.0032865632408,5521
5541,443.04841312502924,-443.04841312502924,5522
5542,443.1202803727418,-443.1202803727418,5523
5543,443.1835285627633,-443.1835285627633,5524
5544,443.23150622441557,-443.23150622441557,5525
5545,443.27776786635513,-443.27776786635513,5526
5546,443.31446696495016,-443.31446696495016,5527
5547,443.3342750526626,-443.3342750526626,5528
5548,443.3584326447234,-443.3584326447234,5529
5549,443.38589473971894,-443.38589473971894,5530
5550,443.40573813238126,-443.40573813238126,5531
5551,443.4263118032026,-443.4263118032026,5532
5552,443.43699190620754,-443.43699190620754,5533
5553,443.4427035378647,-443.4427035378647,5534
5554,443.4380356047649,-443.4380356047649,5535
5555,443.42408939317767,-443.42408939317767,5536
5556,443.4140591680817,-443.4140591680817,5537
5557,443.38408717435163,-443.38408717435163,5538
5558,443.3645351750256,-443.3645351750256,5539
5559,443.34480378323553,-443.34480378323553,5540
5560,443.3392911343312,-443.3392911343312,5541
5561,443.33970833814533,-443.33970833814533,5542
5562,443.34369026017293,-443.34369026017293,5543
5563,443.36167845137595,-443.36167845137595,5544
5564,443.39123491706385,-443.39123491706385,5545
5565,443.41634549552293,-443.41634549552293,5546
5566,443.45859620914894,-443.45859620914894,5547
5567,443.50548841170496,-443.50548841170496,5548
5568,443.54828063716934,-443.54828063716934,5549
5569,443.59306824669164,-443.59306824669164,5550
5570,443.6137674716216,-443.6137674716216,5551
5571,443.6314787995605,-443.6314787995605,5552
5572,443.6519203333352,-443.6519203333352,5553
5573,443.6755839482844,-443.6755839482844,5554
5574,443.6931636086164,-443.6931636086164,5555
5575,443.7212276423357,-443.7212276423357,5556
5576,443.74426743477085,-443.74426743477085,5557
5577,443.7529981301465,-443.7529981301465,5558
5578,443.74698873140244,-443.74698873140244,5559
5579,443.7469806460685,-443.7469806460685,5560
5580,443.73959066745425,-443.73959066745425,5561
5581,443.7668898375148,-443.7668898375148,5562
5582,443.7727352552706,-443.7727352552706,5563
5583,443.78798191352786,-443.78798191352786,5564
5584,443.8273659791348,-443.8273659791348,5565
5585,443.8481518409973,-443.8481518409973,5566
5586,443.8714528575915,-443.8714528575915,5567
5587,443.89578607765935,-443.89578607765935,5568
5588,443.9200721111597,-443.9200721111597,5569
5589,443.96063699915317,-443.96063699915317,5570
5590,444.0069614492682,-444.0069614492682,5571
5591,444.0434754487624,-444.0434754487624,5572
5592,444.0966849553368,-444.0966849553368,5573
5593,444.14607467462366,-444.14607467462366,5574
5594,444.1751146621386,-444.1751146621386,5575
5595,444.19742442477366,-444.19742442477366,5576
5596,444.2192514512216,-444.2192514512216,5577
5597,444.24132177927754,-444.24132177927754,5578
5598,444.2610846504425,-444.2610846504425,5579
5599,444.27913736182984,-444.27913736182984,5580
5600,444.2831793863631,-444.2831793863631,5581
5601,444.2821002896676,-444.2821002896676,5582
5602,444.26691339927754,-444.26691339927754,5583
5603,444.2458204961156,-444.2458204961156,5584
5604,444.218502127845,-444.218502127845,5585
5605,444.19457040524617,-444.19457040524617,5586
5606,444.17635931658145,-444.17635931658145,5587
5607,444.1698012159127,-444.1698012159127,5588
5608,444.16590444483967,-444.16590444483967,5589
5609,444.16652185395617,-444.16652185395617,5590
5610,444.1696346174803,-444.1696346174803,5591
5611,444.2017376444223,-444.2017376444223,5592
5612,444.2313825418555,-444.2313825418555,5593
5613,444.2547301092722,-444.2547301092722,5594
5614,444.29575390952783,-444.29575390952783,5595
5615,444.3489685573457,-444.3489685573457,5596
5616,444.40010346339625,-444.40010346339625,5597
5617,444.4271391354793,-444.4271391354793,5598
5618,444.44683720154615,-444.44683720154615,5599
5619,444.4650839864425,-444.4650839864425,5600
5620,444.4876610204351,-444.4876610204351,5601
5621,444.5058016831465,-444.5058016831465,5602
5622,444.52461060409195,-444.52461060409195,5603
5623,444.5445793673163,-444.5445793673163,5604
5624,444.54993507361144,-444.54993507361144,5605
5625,444.5485729935249,-444.5485729935249,5606
5626,444.5350371725554,-444.5350371725554,5607
5627,444.5141474173631,-444.5141474173631,5608
5628,444.4859527054809,-444.4859527054809,5609
5629,444.4573576956908,-444.4573576956908,5610
5630,444.43411164667816,-444.43411164667816,5611
5631,444.4116385702833,-444.4116385702833,5612
5632,444.4022995293941,-444.4022995293941,5613
5633,444.4017174058886,-444.4017174058886,5614
5634,444.4055653163737,-444.4055653163737,5615
5635,444.4684553460809,-444.4684553460809,5616
5636,444.50415745182215,-444.50415745182215,5617
5637,444.53165900323586,-444.53165900323586,5618
5638,444.564565160522,-444.564565160522,5619
5639,444.6261441733738,-444.6261441733738,5620
5640,444.65578768771167,-444.65578768771167,5621
5641,444.6858860603965,-444.6858860603965,5622
5642,444.70557737039053,-444.70557737039053,5623
5643,444.72331285434205,-444.72331285434205,5624
5644,444.74483350717196,-444.74483350717196,5625
5645,444.76815941687823,-444.76815941687823,5626
5646,444.7864426383325,-444.7864426383325,5627
5647,444.80802042705074,-444.80802042705074,5628
5648,444.8161309461126,-444.8161309461126,5629
5649,444.82282300641003,-444.82282300641003,5630
5650,444.81196236390747,-444.81196236390747,5631
5651,444.7947340484072,-444.7947340484072,5632
5652,444.7758914646984,-444.7758914646984,5633
5653,444.7597804166819,-444.7597804166819,5634
5654,444.74474658646886,-444.74474658646886,5635
5655,444.732245265469,-444.732245265469,5636
5656,444.73394004256573,-444.73394004256573,5637
5657,444.73512438782836,-444.73512438782836,5638
5658,444.7382595940028,-444.7382595940028,5639
5659,444.7626710023238,-444.7626710023238,5640
5660,444.7853428735056,-444.7853428735056,5641
5661,444.8071604889589,-444.8071604889589,5642
5662,444.8427070878822,-444.8427070878822,5643
5663,444.8749695544456,-444.8749695544456,5644
5664,444.9093260722949,-444.9093260722949,5645
5665,444.93057054801744,-444.93057054801744,5646
5666,444.9497132848228,-444.9497132848228,5647
5667,444.97104044043243,-444.97104044043243,5648
5668,444.99399296702524,-444.99399296702524,5649
5669,445.0130484713277,-445.0130484713277,5650
5670,445.0349536546623,-445.0349536546623,5651
5671,445.0521828963541,-445.0521828963541,5652
5672,445.05690369176534,-445.05690369176534,5653
5673,445.05759638929425,-445.05759638929425,5654
5674,445.0493100477987,-445.0493100477987,5655
5675,445.04341816480047,-445.04341816480047,5656
5676,445.0358273068177,-445.0358273068177,5657
5677,445.01229896655826,-445.01229896655826,5658
5678,445.0038746293142,-445.0038746293142,5659
5679,444.9929477383593,-444.9929477383593,5660
5680,444.99119669030637,-444.99119669030637,5661
5681,444.99170735595385,-444.99170735595385,5662
5682,444.99472356404533,-444.99472356404533,5663
5683,445.0216527997032,-445.0216527997032,5664
5684,445.09026958546804,-445.09026958546804,5665
5685,445.1391710748969,-445.1391710748969,5666
5686,445.1948888014271,-445.1948888014271,5667
5687,445.25099789843665,-445.25099789843665,5668
5688,445.3003868573255,-445.3003868573255,5669
5689,445.3365821958363,-445.3365821958363,5670
5690,445.3594134804095,-445.3594134804095,5671
5691,445.3870320260197,-445.3870320260197,5672
5692,445.41168686396674,-445.41168686396674,5673
5693,445.43077810850644,-445.43077810850644,5674
5694,445.45133848352714,-445.45133848352714,5675
5695,445.4693290592666,-445.4693290592666,5676
5696,445.4744545444808,-445.4744545444808,5677
5697,445.47521509734753,-445.47521509734753,5678
5698,445.464955682621,-445.464955682621,5679
5699,445.45935481587077,-445.45935481587077,5680
5700,445.4579905977961,-445.4579905977961,5681
5701,445.44304531270143,-445.44304531270143,5682
5702,445.439223431092,-445.439223431092,5683
5703,445.4341988629663,-445.4341988629663,5684
5704,445.4406025621986,-445.4406025621986,5685
5705,445.44851100933806,-445.44851100933806,5686
5706,445.4574085912128,-445.4574085912128,5687
5707,445.491834843905,-445.491834843905,5688
5708,445.5370722621067,-445.5370722621067,5689
5709,445.6391782816205,-445.6391782816205,5690
5710,445.6996732495406,-445.6996732495406,5691
5711,445.7574285332331,-445.7574285332331,5692
5712,445.80688610073474,-445.80688610073474,5693
5713,445.8531480004622,-445.8531480004622,5694
5714,445.8874830067858,-445.8874830067858,5695
5715,445.90886371970794,-445.90886371970794,5696
5716,445.9303704449407,-445.9303704449407,5697
5717,445.95471539890457,-445.95471539890457,5698
5718,445.9732601591239,-445.9732601591239,5699
5719,445.980730498432,-445.980730498432,5700
5720,445.98692030749703,-445.98692030749703,5701
5721,445.9893691795094,-445.9893691795094,5702
5722,445.98518682541396,-445.98518682541396,5703
5723,445.9802194651324,-445.9802194651324,5704
5724,445.96656923429725,-445.96656923429725,5705
5725,445.9348138462109,-445.9348138462109,5706
5726,445.9096858786407,-445.9096858786407,5707
5727,445.9074422329442,-445.9074422329442,5708
5728,445.9017115672732,-445.9017115672732,5709
5729,445.8984919957194,-445.8984919957194,5710
5730,445.9025908855237,-445.9025908855237,5711
5731,445.9300787907119,-445.9300787907119,5712
5732,445.9543005397169,-445.9543005397169,5713
5733,445.9850579014979,-445.9850579014979,5714
5734,446.02987962266315,-446.02987962266315,5715
5735,446.07783484861505,-446.07783484861505,5716
5736,446.12635083670693,-446.12635083670693,5717
5737,446.1695732050873,-446.1695732050873,5718
5738,446.20077907185464,-446.20077907185464,5719
5739,446.221690241402,-446.221690241402,5720
5740,446.2432339027683,-446.2432339027683,5721
5741,446.2627126907993,-446.2627126907993,5722
5742,446.28537610140086,-446.28537610140086,5723
5743,446.30449732825485,-446.30449732825485,5724
5744,446.3218805436154,-446.3218805436154,5725
5745,446.34308009248235,-446.34308009248235,5726
5746,446.3425333052831,-446.3425333052831,5727
5747,446.34057813148956,-446.34057813148956,5728
5748,446.34364827605134,-446.34364827605134,5729
5749,446.3350841288125,-446.3350841288125,5730
5750,446.33140680170783,-446.33140680170783,5731
5751,446.3295418487225,-446.3295418487225,5732
5752,446.33845535604485,-446.33845535604485,5733
5753,446.3808192604097,-446.3808192604097,5734
5754,446.3877744700749,-446.3877744700749,5735
5755,446.430815428966,-446.430815428966,5736
5756,446.46555179153137,-446.46555179153137,5737
5757,446.50194102690114,-446.50194102690114,5738
5758,446.5508824014102,-446.5508824014102,5739
5759,446.60182140891095,-446.60182140891095,5740
5760,446.63885568780495,-446.63885568780495,5741
5761,446.67096875672627,-446.67096875672627,5742
5762,446.69118900805495,-446.69118900805495,5743
5763,446.7093145063376,-446.7093145063376,5744
5764,446.734739530068,-446.734739530068,5745
5765,446.7520325134945,-446.7520325134945,5746
5766,446.76841717707043,-446.76841717707043,5747
5767,446.77732239603426,-446.77732239603426,5748
5768,446.78466895084824,-446.78466895084824,5749
5769,446.7921872655541,-446.7921872655541,5750
5770,446.78335905734804,-446.78335905734804,5751
5771,446.7680121792598,-446.7680121792598,5752
5772,446.7486152551451,-446.7486152551451,5753
5773,446.72557926835407,-446.72557926835407,5754
5774,446.7106810271178,-446.7106810271178,5755
5775,446.6943875382149,-446.6943875382149,5756
5776,446.6951390559816,-446.6951390559816,5757
5777,446.7035628600933,-446.7035628600933,5758
5778,446.7129123763941,-446.7129123763941,5759
5779,446.7627760190441,-446.7627760190441,5760
5780,446.81316885075057,-446.81316885075057,5761
5781,446.85433209551087,-446.85433209551087,5762
5782,446.91361720235375,-446.91361720235375,5763
5783,446.96974232318905,-446.96974232318905,5764
5784,447.03901387454505,-447.03901387454505,5765
5785,447.07066389776395,-447.07066389776395,5766
5786,447.09026473003604,-447.09026473003604,5767
5787,447.113765554263,-447.113765554263,5768
5788,447.13563301364593,-447.13563301364593,5769
5789,447.15561843226175,-447.15561843226175,5770
5790,447.1785550487744,-447.1785550487744,5771
5791,447.186511965953,-447.186511965953,5772
5792,447.1917148752074,-447.1917148752074,5773
5793,447.1962263770338,-447.1962263770338,5774
5794,447.19836674452927,-447.19836674452927,5775
5795,447.1949664759285,-447.1949664759285,5776
5796,447.18600309757875,-447.18600309757875,5777
5797,447.164603626312,-447.164603626312,5778
5798,447.1588141442526,-447.1588141442526,5779
5799,447.1462659922836,-447.1462659922836,5780
5800,447.1502225697545,-447.1502225697545,5781
5801,447.1561657138529,-447.1561657138529,5782
5802,447.1647711513828,-447.1647711513828,5783
5803,447.2016677771588,-447.2016677771588,5784
5804,447.2379896716691,-447.2379896716691,5785
5805,447.26656394523417,-447.26656394523417,5786
5806,447.3083289599895,-447.3083289599895,5787
5807,447.42056835157905,-447.42056835157905,5788
5808,447.4714293466277,-447.4714293466277,5789
5809,447.49371546616516,-447.49371546616516,5790
5810,447.51177479733826,-447.51177479733826,5791
5811,447.53369780972974,-447.53369780972974,5792
5812,447.5562226375131,-447.5562226375131,5793
5813,447.5777365318106,-447.5777365318106,5794
5814,447.59771839944676,-447.59771839944676,5795
5815,447.9818371709593,-447.9818371709593,5796
5816,448.0831897098975,-448.0831897098975,5797
5817,448.0849757463107,-448.0849757463107,5798
5818,448.07689431386973,-448.07689431386973,5799
5819,448.0698817590377,-448.0698817590377,5800
5820,448.06397636654646,-448.06397636654646,5801
5821,448.05455701478434,-448.05455701478434,5802
5822,448.04613625087336,-448.04613625087336,5803
5823,448.51568288065624,-448.51568288065624,5804
5824,449.1204050266401,-449.1204050266401,5805
5825,449.1383925066912,-449.1383925066912,5806
5826,449.1538458867493,-449.1538458867493,5807
5827,449.2224883537349,-449.2224883537349,5808
5828,449.2949375418487,-449.2949375418487,5809
5829,449.33600269379417,-449.33600269379417,5810
5830,449.39485569085576,-449.39485569085576,5811
5831,449.46008652651545,-449.46008652651545,5812
5832,449.51208501886987,-449.51208501886987,5813
5833,449.5458190087549,-449.5458190087549,5814
5834,449.5702576654548,-449.5702576654548,5815
5835,449.59307340470957,-449.59307340470957,5816
5836,449.6118315918083,-449.6118315918083,5817
5837,449.6340695628572,-449.6340695628572,5818
5838,449.657812481244,-449.657812481244,5819
5839,449.6823361296893,-449.6823361296893,5820
5840,449.6878865538052,-449.6878865538052,5821
5841,450.16090675622615,-450.16090675622615,5822
5842,450.88225363055625,-450.88225363055625,5823
5843,450.881499538307,-450.881499538307,5824
5844,450.86263801743996,-450.86263801743996,5825
5845,450.86454946528454,-450.86454946528454,5826
5846,451.130277940055,-451.130277940055,5827
5847,451.3049089203644,-451.3049089203644,5828
5848,451.30038381913016,-451.30038381913016,5829
5849,451.30748714799967,-451.30748714799967,5830
5850,451.3164304561382,-451.3164304561382,5831
5851,451.3550352452455,-451.3550352452455,5832
5852,451.3934050769717,-451.3934050769717,5833
5853,451.43336873497805,-451.43336873497805,5834
5854,451.5012285822332,-451.5012285822332,5835
5855,451.58452374516827,-451.58452374516827,5836
5856,451.6249828618036,-451.6249828618036,5837
5857,451.64767759247917,-451.64767759247917,5838
5858,451.66841859790543,-451.66841859790543,5839
5859,451.68872506400305,-451.68872506400305,5840
5860,451.7160339608533,-451.7160339608533,5841
5861,451.7366670141165,-451.7366670141165,5842
5862,451.75393544612683,-451.75393544612683,5843
5863,451.7749758818113,-451.7749758818113,5844
5864,451.7824772405584,-451.7824772405584,5845
5865,451.78999132580185,-451.78999132580185,5846
5866,451.7745232664,-451.7745232664,5847
5867,451.755579432305,-451.755579432305,5848
5868,451.73074334285735,-451.73074334285735,5849
5869,451.73177853719795,-451.73177853719795,5850
5870,451.7125309984028,-451.7125309984028,5851
5871,451.70584404370857,-451.70584404370857,5852
5872,451.70222614958595,-451.70222614958595,5853
5873,451.70217837961786,-451.70217837961786,5854
5874,451.7098775075987,-451.7098775075987,5855
5875,451.73674223693024,-451.73674223693024,5856
5876,451.78440137818467,-451.78440137818467,5857
5877,451.82359786219405,-451.82359786219405,5858
5878,451.8838148648981,-451.8838148648981,5859
5879,451.93020898765315,-451.93020898765315,5860
5880,451.9775271854331,-451.9775271854331,5861
5881,452.0185508659354,-452.0185508659354,5862
5882,452.05335387858435,-452.05335387858435,5863
5883,452.0761821293005,-452.0761821293005,5864
5884,452.1008194476298,-452.1008194476298,5865
5885,452.12313081421377,-452.12313081421377,5866
5886,452.14714536060046,-452.14714536060046,5867
5887,452.1659532671199,-452.1659532671199,5868
5888,452.6476080357023,-452.6476080357023,5869
5889,453.34653731180913,-453.34653731180913,5870
5890,453.4676197865868,-453.4676197865868,5871
5891,453.51248460970675,-453.51248460970675,5872
5892,453.4942493507564,-453.4942493507564,5873
5893,453.4696660623294,-453.4696660623294,5874
5894,453.45275883740675,-453.45275883740675,5875
5895,453.4381941833734,-453.4381941833734,5876
5896,453.4405354494055,-453.4405354494055,5877
5897,453.4455272975105,-453.4455272975105,5878
5898,453.45124244546605,-453.45124244546605,5879
5899,453.5073952792742,-453.5073952792742,5880
5900,453.54271740573034,-453.54271740573034,5881
5901,453.5818170084578,-453.5818170084578,5882
5902,453.6370088302261,-453.6370088302261,5883
5903,453.6990137298718,-453.6990137298718,5884
5904,453.7469660093934,-453.7469660093934,5885
5905,453.79799368807625,-453.79799368807625,5886
5906,453.8354070665874,-453.8354070665874,5887
5907,453.85941563457123,-453.85941563457123,5888
5908,453.88759940772377,-453.88759940772377,5889
5909,453.9065267454635,-453.9065267454635,5890
5910,453.9248009160745,-453.9248009160745,5891
5911,453.94738540613884,-453.94738540613884,5892
5912,453.9584009369158,-453.9584009369158,5893
5913,454.21423916319475,-454.21423916319475,5894
5914,454.8051899749147,-454.8051899749147,5895
5915,455.32281328952257,-455.32281328952257,5896
5916,455.3198333740801,-455.3198333740801,5897
5917,455.29180859182276,-455.29180859182276,5898
5918,455.2681729571986,-455.2681729571986,5899
5919,455.2455772729044,-455.2455772729044,5900
5920,455.24074392057054,-455.24074392057054,5901
5921,455.2673361299165,-455.2673361299165,5902
5922,455.2916624386238,-455.2916624386238,5903
5923,455.3321202182389,-455.3321202182389,5904
5924,455.3579910985057,-455.3579910985057,5905
5925,455.39132613976903,-455.39132613976903,5906
5926,455.4345900368848,-455.4345900368848,5907
5927,455.5023193973012,-455.5023193973012,5908
5928,455.56022936310376,-455.56022936310376,5909
5929,455.5945849431506,-455.5945849431506,5910
5930,455.6210722860384,-455.6210722860384,5911
5931,455.6429825627005,-455.6429825627005,5912
5932,455.6687141405828,-455.6687141405828,5913
5933,455.6894382636549,-455.6894382636549,5914
5934,455.70832076725816,-455.70832076725816,5915
5935,455.74648785109946,-455.74648785109946,5916
5936,455.7539288867714,-455.7539288867714,5917
5937,455.764480092062,-455.764480092062,5918
5938,455.75441254444877,-455.75441254444877,5919
5939,455.7330399647284,-455.7330399647284,5920
5940,455.7046540215327,-455.7046540215327,5921
5941,455.67487210852363,-455.67487210852363,5922
5942,455.6504508136756,-455.6504508136756,5923
5943,455.6324707666805,-455.6324707666805,5924
5944,455.63518384990425,-455.63518384990425,5925
5945,455.64063365769755,-455.64063365769755,5926
5946,455.64645710188915,-455.64645710188915,5927
5947,455.6879505480242,-455.6879505480242,5928
5948,455.71947956509655,-455.71947956509655,5929
5949,455.76884583222926,-455.76884583222926,5930
5950,455.8226534564775,-455.8226534564775,5931
5951,455.9160274319749,-455.9160274319749,5932
5952,455.97852516678097,-455.97852516678097,5933
5953,456.0133421975157,-456.0133421975157,5934
5954,456.0366956181582,-456.0366956181582,5935
5955,456.0596131984125,-456.0596131984125,5936
5956,456.08460953887766,-456.08460953887766,5937
5957,456.1053094786903,-456.1053094786903,5938
5958,456.12584667942286,-456.12584667942286,5939
5959,456.17666071808264,-456.17666071808264,5940
5960,456.1833646456723,-456.1833646456723,5941
5961,456.18348802135307,-456.18348802135307,5942
5962,456.18897950379977,-456.18897950379977,5943
5963,456.1830596962681,-456.1830596962681,5944
5964,456.17278789976956,-456.17278789976956,5945
5965,456.14561598278743,-456.14561598278743,5946
5966,456.120824653797,-456.120824653797,5947
5967,456.37657826655845,-456.37657826655845,5948
5968,456.7648858466262,-456.7648858466262,5949
5969,456.76904648449056,-456.76904648449056,5950
5970,456.7744627459729,-456.7744627459729,5951
5971,456.8039564353531,-456.8039564353531,5952
5972,456.8365128262508,-456.8365128262508,5953
5973,456.88592963429596,-456.88592963429596,5954
5974,456.94147000737854,-456.94147000737854,5955
5975,457.01040211462356,-457.01040211462356,5956
5976,457.04632681629187,-457.04632681629187,5957
5977,457.08164689885155,-457.08164689885155,5958
5978,457.1070924818051,-457.1070924818051,5959
5979,457.1289910161492,-457.1289910161492,5960
5980,457.1488001866298,-457.1488001866298,5961
5981,457.16844672776074,-457.16844672776074,5962
5982,457.193973709284,-457.193973709284,5963
5983,457.2121983109947,-457.2121983109947,5964
5984,457.22203347659416,-457.22203347659416,5965
5985,457.23160330572256,-457.23160330572256,5966
5986,457.2411302914362,-457.2411302914362,5967
5987,457.23959221631054,-457.23959221631054,5968
5988,457.2284926028028,-457.2284926028028,5969
5989,457.21075090527285,-457.21075090527285,5970
5990,457.2033401306497,-457.2033401306497,5971
5991,457.19882333397663,-457.19882333397663,5972
5992,457.2072513927345,-457.2072513927345,5973
5993,457.22962623325276,-457.22962623325276,5974
5994,457.2570536282191,-457.2570536282191,5975
5995,457.30687004224063,-457.30687004224063,5976
5996,457.3520556692972,-457.3520556692972,5977
5997,457.4088982910907,-457.4088982910907,5978
5998,457.472602777942,-457.472602777942,5979
5999,457.52556854327025,-457.52556854327025,5980
6000,457.5786967682865,-457.5786967682865,5981
6001,457.61926617478224,-457.61926617478224,5982
6002,457.6415758354368,-457.6415758354368,5983
6003,457.6618341746762,-457.6618341746762,5984
6004,457.6842577068595,-457.6842577068595,5985
6005,457.70409116376425,-457.70409116376425,5986
6006,457.7255522419563,-457.7255522419563,5987
6007,457.74727371089705,-457.74727371089705,5988
6008,457.7712816404156,-457.7712816404156,5989
6009,457.780381248708,-457.780381248708,5990
6010,457.7836454522283,-457.7836454522283,5991
6011,457.78001696051246,-457.78001696051246,5992
6012,457.7668547362186,-457.7668547362186,5993
6013,457.7425982886505,-457.7425982886505,5994
6014,457.72179720103435,-457.72179720103435,5995
6015,457.707032892661,-457.707032892661,5996
6016,457.70976313621264,-457.70976313621264,5997
6017,457.71449834297795,-457.71449834297795,5998
6018,457.77144504566536,-457.77144504566536,5999
6019,457.80620506060296,-457.80620506060296,6000
6020,457.84265234475413,-457.84265234475413,6001
6021,457.88174818634513,-457.88174818634513,6002
6022,457.95314263284473,-457.95314263284473,6003
6023,458.0147250006023,-458.0147250006023,6004
6024,458.0684146807213,-458.0684146807213,6005
6025,458.10269819403385,-458.10269819403385,6006
6026,458.12551838684993,-458.12551838684993,6007
6027,458.14573980812946,-458.14573980812946,6008
6028,458.1691259857025,-458.1691259857025,6009
6029,458.1926783812856,-458.1926783812856,6010
6030,458.21277551391387,-458.21277551391387,6011
6031,458.2327678622654,-458.2327678622654,6012
6032,458.80637795033,-458.80637795033,6013
6033,459.8084051580911,-459.8084051580911,6014
6034,460.5921441478553,-460.5921441478553,6015
6035,460.59332832575404,-460.59332832575404,6016
6036,460.57038880551335,-460.57038880551335,6017
6037,460.5450864481749,-460.5450864481749,6018
6038,460.53534046330793,-460.53534046330793,6019
6039,460.51417103910507,-460.51417103910507,6020
6040,460.51160528767554,-460.51160528767554,6021
6041,460.5110858264042,-460.5110858264042,6022
6042,460.51809011925843,-460.51809011925843,6023
6043,460.54545526505416,-460.54545526505416,6024
6044,460.6244685505344,-460.6244685505344,6025
6045,460.68289471618425,-460.68289471618425,6026
6046,460.7543752684569,-460.7543752684569,6027
6047,460.8123101582613,-460.8123101582613,6028
6048,460.86752177257017,-460.86752177257017,6029
6049,460.9033653292522,-460.9033653292522,6030
6050,460.9350258785714,-460.9350258785714,6031
6051,460.96063009734723,-460.96063009734723,6032
6052,460.9830540754867,-460.9830540754867,6033
6053,461.0009890664093,-461.0009890664093,6034
6054,461.0197059243912,-461.0197059243912,6035
6055,461.1895539184362,-461.1895539184362,6036
6056,461.8298501805699,-461.8298501805699,6037
6057,461.8362230250507,-461.8362230250507,6038
6058,461.8292970210034,-461.8292970210034,6039
6059,461.8156060116125,-461.8156060116125,6040
6060,461.7994607722643,-461.7994607722643,6041
6061,461.7925572360801,-461.7925572360801,6042
6062,461.7815710292405,-461.7815710292405,6043
6063,461.769745279325,-461.769745279325,6044
6064,461.7671300130181,-461.7671300130181,6045
6065,461.770922124466,-461.770922124466,6046
6066,461.77645336834394,-461.77645336834394,6047
6067,461.8197331569147,-461.8197331569147,6048
6068,461.8665878041417,-461.8665878041417,6049
6069,461.913544361136,-461.913544361136,6050
6070,461.96154573936207,-461.96154573936207,6051
6071,462.01058970626264,-462.01058970626264,6052
6072,462.05380558535506,-462.05380558535506,6053
6073,462.09961359665874,-462.09961359665874,6054
6074,462.1381176576991,-462.1381176576991,6055
6075,462.16314952916576,-462.16314952916576,6056
6076,462.1853188770548,-462.1853188770548,6057
6077,462.20472131169237,-462.20472131169237,6058
6078,462.22614652325854,-462.22614652325854,6059
6079,462.2632699888873,-462.2632699888873,6060
6080,462.27016921007817,-462.27016921007817,6061
6081,462.2725728345939,-462.2725728345939,6062
6082,462.273159989983,-462.273159989983,6063
6083,462.2668648664301,-462.2668648664301,6064
6084,462.26203350385373,-462.26203350385373,6065
6085,462.2638712582223,-462.2638712582223,6066
6086,462.26232602048066,-462.26232602048066,6067
6087,462.2623931699935,-462.2623931699935,6068
6088,462.2946691250327,-462.2946691250327,6069
6089,462.34399503063116,-462.34399503063116,6070
6090,462.4017430860868,-462.4017430860868,6071
6091,462.4277280700154,-462.4277280700154,6072
6092,462.459962819217,-462.459962819217,6073
6093,462.50369169782437,-462.50369169782437,6074
6094,462.54272556833865,-462.54272556833865,6075
6095,462.60155945852085,-462.60155945852085,6076
6096,462.6458864503221,-462.6458864503221,6077
6097,462.6703744752261,-462.6703744752261,6078
6098,462.6916549954564,-462.6916549954564,6079
6099,462.7104160908174,-462.7104160908174,6080
6100,462.7375869520498,-462.7375869520498,6081
6101,462.75756261146523,-462.75756261146523,6082
6102,462.78013977027166,-462.78013977027166,6083
6103,462.807568556131,-462.807568556131,6084
6104,462.8498434394512,-462.8498434394512,6085
6105,462.8523598032525,-462.8523598032525,6086
6106,462.844995765024,-462.844995765024,6087
6107,462.83528010262506,-462.83528010262506,6088
6108,462.8269898909251,-462.8269898909251,6089
6109,462.82890260918424,-462.82890260918424,6090
6110,463.3078714153925,-463.3078714153925,6091
6111,463.9361481739132,-463.9361481739132,6092
6112,464.6633686055297,-464.6633686055297,6093
6113,464.8073755304437,-464.8073755304437,6094
6114,464.8306426026907,-464.8306426026907,6095
6115,464.859175174266,-464.859175174266,6096
6116,464.89029506616026,-464.89029506616026,6097
6117,464.9412621185983,-464.9412621185983,6098
6118,465.03361224537036,-465.03361224537036,6099
6119,465.10593015007663,-465.10593015007663,6100
6120,465.1574350338697,-465.1574350338697,6101
6121,465.1873715658346,-465.1873715658346,6102
6122,465.20757833894874,-465.20757833894874,6103
6123,465.23210599113406,-465.23210599113406,6104
6124,465.25458736223845,-465.25458736223845,6105
6125,465.2733688272546,-465.2733688272546,6106
6126,465.2935280216664,-465.2935280216664,6107
6127,465.32085438287817,-465.32085438287817,6108
6128,465.32801098687,-465.32801098687,6109
6129,465.3282320760363,-465.3282320760363,6110
6130,465.31731474432274,-465.31731474432274,6111
6131,465.29469057478144,-465.29469057478144,6112
6132,465.2689762387915,-465.2689762387915,6113
6133,465.2500773335066,-465.2500773335066,6114
6134,465.23470605539455,-465.23470605539455,6115
6135,465.2414082777142,-465.2414082777142,6116
6136,465.2514062604188,-465.2514062604188,6117
6137,465.2602034568612,-465.2602034568612,6118
6138,465.2699531860781,-465.2699531860781,6119
6139,465.32010836297314,-465.32010836297314,6120
6140,465.3663306029618,-465.3663306029618,6121
6141,465.4186563355786,-465.4186563355786,6122
6142,465.47616329898983,-465.47616329898983,6123
6143,465.5365492848466,-465.5365492848466,6124
6144,465.597292722576,-465.597292722576,6125
6145,465.6258328637176,-465.6258328637176,6126
6146,465.64660265692584,-465.64660265692584,6127
6147,465.6679762505321,-465.6679762505321,6128
6148,465.6889361866272,-465.6889361866272,6129
6149,465.70699313178653,-465.70699313178653,6130
6150,465.72826843599,-465.72826843599,6131
6151,465.7498510865389,-465.7498510865389,6132
6152,465.75518116660845,-465.75518116660845,6133
6153,465.7594399759022,-465.7594399759022,6134
6154,465.7433467324051,-465.7433467324051,6135
6155,465.72156509732184,-465.72156509732184,6136
6156,465.6951714664241,-465.6951714664241,6137
6157,465.68435673671644,-465.68435673671644,6138
6158,465.68296772197766,-465.68296772197766,6139
6159,465.6874191792302,-465.6874191792302,6140
6160,465.7228682930145,-465.7228682930145,6141
6161,465.74998689080866,-465.74998689080866,6142
6162,465.77024472610543,-465.77024472610543,6143
6163,465.8019126869624,-465.8019126869624,6144
6164,465.83568379258355,-465.83568379258355,6145
6165,465.90127866630206,-465.90127866630206,6146
6166,465.9649662558681,-465.9649662558681,6147
6167,466.00367916276826,-466.00367916276826,6148
6168,466.0692678175607,-466.0692678175607,6149
6169,466.0941714862328,-466.0941714862328,6150
6170,466.11648737753575,-466.11648737753575,6151
6171,466.1399264958553,-466.1399264958553,6152
6172,466.16397693939234,-466.16397693939234,6153
6173,466.18416275288416,-466.18416275288416,6154
6174,466.20767758524073,-466.20767758524073,6155
6175,466.229298599009,-466.229298599009,6156
6176,466.28808544340154,-466.28808544340154,6157
6177,466.7529544013708,-466.7529544013708,6158
6178,467.4327230686014,-467.4327230686014,6159
6179,468.14196374992497,-468.14196374992497,6160
6180,468.65498115697494,-468.65498115697494,6161
6181,468.69220151701165,-468.69220151701165,6162
6182,468.70886184452235,-468.70886184452235,6163
6183,468.7622182807961,-468.7622182807961,6164
6184,468.78763314595597,-468.78763314595597,6165
6185,468.8176730319067,-468.8176730319067,6166
6186,468.84503046473833,-468.84503046473833,6167
6187,468.8661793460818,-468.8661793460818,6168
6188,468.8871164628441,-468.8871164628441,6169
6189,468.91990364356303,-468.91990364356303,6170
6190,468.9693987501132,-468.9693987501132,6171
6191,469.0341860964299,-469.0341860964299,6172
6192,469.0830683029188,-469.0830683029188,6173
6193,469.11578251565214,-469.11578251565214,6174
6194,469.13758079692263,-469.13758079692263,6175
6195,469.1583315813033,-469.1583315813033,6176
6196,469.18232279319926,-469.18232279319926,6177
6197,469.20565103296246,-469.20565103296246,6178
6198,469.22236368328726,-469.22236368328726,6179
6199,469.2399288939949,-469.2399288939949,6180
6200,469.2812016885046,-469.2812016885046,6181
6201,469.285655568846,-469.285655568846,6182
6202,469.27934530975824,-469.27934530975824,6183
6203,469.29174726042555,-469.29174726042555,6184
6204,470.07437870903334,-470.07437870903334,6185
6205,470.0787718314102,-470.0787718314102,6186
6206,470.0567723144346,-470.0567723144346,6187
6207,470.0426455839411,-470.0426455839411,6188
6208,470.04423905963273,-470.04423905963273,6189
6209,470.0494307838996,-470.0494307838996,6190
6210,470.05614404203357,-470.05614404203357,6191
6211,470.0908011555281,-470.0908011555281,6192
6212,470.119740647785,-470.119740647785,6193
6213,470.18779503575223,-470.18779503575223,6194
6214,470.2624294734797,-470.2624294734797,6195
6215,470.3349262707675,-470.3349262707675,6196
6216,470.382680774499,-470.382680774499,6197
6217,470.42685094017503,-470.42685094017503,6198
6218,470.47310338173236,-470.47310338173236,6199
6219,470.4950168504872,-470.4950168504872,6200
6220,470.51809141534375,-470.51809141534375,6201
6221,470.5409681680264,-470.5409681680264,6202
6222,470.5607350325803,-470.5607350325803,6203
6223,470.5810813763173,-470.5810813763173,6204
6224,470.5877778698986,-470.5877778698986,6205
6225,470.92317128615633,-470.92317128615633,6206
6226,471.99211866402266,-471.99211866402266,6207
6227,473.0027820096474,-473.0027820096474,6208
6228,473.3789022060384,-473.3789022060384,6209
6229,473.3769779727794,-473.3769779727794,6210
6230,473.3751608310139,-473.3751608310139,6211
6231,473.3783841832679,-473.3783841832679,6212
6232,473.37982608756846,-473.37982608756846,6213
6233,473.3843942301193,-473.3843942301193,6214
6234,473.3926898418827,-473.3926898418827,6215
6235,473.4522946869084,-473.4522946869084,6216
6236,473.5064426884846,-473.5064426884846,6217
6237,473.5404327421883,-473.5404327421883,6218
6238,473.59421442504157,-473.59421442504157,6219
6239,473.6311600657259,-473.6311600657259,6220
6240,473.6635101242362,-473.6635101242362,6221
6241,473.7151408046805,-473.7151408046805,6222
6242,473.75202472124084,-473.75202472124084,6223
6243,473.7744209532102,-473.7744209532102,6224
6244,473.8000876458757,-473.8000876458757,6225
6245,473.82062219335154,-473.82062219335154,6226
6246,473.83768072322744,-473.83768072322744,6227
6247,473.8630370294978,-473.8630370294978,6228
6248,473.8691261225795,-473.8691261225795,6229
6249,473.879318495152,-473.879318495152,6230
6250,473.89760967395597,-473.89760967395597,6231
6251,474.4037247174355,-474.4037247174355,6232
6252,474.9620247839737,-474.9620247839737,6233
6253,475.5814652775352,-475.5814652775352,6234
6254,476.00333509570567,-476.00333509570567,6235
6255,476.0102144743777,-476.0102144743777,6236
6256,476.0532689233181,-476.0532689233181,6237
6257,476.0859263825808,-476.0859263825808,6238
6258,476.12873488311277,-476.12873488311277,6239
6259,476.1703704336502,-476.1703704336502,6240
6260,476.2083140402145,-476.2083140402145,6241
6261,476.2568172263267,-476.2568172263267,6242
6262,476.31606205416375,-476.31606205416375,6243
6263,476.37327129006485,-476.37327129006485,6244
6264,476.4124369382115,-476.4124369382115,6245
6265,476.44888502703674,-476.44888502703674,6246
6266,476.47067730310704,-476.47067730310704,6247
6267,476.4930786838625,-476.4930786838625,6248
6268,476.51604137443655,-476.51604137443655,6249
6269,476.5356863486908,-476.5356863486908,6250
6270,476.55458081193007,-476.55458081193007,6251
6271,476.5790767862972,-476.5790767862972,6252
6272,476.5822805349951,-476.5822805349951,6253
6273,476.57915927980235,-476.57915927980235,6254
6274,476.566665272638,-476.566665272638,6255
6275,476.55978361331165,-476.55978361331165,6256
6276,476.5548170779016,-476.5548170779016,6257
6277,476.5459617781283,-476.5459617781283,6258
6278,476.53530553408416,-476.53530553408416,6259
6279,476.52225435756867,-476.52225435756867,6260
6280,476.51965554274045,-476.51965554274045,6261
6281,476.520985140267,-476.520985140267,6262
6282,476.52972709959545,-476.52972709959545,6263
6283,476.5571598829517,-476.5571598829517,6264
6284,476.5919729341488,-476.5919729341488,6265
6285,476.6259007554228,-476.6259007554228,6266
6286,476.6577450009211,-476.6577450009211,6267
6287,476.69214295091604,-476.69214295091604,6268
6288,476.7228706571511,-476.7228706571511,6269
6289,476.7462077241673,-476.7462077241673,6270
6290,476.76696178775796,-476.76696178775796,6271
6291,476.7857171783697,-476.7857171783697,6272
6292,476.81292323724614,-476.81292323724614,6273
6293,476.83575209937,-476.83575209937,6274
6294,476.85446847214604,-476.85446847214604,6275
6295,476.8766745739258,-476.8766745739258,6276
6296,476.8856288470071,-476.8856288470071,6277
6297,476.88515632945405,-476.88515632945405,6278
6298,476.8725367101768,-476.8725367101768,6279
6299,476.85181670508535,-476.85181670508535,6280
6300,476.82820691369034,-476.82820691369034,6281
6301,476.8157841835579,-476.8157841835579,6282
6302,476.8098601658999,-476.8098601658999,6283
6303,476.8061921859175,-476.8061921859175,6284
6304,476.8146451901472,-476.8146451901472,6285
6305,476.83903196785695,-476.83903196785695,6286
6306,476.86339724783426,-476.86339724783426,6287
6307,476.89354905643944,-476.89354905643944,6288
6308,476.9200346750417,-476.9200346750417,6289
6309,476.9996685175649,-476.9996685175649,6290
6310,477.0449681716192,-477.0449681716192,6291
6311,477.1017185711499,-477.1017185711499,6292
6312,477.16155259478677,-477.16155259478677,6293
6313,477.19371795116245,-477.19371795116245,6294
6314,477.211307933258,-477.211307933258,6295
6315,477.2363465163951,-477.2363465163951,6296
6316,477.2620136578125,-477.2620136578125,6297
6317,477.28268494867694,-477.28268494867694,6298
6318,477.59746360388465,-477.59746360388465,6299
6319,478.31243439314846,-478.31243439314846,6300
6320,479.0660970592498,-479.0660970592498,6301
6321,479.8792278962743,-479.8792278962743,6302
6322,480.5838222657164,-480.5838222657164,6303
6323,480.9632283720389,-480.9632283720389,6304
6324,480.9595774246306,-480.9595774246306,6305
6325,480.95214127380007,-480.95214127380007,6306
6326,480.94869858590397,-480.94869858590397,6307
6327,480.94510447811905,-480.94510447811905,6308
6328,480.95274357544986,-480.95274357544986,6309
6329,480.96142663250185,-480.96142663250185,6310
6330,480.9638295175847,-480.9638295175847,6311
6331,480.99386866993717,-480.99386866993717,6312
6332,481.0304412555151,-481.0304412555151,6313
6333,481.0751192273938,-481.0751192273938,6314
6334,481.1184484123243,-481.1184484123243,6315
6335,481.1806161518233,-481.1806161518233,6316
6336,481.23057932041013,-481.23057932041013,6317
6337,481.26642424657575,-481.26642424657575,6318
6338,481.2939365661136,-481.2939365661136,6319
6339,481.3128377177879,-481.3128377177879,6320
6340,481.33083791536615,-481.33083791536615,6321
6341,481.35309286739596,-481.35309286739596,6322
6342,481.37397942409626,-481.37397942409626,6323
6343,481.3965424570687,-481.3965424570687,6324
6344,481.41451236171116,-481.41451236171116,6325
6345,481.4857007002045,-481.4857007002045,6326
6346,481.49110887855016,-481.49110887855016,6327
6347,481.4905511461865,-481.4905511461865,6328
6348,481.48509160795425,-481.48509160795425,6329
6349,481.4811642030275,-481.4811642030275,6330
6350,481.47984363590024,-481.47984363590024,6331
6351,481.476383524459,-481.476383524459,6332
6352,481.47919637901197,-481.47919637901197,6333
6353,481.48450504611276,-481.48450504611276,6334
6354,481.51508799520565,-481.51508799520565,6335
6355,481.54883797800306,-481.54883797800306,6336
6356,481.6007902011894,-481.6007902011894,6337
6357,481.66321676594293,-481.66321676594293,6338
6358,481.73729601972445,-481.73729601972445,6339
6359,481.7967474151385,-481.7967474151385,6340
6360,481.85405530225813,-481.85405530225813,6341
6361,481.8888999119682,-481.8888999119682,6342
6362,481.91066105826695,-481.91066105826695,6343
6363,481.9325016761692,-481.9325016761692,6344
6364,481.95601164403286,-481.95601164403286,6345
6365,481.97482719716953,-481.97482719716953,6346
6366,481.99706739930355,-481.99706739930355,6347
6367,482.0182371612289,-482.0182371612289,6348
6368,482.0242847594458,-482.0242847594458,6349
6369,482.02881659424247,-482.02881659424247,6350
6370,482.01924036216536,-482.01924036216536,6351
6371,482.007953094532,-482.007953094532,6352
6372,482.03500159713417,-482.03500159713417,6353
6373,482.0256898194164,-482.0256898194164,6354
6374,482.03004984190596,-482.03004984190596,6355
6375,482.0267318833333,-482.0267318833333,6356
6376,482.04498802403134,-482.04498802403134,6357
6377,482.06146736447,-482.06146736447,6358
6378,482.0799992154445,-482.0799992154445,6359
6379,482.1058966493175,-482.1058966493175,6360
6380,482.13349398294895,-482.13349398294895,6361
6381,482.2325582895105,-482.2325582895105,6362
6382,482.30141902564384,-482.30141902564384,6363
6383,482.3718870406212,-482.3718870406212,6364
6384,482.4057326945132,-482.4057326945132,6365
6385,482.4389667576943,-482.4389667576943,6366
6386,482.4732637407657,-482.4732637407657,6367
6387,482.495662569231,-482.495662569231,6368
6388,482.5192054144952,-482.5192054144952,6369
6389,482.5393273388921,-482.5393273388921,6370
6390,482.55999390789435,-482.55999390789435,6371
6391,482.9193398189344,-482.9193398189344,6372
6392,483.63397746235347,-483.63397746235347,6373
6393,484.274427166881,-484.274427166881,6374
6394,484.27221052096684,-484.27221052096684,6375
6395,484.261568490544,-484.261568490544,6376
6396,484.24823216778856,-484.24823216778856,6377
6397,484.252208422986,-484.252208422986,6378
6398,484.2520563901507,-484.2520563901507,6379
6399,484.25104156955945,-484.25104156955945,6380
6400,484.2863213413147,-484.2863213413147,6381
6401,484.3125708426869,-484.3125708426869,6382
6402,484.3439053147458,-484.3439053147458,6383
6403,484.37175196655556,-484.37175196655556,6384
6404,484.4052758202862,-484.4052758202862,6385
6405,484.45596886062253,-484.45596886062253,6386
6406,484.50458081248576,-484.50458081248576,6387
6407,484.54878374291104,-484.54878374291104,6388
6408,484.6018963441875,-484.6018963441875,6389
6409,484.6482369122948,-484.6482369122948,6390
6410,484.70133765537815,-484.70133765537815,6391
6411,484.72158959971927,-484.72158959971927,6392
6412,484.74082116137293,-484.74082116137293,6393
6413,484.75972723729905,-484.75972723729905,6394
6414,484.7875001274345,-484.7875001274345,6395
6415,484.9998341055648,-484.9998341055648,6396
6416,485.64336568050044,-485.64336568050044,6397
6417,486.1795529551202,-486.1795529551202,6398
6418,487.26744201392825,-487.26744201392825,6399
6419,487.7218781290678,-487.7218781290678,6400
6420,487.72836993325024,-487.72836993325024,6401
6421,487.7446641062677,-487.7446641062677,6402
6422,487.75131267844483,-487.75131267844483,6403
6423,487.7587712691141,-487.7587712691141,6404
6424,487.79878705319857,-487.79878705319857,6405
6425,487.8325538010366,-487.8325538010366,6406
6426,487.8544432051814,-487.8544432051814,6407
6427,487.8850304333245,-487.8850304333245,6408
6428,487.9188710557246,-487.9188710557246,6409
6429,488.009447752056,-488.009447752056,6410
6430,488.1489985124262,-488.1489985124262,6411
6431,488.20053582201086,-488.20053582201086,6412
6432,488.2480185567218,-488.2480185567218,6413
6433,488.28251189240785,-488.28251189240785,6414
6434,488.3074315063612,-488.3074315063612,6415
6435,488.3276202417966,-488.3276202417966,6416
6436,488.35009504063385,-488.35009504063385,6417
6437,488.3679164775422,-488.3679164775422,6418
6438,488.3840020816368,-488.3840020816368,6419
6439,488.4027440384169,-488.4027440384169,6420
6440,488.4735417400145,-488.4735417400145,6421
6441,489.1039054097176,-489.1039054097176,6422
6442,490.0135506109027,-490.0135506109027,6423
6443,491.1108199362026,-491.1108199362026,6424
6444,491.94441641064725,-491.94441641064725,6425
6445,492.0836140781187,-492.0836140781187,6426
6446,492.08796707765356,-492.08796707765356,6427
6447,492.09642749202675,-492.09642749202675,6428
6448,492.1200806772079,-492.1200806772079,6429
6449,492.20033750807534,-492.20033750807534,6430
6450,492.293188934912,-492.293188934912,6431
6451,492.37285026892096,-492.37285026892096,6432
6452,492.43038559799373,-492.43038559799373,6433
6453,492.5007601360567,-492.5007601360567,6434
6454,492.5914507591839,-492.5914507591839,6435
6455,492.6540235722042,-492.6540235722042,6436
6456,492.6883949582397,-492.6883949582397,6437
6457,492.7232108940775,-492.7232108940775,6438
6458,492.74707212103544,-492.74707212103544,6439
6459,492.7704539967139,-492.7704539967139,6440
6460,492.7933325421554,-492.7933325421554,6441
6461,492.81225574681457,-492.81225574681457,6442
6462,492.82994419758774,-492.82994419758774,6443
6463,493.1058326211157,-493.1058326211157,6444
6464,493.80281496686166,-493.80281496686166,6445
6465,494.39202554735675,-494.39202554735675,6446
6466,494.58369866600526,-494.58369866600526,6447
6467,494.62195964067195,-494.62195964067195,6448
6468,494.6283662035986,-494.6283662035986,6449
6469,494.62314178547956,-494.62314178547956,6450
6470,494.61566563102576,-494.61566563102576,6451
6471,494.61456310310103,-494.61456310310103,6452
6472,494.6384690578445,-494.6384690578445,6453
6473,494.70952873796267,-494.70952873796267,6454
6474,494.7741727504565,-494.7741727504565,6455
6475,494.8312816237136,-494.8312816237136,6456
6476,494.894351888762,-494.894351888762,6457
6477,494.98321908821066,-494.98321908821066,6458
6478,495.0635576184111,-495.0635576184111,6459
6479,495.1515776166124,-495.1515776166124,6460
6480,495.220844494448,-495.220844494448,6461
6481,495.24575851909793,-495.24575851909793,6462
6482,495.26603571992325,-495.26603571992325,6463
6483,495.28788233774605,-495.28788233774605,6464
6484,495.31060784538863,-495.31060784538863,6465
6485,495.32585016229405,-495.32585016229405,6466
6486,495.3466924414397,-495.3466924414397,6467
6487,495.36970059839206,-495.36970059839206,6468
6488,495.41337984971824,-495.41337984971824,6469
6489,495.42388353303613,-495.42388353303613,6470
6490,495.4854619775301,-495.4854619775301,6471
6491,495.48447026014776,-495.48447026014776,6472
6492,495.5458288713183,-495.5458288713183,6473
6493,495.5500087941471,-495.5500087941471,6474
6494,495.552316169398,-495.552316169398,6475
6495,495.5526844273855,-495.5526844273855,6476
6496,495.5614575293923,-495.5614575293923,6477
6497,495.58035963568324,-495.58035963568324,6478
6498,495.6307061086242,-495.6307061086242,6479
6499,495.67539775094895,-495.67539775094895,6480
6500,495.73949503895835,-495.73949503895835,6481
6501,495.8270901141406,-495.8270901141406,6482
6502,495.8951507777278,-495.8951507777278,6483
6503,495.9396534584238,-495.9396534584238,6484
6504,495.9729124418745,-495.9729124418745,6485
6505,496.00978108668534,-496.00978108668534,6486
6506,496.0466856854297,-496.0466856854297,6487
6507,496.0706406850919,-496.0706406850919,6488
6508,496.09570218703374,-496.09570218703374,6489
6509,496.11557179618126,-496.11557179618126,6490
6510,496.13860802427286,-496.13860802427286,6491
6511,496.1666133475097,-496.1666133475097,6492
6512,496.19709746038455,-496.19709746038455,6493
6513,496.2025196045213,-496.2025196045213,6494
6514,496.2044370734854,-496.2044370734854,6495
6515,496.21447366469016,-496.21447366469016,6496
6516,496.22016376641375,-496.22016376641375,6497
6517,496.2252960661944,-496.2252960661944,6498
6518,496.52746908566314,-496.52746908566314,6499
6519,496.5342577992879,-496.5342577992879,6500
6520,496.5629131967832,-496.5629131967832,6501
6521,496.60342258549224,-496.60342258549224,6502
6522,496.6542114173603,-496.6542114173603,6503
6523,496.7453488672362,-496.7453488672362,6504
6524,496.8211249251867,-496.8211249251867,6505
6525,496.88847934758905,-496.88847934758905,6506
6526,496.96764016631533,-496.96764016631533,6507
6527,497.04048260767973,-497.04048260767973,6508
6528,497.08735965323143,-497.08735965323143,6509
6529,497.1222485865555,-497.1222485865555,6510
6530,497.144051659107,-497.144051659107,6511
6531,497.16594480625605,-497.16594480625605,6512
6532,497.1889414425188,-497.1889414425188,6513
6533,497.3093499512548,-497.3093499512548,6514
6534,497.9409850531355,-497.9409850531355,6515
6535,498.59568510853285,-498.59568510853285,6516
6536,498.76162653731785,-498.76162653731785,6517
6537,498.7641016504478,-498.7641016504478,6518
6538,498.753565301201,-498.753565301201,6519
6539,498.73635060257664,-498.73635060257664,6520
6540,498.74005480711793,-498.74005480711793,6521
6541,498.72039243297985,-498.72039243297985,6522
6542,498.7149773871426,-498.7149773871426,6523
6543,498.7030332811887,-498.7030332811887,6524
6544,498.70249261205214,-498.70249261205214,6525
6545,498.7064138750025,-498.7064138750025,6526
6546,498.72530354553135,-498.72530354553135,6527
6547,498.7508030278045,-498.7508030278045,6528
6548,498.776808539824,-498.776808539824,6529
6549,498.8790868834695,-498.8790868834695,6530
6550,498.94959829366695,-498.94959829366695,6531
6551,499.0173922224933,-499.0173922224933,6532
6552,499.05125397768876,-499.05125397768876,6533
6553,499.0845301930901,-499.0845301930901,6534
6554,499.1286984238424,-499.1286984238424,6535
6555,499.1582582718909,-499.1582582718909,6536
6556,499.1791604927579,-499.1791604927579,6537
6557,499.2013027955707,-499.2013027955707,6538
6558,499.2251538995547,-499.2251538995547,6539
6559,499.2483905350394,-499.2483905350394,6540
6560,499.2646783183494,-499.2646783183494,6541
6561,499.2688933059064,-499.2688933059064,6542
6562,499.25997801857784,-499.25997801857784,6543
6563,499.24955551753425,-499.24955551753425,6544
6564,499.22813857514444,-499.22813857514444,6545
6565,499.210359019486,-499.210359019486,6546
6566,499.20124029877024,-499.20124029877024,6547
6567,499.19950729769397,-499.19950729769397,6548
6568,499.20584578878976,-499.20584578878976,6549
6569,499.2142619692807,-499.2142619692807,6550
6570,499.2606852642282,-499.2606852642282,6551
6571,499.3067506788622,-499.3067506788622,6552
6572,499.355938565361,-499.355938565361,6553
6573,499.4113320635625,-499.4113320635625,6554
6574,499.4703443849498,-499.4703443849498,6555
6575,499.5275189068929,-499.5275189068929,6556
6576,499.57381366204635,-499.57381366204635,6557
6577,499.6108495915315,-499.6108495915315,6558
6578,499.63427785351143,-499.63427785351143,6559
6579,499.6561805189523,-499.6561805189523,6560
6580,499.6781770317377,-499.6781770317377,6561
6581,499.6987377921565,-499.6987377921565,6562
6582,499.7179657862559,-499.7179657862559,6563
6583,499.76821445450327,-499.76821445450327,6564
6584,499.8443116424835,-499.8443116424835,6565
6585,499.8945874684134,-499.8945874684134,6566
6586,499.94075915870366,-499.94075915870366,6567
6587,500.00895587816683,-500.00895587816683,6568
6588,500.02232446010254,-500.02232446010254,6569
6589,500.05563952741886,-500.05563952741886,6570
6590,500.0648889955747,-500.0648889955747,6571
6591,500.07193590141543,-500.07193590141543,6572
6592,500.1203441084635,-500.1203441084635,6573
6593,500.18696217468255,-500.18696217468255,6574
6594,500.25927684738167,-500.25927684738167,6575
6595,500.32169257332157,-500.32169257332157,6576
6596,500.3841601137453,-500.3841601137453,6577
6597,500.47483959713963,-500.47483959713963,6578
6598,500.55200988298657,-500.55200988298657,6579
6599,500.627087327138,-500.627087327138,6580
6600,500.67293072438105,-500.67293072438105,6581
6601,500.71555919591395,-500.71555919591395,6582
6602,500.75454351677877,-500.75454351677877,6583
6603,500.7747717486431,-500.7747717486431,6584
6604,500.7974358253383,-500.7974358253383,6585
6605,500.8211132591801,-500.8211132591801,6586
6606,500.8400045458044,-500.8400045458044,6587
6607,500.85944899704805,-500.85944899704805,6588
6608,500.867096059848,-500.867096059848,6589
6609,500.8757771768416,-500.8757771768416,6590
6610,500.864041621491,-500.864041621491,6591
6611,501.3571058675468,-501.3571058675468,6592
6612,501.4539022532937,-501.4539022532937,6593
6613,501.4514975606136,-501.4514975606136,6594
6614,501.4534949905901,-501.4534949905901,6595
6615,501.45719043608403,-501.45719043608403,6596
6616,501.4608697833992,-501.4608697833992,6597
6617,501.46739442506197,-501.46739442506197,6598
6618,501.5193268720332,-501.5193268720332,6599
6619,501.5629894839626,-501.5629894839626,6600
6620,501.653224620151,-501.653224620151,6601
6621,501.68828315892307,-501.68828315892307,6602
6622,501.7321922321168,-501.7321922321168,6603
6623,501.7873950190196,-501.7873950190196,6604
6624,501.82130411891734,-501.82130411891734,6605
6625,501.8546504942997,-501.8546504942997,6606
6626,501.88995557258534,-501.88995557258534,6607
6627,501.91077600701317,-501.91077600701317,6608
6628,501.933762761445,-501.933762761445,6609
6629,501.9543813849241,-501.9543813849241,6610
6630,501.975221756392,-501.975221756392,6611
6631,501.9948750766023,-501.9948750766023,6612
6632,502.04458413445246,-502.04458413445246,6613
6633,502.0763418964952,-502.0763418964952,6614
6634,502.0873883860672,-502.0873883860672,6615
6635,502.0986527305913,-502.0986527305913,6616
6636,502.1086349860905,-502.1086349860905,6617
6637,502.13722169663635,-502.13722169663635,6618
6638,502.16478826318047,-502.16478826318047,6619
6639,502.19273166077517,-502.19273166077517,6620
6640,502.2009172487551,-502.2009172487551,6621
6641,502.21454598141804,-502.21454598141804,6622
6642,502.26976124627174,-502.26976124627174,6623
6643,502.3069865194443,-502.3069865194443,6624
6644,502.36307973001976,-502.36307973001976,6625
6645,502.45268004661335,-502.45268004661335,6626
6646,502.52776276416097,-502.52776276416097,6627
6647,502.6063470158586,-502.6063470158586,6628
6648,502.6537366977248,-502.6537366977248,6629
6649,502.68966602209093,-502.68966602209093,6630
6650,502.7109245199477,-502.7109245199477,6631
6651,502.73115971554074,-502.73115971554074,6632
6652,502.7555354589606,-502.7555354589606,6633
6653,502.77361715483244,-502.77361715483244,6634
6654,502.79533292422474,-502.79533292422474,6635
6655,502.8163403104389,-502.8163403104389,6636
6656,502.8511376356612,-502.8511376356612,6637
6657,502.9042131811996,-502.9042131811996,6638
6658,502.9737896098805,-502.9737896098805,6639
6659,503.0023400424481,-503.0023400424481,6640
6660,503.0325955023445,-503.0325955023445,6641
6661,503.0638149709883,-503.0638149709883,6642
6662,503.10775049741113,-503.10775049741113,6643
6663,503.1601497310507,-503.1601497310507,6644
6664,503.1898137348634,-503.1898137348634,6645
6665,503.22309564644263,-503.22309564644263,6646
6666,503.2639266387745,-503.2639266387745,6647
6667,503.3200608440382,-503.3200608440382,6648
6668,503.3956809859101,-503.3956809859101,6649
6669,503.4588530138391,-503.4588530138391,6650
6670,503.51845636287703,-503.51845636287703,6651
6671,503.5805259604097,-503.5805259604097,6652
6672,503.6341834861865,-503.6341834861865,6653
6673,503.6814760574139,-503.6814760574139,6654
6674,503.7048250325497,-503.7048250325497,6655
6675,503.7255808213262,-503.7255808213262,6656
6676,503.7478615719025,-503.7478615719025,6657
6677,503.76748928530276,-503.76748928530276,6658
6678,503.78962100434245,-503.78962100434245,6659
6679,503.81178552774344,-503.81178552774344,6660
6680,503.84103977767285,-503.84103977767285,6661
6681,503.8813296076997,-503.8813296076997,6662
6682,503.89397726788684,-503.89397726788684,6663
6683,503.9037602167605,-503.9037602167605,6664
6684,503.9207325653165,-503.9207325653165,6665
6685,503.94470872089045,-503.94470872089045,6666
6686,503.97236524553,-503.97236524553,6667
6687,503.98951809493246,-503.98951809493246,6668
6688,503.9987774450882,-503.9987774450882,6669
6689,504.0114955911559,-504.0114955911559,6670
6690,504.03487054623844,-504.03487054623844,6671
6691,504.08391359581253,-504.08391359581253,6672
6692,504.18444276917,-504.18444276917,6673
6693,504.2860289161923,-504.2860289161923,6674
6694,504.35328214824756,-504.35328214824756,6675
6695,504.42945264473383,-504.42945264473383,6676
6696,504.4680753150192,-504.4680753150192,6677
6697,504.50080311687174,-504.50080311687174,6678
6698,504.5210217086737,-504.5210217086737,6679
6699,504.5443646944958,-504.5443646944958,6680
6700,504.56977441589044,-504.56977441589044,6681
6701,504.5905795783017,-504.5905795783017,6682
6702,504.61036356631877,-504.61036356631877,6683
6703,504.6348103906328,-504.6348103906328,6684
6704,504.6836747777041,-504.6836747777041,6685
6705,504.7130237194583,-504.7130237194583,6686
6706,504.70861398010913,-504.70861398010913,6687
6707,504.6976985853307,-504.6976985853307,6688
6708,504.68928767386717,-504.68928767386717,6689
6709,504.6745042949673,-504.6745042949673,6690
6710,504.6671896035262,-504.6671896035262,6691
6711,504.6602087634938,-504.6602087634938,6692
6712,504.7241601711781,-504.7241601711781,6693
6713,504.7747382642446,-504.7747382642446,6694
6714,504.82029075611723,-504.82029075611723,6695
6715,504.8606052109137,-504.8606052109137,6696
6716,504.9055789263191,-504.9055789263191,6697
6717,504.9666581098238,-504.9666581098238,6698
6718,505.0403256490788,-505.0403256490788,6699
6719,505.08566817936537,-505.08566817936537,6700
6720,505.13668483797983,-505.13668483797983,6701
6721,505.1808390510487,-505.1808390510487,6702
6722,505.2286843349329,-505.2286843349329,6703
6723,505.2515414935162,-505.2515414935162,6704
6724,505.27283148291275,-505.27283148291275,6705
6725,505.29587660198155,-505.29587660198155,6706
6726,505.3161019435223,-505.3161019435223,6707
6727,505.35471232243594,-505.35471232243594,6708
6728,505.37099562432013,-505.37099562432013,6709
6729,505.37827917573406,-505.37827917573406,6710
6730,505.3716038336255,-505.3716038336255,6711
6731,505.3624377773547,-505.3624377773547,6712
6732,505.3460167960091,-505.3460167960091,6713
6733,505.3324621114319,-505.3324621114319,6714
6734,505.3250797768655,-505.3250797768655,6715
6735,505.3172357227237,-505.3172357227237,6716
6736,505.3407335300474,-505.3407335300474,6717
6737,505.3578427239959,-505.3578427239959,6718
6738,505.3925698431846,-505.3925698431846,6719
6739,505.44030767687354,-505.44030767687354,6720
6740,505.5164190171539,-505.5164190171539,6721
6741,505.57278439574645,-505.57278439574645,6722
6742,505.6503534763148,-505.6503534763148,6723
6743,505.7227404188979,-505.7227404188979,6724
6744,505.7691538037064,-505.7691538037064,6725
6745,505.806214279965,-505.806214279965,6726
6746,505.8295609096971,-505.8295609096971,6727
6747,505.85143491592527,-505.85143491592527,6728
6748,505.87333520248086,-505.87333520248086,6729
6749,505.8938689058851,-505.8938689058851,6730
6750,505.9131820214625,-505.9131820214625,6731
6751,505.9633578683738,-505.9633578683738,6732
6752,506.03927449318826,-506.03927449318826,6733
6753,506.59651626413705,-506.59651626413705,6734
6754,507.3290127109489,-507.3290127109489,6735
6755,507.80655969530727,-507.80655969530727,6736
6756,508.6423177086872,-508.6423177086872,6737
6757,508.98279750668263,-508.98279750668263,6738
6758,509.08371551721405,-509.08371551721405,6739
6759,509.5675179856209,-509.5675179856209,6740
6760,509.60842849155614,-509.60842849155614,6741
6761,509.64180141922225,-509.64180141922225,6742
6762,509.7141224243709,-509.7141224243709,6743
6763,509.7766215480839,-509.7766215480839,6744
6764,509.8390279014935,-509.8390279014935,6745
6765,509.929835161774,-509.929835161774,6746
6766,510.0071058070245,-510.0071058070245,6747
6767,510.08218325117593,-510.08218325117593,6748
6768,510.1473037178258,-510.1473037178258,6749
6769,510.16700836942266,-510.16700836942266,6750
6770,510.18879965662904,-510.18879965662904,6751
6771,510.2111118625201,-510.2111118625201,6752
6772,510.23592633644085,-510.23592633644085,6753
6773,510.2558902333395,-510.2558902333395,6754
6774,510.27412432435614,-510.27412432435614,6755
6775,510.29193307768446,-510.29193307768446,6756
6776,510.42260312132123,-510.42260312132123,6757
6777,510.4416487936334,-510.4416487936334,6758
6778,510.4489531585515,-510.4489531585515,6759
6779,510.4521328660611,-510.4521328660611,6760
6780,510.4547512662983,-510.4547512662983,6761
6781,510.45954140695704,-510.45954140695704,6762
6782,510.46625936785887,-510.46625936785887,6763
6783,510.492107841158,-510.492107841158,6764
6784,510.52655853293857,-510.52655853293857,6765
6785,510.5458624877954,-510.5458624877954,6766
6786,510.58008125215974,-510.58008125215974,6767
6787,510.62635206319186,-510.62635206319186,6768
6788,510.7124082595393,-510.7124082595393,6769
6789,510.7921867299147,-510.7921867299147,6770
6790,510.88310940215655,-510.88310940215655,6771
6791,510.98801395591164,-510.98801395591164,6772
6792,511.0405137513753,-511.0405137513753,6773
6793,511.06696687646786,-511.06696687646786,6774
6794,511.0897989525985,-511.0897989525985,6775
6795,511.1116221590363,-511.1116221590363,6776
6796,511.1370758451553,-511.1370758451553,6777
6797,511.155471542029,-511.155471542029,6778
6798,511.17586654901515,-511.17586654901515,6779
6799,511.19907403934343,-511.19907403934343,6780
6800,511.2258763165861,-511.2258763165861,6781
6801,511.2332352019551,-511.2332352019551,6782
6802,511.228230314384,-511.228230314384,6783
6803,511.2161673182104,-511.2161673182104,6784
6804,511.2030421695849,-511.2030421695849,6785
6805,511.2101885133291,-511.2101885133291,6786
6806,511.2096093311775,-511.2096093311775,6787
6807,511.20820357563844,-511.20820357563844,6788
6808,511.216589000253,-511.216589000253,6789
6809,511.22598179041916,-511.22598179041916,6790
6810,511.4195780328851,-511.4195780328851,6791
6811,511.4914521643139,-511.4914521643139,6792
6812,511.6523274805101,-511.6523274805101,6793
6813,511.7755054327406,-511.7755054327406,6794
6814,511.89681191563704,-511.89681191563704,6795
6815,511.9787047563379,-511.9787047563379,6796
6816,512.0526121812285,-512.0526121812285,6797
6817,512.0806328868304,-512.0806328868304,6798
6818,512.1045114649908,-512.1045114649908,6799
6819,512.1290217639853,-512.1290217639853,6800
6820,512.150972896046,-512.150972896046,6801
6821,512.1719645615918,-512.1719645615918,6802
6822,512.1916393677732,-512.1916393677732,6803
6823,512.2167989762866,-512.2167989762866,6804
6824,512.2826234554017,-512.2826234554017,6805
6825,512.3268118981101,-512.3268118981101,6806
6826,512.3310121868909,-512.3310121868909,6807
6827,512.3580068268532,-512.3580068268532,6808
6828,512.3677157068552,-512.3677157068552,6809
6829,512.4135510979356,-512.4135510979356,6810
6830,512.4535924488318,-512.4535924488318,6811
6831,512.5017750176225,-512.5017750176225,6812
6832,512.5875592597952,-512.5875592597952,6813
6833,512.6290741407632,-512.6290741407632,6814
6834,512.7710525838594,-512.7710525838594,6815
6835,512.8615365522824,-512.8615365522824,6816
6836,512.9712287964816,-512.9712287964816,6817
6837,513.0496919271412,-513.0496919271412,6818
6838,513.1135273763342,-513.1135273763342,6819
6839,513.1731524320171,-513.1731524320171,6820
6840,513.2397655452614,-513.2397655452614,6821
6841,513.2714571006001,-513.2714571006001,6822
6842,513.2937799543795,-513.2937799543795,6823
6843,513.3156348826176,-513.3156348826176,6824
6844,513.3375106700684,-513.3375106700684,6825
6845,513.3581543121426,-513.3581543121426,6826
6846,513.3783640104725,-513.3783640104725,6827
6847,513.4037458338864,-513.4037458338864,6828
6848,513.4553358158986,-513.4553358158986,6829
6849,513.4650732020814,-513.4650732020814,6830
6850,513.4597081022839,-513.4597081022839,6831
6851,513.4585537526907,-513.4585537526907,6832
6852,513.4500228517999,-513.4500228517999,6833
6853,513.4467782854123,-513.4467782854123,6834
6854,513.4400681680814,-513.4400681680814,6835
6855,513.4371987007415,-513.4371987007415,6836
6856,513.4780590715085,-513.4780590715085,6837
6857,513.5262633466647,-513.5262633466647,6838
6858,513.6112725311806,-513.6112725311806,6839
6859,513.6855356702972,-513.6855356702972,6840
6860,513.7814821787567,-513.7814821787567,6841
6861,513.892937532071,-513.892937532071,6842
6862,514.0008914039512,-514.0008914039512,6843
6863,514.1073690045988,-514.1073690045988,6844
6864,514.1563040338806,-514.1563040338806,6845
6865,514.1937157691078,-514.1937157691078,6846
6866,514.230609163516,-514.230609163516,6847
6867,514.2566371704172,-514.2566371704172,6848
6868,514.278571767604,-514.278571767604,6849
6869,514.2978838485038,-514.2978838485038,6850
6870,514.3169619042808,-514.3169619042808,6851
6871,514.3374871682315,-514.3374871682315,6852
6872,514.3728285522357,-514.3728285522357,6853
6873,514.3864088062888,-514.3864088062888,6854
6874,514.3911194629967,-514.3911194629967,6855
6875,514.3864615772807,-514.3864615772807,6856
6876,514.3900801172299,-514.3900801172299,6857
6877,515.0254914996459,-515.0254914996459,6858
6878,515.2594793671589,-515.2594793671589,6859
6879,515.2640509943138,-515.2640509943138,6860
6880,515.3461880679552,-515.3461880679552,6861
6881,515.421682145742,-515.421682145742,6862
6882,515.502766832015,-515.502766832015,6863
6883,515.5928645212409,-515.5928645212409,6864
6884,515.6935121408136,-515.6935121408136,6865
6885,515.7980647188617,-515.7980647188617,6866
6886,515.8573193634489,-515.8573193634489,6867
6887,515.9156753502583,-515.9156753502583,6868
6888,515.9667150088436,-515.9667150088436,6869
6889,516.0037027850326,-516.0037027850326,6870
6890,516.0375046333345,-516.0375046333345,6871
6891,516.0771052903515,-516.0771052903515,6872
6892,516.1016860911022,-516.1016860911022,6873
6893,516.1205091667305,-516.1205091667305,6874
6894,516.1415951529267,-516.1415951529267,6875
6895,516.5417663727982,-516.5417663727982,6876
6896,517.2177927404402,-517.2177927404402,6877
6897,517.6916379099375,-517.6916379099375,6878
6898,517.7651194826543,-517.7651194826543,6879
6899,517.8323289732987,-517.8323289732987,6880
6900,517.8837433563066,-517.8837433563066,6881
6901,518.8149604330572,-518.8149604330572,6882
6902,519.5674532966842,-519.5674532966842,6883
6903,520.3054147675341,-520.3054147675341,6884
6904,520.454883792763,-520.454883792763,6885
6905,520.5219939668234,-520.5219939668234,6886
6906,520.6042730443827,-520.6042730443827,6887
6907,520.7113276523567,-520.7113276523567,6888
6908,520.8230893995794,-520.8230893995794,6889
6909,520.888739712412,-520.888739712412,6890
6910,520.9534125048734,-520.9534125048734,6891
6911,521.032111728402,-521.032111728402,6892
6912,521.083602979961,-521.083602979961,6893
6913,521.1252499992445,-521.1252499992445,6894
6914,521.1654490517041,-521.1654490517041,6895
6915,521.185639910961,-521.185639910961,6896
6916,521.2056259592637,-521.2056259592637,6897
6917,521.2230457474312,-521.2230457474312,6898
6918,521.2433376831037,-521.2433376831037,6899
6919,521.2675507924574,-521.2675507924574,6900
6920,521.3378617290751,-521.3378617290751,6901
6921,521.3503961775587,-521.3503961775587,6902
6922,521.3493892947137,-521.3493892947137,6903
6923,521.3427032686167,-521.3427032686167,6904
6924,521.3346496884985,-521.3346496884985,6905
6925,521.3409579589954,-521.3409579589954,6906
6926,521.3560905614733,-521.3560905614733,6907
6927,521.3720661232664,-521.3720661232664,6908
6928,521.4484292929451,-521.4484292929451,6909
6929,521.5024880606547,-521.5024880606547,6910
6930,521.5647467776591,-521.5647467776591,6911
6931,521.6384854319298,-521.6384854319298,6912
6932,521.7201966470918,-521.7201966470918,6913
6933,521.7838017402469,-521.7838017402469,6914
6934,521.8704644216069,-521.8704644216069,6915
6935,521.9277836234409,-521.9277836234409,6916
6936,521.9538706303895,-521.9538706303895,6917
6937,521.9794154930266,-521.9794154930266,6918
6938,521.9991074829529,-521.9991074829529,6919
6939,522.0230555988835,-522.0230555988835,6920
6940,522.0444887395528,-522.0444887395528,6921
6941,522.0637107727182,-522.0637107727182,6922
6942,522.0842885091649,-522.0842885091649,6923
6943,522.1314376297527,-522.1314376297527,6924
6944,522.1604801739682,-522.1604801739682,6925
6945,522.171594507683,-522.171594507683,6926
6946,522.177673746604,-522.177673746604,6927
6947,522.4709985666537,-522.4709985666537,6928
6948,523.0691592064923,-523.0691592064923,6929
6949,523.7005626651534,-523.7005626651534,6930
6950,524.3465620306895,-524.3465620306895,6931
6951,524.7415126221562,-524.7415126221562,6932
6952,524.8164089503085,-524.8164089503085,6933
6953,524.8923548338264,-524.8923548338264,6934
6954,524.9418807432795,-524.9418807432795,6935
6955,525.0872201541065,-525.0872201541065,6936
6956,525.1987288555626,-525.1987288555626,6937
6957,525.281878878095,-525.281878878095,6938
6958,525.3617066618259,-525.3617066618259,6939
6959,525.4392690090439,-525.4392690090439,6940
6960,525.490757683066,-525.490757683066,6941
6961,525.5135680129341,-525.5135680129341,6942
6962,525.5348558565047,-525.5348558565047,6943
6963,525.5546386585504,-525.5546386585504,6944
6964,525.5801016770872,-525.5801016770872,6945
6965,525.599833762551,-525.599833762551,6946
6966,525.6202942177771,-525.6202942177771,6947
6967,525.6453832065023,-525.6453832065023,6948
6968,525.6790067648437,-525.6790067648437,6949
6969,525.685571810863,-525.685571810863,6950
6970,525.6824753215806,-525.6824753215806,6951
6971,525.6720390326898,-525.6720390326898,6952
6972,525.6604952061147,-525.6604952061147,6953
6973,525.6660746829186,-525.6660746829186,6954
6974,525.656421495652,-525.656421495652,6955
6975,525.6473946070035,-525.6473946070035,6956
6976,525.6745187158671,-525.6745187158671,6957
6977,525.7075286415854,-525.7075286415854,6958
6978,525.9283545440859,-525.9283545440859,6959
6979,526.0077553762153,-526.0077553762153,6960
6980,526.1468972176458,-526.1468972176458,6961
6981,526.3174162416295,-526.3174162416295,6962
6982,526.4229266261508,-526.4229266261508,6963
6983,526.5089882394121,-526.5089882394121,6964
6984,526.587570326552,-526.587570326552,6965
6985,526.6176640101547,-526.6176640101547,6966
6986,526.6399615876471,-526.6399615876471,6967
6987,526.6618431852208,-526.6618431852208,6968
6988,526.6842778871517,-526.6842778871517,6969
6989,526.7078354079672,-526.7078354079672,6970
6990,526.7269500637399,-526.7269500637399,6971
6991,526.7478847448706,-526.7478847448706,6972
6992,526.7963300977808,-526.7963300977808,6973
6993,526.8933516787097,-526.8933516787097,6974
6994,527.4694776901613,-527.4694776901613,6975
6995,528.1338492898466,-528.1338492898466,6976
6996,528.5916863074449,-528.5916863074449,6977
6997,528.6493976671526,-528.6493976671526,6978
6998,528.6481274089556,-528.6481274089556,6979
6999,528.6438062993119,-528.6438062993119,6980
7000,528.6862286481319,-528.6862286481319,6981
7001,528.731657435635,-528.731657435635,6982
7002,528.8557467968952,-528.8557467968952,6983
7003,528.9159494814719,-528.9159494814719,6984
7004,529.0149954899894,-529.0149954899894,6985
7005,529.0969781992643,-529.0969781992643,6986
7006,529.16968983919,-529.16968983919,6987
7007,529.2548854048429,-529.2548854048429,6988
7008,529.3236085639752,-529.3236085639752,6989
7009,529.3573698232202,-529.3573698232202,6990
7010,529.3963347971194,-529.3963347971194,6991
7011,529.4322620796986,-529.4322620796986,6992
7012,529.4531645011581,-529.4531645011581,6993
7013,529.4713603977884,-529.4713603977884,6994
7014,529.4897275433005,-529.4897275433005,6995
7015,529.5077987366044,-529.5077987366044,6996
7016,529.5616572496714,-529.5616572496714,6997
7017,529.6116702709945,-529.6116702709945,6998
7018,529.6238143219164,-529.6238143219164,6999
7019,529.6299195846451,-529.6299195846451,7000
7020,529.6256521466652,-529.6256521466652,7001
7021,529.6204016948086,-529.6204016948086,7002
7022,529.6179106230489,-529.6179106230489,7003
7023,529.6143834568456,-529.6143834568456,7004
7024,529.6804184128282,-529.6804184128282,7005
7025,529.7394925363009,-529.7394925363009,7006
7026,529.7852085420105,-529.7852085420105,7007
7027,529.8254815536096,-529.8254815536096,7008
7028,529.9275830280891,-529.9275830280891,7009
7029,530.0062705067965,-530.0062705067965,7010
7030,530.0857249655888,-530.0857249655888,7011
7031,530.1525335196458,-530.1525335196458,7012
7032,530.1847468440463,-530.1847468440463,7013
7033,530.2082096594049,-530.2082096594049,7014
7034,530.2269720709654,-530.2269720709654,7015
7035,530.2472881332931,-530.2472881332931,7016
7036,530.2728532558044,-530.2728532558044,7017
7037,530.290930918482,-530.290930918482,7018
7038,530.3127884960228,-530.3127884960228,7019
7039,530.3311341127029,-530.3311341127029,7020
7040,530.4251468750347,-530.4251468750347,7021
7041,530.4355646814605,-530.4355646814605,7022
7042,530.4391434720244,-530.4391434720244,7023
7043,530.4391414122539,-530.4391414122539,7024
7044,530.4430491659047,-530.4430491659047,7025
7045,531.0605951473941,-531.0605951473941,7026
7046,531.2954843471574,-531.2954843471574,7027
7047,531.2942043131968,-531.2942043131968,7028
7048,531.3572820266497,-531.3572820266497,7029
7049,531.4199881299428,-531.4199881299428,7030
7050,531.4775679127416,-531.4775679127416,7031
7051,531.5319000970461,-531.5319000970461,7032
7052,531.6095938323965,-531.6095938323965,7033
7053,531.6739102806854,-531.6739102806854,7034
7054,531.7496434941963,-531.7496434941963,7035
7055,531.816312608022,-531.816312608022,7036
7056,531.8542570344894,-531.8542570344894,7037
7057,531.895796518477,-531.895796518477,7038
7058,531.9259178984765,-531.9259178984765,7039
7059,531.9467731464222,-531.9467731464222,7040
7060,531.9655823072225,-531.9655823072225,7041
7061,531.9856824640424,-531.9856824640424,7042
7062,532.0035823527508,-532.0035823527508,7043
7063,532.0649794477469,-532.0649794477469,7044
7064,532.1446952510665,-532.1446952510665,7045
7065,532.1766690658797,-532.1766690658797,7046
7066,532.1830677693359,-532.1830677693359,7047
7067,532.1956294749336,-532.1956294749336,7048
7068,532.2035395070722,-532.2035395070722,7049
7069,533.1228650751556,-533.1228650751556,7050
7070,533.7788088638739,-533.7788088638739,7051
7071,534.3069671373942,-534.3069671373942,7052
7072,534.3860156251174,-534.3860156251174,7053
7073,534.4504861686816,-534.4504861686816,7054
7074,534.5169301473668,-534.5169301473668,7055
7075,534.6169647077091,-534.6169647077091,7056
7076,534.701335348999,-534.701335348999,7057
7077,534.7937300808236,-534.7937300808236,7058
7078,534.9298110098163,-534.9298110098163,7059
7079,535.0063646371713,-535.0063646371713,7060
7080,535.0579777310788,-535.0579777310788,7061
7081,535.1022282791827,-535.1022282791827,7062
7082,535.1469380227014,-535.1469380227014,7063
7083,535.1791299521878,-535.1791299521878,7064
7084,535.198676351042,-535.198676351042,7065
7085,535.2167031073542,-535.2167031073542,7066
7086,535.2362765070401,-535.2362765070401,7067
7087,535.254423716193,-535.254423716193,7068
7088,535.3282880747705,-535.3282880747705,7069
7089,535.3940748368839,-535.3940748368839,7070
7090,535.4178713282239,-535.4178713282239,7071
7091,535.4663044966296,-535.4663044966296,7072
7092,535.5298633077961,-535.5298633077961,7073
7093,535.5664869877064,-535.5664869877064,7074
7094,535.6557024124857,-535.6557024124857,7075
7095,535.6987605112876,-535.6987605112876,7076
7096,535.8053674436125,-535.8053674436125,7077
7097,535.8813331074838,-535.8813331074838,7078
7098,535.9334874421997,-535.9334874421997,7079
7099,535.9994176750513,-535.9994176750513,7080
7100,536.0709093513466,-536.0709093513466,7081
7101,536.1448904981946,-536.1448904981946,7082
7102,536.2534095219231,-536.2534095219231,7083
7103,536.3544669582745,-536.3544669582745,7084
7104,536.4086496415712,-536.4086496415712,7085
7105,536.4321544337836,-536.4321544337836,7086
7106,536.4566232678411,-536.4566232678411,7087
7107,536.4763253000295,-536.4763253000295,7088
7108,536.499128778375,-536.499128778375,7089
7109,536.5186160057004,-536.5186160057004,7090
7110,536.5376875247924,-536.5376875247924,7091
7111,536.5582421805522,-536.5582421805522,7092
7112,536.6263476066213,-536.6263476066213,7093
7113,536.6882785334149,-536.6882785334149,7094
7114,536.8682457890933,-536.8682457890933,7095
7115,537.0304303675681,-537.0304303675681,7096
7116,537.7700330092687,-537.7700330092687,7097
7117,538.46243015722,-538.46243015722,7098
7118,538.7465984583265,-538.7465984583265,7099
7119,538.8042247281124,-538.8042247281124,7100
7120,538.8574042549213,-538.8574042549213,7101
7121,538.927080932141,-538.927080932141,7102
7122,538.9890118879408,-538.9890118879408,7103
7123,539.0747730807889,-539.0747730807889,7104
7124,539.1798790263476,-539.1798790263476,7105
7125,539.2979587496295,-539.2979587496295,7106
7126,539.3921614054376,-539.3921614054376,7107
7127,539.5001078603882,-539.5001078603882,7108
7128,539.5588968124525,-539.5588968124525,7109
7129,539.6067370037725,-539.6067370037725,7110
7130,539.6274705386254,-539.6274705386254,7111
7131,539.6477126826659,-539.6477126826659,7112
7132,539.6710366464592,-539.6710366464592,7113
7133,539.6910272851608,-539.6910272851608,7114
7134,539.709453900833,-539.709453900833,7115
7135,539.7297962630215,-539.7297962630215,7116
7136,539.8084042698533,-539.8084042698533,7117
7137,539.8805336848169,-539.8805336848169,7118
7138,540.1853215986508,-540.1853215986508,7119
7139,540.887075239777,-540.887075239777,7120
7140,541.0992682119612,-541.0992682119612,7121
7141,541.0938950180761,-541.0938950180761,7122
7142,541.0996928874262,-541.0996928874262,7123
7143,541.1052545288162,-541.1052545288162,7124
7144,541.1655889088033,-541.1655889088033,7125
7145,541.2132739565096,-541.2132739565096,7126
7146,541.3782965358439,-541.3782965358439,7127
7147,541.4440386022983,-541.4440386022983,7128
7148,541.5832711491067,-541.5832711491067,7129
7149,541.6574557480548,-541.6574557480548,7130
7150,541.7458551102956,-541.7458551102956,7131
7151,541.8251993940826,-541.8251993940826,7132
7152,541.8752893535071,-541.8752893535071,7133
7153,541.9085151198851,-541.9085151198851,7134
7154,541.934981091848,-541.934981091848,7135
7155,541.9625246849307,-541.9625246849307,7136
7156,541.9842841577214,-541.9842841577214,7137
7157,542.0064617765983,-542.0064617765983,7138
7158,542.0313012851832,-542.0313012851832,7139
7159,542.0701609449849,-542.0701609449849,7140
7160,542.1097838305564,-542.1097838305564,7141
7161,542.150642613504,-542.150642613504,7142
7162,542.1861091646332,-542.1861091646332,7143
7163,542.220635491722,-542.220635491722,7144
7164,542.2238811897928,-542.2238811897928,7145
7165,542.2293786543748,-542.2293786543748,7146
7166,542.2365045189586,-542.2365045189586,7147
7167,542.2435888343355,-542.2435888343355,7148
7168,542.313777329958,-542.313777329958,7149
7169,542.3880424401649,-542.3880424401649,7150
7170,542.4921870954721,-542.4921870954721,7151
7171,542.5941339605853,-542.5941339605853,7152
7172,542.771768741181,-542.771768741181,7153
7173,542.8376220137695,-542.8376220137695,7154
7174,542.9467385276871,-542.9467385276871,7155
7175,543.01557004921,-543.01557004921,7156
7176,543.0624051798219,-543.0624051798219,7157
7177,543.0899467895096,-543.0899467895096,7158
7178,543.1101990667515,-543.1101990667515,7159
7179,543.1299349209795,-543.1299349209795,7160
7180,543.1527941932268,-543.1527941932268,7161
7181,543.170512438016,-543.170512438016,7162
7182,543.1914909604114,-543.1914909604114,7163
7183,543.2647367089249,-543.2647367089249,7164
7184,544.0051861202514,-544.0051861202514,7165
7185,544.7231878647558,-544.7231878647558,7166
7186,545.1815406857486,-545.1815406857486,7167
7187,545.1915224290159,-545.1915224290159,7168
7188,545.1848865444757,-545.1848865444757,7169
7189,545.1774926270871,-545.1774926270871,7170
7190,545.1764547480367,-545.1764547480367,7171
7191,545.1824325155579,-545.1824325155579,7172
7192,545.224980275139,-545.224980275139,7173
7193,545.276791418656,-545.276791418656,7174
7194,545.3239016887817,-545.3239016887817,7175
7195,545.3916200944566,-545.3916200944566,7176
7196,545.4817234097732,-545.4817234097732,7177
7197,545.5972283693711,-545.5972283693711,7178
7198,545.6792099937053,-545.6792099937053,7179
7199,545.7621199431303,-545.7621199431303,7180
7200,545.8037421700661,-545.8037421700661,7181
7201,545.8406153443575,-545.8406153443575,7182
7202,545.8639716589989,-545.8639716589989,7183
7203,545.8868706733331,-545.8868706733331,7184
7204,545.9041326475871,-545.9041326475871,7185
7205,545.9236428557364,-545.9236428557364,7186
7206,545.9419200274207,-545.9419200274207,7187
7207,546.0093995576054,-546.0093995576054,7188
7208,546.0689155390058,-546.0689155390058,7189
7209,546.1933772415642,-546.1933772415642,7190
7210,546.2030820680716,-546.2030820680716,7191
7211,546.2026457205285,-546.2026457205285,7192
7212,546.2096368481357,-546.2096368481357,7193
7213,546.2395230017394,-546.2395230017394,7194
7214,546.2400455095006,-546.2400455095006,7195
7215,546.2440901116456,-546.2440901116456,7196
7216,546.3215923061363,-546.3215923061363,7197
7217,546.4031097223391,-546.4031097223391,7198
7218,546.4794485939261,-546.4794485939261,7199
7219,546.5821460792189,-546.5821460792189,7200
7220,546.6704241854839,-546.6704241854839,7201
7221,546.7466954403993,-546.7466954403993,7202
7222,546.8302870832032,-546.8302870832032,7203
7223,546.8798031448945,-546.8798031448945,7204
7224,546.924080630276,-546.924080630276,7205
7225,546.9490147061449,-546.9490147061449,7206
7226,546.9728877154432,-546.9728877154432,7207
7227,546.9941743674823,-546.9941743674823,7208
7228,547.01801180302,-547.01801180302,7209
7229,547.0377683405511,-547.0377683405511,7210
7230,547.0585647080542,-547.0585647080542,7211
7231,547.1549022444153,-547.1549022444153,7212
7232,547.2306201419705,-547.2306201419705,7213
7233,547.2843171036567,-547.2843171036567,7214
7234,547.9090976601933,-547.9090976601933,7215
7235,548.7078749347578,-548.7078749347578,7216
7236,549.142408538983,-549.142408538983,7217
7237,549.2501686129257,-549.2501686129257,7218
7238,549.264399924063,-549.264399924063,7219
7239,549.2920381297084,-549.2920381297084,7220
7240,549.3544588610418,-549.3544588610418,7221
7241,549.4398498628118,-549.4398498628118,7222
7242,549.5145185229245,-549.5145185229245,7223
7243,549.5802075593193,-549.5802075593193,7224
7244,549.6433749361173,-549.6433749361173,7225
7245,549.7144313881092,-549.7144313881092,7226
7246,549.8431876737654,-549.8431876737654,7227
7247,549.983374154172,-549.983374154172,7228
7248,550.0275777719909,-550.0275777719909,7229
7249,550.0623854192303,-550.0623854192303,7230
7250,550.0852246585183,-550.0852246585183,7231
7251,550.1070851682782,-550.1070851682782,7232
7252,550.1307526115628,-550.1307526115628,7233
7253,550.1488556114672,-550.1488556114672,7234
7254,550.1683282087264,-550.1683282087264,7235
7255,550.1931774037178,-550.1931774037178,7236
7256,550.2631514503823,-550.2631514503823,7237
7257,550.4606129310944,-550.4606129310944,7238
7258,550.5250758617419,-550.5250758617419,7239
7259,550.6596698428242,-550.6596698428242,7240
7260,550.7144532228313,-550.7144532228313,7241
7261,551.5413385647964,-551.5413385647964,7242
7262,552.2815573987069,-552.2815573987069,7243
7263,552.8994785589446,-552.8994785589446,7244
7264,553.0537161292361,-553.0537161292361,7245
7265,553.1083246962277,-553.1083246962277,7246
7266,553.1582784251905,-553.1582784251905,7247
7267,553.2011528139492,-553.2011528139492,7248
7268,553.2867893373655,-553.2867893373655,7249
7269,553.3753594666157,-553.3753594666157,7250
7270,553.4338171656559,-553.4338171656559,7251
7271,553.5130513294694,-553.5130513294694,7252
7272,553.5505437509323,-553.5505437509323,7253
7273,553.5728411556087,-553.5728411556087,7254
7274,553.597244133618,-553.597244133618,7255
7275,553.6169698262598,-553.6169698262598,7256
7276,553.6366227373226,-553.6366227373226,7257
7277,553.6622559636792,-553.6622559636792,7258
7278,553.6791861947368,-553.6791861947368,7259
7279,553.740492524387,-553.740492524387,7260
7280,553.8337521562779,-553.8337521562779,7261
7281,553.8349419953826,-553.8349419953826,7262
7282,553.860978137316,-553.860978137316,7263
7283,553.8467877495924,-553.8467877495924,7264
7284,553.8418672228586,-553.8418672228586,7265
7285,553.8394679671461,-553.8394679671461,7266
7286,553.8458319037871,-553.8458319037871,7267
7287,553.8845155927286,-553.8845155927286,7268
7288,553.9345331590723,-553.9345331590723,7269
7289,553.9874376023591,-553.9874376023591,7270
7290,554.04395801928,-554.04395801928,7271
7291,554.0930737271649,-554.0930737271649,7272
7292,554.1577379347892,-554.1577379347892,7273
7293,554.2010512429223,-554.2010512429223,7274
7294,554.2628043648159,-554.2628043648159,7275
7295,554.2982191898359,-554.2982191898359,7276
7296,554.3194919615166,-554.3194919615166,7277
7297,554.3412945282668,-554.3412945282668,7278
7298,554.3661728477163,-554.3661728477163,7279
7299,554.3890655223255,-554.3890655223255,7280
7300,554.4099009755923,-554.4099009755923,7281
7301,554.4296657720594,-554.4296657720594,7282
7302,554.4479636191537,-554.4479636191537,7283
7303,554.5088508545595,-554.5088508545595,7284
7304,554.5578638168364,-554.5578638168364,7285
7305,554.5681006083329,-554.5681006083329,7286
7306,555.0195487412377,-555.0195487412377,7287
7307,555.6798880642314,-555.6798880642314,7288
7308,556.5632755636957,-556.5632755636957,7289
7309,556.7297392792462,-556.7297392792462,7290
7310,557.2841733990091,-557.2841733990091,7291
7311,557.8290473907608,-557.8290473907608,7292
7312,557.8753838272081,-557.8753838272081,7293
7313,557.9300150470668,-557.9300150470668,7294
7314,558.0123022204241,-558.0123022204241,7295
7315,558.0659530533135,-558.0659530533135,7296
7316,558.1633610436617,-558.1633610436617,7297
7317,558.2604320114475,-558.2604320114475,7298
7318,558.3437765263636,-558.3437765263636,7299
7319,558.4004426709566,-558.4004426709566,7300
7320,558.4373258128837,-558.4373258128837,7301
7321,558.4711129171291,-558.4711129171291,7302
7322,558.4913525835772,-558.4913525835772,7303
7323,558.5126125083501,-558.5126125083501,7304
7324,558.5316624903153,-558.5316624903153,7305
7325,558.5493706956647,-558.5493706956647,7306
7326,558.5704783293056,-558.5704783293056,7307
7327,558.6393836337634,-558.6393836337634,7308
7328,558.7236419666608,-558.7236419666608,7309
7329,558.7172382309353,-558.7172382309353,7310
7330,558.7200903726244,-558.7200903726244,7311
7331,558.7177384955695,-558.7177384955695,7312
7332,558.7095116318741,-558.7095116318741,7313
7333,558.7067080386012,-558.7067080386012,7314
7334,558.7142972417746,-558.7142972417746,7315
7335,558.769821336843,-558.769821336843,7316
7336,558.803643188189,-558.803643188189,7317
7337,558.8785893510985,-558.8785893510985,7318
7338,558.9559649411319,-558.9559649411319,7319
7339,559.0279686285947,-559.0279686285947,7320
7340,559.0985378997218,-559.0985378997218,7321
7341,559.2076621533643,-559.2076621533643,7322
7342,559.2817170369512,-559.2817170369512,7323
7343,559.315065982476,-559.315065982476,7324
7344,559.3364043380702,-559.3364043380702,7325
7345,559.356102087325,-559.356102087325,7326
7346,559.3820722967678,-559.3820722967678,7327
7347,559.4043509555074,-559.4043509555074,7328
7348,559.4245694808426,-559.4245694808426,7329
7349,559.4424296858344,-559.4424296858344,7330
7350,559.4734277076125,-559.4734277076125,7331
7351,559.5137108370633,-559.5137108370633,7332
7352,559.5283944823842,-559.5283944823842,7333
7353,559.5321641788078,-559.5321641788078,7334
7354,559.5360356455116,-559.5360356455116,7335
7355,559.5392047015872,-559.5392047015872,7336
7356,560.2706859691057,-560.2706859691057,7337
7357,561.1635452040571,-561.1635452040571,7338
7358,561.6426588989552,-561.6426588989552,7339
7359,561.7538586641526,-561.7538586641526,7340
7360,561.7887801253786,-561.7887801253786,7341
7361,561.8820579625082,-561.8820579625082,7342
7362,561.9511542477392,-561.9511542477392,7343
7363,562.0704443540191,-562.0704443540191,7344
7364,562.1500674936017,-562.1500674936017,7345
7365,562.1945992163024,-562.1945992163024,7346
7366,562.2518890189729,-562.2518890189729,7347
7367,562.2861472295092,-562.2861472295092,7348
7368,562.3073894758136,-562.3073894758136,7349
7369,562.3276426341603,-562.3276426341603,7350
7370,562.3526479355286,-562.3526479355286,7351
7371,562.3750280750232,-562.3750280750232,7352
7372,562.3936946510458,-562.3936946510458,7353
7373,562.4131052272895,-562.4131052272895,7354
7374,562.4499824777155,-562.4499824777155,7355
7375,562.476844724776,-562.476844724776,7356
7376,562.4923824297964,-562.4923824297964,7357
7377,562.4888146326011,-562.4888146326011,7358
7378,562.4788973772993,-562.4788973772993,7359
7379,562.4761381552688,-562.4761381552688,7360
7380,562.4898513624177,-562.4898513624177,7361
7381,562.4989914363933,-562.4989914363933,7362
7382,562.5044760945368,-562.5044760945368,7363
7383,562.5563208636312,-562.5563208636312,7364
7384,562.6156084300567,-562.6156084300567,7365
7385,562.675996584732,-562.675996584732,7366
7386,562.7222801541902,-562.7222801541902,7367
7387,562.776047840146,-562.776047840146,7368
7388,562.8411638847988,-562.8411638847988,7369
7389,562.9095510605933,-562.9095510605933,7370
7390,562.9522574838263,-562.9522574838263,7371
7391,562.9891256407044,-562.9891256407044,7372
7392,563.0213125826416,-563.0213125826416,7373
7393,563.0540706652343,-563.0540706652343,7374
7394,563.0790591929905,-563.0790591929905,7375
7395,563.1019530664307,-563.1019530664307,7376
7396,563.1192039463128,-563.1192039463128,7377
7397,563.140349503081,-563.140349503081,7378
7398,563.1893507395621,-563.1893507395621,7379
7399,563.258469000691,-563.258469000691,7380
7400,563.3008287151246,-563.3008287151246,7381
7401,563.3786141037523,-563.3786141037523,7382
7402,563.4328680725926,-563.4328680725926,7383
7403,563.4787605795947,-563.4787605795947,7384
7404,563.5568863118214,-563.5568863118214,7385
7405,563.6116082780338,-563.6116082780338,7386
7406,563.6646653148671,-563.6646653148671,7387
7407,563.7261751016352,-563.7261751016352,7388
7408,563.7673286159938,-563.7673286159938,7389
7409,563.8192693326199,-563.8192693326199,7390
7410,563.861358473228,-563.861358473228,7391
7411,563.9041673617959,-563.9041673617959,7392
7412,563.9397267738811,-563.9397267738811,7393
7413,563.9761796624498,-563.9761796624498,7394
7414,564.0037372826838,-564.0037372826838,7395
7415,564.0349480249415,-564.0349480249415,7396
7416,564.070341175336,-564.070341175336,7397
7417,564.0926881583995,-564.0926881583995,7398
7418,564.1155168068947,-564.1155168068947,7399
7419,564.1402512270714,-564.1402512270714,7400
7420,564.1592045460328,-564.1592045460328,7401
7421,564.180012578693,-564.180012578693,7402
7422,564.2039136479078,-564.2039136479078,7403
7423,564.2772619065267,-564.2772619065267,7404
7424,564.2935167575521,-564.2935167575521,7405
7425,564.2968126748334,-564.2968126748334,7406
7426,564.2906271723906,-564.2906271723906,7407
7427,564.2867630973632,-564.2867630973632,7408
7428,564.2854257556011,-564.2854257556011,7409
7429,564.2866887398325,-564.2866887398325,7410
7430,564.2861846878717,-564.2861846878717,7411
7431,564.3361273936408,-564.3361273936408,7412
7432,564.3871823518388,-564.3871823518388,7413
7433,564.476238643176,-564.476238643176,7414
7434,564.5382032767084,-564.5382032767084,7415
7435,564.6183971335299,-564.6183971335299,7416
7436,564.6845075845567,-564.6845075845567,7417
7437,564.7713858052654,-564.7713858052654,7418
7438,564.8177130935377,-564.8177130935377,7419
7439,564.8656237175776,-564.8656237175776,7420
7440,564.8967695822864,-564.8967695822864,7421
7441,564.9258623545539,-564.9258623545539,7422
7442,564.9523620381387,-564.9523620381387,7423
7443,564.9793963500988,-564.9793963500988,7424
7444,565.0048624582092,-565.0048624582092,7425
7445,565.0312081744113,-565.0312081744113,7426
7446,565.0578579000913,-565.0578579000913,7427
7447,565.1348728743535,-565.1348728743535,7428
7448,565.1800211287656,-565.1800211287656,7429
7449,565.2467924246047,-565.2467924246047,7430
7450,565.2907296371939,-565.2907296371939,7431
7451,565.6026880802727,-565.6026880802727,7432
7452,566.3773396115054,-566.3773396115054,7433
7453,566.739559873664,-566.739559873664,7434
7454,566.7851703933537,-566.7851703933537,7435
7455,566.8387297342456,-566.8387297342456,7436
7456,566.9372619108386,-566.9372619108386,7437
7457,567.0544285141608,-567.0544285141608,7438
7458,567.135678446418,-567.135678446418,7439
7459,567.195148753669,-567.195148753669,7440
7460,567.2698567124243,-567.2698567124243,7441
7461,567.3469810501424,-567.3469810501424,7442
7462,567.4048456751551,-567.4048456751551,7443
7463,567.4417723790926,-567.4417723790926,7444
7464,567.4724311126345,-567.4724311126345,7445
7465,567.5030801301809,-567.5030801301809,7446
7466,567.5264438114696,-567.5264438114696,7447
7467,567.5528996284573,-567.5528996284573,7448
7468,567.5775734117997,-567.5775734117997,7449
7469,567.6029161263377,-567.6029161263377,7450
7470,567.6269643639476,-567.6269643639476,7451
7471,567.7098102494773,-567.7098102494773,7452
7472,567.795638237542,-567.795638237542,7453
7473,567.8015312546949,-567.8015312546949,7454
7474,567.8294126671232,-567.8294126671232,7455
7475,567.8376771444978,-567.8376771444978,7456
7476,568.536399129985,-568.536399129985,7457
7477,569.1454413346953,-569.1454413346953,7458
7478,569.8235269758324,-569.8235269758324,7459
7479,570.4996947511526,-570.4996947511526,7460
7480,570.832840939488,-570.832840939488,7461
7481,570.9344658314375,-570.9344658314375,7462
7482,571.0375034300614,-571.0375034300614,7463
7483,571.1063540543852,-571.1063540543852,7464
7484,571.1878252310694,-571.1878252310694,7465
7485,571.2337637833658,-571.2337637833658,7466
7486,571.30717999979,-571.30717999979,7467
7487,571.3680843052935,-571.3680843052935,7468
7488,571.3961500328388,-571.3961500328388,7469
7489,571.4241756771745,-571.4241756771745,7470
7490,571.4537919939928,-571.4537919939928,7471
7491,571.481300404222,-571.481300404222,7472
7492,571.5050323810982,-571.5050323810982,7473
7493,571.5315089347038,-571.5315089347038,7474
7494,571.5553933973995,-571.5553933973995,7475
7495,571.6285891065307,-571.6285891065307,7476
7496,571.6807868358076,-571.6807868358076,7477
7497,572.1894469857053,-572.1894469857053,7478
7498,572.8100054501842,-572.8100054501842,7479
7499,573.0957799851258,-573.0957799851258,7480
7500,573.2025839193299,-573.2025839193299,7481
7501,573.212983809625,-573.212983809625,7482
7502,573.2114493577808,-573.2114493577808,7483
7503,573.2735096498727,-573.2735096498727,7484
7504,573.3133018469805,-573.3133018469805,7485
7505,573.3869205292573,-573.3869205292573,7486
7506,573.4703713367295,-573.4703713367295,7487
7507,573.5443861789121,-573.5443861789121,7488
7508,573.6317912447263,-573.6317912447263,7489
7509,573.7351652317175,-573.7351652317175,7490
7510,573.8061449113034,-573.8061449113034,7491
7511,573.859186420201,-573.859186420201,7492
7512,573.8882740048351,-573.8882740048351,7493
7513,573.9184292005024,-573.9184292005024,7494
7514,573.9464826605305,-573.9464826605305,7495
7515,573.9734640006702,-573.9734640006702,7496
7516,573.9994524500103,-573.9994524500103,7497
7517,574.0730152652048,-574.0730152652048,7498
7518,574.1039212335439,-574.1039212335439,7499
7519,574.1831013333915,-574.1831013333915,7500
7520,574.2371342275994,-574.2371342275994,7501
7521,574.2513722521664,-574.2513722521664,7502
7522,574.3949258205289,-574.3949258205289,7503
7523,575.0834081930398,-575.0834081930398,7504
7524,575.6285063931981,-575.6285063931981,7505
7525,576.4316861590862,-576.4316861590862,7506
7526,576.9374143628905,-576.9374143628905,7507
7527,577.0606091398993,-577.0606091398993,7508
7528,577.1272853384272,-577.1272853384272,7509
7529,577.1798824705818,-577.1798824705818,7510
7530,577.2427753249532,-577.2427753249532,7511
7531,577.3043546145468,-577.3043546145468,7512
7532,577.3859248604311,-577.3859248604311,7513
7533,577.5643028911722,-577.5643028911722,7514
7534,577.6430364673939,-577.6430364673939,7515
7535,577.7179753380899,-577.7179753380899,7516
7536,577.760110465001,-577.760110465001,7517
7537,577.7886667588217,-577.7886667588217,7518
7538,577.8144105934437,-577.8144105934437,7519
7539,577.8418887444792,-577.8418887444792,7520
7540,577.8680188570963,-577.8680188570963,7521
7541,577.8962342000444,-577.8962342000444,7522
7542,577.921104577649,-577.921104577649,7523
7543,578.0024971136402,-578.0024971136402,7524
7544,578.1954312892492,-578.1954312892492,7525
7545,578.256173749895,-578.256173749895,7526
7546,578.3692751160594,-578.3692751160594,7527
7547,578.8882023024742,-578.8882023024742,7528
7548,579.675796877972,-579.675796877972,7529
7549,580.0476154211684,-580.0476154211684,7530
7550,580.2452011706257,-580.2452011706257,7531
7551,580.45469016094,-580.45469016094,7532
7552,580.6686241334766,-580.6686241334766,7533
7553,580.7350052512239,-580.7350052512239,7534
7554,580.8229928272789,-580.8229928272789,7535
7555,580.8891917141333,-580.8891917141333,7536
7556,580.9553768419506,-580.9553768419506,7537
7557,581.0352735967249,-581.0352735967249,7538
7558,581.1157271535822,-581.1157271535822,7539
7559,581.1579379933069,-581.1579379933069,7540
7560,581.1964056530979,-581.1964056530979,7541
7561,581.2171488014102,-581.2171488014102,7542
7562,581.2373816222744,-581.2373816222744,7543
7563,581.2617854389371,-581.2617854389371,7544
7564,581.2813678885859,-581.2813678885859,7545
7565,581.3016662499788,-581.3016662499788,7546
7566,581.3540083389222,-581.3540083389222,7547
7567,581.4148429255187,-581.4148429255187,7548
7568,581.4396952242407,-581.4396952242407,7549
7569,581.5415344645613,-581.5415344645613,7550
7570,581.5535170050117,-581.5535170050117,7551
7571,581.7796091751011,-581.7796091751011,7552
7572,582.1583244284797,-582.1583244284797,7553
7573,582.5436984650859,-582.5436984650859,7554
7574,582.5494744012263,-582.5494744012263,7555
7575,582.6060821919503,-582.6060821919503,7556
7576,582.6529575560851,-582.6529575560851,7557
7577,582.7255012082421,-582.7255012082421,7558
7578,582.9771240761853,-582.9771240761853,7559
7579,583.0635221521161,-583.0635221521161,7560
7580,583.1397754442501,-583.1397754442501,7561
7581,583.2400156189552,-583.2400156189552,7562
7582,583.3010117900579,-583.3010117900579,7563
7583,583.3552074444414,-583.3552074444414,7564
7584,583.3946807509691,-583.3946807509691,7565
7585,583.4373042929019,-583.4373042929019,7566
7586,583.4601410347686,-583.4601410347686,7567
7587,583.4828884910345,-583.4828884910345,7568
7588,583.5032760909608,-583.5032760909608,7569
7589,583.5229159187171,-583.5229159187171,7570
7590,583.5445014724194,-583.5445014724194,7571
7591,584.0470144322957,-584.0470144322957,7572
7592,584.0781284963958,-584.0781284963958,7573
7593,584.1043037945162,-584.1043037945162,7574
7594,584.1184676856716,-584.1184676856716,7575
7595,584.1174426041206,-584.1174426041206,7576
7596,584.51537804974,-584.51537804974,7577
7597,585.123657635888,-585.123657635888,7578
7598,585.3605510542607,-585.3605510542607,7579
7599,585.4038259487528,-585.4038259487528,7580
7600,585.4522394146348,-585.4522394146348,7581
7601,585.5206241575859,-585.5206241575859,7582
7602,585.595598625625,-585.595598625625,7583
7603,585.6769487243403,-585.6769487243403,7584
7604,585.7767248568268,-585.7767248568268,7585
7605,585.8403550633162,-585.8403550633162,7586
7606,585.9112239890632,-585.9112239890632,7587
7607,585.9440582655715,-585.9440582655715,7588
7608,585.9664897283443,-585.9664897283443,7589
7609,585.9924514032048,-585.9924514032048,7590
7610,586.0158772925431,-586.0158772925431,7591
7611,586.0339296265669,-586.0339296265669,7592
7612,586.0516979324592,-586.0516979324592,7593
7613,586.0716277242086,-586.0716277242086,7594
7614,586.1176802123066,-586.1176802123066,7595
7615,586.1658345759474,-586.1658345759474,7596
7616,586.1738230244148,-586.1738230244148,7597
7617,586.1742617025432,-586.1742617025432,7598
7618,586.1991342241765,-586.1991342241765,7599
7619,586.3763067464313,-586.3763067464313,7600
7620,586.3898413981586,-586.3898413981586,7601
7621,586.3893204391978,-586.3893204391978,7602
7622,586.3894735514227,-586.3894735514227,7603
7623,586.7548427186955,-586.7548427186955,7604
7624,587.5140530948185,-587.5140530948185,7605
7625,588.0444993142576,-588.0444993142576,7606
7626,588.1680666494665,-588.1680666494665,7607
7627,588.2490013078019,-588.2490013078019,7608
7628,588.3324915641412,-588.3324915641412,7609
7629,588.4244075285791,-588.4244075285791,7610
7630,588.4873954824656,-588.4873954824656,7611
7631,588.5326167010662,-588.5326167010662,7612
7632,588.5533983058367,-588.5533983058367,7613
7633,588.5741580666631,-588.5741580666631,7614
7634,588.6011283435084,-588.6011283435084,7615
7635,588.6244492254611,-588.6244492254611,7616
7636,588.6437790533304,-588.6437790533304,7617
7637,588.6639908134902,-588.6639908134902,7618
7638,588.6831624209602,-588.6831624209602,7619
7639,588.7612561653276,-588.7612561653276,7620
7640,588.843377423137,-588.843377423137,7621
7641,588.8848577910039,-588.8848577910039,7622
7642,588.8959542244647,-588.8959542244647,7623
7643,588.9145145225477,-588.9145145225477,7624
7644,588.9187719449761,-588.9187719449761,7625
7645,588.9365520923031,-588.9365520923031,7626
7646,588.9382939842765,-588.9382939842765,7627
7647,589.0879488439596,-589.0879488439596,7628
7648,589.1854471309803,-589.1854471309803,7629
7649,589.3279512873879,-589.3279512873879,7630
7650,589.38208699802,-589.38208699802,7631
7651,589.4243981552651,-589.4243981552651,7632
7652,589.4777942768579,-589.4777942768579,7633
7653,589.5191319391852,-589.5191319391852,7634
7654,589.5832684543432,-589.5832684543432,7635
7655,589.6383578348815,-589.6383578348815,7636
7656,589.6695015778478,-589.6695015778478,7637
7657,589.6928900655496,-589.6928900655496,7638
7658,589.7126140188861,-589.7126140188861,7639
7659,589.7364624008326,-589.7364624008326,7640
7660,589.753374684724,-589.753374684724,7641
7661,589.7761030930977,-589.7761030930977,7642
7662,589.8091644074159,-589.8091644074159,7643
7663,589.8887752443989,-589.8887752443989,7644
7664,589.9460679929381,-589.9460679929381,7645
7665,590.6519786562602,-590.6519786562602,7646
7666,591.4999100147791,-591.4999100147791,7647
7667,592.2205291346802,-592.2205291346802,7648
7668,593.0061592431039,-593.0061592431039,7649
7669,593.697091274493,-593.697091274493,7650
7670,594.0683782497572,-594.0683782497572,7651
7671,594.1616520555704,-594.1616520555704,7652
7672,594.2966761696808,-594.2966761696808,7653
7673,594.4461681706844,-594.4461681706844,7654
7674,594.5987569770164,-594.5987569770164,7655
7675,594.6799268620447,-594.6799268620447,7656
7676,594.7662825769143,-594.7662825769143,7657
7677,594.8852084859914,-594.8852084859914,7658
7678,594.9608654075811,-594.9608654075811,7659
7679,595.009284974826,-595.009284974826,7660
7680,595.0331491162309,-595.0331491162309,7661
7681,595.0544170083788,-595.0544170083788,7662
7682,595.0751660657954,-595.0751660657954,7663
7683,595.0999727459905,-595.0999727459905,7664
7684,595.1179164600873,-595.1179164600873,7665
7685,595.139520863578,-595.139520863578,7666
7686,595.1967855598618,-595.1967855598618,7667
7687,595.3030380089976,-595.3030380089976,7668
7688,595.3121423099336,-595.3121423099336,7669
7689,595.3398559222433,-595.3398559222433,7670
7690,595.3467816088801,-595.3467816088801,7671
7691,595.3466029649502,-595.3466029649502,7672
7692,595.3455798704757,-595.3455798704757,7673
7693,595.348901576727,-595.348901576727,7674
7694,595.3502173621191,-595.3502173621191,7675
7695,595.4367309757034,-595.4367309757034,7676
7696,595.5137957607433,-595.5137957607433,7677
7697,595.5908225946059,-595.5908225946059,7678
7698,595.6807782647152,-595.6807782647152,7679
7699,595.7605675639037,-595.7605675639037,7680
7700,595.8448722697876,-595.8448722697876,7681
7701,595.9300430835851,-595.9300430835851,7682
7702,596.0004531905229,-596.0004531905229,7683
7703,596.051424089013,-596.051424089013,7684
7704,596.0731853947009,-596.0731853947009,7685
7705,596.0970648423757,-596.0970648423757,7686
7706,596.1209464018884,-596.1209464018884,7687
7707,596.1431083420191,-596.1431083420191,7688
7708,596.1637229871634,-596.1637229871634,7689
7709,596.1819306397854,-596.1819306397854,7690
7710,596.2158235870166,-596.2158235870166,7691
7711,596.3160803224717,-596.3160803224717,7692
7712,596.4496738354621,-596.4496738354621,7693
7713,596.4856770832387,-596.4856770832387,7694
7714,596.5075157760155,-596.5075157760155,7695
7715,596.5846040695145,-596.5846040695145,7696
7716,596.6631592499664,-596.6631592499664,7697
7717,596.7766529935383,-596.7766529935383,7698
7718,596.8454808184504,-596.8454808184504,7699
7719,596.942838219556,-596.942838219556,7700
7720,597.1043321164825,-597.1043321164825,7701
7721,597.1893014026385,-597.1893014026385,7702
7722,597.3080656778815,-597.3080656778815,7703
7723,597.491538454044,-597.491538454044,7704
7724,597.6381269658025,-597.6381269658025,7705
7725,597.727962557512,-597.727962557512,7706
7726,597.8207793261188,-597.8207793261188,7707
7727,597.86651367255,-597.86651367255,7708
7728,597.9028911835082,-597.9028911835082,7709
7729,597.9418846147325,-597.9418846147325,7710
7730,597.9735929745418,-597.9735929745418,7711
7731,597.9921719141647,-597.9921719141647,7712
7732,598.0120391197813,-598.0120391197813,7713
7733,598.0319634681762,-598.0319634681762,7714
7734,598.0537203384883,-598.0537203384883,7715
7735,598.1584027358449,-598.1584027358449,7716
7736,598.2331767419937,-598.2331767419937,7717
7737,598.314542472515,-598.314542472515,7718
7738,598.3233924053811,-598.3233924053811,7719
7739,598.3264194294593,-598.3264194294593,7720
7740,598.975378465307,-598.975378465307,7721
7741,599.0898647677967,-599.0898647677967,7722
7742,599.4051545929557,-599.4051545929557,7723
7743,599.6725811345947,-599.6725811345947,7724
7744,600.4284420767855,-600.4284420767855,7725
7745,600.7301580317297,-600.7301580317297,7726
7746,600.9137214499366,-600.9137214499366,7727
7747,601.3300475462829,-601.3300475462829,7728
7748,601.8304140540099,-601.8304140540099,7729
7749,602.5853044971076,-602.5853044971076,7730
7750,603.339769186021,-603.339769186021,7731
7751,604.0682122908819,-604.0682122908819,7732
7752,604.7818551462507,-604.7818551462507,7733
7753,605.3796733277723,-605.3796733277723,7734
7754,605.5071020488189,-605.5071020488189,7735
7755,605.5283293975165,-605.5283293975165,7736
7756,605.5468091166523,-605.5468091166523,7737
7757,605.5671807236963,-605.5671807236963,7738
7758,605.587154808329,-605.587154808329,7739
7759,605.6727182441707,-605.6727182441707,7740
7760,605.7401336971789,-605.7401336971789,7741
7761,605.8143125096835,-605.8143125096835,7742
7762,606.1801599730125,-606.1801599730125,7743
7763,606.7976013640337,-606.7976013640337,7744
7764,606.8600594226043,-606.8600594226043,7745
7765,606.8608582821004,-606.8608582821004,7746
7766,606.8655275692704,-606.8655275692704,7747
7767,606.9573523514267,-606.9573523514267,7748
7768,607.0447302050461,-607.0447302050461,7749
7769,607.1435261187278,-607.1435261187278,7750
7770,607.3030585244837,-607.3030585244837,7751
7771,607.3991210152847,-607.3991210152847,7752
7772,607.5917672442284,-607.5917672442284,7753
7773,607.6812479124756,-607.6812479124756,7754
7774,607.7795973829056,-607.7795973829056,7755
7775,607.813177063705,-607.813177063705,7756
7776,607.8411667094414,-607.8411667094414,7757
7777,607.8610573703576,-607.8610573703576,7758
7778,607.8880597885168,-607.8880597885168,7759
7779,607.9082479841843,-607.9082479841843,7760
7780,607.9267852374933,-607.9267852374933,7761
7781,607.9461523489697,-607.9461523489697,7762
7782,608.0182099979027,-608.0182099979027,7763
7783,608.750080316658,-608.750080316658,7764
7784,609.4261428886869,-609.4261428886869,7765
7785,610.1378304901899,-610.1378304901899,7766
7786,610.8425937053388,-610.8425937053388,7767
7787,611.2112909271804,-611.2112909271804,7768
7788,611.3556408496735,-611.3556408496735,7769
7789,611.360667214548,-611.360667214548,7770
7790,611.4454097354093,-611.4454097354093,7771
7791,611.5888874041393,-611.5888874041393,7772
7792,611.7394907854222,-611.7394907854222,7773
7793,611.839005243771,-611.839005243771,7774
7794,611.9542274703624,-611.9542274703624,7775
7795,612.0565043275509,-612.0565043275509,7776
7796,612.1078757345246,-612.1078757345246,7777
7797,612.1895371602275,-612.1895371602275,7778
7798,612.244197007434,-612.244197007434,7779
7799,612.2810728795014,-612.2810728795014,7780
7800,612.3096165249916,-612.3096165249916,7781
7801,612.3309314759234,-612.3309314759234,7782
7802,612.3543422346689,-612.3543422346689,7783
7803,612.3725908037729,-612.3725908037729,7784
7804,612.3893929213741,-612.3893929213741,7785
7805,612.4065286423693,-612.4065286423693,7786
7806,612.4607329868663,-612.4607329868663,7787
7807,612.5346765449463,-612.5346765449463,7788
7808,612.5963672161838,-612.5963672161838,7789
7809,612.7364367000846,-612.7364367000846,7790
7810,613.3324886704478,-613.3324886704478,7791
7811,613.9699689254477,-613.9699689254477,7792
7812,614.5781048368626,-614.5781048368626,7793
7813,614.8937445570147,-614.8937445570147,7794
7814,614.9021122224249,-614.9021122224249,7795
7815,615.052978026817,-615.052978026817,7796
7816,615.2093252402772,-615.2093252402772,7797
7817,615.3404756381533,-615.3404756381533,7798
7818,615.46877839604,-615.46877839604,7799
7819,615.6427346432855,-615.6427346432855,7800
7820,615.7278792661349,-615.7278792661349,7801
7821,615.8410216333868,-615.8410216333868,7802
7822,615.931153412773,-615.931153412773,7803
7823,615.979540435763,-615.979540435763,7804
7824,616.0122719227595,-616.0122719227595,7805
7825,616.0366807032948,-616.0366807032948,7806
7826,616.0693882380727,-616.0693882380727,7807
7827,616.0926297904259,-616.0926297904259,7808
7828,616.1133673681635,-616.1133673681635,7809
7829,616.1334352407514,-616.1334352407514,7810
7830,616.1550680392378,-616.1550680392378,7811
7831,616.3054468190168,-616.3054468190168,7812
7832,616.396798206002,-616.396798206002,7813
7833,616.6611714804726,-616.6611714804726,7814
7834,617.3352389799807,-617.3352389799807,7815
7835,617.7701887921063,-617.7701887921063,7816
7836,617.9098856467817,-617.9098856467817,7817
7837,617.973298352174,-617.973298352174,7818
7838,617.9827014070979,-617.9827014070979,7819
7839,618.0538097243779,-618.0538097243779,7820
7840,618.2360608108079,-618.2360608108079,7821
7841,618.3885043666138,-618.3885043666138,7822
7842,618.4598213385854,-618.4598213385854,7823
7843,618.5410937222687,-618.5410937222687,7824
7844,618.6441173966565,-618.6441173966565,7825
7845,618.7309069481021,-618.7309069481021,7826
7846,618.8153667963692,-618.8153667963692,7827
7847,618.8590464957878,-618.8590464957878,7828
7848,618.8823999408223,-618.8823999408223,7829
7849,618.904255876688,-618.904255876688,7830
7850,618.9411833480699,-618.9411833480699,7831
7851,618.9661300793209,-618.9661300793209,7832
7852,618.9880634959858,-618.9880634959858,7833
7853,619.0097246739094,-619.0097246739094,7834
7854,619.0357986965412,-619.0357986965412,7835
7855,619.1150963650307,-619.1150963650307,7836
7856,619.2700141006113,-619.2700141006113,7837
7857,619.9572516478827,-619.9572516478827,7838
7858,620.6510262342036,-620.6510262342036,7839
7859,620.9395898701904,-620.9395898701904,7840
7860,621.0033166971282,-621.0033166971282,7841
7861,621.0725164204766,-621.0725164204766,7842
7862,621.1414335420349,-621.1414335420349,7843
7863,621.2458671785187,-621.2458671785187,7844
7864,621.3896152505849,-621.3896152505849,7845
7865,621.5738825134168,-621.5738825134168,7846
7866,621.7525646890026,-621.7525646890026,7847
7867,621.895457305024,-621.895457305024,7848
7868,622.1004506908504,-622.1004506908504,7849
7869,622.2143415580797,-622.2143415580797,7850
7870,622.3706804050993,-622.3706804050993,7851
7871,622.4481428002249,-622.4481428002249,7852
7872,622.4959590658038,-622.4959590658038,7853
7873,622.526692408923,-622.526692408923,7854
7874,622.565692043549,-622.565692043549,7855
7875,622.5968277738466,-622.5968277738466,7856
7876,622.645970453007,-622.645970453007,7857
7877,622.6816744462118,-622.6816744462118,7858
7878,622.7253715142006,-622.7253715142006,7859
7879,622.8570334434359,-622.8570334434359,7860
7880,622.9092536623233,-622.9092536623233,7861
7881,622.9796300955463,-622.9796300955463,7862
7882,622.9899500038889,-622.9899500038889,7863
7883,623.0159806125123,-623.0159806125123,7864
7884,623.5480331744342,-623.5480331744342,7865
7885,623.6793196277548,-623.6793196277548,7866
7886,623.7646187601266,-623.7646187601266,7867
7887,623.9453706141364,-623.9453706141364,7868
7888,624.1176806205912,-624.1176806205912,7869
7889,624.2344527430165,-624.2344527430165,7870
7890,624.3788769351156,-624.3788769351156,7871
7891,624.5033455102448,-624.5033455102448,7872
7892,624.6260386249228,-624.6260386249228,7873
7893,624.7580172844936,-624.7580172844936,7874
7894,624.8801571314781,-624.8801571314781,7875
7895,624.9416233878941,-624.9416233878941,7876
7896,625.0321830573016,-625.0321830573016,7877
7897,625.0518596072764,-625.0518596072764,7878
7898,625.0715602922231,-625.0715602922231,7879
7899,625.0897855347698,-625.0897855347698,7880
7900,625.1124750645324,-625.1124750645324,7881
7901,625.1330306486049,-625.1330306486049,7882
7902,625.1776837233928,-625.1776837233928,7883
7903,625.2675532371738,-625.2675532371738,7884
7904,625.3259814492882,-625.3259814492882,7885
7905,625.3896415673513,-625.3896415673513,7886
7906,625.4226074322673,-625.4226074322673,7887
7907,625.5378991919165,-625.5378991919165,7888
7908,625.7449196631443,-625.7449196631443,7889
7909,626.4268000183428,-626.4268000183428,7890
7910,627.1046311127346,-627.1046311127346,7891
7911,627.777304780154,-627.777304780154,7892
7912,628.0542296346434,-628.0542296346434,7893
7913,628.2581675671141,-628.2581675671141,7894
7914,628.3957497439199,-628.3957497439199,7895
7915,628.6136340888496,-628.6136340888496,7896
7916,628.7870429554446,-628.7870429554446,7897
7917,628.923264342826,-628.923264342826,7898
7918,629.0130598691244,-629.0130598691244,7899
7919,629.0582286326298,-629.0582286326298,7900
7920,629.0956393974956,-629.0956393974956,7901
7921,629.1137558583637,-629.1137558583637,7902
7922,629.1355203432504,-629.1355203432504,7903
7923,629.1541233592953,-629.1541233592953,7904
7924,629.1763309820082,-629.1763309820082,7905
7925,629.1994043483667,-629.1994043483667,7906
7926,629.255865071547,-629.255865071547,7907
7927,629.3453689236322,-629.3453689236322,7908
7928,629.4436250189817,-629.4436250189817,7909
7929,629.6082523526904,-629.6082523526904,7910
7930,629.7380782403496,-629.7380782403496,7911
7931,629.7713861190049,-629.7713861190049,7912
7932,629.8486696682945,-629.8486696682945,7913
7933,629.8598153898306,-629.8598153898306,7914
7934,629.9292770911782,-629.9292770911782,7915
7935,630.1662031260828,-630.1662031260828,7916
7936,630.3617277016203,-630.3617277016203,7917
7937,630.5758076078074,-630.5758076078074,7918
7938,630.7317362568793,-630.7317362568793,7919
7939,630.8933284160892,-630.8933284160892,7920
7940,631.0913549013967,-631.0913549013967,7921
7941,631.1932276767908,-631.1932276767908,7922
7942,631.2756136346063,-631.2756136346063,7923
7943,631.3402171181558,-631.3402171181558,7924
7944,631.3744902673286,-631.3744902673286,7925
7945,631.3952285917063,-631.3952285917063,7926
7946,631.414374853866,-631.414374853866,7927
7947,631.4344192198479,-631.4344192198479,7928
7948,631.4555684493056,-631.4555684493056,7929
7949,631.4743934975999,-631.4743934975999,7930
7950,631.4943988874785,-631.4943988874785,7931
7951,631.5781835090105,-631.5781835090105,7932
7952,631.6613434698371,-631.6613434698371,7933
7953,631.8152492105263,-631.8152492105263,7934
7954,631.865193552179,-631.865193552179,7935
7955,632.0097868338169,-632.0097868338169,7936
7956,632.0508958705667,-632.0508958705667,7937
7957,632.1042939444418,-632.1042939444418,7938
7958,632.2876821437194,-632.2876821437194,7939
7959,632.5548723724739,-632.5548723724739,7940
7960,632.7908591508549,-632.7908591508549,7941
7961,633.0106691412976,-633.0106691412976,7942
7962,633.2023443217104,-633.2023443217104,7943
7963,633.3703793237112,-633.3703793237112,7944
7964,633.5144057600113,-633.5144057600113,7945
7965,633.6344835692582,-633.6344835692582,7946
7966,633.7404352359656,-633.7404352359656,7947
7967,633.7904421548863,-633.7904421548863,7948
7968,633.8148253860554,-633.8148253860554,7949
7969,633.8339849990004,-633.8339849990004,7950
7970,633.855257364931,-633.855257364931,7951
7971,633.8754626944203,-633.8754626944203,7952
7972,633.8953654061426,-633.8953654061426,7953
7973,633.9137603795872,-633.9137603795872,7954
7974,633.9744614447143,-633.9744614447143,7955
7975,634.0511550624641,-634.0511550624641,7956
7976,634.2061335014633,-634.2061335014633,7957
7977,634.3819241544924,-634.3819241544924,7958
7978,634.4357244424172,-634.4357244424172,7959
7979,634.484266069539,-634.484266069539,7960
7980,634.5225275792933,-634.5225275792933,7961
7981,634.6981971910496,-634.6981971910496,7962
7982,634.872715889501,-634.872715889501,7963
7983,635.0957025197293,-635.0957025197293,7964
7984,635.2660743351668,-635.2660743351668,7965
7985,635.4087535989324,-635.4087535989324,7966
7986,635.5591957856141,-635.5591957856141,7967
7987,635.6767349332113,-635.6767349332113,7968
7988,635.7949123204463,-635.7949123204463,7969
7989,635.9058159285955,-635.9058159285955,7970
7990,635.9976075125443,-635.9976075125443,7971
7991,636.0491021746237,-636.0491021746237,7972
7992,636.0745180079899,-636.0745180079899,7973
7993,636.1254831688357,-636.1254831688357,7974
7994,636.145697099646,-636.145697099646,7975
7995,636.1641553396515,-636.1641553396515,7976
7996,636.1856394342054,-636.1856394342054,7977
7997,636.205510460533,-636.205510460533,7978
7998,636.2640537475486,-636.2640537475486,7979
7999,636.3528420031079,-636.3528420031079,7980
8000,636.5287411928732,-636.5287411928732,7981
8001,636.6038221419894,-636.6038221419894,7982
8002,636.6833316434688,-636.6833316434688,7983
8003,636.8159965727158,-636.8159965727158,7984
8004,636.9463419887509,-636.9463419887509,7985
8005,637.1001214958109,-637.1001214958109,7986
8006,637.245489963385,-637.245489963385,7987
8007,637.3853863567826,-637.3853863567826,7988
8008,637.5325522731077,-637.5325522731077,7989
8009,637.7751125635787,-637.7751125635787,7990
8010,637.9164064996411,-637.9164064996411,7991
8011,638.0838559086432,-638.0838559086432,7992
8012,638.2092585151352,-638.2092585151352,7993
8013,638.3502706799221,-638.3502706799221,7994
8014,638.4872483985106,-638.4872483985106,7995
8015,638.5846105717114,-638.5846105717114,7996
8016,638.6201408690324,-638.6201408690324,7997
8017,638.6596286153076,-638.6596286153076,7998
8018,638.7376584254216,-638.7376584254216,7999
8019,638.7978141641313,-638.7978141641313,8000
8020,638.8464764295336,-638.8464764295336,8001
8021,638.910328847951,-638.910328847951,8002
8022,638.9721285584435,-638.9721285584435,8003
8023,639.0618299620852,-639.0618299620852,8004
8024,639.2071251781898,-639.2071251781898,8005
8025,639.2638453213209,-639.2638453213209,8006
8026,639.4390196076555,-639.4390196076555,8007
8027,639.661220220246,-639.661220220246,8008
8028,639.8660455698026,-639.8660455698026,8009
8029,640.1006362367,-640.1006362367,8010
8030,640.3083167809139,-640.3083167809139,8011
8031,640.4329962148976,-640.4329962148976,8012
8032,640.604563360997,-640.604563360997,8013
8033,640.7876344964733,-640.7876344964733,8014
8034,641.1422198623442,-641.1422198623442,8015
8035,641.3068832010033,-641.3068832010033,8016
8036,641.501567665154,-641.501567665154,8017
8037,641.6251466346121,-641.6251466346121,8018
8038,641.7171441012651,-641.7171441012651,8019
8039,641.7715616536781,-641.7715616536781,8020
8040,641.8120373712169,-641.8120373712169,8021
8041,641.8345761769573,-641.8345761769573,8022
8042,641.8584922900178,-641.8584922900178,8023
8043,641.8906830861617,-641.8906830861617,8024
8044,641.9218616461574,-641.9218616461574,8025
8045,641.9497530764316,-641.9497530764316,8026
8046,642.0119398246829,-642.0119398246829,8027
8047,642.0915316919619,-642.0915316919619,8028
8048,642.3420190383641,-642.3420190383641,8029
8049,642.5486848426655,-642.5486848426655,8030
8050,642.7396708852489,-642.7396708852489,8031
8051,642.888446486052,-642.888446486052,8032
8052,643.1477942355701,-643.1477942355701,8033
8053,643.5684639864795,-643.5684639864795,8034
8054,644.3434421310797,-644.3434421310797,8035
8055,645.0781573066724,-645.0781573066724,8036
8056,645.9175568236509,-645.9175568236509,8037
8057,646.6705397718714,-646.6705397718714,8038
8058,647.1227990293859,-647.1227990293859,8039
8059,647.3118217443512,-647.3118217443512,8040
8060,647.4487464130889,-647.4487464130889,8041
8061,647.5876122047678,-647.5876122047678,8042
8062,647.6893234921226,-647.6893234921226,8043
8063,647.762791883405,-647.762791883405,8044
8064,647.8183871473814,-647.8183871473814,8045
8065,647.8750474269984,-647.8750474269984,8046
8066,647.9135323625917,-647.9135323625917,8047
8067,647.9482216692859,-647.9482216692859,8048
8068,647.9874892704667,-647.9874892704667,8049
8069,648.0080054014022,-648.0080054014022,8050
8070,648.0563414227929,-648.0563414227929,8051
8071,648.1650641848763,-648.1650641848763,8052
8072,648.2322072429395,-648.2322072429395,8053
8073,648.2638894027962,-648.2638894027962,8054
8074,648.4369803671914,-648.4369803671914,8055
8075,648.5574974121226,-648.5574974121226,8056
8076,648.9009418323004,-648.9009418323004,8057
8077,649.6302884559697,-649.6302884559697,8058
8078,649.7442045916407,-649.7442045916407,8059
8079,649.8503965030266,-649.8503965030266,8060
8080,650.0063643801246,-650.0063643801246,8061
8081,650.1962571517938,-650.1962571517938,8062
8082,650.3926054685094,-650.3926054685094,8063
8083,650.5194946766533,-650.5194946766533,8064
8084,650.6376771612249,-650.6376771612249,8065
8085,650.749435272798,-650.749435272798,8066
8086,650.8599606690834,-650.8599606690834,8067
8087,650.9136685189263,-650.9136685189263,8068
8088,651.0090730758529,-651.0090730758529,8069
8089,651.0913197826984,-651.0913197826984,8070
8090,651.1840497822574,-651.1840497822574,8071
8091,651.3335101713136,-651.3335101713136,8072
8092,651.4316841504248,-651.4316841504248,8073
8093,651.5536944428954,-651.5536944428954,8074
8094,651.6462765053168,-651.6462765053168,8075
8095,651.8140925859392,-651.8140925859392,8076
8096,651.9634693712131,-651.9634693712131,8077
8097,652.1183932619176,-652.1183932619176,8078
8098,652.2679307387874,-652.2679307387874,8079
8099,652.4031842150744,-652.4031842150744,8080
8100,652.5563446119036,-652.5563446119036,8081
8101,652.7253204154812,-652.7253204154812,8082
8102,652.8761716287353,-652.8761716287353,8083
8103,653.065747419065,-653.065747419065,8084
8104,653.2673732913476,-653.2673732913476,8085
8105,653.4456405801748,-653.4456405801748,8086
8106,653.6208526861798,-653.6208526861798,8087
8107,653.8267773387729,-653.8267773387729,8088
8108,654.0777329839563,-654.0777329839563,8089
8109,654.3357637252603,-654.3357637252603,8090
8110,654.4929322394512,-654.4929322394512,8091
8111,654.6940624523629,-654.6940624523629,8092
8112,654.7145933451329,-654.7145933451329,8093
8113,654.7562706124246,-654.7562706124246,8094
8114,654.7747780321298,-654.7747780321298,8095
8115,654.8008785870311,-654.8008785870311,8096
8116,654.8325052447497,-654.8325052447497,8097
8117,654.8687283223379,-654.8687283223379,8098
8118,654.8956331958834,-654.8956331958834,8099
8119,655.0117302242783,-655.0117302242783,8100
8120,655.325532856439,-655.325532856439,8101
8121,656.0719362904224,-656.0719362904224,8102
8122,656.885879830081,-656.885879830081,8103
8123,657.598662235073,-657.598662235073,8104
8124,657.9777137580494,-657.9777137580494,8105
8125,658.1086244791594,-658.1086244791594,8106
8126,658.2587329115918,-658.2587329115918,8107
8127,658.5276301240854,-658.5276301240854,8108
8128,658.7334549912148,-658.7334549912148,8109
8129,658.8384820931574,-658.8384820931574,8110
8130,659.0057279031304,-659.0057279031304,8111
8131,659.1779005801997,-659.1779005801997,8112
8132,659.3676694868727,-659.3676694868727,8113
8133,659.4930360718685,-659.4930360718685,8114
8134,659.6232622400099,-659.6232622400099,8115
8135,659.6742310350979,-659.6742310350979,8116
8136,659.696117127831,-659.696117127831,8117
8137,659.7157372575979,-659.7157372575979,8118
8138,659.7369680597086,-659.7369680597086,8119
8139,659.7587997466812,-659.7587997466812,8120
8140,659.7787310158835,-659.7787310158835,8121
8141,659.7966662695075,-659.7966662695075,8122
8142,659.8352648545476,-659.8352648545476,8123
8143,659.9253399963043,-659.9253399963043,8124
8144,660.130474679561,-660.130474679561,8125
8145,660.2216037279771,-660.2216037279771,8126
8146,660.2467766071003,-660.2467766071003,8127
8147,660.6821550768798,-660.6821550768798,8128
8148,661.4312327051292,-661.4312327051292,8129
8149,661.536400190298,-661.536400190298,8130
8150,661.5407670306149,-661.5407670306149,8131
8151,661.6438111772584,-661.6438111772584,8132
8152,661.7680464637541,-661.7680464637541,8133
8153,662.003609218965,-662.003609218965,8134
8154,662.2254416953326,-662.2254416953326,8135
8155,662.3973611301712,-662.3973611301712,8136
8156,662.5327659549872,-662.5327659549872,8137
8157,662.7214802536181,-662.7214802536181,8138
8158,662.8872616197397,-662.8872616197397,8139
8159,663.0106373920371,-663.0106373920371,8140
8160,663.0490740022644,-663.0490740022644,8141
8161,663.0870114084413,-663.0870114084413,8142
8162,663.123914618516,-663.123914618516,8143
8163,663.1737263238821,-663.1737263238821,8144
8164,663.2171669372534,-663.2171669372534,8145
8165,663.2578340490608,-663.2578340490608,8146
8166,663.3076046538907,-663.3076046538907,8147
8167,663.410272892843,-663.410272892843,8148
8168,663.6485620488255,-663.6485620488255,8149
8169,663.6965259313454,-663.6965259313454,8150
8170,663.8087523003084,-663.8087523003084,8151
8171,663.8243199013882,-663.8243199013882,8152
8172,663.900932590433,-663.900932590433,8153
8173,663.9170188608698,-663.9170188608698,8154
8174,664.0194899283792,-664.0194899283792,8155
8175,664.2150121096952,-664.2150121096952,8156
8176,664.3495369689854,-664.3495369689854,8157
8177,664.4992242936913,-664.4992242936913,8158
8178,664.595162653723,-664.595162653723,8159
8179,664.7238038305007,-664.7238038305007,8160
8180,664.8415713874357,-664.8415713874357,8161
8181,664.9595994490479,-664.9595994490479,8162
8182,665.0893098276423,-665.0893098276423,8163
8183,665.1595748603149,-665.1595748603149,8164
8184,665.2292553549739,-665.2292553549739,8165
8185,665.2953165084546,-665.2953165084546,8166
8186,665.3755468651192,-665.3755468651192,8167
8187,665.4723684186354,-665.4723684186354,8168
8188,665.5278983519997,-665.5278983519997,8169
8189,665.6179871081669,-665.6179871081669,8170
8190,665.7022628960278,-665.7022628960278,8171
8191,665.8785988613843,-665.8785988613843,8172
8192,666.0134835068445,-666.0134835068445,8173
8193,666.0644426333184,-666.0644426333184,8174
8194,666.1254699363511,-666.1254699363511,8175
8195,666.2197024116729,-666.2197024116729,8176
8196,666.2815887077379,-666.2815887077379,8177
8197,666.3783092889836,-666.3783092889836,8178
8198,666.8660161237805,-666.8660161237805,8179
8199,667.2085404334034,-667.2085404334034,8180
8200,667.327029364849,-667.327029364849,8181
8201,667.4452284403839,-667.4452284403839,8182
8202,667.575984288401,-667.575984288401,8183
8203,667.6906258476128,-667.6906258476128,8184
8204,667.8128497216417,-667.8128497216417,8185
8205,667.9398378022017,-667.9398378022017,8186
8206,668.078950618051,-668.078950618051,8187
8207,668.1611888183821,-668.1611888183821,8188
8208,668.25689311545,-668.25689311545,8189
8209,668.3330785351047,-668.3330785351047,8190
8210,668.4045251152744,-668.4045251152744,8191
8211,668.4585079157566,-668.4585079157566,8192
8212,668.5244192502169,-668.5244192502169,8193
8213,668.598426810249,-668.598426810249,8194
8214,668.7013382345586,-668.7013382345586,8195
8215,668.9329951622772,-668.9329951622772,8196
8216,669.1122586932597,-669.1122586932597,8197
8217,669.2313614791673,-669.2313614791673,8198
8218,669.3377978638528,-669.3377978638528,8199
8219,669.4196706371617,-669.4196706371617,8200
8220,670.1018492761832,-670.1018492761832,8201
8221,670.9881747137447,-670.9881747137447,8202
8222,671.2628808273967,-671.2628808273967,8203
8223,671.3707413275298,-671.3707413275298,8204
8224,671.5266133321239,-671.5266133321239,8205
8225,671.6444945744914,-671.6444945744914,8206
8226,671.7585881524378,-671.7585881524378,8207
8227,671.8492485235249,-671.8492485235249,8208
8228,672.0006491109618,-672.0006491109618,8209
8229,672.1411207199764,-672.1411207199764,8210
8230,672.2927718898317,-672.2927718898317,8211
8231,672.3778494757429,-672.3778494757429,8212
8232,672.4383865533568,-672.4383865533568,8213
8233,672.5071692376418,-672.5071692376418,8214
8234,672.5726864805613,-672.5726864805613,8215
8235,672.6334064840199,-672.6334064840199,8216
8236,672.7305805793549,-672.7305805793549,8217
8237,672.781856212521,-672.781856212521,8218
8238,672.8347956302401,-672.8347956302401,8219
8239,672.9463847989206,-672.9463847989206,8220
8240,673.0626807021886,-673.0626807021886,8221
8241,673.3049156751122,-673.3049156751122,8222
8242,673.6445328186757,-673.6445328186757,8223
8243,674.4968348855349,-674.4968348855349,8224
8244,675.1363219648343,-675.1363219648343,8225
8245,675.510434671425,-675.510434671425,8226
8246,675.6693508331498,-675.6693508331498,8227
8247,675.7343100081024,-675.7343100081024,8228
8248,675.8548531817847,-675.8548531817847,8229
8249,675.97247640057,-675.97247640057,8230
8250,676.1077100205342,-676.1077100205342,8231
8251,676.1948527726883,-676.1948527726883,8232
8252,676.2911167707588,-676.2911167707588,8233
8253,676.5235579820729,-676.5235579820729,8234
8254,676.6241976220078,-676.6241976220078,8235
8255,676.6866658390761,-676.6866658390761,8236
8256,676.7554419174181,-676.7554419174181,8237
8257,676.802155898216,-676.802155898216,8238
8258,676.8641848578026,-676.8641848578026,8239
8259,676.9055856020246,-676.9055856020246,8240
8260,676.9604855480868,-676.9604855480868,8241
8261,677.0544156703415,-677.0544156703415,8242
8262,677.1413805426197,-677.1413805426197,8243
8263,677.2783660071428,-677.2783660071428,8244
8264,677.3990168101337,-677.3990168101337,8245
8265,678.0723139761423,-678.0723139761423,8246
8266,678.809879979155,-678.809879979155,8247
8267,679.5076307842892,-679.5076307842892,8248
8268,680.1920885893833,-680.1920885893833,8249
8269,680.9143742500261,-680.9143742500261,8250
8270,681.4022233096558,-681.4022233096558,8251
8271,681.5048703652966,-681.5048703652966,8252
8272,681.6312004885192,-681.6312004885192,8253
8273,681.7049028569235,-681.7049028569235,8254
8274,681.812074036943,-681.812074036943,8255
8275,681.8986038917252,-681.8986038917252,8256
8276,682.0044490972649,-682.0044490972649,8257
8277,682.1265624946551,-682.1265624946551,8258
8278,682.26519321582,-682.26519321582,8259
8279,682.3605534480556,-682.3605534480556,8260
8280,682.4152345945139,-682.4152345945139,8261
8281,682.4683650521712,-682.4683650521712,8262
8282,682.5581774454378,-682.5581774454378,8263
8283,682.6027745947991,-682.6027745947991,8264
8284,682.6487235633516,-682.6487235633516,8265
8285,682.7180590863192,-682.7180590863192,8266
8286,682.7954427529252,-682.7954427529252,8267
8287,682.9356129340027,-682.9356129340027,8268
8288,683.1542643835262,-683.1542643835262,8269
8289,683.2955736961115,-683.2955736961115,8270
8290,683.3662917668963,-683.3662917668963,8271
8291,683.4522211870622,-683.4522211870622,8272
8292,684.1829066623831,-684.1829066623831,8273
8293,684.9041747105626,-684.9041747105626,8274
8294,685.6799198781424,-685.6799198781424,8275
8295,686.0473387708928,-686.0473387708928,8276
8296,686.1681413110696,-686.1681413110696,8277
8297,686.3010595682885,-686.3010595682885,8278
8298,686.4373916706002,-686.4373916706002,8279
8299,686.58784457567,-686.58784457567,8280
8300,686.7276984746237,-686.7276984746237,8281
8301,686.8636940991948,-686.8636940991948,8282
8302,687.0014593311465,-687.0014593311465,8283
8303,687.1189939200319,-687.1189939200319,8284
8304,687.185687257537,-687.185687257537,8285
8305,687.2463522068941,-687.2463522068941,8286
8306,687.3211996305765,-687.3211996305765,8287
8307,687.3788038892851,-687.3788038892851,8288
8308,687.4446321085609,-687.4446321085609,8289
8309,687.5300544109878,-687.5300544109878,8290
8310,687.612556838889,-687.612556838889,8291
8311,687.7323896383597,-687.7323896383597,8292
8312,687.8525822948297,-687.8525822948297,8293
8313,687.9230782197358,-687.9230782197358,8294
8314,688.0083551027838,-688.0083551027838,8295
8315,688.0686289735226,-688.0686289735226,8296
8316,688.1465210990159,-688.1465210990159,8297
8317,688.6844572842624,-688.6844572842624,8298
8318,689.2880641629788,-689.2880641629788,8299
8319,690.0544038577056,-690.0544038577056,8300
8320,690.7870405121377,-690.7870405121377,8301
8321,691.2428867965037,-691.2428867965037,8302
8322,691.4514185545585,-691.4514185545585,8303
8323,691.5901217888689,-691.5901217888689,8304
8324,691.7867467181387,-691.7867467181387,8305
8325,691.8914128199779,-691.8914128199779,8306
8326,692.0293036021063,-692.0293036021063,8307
8327,692.1136449698201,-692.1136449698201,8308
8328,692.178232010899,-692.178232010899,8309
8329,692.270998631186,-692.270998631186,8310
8330,692.3281380674323,-692.3281380674323,8311
8331,692.3858609003462,-692.3858609003462,8312
8332,692.4421209756206,-692.4421209756206,8313
8333,692.5526528161993,-692.5526528161993,8314
8334,692.6451664563001,-692.6451664563001,8315
8335,692.7995623802308,-692.7995623802308,8316
8336,692.9375995519794,-692.9375995519794,8317
8337,692.9955982622781,-692.9955982622781,8318
8338,693.0651297844183,-693.0651297844183,8319
8339,693.1336819194421,-693.1336819194421,8320
8340,693.233279569206,-693.233279569206,8321
8341,693.3400438696244,-693.3400438696244,8322
8342,693.4415126585988,-693.4415126585988,8323
8343,693.5935787707524,-693.5935787707524,8324
8344,693.7469904379967,-693.7469904379967,8325
8345,693.917666896386,-693.917666896386,8326
8346,694.1112433355731,-694.1112433355731,8327
8347,694.2909772890738,-694.2909772890738,8328
8348,694.4703666009226,-694.4703666009226,8329
8349,694.6516154676533,-694.6516154676533,8330
8350,694.763602115496,-694.763602115496,8331
8351,694.883448442046,-694.883448442046,8332
8352,694.9420010129389,-694.9420010129389,8333
8353,694.9982198553747,-694.9982198553747,8334
8354,695.0823347834664,-695.0823347834664,8335
8355,695.1586964960098,-695.1586964960098,8336
8356,695.2196417904867,-695.2196417904867,8337
8357,695.2926704408517,-695.2926704408517,8338
8358,695.3594587587642,-695.3594587587642,8339
8359,695.5143822102735,-695.5143822102735,8340
8360,695.6849858753795,-695.6849858753795,8341
8361,695.7945533947184,-695.7945533947184,8342
8362,695.9010734377848,-695.9010734377848,8343
8363,696.0196683256421,-696.0196683256421,8344
8364,696.0950935445289,-696.0950935445289,8345
8365,696.3933527565888,-696.3933527565888,8346
8366,697.1836602299436,-697.1836602299436,8347
8367,697.693159992691,-697.693159992691,8348
8368,697.8892688289355,-697.8892688289355,8349
8369,698.0552154105952,-698.0552154105952,8350
8370,698.2257751341184,-698.2257751341184,8351
8371,698.3950992801383,-698.3950992801383,8352
8372,698.5690927269148,-698.5690927269148,8353
8373,698.7715870246283,-698.7715870246283,8354
8374,698.9480676996187,-698.9480676996187,8355
8375,699.0494939183532,-699.0494939183532,8356
8376,699.1676293397095,-699.1676293397095,8357
8377,699.276119885091,-699.276119885091,8358
8378,699.3824291342714,-699.3824291342714,8359
8379,699.4719675616284,-699.4719675616284,8360
8380,699.5809470299052,-699.5809470299052,8361
8381,699.6774078061392,-699.6774078061392,8362
8382,699.7826041289185,-699.7826041289185,8363
8383,699.9404399383264,-699.9404399383264,8364
8384,700.1056372466837,-700.1056372466837,8365
8385,700.292503322072,-700.292503322072,8366
8386,700.4635830958447,-700.4635830958447,8367
8387,700.6068742605504,-700.6068742605504,8368
8388,700.6801955394261,-700.6801955394261,8369
8389,700.7781288479573,-700.7781288479573,8370
8390,700.8919525148507,-700.8919525148507,8371
8391,701.0173304496026,-701.0173304496026,8372
8392,701.1143813594009,-701.1143813594009,8373
8393,701.210384228279,-701.210384228279,8374
8394,701.3692805191047,-701.3692805191047,8375
8395,701.5445224185551,-701.5445224185551,8376
8396,701.7119790509288,-701.7119790509288,8377
8397,701.8828088081418,-701.8828088081418,8378
8398,702.0443289524366,-702.0443289524366,8379
8399,702.1726319194204,-702.1726319194204,8380
8400,702.2832250910542,-702.2832250910542,8381
8401,702.3718289136976,-702.3718289136976,8382
8402,702.4218370637998,-702.4218370637998,8383
8403,702.5146403733169,-702.5146403733169,8384
8404,702.5998184339168,-702.5998184339168,8385
8405,702.6834481391473,-702.6834481391473,8386
8406,702.7954591010533,-702.7954591010533,8387
8407,702.9290442312007,-702.9290442312007,8388
8408,703.1155981545323,-703.1155981545323,8389
8409,703.7899071985985,-703.7899071985985,8390
8410,704.3925977156791,-704.3925977156791,8391
8411,704.77407399742,-704.77407399742,8392
8412,705.1948376650902,-705.1948376650902,8393
8413,705.4091815908861,-705.4091815908861,8394
8414,705.5387753893573,-705.5387753893573,8395
8415,705.6458191401437,-705.6458191401437,8396
8416,705.7694678341985,-705.7694678341985,8397
8417,705.8836734069702,-705.8836734069702,8398
8418,706.0089070906126,-706.0089070906126,8399
8419,706.1023561935749,-706.1023561935749,8400
8420,706.2267342883438,-706.2267342883438,8401
8421,706.3459243554664,-706.3459243554664,8402
8422,706.4144743867026,-706.4144743867026,8403
8423,706.4549363514953,-706.4549363514953,8404
8424,706.5033786205989,-706.5033786205989,8405
8425,706.542238954695,-706.542238954695,8406
8426,706.562621688392,-706.562621688392,8407
8427,706.5833436773624,-706.5833436773624,8408
8428,706.6264912142555,-706.6264912142555,8409
8429,706.6497392189889,-706.6497392189889,8410
8430,706.6766178625535,-706.6766178625535,8411
8431,706.7624068459124,-706.7624068459124,8412
8432,706.8556134473687,-706.8556134473687,8413
8433,706.9890346388864,-706.9890346388864,8414
8434,707.5691791614001,-707.5691791614001,8415
8435,708.2570074948073,-708.2570074948073,8416
8436,708.5032559034446,-708.5032559034446,8417
8437,708.5657607061232,-708.5657607061232,8418
8438,708.6210953344666,-708.6210953344666,8419
8439,708.6915151236694,-708.6915151236694,8420
8440,708.8010886383727,-708.8010886383727,8421
8441,708.9746600373712,-708.9746600373712,8422
8442,709.1590068766906,-709.1590068766906,8423
8443,709.3089078821605,-709.3089078821605,8424
8444,709.5016238745111,-709.5016238745111,8425
8445,709.6449738671593,-709.6449738671593,8426
8446,709.8257040435592,-709.8257040435592,8427
8447,709.9675051429067,-709.9675051429067,8428
8448,710.0826537429175,-710.0826537429175,8429
8449,710.1819494464535,-710.1819494464535,8430
8450,710.2975056690779,-710.2975056690779,8431
8451,710.3574090608937,-710.3574090608937,8432
8452,710.4149031584509,-710.4149031584509,8433
8453,710.467318133371,-710.467318133371,8434
8454,710.578054360128,-710.578054360128,8435
8455,710.6612043775438,-710.6612043775438,8436
8456,710.8012120926392,-710.8012120926392,8437
8457,710.9745757359196,-710.9745757359196,8438
8458,711.1876618249748,-711.1876618249748,8439
8459,711.3482475467127,-711.3482475467127,8440
8460,711.4514658437598,-711.4514658437598,8441
8461,711.5763677367217,-711.5763677367217,8442
8462,711.662849444179,-711.662849444179,8443
8463,711.7693618401761,-711.7693618401761,8444
8464,711.8993706107115,-711.8993706107115,8445
8465,712.0631274036908,-712.0631274036908,8446
8466,712.1898853475689,-712.1898853475689,8447
8467,712.3964654816473,-712.3964654816473,8448
8468,712.5331040431531,-712.5331040431531,8449
8469,712.6477213322269,-712.6477213322269,8450
8470,712.76056776788,-712.76056776788,8451
8471,712.8200321203254,-712.8200321203254,8452
8472,712.9218672014728,-712.9218672014728,8453
8473,712.977969940338,-712.977969940338,8454
8474,713.0321380540498,-713.0321380540498,8455
8475,713.1089566660685,-713.1089566660685,8456
8476,713.1759580180083,-713.1759580180083,8457
8477,713.2607758506126,-713.2607758506126,8458
8478,713.353620760613,-713.353620760613,8459
8479,713.4810568980593,-713.4810568980593,8460
8480,713.5735182824582,-713.5735182824582,8461
8481,713.6987945964577,-713.6987945964577,8462
8482,713.9288845159463,-713.9288845159463,8463
8483,714.0686428330118,-714.0686428330118,8464
8484,714.2040774623243,-714.2040774623243,8465
8485,714.3624717872127,-714.3624717872127,8466
8486,714.500983329794,-714.500983329794,8467
8487,714.6344469768541,-714.6344469768541,8468
8488,714.7344218956443,-714.7344218956443,8469
8489,714.8308638815377,-714.8308638815377,8470
8490,714.8878093214579,-714.8878093214579,8471
8491,715.0229888183242,-715.0229888183242,8472
8492,715.1259499836212,-715.1259499836212,8473
8493,715.2990398690531,-715.2990398690531,8474
8494,715.392815155507,-715.392815155507,8475
8495,715.4410091477448,-715.4410091477448,8476
8496,715.4919229198416,-715.4919229198416,8477
8497,715.5262009475356,-715.5262009475356,8478
8498,715.5740911510388,-715.5740911510388,8479
8499,715.606232806154,-715.606232806154,8480
8500,715.6289697122837,-715.6289697122837,8481
8501,715.6670482241448,-715.6670482241448,8482
8502,715.7040979586116,-715.7040979586116,8483
8503,715.7957641745496,-715.7957641745496,8484
8504,716.0559276234618,-716.0559276234618,8485
8505,716.2505046288161,-716.2505046288161,8486
8506,716.3622552171084,-716.3622552171084,8487
8507,716.5431543257257,-716.5431543257257,8488
8508,716.7145032276616,-716.7145032276616,8489
8509,717.2429044163088,-717.2429044163088,8490
8510,717.4662010287402,-717.4662010287402,8491
8511,717.5529226649013,-717.5529226649013,8492
8512,717.6516102562238,-717.6516102562238,8493
8513,717.7737621996039,-717.7737621996039,8494
8514,717.9393551662844,-717.9393551662844,8495
8515,718.0983747897877,-718.0983747897877,8496
8516,718.1945097940629,-718.1945097940629,8497
8517,718.2973854437357,-718.2973854437357,8498
8518,718.3927350394811,-718.3927350394811,8499
8519,718.448444907013,-718.448444907013,8500
8520,718.5093379943283,-718.5093379943283,8501
8521,718.5328439306109,-718.5328439306109,8502
8522,718.5530568491752,-718.5530568491752,8503
8523,718.5747834519132,-718.5747834519132,8504
8524,718.5941942489912,-718.5941942489912,8505
8525,718.6295281332974,-718.6295281332974,8506
8526,718.6457861141923,-718.6457861141923,8507
8527,718.9235327590745,-718.9235327590745,8508
8528,719.2729213407885,-719.2729213407885,8509
8529,719.4174176442348,-719.4174176442348,8510
8530,719.6826962837351,-719.6826962837351,8511
8531,719.9791621771238,-719.9791621771238,8512
8532,720.1058142484686,-720.1058142484686,8513
8533,720.4138929393065,-720.4138929393065,8514
8534,720.5252124498854,-720.5252124498854,8515
8535,720.5905587331181,-720.5905587331181,8516
8536,720.758241187456,-720.758241187456,8517
8537,720.8488848243929,-720.8488848243929,8518
8538,720.9686084833951,-720.9686084833951,8519
8539,721.0801428403234,-721.0801428403234,8520
8540,721.208581742294,-721.208581742294,8521
8541,721.3135051701139,-721.3135051701139,8522
8542,721.3917765382862,-721.3917765382862,8523
8543,721.4622733534251,-721.4622733534251,8524
8544,721.5804502441988,-721.5804502441988,8525
8545,721.6887080845271,-721.6887080845271,8526
8546,721.7948574681244,-721.7948574681244,8527
8547,721.8843316750373,-721.8843316750373,8528
8548,721.9924541852691,-721.9924541852691,8529
8549,722.0877704503678,-722.0877704503678,8530
8550,722.1935242988329,-722.1935242988329,8531
8551,722.3517146942536,-722.3517146942536,8532
8552,722.516693549326,-722.516693549326,8533
8553,722.7046153129454,-722.7046153129454,8534
8554,722.8768901093899,-722.8768901093899,8535
8555,723.2605603335772,-723.2605603335772,8536
8556,723.8247637604323,-723.8247637604323,8537
8557,724.5453810004153,-724.5453810004153,8538
8558,724.8027657807397,-724.8027657807397,8539
8559,724.9282027033354,-724.9282027033354,8540
8560,725.0250205846016,-725.0250205846016,8541
8561,725.1209122995748,-725.1209122995748,8542
8562,725.2799204445457,-725.2799204445457,8543
8563,725.4553288922178,-725.4553288922178,8544
8564,725.6222555857211,-725.6222555857211,8545
8565,725.7924213553454,-725.7924213553454,8546
8566,725.9537341109284,-725.9537341109284,8547
8567,726.0820370779122,-726.0820370779122,8548
8568,726.1264615313048,-726.1264615313048,8549
8569,726.1655699217126,-726.1655699217126,8550
8570,726.1890073475131,-726.1890073475131,8551
8571,726.2088696593161,-726.2088696593161,8552
8572,726.2284038196024,-726.2284038196024,8553
8573,726.2479507724408,-726.2479507724408,8554
8574,726.2662126816615,-726.2662126816615,8555
8575,726.353837737722,-726.353837737722,8556
8576,726.4416640759925,-726.4416640759925,8557
8577,726.6806519165018,-726.6806519165018,8558
8578,727.535556193292,-727.535556193292,8559
8579,728.3306066259082,-728.3306066259082,8560
8580,729.2248380674326,-729.2248380674326,8561
8581,730.2787732933391,-730.2787732933391,8562
8582,731.0575408147987,-731.0575408147987,8563
8583,731.4358069391043,-731.4358069391043,8564
8584,731.6719922942223,-731.6719922942223,8565
8585,731.8112068771184,-731.8112068771184,8566
8586,731.9947961321849,-731.9947961321849,8567
8587,732.0767725817553,-732.0767725817553,8568
8588,732.2345142231458,-732.2345142231458,8569
8589,732.3290357468404,-732.3290357468404,8570
8590,732.4379323151862,-732.4379323151862,8571
8591,732.4958032686759,-732.4958032686759,8572
8592,732.5343769453857,-732.5343769453857,8573
8593,732.5582590883557,-732.5582590883557,8574
8594,732.5795241411328,-732.5795241411328,8575
8595,732.5992078428065,-732.5992078428065,8576
8596,732.6191099464141,-732.6191099464141,8577
8597,732.6411013820954,-732.6411013820954,8578
8598,732.7131608249414,-732.7131608249414,8579
8599,732.7959507986793,-732.7959507986793,8580
8600,732.8950816137924,-732.8950816137924,8581
8601,733.0334274459449,-733.0334274459449,8582
8602,733.2387998599477,-733.2387998599477,8583
8603,733.5098278453445,-733.5098278453445,8584
8604,733.712417783145,-733.712417783145,8585
8605,733.8109739775324,-733.8109739775324,8586
8606,734.0336613820715,-734.0336613820715,8587
8607,734.1644849067075,-734.1644849067075,8588
8608,734.3341985206142,-734.3341985206142,8589
8609,734.5773118684765,-734.5773118684765,8590
8610,734.8174490653516,-734.8174490653516,8591
8611,734.9491286882803,-734.9491286882803,8592
8612,735.1811966749024,-735.1811966749024,8593
8613,735.3847953956179,-735.3847953956179,8594
8614,735.4516102674046,-735.4516102674046,8595
8615,735.4964253095317,-735.4964253095317,8596
8616,735.5458407505714,-735.5458407505714,8597
8617,735.5827395664272,-735.5827395664272,8598
8618,735.6029298858576,-735.6029298858576,8599
8619,735.6249685006178,-735.6249685006178,8600
8620,735.6428022608303,-735.6428022608303,8601
8621,735.6619334330053,-735.6619334330053,8602
8622,735.6976385423899,-735.6976385423899,8603
8623,735.778421477616,-735.778421477616,8604
8624,735.8841704567843,-735.8841704567843,8605
8625,735.9616022434955,-735.9616022434955,8606
8626,736.2368772688029,-736.2368772688029,8607
8627,736.4417311899305,-736.4417311899305,8608
8628,736.6468828007478,-736.6468828007478,8609
8629,736.7896034774537,-736.7896034774537,8610
8630,736.935008154959,-736.935008154959,8611
8631,737.108361731059,-737.108361731059,8612
8632,737.3384636687396,-737.3384636687396,8613
8633,737.5143432278063,-737.5143432278063,8614
8634,737.6792811753439,-737.6792811753439,8615
8635,737.8945654683813,-737.8945654683813,8616
8636,738.014368363981,-738.014368363981,8617
8637,738.1149806874989,-738.1149806874989,8618
8638,738.2420872586536,-738.2420872586536,8619
8639,738.3177204947096,-738.3177204947096,8620
8640,738.3489738639938,-738.3489738639938,8621
8641,738.372325732475,-738.372325732475,8622
8642,738.3920392155114,-738.3920392155114,8623
8643,738.4126761801182,-738.4126761801182,8624
8644,738.4304931863142,-738.4304931863142,8625
8645,738.4493915225665,-738.4493915225665,8626
8646,738.472811826412,-738.472811826412,8627
8647,738.5528019606345,-738.5528019606345,8628
8648,738.7793508812074,-738.7793508812074,8629
8649,738.861921603649,-738.861921603649,8630
8650,738.9660338615727,-738.9660338615727,8631
8651,739.0341674359343,-739.0341674359343,8632
8652,739.0440947096016,-739.0440947096016,8633
8653,739.0636120694338,-739.0636120694338,8634
8654,739.1057868259475,-739.1057868259475,8635
8655,739.2506720641206,-739.2506720641206,8636
8656,739.415305914129,-739.415305914129,8637
8657,739.595988343069,-739.595988343069,8638
8658,739.7973823538264,-739.7973823538264,8639
8659,739.9073440199578,-739.9073440199578,8640
8660,740.0794569774855,-740.0794569774855,8641
8661,740.2233025811964,-740.2233025811964,8642
8662,740.3329611577535,-740.3329611577535,8643
8663,740.4032639372429,-740.4032639372429,8644
8664,740.4495449559705,-740.4495449559705,8645
8665,740.4999829410103,-740.4999829410103,8646
8666,740.5394885818339,-740.5394885818339,8647
8667,740.5982345805337,-740.5982345805337,8648
8668,740.6552903942862,-740.6552903942862,8649
8669,740.6899767702247,-740.6899767702247,8650
8670,740.7399492490837,-740.7399492490837,8651
8671,740.8423213353623,-740.8423213353623,8652
8672,740.9623193767005,-740.9623193767005,8653
8673,741.0667986102761,-741.0667986102761,8654
8674,741.2373622585578,-741.2373622585578,8655
8675,741.3090478520332,-741.3090478520332,8656
8676,741.3179475922296,-741.3179475922296,8657
8677,741.8689368361446,-741.8689368361446,8658
8678,742.2880725250329,-742.2880725250329,8659
8679,742.6340482991912,-742.6340482991912,8660
8680,743.0728028581664,-743.0728028581664,8661
8681,743.4147757709917,-743.4147757709917,8662
8682,743.6146118132489,-743.6146118132489,8663
8683,743.8547718152623,-743.8547718152623,8664
8684,743.9922846453849,-743.9922846453849,8665
8685,744.145826607,-744.145826607,8666
8686,744.3027340026104,-744.3027340026104,8667
8687,744.3787707925036,-744.3787707925036,8668
8688,744.4172258862403,-744.4172258862403,8669
8689,744.4394807182316,-744.4394807182316,8670
8690,744.4614467391277,-744.4614467391277,8671
8691,744.4874800380694,-744.4874800380694,8672
8692,744.5158955484053,-744.5158955484053,8673
8693,744.537710903934,-744.537710903934,8674
8694,744.5763478982559,-744.5763478982559,8675
8695,744.6626645906949,-744.6626645906949,8676
8696,744.7598280946781,-744.7598280946781,8677
8697,744.8622948474945,-744.8622948474945,8678
8698,744.9646725400494,-744.9646725400494,8679
8699,745.1338855689,-745.1338855689,8680
8700,745.4639825482119,-745.4639825482119,8681
8701,746.3554964493912,-746.3554964493912,8682
8702,746.9137980779665,-746.9137980779665,8683
8703,747.2838448605146,-747.2838448605146,8684
8704,747.4482983691371,-747.4482983691371,8685
8705,747.5634649264481,-747.5634649264481,8686
8706,747.7001512291658,-747.7001512291658,8687
8707,747.8653302146854,-747.8653302146854,8688
8708,748.047180219419,-748.047180219419,8689
8709,748.2188106043923,-748.2188106043923,8690
8710,748.3482787271754,-748.3482787271754,8691
8711,748.4889563964434,-748.4889563964434,8692
8712,748.5258249370131,-748.5258249370131,8693
8713,748.5819604467486,-748.5819604467486,8694
8714,748.6303424717663,-748.6303424717663,8695
8715,748.6802076428874,-748.6802076428874,8696
8716,748.7575741826657,-748.7575741826657,8697
8717,748.8221269472857,-748.8221269472857,8698
8718,748.867508003326,-748.867508003326,8699
8719,748.9534771723366,-748.9534771723366,8700
8720,749.1297136771776,-749.1297136771776,8701
8721,749.1925066292808,-749.1925066292808,8702
8722,749.2608288815502,-749.2608288815502,8703
8723,749.2970520674987,-749.2970520674987,8704
8724,749.3361482172877,-749.3361482172877,8705
8725,749.4281155192584,-749.4281155192584,8706
8726,749.438491870116,-749.438491870116,8707
8727,749.5198946780133,-749.5198946780133,8708
8728,749.6687114766585,-749.6687114766585,8709
8729,749.800923288623,-749.800923288623,8710
8730,749.9287102510207,-749.9287102510207,8711
8731,750.059913668063,-750.059913668063,8712
8732,750.1602824803616,-750.1602824803616,8713
8733,750.2733775048764,-750.2733775048764,8714
8734,750.3801839911773,-750.3801839911773,8715
8735,750.4503932620905,-750.4503932620905,8716
