,cum_cost,cum_penalty,cum_interventions
0,0.06247308830018997,0.0,0.0
1,0.09504768811258793,0.0,0.0
2,0.11397530139464379,0.0,0.0
3,0.13572159987845422,0.0,0.0
4,0.1575545115852213,0.0,0.0
5,0.17519664228749277,0.0,0.0
6,0.19814891332795145,0.0,0.0
7,0.2875274934628916,0.0,0.0
8,0.3857588232225323,0.0,0.0
9,0.4658289522325945,0.0,0.0
10,0.7022921313640127,0.0,0.0
11,1.3366076843127415,0.0,0.0
12,2.0711159874710843,0.0,0.0
13,2.410365431332085,0.0,0.0
14,2.5853629480637523,0.0,0.0
15,3.203816014266944,0.0,0.0
16,3.453389278428056,0.0,0.0
17,3.70661200101784,0.0,0.0
18,3.7943675482216572,0.0,0.0
19,3.98726199269655,0.0,0.0
20,4.097107585233925,0.0,0.0
21,4.2041076559507635,0.0,0.0
22,4.332919721474183,0.0,0.0
23,4.400006199566005,0.0,0.0
24,4.434906620061539,0.0,0.0
25,4.4585645411782675,0.0,0.0
26,4.479180314779089,0.0,0.0
27,4.500407686508306,0.0,0.0
28,4.517116790793227,0.0,0.0
29,4.54334353564216,0.0,0.0
30,4.580914016642641,0.0,0.0
31,4.665410379290203,0.0,0.0
32,4.742761414112505,0.0,0.0
33,5.125844368593036,0.0,0.0
34,5.913008711271161,0.0,0.0
35,6.697347030238301,0.0,0.0
36,7.522829770358965,0.0,0.0
37,7.896162620073171,0.0,0.0
38,8.158334287823717,0.0,0.0
39,8.734818694308588,0.0,0.0
40,8.942499218606526,0.0,0.0
41,9.20228627600128,0.0,0.0
42,9.348828707389954,0.0,0.0
43,9.505189775969676,0.0,0.0
44,9.59188878385714,0.0,0.0
45,9.747746294621454,0.0,0.0
46,9.837151921993833,0.0,0.0
47,9.90158385770042,0.0,0.0
48,9.937249527338318,0.0,0.0
49,9.990247385769624,0.0,0.0
50,10.03256832786673,0.0,0.0
51,10.080392606990314,0.0,0.0
52,10.114722214384948,0.0,0.0
53,10.144001724808906,0.0,0.0
54,10.212631220793556,0.0,0.0
55,10.309132746147819,0.0,0.0
56,10.444339740208592,0.0,0.0
57,11.06440332039924,0.0,0.0
58,11.762856324548776,0.0,0.0
59,12.24258850962901,0.0,0.0
60,12.463868190815946,0.0,0.0
61,12.561862017192874,0.0,0.0
62,12.57659141257271,0.0,0.0
63,12.723344870226862,0.0,0.0
64,12.808800945967853,0.0,0.0
65,12.90638052303696,0.0,0.0
66,12.994495983062743,0.0,0.0
67,13.103523256086463,0.0,0.0
68,13.206295673629747,0.0,0.0
69,13.401446428223567,0.0,0.0
70,13.528369902612123,0.0,0.0
71,13.576904619371348,0.0,0.0
72,13.839401934744608,0.0,0.0
73,13.895673738919387,0.0,0.0
74,13.941967540703626,0.0,0.0
75,13.989525809776296,0.0,0.0
76,14.061430923050052,0.0,0.0
77,14.117848819722672,0.0,0.0
78,14.156747139117828,0.0,0.0
79,14.23931948798164,0.0,0.0
80,14.409665267656127,0.0,0.0
81,14.488105969630011,0.0,0.0
82,14.579636413218687,0.0,0.0
83,14.630266286958449,0.0,0.0
84,14.697291176313144,0.0,0.0
85,14.815433686164951,0.0,0.0
86,14.889127678026032,0.0,0.0
87,14.966776911917943,0.0,0.0
88,15.111151817593592,0.0,0.0
89,15.23911259934758,0.0,0.0
90,15.435951818995632,0.0,0.0
91,16.215078855682023,0.0,0.0
92,16.883351257153265,0.0,0.0
93,17.160242636534992,0.0,0.0
94,17.264190968524847,0.0,0.0
95,17.330639719776922,0.0,0.0
96,17.35678495408203,0.0,0.0
97,17.381621260802078,0.0,0.0
98,17.40118840489548,0.0,0.0
99,17.416718654967497,0.0,0.0
100,17.448903301468246,0.0,0.0
101,17.476168739516055,0.0,0.0
102,17.505627147500626,0.0,0.0
103,17.566828068693667,0.0,0.0
104,17.661992791715125,0.0,0.0
105,17.677106974491966,0.0,0.0
106,17.95523564032185,0.0,0.0
107,18.24450934616229,0.0,0.0
108,18.289716351650956,0.0,0.0
109,18.316764277838505,0.0,0.0
110,18.319460495575377,0.0,0.0
111,18.395344547902525,0.0,0.0
112,18.599431905050128,0.0,0.0
113,18.67477155169821,0.0,0.0
114,18.76105677967361,0.0,0.0
115,18.849758531995807,0.0,0.0
116,18.97543308139393,0.0,0.0
117,19.08783982598022,0.0,0.0
118,19.255962292017863,0.0,0.0
119,19.401649760591315,0.0,0.0
120,19.483019042729957,0.0,0.0
121,19.504793546811484,0.0,0.0
122,19.527937970793484,0.0,0.0
123,19.542364973929722,0.0,0.0
124,19.567516860238044,0.0,0.0
125,19.593033654535585,0.0,0.0
126,19.66395922326791,0.0,0.0
127,19.76406435628984,0.0,0.0
128,19.838628758515895,0.0,0.0
129,20.1841687985159,5.432633390571425e-05,1.0
130,20.418016938515898,0.000287454704818042,2.0
131,20.596780958515897,0.0005616699025911397,3.0
132,20.798804288515896,0.0007625645589434526,4.0
133,20.978093227515895,0.0010463851988542338,5.0
134,21.088945523515896,0.0013252010323332297,6.0
135,21.183004333515896,0.0015229083588995645,7.0
136,21.266670213515898,0.0017979740391451098,8.0
137,21.402302223515896,0.0019989830793109686,9.0
138,21.516108303515896,0.002210345875537338,10.0
139,21.611726293515897,0.0024579952021510348,11.0
140,21.787892173515896,0.0027034299805524225,12.0
141,21.916248873515897,0.002980595625099917,13.0
142,22.013945523515897,0.0032947196877833023,14.0
143,22.072667483515897,0.003683499478802003,15.0
144,22.1173586735159,0.0041268080288708025,16.0
145,22.1542547035159,0.004546546386549747,17.0
146,22.1979065635159,0.004924253290827433,18.0
147,22.2322044535159,0.0053098962166205615,19.0
148,22.278454453515902,0.005552847597491832,20.0
149,22.309114503515904,0.0057309669333805695,21.0
150,22.384985223515905,0.005926236687717841,22.0
151,22.453580633515905,0.0061959159504468685,23.0
152,22.633903833515905,0.006262363472402719,24.0
153,22.825509813515907,0.006395672661493447,25.0
154,23.00464383351591,0.0065897445571078805,26.0
155,23.15742460351591,0.0067967769671714705,27.0
156,23.25642809351591,0.006989151823666174,28.0
157,23.924767083300797,0.006989151823666174,28.0
158,24.71805731202401,0.006989151823666174,28.0
159,25.19687801577543,0.006989151823666174,28.0
160,25.47139544577543,0.007040270473928535,29.0
161,25.83723812577543,0.007100806766325419,30.0
162,25.996254875775428,0.0073375605325352155,31.0
163,26.159948795775428,0.007541588180939444,32.0
164,26.271156735775428,0.007823806944938309,33.0
165,26.362097925775426,0.00813907137418887,34.0
166,26.468628695775426,0.008462647159775098,35.0
167,26.506564055775424,0.00886880321992736,36.0
168,26.569962815775423,0.00925515667581575,37.0
169,26.580356115775423,0.009677730740540373,38.0
170,26.611536015775425,0.010064870141122088,39.0
171,26.630763435775425,0.010394079890595735,40.0
172,26.693642715775425,0.01064095176478899,41.0
173,26.706114675775424,0.01091277374905472,42.0
174,26.772111945775425,0.011173974138294433,43.0
175,26.832912565775423,0.011424514062805672,44.0
176,26.919176585775425,0.011501283281793602,45.0
177,26.986583185775427,0.011511711308573687,46.0
178,27.131049315775428,0.011538889434026976,47.0
179,27.317088645775428,0.011755370039529088,48.0
180,27.480782565775428,0.011768651821879151,49.0
181,27.54729931577543,0.011768651821879151,49.0
182,27.91729931577543,0.011768651821879151,49.0
183,28.12776271577543,0.01186780162109116,50.0
184,28.345501425775428,0.011934236025222185,51.0
185,28.570515445775428,0.01206889783013526,52.0
186,28.795009985775426,0.01221611607201689,53.0
187,28.944153285775425,0.012462504939647399,54.0
188,29.053802045775424,0.012775898922540161,55.0
189,29.155656015775424,0.013091014146126899,56.0
190,29.278816065775423,0.013427154394275496,57.0
191,29.350529465775423,0.013774914471682385,58.0
192,29.405613585775424,0.014190042281961466,59.0
193,29.448745595775424,0.0145966309004229,60.0
194,29.473169665775423,0.01501505419407667,61.0
195,29.516301675775424,0.015361710568766838,62.0
196,29.564110485775423,0.01574499999447765,63.0
197,29.625950435775422,0.01604278235792972,64.0
198,29.66388579577542,0.016314760614466572,65.0
199,29.772495225775423,0.016504326813340922,66.0
200,29.864475745775422,0.016786074152484634,67.0
201,30.063506515775423,0.016868412485214604,68.0
202,30.241751055775424,0.016920038008311183,69.0
203,30.404405645775423,0.01701935636096577,70.0
204,30.589192340775423,0.017156837164460412,71.0
205,30.802921508775423,0.0171769419643914,72.0
206,30.954035317775425,0.017284411449602535,73.0
207,31.188773307775428,0.017382318358138166,74.0
208,31.351947377775428,0.017535170827884056,75.0
209,31.628927897775426,0.01760676625859256,76.0
210,31.789503827775427,0.017789391056177148,77.0
211,31.903309907775427,0.018061734368567048,78.0
212,32.02075382777543,0.018350191157973636,79.0
213,32.14599253777543,0.018625125623959224,80.0
214,32.236413877775426,0.018963384586247453,81.0
215,32.29149799777542,0.01933728968874525,82.0
216,32.30760742777542,0.019751242463827687,83.0
217,32.317480877775424,0.020197993148723656,84.0
218,32.332031497775425,0.020594482851043747,85.0
219,32.34034613777543,0.02097023748897285,86.0
220,32.34918025777543,0.02128112229083516,87.0
221,32.37672231777543,0.02156166733347252,88.0
222,32.39439092777543,0.021827383817186616,89.0
223,32.47167097777543,0.022063112432616147,90.0
224,32.58703623777543,0.02220703416995644,91.0
225,32.77515422777543,0.02234096603875496,92.0
226,32.93105298777543,0.022498114170697428,93.0
227,33.00744355777543,0.022703659239153268,94.0
228,33.08695211777543,0.0228469445619445,95.0
229,33.26935397777543,0.02295851014156529,96.0
230,33.569199387775434,0.023011810920490927,97.0
231,33.79889057777543,0.02314442808585271,98.0
232,33.98285124777543,0.023245081854550667,99.0
233,34.06963511777543,0.023475343480367186,100.0
234,34.21358176777542,0.023711842812772957,101.0
235,34.39390496777542,0.023946581376242074,102.0
236,34.53837109777542,0.024223711298580378,103.0
237,34.623595787775415,0.024577974754115786,104.0
238,34.71817444777542,0.024940684330057764,105.0
239,34.79144702777542,0.02535755271529351,106.0
240,34.831980897775416,0.025807201289100315,107.0
241,34.87875037777542,0.026240642945588935,108.0
242,34.88862382777542,0.026691425962774976,109.0
243,34.908890577775416,0.02707629937402052,110.0
244,34.932275317775414,0.027384970898698804,111.0
245,34.99827258777541,0.027652624879477686,112.0
246,35.01905918777541,0.02799467808715779,113.0
247,35.09129243777541,0.028304141013986386,114.0
248,35.17287965777541,0.028504388321172552,115.0
249,35.32046377777541,0.028590867945883863,116.0
250,35.45401712777541,0.028708244492290785,117.0
251,35.57583851777541,0.028886853988928013,118.0
252,35.69224310777541,0.029089082076068612,119.0
253,35.77486965777541,0.02926012913003126,120.0
254,35.93960290777541,0.029366414126538273,121.0
255,36.01339496777541,0.029548107960669534,122.0
256,36.15474310777541,0.029771672165386343,123.0
257,36.25295923777541,0.03002535152079633,124.0
258,36.357411347775404,0.030252654939496082,125.0
259,36.511751297775405,0.03047177679413722,126.0
260,36.614124747775406,0.030786166334802703,127.0
261,36.714419537775406,0.031109906989215022,128.0
262,36.823548817775404,0.03144499405878727,129.0
263,36.869798817775404,0.03186692969325074,130.0
264,36.9565826877754,0.0322051722121723,131.0
265,36.9659366577754,0.03266775413150215,132.0
266,36.9752906277754,0.033115524917292374,133.0
267,37.0267372777754,0.03348437569677255,134.0
268,37.04960253777541,0.03380736231927796,135.0
269,37.05791717777541,0.034160957174435805,136.0
270,37.106765317775405,0.03445540328692788,137.0
271,37.178478717775405,0.034739226939320925,138.0
272,37.24915278777541,0.03500190327520554,139.0
273,37.36607537777541,0.03518776129669911,140.0
274,37.47664558577541,0.03539449825198018,141.0
275,37.78020061577541,0.03547282102986801,142.0
276,38.380608495775405,0.03547282102986801,142.0
277,39.07146598783604,0.03547282102986801,142.0
278,39.713259347133544,0.03547282102986801,142.0
279,40.09770340713355,0.03548327121552252,143.0
280,40.25059221713355,0.035693993682626164,144.0
281,40.42260077713355,0.03588744331499966,145.0
282,40.56550809713355,0.03609710644334297,146.0
283,40.68087335713355,0.03636638135941234,147.0
284,40.76038191713355,0.03669558705336757,148.0
285,40.87470784713355,0.03701067212265325,149.0
286,40.97084531713355,0.037366418839859646,150.0
287,41.01657583713355,0.03773360676492516,151.0
288,41.036323107133555,0.0382151724453701,152.0
289,41.046196557133555,0.0386972670301109,153.0
290,41.055550527133555,0.039105046370973014,154.0
291,41.06386516713356,0.039522083627782985,155.0
292,41.07217980713356,0.03993792035797084,156.0
293,41.10283985713356,0.04031203900134012,157.0
294,41.11375263713356,0.04062247704959982,158.0
295,41.19244201713356,0.04072997619636417,159.0
296,41.333270677133555,0.04075397200660611,160.0
297,41.42341303713356,0.04080925778972564,161.0
298,42.027736104234776,0.04080925778972564,161.0
299,42.5945583457002,0.04080925778972564,161.0
300,42.69074095029209,0.04080925778972564,161.0
301,42.68912815029209,0.040834367562409934,162.0
302,42.701499840292094,0.04097406788972868,163.0
303,42.78204773029209,0.04123273492012819,164.0
304,42.916120930292095,0.04142734775029977,165.0
305,42.993550830292094,0.04167656199990116,166.0
306,43.08397217029209,0.04195876724623704,167.0
307,43.154646240292095,0.04232805000389195,168.0
308,43.2824834602921,0.042627173831137566,169.0
309,43.3879749002921,0.04295737549841111,170.0
310,43.4789160902921,0.04333385058425504,171.0
311,43.5314020702921,0.043773347861868206,172.0
312,43.558944130292105,0.04423651357750685,173.0
313,43.5745340802921,0.04471563575078319,174.0
314,43.584407530292104,0.045169274459212705,175.0
315,43.59324165029211,0.04555177049412995,176.0
316,43.60623309029211,0.04592401603744767,177.0
317,43.614027880292106,0.04614708789585725,178.0
318,43.621822670292104,0.04626506018287664,179.0
319,43.69717391029211,0.04652585974734548,180.0
320,43.777721800292106,0.04725187603704513,181.0
321,43.893582490292104,0.04752340918332533,182.0
322,43.92860454429211,0.04776103111496917,183.0
323,44.1153664842921,0.04801122090633543,184.0
324,44.2143548042921,0.04834771613468876,185.0
325,44.3829723142921,0.048614627574526906,186.0
326,44.401051624292094,0.048964944120862844,187.0
327,45.03475351230197,0.048964944120862844,187.0
328,45.87882174172484,0.048964944120862844,187.0
329,46.62241567808973,0.048964944120862844,187.0
330,46.95079215808975,0.048964944120862844,187.0
331,47.04485096808975,0.0492682739061648,188.0
332,47.149303078089744,0.04958966774157049,189.0
333,47.244921068089745,0.04993208482769797,190.0
334,47.33949972808975,0.05030066521279876,191.0
335,47.37951374808975,0.050747335586999134,192.0
336,47.389907048089746,0.051240919001939125,193.0
337,47.40185915808975,0.051740006904529304,194.0
338,47.41121312808975,0.052198013979775595,195.0
339,47.42108657808975,0.05261088603063542,196.0
340,47.43044054808975,0.053014727322563085,197.0
341,47.440833848089746,0.053496518659501516,198.0
342,47.45278595808975,0.05391329212654396,199.0
343,47.52605853808975,0.05424425782283755,200.0
344,47.59985059808975,0.05457484383265439,201.0
345,47.611496718089754,0.055082295544269924,202.0
346,47.624139248089755,0.05523062454543211,203.0
347,47.691172148089755,0.05523062454543211,203.0
348,47.70244086808975,0.05523062454543211,203.0
349,47.69790750808975,0.05547434369619754,204.0
350,47.69119750808975,0.055608964781801065,205.0
351,47.86476487808975,0.055624956473277226,206.0
352,48.01286884808975,0.055642266211373234,207.0
353,48.10848683808975,0.05579119006999633,208.0
354,48.27945606808975,0.05601733035018258,209.0
355,48.37871152808975,0.05634397068174579,210.0
356,48.566829518089754,0.056598470218455155,211.0
357,48.667124308089754,0.05693304440129582,212.0
358,48.76534043808975,0.05730285308762734,213.0
359,48.80847244808975,0.057759862864387335,214.0
360,48.85939924808975,0.0582051464213022,215.0
361,48.87602852808975,0.05869426181019355,216.0
362,48.88434316808975,0.05915122093829478,217.0
363,48.89577579808975,0.059570891524819036,218.0
364,48.90564924808975,0.0600524493572937,219.0
365,48.91500321808975,0.06065166322443133,220.0
366,48.92591599808975,0.061238602487673155,221.0
367,48.98255929808975,0.061768488551947776,222.0
368,49.02964890208975,0.06248876944177789,223.0
369,49.09287080208975,0.06324046523297078,224.0
370,49.189999132089746,0.06369636043310228,225.0
371,49.25666351208975,0.06406605651171715,226.0
372,49.25131287208975,0.06451158630955617,227.0
373,49.29858333208975,0.06487538134809995,228.0
374,49.45437775208975,0.06499269542559433,229.0
375,49.64353507208975,0.06511905358358122,230.0
376,49.74902651208975,0.06534634284900792,231.0
377,49.886737182089746,0.0655348666119367,232.0
378,50.01925120208975,0.06580228734131789,233.0
379,50.13617527208975,0.06604003746354788,234.0
380,50.20944785208975,0.0663871625934382,235.0
381,50.30454599208975,0.0667249974447321,236.0
382,50.40588011208975,0.06709557076928287,237.0
383,50.50617490208975,0.06745544571832364,238.0
384,50.56853433208975,0.06788350153446106,239.0
385,50.690135572089744,0.06824842037690927,240.0
386,50.706245002089744,0.06870610318701033,241.0
387,50.73430691208974,0.0691357985559048,242.0
388,50.76236882208974,0.0695883753090666,243.0
389,50.79406820208974,0.07007426804840823,244.0
390,50.83823954208974,0.07058447164234928,245.0
391,50.950486812089736,0.07117271233764373,246.0
392,51.05441944208974,0.07182901496883694,247.0
393,51.106659002089735,0.07237681320554686,248.0
394,51.166164252089736,0.07279430064927507,249.0
395,51.19873387208973,0.07328228171473523,250.0
396,51.30241379208973,0.07357104456088227,251.0
397,51.29809851208973,0.07388178356127119,252.0
398,51.29181011208973,0.07413697890053363,253.0
399,51.465897332089725,0.07433649275583094,254.0
400,51.677400062089724,0.07449657920900474,255.0
401,51.78393083208972,0.07473058070376629,256.0
402,51.88526495208972,0.07497056036622021,257.0
403,52.02973108208972,0.07521785315017102,258.0
404,52.13314386208972,0.0754781533786553,259.0
405,52.21161309208972,0.0757868798836239,260.0
406,52.29423964208972,0.0761311068225615,261.0
407,52.34984361208972,0.07653240619637716,262.0
408,52.37322835208972,0.0769091771169523,263.0
409,52.38258232208972,0.0773722437440201,264.0
410,52.39765242208972,0.0777690450558284,265.0
411,52.40544721208972,0.07814518193939615,266.0
412,52.41324200208972,0.07857267837803675,267.0
413,52.42207612208972,0.07908330211372319,268.0
414,52.42987091208972,0.07964991238348443,269.0
415,52.52392972208972,0.08012811813314127,270.0
416,52.59200565208972,0.08080775597500425,271.0
417,52.65592426208972,0.0816160441723904,272.0
418,52.76557302208972,0.08220321739205447,273.0
419,52.88873307208972,0.08248190485110238,274.0
420,53.035797712089725,0.08276658394120359,275.0
421,53.098157142089725,0.08321603820959114,276.0
422,53.185460492089724,0.08343572853208944,277.0
423,53.25509523208972,0.0836389524173876,278.0
424,53.32109250208972,0.08393456027526407,279.0
425,53.41203369208972,0.084222655018638,280.0
426,53.49569957208972,0.08449716714295195,281.0
427,53.65263766208972,0.08475057671967905,282.0
428,53.81373307208972,0.08503546100455343,283.0
429,53.90623307208972,0.08538724247394973,284.0
430,53.99925255208972,0.08575254911898399,285.0
431,54.03718791208972,0.08620800535690891,286.0
432,54.06317116208972,0.0866896279370508,287.0
433,54.10058704208972,0.08715102704400411,288.0
434,54.11825565208972,0.08758637685630209,289.0
435,54.15463220208972,0.0879701311513814,290.0
436,54.17385962208972,0.0883920392385704,291.0
437,54.20971632208972,0.08878324677034753,292.0
438,54.22946359208972,0.0890989224915286,293.0
439,54.303625652089735,0.08935893142137567,294.0
440,54.38402369208973,0.08965612779425168,295.0
441,54.450962612089725,0.08992474363807777,296.0
442,54.44520541208973,0.09027594848945673,297.0
443,54.52666979208973,0.09051429108012053,298.0
444,54.617091132089726,0.09081832666193172,299.0
445,54.71886629208973,0.09106791507948973,300.0
446,54.91016628208974,0.09121972365781032,301.0
447,54.995000252089746,0.09145349885825808,302.0
448,55.70809027323779,0.09145349885825808,302.0
449,56.489973260820825,0.09145349885825808,302.0
450,57.210439217051366,0.09145349885825808,302.0
451,58.00036956467534,0.09145349885825808,302.0
452,58.69816803076371,0.09145349885825808,302.0
453,59.079725720763705,0.09145349885825808,302.0
454,59.219935000763705,0.09176356682516222,303.0
455,59.259949020763706,0.09219634236121203,304.0
456,59.273979790763704,0.09264809115909399,305.0
457,59.283853240763705,0.09312465014248149,306.0
458,59.2942465407637,0.09355665042430049,307.0
459,59.309316640763704,0.09396486138038017,308.0
460,59.3171114307637,0.09439197155365907,309.0
461,59.3275047307637,0.09498623636136642,310.0
462,59.3586846307637,0.09558468228336857,311.0
463,59.4449486507637,0.09602258500543263,312.0
464,59.5187407107637,0.0964410412191251,313.0
465,59.6756788007637,0.09675617548827696,314.0
466,59.8206647807637,0.0970395632501918,315.0
467,59.9178415807637,0.09713185924343104,316.0
468,59.9776028707637,0.09713185924343104,316.0
469,60.14441200074957,0.09713185924343104,316.0
470,60.26519591074957,0.09716460961073514,317.0
471,60.43486503295935,0.09716460961073514,317.0
472,60.57077067749921,0.09716460961073514,317.0
473,60.64557198929802,0.09716460961073514,317.0
474,60.73081369929802,0.09720490072318592,318.0
475,60.78329967929802,0.09730863349733436,319.0
476,60.87995699929802,0.09749833882272801,320.0
477,61.073791119298015,0.09771626292364483,321.0
478,61.16525178929801,0.09809057787088277,322.0
479,61.23020972929801,0.09851583769125327,323.0
480,61.25827163929801,0.09899267191460959,324.0
481,61.28269570929801,0.09945887988484298,325.0
482,61.29308900929801,0.09988989583456614,326.0
483,61.337260349298006,0.10026625296594788,327.0
484,61.37415637929801,0.10061140613701247,328.0
485,61.403777099298004,0.10092652056704648,329.0
486,61.41261121929801,0.10126071626748023,330.0
487,61.48328528929801,0.10159442997890528,331.0
488,61.76909992929801,0.10168021178027947,332.0
489,61.88668888929801,0.10184450137983221,333.0
490,62.02778483729801,0.1020103344961837,334.0
491,62.10372589429801,0.10225705327350378,335.0
492,62.84402255835726,0.10225705327350378,335.0
493,63.57525717962762,0.10225705327350378,335.0
494,63.87768104562761,0.10227116199328314,336.0
495,64.0767118156276,0.10243968831179853,337.0
496,64.2991276956276,0.10256971361940952,338.0
497,64.5745490356276,0.10266674314707519,339.0
498,64.72109382562759,0.10292970792203043,340.0
499,64.9164871256276,0.10316240102492913,341.0
500,65.0713465556276,0.10338000616932887,342.0
501,65.2734953156276,0.10361466597474041,343.0
502,65.4449840256276,0.10387665301805,344.0
503,65.4849980456276,0.10428985122786218,345.0
504,65.5483968056276,0.10468517392915845,346.0
505,65.55879010562761,0.1051799250033802,347.0
506,65.5707422156276,0.10561539794604809,348.0
507,65.5821748456276,0.105898438891342,349.0
508,65.59100896562761,0.10618725415553444,350.0
509,65.60711839562761,0.10659426564187309,351.0
510,65.64193576562761,0.10703327759826904,352.0
511,65.71572782562761,0.10708300037745107,353.0
512,65.78068576562761,0.107099591721128,354.0
513,65.8672949956276,0.10717703788353163,355.0
514,66.0217563056276,0.10748385943514167,356.0
515,66.1494973996276,0.10750561486908401,357.0
516,66.2167918896276,0.10750561486908401,357.0
517,66.9586421840271,0.10750561486908401,357.0
518,67.8129004247801,0.10750561486908401,357.0
519,68.41194672129878,0.10750561486908401,357.0
520,68.61225936515733,0.10750561486908401,357.0
521,68.79713025885202,0.10750561486908401,357.0
522,69.01908918885202,0.1076249832425638,358.0
523,69.14380841885202,0.10788615184347154,359.0
524,69.24514253885202,0.10814986163833705,360.0
525,69.36362578885202,0.10841943740053443,361.0
526,69.44677181885201,0.10881302169389111,362.0
527,69.50497392885201,0.10921182913221432,363.0
528,69.572010528852,0.10963573764802607,364.0
529,69.613583728852,0.11007319706922612,365.0
530,69.66503037885201,0.11046442051656212,366.0
531,69.716996508852,0.11084395845444205,367.0
532,69.728948618852,0.11127879261436573,368.0
533,69.755971198852,0.11168865085847739,369.0
534,69.808457178852,0.11207214335629932,370.0
535,69.892123058852,0.11246002283652211,371.0
536,70.008527648852,0.11258105373474081,372.0
537,70.043906382852,0.11258105373474081,372.0
538,70.178354096852,0.11259228485295425,373.0
539,70.838826999852,0.11259228485295425,373.0
540,71.31321979866014,0.11259228485295425,373.0
541,71.45165481413095,0.11259228485295425,373.0
542,71.59294967413095,0.11260240262188187,374.0
543,71.75820240413096,0.11275873894877853,375.0
544,71.92033714413095,0.11292763978817323,376.0
545,72.11261245413095,0.11305396176817152,377.0
546,72.29137647413096,0.11325387741751887,378.0
547,72.45195240413095,0.11348847011779696,379.0
548,72.59226121413094,0.11373485968712867,380.0
549,72.70346915413094,0.11403277552118081,381.0
550,72.80012647413095,0.114357153526725,382.0
551,72.84169967413095,0.11475608506498904,383.0
552,72.90094111413094,0.11516605825470623,384.0
553,72.92432585413094,0.11558619694009266,385.0
554,72.95238776413095,0.11596141364324254,386.0
555,72.97161518413095,0.11634234804726319,387.0
556,73.00643255413095,0.1167403863184784,388.0
557,73.07294930413096,0.11709806058200585,389.0
558,73.13790724413096,0.11721030737187323,390.0
559,73.24911518413096,0.11723414522817462,391.0
560,73.30315997413096,0.11749730141686272,392.0
561,73.30881357413097,0.11788206082636023,393.0
562,73.34081043413097,0.1179369093871754,394.0
563,73.50180520413097,0.11796200128945585,395.0
564,73.58455496413097,0.11813104420704763,396.0
565,73.60516877413097,0.11835027923301109,397.0
566,73.63074724413096,0.11856764770248017,398.0
567,73.70453930413096,0.11878428421920771,399.0
568,73.88018533413096,0.11892468498729984,400.0
569,74.07349997413095,0.11907052496944064,401.0
570,74.22576126413095,0.11928116600389753,402.0
571,74.37646337413095,0.11951300204268854,403.0
572,74.46324724413095,0.11983049047419796,404.0
573,74.55678657413095,0.12015659375010872,405.0
574,74.63733446413096,0.12053864927045714,406.0
575,74.68306498413097,0.12093746742168292,407.0
576,74.71164637413096,0.12135490828308863,408.0
577,74.72463781413096,0.12177044332947305,409.0
578,74.73503111413096,0.12217107313336521,410.0
579,74.74594389413096,0.12257675364527669,411.0
580,74.75477801413096,0.12304356701168877,412.0
581,74.77452528413096,0.12358277255798199,413.0
582,74.79687069413096,0.12404368303226947,414.0
583,74.88989017413095,0.12443300157020175,415.0
584,74.93897677913095,0.12503206771734066,416.0
585,74.94619621913095,0.12567282196704954,417.0
586,75.02210578913095,0.12602753150701435,418.0
587,75.10254822913093,0.1262887889756138,419.0
588,75.57470966913094,0.12630017417823497,420.0
589,75.66235156913095,0.12652081967059647,421.0
590,75.66227124913095,0.12681370836134148,422.0
591,76.25333995913095,0.12681370836134148,422.0
592,76.33109804913096,0.12705442265003525,423.0
593,76.51765685913095,0.12722661431938448,424.0
594,76.66212298913095,0.12744588211092056,425.0
595,76.76345710913095,0.1277680682368994,426.0
596,76.89025499913096,0.1280730984646637,427.0
597,76.99678576913097,0.1284105538144094,428.0
598,77.08980524913096,0.12878413828787838,429.0
599,77.23946802913096,0.12910594578898976,430.0
600,77.25193998913096,0.1295932595239191,431.0
601,77.26441194913096,0.13007457017806395,432.0
602,77.27688390913096,0.13050711789946912,433.0
603,77.28831653913096,0.13093875774833263,434.0
604,77.31274060913096,0.1314275518754443,435.0
605,77.32729122913095,0.13198101989983607,436.0
606,77.35951045913095,0.13247265466474273,437.0
607,77.42862571913095,0.13277849428724225,438.0
608,77.58556380913095,0.13310459352681425,439.0
609,77.67533061913095,0.1337113421365897,440.0
610,78.11390641913094,0.1337740077245929,441.0
611,78.70399632885787,0.1337740077245929,441.0
612,78.93500027885787,0.13378622591803538,442.0
613,79.14002800885787,0.13401479344621173,443.0
614,79.25585872885786,0.13403630021777538,444.0
615,79.46424346885786,0.1342117336360323,445.0
616,79.69341480885785,0.1343203205596003,446.0
617,79.91583068885785,0.13445682476230209,447.0
618,80.20476331885786,0.1345554582165187,448.0
619,80.36897671885785,0.13476167871382538,449.0
620,80.54462274885785,0.13502368963552874,450.0
621,80.68545140885784,0.13533204001610222,451.0
622,80.87304954885785,0.13554542626380395,452.0
623,80.97958031885786,0.13591551267448548,453.0
624,81.04038093885785,0.13633803436057418,454.0
625,81.08351294885784,0.1367762140257387,455.0
626,81.13028242885784,0.13717978046861484,456.0
627,81.21134979885784,0.13746805430907394,457.0
628,81.25552113885784,0.1378091284879785,458.0
629,81.35425711885784,0.13799341656565473,459.0
630,81.41973453885784,0.13810192873591653,460.0
631,81.56627932885783,0.13823541450490495,461.0
632,81.80584396885783,0.13857322470676636,462.0
633,81.90244911885783,0.13887851732342527,463.0
634,81.97070153885782,0.13903725735206757,464.0
635,82.08684268885783,0.13925041738931332,465.0
636,82.68960689629594,0.13925041738931332,465.0
637,83.20438700208712,0.13925041738931332,465.0
638,83.33339246008711,0.13934048690205642,466.0
639,83.48877174008712,0.1394581496133837,467.0
640,83.58750772008712,0.13963090576748777,468.0
641,83.71430561008712,0.13973700557545726,469.0
642,83.87903886008712,0.13988317343557732,470.0
643,84.02714283008712,0.14007993715199363,471.0
644,84.25995164008711,0.14025371836561296,472.0
645,84.42676355008712,0.1404505021486816,473.0
646,84.51042943008711,0.14074312313137088,474.0
647,84.55615995008712,0.1411073062281627,475.0
648,84.58889866008712,0.14148611731174837,476.0
649,84.62059804008713,0.14186056373352957,477.0
650,84.63047149008713,0.14220039652718702,478.0
651,84.64138427008713,0.14248208984280109,479.0
652,84.64969891008712,0.14277312239993928,480.0
653,84.66632819008713,0.14321627095584016,481.0
654,84.73180561008712,0.14358562759590526,482.0
655,84.80923551008712,0.14366564860829972,483.0
656,84.98280288008712,0.14369203577222472,484.0
657,85.03467532608713,0.14393975263879605,485.0
658,85.14537122308712,0.14429084775168322,486.0
659,85.25646468508712,0.1443643318069271,487.0
660,85.30339141508712,0.1444597177203954,488.0
661,85.45729994508712,0.14461570964580334,489.0
662,85.73185511508713,0.14467489997894128,490.0
663,86.40964681882375,0.14467489997894128,490.0
664,86.62481365882375,0.14472138824011324,491.0
665,86.81552978882375,0.1448639715592409,492.0
666,86.91062792882376,0.14515246859001824,493.0
667,87.06860534882375,0.1453470670769607,494.0
668,87.20059988882375,0.14559265525395543,495.0
669,87.30920931882375,0.145917306256649,496.0
670,87.41937792882375,0.146273274760423,497.0
671,87.48537519882375,0.14668925644713215,498.0
672,87.53370385882374,0.1471195534305813,499.0
673,87.55241179882374,0.14756632112337437,500.0
674,87.56332457882374,0.14798711430168066,501.0
675,87.57215869882374,0.14834998736003424,502.0
676,87.58463065882374,0.14874129746442577,503.0
677,87.59294529882374,0.14915349217063523,504.0
678,87.62152668882374,0.1495421838225579,505.0
679,87.70103524882373,0.14984237478135315,506.0
680,87.74041834482372,0.1502585990304205,507.0
681,87.84845131482372,0.15044403068767015,508.0
682,87.84324395482372,0.15054937414967368,509.0
683,87.83760819482372,0.1507282005825354,510.0
684,87.83522891482372,0.1510010435697393,511.0
685,87.83438203482372,0.15127461067888565,512.0
686,87.84488263482372,0.1513149876455538,513.0
687,88.02624516482372,0.15142975768753641,514.0
688,88.17330980482372,0.15158534898820997,515.0
689,88.37597841482372,0.1517573157671513,516.0
690,88.46328176482372,0.15200869346625573,517.0
691,88.59163846482372,0.15226072933328033,518.0
692,88.69401191482372,0.15257427607169383,519.0
693,88.78079578482372,0.1529142085874104,520.0
694,88.85926501482372,0.15329465018724608,521.0
695,88.90655434482372,0.1537178337366989,522.0
696,88.93461625482372,0.15418641629525376,523.0
697,88.96943362482372,0.1546410743551765,524.0
698,88.98762171482372,0.15507381827254862,525.0
699,89.01360496482371,0.1554985960928288,526.0
700,89.02763573482372,0.15595988285855428,527.0
701,89.04426501482372,0.15654862348715498,528.0
702,89.06089429482373,0.15727553260159427,529.0
703,89.12585223482372,0.15804755018241823,530.0
704,89.18653375182373,0.15877089369435426,531.0
705,89.21979564182372,0.1596313471629126,532.0
706,89.61075318182372,0.15986848627831496,533.0
707,90.16534840182374,0.15990898605161197,534.0
708,90.85906773434868,0.15990898605161197,534.0
709,91.62043104293669,0.15990898605161197,534.0
710,92.32032687651105,0.15990898605161197,534.0
711,93.0789256970716,0.15990898605161197,534.0
712,93.47527282194157,0.15990898605161197,534.0
713,93.54115613194159,0.16009354936145154,535.0
714,93.67003268194159,0.1603408779990219,536.0
715,93.8191759819416,0.16060440125868564,537.0
716,93.8997238719416,0.16095021251073993,538.0
717,94.0452293319416,0.1612347060839373,539.0
718,94.1512406219416,0.16158065035774521,540.0
719,94.29310861194159,0.1619045309825468,541.0
720,94.3409174219416,0.162331952557085,542.0
721,94.3819707719416,0.1627797176671793,543.0
722,94.3991195319416,0.16321739029368476,544.0
723,94.41159149194159,0.16365112516820574,545.0
724,94.4277009219416,0.1641335309509664,546.0
725,94.45732164194159,0.16447817686408683,547.0
726,94.51448442194159,0.16465736096108885,548.0
727,94.61010241194158,0.164782753892732,549.0
728,94.84026868194158,0.16487595678133893,550.0
729,94.94105409194157,0.1649263415126066,551.0
730,94.94888107194157,0.16496170306428354,552.0
731,94.97354453194157,0.16498562677408873,553.0
732,94.99369436194156,0.16505746165059104,554.0
733,95.05312006194157,0.1651512699395879,555.0
734,95.22741707194157,0.1651512699395879,555.0
735,95.33856418394157,0.1652436348756255,556.0
736,95.46016542394158,0.16549091360004275,557.0
737,95.58592398394157,0.16569325772171595,558.0
738,95.73558676394157,0.16585944045657108,559.0
739,95.90863465394158,0.1660750494558706,560.0
740,96.01568527394157,0.16635152487903404,561.0
741,96.10246914394158,0.16669201561369917,562.0
742,96.18145785394158,0.16701644756532746,563.0
743,96.22718837394159,0.16744171660442375,564.0
744,96.25525028394159,0.16787838257321552,565.0
745,96.2817530139416,0.1683088743140549,566.0
746,96.30773626394159,0.16870547351090293,567.0
747,96.33112100394159,0.16901316014829199,568.0
748,96.3529469339416,0.16935258925839286,569.0
749,96.3830875039416,0.1698657617799017,570.0
750,96.3997167839416,0.17051847445085433,571.0
751,96.4865006539416,0.1709855022622302,572.0
752,96.6709744399416,0.1714320866647463,573.0
753,96.76629531994162,0.17195778870869272,574.0
754,96.85288456994162,0.17242397544408822,575.0
755,96.87133683994162,0.1729418219604607,576.0
756,96.91202536994162,0.17330402514516624,577.0
757,96.96205898994161,0.17352567912353795,578.0
758,96.9828744499416,0.17375982903380088,579.0
759,97.09459657894159,0.17395585256808999,580.0
760,97.23423605894158,0.17417428774957067,581.0
761,97.40468543894157,0.17436674104836414,582.0
762,97.53564064894157,0.17458886115487193,583.0
763,97.63853394894157,0.17489574848542028,584.0
764,97.83964337894157,0.17512716746581697,585.0
765,97.95085131894157,0.17544544336241552,586.0
766,98.08648332894157,0.17575851454422642,587.0
767,98.19301409894157,0.1761161558361699,588.0
768,98.24498022894157,0.1765331666189594,589.0
769,98.28447476894158,0.1769692676106186,590.0
770,98.31461533894158,0.17738104492838425,591.0
771,98.36917997894157,0.1776809222830843,592.0
772,98.40295801894158,0.178025550768438,593.0
773,98.42166595894157,0.17853340436115545,594.0
774,98.44297203894158,0.17913479893946022,595.0
775,98.51780342894158,0.1796507570682424,596.0
776,98.74905342894158,0.18007346071511954,597.0
777,98.86083523894159,0.18064835743553292,598.0
778,98.9723809889416,0.18121262166387953,599.0
779,99.0413508389416,0.18166300234028088,600.0
780,99.0944861689416,0.18198757199553117,601.0
781,99.1305833689416,0.18232631786248,602.0
782,99.1707128289416,0.18260627468836604,603.0
783,99.2933533989416,0.18278475187675453,604.0
784,99.50026675994161,0.1828839956207305,605.0
785,99.70553350994162,0.1830232859681578,606.0
786,99.81466278994162,0.1832657943935488,607.0
787,99.94301948994162,0.1834643269472901,608.0
788,100.04071613994162,0.18377328992329794,609.0
789,100.11554752994162,0.18409501082120072,610.0
790,100.19245757994162,0.1844151884524905,611.0
791,100.24130571994162,0.18480058210129258,612.0
792,100.25273834994162,0.18526004835336224,613.0
793,100.26936762994163,0.1857308592324452,614.0
794,100.29067370994163,0.18613717747498498,615.0
795,100.30470447994163,0.18644529318849018,616.0
796,100.34004169994164,0.18674531299979674,617.0
797,100.37174107994164,0.18715485183408231,618.0
798,100.43513983994164,0.18759143466759193,619.0
799,100.52192370994165,0.18791994480451718,620.0
800,100.59980911694164,0.1883902902063434,621.0
801,100.64710029694164,0.18886845489885656,622.0
802,100.69467933694163,0.1892967401192256,623.0
803,100.71824019694164,0.1896182453616544,624.0
804,100.70436643694164,0.1899534527342417,625.0
805,100.69599939694164,0.19032287295345873,626.0
806,100.69437355694164,0.1906148313121978,627.0
807,100.85339030694165,0.19077766674594265,628.0
808,100.91834824694165,0.19102121494395363,629.0
809,100.99629762694165,0.19131947191962273,630.0
810,101.06333422694165,0.1916255164045153,631.0
811,101.10802541694164,0.19200763571383433,632.0
812,101.17142417694164,0.19239993243900344,633.0
813,101.34343273694164,0.1926658231112956,634.0
814,101.48478087694164,0.192975530658072,635.0
815,101.56376958694165,0.1933708151407305,636.0
816,101.58195767694164,0.19382696618153467,637.0
817,101.59287045694164,0.1942690858187633,638.0
818,101.63912045694164,0.19464679185424344,639.0
819,101.64691524694165,0.19505163003342335,640.0
820,101.70044055694164,0.1954663298689368,641.0
821,101.76539849694164,0.19594708558401497,642.0
822,101.80177504694164,0.19657349222463355,643.0
823,101.91765978694164,0.1972463225361491,644.0
824,102.00431926294164,0.19811216997800596,645.0
825,102.25920782294163,0.19865612672200594,646.0
826,102.25484422294163,0.19940294627718136,647.0
827,102.24360630294163,0.200097115601704,648.0
828,102.28392335294163,0.20055579548656982,649.0
829,102.27645191294162,0.20108039216942408,650.0
830,102.33152863294164,0.20133185634578787,651.0
831,102.49108299294164,0.2015753654773048,652.0
832,102.67244552294164,0.20174901117637456,653.0
833,102.83094279294164,0.20191810902363028,654.0
834,102.97436959294164,0.2021555497555384,655.0
835,103.11883572294164,0.20245321950233047,656.0
836,103.21289453294165,0.2027588394822344,657.0
837,103.30695334294165,0.20305642131027818,658.0
838,103.41088597294166,0.2033783266549588,659.0
839,103.47740272294166,0.20377513152872584,660.0
840,103.52729019294166,0.20417043112085753,661.0
841,103.54288014294167,0.20458705401871036,662.0
842,103.55639143294167,0.20500782518898125,663.0
843,103.56782406294167,0.2053808836450461,664.0
844,103.57509937294166,0.2056937713474813,665.0
845,103.58393349294167,0.20618770044453621,666.0
846,103.63330148294166,0.20684530355754416,667.0
847,103.70813287294166,0.20755691010395472,668.0
848,103.75185029694165,0.20815106920951854,669.0
849,103.83340384694165,0.20888668938360544,670.0
850,103.91349034694164,0.209494529721868,671.0
851,103.97139793694164,0.2098716860090098,672.0
852,103.95735241694165,0.21036605533049013,673.0
853,104.49198872694163,0.21036605533049013,673.0
854,105.2129858197268,0.21036605533049013,673.0
855,105.87318652036393,0.21036605533049013,673.0
856,106.01088165036393,0.2104201656446337,674.0
857,106.21043227036392,0.21057679387846098,675.0
858,106.38815696036393,0.2107551316437383,676.0
859,106.56224418036393,0.2109838586997216,677.0
860,106.64279207036394,0.21133004330890062,678.0
861,106.73113475036394,0.21167256959628414,679.0
862,106.78985671036394,0.21207267165786645,680.0
863,106.81843810036393,0.21251898308429532,681.0
864,106.84130336036394,0.21299981917707797,682.0
865,106.86312929036394,0.21345497303584268,683.0
866,106.87248326036395,0.21388725582384013,684.0
867,106.88495522036395,0.21433184065390312,685.0
868,106.89326986036394,0.21481274732777075,686.0
869,106.90262383036395,0.21531775191353783,687.0
870,106.91130847036393,0.21590278660268122,688.0
871,106.99326569036394,0.2166039460529621,689.0
872,107.06653827036394,0.21701272260771967,690.0
873,107.21957175036394,0.21708809619803335,691.0
874,107.30342670036394,0.21718688932398345,692.0
875,107.37368452036394,0.21768307328321584,693.0
876,107.42154735036394,0.2178865821314842,694.0
877,107.43042476036393,0.21795386015373258,695.0
878,107.49532794036394,0.2179758220824562,696.0
879,107.62264531036394,0.21818420133036415,697.0
880,107.76815077036393,0.21837294366816912,698.0
881,107.93392335036393,0.21856266931276708,699.0
882,108.02850201036392,0.21883051421122812,700.0
883,108.13399345036392,0.21916217154496903,701.0
884,108.21298216036392,0.21951496071501075,702.0
885,108.40837546036393,0.21977067048740928,703.0
886,108.49100201036393,0.22016712903551267,704.0
887,108.54400747036392,0.22060349799552087,705.0
888,108.55595958036392,0.2210917704208148,706.0
889,108.56739221036392,0.22159097417795093,707.0
890,108.57882484036392,0.22203795544189076,708.0
891,108.60844556036392,0.222432338323443,709.0
892,108.62247633036392,0.22281349001145495,710.0
893,108.63027112036393,0.22326000639828197,711.0
894,108.66197050036394,0.22373342431371973,712.0
895,108.74771504036393,0.22420858490197354,713.0
896,108.93063638036392,0.22457578738963468,714.0
897,109.04874630036392,0.22501915147384127,715.0
898,109.10174473036392,0.2254414085596203,716.0
899,109.09880937036392,0.22585669486760435,717.0
900,109.09372673036393,0.22620404657884036,718.0
901,109.11469944036392,0.22649716712712403,719.0
902,109.10793608036393,0.2268230726518119,720.0
903,109.13500898036392,0.22712142305096245,721.0
904,109.24550726036392,0.2272894248694693,722.0
905,109.49598468036392,0.22740462201858708,723.0
906,109.73399014036391,0.22756960365679607,724.0
907,109.84259957036392,0.22791184539552295,725.0
908,109.96524014036392,0.22816877973916838,726.0
909,110.07696756036391,0.22850011883002075,727.0
910,110.18038034036391,0.2288430357370529,728.0
911,110.2713215303639,0.22922793458176127,729.0
912,110.3139340603639,0.22968401497281937,730.0
913,110.3445941103639,0.23014556004777836,731.0
914,110.3726560203639,0.23054588479208443,732.0
915,110.41318989036391,0.23085914821039055,733.0
916,110.4490465903639,0.23119093907255578,734.0
917,110.4875018003639,0.23164453017571557,735.0
918,110.53323232036391,0.2322437440428532,736.0
919,110.5992295903639,0.2328222575153419,737.0
920,110.7218701603639,0.23344059658280297,738.0
921,110.9372421283639,0.23402576535649783,739.0
922,111.1998851483639,0.2345211360982064,740.0
923,111.87903790836391,0.2345733060352348,741.0
924,112.38576289836391,0.2346005223945022,742.0
925,112.50911090836391,0.23480770277193413,743.0
926,112.53577865836391,0.23510254713683776,744.0
927,112.70986587836391,0.23530779589275347,745.0
928,112.78208658536391,0.2354969625408772,746.0
929,112.99203050536391,0.2356003927602669,747.0
930,113.11363174536392,0.23583772879988818,748.0
931,113.27992380536392,0.23605406407038576,749.0
932,113.37138447536393,0.23637276917899025,750.0
933,113.47012045536393,0.23669274766562176,751.0
934,113.54027504536393,0.23703750396483098,752.0
935,113.59120184536393,0.2374315637643501,753.0
936,113.62861772536392,0.23785100177258772,754.0
937,113.65408112536393,0.2382828023113771,755.0
938,113.67071040536393,0.2386983847449477,756.0
939,113.69357566536394,0.23906548958308038,757.0
940,113.76788757536394,0.23930949914202332,758.0
941,113.81101958536394,0.23954837344281305,759.0
942,113.84999427536394,0.23968664581302185,760.0
943,113.93699829536395,0.2397769226527236,761.0
944,114.01490464436394,0.24004018908090924,762.0
945,114.01120584436394,0.240679240296982,763.0
946,114.16490902436394,0.2407623307764069,764.0
947,114.29143237436394,0.24085282734345148,765.0
948,114.45504193436393,0.24100542457941126,766.0
949,114.51735807436393,0.24129904971543703,767.0
950,114.51421799436393,0.24153250719489777,768.0
951,114.63813062436394,0.24176925201922284,769.0
952,114.82882614536393,0.24189722888165072,770.0
953,115.00551150536393,0.24209689115150618,771.0
954,115.13958470536393,0.2423193165039645,772.0
955,115.27989351536392,0.24259282150791384,773.0
956,115.42487949536392,0.24286478501986514,774.0
957,115.54336274536392,0.24318790903895116,775.0
958,115.67119996536393,0.243511865292526,776.0
959,115.76629810536393,0.24384522549433696,777.0
960,115.79487949536393,0.24425291727587578,778.0
961,115.80683160536393,0.24470985824759411,779.0
962,115.82138222536392,0.24513829150330713,780.0
963,115.83073619536393,0.24551562318007175,781.0
964,115.83801150536392,0.24601777374989775,782.0
965,115.85619959536392,0.2465339806882204,783.0
966,115.87854500536392,0.24700859768641126,784.0
967,115.95337639536392,0.24747187019868794,785.0
968,115.99927245336391,0.24820223769740019,786.0
969,116.06621100336392,0.24883780737139083,787.0
970,116.25691344336391,0.24925836674375002,788.0
971,116.26922334336392,0.2496502199995314,789.0
972,116.32669803336393,0.2499400762516562,790.0
973,116.36445875336392,0.25030663312299695,791.0
974,116.36487981336391,0.2505970132375312,792.0
975,116.39840995336391,0.2508249141910406,793.0
976,116.45127855036391,0.2510469463616418,794.0
977,116.5682026203639,0.25125522559845537,795.0
978,116.6555059703639,0.2514973102518793,796.0
979,116.7672333903639,0.25175699058512846,797.0
980,116.89143277036389,0.2520584678699369,798.0
981,116.97613798036389,0.2523941902523435,799.0
982,117.18608190036389,0.25261926023661785,800.0
983,117.27234592036389,0.25301262550342213,801.0
984,117.40693860036389,0.2533580611072239,802.0
985,117.49164381036388,0.25374866762168513,803.0
986,117.51606788036388,0.2541792372778187,804.0
987,117.53841329036388,0.25461265566728153,805.0
988,117.58570262036388,0.25505274731297545,806.0
989,117.60285138036387,0.25553440521186127,807.0
990,117.64754257036387,0.2560797004520037,808.0
991,117.76394716036387,0.256699723650967,809.0
992,117.94115237036387,0.2572983467473723,810.0
993,118.06211240036387,0.25783417976689166,811.0
994,118.22964581036388,0.2584372978326457,812.0
995,118.49820846036388,0.2587699116268934,813.0
996,119.35342753561756,0.2587699116268934,813.0
997,120.12773956417661,0.2587699116268934,813.0
998,120.57375199417659,0.2587699116268934,813.0
999,120.8605645241766,0.2588979003739342,814.0
1000,121.00139318417659,0.25910419052967226,815.0
1001,121.0954519941766,0.2593280288661963,816.0
1002,121.27213735417659,0.25948207275012614,817.0
1003,121.4498620441766,0.2596508600280485,818.0
1004,121.5761400841766,0.25989959250907835,819.0
1005,121.7523059641766,0.2600724861814492,820.0
1006,121.8458452941766,0.260423907209159,821.0
1007,121.8843005041766,0.26077957888876774,822.0
1008,121.91496055417659,0.26117397686255195,823.0
1009,121.92483400417659,0.261637390827162,824.0
1010,121.94769926417659,0.26202926886104294,825.0
1011,121.97991849417659,0.2623209248178865,826.0
1012,121.99966576417658,0.26266655902442404,827.0
1013,122.03344380417658,0.2630393679894076,828.0
1014,122.09268524417658,0.26333516649036137,829.0
1015,122.17011514417658,0.26341527110213625,830.0
1016,122.30055050417658,0.2634529181713764,831.0
1017,122.43521133817659,0.26364334765397923,832.0
1018,122.56364148317658,0.26401448227252927,833.0
1019,122.64462745317658,0.26410482687196596,834.0
1020,122.68117420317658,0.2641838280294398,835.0
1021,122.77067387317658,0.26430191371894696,836.0
1022,122.84304380117658,0.26441914114231596,837.0
1023,122.91943437117658,0.2646313135298172,838.0
1024,123.02440633117658,0.26485202609448993,839.0
1025,123.15328288117658,0.2650275433053763,840.0
1026,123.32892891117658,0.26521329072969607,841.0
1027,123.46248226117658,0.2654936875374291,842.0
1028,123.58460298117657,0.26575595757345843,843.0
1029,123.65371824117658,0.2661188187099745,844.0
1030,123.71140087117658,0.26651894223225403,845.0
1031,123.74673809117658,0.2669510698162823,846.0
1032,123.76284752117658,0.26742334553899216,847.0
1033,123.78363412117658,0.2678565573446609,848.0
1034,123.80961737117657,0.268249909312221,849.0
1035,123.82156948117657,0.268629737315651,850.0
1036,123.86054417117657,0.2689526845725921,851.0
1037,123.87717345117657,0.26931001989312536,852.0
1038,123.88808623117657,0.26973641621266264,853.0
1039,123.96811427117657,0.2701159646014307,854.0
1040,124.05437829117658,0.2705045610743527,855.0
1041,124.25270532117658,0.27073725826878653,856.0
1042,124.41030312117658,0.2710280460741494,857.0
1043,124.58475775117658,0.27130037168121407,858.0
1044,124.68851093117658,0.2715449038513873,859.0
1045,124.75423736117658,0.27178654356088955,860.0
1046,124.84947573117658,0.2719952526928196,861.0
1047,124.98302908117658,0.2722011016633599,862.0
1048,125.12385774117658,0.27242138076238176,863.0
1049,125.23922300117658,0.27265884698209025,864.0
1050,125.32808553117658,0.27295912934278754,865.0
1051,125.46631605117658,0.27322954689747664,866.0
1052,125.62117548117658,0.27351921975732757,867.0
1053,125.67885811117658,0.2739115465873113,868.0
1054,125.82436357117658,0.2742253173816901,869.0
1055,125.89659682117657,0.27462481877741934,870.0
1056,125.93037486117657,0.27506715181224406,871.0
1057,125.94440563117658,0.2755449167785376,872.0
1058,125.97090836117658,0.2759795421535679,873.0
1059,126.00676506117658,0.276339788640691,874.0
1060,126.04158243117658,0.27666245076978824,875.0
1061,126.08731295117659,0.27699812482763597,876.0
1062,126.11901233117659,0.2773655423613456,877.0
1063,126.33756171117659,0.27758852809826273,878.0
1064,127.2071854706182,0.27758852809826273,878.0
1065,127.90411526831876,0.27758852809826273,878.0
1066,128.69093366550325,0.27758852809826273,878.0
1067,129.34132393906842,0.27758852809826273,878.0
1068,129.6615696690684,0.2776038836684937,879.0
1069,129.70804499906842,0.27788867892596864,880.0
1070,129.75406374906842,0.27811573371559656,881.0
1071,129.8644858090684,0.27828234403752156,882.0
1072,129.99275518906842,0.2784882244369034,883.0
1073,130.13343399906842,0.27871550561494335,884.0
1074,130.2721839990684,0.2789172651343899,885.0
1075,130.3568892090684,0.2791960600676913,886.0
1076,130.45874317906842,0.2795594178293149,887.0
1077,130.56423461906843,0.2798516015640344,888.0
1078,130.66868672906844,0.28017352054383554,889.0
1079,130.74819528906843,0.28054134949628423,890.0
1080,130.78405198906844,0.28097045570975826,891.0
1081,130.81783002906843,0.2813975363196774,892.0
1082,130.85316724906843,0.2817125785405962,893.0
1083,130.89006327906844,0.2817637093241195,894.0
1084,130.94566724906844,0.2817637093241195,894.0
1085,131.00023188906843,0.28183229144161703,895.0
1086,131.05895384906844,0.28193009155619186,896.0
1087,131.28951648841667,0.28193009155619186,896.0
1088,131.40786997941666,0.2820332153539195,897.0
1089,131.54366441941667,0.2821647133915444,898.0
1090,131.56599872941666,0.2823658305083693,899.0
1091,131.71041860941665,0.2825648007541518,900.0
1092,131.81282757941665,0.28291203166833795,901.0
1093,131.92414059941666,0.2832084948251741,902.0
1094,132.04161337941667,0.2834414205207234,903.0
1095,132.14606548941669,0.28370290636912193,904.0
1096,132.2842960094167,0.28390408752159707,905.0
1097,132.33418347941668,0.28417759030763406,906.0
1098,132.5160654894167,0.2843777307207916,907.0
1099,132.6038886894167,0.28468726049556486,908.0
1100,132.72445059941668,0.2849813760866272,909.0
1101,132.8273438994167,0.2852889631458181,910.0
1102,132.9494646194167,0.2855844196092411,911.0
1103,132.9951951394167,0.2859798196422689,912.0
1104,133.0310518394167,0.2863793862670558,913.0
1105,133.06586920941672,0.2867778759547212,914.0
1106,133.0928917894167,0.28708480792499297,915.0
1107,133.13550431941673,0.2873524414282242,916.0
1108,133.17811684941674,0.2876958734324672,917.0
1109,133.22436684941673,0.28819786774181266,918.0
1110,133.2659400494167,0.2886226298993722,919.0
1111,133.3480467494167,0.2890902597720094,920.0
1112,133.4722461294167,0.28949208319638553,921.0
1113,133.5491561794167,0.2900353718300909,922.0
1114,133.7679342194167,0.2902895099248594,923.0
1115,133.9087628794167,0.2905743798738738,924.0
1116,133.9646177094167,0.2908777509249061,925.0
1117,134.0103571094167,0.29115335884424076,926.0
1118,134.02918603941671,0.29143558737119757,927.0
1119,134.07470780541672,0.29169937121778383,928.0
1120,134.18265456541673,0.2919608014074802,929.0
1121,134.32816002541674,0.2921240101277008,930.0
1122,134.42533682541674,0.29241066350160294,931.0
1123,134.56304749541673,0.29267486862422326,932.0
1124,134.71011213541672,0.29294561414224085,933.0
1125,134.7942974954167,0.2932602645151996,934.0
1126,134.8727667254167,0.2936247223628255,935.0
1127,134.90966275541672,0.2940354997169977,936.0
1128,134.93720481541672,0.2944549990683664,937.0
1129,134.95071610541672,0.2949012500546304,938.0
1130,134.96214873541672,0.2953149891178821,939.0
1131,135.0006039454167,0.29565271880453103,940.0
1132,135.0141152354167,0.29602280177526424,941.0
1133,135.02606734541672,0.2963470984675768,942.0
1134,135.05724724541673,0.29661024885482556,943.0
1135,135.13727528541673,0.2968914756828311,944.0
1136,135.23497193541672,0.29730728233086867,945.0
1137,135.32920168541673,0.29766066202271535,946.0
1138,135.42728720541675,0.29803666106742727,947.0
1139,135.54590835441675,0.2984117349058396,948.0
1140,136.22520308341677,0.2984117349058396,948.0
1141,137.13781076681306,0.2984117349058396,948.0
1142,137.87262065678897,0.2984117349058396,948.0
1143,138.28995096020998,0.2984117349058396,948.0
1144,138.45388760020998,0.29856249846138405,949.0
1145,138.51728636021,0.2988812251179894,950.0
1146,138.61965981020998,0.29915975513482457,951.0
1147,138.67370460021,0.2994961683649697,952.0
1148,138.78855001020997,0.29981909875168905,953.0
1149,138.98862011020998,0.3000630426744315,954.0
1150,139.08839542021,0.3004181463487095,955.0
1151,139.13828289020998,0.3008359352702804,956.0
1152,139.16322681020998,0.3013104840981319,957.0
1153,139.19076887020998,0.3017755778931607,958.0
1154,139.20999629020997,0.30218379697807646,959.0
1155,139.22454691020997,0.30257905657517337,960.0
1156,139.25468748020995,0.302967298873132,961.0
1157,139.28067073020995,0.30339501439624367,962.0
1158,139.31704728020995,0.3038064951338394,963.0
1159,139.41474393020994,0.3039081429645081,964.0
1160,139.57524974520993,0.3039081429645081,964.0
1161,139.83594060464185,0.3039081429645081,964.0
1162,139.90220279464185,0.3040300096051141,965.0
1163,139.89794815464185,0.304144592947441,966.0
1164,139.88304063464184,0.3042120514933434,967.0
1165,139.87720799464185,0.30429431094769765,968.0
1166,139.91471452464185,0.30442206337050265,969.0
1167,140.02692516464185,0.30462819400334346,970.0
1168,140.07556695564185,0.3048861992844211,971.0
1169,140.13948556564185,0.3051262204995164,972.0
1170,140.30110082564184,0.3053811060001341,973.0
1171,140.40399412564184,0.30570140762825915,974.0
1172,140.50221025564184,0.3059672625835974,975.0
1173,140.57548283564185,0.306316307659392,976.0
1174,140.65135355564186,0.3066995970851028,977.0
1175,140.68201360564186,0.30714782109668143,978.0
1176,140.69292638564187,0.30761106859242526,979.0
1177,140.70747700564186,0.30807118283391305,980.0
1178,140.71683097564187,0.3084981387346717,981.0
1179,140.72722427564187,0.3088494709376999,982.0
1180,140.73553891564188,0.3091561586039706,983.0
1181,140.7438535556419,0.3096086336042188,984.0
1182,140.75268767564188,0.3103011020410183,985.0
1183,140.83791236564187,0.3110235549213024,986.0
1184,140.88653595264188,0.31171307500834206,987.0
1185,140.9754983826419,0.31240509297139574,988.0
1186,140.97121614264188,0.3131734420444736,989.0
1187,140.96099774264187,0.3139457950274836,990.0
1188,141.31240043264188,0.31412293130258956,991.0
1189,141.48265519264186,0.31434765536111586,992.0
1190,141.47360591264186,0.3146558746624474,993.0
1191,141.48541964264186,0.3150102937948117,994.0
1192,141.49523722264186,0.31538539447240244,995.0
1193,141.67867841264186,0.3155592016165675,996.0
1194,142.25594094264187,0.31557157996063234,997.0
1195,142.9924225816466,0.31557157996063234,997.0
1196,143.788700447364,0.31557157996063234,997.0
1197,144.43767785736398,0.31557157996063234,997.0
1198,145.18087058736396,0.31557157996063234,997.0
1199,145.87374331736396,0.31557157996063234,997.0
1200,146.41936455736393,0.3156173978287444,998.0
1201,146.56969666736396,0.3159517823348787,999.0
1202,146.58164877736397,0.3163974451877422,1000.0
1203,146.58944356736396,0.3168373596059799,1001.0
1204,146.60191552736396,0.3173028420051061,1002.0
1205,146.62374145736396,0.3179108344479796,1003.0
1206,146.63621341736396,0.3186623991015632,1004.0
1207,146.73650820736395,0.3191276847676635,1005.0
1208,146.81289877736396,0.3195339237169913,1006.0
1209,147.37518241236396,0.31974149195518486,1007.0
1210,147.82150671536394,0.3201911158830524,1008.0
1211,147.97479068536393,0.3205580049104118,1009.0
1212,148.06194455536394,0.3209158829551327,1010.0
1213,148.14130326536392,0.32110145708537974,1011.0
1214,148.19623790536392,0.3211357046772523,1012.0
1215,148.37448244536392,0.3211357046772523,1012.0
1216,148.6218418753639,0.3211357046772523,1012.0
1217,148.84371096676264,0.3211357046772523,1012.0
1218,149.00252012427146,0.3211357046772523,1012.0
1219,149.1028609721003,0.3211357046772523,1012.0
1220,149.24425380041015,0.3211357046772523,1012.0
1221,149.33857270348693,0.3211357046772523,1012.0
1222,149.44343181348694,0.3212145876051561,1013.0
1223,149.48292635348693,0.32137257436662925,1014.0
1224,149.52294037348693,0.3217237163885291,1015.0
1225,149.54476630348694,0.3221968688033978,1016.0
1226,149.57230836348694,0.32261496753823926,1017.0
1227,149.59257511348693,0.32300806597655174,1018.0
1228,149.61959769348692,0.323171681288166,1019.0
1229,149.65181692348693,0.32327118394406185,1020.0
1230,149.74015960348694,0.3234516515041382,1021.0
1231,149.83666707348695,0.3238432419833016,1022.0
1232,149.93540305348694,0.3239611511576409,1023.0
1233,150.03238893348694,0.3240758611040476,1024.0
1234,150.04958616348694,0.32433411345400265,1025.0
1235,150.04555616348694,0.3245609399482145,1026.0
1236,150.02862016348695,0.3248003548518687,1027.0
1237,150.00694168348696,0.3251429291271279,1028.0
1238,150.05619608348695,0.3253404853118196,1029.0
1239,150.22809560448695,0.32545486083056074,1030.0
1240,150.33180216448696,0.3256178643044805,1031.0
1241,150.51316469448696,0.32577716326528794,1032.0
1242,150.68725191448695,0.32599742710452784,1033.0
1243,150.76260315448695,0.32630984054073675,1034.0
1244,150.84886717448694,0.3266523262892585,1035.0
1245,150.99801047448693,0.32691800925368725,1036.0
1246,151.11597387448694,0.3272564540537946,1037.0
1247,151.20171841448695,0.32762684582356166,1038.0
1248,151.27862846448696,0.32801412596963864,1039.0
1249,151.29110042448696,0.3284342069301057,1040.0
1250,151.30201320448697,0.3288279109600955,1041.0
1251,151.31136717448697,0.3292157094459311,1042.0
1252,151.32331928448698,0.3296183038902751,1043.0
1253,151.332673254487,0.33008037444901506,1044.0
1254,151.340987894487,0.3306857320057098,1045.0
1255,151.406465314487,0.33133248063567333,1046.0
1256,151.480777224487,0.33213745635561265,1047.0
1257,151.616409234487,0.3328989213816941,1048.0
1258,151.702673254487,0.333546507015372,1049.0
1259,151.810173609487,0.3341245270662596,1050.0
1260,151.85954159948702,0.33471844320151606,1051.0
1261,151.91447623948702,0.33510876969374437,1052.0
1262,152.02880216948702,0.33532232151339664,1053.0
1263,152.15560005948703,0.3356061225725624,1054.0
1264,152.29175191948704,0.335780097722789,1055.0
1265,152.43361990948705,0.33593336000636526,1056.0
1266,152.57185042948706,0.3361670456764604,1057.0
1267,152.71631655948707,0.3364140622638131,1058.0
1268,152.81920985948707,0.3366943280884592,1059.0
1269,152.89144310948708,0.33705211057709555,1060.0
1270,152.96211717948708,0.33743192986823467,1061.0
1271,153.0104458394871,0.33783211062185386,1062.0
1272,153.0229177994871,0.3383252184251243,1063.0
1273,153.03279124948708,0.3388249846672925,1064.0
1274,153.04578268948708,0.3392841529592431,1065.0
1275,153.05357747948707,0.3397098572358574,1066.0
1276,153.06604943948707,0.34009071137391617,1067.0
1277,153.07384422948707,0.3404866075764814,1068.0
1278,153.08215886948707,0.34086153684616227,1069.0
1279,153.17206072948707,0.3411837245769574,1070.0
1280,153.35602139948708,0.3413999470984909,1071.0
1281,153.4854174294871,0.3416508522709101,1072.0
1282,153.5654454694871,0.34190126484595035,1073.0
1283,153.6076221764871,0.34219446270046594,1074.0
1284,153.6129812564871,0.3425166873431386,1075.0
1285,153.6187565494871,0.34280796017734255,1076.0
1286,153.6381897634871,0.3430822612525608,1077.0
1287,153.6823611034871,0.34335650310051596,1078.0
1288,153.8323232134871,0.3435634657269308,1079.0
1289,153.8931238334871,0.34386816422556343,1080.0
1290,154.1077445534871,0.3440376247160055,1081.0
1291,154.1981658934871,0.3443649966376747,1082.0
1292,154.3613399634871,0.3446542238148609,1083.0
1293,154.4330533634871,0.3450369270842482,1084.0
1294,154.4990506334871,0.3454375139401752,1085.0
1295,154.5380253234871,0.34589696294432976,1086.0
1296,154.5494579534871,0.3463946217500071,1087.0
1297,154.5655673834871,0.3468852370959011,1088.0
1298,154.5749213534871,0.3473340480867049,1089.0
1299,154.58479480348709,0.3476775563117776,1090.0
1300,154.59258959348708,0.34801478094346117,1091.0
1301,154.60038438348707,0.3484260223181354,1092.0
1302,154.61441515348707,0.3488406010859635,1093.0
1303,154.67001912348707,0.3491932576035642,1094.0
1304,154.78313234148706,0.3495432194773448,1095.0
1305,154.76910746148707,0.35010275652293965,1096.0
1306,154.76491450148708,0.35061525077182043,1097.0
1307,154.76221858148708,0.3510481100099455,1098.0
1308,154.7599649814871,0.3514308622543249,1099.0
1309,154.75765066148708,0.35177240305253016,1100.0
1310,154.75286418148707,0.35211783200952884,1101.0
1311,154.87706356148706,0.352299768461233,1102.0
1312,154.92435289148708,0.35263719014257316,1103.0
1313,154.95397361148707,0.3529230395307828,1104.0
1314,155.05530773148706,0.3532384992505711,1105.0
1315,155.15456319148706,0.35352384473883347,1106.0
1316,155.28499855148706,0.3538427693518901,1107.0
1317,155.35619247148708,0.35422673910567426,1108.0
1318,155.4310238614871,0.35462434315246155,1109.0
1319,155.4699985514871,0.35508757332946295,1110.0
1320,155.4809113314871,0.3555830376020246,1111.0
1321,155.4949421014871,0.35607556088601355,1112.0
1322,155.5037762214871,0.3565421019203707,1113.0
1323,155.5115710114871,0.35695780556807555,1114.0
1324,155.5219643114871,0.35750082853102305,1115.0
1325,155.5282002914871,0.35823138692605205,1116.0
1326,155.5671749814871,0.35890734821148224,1117.0
1327,156.2183457514871,0.35894937416474415,1118.0
1328,156.9778850814871,0.3590118034072848,1119.0
1329,157.7961798564871,0.3590386276390186,1120.0
1330,158.5754826994871,0.3590386276390186,1120.0
1331,159.69131940913397,0.3590386276390186,1120.0
1332,160.28475076381062,0.3590386276390186,1120.0
1333,161.0123006338106,0.3590386276390186,1120.0
1334,161.2945018538106,0.35912200381037174,1121.0
1335,161.3589677678106,0.35940331085871513,1122.0
1336,161.5094473968106,0.3596397400739628,1123.0
1337,161.5525794068106,0.35997856163996667,1124.0
1338,161.6107815168106,0.3603244360741645,1125.0
1339,161.6736607968106,0.3606686149096089,1126.0
1340,161.71991079681058,0.3610848957059271,1127.0
1341,161.7833095568106,0.3614729847543467,1128.0
1342,161.8305988868106,0.36190482430907456,1129.0
1343,161.8513854868106,0.362390677633305,1130.0
1344,161.8690540968106,0.3628784207371323,1131.0
1345,161.8856833768106,0.36335159065523986,1132.0
1346,161.89555682681058,0.36350292729471306,1133.0
1347,161.90491079681058,0.3635248035184307,1134.0
1348,161.9158235768106,0.3635540082159555,1135.0
1349,161.9319330068106,0.36364429142696325,1136.0
1350,161.93856035427274,0.36364429142696325,1136.0
1351,162.00435372826612,0.36364429142696325,1136.0
1352,162.0438944476285,0.36364429142696325,1136.0
1353,162.0962797876285,0.36364429142696325,1136.0
1354,162.1015948376285,0.36367038844558547,1137.0
1355,162.0990293976285,0.3639157020799835,1138.0
1356,162.1650910476285,0.3639870093821616,1139.0
1357,162.1753336836285,0.36430700706076113,1140.0
1358,162.1969136376285,0.3647211799712295,1141.0
1359,162.2733042076285,0.3650181490427253,1142.0
1360,162.3725596676285,0.3653448992626509,1143.0
1361,162.4489502376285,0.3656872898783685,1144.0
1362,162.4967590476285,0.36608010828849635,1145.0
1363,162.6412251776285,0.3663953346193265,1146.0
1364,162.78413249762852,0.3667000877432834,1147.0
1365,162.88858460762853,0.36705618867730566,1148.0
1366,162.97069130762853,0.36745945792148166,1149.0
1367,163.01642182762853,0.3679078078172119,1150.0
1368,163.04708187762853,0.3683702051527375,1151.0
1369,163.06682914762854,0.368854364155939,1152.0
1370,163.08085991762854,0.3693115020003175,1153.0
1371,163.09437120762854,0.3697542516377681,1154.0
1372,163.10372517762855,0.3702172894060805,1155.0
1373,163.11359862762853,0.3707651682100098,1156.0
1374,163.12295259762854,0.37136450464385623,1157.0
1375,163.18167455762855,0.3718939277409163,1158.0
1376,163.24507331762857,0.372407022288878,1159.0
1377,163.33757331762857,0.37292475487579263,1160.0
1378,163.43267145762857,0.3733964177860432,1161.0
1379,163.49762939762857,0.37375703430510737,1162.0
1380,163.56466599762857,0.374125252602962,1163.0
1381,163.62910408762858,0.37451952274580036,1164.0
1382,163.6935421776286,0.37482265947592247,1165.0
1383,163.76369676762857,0.3750616443362737,1166.0
1384,163.89153398762858,0.37528002567422686,1167.0
1385,164.00585991762858,0.3755678988999286,1168.0
1386,164.0806913076286,0.37586331233444314,1169.0
1387,164.3898906876286,0.37598268885049596,1170.0
1388,164.5707333676286,0.37622509912822744,1171.0
1389,164.6538793976286,0.3765815949686133,1172.0
1390,164.8092586776286,0.37688555260767226,1173.0
1391,164.8970818776286,0.37727350340517163,1174.0
1392,164.9376157476286,0.3777270507136895,1175.0
1393,164.9469697176286,0.3782246885771844,1176.0
1394,164.95892182762861,0.378685407125197,1177.0
1395,164.9687952776286,0.3791213746302459,1178.0
1396,164.9807473876286,0.37953475005557785,1179.0
1397,164.9885421776286,0.37994532810639625,1180.0
1398,165.0015336176286,0.38033340130314186,1181.0
1399,165.0592162476286,0.3806869465640735,1182.0
1400,165.17183351762858,0.38096499184895405,1183.0
1401,165.25342073762857,0.38126903444610305,1184.0
1402,165.30798537762857,0.38161816722171754,1185.0
1403,165.37450212762857,0.3819180910259418,1186.0
1404,165.40360336762856,0.3822390930864665,1187.0
1405,165.56417929762856,0.38246275689526477,1188.0
1406,165.63849120762856,0.382673357381485,1189.0
1407,165.70968512762857,0.3828265731808608,1190.0
1408,165.80738177762856,0.383055270490151,1191.0
1409,165.93417966762857,0.3833135860627651,1192.0
1410,166.01160956762857,0.38347456487784315,1193.0
1411,166.18257879762857,0.3836578224312798,1194.0
1412,166.26156750762857,0.38403083599005877,1195.0
1413,166.31717147762856,0.38438185404494196,1196.0
1414,166.37277544762856,0.384770424081321,1197.0
1415,166.41902544762854,0.3851987805405064,1198.0
1416,166.43253673762854,0.38569431247918873,1199.0
1417,166.44604802762854,0.38618628431090984,1200.0
1418,166.45592147762852,0.38665147933951266,1201.0
1419,166.46423611762853,0.3870563777847892,1202.0
1420,166.47307023762852,0.38745637880998973,1203.0
1421,166.48034554762853,0.3878981018713362,1204.0
1422,166.49541564762853,0.38831308305263884,1205.0
1423,166.55413760762855,0.3886506763782713,1206.0
1424,166.60090708762854,0.38896138228254834,1207.0
1425,166.63684489162856,0.3892751269461381,1208.0
1426,166.75963723562856,0.389534171574478,1209.0
1427,166.79756845162856,0.3899086500034246,1210.0
1428,166.88054835162856,0.39010867469960914,1211.0
1429,166.89422429162857,0.39044053885098906,1212.0
1430,166.95847090662858,0.39070471926884315,1213.0
1431,167.01147636662859,0.39099013045797576,1214.0
1432,167.0473330666286,0.39132518070441097,1215.0
1433,167.0634424966286,0.3917413712093683,1216.0
1434,167.0915044066286,0.39206871401348115,1217.0
1435,167.2079089966286,0.3923816072511451,1218.0
1436,167.22817574662858,0.39283693470333547,1219.0
1437,167.26922909662858,0.39326633451765364,1220.0
1438,167.33574584662858,0.3936694206485771,1221.0
1439,167.37575986662858,0.39412946681054434,1222.0
1440,167.39498728662858,0.39461601111609346,1223.0
1441,167.41577388662859,0.39509871641128647,1224.0
1442,167.4272065166286,0.39556068799867883,1225.0
1443,167.4365604866286,0.3960082459704901,1226.0
1444,167.45422909662858,0.396468570235468,1227.0
1445,167.4625437366286,0.39691060246035575,1228.0
1446,167.47813368662858,0.39734140590467415,1229.0
1447,167.52148621662857,0.3977784194459407,1230.0
1448,167.67010966662858,0.39816273616270326,1231.0
1449,167.80844304662858,0.3984796911394723,1232.0
1450,167.80076800662857,0.39903220148914403,1233.0
1451,167.78854888662858,0.3995459635607676,1234.0
1452,167.77164632662857,0.40010901999668413,1235.0
1453,167.75086880662857,0.400639789345798,1236.0
1454,167.73363280662858,0.40106834937710256,1237.0
1455,167.73230168662857,0.40147472889696956,1238.0
1456,167.78328435662857,0.4018694882827576,1239.0
1457,167.81550358662858,0.4022917159736181,1240.0
1458,167.87682368662857,0.4026079383812393,1241.0
1459,167.95217492662857,0.40300310733041506,1242.0
1460,168.00881822662856,0.4034188693130248,1243.0
1461,168.07689415662855,0.40380277775126633,1244.0
1462,168.17874812662856,0.4041694750000967,1245.0
1463,168.21356549662858,0.40462656123297813,1246.0
1464,168.22811611662857,0.4051078915021326,1247.0
1465,168.23798956662856,0.40560298767235564,1248.0
1466,168.25098100662856,0.40607385287211456,1249.0
1467,168.27228708662855,0.406445346700486,1250.0
1468,168.29307368662856,0.40678989386208797,1251.0
1469,168.30502579662857,0.40730799574803345,1252.0
1470,168.32737120662858,0.408016383785063,1253.0
1471,168.38705827462857,0.4086387177617395,1254.0
1472,168.41223633062856,0.4094051250903881,1255.0
1473,168.44059720062856,0.4103658901788795,1256.0
1474,168.55598318062857,0.4111007503356178,1257.0
1475,169.17597072062856,0.41120416032463575,1258.0
1476,169.74073613062856,0.4113033584263811,1259.0
1477,169.80064209062854,0.4118379431710525,1260.0
1478,170.11982444062855,0.41197987360545824,1261.0
1479,170.38530809862854,0.41215095193985724,1262.0
1480,170.44714804862855,0.4125188126153906,1263.0
1481,170.48976057862856,0.4128644102547948,1264.0
1482,170.55160052862857,0.41319935986164585,1265.0
1483,170.63526640862858,0.4135707830403092,1266.0
1484,170.69658650862857,0.4139767868586868,1267.0
1485,170.84572980862856,0.41425526689132863,1268.0
1486,170.95797707862857,0.4146051183848483,1269.0
1487,170.99695176862858,0.4150499313487751,1270.0
1488,171.04372124862857,0.4154955573971976,1271.0
1489,171.05775201862858,0.4159796357454284,1272.0
1490,171.06606665862859,0.41643752419709573,1273.0
1491,171.07853861862858,0.4169099854929819,1274.0
1492,171.08633340862858,0.41746429308392996,1275.0
1493,171.09568737862858,0.4180276465719494,1276.0
1494,171.1060806786286,0.4183224241590013,1277.0
1495,171.14723085762859,0.41849587345586264,1278.0
1496,171.17615819762858,0.4190077788827103,1279.0
1497,171.29793370762857,0.4194852693173439,1280.0
1498,171.30294054762857,0.41958895155914855,1281.0
1499,171.29459870762855,0.4197507640803627,1282.0
1500,171.33856284762857,0.42024267047243213,1283.0
1501,171.41199822762857,0.42046910731170317,1284.0
1502,171.41834409762856,0.4207111836186636,1285.0
1503,171.47251120962855,0.4210380211160425,1286.0
1504,171.54201841062854,0.42133136901965523,1287.0
1505,171.67868975062854,0.42154620218578803,1288.0
1506,171.75715898062853,0.4218546789625525,1289.0
1507,171.90422362062853,0.42214908211977326,1290.0
1508,172.05596506062852,0.4223930078893807,1291.0
1509,172.16301568062852,0.4227096398267545,1292.0
1510,172.2711056306285,0.4230741249844706,1293.0
1511,172.30696233062852,0.42351247216783994,1294.0
1512,172.34281903062853,0.4239764174931654,1295.0
1513,172.35269248062852,0.4244772946482817,1296.0
1514,172.36568392062853,0.4249531258977261,1297.0
1515,172.37399856062854,0.42545154689957765,1298.0
1516,172.38439186062854,0.4259467256322081,1299.0
1517,172.40569794062853,0.42655687272621756,1300.0
1518,172.42388603062852,0.4273967451871078,1301.0
1519,172.50755191062854,0.4281571028637071,1302.0
1520,172.57149730862852,0.42871690958902303,1303.0
1521,172.72259642862852,0.429207402160906,1304.0
1522,172.8372427786285,0.42978632859227783,1305.0
1523,172.9479952486285,0.4302101128629579,1306.0
1524,173.0297860796285,0.4305518147808033,1307.0
1525,173.20591125962852,0.4308141014682204,1308.0
1526,173.4029495796285,0.4309924747558419,1309.0
1527,173.5678366386285,0.43117168009664975,1310.0
1528,173.8224713786285,0.4312717713453451,1311.0
1529,173.8943731086285,0.43151761178854775,1312.0
1530,174.0902858886285,0.4316991679602649,1313.0
1531,174.2516018186285,0.43192854383949986,1314.0
1532,174.4158152186285,0.43219087396780786,1315.0
1533,174.57067464862848,0.432460929229289,1316.0
1534,174.69591335862847,0.43280686934577994,1317.0
1535,174.7385258886285,0.4332451322981171,1318.0
1536,174.7868545486285,0.4336880870174292,1319.0
1537,174.8273884186285,0.43413349981875576,1320.0
1538,174.8700009486285,0.4345403444759514,1321.0
1539,174.9017003286285,0.43494453620130136,1322.0
1540,174.92196707862848,0.43534592692342194,1323.0
1541,174.94898965862848,0.4357931567879484,1324.0
1542,175.02434089862848,0.43619374453860116,1325.0
1543,175.61878904062846,0.43622894159917974,1326.0
1544,176.14243154062848,0.436252056146516,1327.0
1545,176.28907808062849,0.43642732351908736,1328.0
1546,176.70763207062848,0.4364557255898787,1329.0
1547,176.99734836062848,0.43652224400692524,1330.0
1548,176.98492580062847,0.4368389897053951,1331.0
1549,176.97221228062847,0.4371810817726812,1332.0
1550,177.12240268062845,0.4373429736307286,1333.0
1551,177.96036206890955,0.4373429736307286,1333.0
1552,178.74794090093414,0.4373429736307286,1333.0
1553,178.94990973681163,0.4373429736307286,1333.0
1554,179.02336546681164,0.43755863247994087,1334.0
1555,179.20368866681164,0.4377636049769914,1335.0
1556,179.30086546681164,0.4380436620404557,1336.0
1557,179.37673618681166,0.43835361194275174,1337.0
1558,179.45052824681164,0.4387263484069499,1338.0
1559,179.55290169681163,0.43907446871230027,1339.0
1560,179.56901112681163,0.43953091673280276,1340.0
1561,179.58044375681163,0.4399540276358372,1341.0
1562,179.59187638681163,0.44011014940041393,1342.0
1563,179.60071050681162,0.44019181251308803,1343.0
1564,179.6095446268116,0.4405037923108483,1344.0
1565,179.6173394168116,0.4409894525241435,1345.0
1566,179.6381260168116,0.4411296428172988,1346.0
1567,180.2130038598116,0.44114318613642295,1347.0
1568,181.07361349981161,0.4412264806897637,1348.0
1569,181.78749186981162,0.44123971583706384,1349.0
1570,182.58944390796063,0.44123971583706384,1349.0
1571,183.30355366761933,0.44123971583706384,1349.0
1572,183.59890048119192,0.44123971583706384,1349.0
1573,183.65650652119191,0.4414548047686006,1350.0
1574,183.6540047611919,0.4415122252696077,1351.0
1575,183.70785600419194,0.44153199254874936,1352.0
1576,183.78619277419193,0.4417550744223651,1353.0
1577,183.89091942419194,0.44203318381677936,1354.0
1578,183.97926210419195,0.44226270257399725,1355.0
1579,184.08735205419194,0.44254944223729503,1356.0
1580,184.18868617419193,0.4429003581196078,1357.0
1581,184.29885478419192,0.4432472184429834,1358.0
1582,184.37888282419192,0.4435953821216787,1359.0
1583,184.43032947419192,0.44403861255334026,1360.0
1584,184.45423406419192,0.44452072578749957,1361.0
1585,184.46358803419193,0.4450128503286678,1362.0
1586,184.47346148419192,0.44519990813747545,1363.0
1587,184.48645292419192,0.4452253644523876,1364.0
1588,184.50048369419193,0.44528102597399954,1365.0
1589,184.51035714419191,0.4454893616657382,1366.0
1590,184.54257637419192,0.4455490980333818,1367.0
1591,184.79050967419192,0.4455594545812431,1368.0
1592,184.91852545619193,0.4458485479685221,1369.0
1593,185.03954542619192,0.44611253151615154,1370.0
1594,185.13517488619192,0.44631899699352434,1371.0
1595,185.1378403661919,0.4467130701042481,1372.0
1596,185.1315764461919,0.447170483259153,1373.0
1597,185.1284543661919,0.44767819582284196,1374.0
1598,185.1707020761919,0.44802596090213775,1375.0
1599,185.1936017461919,0.44835487709664307,1376.0
1600,185.21736684619188,0.4486675679349298,1377.0
1601,185.30830803619187,0.44894540379715864,1378.0
1602,185.39353272619186,0.44924454231453986,1379.0
1603,185.55774612619186,0.4494982408944883,1380.0
1604,185.69181932619185,0.44978984417612217,1381.0
1605,185.79107478619184,0.45013835410429903,1382.0
1606,185.88617292619185,0.4505038102877025,1383.0
1607,185.93813905619186,0.45093448198643044,1384.0
1608,185.95320915619186,0.4514250399038584,1385.0
1609,185.96308260619185,0.4519096219638495,1386.0
1610,185.97711337619185,0.45224103429400647,1387.0
1611,185.98438868619186,0.45254802108943265,1388.0
1612,186.00153744619186,0.4529402044891887,1389.0
1613,186.02492218619187,0.4534141886654347,1390.0
1614,186.05818074619188,0.4538274295852559,1391.0
1615,186.12469749619189,0.4544635211661857,1392.0
1616,186.1623986461919,0.4552200635656573,1393.0
1617,186.2206643961919,0.4559018089415141,1394.0
1618,186.2824240561919,0.45657532240863224,1395.0
1619,186.2958828061919,0.4573262817714883,1396.0
1620,186.29375696619192,0.45793841809407965,1397.0
1621,186.28819120619193,0.4584018359080345,1398.0
1622,187.30033062871823,0.4584018359080345,1398.0
1623,187.83913578890855,0.4584018359080345,1398.0
1624,188.09765589890856,0.45844329962105373,1399.0
1625,188.28707110890855,0.4586409981477562,1400.0
1626,188.47259058890856,0.45881787719175887,1401.0
1627,188.64979579890857,0.4590447211912879,1402.0
1628,188.85766105890858,0.4592787445692487,1403.0
1629,188.9823802889086,0.4595877499782097,1404.0
1630,189.09618636890858,0.4599321378394628,1405.0
1631,189.15698698890859,0.46036000222412304,1406.0
1632,189.19648152890858,0.460808912660731,1407.0
1633,189.21103214890857,0.4612748504054824,1408.0
1634,189.22142544890858,0.46172555180128877,1409.0
1635,189.23025956890856,0.4621829678244478,1410.0
1636,189.24429033890857,0.46268609156231943,1411.0
1637,189.25468363890857,0.463287265808716,1412.0
1638,189.26663574890858,0.46400388611195476,1413.0
1639,189.35913574890859,0.46479891983045846,1414.0
1640,189.42929033890857,0.46574364026442083,1415.0
1641,189.50968837890858,0.46604728934831036,1416.0
1642,189.72509590390857,0.46611345021351475,1417.0
1643,189.84514314390856,0.46655151852954485,1418.0
1644,190.45554694390856,0.46672336691160987,1419.0
1645,190.65547422390856,0.46672336691160987,1419.0
1646,190.69784747490857,0.4668079758500404,1420.0
1647,190.74638107790858,0.4669733938773074,1421.0
1648,190.79510711790857,0.46717159053272017,1422.0
1649,190.86682051790856,0.46740260777805814,1423.0
1650,190.95204520790855,0.46765750612538554,1424.0
1651,191.04558453790855,0.4679076273334912,1425.0
1652,191.21655376790855,0.4681513457863684,1426.0
1653,191.32568304790854,0.4684665117994078,1427.0
1654,191.41818304790854,0.4688333759954717,1428.0
1655,191.48625897790853,0.469236558165906,1429.0
1656,191.53510711790852,0.46968000320440784,1430.0
1657,191.54653974790853,0.4701749839977388,1431.0
1658,191.56888515790854,0.4706037485751819,1432.0
1659,191.58603391790854,0.47100527813080467,1433.0
1660,191.59850587790854,0.4714232397659645,1434.0
1661,191.62552845790853,0.4717564906055302,1435.0
1662,191.64111840790852,0.4720565065452862,1436.0
1663,191.71646964790853,0.47219753676560616,1437.0
1664,191.86561294790852,0.47230870606755626,1438.0
1665,192.5095709379085,0.47230870606755626,1438.0
1666,193.12118093790852,0.4723696327147887,1439.0
1667,193.36344361790853,0.47242028720675167,1440.0
1668,193.49186173790852,0.4726561881282531,1441.0
1669,193.51941304790853,0.47306652436223645,1442.0
1670,193.56246321390853,0.4734177744543206,1443.0
1671,193.63625527390852,0.47370518216393265,1444.0
1672,193.7453845539085,0.47393270602616533,1445.0
1673,193.8373650739085,0.4742056147358462,1446.0
1674,193.9163537839085,0.4745164782564433,1447.0
1675,194.0228845539085,0.4747649499447557,1448.0
1676,194.1138257439085,0.47509118562642483,1449.0
1677,194.1990504339085,0.47544185786207627,1450.0
1678,194.2993452239085,0.47578582441881406,1451.0
1679,194.3258479539085,0.47622843203198684,1452.0
1680,194.3544293439085,0.4766918209762451,1453.0
1681,194.3684601139085,0.4771634567027684,1454.0
1682,194.3778140839085,0.4776112331642905,1455.0
1683,194.3856088739085,0.47798818806414944,1456.0
1684,194.3965216539085,0.4781103702889371,1457.0
1685,194.40483629390852,0.4781616807167082,1458.0
1686,194.4464094939085,0.47830355363905885,1459.0
1687,194.5290360439085,0.4786267580205616,1460.0
1688,194.60282810390848,0.47876645042240756,1461.0
1689,194.84447140390847,0.4788290937179584,1462.0
1690,195.01128331390848,0.47904723168673463,1463.0
1691,195.16874125390848,0.4792904995126181,1464.0
1692,195.36106507090847,0.4795093088089319,1465.0
1693,195.51109651890846,0.47976500785869014,1466.0
1694,195.62594189190847,0.4800175727267502,1467.0
1695,195.75585777190847,0.48024084426402674,1468.0
1696,195.86342787190847,0.48050213063594593,1469.0
1697,196.07908792190847,0.4806765181867777,1470.0
1698,196.21056261190847,0.4809333909099744,1471.0
1699,196.33320318190846,0.4812392399139855,1472.0
1700,196.53639127190846,0.4814776943217269,1473.0
1701,196.63200926190845,0.4818109892304869,1474.0
1702,196.70424251190846,0.48222484741991,1475.0
1703,196.74269772190846,0.48267431116563647,1476.0
1704,196.76764164190845,0.48315107998790274,1477.0
1705,196.78011360190845,0.4836262113429707,1478.0
1706,196.79258556190845,0.4840572922611345,1479.0
1707,196.80141968190844,0.4844744445527561,1480.0
1708,196.81025380190843,0.48480462834907295,1481.0
1709,196.83935504190842,0.48506463511642134,1482.0
1710,196.8539056619084,0.48535539776622305,1483.0
1711,196.91938308190842,0.4856157477625127,1484.0
1712,196.99369499190843,0.4857873811417097,1485.0
1713,197.04981844190843,0.4860647164981897,1486.0
1714,197.7766415670494,0.4860647164981897,1486.0
1715,198.36479317143488,0.4860647164981897,1486.0
1716,198.5215844824349,0.4861831326991663,1487.0
1717,198.6543799614349,0.48634941514559094,1488.0
1718,198.8152642864349,0.486512136794906,1489.0
1719,199.0137755764349,0.48664815152614843,1490.0
1720,199.2076096964349,0.486749270245818,1491.0
1721,199.2819216064349,0.4870335429367254,1492.0
1722,199.3525956764349,0.4873650211891765,1493.0
1723,199.4419776864349,0.48763309440039027,1494.0
1724,199.64984294643492,0.48786050229735356,1495.0
1725,199.8244496464349,0.48813188519073164,1496.0
1726,199.8706996464349,0.4885651509639908,1497.0
1727,199.9127923264349,0.48901346583754335,1498.0
1728,199.9283822764349,0.48949112918861665,1499.0
1729,199.9413737164349,0.48996966443678447,1500.0
1730,199.9517670164349,0.4904290032535673,1501.0
1731,199.9590423264349,0.4908614291884851,1502.0
1732,199.97203376643492,0.4912777710966344,1503.0
1733,199.9798285564349,0.4914129217536846,1504.0
1734,199.9990559764349,0.49143838133914897,1505.0
1735,200.0690607164349,0.4915917662309419,1506.0
1736,200.1350579864349,0.4920395067467696,1507.0
1737,200.2919353964349,0.4920603525754773,1508.0
1738,200.31848511643489,0.49212193347892397,1509.0
1739,200.33321222643488,0.49235380491351727,1510.0
1740,200.32102670643488,0.4926828297567526,1511.0
1741,200.31141502643487,0.4930461730322194,1512.0
1742,200.30383142643487,0.4933559403721982,1513.0
1743,200.33601139943485,0.49355846799169123,1514.0
1744,200.39666216943488,0.4937800061799035,1515.0
1745,200.52313963943487,0.4940156778314779,1516.0
1746,200.66708628943488,0.4943064465794975,1517.0
1747,200.78920700943488,0.49455449213117647,1518.0
1748,200.90872958943487,0.49481865293136257,1519.0
1749,201.00486705943487,0.495189669574053,1520.0
1750,201.08385576943488,0.4955818892715734,1521.0
1751,201.1436170594349,0.4960137446189679,1522.0
1752,201.1799936094349,0.4964761631028526,1523.0
1753,201.2226061394349,0.49692771239232475,1524.0
1754,201.2392354194349,0.4973749734549608,1525.0
1755,201.2782101094349,0.49776590605236715,1526.0
1756,201.2989967094349,0.49814050300624113,1527.0
1757,201.3280979494349,0.49857053852765426,1528.0
1758,201.3613565094349,0.49908501621230866,1529.0
1759,201.4240793904349,0.49965141900102006,1530.0
1760,201.46306888043492,0.5002657217304168,1531.0
1761,201.49706374043492,0.5010364331797619,1532.0
1762,201.48113206043493,0.5018706730756102,1533.0
1763,201.47547742043494,0.502561908057376,1534.0
1764,201.46597614043495,0.5030739692564368,1535.0
1765,201.45534870043494,0.5035136024345432,1536.0
1766,201.49274719043493,0.503795003212723,1537.0
1767,201.48797695043493,0.5041459844167677,1538.0
1768,201.67422903043493,0.5043045363828365,1539.0
1769,202.16737786943492,0.504320131818979,1540.0
1770,202.3727737494349,0.5045023729018159,1541.0
1771,202.51256307943493,0.5047566842000204,1542.0
1772,202.60922039943492,0.505071427357038,1543.0
1773,202.7115938494349,0.5053990007105928,1544.0
1774,202.8233212694349,0.5057255473284512,1545.0
1775,202.8991919894349,0.5061070158908614,1546.0
1776,202.9423239994349,0.5065228498862633,1547.0
1777,202.9802593594349,0.5069604467628299,1548.0
1778,202.9994867794349,0.5073856715529537,1549.0
1779,203.0353434794349,0.5078316940368406,1550.0
1780,203.05872821943493,0.5083704242607363,1551.0
1781,203.08367213943492,0.5090981145946647,1552.0
1782,203.10913553943493,0.5099791261639872,1553.0
1783,203.57280592343494,0.5103250754266084,1554.0
1784,204.34805027343495,0.5104450272700766,1555.0
1785,205.20284277343495,0.5105331746104066,1556.0
1786,206.07339246343494,0.5105780279497144,1557.0
1787,206.71729606343496,0.5106596688452829,1558.0
1788,206.81642572343495,0.5108954358980458,1559.0
1789,206.79733700343493,0.5112020836392577,1560.0
1790,206.79076692343494,0.5116463668945554,1561.0
1791,206.78658348343495,0.5120091701277893,1562.0
1792,206.80721172343496,0.5121397041505084,1563.0
1793,206.94604279043497,0.5122956595073216,1564.0
1794,207.11181537043498,0.5124795018112799,1565.0
1795,207.19340259043497,0.512796203753064,1566.0
1796,207.31188584043497,0.5130898066750387,1567.0
1797,207.39814986043496,0.5134166821579118,1568.0
1798,207.50571996043496,0.5137386139710314,1569.0
1799,207.54729316043495,0.5141545755993575,1570.0
1800,207.58418919043496,0.5145829459369238,1571.0
1801,207.60133795043495,0.5150514172182037,1572.0
1802,207.61329006043496,0.5152709127815491,1573.0
1803,207.62108485043495,0.5153241468390237,1574.0
1804,207.63355681043495,0.5153626763298396,1575.0
1805,207.64187145043496,0.5154982602413956,1576.0
1806,207.67461016043495,0.5156067691519743,1577.0
1807,207.72365972843494,0.5158484151156633,1578.0
1808,208.05265373843494,0.516061878426344,1579.0
1809,208.72448086843494,0.516061878426344,1579.0
1810,209.60442819807815,0.516061878426344,1579.0
1811,209.96795208807816,0.5162524114582938,1580.0
1812,210.09605755807814,0.5168107626849956,1581.0
1813,210.08934099807814,0.5173554609801045,1582.0
1814,210.08275651807816,0.5178541624652122,1583.0
1815,210.08635691407815,0.5182854754534891,1584.0
1816,210.09757505507815,0.5186158136058339,1585.0
1817,210.09853128307816,0.5189136515141106,1586.0
1818,210.14582061307817,0.5192643756536413,1587.0
1819,210.21597520307816,0.5195960028657824,1588.0
1820,210.29340510307816,0.5199561441491558,1589.0
1821,210.37966912307814,0.5202943019910684,1590.0
1822,210.45346118307813,0.5206955628584196,1591.0
1823,210.49763252307812,0.5211313399703832,1592.0
1824,210.51218314307812,0.5216185994307552,1593.0
1825,210.52309592307813,0.5220997316066798,1594.0
1826,210.53296937307812,0.5225658314773198,1595.0
1827,210.54700014307812,0.5228693715135384,1596.0
1828,210.5568735930781,0.5230143072894974,1597.0
1829,210.56882570307812,0.5230901054825147,1598.0
1830,210.62027235307812,0.5233628812785155,1599.0
1831,210.67639580307812,0.5238732676532636,1600.0
1832,210.77165896307812,0.52422091519768,1601.0
1833,210.8604857510781,0.524385839995511,1602.0
1834,210.8636152480781,0.5248604910807075,1603.0
1835,211.6044502640781,0.5248604910807075,1603.0
1836,211.78064744607812,0.5252753666323411,1604.0
1837,212.32831478607812,0.5253491207157128,1605.0
1838,212.32654790607813,0.5258484173659457,1606.0
1839,212.33680271507814,0.526271310367141,1607.0
1840,212.35121702707815,0.526694139939109,1608.0
1841,212.36097218807814,0.5270788081593663,1609.0
1842,212.39890754807814,0.5274560599506526,1610.0
1843,212.44827553807815,0.527849452703274,1611.0
1844,212.53194141807816,0.5282119903218576,1612.0
1845,212.57143595807815,0.5286309258516049,1613.0
1846,212.63119724807817,0.529039994393965,1614.0
1847,212.65406250807817,0.5295165192219065,1615.0
1848,212.66445580807817,0.5300129421967461,1616.0
1849,212.68056523807817,0.5304754750824103,1617.0
1850,212.69095853807818,0.5309160901793166,1618.0
1851,212.70706796807818,0.531331775598203,1619.0
1852,212.71590208807817,0.5317653978280379,1620.0
1853,212.72577553807815,0.5322651151024427,1621.0
1854,212.73512950807816,0.5324476483877298,1622.0
1855,212.73343026807817,0.532596247556764,1623.0
1856,212.72625370807816,0.5328521031793905,1624.0
1857,213.01174829807817,0.5330410540794612,1625.0
1858,212.99765845807818,0.5332313509535849,1626.0
1859,212.97010165807816,0.5338893943448066,1627.0
1860,212.95277413807815,0.5341028253265268,1628.0
1861,213.63125460807814,0.5341028253265268,1628.0
1862,214.63481093933146,0.5341028253265268,1628.0
1863,215.43971190028472,0.5341028253265268,1628.0
1864,215.52150928028473,0.5342326625101894,1629.0
1865,215.54404731228473,0.5346345809273292,1630.0
1866,215.56379458228474,0.5350685578977734,1631.0
1867,215.68799396228474,0.535380739864695,1632.0
1868,215.79556406228474,0.5357446594004893,1633.0
1869,215.87091530228474,0.536124889149008,1634.0
1870,215.91768478228474,0.5365631296411035,1635.0
1871,215.95821865228473,0.5370210228756824,1636.0
1872,215.98368205228473,0.5374960860234805,1637.0
1873,215.99407535228474,0.5379957583296038,1638.0
1874,216.00446865228474,0.5385087040354264,1639.0
1875,216.01590128228474,0.5390882523337461,1640.0
1876,216.02577473228473,0.5395325487807996,1641.0
1877,216.04032535228473,0.5401213881198126,1642.0
1878,216.05071865228473,0.541221853997041,1643.0
1879,216.05038690028474,0.5425864017043507,1644.0
1880,216.04481610028475,0.5429875300519467,1645.0
1881,216.02330538028474,0.543236502300942,1646.0
1882,216.13732162028472,0.5433715498177665,1647.0
1883,216.61931840028473,0.5436216583001157,1648.0
1884,217.35263398028474,0.5436216583001157,1648.0
1885,217.61892705028473,0.5436216583001157,1648.0
1886,217.60795353028473,0.5436952481596429,1649.0
1887,217.60407441028474,0.5440554098038333,1650.0
1888,217.59944313028473,0.5444810541298606,1651.0
1889,217.61153528528473,0.5449122993472091,1652.0
1890,217.67545389528473,0.545244578142138,1653.0
1891,217.77211121528472,0.5455585904998586,1654.0
1892,217.82563652528472,0.5459530639391341,1655.0
1893,217.88124049528471,0.5463721724192869,1656.0
1894,217.9264511652847,0.546804641116972,1657.0
1895,217.9752993052847,0.5472416929744173,1658.0
1896,218.0012825552847,0.5477166577174974,1659.0
1897,218.0116758552847,0.5482120075652219,1660.0
1898,218.0257066252847,0.5487185825401577,1661.0
1899,218.0335014152847,0.5492882263600725,1662.0
1900,218.0454535252847,0.5499902407181578,1663.0
1901,218.0548074952847,0.5506900608351983,1664.0
1902,218.1124901252847,0.5510937961285001,1665.0
1903,218.14522883528468,0.5513558417843549,1666.0
1904,218.1670547652847,0.5519783307836137,1667.0
1905,218.1658658692847,0.5530852168368785,1668.0
1906,218.1677475782847,0.553924250003023,1669.0
1907,218.16097565828468,0.5543256649073174,1670.0
1908,218.1426054982847,0.5549099008144107,1671.0
1909,218.12176837828468,0.5556789365248216,1672.0
1910,218.09917221828468,0.5562561615244643,1673.0
1911,218.09034541828467,0.5567601409442258,1674.0
1912,218.11397916828466,0.5571827811760781,1675.0
1913,218.16780798928465,0.5575378140921847,1676.0
1914,218.23224607928466,0.5578743577041676,1677.0
1915,218.28265339928467,0.5582678329200017,1678.0
1916,218.34865066928467,0.5586615981557475,1679.0
1917,218.40425463928466,0.559081017853472,1680.0
1918,218.44374917928465,0.5595146968692952,1681.0
1919,218.48220438928465,0.5599649333540619,1682.0
1920,218.49987299928463,0.560453496238043,1683.0
1921,218.51286443928464,0.5609129787801075,1684.0
1922,218.52585587928465,0.5613673337731047,1685.0
1923,218.53572932928464,0.5618448554671494,1686.0
1924,218.54924061928463,0.562358525335934,1687.0
1925,218.55651592928464,0.5628673192865454,1688.0
1926,218.61835587928465,0.5633741931324456,1689.0
1927,218.61679635128465,0.5640836797881157,1690.0
1928,218.61158323128464,0.5650335653334007,1691.0
1929,218.59489203128464,0.566174760019672,1692.0
1930,218.57417547128463,0.5673338288681238,1693.0
1931,218.55173363128463,0.5684272338681069,1694.0
1932,218.52043571128465,0.5693559657322651,1695.0
1933,218.48894323128465,0.5701971173696205,1696.0
1934,218.45498083128464,0.570907415144466,1697.0
1935,218.44121107128464,0.5714263374874198,1698.0
1936,218.43610731128464,0.5718705105049882,1699.0
1937,218.44721881828465,0.5722686040743474,1700.0
1938,218.50126360828466,0.5726594005663947,1701.0
1939,218.55115107828465,0.573054957063752,1702.0
1940,218.60987303828466,0.5734586573266687,1703.0
1941,218.66028035828467,0.5738857056028346,1704.0
1942,218.70860901828468,0.5743142175127283,1705.0
1943,218.72939561828468,0.574791361231908,1706.0
1944,218.74082824828469,0.575286342025239,1707.0
1945,218.7517410282847,0.5757480724744184,1708.0
1946,218.7668111282847,0.5762290556169734,1709.0
1947,218.7766845782847,0.5767962832344276,1710.0
1948,218.7849992182847,0.5775013140502685,1711.0
1949,218.7953925182847,0.5782855120879995,1712.0
1950,218.8307297382847,0.5792469895267256,1713.0
1951,218.8387272882847,0.5803762190779542,1714.0
1952,218.8330803282847,0.5817997017701242,1715.0
1953,218.8139274482847,0.5834507885110647,1716.0
1954,218.7843030482847,0.5850410175122496,1717.0
1955,218.7488773682847,0.5864770915647044,1718.0
1956,218.7141680082847,0.5876339379331446,1719.0
1957,218.6820876882847,0.5886122469775199,1720.0
1958,219.02722479828472,0.5887771660344432,1721.0
1959,219.5331986882847,0.5888260769857823,1722.0
1960,219.5259023682847,0.5893232293136919,1723.0
1961,219.5215640802847,0.5897624988879273,1724.0
1962,219.5527439802847,0.590185580366339,1725.0
1963,219.5808058902847,0.5906253475910248,1726.0
1964,219.6114659402847,0.5910724479477623,1727.0
1965,219.6478424902847,0.5915064277120152,1728.0
1966,219.6764238802847,0.5919703807404588,1729.0
1967,219.7128004302847,0.5924357531954152,1730.0
1968,219.72735105028468,0.5929296107621045,1731.0
1969,219.74294100028467,0.5933996382202114,1732.0
1970,219.75541296028467,0.59388697465267,1733.0
1971,219.76424708028466,0.594450729285291,1734.0
1972,219.77152239028467,0.5951684437912821,1735.0
1973,219.77931718028466,0.5960755424132982,1736.0
1974,219.78971048028467,0.5972612226320273,1737.0
1975,219.78966510428467,0.598665392008001,1738.0
1976,219.78284590428467,0.6002767314748569,1739.0
1977,219.76230822428468,0.6014628473573895,1740.0
1978,219.73569350428468,0.602155339321649,1741.0
1979,219.73496838428468,0.6028725748615733,1742.0
1980,220.05174129428468,0.6034199975449013,1743.0
1981,220.0334102542847,0.6039547187325816,1744.0
1982,220.0057698542847,0.6042429417220248,1745.0
1983,220.5050522942847,0.6043057879187359,1746.0
1984,220.4941978942847,0.6048622731350515,1747.0
1985,220.4895358942847,0.605336409150063,1748.0
1986,220.5025273342847,0.6057933902574262,1749.0
1987,220.5238334142847,0.606248904693397,1750.0
1988,220.5466986742847,0.606708460064852,1751.0
1989,220.5851538842847,0.607156765473186,1752.0
1990,220.6236090942847,0.6075993730863587,1753.0
1991,220.65167100428468,0.6080749537573156,1754.0
1992,220.67349693428469,0.6085575598594093,1755.0
1993,220.68960636428469,0.6090471974001423,1756.0
1994,220.7010389942847,0.6095568518388661,1757.0
1995,220.7124716242847,0.6101262353533277,1758.0
1996,220.72130574428468,0.6108490607657968,1759.0
1997,220.7296203842847,0.6117715445691023,1760.0
1998,220.73845450428468,0.6127752629793131,1761.0
1999,220.75047114228468,0.613514904308265,1762.0
2000,220.7443637822847,0.6146191921220983,1763.0
2001,220.7427909022847,0.6161909406983883,1764.0
2002,220.7160109822847,0.617188667324156,1765.0
2003,220.6857172222847,0.6176697700837712,1766.0
2004,220.6643492222847,0.6187479395530877,1767.0
2005,220.6341228222847,0.6199275442347194,1768.0
2006,220.6186811422847,0.6201763472237487,1769.0
2007,220.60447946228467,0.6208009169522923,1770.0
2008,220.59926314228468,0.6213327105138071,1771.0
2009,220.59511687028467,0.6218092060666263,1772.0
2010,220.60602965028468,0.6222725998224381,1773.0
2011,220.64240620028468,0.622715879194947,1774.0
2012,220.67878275028468,0.623154252585177,1775.0
2013,220.70840347028468,0.6236051153327054,1776.0
2014,220.75465347028467,0.6240446041758079,1777.0
2015,220.79051017028468,0.6245022391689086,1778.0
2016,220.81181625028466,0.6249837342199231,1779.0
2017,220.83052419028468,0.6254721380324966,1780.0
2018,220.84039764028466,0.6259753911292922,1781.0
2019,220.85234975028467,0.6265352412209402,1782.0
2020,220.86482171028467,0.6271811204410971,1783.0
2021,220.87261650028466,0.6280435774435247,1784.0
2022,220.88508846028466,0.629187762681221,1785.0
2023,220.88324871628467,0.6305216834590741,1786.0
2024,220.87336327628466,0.6319806979356333,1787.0
2025,220.88660927628467,0.6333997162749863,1788.0
2026,221.91129652628467,0.6334858431082516,1789.0
2027,222.4998063162847,0.6337233954455107,1790.0
2028,222.6359159962847,0.6344016052410345,1791.0
2029,222.6038947962847,0.6353384402103471,1792.0
2030,222.57420215628468,0.6361062206230588,1793.0
2031,222.55771839628468,0.6366929660410712,1794.0
2032,222.5681120662847,0.6371748613940134,1795.0
2033,222.5813486682847,0.6376154614772334,1796.0
2034,222.6192840282847,0.6380272995753782,1797.0
2035,222.6566999082847,0.6384539276241388,1798.0
2036,222.70035176828472,0.638890278841538,1799.0
2037,222.75231789828473,0.6393090249903659,1800.0
2038,222.81987397828473,0.6397176090530616,1801.0
2039,222.88483191828473,0.6401377440732559,1802.0
2040,222.92432645828472,0.640592202936302,1803.0
2041,222.9534276982847,0.6410665161272735,1804.0
2042,222.9658996582847,0.6415782233328498,1805.0
2043,222.97681243828472,0.6421619633834588,1806.0
2044,222.9856465582847,0.6428137296006555,1807.0
2045,222.99396119828472,0.6430033087250645,1808.0
2046,223.00331516828473,0.6431387092120081,1809.0
2047,223.03501454828472,0.6438750085215629,1810.0
2048,223.05806551128472,0.6454756009750402,1811.0
2049,223.06200083128473,0.6460081195000966,1812.0
2050,223.06847176128474,0.6466560157360859,1813.0
2051,223.05164696128475,0.6475584578251472,1814.0
2052,223.02960688128474,0.6485720207009167,1815.0
2053,222.99937336128474,0.6494955380435159,1816.0
2054,222.96996592128474,0.6502305545353646,1817.0
2055,222.95102720128475,0.650764410845136,1818.0
2056,222.94712424128474,0.6512199987495226,1819.0
2057,223.01267344128473,0.6515487698367752,1820.0
2058,223.03291270028473,0.6519322334460591,1821.0
2059,223.0744859002847,0.6523263775536712,1822.0
2060,223.13320786028473,0.6527169761165894,1823.0
2061,223.1794578602847,0.6531254680160401,1824.0
2062,223.2329831702847,0.6535323027547422,1825.0
2063,223.3130112102847,0.6539262072734855,1826.0
2064,223.3525057502847,0.654374881899386,1827.0
2065,223.3816069902847,0.6548486724191676,1828.0
2066,223.3940789502847,0.655328794170196,1829.0
2067,223.4049917302847,0.6558112470831763,1830.0
2068,223.4138258502847,0.6563464873267608,1831.0
2069,223.4221404902847,0.6569749991599196,1832.0
2070,223.69271446028472,0.6574034074328743,1833.0
2071,223.93605384028473,0.6580892172702439,1834.0
2072,223.95793127428473,0.6593862623578997,1835.0
2073,223.95921295428474,0.6608238496078134,1836.0
2074,223.96134933428473,0.6622836564910088,1837.0
2075,223.94657261428475,0.6636812085029382,1838.0
2076,223.92651829428473,0.6648311167358922,1839.0
2077,223.89720061428474,0.6658625146855011,1840.0
2078,223.87012381428474,0.6667239479807097,1841.0
2079,223.84998117428475,0.6673549940755306,1842.0
2080,223.86349653428474,0.6677420736670225,1843.0
2081,224.18513013428475,0.6678815358000325,1844.0
2082,224.20475130828476,0.6682628742796106,1845.0
2083,224.24632450828474,0.6686372264179632,1846.0
2084,224.30504646828476,0.6690299526887389,1847.0
2085,224.35129646828474,0.6694513715026045,1848.0
2086,224.40482177828474,0.6698474073645093,1849.0
2087,224.48484981828474,0.6702413118832526,1850.0
2088,224.50667574828475,0.670712158652431,1851.0
2089,224.53421780828475,0.6710280591888249,1852.0
2090,224.54824857828476,0.6712578794222293,1853.0
2091,224.55760254828476,0.6716385451430062,1854.0
2092,224.56591718828477,0.6722423748245745,1855.0
2093,224.57371197828476,0.6727069154041159,1856.0
2094,224.58358542828475,0.6733080085434593,1857.0
2095,224.90400135828475,0.6738651994789624,1858.0
2096,225.71051810828473,0.6740405813880079,1859.0
2097,226.21458686828473,0.6746044209372626,1860.0
2098,227.34976573828473,0.6746743273300495,1861.0
2099,228.32027207528472,0.6747456944773458,1862.0
2100,228.6984038242847,0.675072208783251,1863.0
2101,228.6960514242847,0.6758015183473194,1864.0
2102,228.7095138742847,0.6765845300749163,1865.0
2103,228.70791053028472,0.6772136752757809,1866.0
2104,228.73441326028473,0.6774733462441906,1867.0
2105,228.74532604028474,0.6779428107792578,1868.0
2106,228.76559279028473,0.6783446718409332,1869.0
2107,228.79209552028473,0.6787472241290491,1870.0
2108,228.82743274028473,0.679178029429083,1871.0
2109,228.86796661028472,0.6796056210747543,1872.0
2110,228.90850048028472,0.6800139810723556,1873.0
2111,228.95942728028473,0.6804565698760743,1874.0
2112,228.98489068028474,0.6809248989352097,1875.0
2113,229.00567728028474,0.6814077515656967,1876.0
2114,229.01866872028475,0.6817124836193056,1877.0
2115,229.03321934028475,0.6817666465318907,1878.0
2116,229.04361264028475,0.6818163169976811,1879.0
2117,229.05504527028475,0.6818621038552646,1880.0
2118,229.06171931484758,0.6818621038552646,1880.0
2119,229.10001849616708,0.6818621038552646,1880.0
2120,229.1184433861671,0.682233034296754,1881.0
2121,229.17768482616708,0.6823156734841715,1882.0
2122,229.75960825607172,0.6823156734841715,1882.0
2123,230.21156360722193,0.6823156734841715,1882.0
2124,230.27495533722194,0.6827270990768217,1883.0
2125,230.27085877722195,0.6832426247244769,1884.0
2126,230.26452837722195,0.6837766349457675,1885.0
2127,230.44610883722194,0.6840244003623712,1886.0
2128,230.79731764722194,0.6841598281600054,1887.0
2129,230.80563228722195,0.6846183797614174,1888.0
2130,230.83577285722194,0.6850404421249261,1889.0
2131,230.85448079722195,0.6854815049348415,1890.0
2132,230.88410151722195,0.6859226513054748,1891.0
2133,230.92151739722195,0.6863629652392131,1892.0
2134,230.95997260722194,0.6867927986919484,1893.0
2135,230.98075920722195,0.6872647354248416,1894.0
2136,231.01349791722194,0.6877254587705239,1895.0
2137,231.02493054722194,0.6882223280618194,1896.0
2138,231.03636317722194,0.6886982256232277,1897.0
2139,231.04623662722193,0.6891749719954077,1898.0
2140,231.05662992722193,0.6896343146445729,1899.0
2141,231.06962136722194,0.6898119126194304,1900.0
2142,231.07741615722193,0.6899026666533503,1901.0
2143,231.09300610722192,0.6902464798463139,1902.0
2144,231.12574481722191,0.6909116891850271,1903.0
2145,231.1564048672219,0.6912257768027734,1904.0
2146,231.15945218722192,0.691438287275397,1905.0
2147,231.21471575722194,0.69164141398746,1906.0
2148,231.41868824722192,0.6918363428144699,1907.0
2149,232.08950675722193,0.6918522963618576,1908.0
2150,232.43659043722192,0.6919317461509764,1909.0
2151,232.41659835722191,0.6922178744994114,1910.0
2152,232.4232716032219,0.6926774509541356,1911.0
2153,232.4257284032219,0.6931213602104511,1912.0
2154,232.4255590672219,0.693594146104104,1913.0
2155,232.4650536072219,0.6940252669338802,1914.0
2156,232.5118230872219,0.694448634426194,1915.0
2157,232.6381011272219,0.6947889808210814,1916.0
2158,232.69734256722188,0.6952208835482085,1917.0
2159,232.8017946772219,0.6955882848013297,1918.0
2160,232.9327498872219,0.6959390173128135,1919.0
2161,232.9706852472219,0.6964006747604481,1920.0
2162,232.9815980272219,0.696896020628416,1921.0
2163,232.9951093172219,0.6973716909930374,1922.0
2164,233.00602209722192,0.6978395151929044,1923.0
2165,233.0158955472219,0.6983640883265076,1924.0
2166,233.0273281772219,0.6989656956017545,1925.0
2167,233.1909721472219,0.6993384070375568,1926.0
2168,233.890579796016,0.6993384070375568,1926.0
2169,234.60776980457283,0.6993384070375568,1926.0
2170,234.6425398145728,0.6999294904161747,1927.0
2171,234.61939141457282,0.7010753093385387,1928.0
2172,234.59279037457281,0.701499021831443,1929.0
2173,234.6187314445728,0.7018334300442244,1930.0
2174,235.24243193457278,0.7018869132557559,1931.0
2175,235.8859836645728,0.7018869132557559,1931.0
2176,236.4886101015728,0.7018869132557559,1931.0
2177,236.54281476857278,0.7022523685845674,1932.0
2178,236.60205620857278,0.702594948651694,1933.0
2179,236.61556749857277,0.7029562718138223,1934.0
2180,236.63635409857278,0.7032875734743778,1935.0
2181,236.7075480185728,0.7036792126092282,1936.0
2182,236.7486013685728,0.7040876792107831,1937.0
2183,236.79641017857278,0.7044533755740989,1938.0
2184,236.8322668785728,0.7048974788757203,1939.0
2185,236.8431796585728,0.7053941817711422,1940.0
2186,236.85409243857282,0.7057881625954714,1941.0
2187,236.86760372857282,0.7059021304299855,1942.0
2188,236.8774771785728,0.7059429874541698,1943.0
2189,236.8899491385728,0.7063039945798211,1944.0
2190,236.8972244485728,0.7071959081557946,1945.0
2191,236.92877434857283,0.7077510980817716,1946.0
2192,236.97348289157284,0.7080926289661631,1947.0
2193,237.02413907357285,0.7084831701036745,1948.0
2194,237.42936603357285,0.708506482479802,1949.0
2195,237.53457072357287,0.7087402877553601,1950.0
2196,237.53100568357286,0.7093303372399145,1951.0
2197,237.54574167357285,0.7095773320473338,1952.0
2198,237.59321822357285,0.7097343275081298,1953.0
2199,237.67340351357285,0.7098176963322251,1954.0
2200,237.72651161157285,0.7101863101893475,1955.0
2201,237.75496712757285,0.7105579203458985,1956.0
2202,237.81480334257284,0.7109416343586623,1957.0
2203,237.84702257257285,0.7113776961423446,1958.0
2204,237.88235979257286,0.7117899471214264,1959.0
2205,237.96810433257286,0.7121787604079215,1960.0
2206,238.04449490257286,0.7125691937737593,1961.0
2207,238.12088547257287,0.7129647751660226,1962.0
2208,238.16297815257286,0.7134205539251413,1963.0
2209,238.19207939257285,0.7138951037268202,1964.0
2210,238.20143336257286,0.7143788113453575,1965.0
2211,238.21390532257286,0.7148432440187988,1966.0
2212,238.22273944257284,0.7153155148840618,1967.0
2213,238.23261289257283,0.7156153558558136,1968.0
2214,238.24456500257284,0.7159512453533299,1969.0
2215,238.27002840257285,0.7166165907502517,1970.0
2216,238.29130776857284,0.717419594156071,1971.0
2217,238.37468985857282,0.7177550430182191,1972.0
2218,239.09386699857282,0.7177676495952514,1973.0
2219,239.11667712857283,0.7184250922268112,1974.0
2220,239.10770296857282,0.7191419279525497,1975.0
2221,239.14268942857282,0.7196466261847168,1976.0
2222,239.13893038857282,0.7201544062384257,1977.0
2223,239.13809438857282,0.720627329196333,1978.0
2224,239.18493672157283,0.7210191576747982,1979.0
2225,239.21427280057281,0.7213794482841951,1980.0
2226,239.27819141057282,0.7217263968651819,1981.0
2227,239.31456796057282,0.7221312710235814,1982.0
2228,239.37432925057283,0.722497689255738,1983.0
2229,239.43305121057284,0.7228892717733495,1984.0
2230,239.50736312057285,0.7232650905387019,1985.0
2231,239.54841647057285,0.7237026275681013,1986.0
2232,239.58843049057285,0.7241491203395811,1987.0
2233,239.62012987057284,0.7246196829354781,1988.0
2234,239.63519997057284,0.7250980382653496,1989.0
2235,239.64871126057284,0.7255845875012024,1990.0
2236,239.66118322057284,0.7260664465453961,1991.0
2237,239.67001734057283,0.7262657883720527,1992.0
2238,239.68093012057284,0.7265536282257652,1993.0
2239,239.70535419057285,0.7273531618861955,1994.0
2240,239.77602826057284,0.7281221616458904,1995.0
2241,239.90542429057285,0.7282506338302314,1996.0
2242,239.90326021057285,0.728967156007287,1997.0
2243,239.90142445057285,0.7296718331458125,1998.0
2244,239.89713461057283,0.7302552729761189,1999.0
2245,239.94412461057283,0.7307717673895018,2000.0
2246,240.03090855457282,0.7311899557082775,2001.0
2247,240.06720233557283,0.7315898896809769,2002.0
2248,240.20439352557284,0.7318921086839447,2003.0
2249,240.27298893557284,0.7322221422208941,2004.0
2250,240.32807305557284,0.7326012108880902,2005.0
2251,240.36964625557283,0.7329973882135363,2006.0
2252,240.43148620557284,0.733378190008785,2007.0
2253,240.49748347557284,0.733752054484903,2008.0
2254,240.56244141557283,0.734159842853034,2009.0
2255,240.62012404557282,0.7345765478761634,2010.0
2256,240.66741337557283,0.7350118659758829,2011.0
2257,240.69963260557284,0.7354789227700849,2012.0
2258,240.71002590557285,0.735964431280288,2013.0
2259,240.72457652557284,0.7364063375714083,2014.0
2260,240.73341064557283,0.7367965748662886,2015.0
2261,240.74744141557284,0.7372518803790211,2016.0
2262,240.75612605557282,0.7378465680893174,2017.0
2263,240.78092012557283,0.7384689422138748,2018.0
2264,240.83652409557283,0.7389378848207329,2019.0
2265,240.8907894055728,0.7394355216869919,2020.0
2266,240.8953877655728,0.7399435304342605,2021.0
2267,240.8935802455728,0.7404396397129187,2022.0
2268,240.9050254555728,0.7408104006621212,2023.0
2269,240.90056625557278,0.7412266714255824,2024.0
2270,240.9966056755728,0.741571460096996,2025.0
2271,241.0088042055728,0.741912812557344,2026.0
2272,241.0534953955728,0.7422713530801277,2027.0
2273,241.0836359655728,0.7426524942952011,2028.0
2274,241.1283271555728,0.7430350550302136,2029.0
2275,241.1875685955728,0.7433977220386561,2030.0
2276,241.2447313755728,0.7437736751426962,2031.0
2277,241.3044926655728,0.7441668586726224,2032.0
2278,241.3704899355728,0.744564563452629,2033.0
2279,241.4422033355728,0.7449611377225644,2034.0
2280,241.4920908055728,0.7453907496958585,2035.0
2281,241.52223137557277,0.7458627000248539,2036.0
2282,241.53678199557277,0.7463425524433385,2037.0
2283,241.54717529557277,0.7468030138728046,2038.0
2284,241.56016673557278,0.7472395406645229,2039.0
2285,241.56796152557277,0.7477337320839017,2040.0
2286,241.57939415557277,0.7482940307453869,2041.0
2287,241.58770879557278,0.7488875819737961,2042.0
2288,241.60921282557277,0.7494677158635952,2043.0
2289,241.60816226557276,0.7500615459360882,2044.0
2290,241.60127778557276,0.7506604162455315,2045.0
2291,241.59367658557275,0.7512612518514579,2046.0
2292,241.58004498557275,0.7518847885953162,2047.0
2293,241.56916890557275,0.7523371599524897,2048.0
2294,241.56048610557275,0.7528223198324422,2049.0
2295,241.57377169557276,0.753197673364898,2050.0
2296,241.56438793557277,0.7536406845370924,2051.0
2297,241.55746313557276,0.7540666258904485,2052.0
2298,241.59073175957275,0.754419974489889,2053.0
2299,241.64269788957276,0.7547843922276749,2054.0
2300,241.67907443957276,0.7551893293535556,2055.0
2301,241.73259974957276,0.7555900557987867,2056.0
2302,241.78820371957275,0.7559906354969432,2057.0
2303,241.82769825957274,0.756423041910431,2058.0
2304,241.86199614957275,0.756875760375959,2059.0
2305,241.88070408957276,0.7573601505617211,2060.0
2306,241.89161686957277,0.7578583210918608,2061.0
2307,241.90045098957276,0.7583577755802862,2062.0
2308,241.90980495957277,0.7589118495437208,2063.0
2309,241.92123758957277,0.7595788575874005,2064.0
2310,241.92955222957278,0.7603632659509763,2065.0
2311,241.92919187757278,0.7612444234833204,2066.0
2312,241.92695107757277,0.7621880862181745,2067.0
2313,241.92822572757277,0.763125698528015,2068.0
2314,241.90609308757277,0.7641006072342234,2069.0
2315,241.88862460757278,0.765065880925206,2070.0
2316,241.87024900757277,0.7660367529762018,2071.0
2317,241.85291332757276,0.7669115709708911,2072.0
2318,241.83540156757277,0.7675799466837487,2073.0
2319,241.81782396757276,0.768243889504471,2074.0
2320,241.80965100757277,0.7688106391802734,2075.0
2321,241.80405212757276,0.769282798331151,2076.0
2322,241.79903124757277,0.7697264514372615,2077.0
2323,241.80942454757277,0.7701804215475649,2078.0
2324,241.82397516757277,0.7706291965511736,2079.0
2325,241.94193856757278,0.7709669270593578,2080.0
2326,241.97259861757277,0.7714213697217067,2081.0
2327,242.02820258757276,0.7718468849377313,2082.0
2328,242.15915779757276,0.7721940400520846,2083.0
2329,242.19709315757277,0.7726564104722162,2084.0
2330,242.20800593757278,0.7731689978304732,2085.0
2331,242.22151722757278,0.7737131443467691,2086.0
2332,242.2324300075728,0.7743017428902945,2087.0
2333,242.24230345757277,0.7750323762008193,2088.0
2334,242.25373608757278,0.775940312466352,2089.0
2335,242.26309005757278,0.776949449754077,2090.0
2336,242.2626607695728,0.7779491937924337,2091.0
2337,242.31316724957279,0.778999225438127,2092.0
2338,242.2910937295728,0.7802624954872073,2093.0
2339,242.5401977095728,0.7808233773462891,2094.0
2340,242.5013921095728,0.7819715641520344,2095.0
2341,242.4842130695728,0.7828115778318137,2096.0
2342,242.4592656295728,0.7836279936745221,2097.0
2343,242.4312073895728,0.7843329983769236,2098.0
2344,242.4360743695728,0.7847592663954086,2099.0
2345,242.43007076957278,0.7852380637590057,2100.0
2346,242.45548717957277,0.785658180453479,2101.0
2347,242.46899846957277,0.786064845694801,2102.0
2348,242.48978506957278,0.7863953553058485,2103.0
2349,242.5609789895728,0.7867988265613945,2104.0
2350,242.6020323395728,0.7872434933997872,2105.0
2351,242.64984114957278,0.787609189763103,2106.0
2352,242.67114722957277,0.7880714227346897,2107.0
2353,242.70960243957276,0.7885328468082178,2108.0
2354,242.72259387957277,0.7890247700555388,2109.0
2355,242.73870330957277,0.7895310512769331,2110.0
2356,242.74909660957277,0.7900536726872813,2111.0
2357,242.75741124957278,0.7907551257313754,2112.0
2358,242.7657258895728,0.7914222180587336,2113.0
2359,242.77352067957278,0.7924204417846543,2114.0
2360,242.89691789957277,0.7935499222199469,2115.0
2361,243.66974607557276,0.7939506298728938,2116.0
2362,244.31692291757275,0.7942251486632379,2117.0
2363,244.61155265957277,0.7952534091930412,2118.0
2364,244.73584120957275,0.79622359605434,2119.0
2365,244.74994264957274,0.7971961403141072,2120.0
2366,244.74449104957276,0.7981049954690904,2121.0
2367,244.74198960957276,0.798704377868684,2122.0
2368,244.75700450557275,0.7992134017496142,2123.0
2369,244.80027456257275,0.7996126003021005,2124.0
2370,244.89381389257275,0.7999709004682976,2125.0
2371,244.94110322257276,0.8003980402059594,2126.0
2372,244.98111724257276,0.8007952859955227,2127.0
2373,245.03879987257275,0.8012006271292411,2128.0
2374,245.09700198257275,0.801607957940726,2129.0
2375,245.16819590257276,0.8020232934438041,2130.0
2376,245.20717059257277,0.8024649244347892,2131.0
2377,245.25394007257276,0.8029177608523534,2132.0
2378,245.27004950257276,0.8034063207720341,2133.0
2379,245.28252146257276,0.8038273037935351,2134.0
2380,245.29707208257275,0.8039291101080261,2135.0
2381,245.30538672257276,0.8039629573038274,2136.0
2382,245.31837816257277,0.8041802852416253,2137.0
2383,245.32721228257276,0.8046783131008903,2138.0
2384,245.36227481457277,0.8048248368030742,2139.0
2385,246.12711538778632,0.8048248368030742,2139.0
2386,246.9912074649247,0.8048248368030742,2139.0
2387,247.2489217149247,0.8048743489108706,2140.0
2388,247.2784084949247,0.8054064126002195,2141.0
2389,247.26906337492468,0.8059567122241867,2142.0
2390,247.54907234492467,0.8061299499315906,2143.0
2391,248.23837457492468,0.8061299499315906,2143.0
2392,248.32687302492468,0.8064384612559199,2144.0
2393,248.32180926492467,0.8068222899912756,2145.0
2394,248.33351532492466,0.8072099335548921,2146.0
2395,248.40782723492467,0.8075673694427403,2147.0
2396,248.46291135492467,0.8079462344724015,2148.0
2397,248.56060800492466,0.8082927302277074,2149.0
2398,248.66869795492465,0.808631468689768,2150.0
2399,248.72170341492466,0.8090564787207148,2151.0
2400,248.76171743492466,0.8094887642970623,2152.0
2401,248.79341681492465,0.8099544463648516,2153.0
2402,248.80848691492466,0.8104445914903704,2154.0
2403,248.82199820492465,0.8109238428354439,2155.0
2404,248.83447016492465,0.8110633350616143,2156.0
2405,248.84330428492464,0.8110847766822884,2157.0
2406,248.85421706492465,0.8112968380620228,2158.0
2407,248.87864113492466,0.8121095309615275,2159.0
2408,248.94931520492466,0.8124020380142188,2160.0
2409,249.07871123492467,0.8124611145621286,2161.0
2410,249.07394803492468,0.8126073883725171,2162.0
2411,249.06704515492467,0.8130144666000882,2163.0
2412,249.05790627492468,0.8140524028686338,2164.0
2413,249.03952531492467,0.8148448484214033,2165.0
2414,249.03551235492466,0.8150102520751429,2166.0
2415,249.02634299492468,0.8154885722075655,2167.0
2416,249.0873371249247,0.8158722608260431,2168.0
2417,249.09930107492468,0.8162533828411029,2169.0
2418,249.10403744492467,0.8166102011818093,2170.0
2419,249.14561064492466,0.817011446826184,2171.0
2420,249.20745059492467,0.8173714048881033,2172.0
2421,249.27344786492466,0.8177241898599008,2173.0
2422,249.33840580492466,0.8181233750148964,2174.0
2423,249.39608843492465,0.8185400800380258,2175.0
2424,249.43246498492465,0.818988823790767,2176.0
2425,249.46052689492464,0.8194611529470419,2177.0
2426,249.47403818492464,0.8199426470171287,2178.0
2427,249.48339215492464,0.8203909713559998,2179.0
2428,249.49222627492463,0.8207812086508801,2180.0
2429,249.50209972492462,0.8212526735261982,2181.0
2430,249.51353235492462,0.8218874838308334,2182.0
2431,249.53988560492462,0.8225874730686069,2183.0
2432,249.56808589492462,0.8232639807253253,2184.0
2433,249.89336473492463,0.8237038407634585,2185.0
2434,250.74996320492463,0.8237378203378307,2186.0
2435,251.84386561492462,0.8237378203378307,2186.0
2436,252.93103143492462,0.8237378203378307,2186.0
2437,253.6987185349246,0.8237533262212,2187.0
2438,253.7479873649246,0.8243275810793635,2188.0
2439,253.7339410449246,0.8248757487183647,2189.0
2440,253.7483198739246,0.8253355111101246,2190.0
2441,253.7898930739246,0.8257684670807277,2191.0
2442,253.81951379392459,0.8261684502247117,2192.0
2443,253.8756372439246,0.8265411072913773,2193.0
2444,253.92552471392457,0.8269335350694629,2194.0
2445,253.95306677392458,0.8273648629123533,2195.0
2446,254.00191491392457,0.8277823914602891,2196.0
2447,254.16301032392457,0.8280905158054481,2197.0
2448,254.21705511392457,0.8285212440966443,2198.0
2449,254.2518724839246,0.8289844146226775,2199.0
2450,254.2627852639246,0.829470264990839,2200.0
2451,254.2783752139246,0.8299502133809822,2201.0
2452,254.28617000392458,0.8302912305963763,2202.0
2453,254.2970827839246,0.830410117477736,2203.0
2454,254.3053974239246,0.8304394315942053,2204.0
2455,254.31163340392462,0.8305262553589476,2205.0
2456,254.3443721139246,0.8306892163153647,2206.0
2457,254.34430697792462,0.8310218325554835,2207.0
2458,254.3391841779246,0.8314649086529395,2208.0
2459,254.3184677779246,0.8317680321516912,2209.0
2460,254.2904391379246,0.8320469681763936,2210.0
2461,254.2586933779246,0.8326862556010155,2211.0
2462,254.2421228979246,0.8332673373972079,2212.0
2463,254.2151115379246,0.8338019066380935,2213.0
2464,254.2084885779246,0.83426837332609,2214.0
2465,254.20617545792462,0.8347245950221118,2215.0
2466,254.20409281792462,0.8350800155098532,2216.0
2467,254.24410683792462,0.8354104787982874,2217.0
2468,254.27164889792462,0.8358443989632389,2218.0
2469,254.30698611792462,0.8362960565518087,2219.0
2470,254.37921936792463,0.836617260478753,2220.0
2471,254.43794132792465,0.837024773560133,2221.0
2472,254.47535720792465,0.8374704250883913,2222.0
2473,254.49874194792466,0.8379528112342398,2223.0
2474,254.50809591792466,0.8384512352301579,2224.0
2475,254.51900869792468,0.8389373083140212,2225.0
2476,254.5299214779247,0.839433175666225,2226.0
2477,254.53875559792468,0.840017654717111,2227.0
2478,254.55122755792468,0.8408190792292889,2228.0
2479,254.55954219792469,0.8418813200288342,2229.0
2480,254.55707195792468,0.8431778902175922,2230.0
2481,254.55025635792467,0.8446290503589451,2231.0
2482,254.59591509792466,0.846002352590079,2232.0
2483,254.56273773792466,0.847652602048222,2233.0
2484,254.52960197792467,0.8490272763080666,2234.0
2485,254.49536277792467,0.850047045278846,2235.0
2486,254.47533413792468,0.8509305664390237,2236.0
2487,254.45747341792466,0.8515723180027344,2237.0
2488,254.47833808792467,0.8520540318256131,2238.0
2489,254.54316641692466,0.8524535323278306,2239.0
2490,254.54264499292466,0.8528662835781213,2240.0
2491,254.55199896292467,0.8533127215644007,2241.0
2492,254.56758891292466,0.8537729863658106,2242.0
2493,254.58110020292466,0.8542215786146223,2243.0
2494,254.60344561292467,0.8546719374710703,2244.0
2495,254.62838953292467,0.8551314593019574,2245.0
2496,254.65489226292468,0.8555987025738432,2246.0
2497,254.68035566292468,0.8560772329324797,2247.0
2498,254.6923077729247,0.8565726574035992,2248.0
2499,254.7006224129247,0.8570986013683171,2249.0
2500,254.7120550429247,0.8576957215029049,2250.0
2501,254.7276449929247,0.8583374413579838,2251.0
2502,254.7354397829247,0.8592462129583578,2252.0
2503,254.7598638529247,0.8605183501302895,2253.0
2504,254.7667902529247,0.8619673993957284,2254.0
2505,254.75592161292468,0.8633432623063384,2255.0
2506,254.7355209729247,0.8649194660083688,2256.0
2507,255.1040280229247,0.8653997778067211,2257.0
2508,255.5750154529247,0.8656211277341728,2258.0
2509,256.1239722429247,0.8657110833272676,2259.0
2510,256.6327895829247,0.8658259484529498,2260.0
2511,256.7515599529247,0.8661781727639175,2261.0
2512,256.7448389129247,0.8666773125996414,2262.0
2513,256.7387488329247,0.8672156195687539,2263.0
2514,256.73415184892474,0.8677180727119462,2264.0
2515,256.75857591892475,0.8681753243030572,2265.0
2516,256.79235395892476,0.8686240282835409,2266.0
2517,256.8224945289248,0.8690805431616728,2267.0
2518,256.8583512289248,0.8695381724169013,2268.0
2519,256.8760198389248,0.8700169893442291,2269.0
2520,256.90512107892476,0.8704749495421928,2270.0
2521,256.93058447892474,0.8709502660559592,2271.0
2522,256.94409576892474,0.8714376765057725,2272.0
2523,256.9602051989247,0.8719320060698155,2273.0
2524,256.9685198389247,0.8725301458262846,2274.0
2525,256.9773539589247,0.873314117294516,2275.0
2526,256.9856685989247,0.8738553291794959,2276.0
2527,256.99398323892467,0.874238811172269,2277.0
2528,256.9883256949247,0.8747140672618636,2278.0
2529,256.9766874549247,0.8754254997127422,2279.0
2530,256.94977105492467,0.8760323650498374,2280.0
2531,256.9131330549247,0.8768373103301099,2281.0
2532,256.87707857492467,0.877498206479469,2282.0
2533,257.5502764941866,0.877498206479469,2282.0
2534,257.75943379418663,0.8777374341777436,2283.0
2535,258.37452142418664,0.8777654005222939,2284.0
2536,258.85866383418664,0.8778350951503646,2285.0
2537,258.85555535418666,0.8783578800875049,2286.0
2538,258.85258738618666,0.8788394958002637,2287.0
2539,258.8785706361867,0.8792867417364076,2288.0
2540,258.90611269618665,0.8797313341071507,2289.0
2541,258.93313527618665,0.8801791484078045,2290.0
2542,258.97886579618665,0.8806245140374644,2291.0
2543,259.0027703861866,0.8810910647276278,2292.0
2544,259.0282337861866,0.8815604188492205,2293.0
2545,259.0510990461866,0.8820427372507904,2294.0
2546,259.0614923461866,0.8825379856197175,2295.0
2547,259.0708463161866,0.8830738269176628,2296.0
2548,259.08279842618657,0.8836919948081392,2297.0
2549,259.09111306618655,0.8845042850482101,2298.0
2550,259.10306517618653,0.8855711319653188,2299.0
2551,259.11189929618655,0.8869404495925735,2300.0
2552,259.10595928018654,0.8876289054032056,2301.0
2553,259.09271032018654,0.8882026451023002,2302.0
2554,259.21750577018656,0.8885768061152748,2303.0
2555,259.77049445018656,0.8886288582648458,2304.0
2556,260.20414587470054,0.8886288582648458,2304.0
2557,260.2893779647005,0.8890642898988413,2305.0
2558,260.2625378847005,0.8893987553380265,2306.0
2559,260.2334313247005,0.8896943224616025,2307.0
2560,260.2203883647005,0.8902665287639431,2308.0
2561,260.21074300470053,0.8908074630098517,2309.0
2562,260.2050571647005,0.8912825310294352,2310.0
2563,260.2211665947005,0.8917455207018203,2311.0
2564,260.2419531947005,0.8922066692201962,2312.0
2565,260.2642986047005,0.8926573060833993,2313.0
2566,260.29236051470053,0.893125462956867,2314.0
2567,260.31522577470054,0.8935969802491499,2315.0
2568,260.33601237470054,0.894071791072621,2316.0
2569,260.36251510470055,0.8945485686798476,2317.0
2570,260.3786245347005,0.8950399566661531,2318.0
2571,260.39109649470055,0.8955692748521074,2319.0
2572,260.4072059247005,0.8961892446220494,2320.0
2573,260.4150007147005,0.8967978368510636,2321.0
2574,260.4227955047005,0.8971582717252107,2322.0
2575,260.4337082847005,0.8975474509114887,2323.0
2576,260.4307385327005,0.8984571728351052,2324.0
2577,260.4259998687005,0.8997762368252207,2325.0
2578,260.4077069087005,0.9007770652869389,2326.0
2579,260.3934169087005,0.9016487682898597,2327.0
2580,260.3719644287005,0.9027066775489987,2328.0
2581,260.3290883487005,0.903917646541281,2329.0
2582,260.2933993087005,0.9049659188994863,2330.0
2583,260.2594096287005,0.9057545246377618,2331.0
2584,260.2387490687005,0.9064052105230791,2332.0
2585,260.2243179487005,0.9070005306878441,2333.0
2586,260.2193965327005,0.9074964995822385,2334.0
2587,260.2292699827005,0.9079749761576796,2335.0
2588,260.2500565827005,0.9084366326448061,2336.0
2589,260.2656465327005,0.9089031138153953,2337.0
2590,260.2879919427005,0.9093732168723274,2338.0
2591,260.3160538527005,0.909838064860254,2339.0
2592,260.3389191127005,0.9103065313036913,2340.0
2593,260.3487925627005,0.9108041332673271,2341.0
2594,260.3617840027005,0.9112988584890567,2342.0
2595,260.37061812270053,0.911815725824966,2343.0
2596,260.38309008270056,0.9123804478239714,2344.0
2597,260.39348338270054,0.9130582804747878,2345.0
2598,260.40127817270053,0.9138440528844252,2346.0
2599,260.4132302827005,0.9147770824525596,2347.0
2600,260.4073610827005,0.9159540708014233,2348.0
2601,260.3926316427005,0.9175639122386914,2349.0
2602,260.3623686027005,0.9193314547072586,2350.0
2603,260.3253355627005,0.921030285911042,2351.0
2604,260.29198364270053,0.9227235976759454,2352.0
2605,260.2576489227005,0.9240615166621493,2353.0
2606,260.2302102827005,0.9251384652170882,2354.0
2607,260.2054867627005,0.925935586389679,2355.0
2608,260.1927762827005,0.9265908484178769,2356.0
2609,260.1828771627005,0.9271650957772652,2357.0
2610,260.1767886827005,0.9276656348283328,2358.0
2611,260.1939374427005,0.9281290699645373,2359.0
2612,260.21160605270046,0.9286090575295438,2360.0
2613,260.2282353327005,0.9290913396064309,2361.0
2614,260.25369873270046,0.9295575552985433,2362.0
2615,260.28072131270045,0.9300234457618894,2363.0
2616,260.30098806270047,0.9305078861264731,2364.0
2617,260.32073533270045,0.9309928402354877,2365.0
2618,260.33372677270046,0.9314891377199572,2366.0
2619,260.34515940270046,0.9320192965151421,2367.0
2620,260.3560721827005,0.9326563276170234,2368.0
2621,260.36386697270046,0.9335090956943044,2369.0
2622,260.37374042270045,0.9346045282394777,2370.0
2623,260.3713162467005,0.9359917214393989,2371.0
2624,260.36439176670046,0.9375305012879416,2372.0
2625,260.35399920670045,0.9392063239267616,2373.0
2626,260.35169963870044,0.9408153924022007,2374.0
2627,260.9492870087004,0.9411722681666288,2375.0
2628,261.42862718870043,0.9415742529061262,2376.0
2629,261.5307005687004,0.9423329190549541,2377.0
2630,261.5188621687004,0.9432198571227461,2378.0
2631,261.5801189987004,0.9437317514239139,2379.0
2632,261.8247629987004,0.9439897567049915,2380.0
2633,261.8140001987004,0.94457823486924,2381.0
2634,261.8067999587004,0.9450783539500689,2382.0
2635,261.8223899087004,0.9455488011553732,2383.0
2636,261.8384993387004,0.9460253103698042,2384.0
2637,261.8520106287004,0.9465031828254951,2385.0
2638,261.87383655870036,0.9469728866343046,2386.0
2639,261.89826062870037,0.9474454839755657,2387.0
2640,261.92320454870037,0.9479189242625845,2388.0
2641,261.9491877987004,0.9483963941837856,2389.0
2642,261.9616597587004,0.9489113688331594,2390.0
2643,261.9710137287004,0.9494838350157417,2391.0
2644,261.98036769870043,0.950134710208085,2392.0
2645,261.99128047870045,0.9507973762098971,2393.0
2646,262.00115392870043,0.9510931447266173,2394.0
2647,262.0167438787004,0.9512592591791867,2395.0
2648,262.07629800570044,0.9516885987832556,2396.0
2649,262.06217536570045,0.9527015355466233,2397.0
2650,262.0343936857005,0.9531932575412734,2398.0
2651,262.0034880857005,0.9535181494243681,2399.0
2652,261.9818927257005,0.9541486947696172,2400.0
2653,262.8239006157005,0.9541638444114743,2401.0
2654,263.0354603257005,0.954518684463138,2402.0
2655,263.0257200057005,0.9549233922310487,2403.0
2656,263.0132745657005,0.9555428923699367,2404.0
2657,263.0044660057005,0.9561215391776243,2405.0
2658,262.9956726457005,0.956634063787329,2406.0
2659,263.0076247557005,0.9571079885973375,2407.0
2660,263.0226948557005,0.957580606347094,2408.0
2661,263.03828480570047,0.9580551064848435,2409.0
2662,263.0684253757005,0.9585190575875016,2410.0
2663,263.09025130570046,0.9589947045529603,2411.0
2664,263.1125967157005,0.9594652196333702,2412.0
2665,263.12818666570047,0.9599542341841236,2413.0
2666,263.13806011570045,0.960449872606792,2414.0
2667,263.14897289570047,0.9609197740803661,2415.0
2668,263.16456284570046,0.9614865375912911,2416.0
2669,263.1733969657005,0.9623143623726278,2417.0
2670,263.18327041570046,0.9633693104468455,2418.0
2671,263.2813083907005,0.9643087263868877,2419.0
2672,263.2745182307005,0.9649185985591733,2420.0
2673,263.2662853507005,0.9655379051105273,2421.0
2674,263.24725751070054,0.9670146306950942,2422.0
2675,263.23376951070054,0.9687791617201693,2423.0
2676,263.47477863070054,0.968913013153331,2424.0
2677,264.1422031307005,0.9689618030317215,2425.0
2678,264.6839826607005,0.9690959411433002,2426.0
2679,264.7765078207005,0.9695914203418148,2427.0
2680,264.7581963807005,0.9702341915288113,2428.0
2681,264.7478320607005,0.9708297473142433,2429.0
2682,264.7448185967005,0.9713212413383809,2430.0
2683,264.7765179767005,0.9717749305111236,2431.0
2684,264.7905487467005,0.9722572744389646,2432.0
2685,264.8097761667005,0.9727277904890543,2433.0
2686,264.8305627667005,0.9732052662711912,2434.0
2687,264.8674587967005,0.9736568830085761,2435.0
2688,264.8898042067005,0.9741329054050387,2436.0
2689,264.9100709567005,0.9746196212998466,2437.0
2690,264.9209837367005,0.9750642570307411,2438.0
2691,264.9308571867005,0.9755673336419746,2439.0
2692,264.9438486267005,0.9762090580268101,2440.0
2693,264.9552812567005,0.9769678817912546,2441.0
2694,264.9651547067005,0.9777102915860756,2442.0
2695,264.9900986267005,0.9783342045723826,2443.0
2696,264.9823237467005,0.9785869868820793,2444.0
2697,264.9676088667005,0.9788372940645484,2445.0
2698,264.9420480667005,0.9794993583500553,2446.0
2699,264.90684510670053,0.9804472389200345,2447.0
2700,264.8656984667005,0.981030468210238,2448.0
2701,265.5235578050745,0.981030468210238,2448.0
2702,265.69712258507457,0.9813133126848876,2449.0
2703,266.35628646507456,0.9813435033772339,2450.0
2704,266.7929504750745,0.9814462316948714,2451.0
2705,266.8166563750745,0.9819144446703042,2452.0
2706,266.8145758470745,0.9823750308124906,2453.0
2707,266.90707584707445,0.9827495300035731,2454.0
2708,266.9481291970745,0.9831907223829237,2455.0
2709,267.0032133170745,0.9836232598773231,2456.0
2710,267.05725810707446,0.9840481989482786,2457.0
2711,267.10922423707444,0.98448439049843,2458.0
2712,267.13520748707447,0.9849520358384225,2459.0
2713,267.14871877707446,0.9854448915314442,2460.0
2714,267.15859222707445,0.9859343767491151,2461.0
2715,267.16794619707446,0.9864659991964291,2462.0
2716,267.17781964707444,0.9871123783978424,2463.0
2717,267.18665376707446,0.9879460038051306,2464.0
2718,267.19496840707444,0.9889905915177473,2465.0
2719,267.20432237707445,0.9904012192671374,2466.0
2720,267.20477481307444,0.9911462135620523,2467.0
2721,267.20471975707443,0.9917784348402698,2468.0
2722,267.3921029270744,0.9921935289509143,2469.0
2723,268.0223032070744,0.9922722329821716,2470.0
2724,268.5008138470744,0.9922722329821716,2470.0
2725,268.5708478170744,0.9929139664265683,2471.0
2726,268.54348381707445,0.9932238431400977,2472.0
2727,268.51289613707445,0.9935460380926155,2473.0
2728,268.5025782170745,0.9940612055071432,2474.0
2729,268.4926902170745,0.9945962347892714,2475.0
2730,268.4890761370745,0.9949945219323821,2476.0
2731,268.4984301070745,0.9954450022283285,2477.0
2732,268.5332474770745,0.995875822374231,2478.0
2733,268.5639075270745,0.9963205212639112,2479.0
2734,268.6080788670745,0.9967475704638817,2480.0
2735,268.6610843270745,0.9971808427506981,2481.0
2736,268.71357030707446,0.9976238360457572,2482.0
2737,268.75358432707446,0.998085974833637,2483.0
2738,268.77541025707444,0.9985713454525018,2484.0
2739,268.7858035570744,0.9990818449455805,2485.0
2740,268.7951575270744,0.9996226918590958,2486.0
2741,268.8034721670744,1.0000819358295083,2487.0
2742,268.8133456170744,1.0002972256038682,2488.0
2743,268.8221797370744,1.0005235023712415,2489.0
2744,268.8144250170744,1.0012368988038913,2490.0
2745,268.8020051770744,1.0024202973295764,2491.0
2746,268.7731985370744,1.003355087846634,2492.0
2747,268.7399698170744,1.004225136539238,2493.0
2748,268.7007559770744,1.0053794268825866,2494.0
2749,268.6637710170744,1.0065426406139877,2495.0
2750,268.6375876570744,1.0075422093900757,2496.0
2751,268.6128359770744,1.0082622095647567,2497.0
2752,268.5973180570744,1.008875374923884,2498.0
2753,268.5894667770744,1.0094161885697706,2499.0
2754,268.5837422890744,1.0098962260850466,2500.0
2755,268.6481803790744,1.0102643577486,2501.0
2756,268.7048236790744,1.0106546391993092,2502.0
2757,268.72561027907443,1.0110975280614716,2503.0
2758,268.7604276490744,1.0115335217021502,2504.0
2759,268.8108349690744,1.0119551194855225,2505.0
2760,268.84980965907437,1.0123975597086055,2506.0
2761,268.8705962590744,1.012874216285726,2507.0
2762,268.8835876990744,1.0133695522043726,2508.0
2763,268.89553980907436,1.013909481514676,2509.0
2764,268.90541325907435,1.0145453600234884,2510.0
2765,268.91372789907433,1.0153656315041282,2511.0
2766,268.92308186907434,1.016406167542741,2512.0
2767,268.92075022107434,1.017798223417457,2513.0
2768,268.93322218107437,1.0193235005158432,2514.0
2769,268.98665266007436,1.0208573514514057,2515.0
2770,268.9668773800744,1.0225488223348482,2516.0
2771,268.94621946007436,1.024124772251794,2517.0
2772,268.92450826007433,1.0254779676082428,2518.0
2773,268.8889685000743,1.026619419035133,2519.0
2774,268.86357602007433,1.0274988814883081,2520.0
2775,268.8417118600743,1.0281681682167967,2521.0
2776,268.82604138007434,1.0287602794313682,2522.0
2777,268.81454290007434,1.029341235154497,2523.0
2778,268.83364378007434,1.029726241881509,2524.0
2779,268.9126324900743,1.0300708313634577,2525.0
2780,268.9370565600743,1.0305248310010622,2526.0
2781,268.97499192007433,1.0309691472361164,2527.0
2782,269.02591872007434,1.0313883765281977,2528.0
2783,269.06541326007437,1.0318283978412643,2529.0
2784,269.09243584007436,1.0322986443588318,2530.0
2785,269.10438795007434,1.0327943544407148,2531.0
2786,269.11893857007436,1.0333051963951243,2532.0
2787,269.1334891900744,1.033826198229617,2533.0
2788,269.1464806300744,1.0343198879189908,2534.0
2789,269.1562046000744,1.03492295658256,2535.0
2790,269.16399939007437,1.0357996570927983,2536.0
2791,269.17231403007435,1.036791112846936,2537.0
2792,269.16474003007437,1.0378959147152382,2538.0
2793,269.1524928300744,1.0393782906278366,2539.0
2794,269.1374191500744,1.040865637961332,2540.0
2795,269.12516059007436,1.0421957034587965,2541.0
2796,269.74156875007435,1.0424716833168475,2542.0
2797,270.4989232300744,1.0425499706901626,2543.0
2798,270.9236347600744,1.042754242332499,2544.0
2799,270.9870535000744,1.0432672579003102,2545.0
2800,270.9770842200744,1.0438884036405174,2546.0
2801,270.9717222200744,1.0443993729107108,2547.0
2802,270.9697551960744,1.0448131547119142,2548.0
2803,270.9967777760744,1.045257367300427,2549.0
2804,271.0180838560744,1.045717309914472,2550.0
2805,271.0794039560744,1.0461230192395594,2551.0
2806,271.13292926607437,1.0465422823987143,2552.0
2807,271.1786597860744,1.0469786420204623,2553.0
2808,271.2181543260744,1.0474376407769777,2554.0
2809,271.2264689660744,1.0479376998764467,2555.0
2810,271.2399802560744,1.0484313518221882,2556.0
2811,271.2493342260744,1.0489721613096932,2557.0
2812,271.26336499607436,1.0496009152422245,2558.0
2813,271.27479762607436,1.0503462890561452,2559.0
2814,271.28623025607436,1.0511354171143041,2560.0
2815,271.3141910450744,1.0514839178625637,2561.0
2816,271.3120670450744,1.051605878321576,2562.0
2817,271.3023445650744,1.051892378828615,2563.0
2818,271.2765299250744,1.0527446339452344,2564.0
2819,271.24454792507436,1.0532774021452516,2565.0
2820,271.20997664507433,1.0536206303831648,2566.0
2821,271.18171592507434,1.0540871125192681,2567.0
2822,271.15381160507434,1.0547404237853981,2568.0
2823,271.1245022450743,1.0554412127796007,2569.0
2824,271.10780664507433,1.0560012331796784,2570.0
2825,271.09848696507436,1.056503661271947,2571.0
2826,271.0974875730744,1.0569400871975059,2572.0
2827,271.1354229330744,1.0573661927905578,2573.0
2828,271.1769961330744,1.0577800400669464,2574.0
2829,271.2040187130744,1.0582294279967592,2575.0
2830,271.2959992330744,1.058605206031898,2576.0
2831,271.3547211930744,1.0590181861824595,2577.0
2832,271.4030498530744,1.0594668996323684,2578.0
2833,271.42071846307437,1.0599511806143849,2579.0
2834,271.4352690830744,1.0604367708837,2580.0
2835,271.4461818630744,1.060960705317586,2581.0
2836,271.4576144930744,1.061583842497926,2582.0
2837,271.4654092830744,1.0623825117908747,2583.0
2838,271.4768419130744,1.063398308901351,2584.0
2839,271.4856760330744,1.0647038879636697,2585.0
2840,271.4786913930744,1.066191269778183,2586.0
2841,271.9357531330744,1.0668583078400966,2587.0
2842,271.92204489307437,1.0685180923268527,2588.0
2843,271.89744281307435,1.0702209168121115,2589.0
2844,271.87257641307434,1.0716264836023675,2590.0
2845,271.8648603330743,1.072663630784249,2591.0
2846,271.8486947330743,1.0735691817265307,2592.0
2847,271.8268388930743,1.0743031877874625,2593.0
2848,271.8189192930743,1.0748821400336566,2594.0
2849,271.8154483330743,1.0753534321477594,2595.0
2850,271.8110753730743,1.0757704347146444,2596.0
2851,271.8422552730743,1.0761724418615801,2597.0
2852,271.8708366630743,1.07662429993274,2598.0
2853,271.89941805307427,1.0770400108720841,2599.0
2854,271.94566805307426,1.0774601083249806,2600.0
2855,271.99659485307427,1.0778783935514682,2601.0
2856,272.03349088307425,1.078338309321658,2602.0
2857,272.05427748307426,1.0788200751469517,2603.0
2858,272.0667494430743,1.0793151394877236,2604.0
2859,272.0776622230743,1.0798530959452683,2605.0
2860,272.0880555230743,1.080156035791295,2606.0
2861,272.0968896430743,1.0805947958237136,2607.0
2862,272.1062436130743,1.0815207791534254,2608.0
2863,272.1176762430743,1.082797236137002,2609.0
2864,272.1162082670743,1.083397754011797,2610.0
2865,272.12084673507434,1.0844863675279728,2611.0
2866,272.11476761507436,1.085715474195425,2612.0
2867,272.10197337507435,1.0869673903553083,2613.0
2868,272.08478289507434,1.087953292496455,2614.0
2869,272.05056633507434,1.0889638489547335,2615.0
2870,272.0239739350743,1.0898387952084299,2616.0
2871,271.9943293750743,1.0905466193885962,2617.0
2872,271.9790398550743,1.0911216994109267,2618.0
2873,271.9705536950743,1.091654409829716,2619.0
2874,271.9702091350743,1.092084541767596,2620.0
2875,271.9998298550743,1.0925080150451527,2621.0
2876,272.0710237750743,1.092903144894513,2622.0
2877,272.1094789850743,1.0933385945156986,2623.0
2878,272.1406588850743,1.0937820131961766,2624.0
2879,272.1879482150743,1.0942142839014277,2625.0
2880,272.2253640950743,1.0946706698442297,2626.0
2881,272.2607013150743,1.0951363017496807,2627.0
2882,272.2757714150743,1.0956272448982172,2628.0
2883,272.2835662050743,1.0961455248679228,2629.0
2884,272.2970774950743,1.0966853274585175,2630.0
2885,272.30747079507427,1.0972963295240725,2631.0
2886,272.31890342507427,1.0980168491847921,2632.0
2887,272.3433274950743,1.0988914424183318,2633.0
2888,272.33970805507425,1.0999612013649755,2634.0
2889,272.3294629350743,1.1013084388606211,2635.0
2890,272.30531701507425,1.1028871744324154,2636.0
2891,272.27639029507424,1.1044370006479631,2637.0
2892,272.24120445507424,1.1059697890407942,2638.0
2893,272.23533277507426,1.1069090926313228,2639.0
2894,272.19963781507425,1.1079570552760352,2640.0
2895,272.16880181507423,1.1087000449733142,2641.0
2896,272.1726601750742,1.1091880013512598,2642.0
2897,272.16660713507423,1.109712584723603,2643.0
2898,272.1659590070742,1.1101688302908672,2644.0
2899,272.2324757570742,1.1105224604525088,2645.0
2900,272.2693717870742,1.1109387065903789,2646.0
2901,272.3208184370742,1.1113594236600093,2647.0
2902,272.37330441707417,1.1117807800729305,2648.0
2903,272.4148776170742,1.1122220240975766,2649.0
2904,272.4600882870742,1.112655404330469,2650.0
2905,272.4865910170742,1.1131274459526515,2651.0
2906,272.4995824570742,1.1136140642153785,2652.0
2907,272.51413307707423,1.114124881920961,2653.0
2908,272.52868369707426,1.1147354707859902,2654.0
2909,272.53647848707425,1.1155410224313789,2655.0
2910,272.54635193707423,1.1165330652399401,2656.0
2911,272.5603827070742,1.1178104423450317,2657.0
2912,272.5585419870742,1.1191351445542084,2658.0
2913,272.5480367070742,1.120789815301013,2659.0
2914,272.8154553170741,1.12187140906854,2660.0
2915,273.4825697570741,1.1222063570390999,2661.0
2916,273.45785911707407,1.1233357187892363,2662.0
2917,273.83987597707403,1.1236792054727824,2663.0
2918,273.850686267074,1.1243478019459126,2664.0
2919,273.824086587074,1.124963508180887,2665.0
2920,273.813712587074,1.1254931822839471,2666.0
2921,273.806514587074,1.1259947349884674,2667.0
2922,273.808283520074,1.1264004317076644,2668.0
2923,273.844660070074,1.126813718974886,2669.0
2924,273.887792080074,1.1272181066497524,2670.0
2925,273.919491460074,1.127652251264635,2671.0
2926,273.96314332007404,1.1280864275493243,2672.0
2927,274.01874729007403,1.1284989717540463,2673.0
2928,274.05044667007405,1.1289566832555467,2674.0
2929,274.066556100074,1.129447566975541,2675.0
2930,274.08110672007405,1.129934964595277,2676.0
2931,274.09201950007406,1.1304495183304097,2677.0
2932,274.1065701200741,1.131058343276652,2678.0
2933,274.1154042400741,1.131570541048768,2679.0
2934,274.1242383600741,1.1318418385227664,2680.0
2935,274.1377496500741,1.1325340764116092,2681.0
2936,274.2416822800741,1.1335381630868584,2682.0
2937,274.4805901700741,1.134111646898915,2683.0
2938,275.2018396800741,1.134146546095298,2684.0
2939,275.2957271800741,1.1356392237583115,2685.0
2940,275.2906863800741,1.13637841532021,2686.0
2941,275.2669791800741,1.1373818094298518,2687.0
2942,275.24868654007406,1.1382919534292182,2688.0
2943,275.23136406007404,1.1389656618158008,2689.0
2944,275.24678418007403,1.13947713140872,2690.0
2945,275.24614438007404,1.1399733342879235,2691.0
2946,275.25277644507406,1.1403987268675855,2692.0
2947,275.2829170150741,1.1408121495568062,2693.0
2948,275.31409691507406,1.1412583759904222,2694.0
2949,275.3442374850741,1.1417079231410396,2695.0
2950,275.3858106850741,1.1421329635852249,2696.0
2951,275.4258247050741,1.1425745551204214,2697.0
2952,275.4627207350741,1.1430332196869166,2698.0
2953,275.4850661450741,1.1435142479292395,2699.0
2954,275.5006560950741,1.1440041773238312,2700.0
2955,275.51260820507406,1.1444321286334207,2701.0
2956,275.52248165507405,1.1447409981100578,2702.0
2957,275.53131577507406,1.1448512769566885,2703.0
2958,275.5400004150741,1.145088279787817,2704.0
2959,275.5399562630741,1.1457589828267825,2705.0
2960,275.5385069830741,1.1466162593088294,2706.0
2961,275.5367990630741,1.1470216769477775,2707.0
2962,275.5112181030741,1.148132154717361,2708.0
2963,275.4805493030741,1.1492308269435418,2709.0
2964,275.4412468230741,1.1503372519879256,2710.0
2965,275.4073970630741,1.1512271400848646,2711.0
2966,275.3831099430741,1.152009665284703,2712.0
2967,275.3643444230741,1.1525850187062692,2713.0
2968,275.3587392230741,1.1531047071229874,2714.0
2969,275.3597637900741,1.1535794672948276,2715.0
2970,275.36362906907414,1.1540198656564506,2716.0
2971,275.39376963907415,1.1544468252520337,2717.0
2972,275.4197528890742,1.1548928109166325,2718.0
2973,275.4670422190742,1.1553162216413184,2719.0
2974,275.51952819907416,1.1557395035952303,2720.0
2975,275.59072211907414,1.1561433305136475,2721.0
2976,275.6411294390741,1.1565833265083443,2722.0
2977,275.66555350907413,1.1570610299179735,2723.0
2978,275.6759468090741,1.1575703311962464,2724.0
2979,275.6868595890741,1.1581130666828872,2725.0
2980,275.69777236907413,1.1587102643787028,2726.0
2981,275.7097244790741,1.1594776336040062,2727.0
2982,275.7180391190741,1.1605509543213024,2728.0
2983,275.7305110790741,1.1619333482031182,2729.0
2984,275.7933903590741,1.1633530486338721,2730.0
2985,275.85938762907415,1.1649754141443842,2731.0
2986,275.93321417307413,1.166440748228864,2732.0
2987,276.9546534150741,1.1665135452673214,2733.0
2988,277.3872999650741,1.1669687868724723,2734.0
2989,277.4999172350741,1.1676669393482413,2735.0
2990,277.5796459450741,1.1682964579930981,2736.0
2991,277.7909533150741,1.1686261521510246,2737.0
2992,278.5602913550741,1.1686261521510246,2737.0
2993,279.02538949507414,1.1686992961177285,2738.0
2994,279.07237949507413,1.1690787487120742,2739.0
2995,279.1030395450741,1.1694870427667379,2740.0
2996,279.1316209350741,1.1699112826919296,2741.0
2997,279.15032887507414,1.170369916622451,2742.0
2998,279.18254810507415,1.1708005706947762,2743.0
2999,279.22619996507416,1.1712274637859652,2744.0
3000,279.2656945050742,1.1716757606756878,2745.0
3001,279.2901185750742,1.1721558373694643,2746.0
3002,279.3010313550742,1.1726522713005654,2747.0
3003,279.3150621250742,1.173108289638928,2748.0
3004,279.32545542507415,1.173537537546267,2749.0
3005,279.33480939507416,1.1739724034011374,2750.0
3006,279.34624202507416,1.1740478113427935,2751.0
3007,279.37059783007413,1.1740687019963416,2752.0
3008,279.36891359007416,1.1743820445414528,2753.0
3009,279.44698840007413,1.174869101732376,2754.0
3010,279.43797160007415,1.174869101732376,2754.0
3011,279.68165001569156,1.174869101732376,2754.0
3012,279.66758961569155,1.174869101732376,2754.0
3013,279.6669380156915,1.1751589876675443,2755.0
3014,279.7037733656916,1.1755747924924562,2756.0
3015,279.6984636056916,1.1756825072718373,2757.0
3016,280.0495366256916,1.1756962555227595,2758.0
3017,280.3027668086916,1.1758894301225469,2759.0
3018,280.3271908786916,1.1763226177369386,2760.0
3019,280.3656460886916,1.1767355924367562,2761.0
3020,280.4150140786916,1.177157308636222,2762.0
3021,280.4503512986916,1.177604932811406,2763.0
3022,280.4955619686916,1.1780360480720091,2764.0
3023,280.5433707786916,1.1784646488235409,2765.0
3024,280.5802668086916,1.178918367514447,2766.0
3025,280.6010534086916,1.1794026534152864,2767.0
3026,280.6135253686916,1.1798911076141365,2768.0
3027,280.62443814869164,1.1804275658346628,2769.0
3028,280.6348314486916,1.1809724122919143,2770.0
3029,280.64366556869163,1.1815983401588122,2771.0
3030,280.65301953869164,1.1821426921252793,2772.0
3031,281.32934216869165,1.1821987455505838,2773.0
3032,281.7981195886917,1.182433986421607,2774.0
3033,281.8411561386917,1.1832665602365395,2775.0
3034,281.8594034286917,1.1837454564010637,2776.0
3035,281.8580646286917,1.1842893203563754,2777.0
3036,281.8552755886917,1.184599739501516,2778.0
3037,281.84900070869173,1.1850558809947374,2779.0
3038,281.8459233486917,1.1856961906087724,2780.0
3039,281.83800174869174,1.1859923582709078,2781.0
3040,281.82652886869175,1.1863162413092572,2782.0
3041,281.81908438869175,1.1867828566958991,2783.0
3042,281.81594958869175,1.187221836806611,2784.0
3043,281.8455703086918,1.187632901423844,2785.0
3044,281.91676422869176,1.1880229488771243,2786.0
3045,281.95521943869176,1.1884586121464267,2787.0
3046,281.98639933869174,1.1889043854217318,2788.0
3047,282.03368866869175,1.189336656126983,2789.0
3048,282.0690258886917,1.189795644348431,2790.0
3049,282.1095597586917,1.1902547388838312,2791.0
3050,282.1360624886917,1.1903939519490987,2792.0
3051,282.1459359386917,1.190454566699358,2793.0
3052,282.1552899086917,1.190748078475922,2794.0
3053,282.1651633586917,1.191399137299575,2795.0
3054,282.1734779986917,1.1915846331846722,2796.0
3055,282.18750876869166,1.1918661629606284,2797.0
3056,282.1842346886917,1.192499691030331,2798.0
3057,282.1834806086917,1.1931540253406578,2799.0
3058,282.1678078886917,1.1939154237550251,2800.0
3059,282.1350373286917,1.1948554316961235,2801.0
3060,282.0946254086917,1.1958820157331622,2802.0
3061,282.0769123686917,1.1966742347862727,2803.0
3062,282.31570518869165,1.1969813617997185,2804.0
3063,282.28814518869166,1.1976910497031146,2805.0
3064,282.28166798869165,1.1982327099123247,2806.0
3065,282.27428174869164,1.1987835350479406,2807.0
3066,282.2704868126916,1.1992534539645197,2808.0
3067,282.2949108826916,1.199656204495813,2809.0
3068,282.3182956226916,1.2000865126070688,2810.0
3069,282.4123544326916,1.2004482420620664,2811.0
3070,282.4419751526916,1.2008895781167301,2812.0
3071,282.4643205626916,1.2013593138979028,2813.0
3072,282.4856266426916,1.2018231744931493,2814.0
3073,282.4955000926916,1.2023102435230784,2815.0
3074,282.5048540626916,1.2028081057900315,2816.0
3075,282.5209634926916,1.2033262259917519,2817.0
3076,282.5323961226916,1.2039125340220023,2818.0
3077,282.54226957269157,1.2046684089049753,2819.0
3078,282.5495448826916,1.2057097526289466,2820.0
3079,282.5534778346916,1.2071423610260503,2821.0
3080,282.5458231946916,1.2086745089202913,2822.0
3081,282.5355939146916,1.2099400441293686,2823.0
3082,282.51860847469163,1.2114755132172952,2824.0
3083,282.50741919469164,1.213205467958718,2825.0
3084,282.49715127469165,1.21456430142928,2826.0
3085,282.47465791469165,1.2152792150564897,2827.0
3086,282.45901863469163,1.2161916396863905,2828.0
3087,282.45513223469163,1.2167766732942693,2829.0
3088,282.49571457469165,1.2171816023240567,2830.0
3089,282.4895415346916,1.2176706544407445,2831.0
3090,282.4882108146916,1.218138609181562,2832.0
3091,282.5287446846916,1.2185898554925674,2833.0
3092,282.6020172646916,1.2189479830579948,2834.0
3093,282.6389132946916,1.2194003315962696,2835.0
3094,282.68672210469157,1.219840026639489,2836.0
3095,282.73712942469155,1.2202745811881786,2837.0
3096,282.80000870469155,1.2207061718143206,2838.0
3097,282.81144133469155,1.2212068378910956,2839.0
3098,282.82079530469156,1.2217125600091103,2840.0
3099,282.8353459246916,1.2222696760264473,2841.0
3100,282.8478178846916,1.2229205660452023,2842.0
3101,282.8576913346916,1.2236794033555027,2843.0
3102,282.8679347846916,1.224507915113383,2844.0
3103,282.86434917669163,1.2254137230135702,2845.0
3104,282.86316549669164,1.2263492366968922,2846.0
3105,282.85814485669164,1.2274200676491667,2847.0
3106,282.8396785366916,1.2284814679390037,2848.0
3107,282.82033541669165,1.2293994698260886,2849.0
3108,282.81937653669166,1.2302853670938325,2850.0
3109,282.81283885669166,1.2312243062797465,2851.0
3110,282.80671765669166,1.2319589156079165,2852.0
3111,282.80144213669166,1.2324906545335919,2853.0
3112,282.79570821669165,1.2330337233331299,2854.0
3113,282.79461357669163,1.2335272680153733,2855.0
3114,282.7954262446916,1.2339578116989587,2856.0
3115,282.8318027946916,1.2343272001279157,2857.0
3116,282.86921867469164,1.2347485638818847,2858.0
3117,282.91598815469166,1.2351805976135626,2859.0
3118,282.97315093469166,1.2355965993591382,2860.0
3119,283.0318728946917,1.2359913720679414,2861.0
3120,283.0827996946917,1.2364358004433231,2862.0
3121,283.0973503146917,1.2369300733557802,2863.0
3122,283.11190093469173,1.2374451656890646,2864.0
3123,283.12281371469174,1.2380047598378836,2865.0
3124,283.13164783469176,1.2386281983531406,2866.0
3125,283.14308046469176,1.239363017308045,2867.0
3126,283.15087525469175,1.2403003271284165,2868.0
3127,283.14628435869173,1.2412615730936598,2869.0
3128,283.14278627869174,1.242165626065352,2870.0
3129,283.13317243869176,1.2431767510396647,2871.0
3130,283.45244950869176,1.2435538621836013,2872.0
3131,284.04284148869175,1.2436424194233047,2873.0
3132,284.39307941869174,1.2438814678669865,2874.0
3133,284.37548389869175,1.2446284523549318,2875.0
3134,284.3581742186918,1.2453242185250177,2876.0
3135,284.3484840586918,1.2459062813563933,2877.0
3136,284.3656163536918,1.2463878097595489,2878.0
3137,284.3717144346918,1.2468589087679767,2879.0
3138,284.4491443346918,1.2472070832904303,2880.0
3139,284.53488887469183,1.247551111202253,2881.0
3140,284.57074557469184,1.2479734445358706,2882.0
3141,284.61024011469186,1.248403408678978,2883.0
3142,284.69078800469185,1.2487837456535051,2884.0
3143,284.77133589469184,1.2491665932331937,2885.0
3144,284.81654656469186,1.2496175622988124,2886.0
3145,284.84045115469183,1.2500956302207464,2887.0
3146,284.85188378469184,1.2506225834718308,2888.0
3147,284.86435574469186,1.2511976913671872,2889.0
3148,284.87734718469187,1.2518465255504003,2890.0
3149,284.88722063469186,1.2523178642486796,2891.0
3150,284.89449594469187,1.2526168721138353,2892.0
3151,284.88935657669185,1.2530599444473782,2893.0
3152,284.89908572669185,1.2540579845707558,2894.0
3153,284.89286668669183,1.2551239074238507,2895.0
3154,284.87714604669185,1.2557262649203107,2896.0
3155,284.84929820669186,1.2563693047427327,2897.0
3156,284.8196629266919,1.257327696314381,2898.0
3157,284.81549188669186,1.2579852283546171,2899.0
3158,284.80115948669186,1.2585517694598067,2900.0
3159,284.78827124669186,1.2590146033185459,2901.0
3160,284.7734031666919,1.2595470434453584,2902.0
3161,284.7689810866919,1.2599416944789732,2903.0
3162,284.7630146866919,1.2603202941657743,2904.0
3163,284.78328143669194,1.2607315382600905,2905.0
3164,284.8144613366919,1.2611669757543522,2906.0
3165,284.8643488066919,1.2615681220087442,2907.0
3166,284.9095594766919,1.2619739123763742,2908.0
3167,285.0384360266919,1.2623055013279152,2909.0
3168,285.0774107166919,1.26275527882995,2910.0
3169,285.1059921066919,1.2632314748523723,2911.0
3170,285.11794421669185,1.2637596972364633,2912.0
3171,285.12885699669187,1.2643181974140811,2913.0
3172,285.1413289566919,1.264949734346443,2914.0
3173,285.1501630766919,1.2657354453548109,2915.0
3174,285.1595170466919,1.2668355864875955,2916.0
3175,285.1699103466919,1.2681314984010568,2917.0
3176,285.1648682666919,1.269400334036984,2918.0
3177,285.1502623466919,1.2706318852495069,2919.0
3178,285.4584260966918,1.2711704110869684,2920.0
3179,285.8976475466918,1.2715665839634909,2921.0
3180,286.3770114066918,1.2717663131958439,2922.0
3181,286.87849830669177,1.27193730178937,2923.0
3182,287.1784813566918,1.2722221257151667,2924.0
3183,287.1571849566918,1.2729262499656928,2925.0
3184,287.1411639166918,1.2735015669302736,2926.0
3185,287.1304451166918,1.274043867181061,2927.0
3186,287.1822935866918,1.2743674268841318,2928.0
3187,287.2098356466918,1.274752937261773,2929.0
3188,287.23114172669176,1.2751882423037075,2930.0
3189,287.25296765669174,1.2756557465135645,2931.0
3190,287.28258837669176,1.276045110919522,2932.0
3191,287.32675971669175,1.2764796552175088,2933.0
3192,287.35690028669177,1.2769379043707743,2934.0
3193,287.37820636669176,1.2774218981368637,2935.0
3194,287.39015847669174,1.2779180084112258,2936.0
3195,287.40470909669176,1.2784417648155229,2937.0
3196,287.4156218766918,1.2790786345817988,2938.0
3197,287.4265346566918,1.2795786566945557,2939.0
3198,287.4390066166918,1.2799516573026966,2940.0
3199,287.44925006669183,1.280466802395202,2941.0
3200,287.4441812666918,1.2812686154723856,2942.0
3201,287.42830670669184,1.2820033641444744,2943.0
3202,287.39860006669187,1.2831096627999712,2944.0
3203,287.36159422669186,1.2844083248052827,2945.0
3204,287.32365078669187,1.285360691956888,2946.0
3205,287.31749974669185,1.2859223289302666,2947.0
3206,287.29501134669187,1.2868304160665711,2948.0
3207,287.2771575066919,1.287555023750039,2949.0
3208,287.27501446669186,1.2881375698565305,2950.0
3209,287.27288550669186,1.2886078105577006,2951.0
3210,287.29380271669186,1.2890238569815808,2952.0
3211,287.34628869669183,1.289431576744974,2953.0
3212,287.38734204669186,1.2898676758695466,2954.0
3213,287.42735606669186,1.2903123389372755,2955.0
3214,287.5068646266919,1.290699923532954,2956.0
3215,287.57961735669187,1.291104473935931,2957.0
3216,287.6211905566919,1.2915536372986345,2958.0
3217,287.6622439066919,1.292009920106284,2959.0
3218,287.6908252966919,1.2924798399919284,2960.0
3219,287.7017380766919,1.293010610370941,2961.0
3220,287.71265085669194,1.2936523245638467,2962.0
3221,287.7246029666919,1.2945069761241073,2963.0
3222,287.7365550766919,1.2956253707666756,2964.0
3223,287.7339230366919,1.2970711580098262,2965.0
3224,287.7469381566919,1.2984789765334084,2966.0
3225,287.7414492766919,1.3000407806626326,2967.0
3226,287.7346176766919,1.3016834225989051,2968.0
3227,287.77414810669194,1.3030584747840448,2969.0
3228,287.77006618669196,1.3040999916242175,2970.0
3229,287.75896074669197,1.3050548159923931,2971.0
3230,287.74240490669195,1.3058583477309644,2972.0
3231,287.7264365066919,1.3064529024505223,2973.0
3232,287.7185775466919,1.306977015967669,2974.0
3233,287.7181490666919,1.3074111140114046,2975.0
3234,287.7353725666919,1.307771494570727,2976.0
3235,287.7868192166919,1.308149197131027,2977.0
3236,287.81643993669195,1.3085766159329466,2978.0
3237,287.86736673669196,1.3089564117013994,2979.0
3238,287.95415060669194,1.3093122983975203,2980.0
3239,287.99520395669197,1.309752474449786,2981.0
3240,288.03365916669196,1.310192762118722,2982.0
3241,288.07055519669194,1.310640636965312,2983.0
3242,288.09497926669195,1.3111418683517886,2984.0
3243,288.10329390669193,1.3116942662737776,2985.0
3244,288.1152460166919,1.3123144341879007,2986.0
3245,288.12408013669193,1.3130252455536804,2987.0
3246,288.13655209669196,1.3137667287058403,2988.0
3247,288.13454130469194,1.3144918298477823,2989.0
3248,288.13012890469196,1.3153398761764652,2990.0
3249,288.12172170469194,1.3163355310034524,2991.0
3250,288.09786698469196,1.317412643871962,2992.0
3251,288.069983624692,1.318588410215776,2993.0
3252,288.044018904692,1.3197065283018992,2994.0
3253,288.015736104692,1.3207353608714876,2995.0
3254,287.995775944692,1.321591378667555,2996.0
3255,287.98197002469203,1.3222656580519427,2997.0
3256,287.96247570469205,1.3228492749812886,2998.0
3257,287.96166066469203,1.3232702304866302,2999.0
3258,287.960813464692,1.323672554989923,3000.0
3259,287.989394854692,1.3241061995613426,3001.0
3260,288.02317289469204,1.3245251753514888,3002.0
3261,288.055911604692,1.3249199791482018,3003.0
3262,288.089170164692,1.3253641568765044,3004.0
3263,288.148931454692,1.3257838466948273,3005.0
3264,288.189984804692,1.3262247039227428,3006.0
3265,288.200378104692,1.3267102863113618,3007.0
3266,288.213369544692,1.3272234375667702,3008.0
3267,288.224282324692,1.3277767078911495,3009.0
3268,288.237273764692,1.3283883510254026,3010.0
3269,288.251304534692,1.3291185675162211,3011.0
3270,288.261177984692,1.330083495405564,3012.0
3271,288.281964584692,1.331198009430683,3013.0
3272,288.28267831469196,1.3323951558251794,3014.0
3273,288.274707194692,1.3337426558663303,3015.0
3274,288.250827994692,1.3351064638749057,3016.0
3275,288.232718714692,1.3362675638731518,3017.0
3276,288.195179594692,1.337528240623216,3018.0
3277,288.156206314692,1.3386082119099374,3019.0
3278,288.119539994692,1.3395001962458153,3020.0
3279,288.08901999469197,1.3402950320821019,3021.0
3280,288.07703231469196,1.3408492828402034,3022.0
3281,288.069517354692,1.3413655324376124,3023.0
3282,288.068595274692,1.3417942655432422,3024.0
3283,288.102373314692,1.3422019446881293,3025.0
3284,288.15485929469196,1.3426183951492456,3026.0
3285,288.209423934692,1.3430509930777053,3027.0
3286,288.25411512469196,1.3434715331983527,3028.0
3287,288.310758424692,1.3438860136685826,3029.0
3288,288.33050569469196,1.3443679924386955,3030.0
3289,288.34037914469195,1.3448626033209647,3031.0
3290,288.35337058469196,1.3453501608352643,3032.0
3291,288.36376388469193,1.3458571826398054,3033.0
3292,288.37623584469196,1.346450175287903,3034.0
3293,288.38766847469196,1.3472590011816061,3035.0
3294,288.396502594692,1.3482607604254278,3036.0
3295,288.393272218692,1.349592110940141,3037.0
3296,288.416384638692,1.3511384053325908,3038.0
3297,288.41055559869204,1.3530491720725908,3039.0
3298,288.39001823869205,1.3549746481124814,3040.0
3299,288.36902263869206,1.3567914563858507,3041.0
3300,288.34338727869203,1.3583539319206062,3042.0
3301,288.316277038692,1.3595837988181096,3043.0
3302,288.28157575869204,1.3606496516163307,3044.0
3303,288.26043511869204,1.3613488427363447,3045.0
3304,288.333236133692,1.3617922058792657,3046.0
3305,288.34666162069203,1.3622669942987977,3047.0
3306,288.374091163692,1.3626700795322095,3048.0
3307,288.429695133692,1.3630578815393644,3049.0
3308,288.513361013692,1.3634358065434238,3050.0
3309,288.561169823692,1.3638671520265,3051.0
3310,288.612096623692,1.3642791271237364,3052.0
3311,288.68017255369205,1.3646960639662995,3053.0
3312,288.72538322369206,1.3651482670476243,3054.0
3313,288.74928781369204,1.3656268639060265,3055.0
3314,288.76072044369204,1.3661504811818228,3056.0
3315,288.77319240369206,1.3666935801928985,3057.0
3316,288.7861838436921,1.3673132016175495,3058.0
3317,288.79605729369206,1.3680998364044605,3059.0
3318,288.80333260369207,1.3691219379016915,3060.0
3319,288.81320605369206,1.3702432975812537,3061.0
3320,288.85073833569203,1.37145394457837,3062.0
3321,288.861984855692,1.3730122809010803,3063.0
3322,288.848700615692,1.3746645358336338,3064.0
3323,288.823314935692,1.3760720859995599,3065.0
3324,288.786641335692,1.3772460611152926,3066.0
3325,288.74861413569204,1.3782678882274648,3067.0
3326,288.71771117569205,1.3791000312748058,3068.0
3327,288.69491693569205,1.3795628189715747,3069.0
3328,288.67780693569205,1.3800633130174003,3070.0
3329,288.671329575692,1.3805255690558473,3071.0
3330,288.667671175692,1.380951968144685,3072.0
3331,288.68793792569204,1.3813359755661585,3073.0
3332,288.719117825692,1.3817594552832437,3074.0
3333,288.769005295692,1.3821799239013912,3075.0
3334,288.81421596569203,1.382594755748129,3076.0
3335,288.943092515692,1.38292634469967,3077.0
3336,289.007530605692,1.3833450871893849,3078.0
3337,289.046505295692,1.3838081047571036,3079.0
3338,289.067291895692,1.3842932183594048,3080.0
3339,289.079763855692,1.384773140307419,3081.0
3340,289.093275145692,1.3852804087576764,3082.0
3341,289.103668445692,1.3859407683243177,3083.0
3342,289.117179735692,1.3868588000095565,3084.0
3343,289.12549437569197,1.3880920963455572,3085.0
3344,289.11927061569196,1.3895731988753963,3086.0
3345,289.10527669569194,1.3913567790313157,3087.0
3346,289.07897525569194,1.3932016783908023,3088.0
3347,289.04271725569197,1.3950208578081689,3089.0
3348,289.00197517569194,1.3966602382938722,3090.0
3349,288.9677076556919,1.3979114522695608,3091.0
3350,288.9285535756919,1.3989614027963266,3092.0
3351,288.89432341569193,1.3997706126866223,3093.0
3352,288.87516293569195,1.400376803142696,3094.0
3353,288.86360741569194,1.4009082916041375,3095.0
3354,288.90347417569194,1.4012516954419534,3096.0
3355,288.9346540756919,1.401617723571272,3097.0
3356,288.96063732569195,1.4020271167670657,3098.0
3357,288.98714005569195,1.4024779216144778,3099.0
3358,289.01987876569194,1.402862726622648,3100.0
3359,289.06560928569195,1.4032771907110781,3101.0
3360,289.10770196569194,1.40371281572512,3102.0
3361,289.14251933569193,1.4041694251674008,3103.0
3362,289.15499129569196,1.4046628645838402,3104.0
3363,289.16434526569196,1.4051993228043664,3105.0
3364,289.17629737569195,1.4058390058912913,3106.0
3365,289.18513149569196,1.406676033187216,3107.0
3366,289.19864278569196,1.4077663716063697,3108.0
3367,289.19671073769194,1.4092345699856073,3109.0
3368,289.18861361769194,1.41093766011837,3110.0
3369,289.17547753769196,1.4128919788457805,3111.0
3370,289.65338026769194,1.4137018056100406,3112.0
3371,289.66228468769197,1.41529940199054,3113.0
3372,289.621049807692,1.41698674419188,3114.0
3373,289.586399887692,1.4182776930476149,3115.0
3374,289.578599247692,1.419134847807585,3116.0
3375,289.594827447692,1.419723751150078,3117.0
3376,289.590211207692,1.4203245703195746,3118.0
3377,289.590486820692,1.4207911393560448,3119.0
3378,289.601946275692,1.4212195161702659,3120.0
3379,289.631566995692,1.4216436023422259,3121.0
3380,289.670022205692,1.4220648064428363,3122.0
3381,289.69964292569205,1.4225127844161451,3123.0
3382,289.74329478569206,1.422947205715129,3124.0
3383,289.79682009569206,1.42337040949634,3125.0
3384,289.8378734456921,1.423810721553995,3126.0
3385,289.8752893256921,1.424270720734442,3127.0
3386,289.8908792756921,1.4247797486497011,3128.0
3387,289.9054298956921,1.42534936579624,3129.0
3388,289.9158231956921,1.4260256176772177,3130.0
3389,289.9272558256921,1.4264165166879825,3131.0
3390,289.9392079356921,1.426945534597661,3132.0
3391,289.97158922569207,1.428216009311558,3133.0
3392,290.8048421756921,1.4285783750135546,3134.0
3393,291.5940440356921,1.4286214604085843,3135.0
3394,291.66959433569207,1.4295483145514776,3136.0
3395,291.6322109756921,1.43107060066995,3137.0
3396,291.5897533756921,1.432443723991321,3138.0
3397,291.5572273756921,1.4333398827765507,3139.0
3398,291.5146947356921,1.434140802421524,3140.0
3399,291.4803565756921,1.4348371748122377,3141.0
3400,291.4594571356921,1.4354176209947984,3142.0
3401,291.4489740156921,1.435933300934161,3143.0
3402,291.4428752156921,1.436394460972358,3144.0
3403,291.4672992856921,1.436812951021884,3145.0
3404,291.4849678956921,1.4372582326921581,3146.0
3405,291.50627397569207,1.437706125514111,3147.0
3406,291.5306980456921,1.438153082205321,3148.0
3407,291.56967273569205,1.4385934730619154,3149.0
3408,291.59825412569205,1.4390471308131523,3150.0
3409,291.62527670569204,1.4395183220027703,3151.0
3410,291.64086665569204,1.4399900470501963,3152.0
3411,291.65333861569206,1.4401056254772253,3153.0
3412,291.6658105756921,1.44012404475938,3154.0
3413,291.6730858856921,1.4404764830424501,3155.0
3414,291.6834791856921,1.4417228756231795,3156.0
3415,291.68022832969206,1.4424776423177654,3157.0
3416,291.67674547369205,1.4431859530193694,3158.0
3417,291.67501432169206,1.444793173237088,3159.0
3418,291.64826336169205,1.446970908614977,3160.0
3419,291.6190032816921,1.4489869507386515,3161.0
3420,291.5859102416921,1.450586366594933,3162.0
3421,291.5445866416921,1.4520137311579278,3163.0
3422,291.51857000169207,1.453046391447112,3164.0
3423,291.4908713616921,1.4538562207556687,3165.0
3424,291.47360800169207,1.4544924171947111,3166.0
3425,291.4631560816921,1.4550700826281233,3167.0
3426,291.46012952169207,1.4555372978776702,3168.0
3427,291.47987679169205,1.4559910518011896,3169.0
3428,291.518851481692,1.4564261302284875,3170.0
3429,291.536520091692,1.4568961063216306,3171.0
3430,291.560944161692,1.4573529125651468,3172.0
3431,291.594202721692,1.4578077460306955,3173.0
3432,291.635775921692,1.4582546885456378,3174.0
3433,291.664357311692,1.4587270021572911,3175.0
3434,291.676309421692,1.4592443594760047,3176.0
3435,291.693978031692,1.4597907576274134,3177.0
3436,291.70437133169196,1.460376116741044,3178.0
3437,291.71476463169193,1.4610772679052946,3179.0
3438,291.7230792716919,1.4620527168611115,3180.0
3439,291.7324332416919,1.463271685655113,3181.0
3440,291.7260390016919,1.464659908005431,3182.0
3441,291.7117154816919,1.46642580635472,3183.0
3442,291.6813618016919,1.468268141329542,3184.0
3443,291.6437227616919,1.4700295978113411,3185.0
3444,291.6017293216919,1.4716911019940189,3186.0
3445,291.5574661216919,1.4729816027626979,3187.0
3446,291.5146626016919,1.4740539073184251,3188.0
3447,291.4811806016919,1.474851108007088,3189.0
3448,291.4586134016919,1.4755085093751552,3190.0
3449,291.4448329216919,1.4760847391839917,3191.0
3450,291.4393513216919,1.4765770700196934,3192.0
3451,291.4590985916919,1.4770087405180843,3193.0
3452,291.48092452169186,1.4774593062109802,3194.0
3453,291.50430926169184,1.4779229511645782,3195.0
3454,291.5318513216918,1.4783812634791498,3196.0
3455,291.57498333169184,1.4788127770262922,3197.0
3456,291.61551720169183,1.4792584379917115,3198.0
3457,291.6389019416918,1.4797407740652433,3199.0
3458,291.65709003169184,1.4802244148298822,3200.0
3459,291.66800281169185,1.4807602778589999,3201.0
3460,291.67995492169183,1.4813980956234358,3202.0
3461,291.69086770169184,1.4822516602048694,3203.0
3462,291.70526847169185,1.4833558767142363,3204.0
3463,291.71670110169185,1.4847969254508797,3205.0
3464,291.70839662169186,1.4865562005968924,3206.0
3465,291.69169046169185,1.488640914096099,3207.0
3466,291.6615152616919,1.4908424418882786,3208.0
3467,291.6231115016919,1.4929276432392307,3209.0
3468,291.58035670169187,1.4947317549418928,3210.0
3469,291.53650414169186,1.4962297482458213,3211.0
3470,291.4962166216919,1.4973740121157024,3212.0
3471,291.4628599016919,1.4982172238833362,3213.0
3472,291.4407258216919,1.4989002900233146,3214.0
3473,291.4310824616919,1.4994613931746346,3215.0
3474,291.4263855016919,1.4999373833854934,3216.0
3475,291.4424949316919,1.5003827782612924,3217.0
3476,291.4591242116919,1.5008403520522777,3218.0
3477,291.4897842616919,1.501293061957369,3219.0
3478,291.5142083316919,1.5017483379003644,3220.0
3479,291.5386324016919,1.5022056994282327,3221.0
3480,291.5661744616919,1.5026712744219948,3222.0
3481,291.5911183816919,1.5031411051578116,3223.0
3482,291.6035903416919,1.5036328370654222,3224.0
3483,291.61294431169193,1.5041764570972245,3225.0
3484,291.62645560169193,1.5048339226535064,3226.0
3485,291.63580957169194,1.5057020815007383,3227.0
3486,291.64724220169194,1.5068129540736195,3228.0
3487,291.65867483169194,1.5082744797151946,3229.0
3488,291.65094067169196,1.5100404043643698,3230.0
3489,291.63420371169195,1.512088499448796,3231.0
3490,292.036153951692,1.513028904902617,3232.0
3491,292.903052481692,1.5132906532218362,3233.0
3492,293.006138181692,1.5143914780048258,3234.0
3493,292.962467781692,1.5158162563164794,3235.0
3494,292.924936821692,1.5169179756522724,3236.0
3495,292.88821338169197,1.5177841769763183,3237.0
3496,292.86990226169195,1.518413450010401,3238.0
3497,292.86359626169195,1.5189438527790848,3239.0
3498,292.85661074169195,1.5194433642152592,3240.0
3499,292.8805153316919,1.519903295324699,3241.0
3500,292.9168918816919,1.520336008554459,3242.0
3501,292.9480717816919,1.5207895177823982,3243.0
3502,293.01978518169193,1.5212030077364267,3244.0
3503,293.08266446169193,1.5216229613495915,3245.0
3504,293.1180016816919,1.5220766191008284,3246.0
3505,293.1398276116919,1.5225575571457297,3247.0
3506,293.15385838169186,1.5230504852890328,3248.0
3507,293.16425168169184,1.5235890795968177,3249.0
3508,293.17516446169185,1.5242494655853431,3250.0
3509,293.18347910169183,1.5247008458021913,3251.0
3510,293.19231322169185,1.5248718028312365,3252.0
3511,293.18766779769186,1.5254184591160533,3253.0
3512,293.18051179769185,1.5271417452669165,3254.0
3513,293.17372067769185,1.5286865106881367,3255.0
3514,293.14721459769186,1.5295046006672646,3256.0
3515,293.11250411769186,1.5310661451072631,3257.0
3516,293.06824803769183,1.5328287274842394,3258.0
3517,293.0394677176918,1.5341050103849014,3259.0
3518,293.00889179769183,1.5352033610944844,3260.0
3519,292.97641987769185,1.5360199838748898,3261.0
3520,292.95811835769183,1.5366329865223505,3262.0
3521,292.94614595769184,1.53718352002572,3263.0
3522,292.94027811769183,1.5376226340834198,3264.0
3523,292.9615841976918,1.5380461873985927,3265.0
3524,292.97977228769184,1.5385086356832587,3266.0
3525,293.00679486769184,1.538939535630087,3267.0
3526,293.02602228769183,1.5393879129765884,3268.0
3527,293.06239883769183,1.5398349254299657,3269.0
3528,293.1008540476918,1.5402895386906146,3270.0
3529,293.1221601276918,1.5407724050735427,3271.0
3530,293.1356714176918,1.541296790855852,3272.0
3531,293.1450253876918,1.5418865298169093,3273.0
3532,293.1548988376918,1.5425466539074995,3274.0
3533,293.1647722876918,1.5433586740648861,3275.0
3534,293.1725670776918,1.5444987605672829,3276.0
3535,293.1702823416918,1.5459810418177455,3277.0
3536,293.34043350169185,1.5471630828336056,3278.0
3537,293.9954267416918,1.5476795874065816,3279.0
3538,294.5864048016918,1.5482714223560303,3280.0
3539,294.89830444169183,1.5492860742741337,3281.0
3540,294.8815007616918,1.550722456662765,3282.0
3541,294.8531422816918,1.5519489709125691,3283.0
3542,294.9003653816918,1.5526716497041388,3284.0
3543,294.88966490169184,1.5533257987784252,3285.0
3544,294.86825770169185,1.5539929938698003,3286.0
3545,294.85689618169187,1.5545765589624991,3287.0
3546,294.8508004216919,1.55506835927226,3288.0
3547,294.8695083616919,1.5555188338753643,3289.0
3548,294.8944522816919,1.555964090076378,3290.0
3549,294.9053650616919,1.5564512982254028,3291.0
3550,294.92926965169187,1.556915644197668,3292.0
3551,294.95473305169185,1.5573750357111102,3293.0
3552,294.9822751116918,1.5578431887156008,3294.0
3553,295.0072190316918,1.5583213778466776,3295.0
3554,295.0290449616918,1.5588253652950328,3296.0
3555,295.0404775916918,1.559252791490622,3297.0
3556,295.0513903716918,1.5594123822862789,3298.0
3557,295.0612638216918,1.5595323429427783,3299.0
3558,295.0711372716918,1.5599445558011076,3300.0
3559,295.0655373276918,1.560900715017691,3301.0
3560,295.0602041276918,1.5616849631304461,3302.0
3561,295.42133818769184,1.5619641717342754,3303.0
3562,296.0285455576918,1.5621247313882978,3304.0
3563,296.0095043576918,1.5637456189481544,3305.0
3564,295.9774311576918,1.5654641242893255,3306.0
3565,295.9301809976918,1.5666638706032217,3307.0
3566,295.8892693176918,1.5676721886641687,3308.0
3567,295.8578039576918,1.5684823563998118,3309.0
3568,295.83963291769174,1.5691320517235998,3310.0
3569,295.82806907769174,1.569716442156223,3311.0
3570,295.82048267769176,1.5702210871626539,3312.0
3571,295.84334793769176,1.5706717268727861,3313.0
3572,295.86465401769175,1.5711380999121114,3314.0
3573,295.89479458769176,1.5715873163320215,3315.0
3574,295.92129731769177,1.5720488172300164,3316.0
3575,295.9644293276918,1.5724936085092827,3317.0
3576,295.9930107176918,1.5729586377134073,3318.0
3577,296.0200332976918,1.573426709473071,3319.0
3578,296.0356232476918,1.5739507073500978,3320.0
3579,296.0480952076918,1.574532870487715,3321.0
3580,296.06056716769183,1.5748953893807316,3322.0
3581,296.06784247769184,1.5750315837783944,3323.0
3582,296.0782357776918,1.5754729545815807,3324.0
3583,296.07555113769183,1.576672075419218,3325.0
3584,296.07291893769184,1.5777787963905252,3326.0
3585,296.07141232969184,1.578622008158159,3327.0
3586,296.0619457696918,1.5804697350124919,3328.0
3587,296.0453110496918,1.5822649013184111,3329.0
3588,296.0272818496918,1.5839276138282947,3330.0
3589,296.0144492096918,1.5852415684915486,3331.0
3590,296.0063064096918,1.5862162678389267,3332.0
3591,295.99562384969175,1.5869510165110154,3333.0
3592,295.99154528969177,1.5875396443378482,3334.0
3593,295.9850784896918,1.588104756278603,3335.0
3594,295.98187072969176,1.5885706834089526,3336.0
3595,296.00161799969175,1.5890210308812869,3337.0
3596,296.0405926896917,1.5894500250527777,3338.0
3597,296.0582612996917,1.5899191641959234,3339.0
3598,296.0826853696917,1.5903727914788603,3340.0
3599,296.1159439296917,1.590827624944409,3341.0
3600,296.1450451696917,1.591290131872126,3342.0
3601,296.1715478996917,1.5917650927181994,3343.0
3602,296.1860985196917,1.5922765279376865,3344.0
3603,296.1954524896917,1.5928264826016076,3345.0
3604,296.2105225896917,1.5933949416594835,3346.0
3605,296.2188372296917,1.5940068601142885,3347.0
3606,296.2292305296917,1.594748409001256,3348.0
3607,296.23059623669167,1.595601335044062,3349.0
3608,296.22321287669166,1.5965384190556995,3350.0
3609,296.6407386366917,1.5968502212197895,3351.0
3610,297.3432372866917,1.596933442554997,3352.0
3611,298.3309678266917,1.596944080077222,3353.0
3612,298.89077375669166,1.597083840645481,3354.0
3613,298.93924016769165,1.5977769550561514,3355.0
3614,298.95116323269167,1.5984716745254313,3356.0
3615,298.9910575946917,1.5989935920407776,3357.0
3616,299.30431080569167,1.5991948889270835,3358.0
3617,299.3171527656917,1.5997233044845718,3359.0
3618,299.34053750569166,1.6001790231201378,3360.0
3619,299.42888018569164,1.600538672525453,3361.0
3620,299.49539693569164,1.6009433146459855,3362.0
3621,299.54476492569165,1.6013738907953785,3363.0
3622,299.59517224569163,1.6018056718268596,3364.0
3623,299.6819561156916,1.6021957413523715,3365.0
3624,299.7458747256916,1.6026135211366515,3366.0
3625,299.77705462569156,1.603082251762849,3367.0
3626,299.79056591569156,1.6035912746351995,3368.0
3627,299.80771467569156,1.6041535845433483,3369.0
3628,299.81862745569157,1.6045078766071954,3370.0
3629,299.82642224569156,1.6046521474164948,3371.0
3630,299.8373350256916,1.604731714197471,3372.0
3631,299.86123961569155,1.605017739715466,3373.0
3632,299.87416293869154,1.6054507626610386,3374.0
3633,299.88217303169154,1.6058751379489618,3375.0
3634,299.92448623169156,1.605968365438954,3376.0
3635,300.02370265669157,1.6060224152355786,3377.0
3636,300.0237847966916,1.6063869746477748,3378.0
3637,300.0068371166916,1.6069888878778535,3379.0
3638,299.9967784766916,1.607485512068769,3380.0
3639,299.9854763166916,1.6077335850793846,3381.0
3640,299.98046639669155,1.6081771364992996,3382.0
3641,299.9769293566915,1.6086254778759959,3383.0
3642,299.9897505966915,1.6089763518886009,3384.0
3643,300.0240484866915,1.6093359699268934,3385.0
3644,300.1212252866915,1.6096701108754756,3386.0
3645,300.15552317669153,1.6101085507223283,3387.0
3646,300.20281250669154,1.6105068592774072,3388.0
3647,300.24074786669155,1.610928569968779,3389.0
3648,300.28543905669153,1.6113688248078137,3390.0
3649,300.31142230669155,1.6118462507731435,3391.0
3650,300.3238942666916,1.6123262491115178,3392.0
3651,300.33792503669156,1.6128152092930796,3393.0
3652,300.34935766669156,1.6133450881540927,3394.0
3653,300.36130977669154,1.6138760665931224,3395.0
3654,300.37586039669156,1.6143212539364502,3396.0
3655,300.40444178669156,1.6148063596619242,3397.0
3656,300.39892234669156,1.615527320973056,3398.0
3657,300.38496170669157,1.6163646871571602,3399.0
3658,300.35724626669156,1.6172701842908843,3400.0
3659,300.3252613066916,1.6182824994022695,3401.0
3660,300.30592586669155,1.6192494321353919,3402.0
3661,300.27897562669153,1.620180702414796,3403.0
3662,300.2531492266915,1.6210189963649526,3404.0
3663,300.2280629866915,1.6216637172816564,3405.0
3664,300.2175233866915,1.622197980627161,3406.0
3665,300.2093853066915,1.622710454635992,3407.0
3666,300.2061775466915,1.6231690665475393,3408.0
3667,300.2342394566915,1.62354815610373,3409.0
3668,300.2571047166915,1.62398914005461,3410.0
3669,300.2784107966915,1.6244399382579844,3411.0
3670,300.3038741966915,1.6248998847069298,3412.0
3671,300.3334949166915,1.625346506898178,3413.0
3672,300.3813037266915,1.6257835718395812,3414.0
3673,300.4119637766915,1.6262504673074814,3415.0
3674,300.4244357366915,1.626727863970021,3416.0
3675,300.4405451666915,1.6272421327982811,3417.0
3676,300.4530171266915,1.6278758791728598,3418.0
3677,300.46392990669153,1.6287161079427448,3419.0
3678,300.4743232066915,1.6297632588921966,3420.0
3679,300.4808351326915,1.6309899719798184,3421.0
3680,300.47916245269147,1.6323476834786312,3422.0
3681,300.50466718169145,1.6337888527044768,3423.0
3682,300.5346579016915,1.6352090416470517,3424.0
3683,300.5589324916915,1.6364288612066535,3425.0
3684,300.57615192169146,1.6375215050684266,3426.0
3685,300.61185914169147,1.6384361699185988,3427.0
3686,300.6378423916915,1.6392554712000575,3428.0
3687,301.1082037816915,1.6393978986932032,3429.0
3688,301.8605843516915,1.6393978986932032,3429.0
3689,301.8990269816915,1.6398952723241647,3430.0
3690,301.9089004316915,1.64036052520547,3431.0
3691,301.9218918716915,1.6408112806983417,3432.0
3692,301.9302065116915,1.641271143741811,3433.0
3693,301.9421586216915,1.6417464592809634,3434.0
3694,301.9603467116915,1.64222138602891,3435.0
3695,302.0356979516915,1.6426101199863519,3436.0
3696,302.0736333116915,1.643055966884217,3437.0
3697,302.1016952216915,1.6435299695523455,3438.0
3698,302.1157259916915,1.6440280223525974,3439.0
3699,302.13547326169146,1.644557094758148,3440.0
3700,302.14846470169147,1.6451083448918882,3441.0
3701,302.15833815169145,1.645633109506463,3442.0
3702,302.16613294169144,1.646159667748784,3443.0
3703,302.1610569896914,1.646704702046159,3444.0
3704,302.53818762969144,1.6468153762870432,3445.0
3705,302.5290276296914,1.6473063293406864,3446.0
3706,303.0610502292654,1.6473063293406864,3446.0
3707,303.75691530892277,1.6473063293406864,3446.0
3708,304.24347630762765,1.6473063293406864,3446.0
3709,304.87979960331063,1.6473063293406864,3446.0
3710,304.87930928331065,1.6473966842789955,3447.0
3711,304.8686480033107,1.64750237581587,3448.0
3712,304.8671713233107,1.6479843624373824,3449.0
3713,304.8642112353107,1.6484951781222554,3450.0
3714,304.89123381531067,1.6489218218681,3451.0
3715,304.9156578853107,1.6493488793823563,3452.0
3716,304.9577505653107,1.6497814001419162,3453.0
3717,304.98477314531067,1.6502519927998704,3454.0
3718,305.02011036531064,1.6506661511541265,3455.0
3719,305.05596706531065,1.6511064210009643,3456.0
3720,305.0954616053107,1.6515530923199544,3457.0
3721,305.13391681531067,1.6520157501985246,3458.0
3722,305.1541835653107,1.652526476976132,3459.0
3723,305.16821433531067,1.652846202022858,3460.0
3724,305.1791271153107,1.6532647286532025,3461.0
3725,305.1884810853107,1.6536143418850793,3462.0
3726,305.1973152053107,1.6537854684612707,3463.0
3727,305.2071886553107,1.6538144828602261,3464.0
3728,305.19812745531067,1.654143214230963,3465.0
3729,305.1821959353107,1.6543488596135738,3466.0
3730,305.1515732953107,1.6547151383772152,3467.0
3731,305.1266050553107,1.655195245435429,3468.0
3732,305.09205921531066,1.6554836278236564,3469.0
3733,305.06149633531066,1.6561505435077761,3470.0
3734,305.03428505531065,1.6568019628259514,3471.0
3735,305.00222281531063,1.6574066595321073,3472.0
3736,304.9935558553106,1.6579052661830869,3473.0
3737,304.9830519353106,1.6583937559502853,3474.0
3738,304.9783279353106,1.6588651742351919,3475.0
3739,305.0079486553106,1.6592845390037751,3476.0
3740,305.0323727253106,1.6597215852538698,3477.0
3741,305.0490020053106,1.6601746547669944,3478.0
3742,305.07134741531064,1.6606351555271108,3479.0
3743,305.12487272531064,1.661059289571341,3480.0
3744,305.1596900953106,1.6615063218731088,3481.0
3745,305.1861928253106,1.6619777391874062,3482.0
3746,305.19762545531063,1.6624724186717659,3483.0
3747,305.2095775653106,1.6630167038887471,3484.0
3748,305.2210101953106,1.6636777402519327,3485.0
3749,305.2282855053106,1.664556590331628,3486.0
3750,305.2345214853106,1.66562130506081,3487.0
3751,305.2294592533106,1.6670059935926957,3488.0
3752,305.2328728733106,1.668469808494316,3489.0
3753,305.2275917533106,1.670193061241795,3490.0
3754,305.2145073533106,1.6719707351621063,3491.0
3755,305.2002094333106,1.67362900108207,3492.0
3756,305.1894412733106,1.675027587750915,3493.0
3757,305.2286364833106,1.6760864059576588,3494.0
3758,305.2496432333106,1.6770152726986942,3495.0
3759,305.2609260133106,1.677670823128175,3496.0
3760,305.2765159633106,1.6782544400575208,3497.0
3761,305.2848306033106,1.6788045100455922,3498.0
3762,305.2957433833106,1.6792532907312936,3499.0
3763,305.3134119933106,1.6796914067666486,3500.0
3764,305.3336787433106,1.6801501163315853,3501.0
3765,305.3492686933106,1.6806304232313385,3502.0
3766,305.36537812331056,1.6810903016131784,3503.0
3767,305.39292018331054,1.6815482608544878,3504.0
3768,305.4355327133105,1.6819941219112347,3505.0
3769,305.46359462331054,1.6824730317717411,3506.0
3770,305.4776253933105,1.6829983669404194,3507.0
3771,305.49009735331055,1.6835551780611429,3508.0
3772,305.50152998331055,1.6841678708413517,3509.0
3773,305.51140343331053,1.6848590729146935,3510.0
3774,305.52372554331055,1.6856796542632047,3511.0
3775,305.53463832331056,1.6865076475461196,3512.0
3776,305.53263376331057,1.6872558372063589,3513.0
3777,305.52813833931054,1.6879402557954024,3514.0
3778,306.3235669293105,1.6879402557954024,3514.0
3779,306.8352861793105,1.68801474285586,3515.0
3780,306.82426825931054,1.6885245920897043,3516.0
3781,306.81129465931053,1.689062539215661,3517.0
3782,306.79489809931056,1.6896110868514578,3518.0
3783,306.77917249931056,1.6901448223200817,3519.0
3784,306.76975081931056,1.690664450612181,3520.0
3785,306.76519053931054,1.6911739718445868,3521.0
3786,306.7612820113105,1.6916743018884324,3522.0
3787,306.78154876131055,1.6921212462935307,3523.0
3788,306.80753201131057,1.6925662949943874,3524.0
3789,306.82104330131057,1.6930468086367352,3525.0
3790,306.84079057131055,1.693521869835826,3526.0
3791,306.88028511131057,1.6939591787354464,3527.0
3792,306.91510248131056,1.6944122882138322,3528.0
3793,306.9390070713105,1.6948889399110287,3529.0
3794,306.9545970213105,1.6953768133434999,3530.0
3795,306.9686277913105,1.695887853351539,3531.0
3796,306.9769424313105,1.6964528664659861,3532.0
3797,306.9857765513105,1.6966299840000305,3533.0
3798,306.9920125313105,1.69671435912936,3534.0
3799,306.9877931793105,1.6972634398198756,3535.0
3800,307.2353087493105,1.6979386853443912,3536.0
3801,307.7830267793105,1.6979386853443912,3536.0
3802,308.35763677931044,1.6979386853443912,3536.0
3803,308.7978305893105,1.6982084762044116,3537.0
3804,309.02653942931045,1.6986659773232007,3538.0
3805,309.11820322931044,1.699197471968234,3539.0
3806,309.08303730931044,1.7000503405673382,3540.0
3807,309.05136506931046,1.7007645085369323,3541.0
3808,309.0284212293105,1.7013823208107526,3542.0
3809,309.0144763493105,1.7019651248179193,3543.0
3810,309.0084243493105,1.7024551264473955,3544.0
3811,309.0484383693105,1.702871950110213,3545.0
3812,309.06246913931045,1.703341651012498,3546.0
3813,309.07130325931047,1.7038285878483632,3547.0
3814,309.0915700093105,1.704290118517558,3548.0
3815,309.1326233593105,1.7047317589030384,3549.0
3816,309.1799126893105,1.7051752321831493,3550.0
3817,309.21354124931054,1.70564309796075,3551.0
3818,309.22913119931053,1.7061602997203544,3552.0
3819,309.24783913931054,1.7065451555917703,3553.0
3820,309.2561537793105,1.706732632753765,3554.0
3821,309.2660272293105,1.7068912790187183,3555.0
3822,309.2722632093105,1.7072504792431709,3556.0
3823,309.2795385193105,1.707714199280582,3557.0
3824,309.2722965193105,1.7081839806000294,3558.0
3825,309.2569104393105,1.7089416977073295,3559.0
3826,309.4674489493105,1.7095361554184356,3560.0
3827,310.05485206931047,1.709733461293602,3561.0
3828,310.83812467931045,1.70981657540913,3562.0
3829,311.4426021893105,1.7100051111412806,3563.0
3830,311.4311572293105,1.7108638411023447,3564.0
3831,311.39661338931046,1.711714802103909,3565.0
3832,311.37776570931044,1.7124006763309347,3566.0
3833,311.3673223493104,1.7129976828638025,3567.0
3834,311.36043042931044,1.713473617483909,3568.0
3835,311.38537434931044,1.7139073095331065,3569.0
3836,311.41603439931043,1.7143460339835799,3570.0
3837,311.43889965931044,1.7148092035475322,3571.0
3838,311.5537450693104,1.7151576016558596,3572.0
3839,311.5823264593104,1.7156036836202686,3573.0
3840,311.6155850193104,1.7160559028623217,3574.0
3841,311.6431270793104,1.7165310137546945,3575.0
3842,311.6545597093104,1.7170238585310122,3576.0
3843,311.66495300931035,1.7175649903404864,3577.0
3844,311.67482645931034,1.7182104186072031,3578.0
3845,311.6888572293103,1.7187737487525787,3579.0
3846,311.6966520193103,1.719110058679208,3580.0
3847,311.7070453193103,1.7193940616030707,3581.0
3848,311.6983216393103,1.7199643436362677,3582.0
3849,311.6838182793103,1.7210604583672984,3583.0
3850,311.65297475931027,1.7223865488123558,3584.0
3851,312.08837928931024,1.722554685374532,3585.0
3852,312.6194610093102,1.7225921736615986,3586.0
3853,312.59952356931024,1.7235600477072204,3587.0
3854,312.5602414093102,1.724651995692085,3588.0
3855,312.5269442893102,1.7254434096752647,3589.0
3856,312.5086627693102,1.7260655351268375,3590.0
3857,312.49382364931023,1.7265967412425902,3591.0
3858,312.48469156931026,1.7270477416364654,3592.0
3859,312.49612419931026,1.7275054263592984,3593.0
3860,312.50963548931026,1.7279822107993277,3594.0
3861,312.5241861093103,1.7283864762248875,3595.0
3862,312.5428940493103,1.7288603932494357,3596.0
3863,312.55900347931026,1.7293332335775775,3597.0
3864,312.58654553931024,1.7297904450211672,3598.0
3865,312.61096960931025,1.7302655461695544,3599.0
3866,312.63747233931025,1.7307405050671305,3600.0
3867,312.65410161931027,1.7312748045781332,3601.0
3868,312.6650143993103,1.7319198217852796,3602.0
3869,312.6764470293103,1.732777735813298,3603.0
3870,312.6832024893103,1.7333523581714185,3604.0
3871,312.6920366093103,1.733771543529875,3605.0
3872,312.6869314093103,1.73474823688508,3606.0
3873,312.89183437531034,1.7362859402138613,3607.0
3874,313.55786475231037,1.7365737004376887,3608.0
3875,313.69095663831035,1.7371948027273603,3609.0
3876,313.72854123831036,1.738421548695229,3610.0
3877,314.4343095783103,1.7385836604662142,3611.0
3878,314.8504696683103,1.7388985059394588,3612.0
3879,315.01449584831033,1.7393231630721175,3613.0
3880,315.00772480831034,1.7399424062134439,3614.0
3881,315.00175008831036,1.7405149686629406,3615.0
3882,315.04653255731034,1.7409259671192134,3616.0
3883,315.0740746173103,1.7413664227087824,3617.0
3884,315.1120099773103,1.7417890206665945,3618.0
3885,315.1499453373103,1.7422078006629755,3619.0
3886,315.19099868731035,1.7426308940950168,3620.0
3887,315.23257188731037,1.7430523486997442,3621.0
3888,315.25647647731034,1.7434994310970282,3622.0
3889,315.2876563773103,1.7439357729763572,3623.0
3890,315.31415910731033,1.7443844059393365,3624.0
3891,315.3297490573103,1.7448778155656055,3625.0
3892,315.3453390073103,1.745262389100783,3626.0
3893,315.3531337973103,1.7453864691983476,3627.0
3894,315.3645664273103,1.745567141900627,3628.0
3895,315.3831703973103,1.7461429543500928,3629.0
3896,315.91254900731036,1.7461429543500928,3629.0
3897,316.58505767097273,1.7461429543500928,3629.0
3898,317.2943030984315,1.7461429543500928,3629.0
3899,318.0064967696748,1.7461429543500928,3629.0
3900,318.69125207304995,1.7461429543500928,3629.0
3901,319.50909496397884,1.7461429543500928,3629.0
3902,319.66820740029925,1.7461429543500928,3629.0
3903,319.8550004202993,1.746212503557399,3630.0
3904,319.84345698029927,1.7465508085632402,3631.0
3905,319.83735394029924,1.7468210232626007,3632.0
3906,319.83568187629925,1.7470748279466222,3633.0
3907,319.85386996629927,1.7473189450562934,3634.0
3908,319.8725779062993,1.7475635953804927,3635.0
3909,319.8928446562993,1.7478005995880341,3636.0
3910,319.9250638862993,1.748028370311948,3637.0
3911,319.9604011062993,1.7482652829967305,3638.0
3912,319.9863843562993,1.7485058093637784,3639.0
3913,320.0102889462993,1.7487472732942608,3640.0
3914,320.0227609062993,1.7489966251767948,3641.0
3915,320.0362721962993,1.7490430110974704,3642.0
3916,320.04621323846004,1.7490430110974704,3642.0
3917,320.05435092658405,1.7490430110974704,3642.0
3918,320.0668124546794,1.7490430110974704,3642.0
3919,320.06257070543364,1.7490430110974704,3642.0
3920,320.0523442547067,1.7490430110974704,3642.0
3921,320.0382925530305,1.7490430110974704,3642.0
3922,320.01309156409434,1.7490430110974704,3642.0
3923,319.9837464903294,1.7490430110974704,3642.0
3924,319.9494100903294,1.749091519142269,3643.0
3925,319.9197799303294,1.7495270349980958,3644.0
3926,319.8817426503294,1.749849665810966,3645.0
3927,319.8501125703294,1.7502678669282299,3646.0
3928,319.8333529703294,1.750575121654092,3647.0
3929,319.8215916903294,1.7508418921569604,3648.0
3930,319.8152408903294,1.7510593090716766,3649.0
3931,319.8344683103294,1.7512555858587362,3650.0
3932,319.8594122303294,1.7514502523247955,3651.0
3933,319.8765609903294,1.7516491440719717,3652.0
3934,319.8937097503294,1.751846796716843,3653.0
3935,319.9186536703294,1.752040946154175,3654.0
3936,319.95918754032937,1.7522212687133127,3655.0
3937,319.9721789803294,1.7524267785334045,3656.0
3938,319.98413109032936,1.752646559640518,3657.0
3939,319.99764238032935,1.7529098209913776,3658.0
3940,320.01167315032933,1.7532401713312609,3659.0
3941,320.02310578032933,1.7536710016838464,3660.0
3942,320.0334990803293,1.7542687358916484,3661.0
3943,320.0331392483293,1.7550405286695676,3662.0
3944,320.03979588132927,1.7558936453348795,3663.0
3945,320.04176483632926,1.7569370110871252,3664.0
3946,320.03812019632926,1.758077476485565,3665.0
3947,320.03236707632925,1.7591046034418527,3666.0
3948,320.02664891632924,1.7598898007785153,3667.0
3949,320.0261969563292,1.7605206941573364,3668.0
3950,320.02615490032923,1.7609893705861273,3669.0
3951,320.03380191232924,1.7612780164584316,3670.0
3952,320.03222066432926,1.7615138638278782,3671.0
3953,320.03116714432923,1.7617270659644766,3672.0
3954,320.03108429632925,1.7618956506112315,3673.0
3955,320.06798032632923,1.7620314287498444,3674.0
3956,320.09864037632923,1.7621798908977948,3675.0
3957,320.1163089863292,1.7623484636459303,3676.0
3958,320.1511263563292,1.7625003204225869,3677.0
3959,320.1854242463292,1.7626396793659982,3678.0
3960,320.2098483163292,1.7627984486838715,3679.0
3961,320.2192022863292,1.7629696126886831,3680.0
3962,320.23011506632923,1.7631466454541223,3681.0
3963,320.2420671763292,1.7633359292478115,3682.0
3964,320.25453913632924,1.7635427343415144,3683.0
3965,320.27116841632926,1.7637624180381328,3684.0
3966,320.28089238632924,1.7640303726902,3685.0
3967,320.2800051863292,1.7643105846335467,3686.0
3968,320.2754907863292,1.7645977597263744,3687.0
3969,320.26604326632923,1.764888745765127,3688.0
3970,320.2642397463292,1.765108410247259,3689.0
3971,320.24307654632923,1.7654128263330584,3690.0
3972,320.22337854632923,1.7656957747796531,3691.0
3973,320.21925582632923,1.7659349227620482,3692.0
3974,320.21563830632925,1.7661396863479357,3693.0
3975,320.21361630632924,1.7663211509744254,3694.0
3976,320.2209670963292,1.7664851301606201,3695.0
3977,320.22338164232923,1.7666446740866508,3696.0
3978,320.2227772023292,1.7667756776491692,3697.0
3979,320.2404458123292,1.7669038442255292,3698.0
3980,320.2659092123292,1.767043348595473,3699.0
3981,320.2830579723292,1.7671844998827095,3700.0
3982,320.3111198823292,1.7673151199799684,3701.0
3983,320.35009457232917,1.7674394878147102,3702.0
3984,320.3843924623292,1.7675709161443798,3703.0
3985,320.40413973232916,1.7677124804050541,3704.0
3986,320.4207690123292,1.767867053500174,3705.0
3987,320.43843762232916,1.7680527537098334,3706.0
3988,320.4493504023292,1.7682952725776337,3707.0
3989,320.45922385232916,1.7685631752768585,3708.0
3990,320.46545983232915,1.76894450240798,3709.0
3991,320.4639848483291,1.769455469657164,3710.0
3992,320.4612048723291,1.7699452526192896,3711.0
3993,320.45828499232914,1.7703156874074955,3712.0
3994,320.4350762723291,1.770754187163226,3713.0
3995,320.40759867232913,1.771159429300893,3714.0
3996,320.3826792323291,1.771445966129038,3715.0
3997,320.37483251232914,1.7716720398614445,3716.0
3998,320.6832056823292,1.7717024242956851,3717.0
3999,321.33050847232914,1.7717024242956851,3717.0
4000,321.67460688132917,1.7717024242956851,3717.0
4001,321.6834410013292,1.7718335010360449,3718.0
4002,321.6943537813292,1.7719417881704453,3719.0
4003,321.7255336813292,1.7720319735005343,3720.0
4004,321.7634690413292,1.7721281694911077,3721.0
4005,321.7962077513292,1.7722287308912958,3722.0
4006,321.84037909132917,1.7723173916488795,3723.0
4007,321.87103914132916,1.772415004406956,3724.0
4008,321.91728914132915,1.7725099381037317,3725.0
4009,321.93391842132917,1.7726246140588147,3726.0
4010,321.94535105132917,1.7727483624895224,3727.0
4011,321.95574435132914,1.772890912715187,3728.0
4012,321.9661376513291,1.7730503208711104,3729.0
4013,321.9760111013291,1.7732769299517386,3730.0
4014,321.9852152213291,1.7736454245180873,3731.0
4015,321.9966478513291,1.7741235520651797,3732.0
4016,321.9900152913291,1.7745694537119663,3733.0
4017,321.9809785713291,1.7747871165612787,3734.0
4018,321.9524284113291,1.774798995570657,3735.0
4019,321.9159880113291,1.774816237767865,3736.0
4020,321.8738188113291,1.7750336853344029,3737.0
4021,321.8481952913291,1.7751600397236076,3738.0
4022,321.8284260113291,1.7751600397236076,3738.0
4023,321.7992880113291,1.7751912673691321,3739.0
4024,321.7791148113291,1.7753146895431575,3740.0
4025,321.76518305132913,1.7754270576120117,3741.0
4026,321.76161545132913,1.7755127102825359,3742.0
4027,321.8005901413291,1.7755762497948755,3743.0
4028,321.8312501913291,1.7756503409554334,3744.0
4029,321.87230354132913,1.7757221015893896,3745.0
4030,321.89828679132916,1.77580766698617,3746.0
4031,321.9507727713291,1.7758705222201387,3747.0
4032,321.9933853013291,1.7759457233958036,3748.0
4033,322.0162505613291,1.7760318458730033,3749.0
4034,322.0302813313291,1.7761211551985403,3750.0
4035,322.04067463132907,1.7762285350287923,3751.0
4036,322.0531465913291,1.7763697224337616,3752.0
4037,322.0619807113291,1.7766077338685227,3753.0
4038,322.0734133413291,1.7769917097541303,3754.0
4039,322.0864047813291,1.7776115103473598,3755.0
4040,322.0809394213291,1.778300666587047,3756.0
4041,322.0663172613291,1.7791023113166893,3757.0
4042,322.24059688132917,1.7795401120783827,3758.0
4043,322.21459408132915,1.7803879240955354,3759.0
4044,322.17986840132914,1.781055011804472,3760.0
4045,322.72994666132917,1.7811013424815791,3761.0
4046,323.2493053013292,1.7811114593185493,3762.0
4047,323.57983740132914,1.7811114593185493,3762.0
4048,324.2983658380363,1.7811114593185493,3762.0
4049,324.8365351073157,1.7811114593185493,3762.0
4050,324.83524842988135,1.7811114593185493,3762.0
4051,324.8653793772982,1.7811114593185493,3762.0
4052,324.9402691057515,1.7811114593185493,3762.0
4053,324.97584851666204,1.7811114593185493,3762.0
4054,325.0107125010613,1.7811114593185493,3762.0
4055,325.06053189106126,1.7811114593185493,3762.0
4056,325.09534926106124,1.7811114593185493,3762.0
4057,325.12185199106125,1.7811226382872052,3763.0
4058,325.13484343106126,1.7811359573224443,3764.0
4059,325.14471688106124,1.7811555988917358,3765.0
4060,325.15718884106127,1.7812009385556342,3766.0
4061,325.1686214710613,1.7812224463637811,3767.0
4062,325.17641626106126,1.781314934859834,3768.0
4063,325.18784889106126,1.78164996874108,3769.0
4064,325.19564368106126,1.7817212618879905,3770.0
4065,325.4237483947854,1.7817212618879905,3770.0
4066,325.904808706278,1.7817212618879905,3770.0
4067,325.9333863540376,1.7817212618879905,3770.0
4068,326.1608864535338,1.7817212618879905,3770.0
4069,326.70705784751055,1.7817212618879905,3770.0
4070,327.58131390173946,1.7817212618879905,3770.0
4071,328.10896705453877,1.7817212618879905,3770.0
4072,328.1051987612282,1.7817212618879905,3770.0
4073,328.1028265536425,1.7817212618879905,3770.0
4074,328.101127921574,1.7817212618879905,3770.0
4075,328.1368174706735,1.7817212618879905,3770.0
4076,328.1744708807734,1.7817212618879905,3770.0
4077,328.2138233934475,1.7817212618879905,3770.0
4078,328.2397409082042,1.7817212618879905,3770.0
4079,328.2765101320792,1.7817212618879905,3770.0
4080,328.3163721881747,1.7817212618879905,3770.0
4081,328.33836323574394,1.7817212618879905,3770.0
4082,328.35676630814925,1.7817212618879905,3770.0
4083,328.3674375759748,1.7817212618879905,3770.0
4084,328.3810792152725,1.7817212618879905,3770.0
4085,328.38766689166175,1.7817212618879905,3770.0
4086,328.393994191137,1.7817212618879905,3770.0
4087,328.4018360765989,1.7817212618879905,3770.0
4088,328.3998844218362,1.7817212618879905,3770.0
4089,328.397208832954,1.7817212618879905,3770.0
4090,328.3940656493086,1.7817212618879905,3770.0
4091,328.4602730949884,1.7817212618879905,3770.0
4092,328.45952731253675,1.7817212618879905,3770.0
4093,328.47346135206504,1.7817212618879905,3770.0
4094,328.49220813209297,1.7817212618879905,3770.0
4095,328.503283620652,1.7817212618879905,3770.0
4096,328.5176651192085,1.7817212618879905,3770.0
4097,328.5263905786347,1.7817212618879905,3770.0
4098,328.5387483941008,1.7817212618879905,3770.0
4099,328.55102380171246,1.7817212618879905,3770.0
4100,328.5864947739046,1.7817212618879905,3770.0
4101,328.6299107569793,1.7817212618879905,3770.0
4102,328.6717956826803,1.7817212618879905,3770.0
4103,328.72851918982207,1.7817212618879905,3770.0
4104,328.79718715078866,1.7817212618879905,3770.0
4105,328.81501248829636,1.7817212618879905,3770.0
4106,328.8262325992698,1.7817212618879905,3770.0
4107,328.83700556092674,1.7817212618879905,3770.0
4108,328.85161474069537,1.7817212618879905,3770.0
4109,328.86084112277166,1.7817212618879905,3770.0
4110,328.87166118703635,1.7817212618879905,3770.0
4111,328.8823326770315,1.7817212618879905,3770.0
4112,328.91778432989616,1.7817212618879905,3770.0
4113,328.93108628159445,1.7817212618879905,3770.0
4114,328.9307350425211,1.7817212618879905,3770.0
4115,328.92610246528795,1.7817212618879905,3770.0
4116,328.9226137038633,1.7817212618879905,3770.0
4117,328.9418922374912,1.7817212618879905,3770.0
4118,328.9657112778644,1.7817212618879905,3770.0
4119,328.9858640652737,1.7817212618879905,3770.0
4120,328.9997249623714,1.7817212618879905,3770.0
4121,329.0284281892639,1.7817212618879905,3770.0
4122,329.042182401498,1.7817212618879905,3770.0
4123,329.0710538174642,1.7817212618879905,3770.0
4124,329.108409419662,1.7817212618879905,3770.0
4125,329.13480920290374,1.7817212618879905,3770.0
4126,329.1606739748142,1.7817212618879905,3770.0
4127,329.18989667757165,1.7817212618879905,3770.0
4128,329.2321798871667,1.7817212618879905,3770.0
4129,329.2484548068925,1.7817212618879905,3770.0
4130,329.25754071144064,1.7817212618879905,3770.0
4131,329.26434685915603,1.7817212618879905,3770.0
4132,329.2779197782726,1.7817212618879905,3770.0
4133,329.2932433830108,1.7817212618879905,3770.0
4134,329.3049416530617,1.7817212618879905,3770.0
4135,329.33011680517654,1.7817212618879905,3770.0
4136,329.3265631767603,1.7817212618879905,3770.0
4137,330.11242940947955,1.7817212618879905,3770.0
4138,331.0200295183555,1.7817212618879905,3770.0
4139,331.9641906272953,1.7817212618879905,3770.0
4140,331.9642156604245,1.7817212618879905,3770.0
4141,331.9334891117428,1.7817212618879905,3770.0
4142,331.9133116208178,1.7817212618879905,3770.0
4143,331.8887889211045,1.7817212618879905,3770.0
4144,331.8714591246493,1.7817212618879905,3770.0
4145,331.86209593000297,1.7817212618879905,3770.0
4146,331.85845070394726,1.7817212618879905,3770.0
4147,331.88764174445663,1.7817212618879905,3770.0
4148,331.92526536963123,1.7817212618879905,3770.0
4149,331.959999773542,1.7817212618879905,3770.0
4150,331.9922321820172,1.7817212618879905,3770.0
4151,332.02786695269054,1.7817212618879905,3770.0
4152,332.0713297695933,1.7817212618879905,3770.0
4153,332.0891602924816,1.7817212618879905,3770.0
4154,332.1012885482885,1.7817212618879905,3770.0
4155,332.1110857525459,1.7817212618879905,3770.0
4156,332.11775035480815,1.7817212618879905,3770.0
4157,332.1177146935182,1.7817212618879905,3770.0
4158,332.12113256525174,1.7817212618879905,3770.0
4159,332.13443233096365,1.7817212618879905,3770.0
4160,332.13052622459895,1.7817212618879905,3770.0
4161,332.12293309914867,1.7817212618879905,3770.0
4162,332.10922863353386,1.7817212618879905,3770.0
4163,332.10122691496167,1.7817212618879905,3770.0
4164,332.09886937002983,1.7817212618879905,3770.0
4165,332.25589276578756,1.7817212618879905,3770.0
4166,333.1633061298207,1.7817212618879905,3770.0
4167,333.369977855639,1.7817212618879905,3770.0
4168,333.3568507950062,1.7817212618879905,3770.0
4169,333.34613758017025,1.7817212618879905,3770.0
4170,333.36499096342857,1.7817212618879905,3770.0
4171,333.3900541628679,1.7817212618879905,3770.0
4172,333.4152860691192,1.7817212618879905,3770.0
4173,333.43454707417584,1.7817212618879905,3770.0
4174,333.45231639386003,1.7817212618879905,3770.0
4175,333.4869232266574,1.7817212618879905,3770.0
4176,333.51487821284223,1.7817212618879905,3770.0
4177,333.54506132446534,1.7817212618879905,3770.0
4178,333.55866276405766,1.7817212618879905,3770.0
4179,333.57061553652346,1.7817212618879905,3770.0
4180,333.5853332421171,1.7817212618879905,3770.0
4181,333.5973011103373,1.7817212618879905,3770.0
4182,333.6112026306988,1.7817212618879905,3770.0
4183,333.605933870303,1.7817212618879905,3770.0
4184,333.5975681837492,1.7817212618879905,3770.0
4185,333.6034288488706,1.7817212618879905,3770.0
4186,333.5986444769222,1.7817212618879905,3770.0
4187,333.59080686630926,1.7817212618879905,3770.0
4188,333.5779475183868,1.7817212618879905,3770.0
4189,333.56979749133217,1.7817212618879905,3770.0
4190,333.56522868664644,1.7817212618879905,3770.0
4191,333.8899871028534,1.7817212618879905,3770.0
4192,334.6163944436043,1.7817212618879905,3770.0
4193,335.29588328061493,1.7817212618879905,3770.0
4194,335.38705653739447,1.7817212618879905,3770.0
4195,335.39839070718955,1.7817212618879905,3770.0
4196,335.4123465827613,1.7817212618879905,3770.0
4197,335.4203059610413,1.7817212618879905,3770.0
4198,335.4343926206776,1.7817212618879905,3770.0
4199,335.4745956899168,1.7817212618879905,3770.0
4200,335.5142434983759,1.7817212618879905,3770.0
4201,335.5310277236675,1.7817212618879905,3770.0
4202,335.54578952555005,1.7817212618879905,3770.0
4203,335.5551196864167,1.7817212618879905,3770.0
4204,335.5667310720668,1.7817212618879905,3770.0
4205,335.57614256366224,1.7817212618879905,3770.0
4206,335.58779082059874,1.7817212618879905,3770.0
4207,335.6008873794667,1.7817212618879905,3770.0
4208,335.5967537615391,1.7817212618879905,3770.0
4209,335.7727703796419,1.7817212618879905,3770.0
4210,335.7716297530652,1.7817212618879905,3770.0
4211,335.76787127574255,1.7817212618879905,3770.0
4212,335.76261146843393,1.7817212618879905,3770.0
4213,335.7415502533531,1.7817212618879905,3770.0
4214,335.71959957914925,1.7817212618879905,3770.0
4215,335.7437156128778,1.7817212618879905,3770.0
4216,335.72434483605406,1.7817212618879905,3770.0
4217,335.71678712673133,1.7817212618879905,3770.0
4218,335.71314458914713,1.7817212618879905,3770.0
4219,335.7326644260393,1.7817212618879905,3770.0
4220,335.748813453491,1.7817212618879905,3770.0
4221,335.7598337275548,1.7817212618879905,3770.0
4222,335.77961906502975,1.7817212618879905,3770.0
4223,335.8060435222475,1.7817212618879905,3770.0
4224,335.8346870665182,1.7817212618879905,3770.0
4225,335.86178894893345,1.7817212618879905,3770.0
4226,335.8765889882203,1.7817212618879905,3770.0
4227,335.89008453901107,1.7817212618879905,3770.0
4228,335.9036049873418,1.7817212618879905,3770.0
4229,335.91423796439847,1.7817212618879905,3770.0
4230,335.92588601071634,1.7817212618879905,3770.0
4231,335.93591777141665,1.7817212618879905,3770.0
4232,335.9452760209464,1.7817212618879905,3770.0
4233,335.9436020006527,1.7817212618879905,3770.0
4234,335.9347705495533,1.7817212618879905,3770.0
4235,335.92783290394686,1.7817212618879905,3770.0
4236,336.2187055955145,1.7817212618879905,3770.0
4237,336.6996401200542,1.7817212618879905,3770.0
4238,337.28227778873014,1.7817212618879905,3770.0
4239,337.2778764446758,1.7817212618879905,3770.0
4240,337.2647502559349,1.7817212618879905,3770.0
4241,337.2555958236223,1.7817212618879905,3770.0
4242,337.24947552131596,1.7817212618879905,3770.0
4243,337.2654694711538,1.7817212618879905,3770.0
4244,337.273300054339,1.7817212618879905,3770.0
4245,337.28221362975194,1.7817212618879905,3770.0
4246,337.31120455015986,1.7817212618879905,3770.0
4247,337.3478906342725,1.7817212618879905,3770.0
4248,337.3849437494033,1.7817212618879905,3770.0
4249,337.4109378250224,1.7817212618879905,3770.0
4250,337.4343954704809,1.7817212618879905,3770.0
4251,337.449621632242,1.7817212618879905,3770.0
4252,337.46451744807183,1.7817212618879905,3770.0
4253,337.474807027785,1.7817212618879905,3770.0
4254,337.48574014878955,1.7817212618879905,3770.0
4255,337.48318773605513,1.7817212618879905,3770.0
4256,337.4794349819867,1.7817212618879905,3770.0
4257,337.4780167849162,1.7817212618879905,3770.0
4258,337.4906163316385,1.7817212618879905,3770.0
4259,338.1394206086113,1.7817212618879905,3770.0
4260,338.15736055698466,1.7817212618879905,3770.0
4261,338.1875259468408,1.7817212618879905,3770.0
4262,338.2256788531838,1.7817212618879905,3770.0
4263,338.2242011323882,1.7817212618879905,3770.0
4264,338.21194476271285,1.7817212618879905,3770.0
4265,338.20672245599883,1.7817212618879905,3770.0
4266,338.20418996548665,1.7817212618879905,3770.0
4267,338.21958826729394,1.7817212618879905,3770.0
4268,338.2407664495098,1.7817212618879905,3770.0
4269,338.2557336689127,1.7817212618879905,3770.0
4270,338.2856316011443,1.7817212618879905,3770.0
4271,338.3227397532039,1.7817212618879905,3770.0
4272,338.3471136027517,1.7817212618879905,3770.0
4273,338.3761355031208,1.7817212618879905,3770.0
4274,338.3884265939371,1.7817212618879905,3770.0
4275,338.40153987882974,1.7817212618879905,3770.0
4276,338.41847618268355,1.7817212618879905,3770.0
4277,338.43065859638574,1.7817212618879905,3770.0
4278,338.43713784790026,1.7817212618879905,3770.0
4279,338.44549741514584,1.7817212618879905,3770.0
4280,338.4391996780855,1.7817212618879905,3770.0
4281,339.3083243517038,1.7817212618879905,3770.0
4282,339.86822973851434,1.7817212618879905,3770.0
4283,339.85867897504204,1.7817212618879905,3770.0
4284,339.8190760593287,1.7817212618879905,3770.0
4285,339.7783066618396,1.7817212618879905,3770.0
4286,339.7474376115788,1.7817212618879905,3770.0
4287,339.72111005011476,1.7817212618879905,3770.0
4288,339.71021785539386,1.7817212618879905,3770.0
4289,339.70205890530565,1.7817212618879905,3770.0
4290,339.6964102657796,1.7817212618879905,3770.0
4291,339.7118591932762,1.7817212618879905,3770.0
4292,339.7258768302868,1.7817212618879905,3770.0
4293,339.7342639167523,1.7817212618879905,3770.0
4294,339.74624370692584,1.7817212618879905,3770.0
4295,339.78297082336024,1.7817212618879905,3770.0
4296,339.8174342174981,1.7817212618879905,3770.0
4297,339.84551374704085,1.7817212618879905,3770.0
4298,339.86126657753607,1.7817212618879905,3770.0
4299,339.8747493592238,1.7817212618879905,3770.0
4300,339.87830327316937,1.7817212618879905,3770.0
4301,339.8799933413766,1.7817212618879905,3770.0
4302,339.8886517812889,1.7817212618879905,3770.0
4303,340.19486236596117,1.7817212618879905,3770.0
4304,340.83495927110357,1.7817212618879905,3770.0
4305,341.1538044284963,1.7817212618879905,3770.0
4306,341.1674324549688,1.7817212618879905,3770.0
4307,341.15439490527586,1.7817212618879905,3770.0
4308,341.14183313686044,1.7817212618879905,3770.0
4309,341.1393287262412,1.7817212618879905,3770.0
4310,341.1278687803535,1.7817212618879905,3770.0
4311,341.117814102278,1.7817212618879905,3770.0
4312,341.10622365188084,1.7817212618879905,3770.0
4313,341.0969349994763,1.7817212618879905,3770.0
4314,341.09226866448853,1.7817212618879905,3770.0
4315,341.1106628186673,1.7817212618879905,3770.0
4316,341.12813166332785,1.7817212618879905,3770.0
4317,341.13688162919897,1.7817212618879905,3770.0
4318,341.1487690294536,1.7817212618879905,3770.0
4319,341.17186132760133,1.7817212618879905,3770.0
4320,341.19550585552116,1.7817212618879905,3770.0
4321,341.22041430487155,1.7817212618879905,3770.0
4322,341.2293297002563,1.7817212618879905,3770.0
4323,341.2339376546607,1.7817212618879905,3770.0
4324,341.2374555270466,1.7817212618879905,3770.0
4325,341.24710551005734,1.7817212618879905,3770.0
4326,341.25761660006054,1.7817212618879905,3770.0
4327,341.2677040235082,1.7817212618879905,3770.0
4328,341.2614715933177,1.7817212618879905,3770.0
4329,341.247132448618,1.7817212618879905,3770.0
4330,341.2203671137708,1.7817212618879905,3770.0
4331,341.18631220956973,1.7817212618879905,3770.0
4332,341.1513215297955,1.7817212618879905,3770.0
4333,341.11698290171114,1.7817212618879905,3770.0
4334,341.10536324169016,1.7817212618879905,3770.0
4335,341.0906730735806,1.7817212618879905,3770.0
4336,341.10525034999307,1.7817212618879905,3770.0
4337,341.11389537487685,1.7817212618879905,3770.0
4338,341.12521720148135,1.7817212618879905,3770.0
4339,341.1991675812619,1.7817212618879905,3770.0
4340,341.21766776696285,1.7817212618879905,3770.0
4341,341.23061949372914,1.7817212618879905,3770.0
4342,341.2502514737803,1.7817212618879905,3770.0
4343,341.2754147985847,1.7817212618879905,3770.0
4344,341.3150818777543,1.7817212618879905,3770.0
4345,341.3363434395667,1.7817212618879905,3770.0
4346,341.3493669387817,1.7817212618879905,3770.0
4347,341.3601610347928,1.7817212618879905,3770.0
4348,341.3744044464772,1.7817212618879905,3770.0
4349,341.38647953797465,1.7817212618879905,3770.0
4350,341.4051892715159,1.7817212618879905,3770.0
4351,341.40345299343153,1.7817212618879905,3770.0
4352,341.4027254068324,1.7817212618879905,3770.0
4353,341.3967657254973,1.7817212618879905,3770.0
4354,341.3733308122788,1.7817212618879905,3770.0
4355,341.3464750179707,1.7817212618879905,3770.0
4356,341.3188394723385,1.7817212618879905,3770.0
4357,341.3147510723385,1.7817212618879905,3770.0
4358,341.2999421923385,1.7817212618879905,3770.0
4359,341.2891531550361,1.7817212618879905,3770.0
4360,341.28388878653783,1.7817212618879905,3770.0
4361,341.29879290972474,1.7817212618879905,3770.0
4362,341.3079909783772,1.7817212618879905,3770.0
4363,341.3318368536323,1.7817212618879905,3770.0
4364,341.3434793914497,1.7817212618879905,3770.0
4365,341.35062799870144,1.7817212618879905,3770.0
4366,341.3675796356731,1.7817212618879905,3770.0
4367,341.39516088487693,1.7817212618879905,3770.0
4368,341.43571670298604,1.7817212618879905,3770.0
4369,341.4788784121991,1.7817212618879905,3770.0
4370,341.492466349898,1.7817212618879905,3770.0
4371,341.50415429668044,1.7817212618879905,3770.0
4372,341.51604342512525,1.7817212618879905,3770.0
4373,341.5273145106009,1.7817212618879905,3770.0
4374,341.53829389060087,1.7818183246365251,3771.0
4375,341.5455692006009,1.7819864719225604,3772.0
4376,341.53692232060087,1.7821618710005027,3773.0
4377,341.5234304006009,1.7823687227047804,3774.0
4378,341.5033521606009,1.7825572513781134,3775.0
4379,341.48385504060093,1.7827176909677434,3776.0
4380,341.4693259206009,1.782757416396834,3777.0
4381,341.4660149926009,1.782778828737023,3778.0
4382,341.5149838636009,1.782778828737023,3778.0
4383,342.1750300122984,1.782778828737023,3778.0
4384,342.2256300731748,1.782778828737023,3778.0
4385,342.2390435563113,1.782778828737023,3778.0
4386,342.2537315590968,1.782778828737023,3778.0
4387,342.2791474441061,1.782778828737023,3778.0
4388,342.29632481993025,1.782778828737023,3778.0
4389,342.3044297993629,1.782778828737023,3778.0
4390,342.3188201274229,1.782778828737023,3778.0
4391,342.3557227415822,1.782778828737023,3778.0
4392,342.3894681032307,1.782778828737023,3778.0
4393,342.4136588724554,1.782778828737023,3778.0
4394,342.4250368574759,1.782778828737023,3778.0
4395,342.43682232905434,1.782778828737023,3778.0
4396,342.4478991181542,1.782778828737023,3778.0
4397,342.4615657209272,1.782778828737023,3778.0
4398,342.473973268097,1.782778828737023,3778.0
4399,342.9384701321829,1.782778828737023,3778.0
4400,343.7499007140798,1.782778828737023,3778.0
4401,344.5545421244904,1.782778828737023,3778.0
4402,345.6555393908737,1.782778828737023,3778.0
4403,346.15209961648384,1.782778828737023,3778.0
4404,346.1449532658655,1.782778828737023,3778.0
4405,346.12705241204765,1.782778828737023,3778.0
4406,346.10897867954804,1.782778828737023,3778.0
4407,346.10426095664496,1.782778828737023,3778.0
4408,346.08760793024993,1.782778828737023,3778.0
4409,346.07475985893984,1.782778828737023,3778.0
4410,346.0659695337724,1.782778828737023,3778.0
4411,346.08986580315275,1.782778828737023,3778.0
4412,346.1052173083476,1.782778828737023,3778.0
4413,346.1351080662289,1.782778828737023,3778.0
4414,346.16025923519487,1.782778828737023,3778.0
4415,346.19673025006574,1.782778828737023,3778.0
4416,346.23616902235347,1.782778828737023,3778.0
4417,346.26506080440464,1.782778828737023,3778.0
4418,346.2772781564122,1.782778828737023,3778.0
4419,346.2822864052871,1.782778828737023,3778.0
4420,346.28296209007084,1.782778828737023,3778.0
4421,346.28412369658696,1.782778828737023,3778.0
4422,346.28802375909333,1.782778828737023,3778.0
4423,346.29426515244296,1.782778828737023,3778.0
4424,346.28730391616324,1.782778828737023,3778.0
4425,346.2745984872828,1.782778828737023,3778.0
4426,346.25546029161853,1.782778828737023,3778.0
4427,346.23051599816097,1.782778828737023,3778.0
4428,346.19865011385497,1.782778828737023,3778.0
4429,346.16073299130557,1.782778828737023,3778.0
4430,346.13216820705287,1.782778828737023,3778.0
4431,346.1098027848114,1.782778828737023,3778.0
4432,346.10042504381624,1.782778828737023,3778.0
4433,346.09434780701326,1.782778828737023,3778.0
4434,346.09091560530607,1.782778828737023,3778.0
4435,346.11220648678744,1.782778828737023,3778.0
4436,346.12434534604387,1.782778828737023,3778.0
4437,346.1413251428574,1.782778828737023,3778.0
4438,346.17425773097835,1.782778828737023,3778.0
4439,346.2128366904307,1.782778828737023,3778.0
4440,346.24258250664275,1.782778828737023,3778.0
4441,346.27600365968976,1.782778828737023,3778.0
4442,346.28992210744883,1.782778828737023,3778.0
4443,346.29820301654036,1.782778828737023,3778.0
4444,346.31136677713545,1.782778828737023,3778.0
4445,346.32147350256025,1.782778828737023,3778.0
4446,346.33554655572493,1.782778828737023,3778.0
4447,346.3492564923905,1.782778828737023,3778.0
4448,346.3674148330607,1.782778828737023,3778.0
4449,346.3897680902706,1.782778828737023,3778.0
4450,346.44205814594835,1.782778828737023,3778.0
4451,346.4397037534251,1.782778828737023,3778.0
4452,346.4329985568679,1.782778828737023,3778.0
4453,346.41464993896915,1.782778828737023,3778.0
4454,346.3995226071887,1.782778828737023,3778.0
4455,346.38523477007726,1.782778828737023,3778.0
4456,346.37303734918675,1.782778828737023,3778.0
4457,346.3644113735652,1.782778828737023,3778.0
4458,346.36154911668524,1.782778828737023,3778.0
4459,346.38700882519004,1.782778828737023,3778.0
4460,346.40889823596467,1.782778828737023,3778.0
4461,346.4292664989772,1.782778828737023,3778.0
4462,346.4521407092804,1.782778828737023,3778.0
4463,346.48344195625583,1.782778828737023,3778.0
4464,346.506456656912,1.782778828737023,3778.0
4465,346.5177838136246,1.782778828737023,3778.0
4466,346.5260780222327,1.782778828737023,3778.0
4467,346.5384321781599,1.782778828737023,3778.0
4468,346.550781690401,1.782778828737023,3778.0
4469,346.5644276299038,1.782778828737023,3778.0
4470,346.5770849238412,1.782778828737023,3778.0
4471,346.5738335415517,1.782778828737023,3778.0
4472,346.5673836481401,1.782778828737023,3778.0
4473,346.5551522881401,1.782801151512618,3779.0
4474,346.8887942073935,1.782801151512618,3779.0
4475,347.77082585013477,1.782801151512618,3779.0
4476,347.85974908399936,1.782801151512618,3779.0
4477,347.8431431139071,1.782801151512618,3779.0
4478,347.8264824739071,1.7828281690041015,3780.0
4479,347.8083589539071,1.782844755977946,3781.0
4480,347.7901125539071,1.782844755977946,3781.0
4481,347.77506823390706,1.782844755977946,3781.0
4482,347.7652779820287,1.782844755977946,3781.0
4483,347.77944532218356,1.782844755977946,3781.0
4484,347.7922251870778,1.782844755977946,3781.0
4485,347.7999448552206,1.782844755977946,3781.0
4486,347.9077601250475,1.782844755977946,3781.0
4487,347.9266923835916,1.782844755977946,3781.0
4488,347.94826514379423,1.782844755977946,3781.0
4489,347.97024025266694,1.782844755977946,3781.0
4490,347.99308764501984,1.782844755977946,3781.0
4491,348.0025262422838,1.782844755977946,3781.0
4492,348.01312970292486,1.782844755977946,3781.0
4493,348.018904919242,1.782844755977946,3781.0
4494,348.02730841830504,1.782844755977946,3781.0
4495,348.02485746237534,1.782844755977946,3781.0
4496,348.0188372220481,1.782844755977946,3781.0
4497,348.0127337020481,1.7829014235708562,3782.0
4498,348.0002512356776,1.7829014235708562,3782.0
4499,347.99433651567756,1.7829511787916603,3783.0
4500,347.98467163567756,1.783098807104263,3784.0
4501,347.93980691567754,1.7832860037278464,3785.0
4502,347.90988827567753,1.7833797234945217,3786.0
4503,348.3221259607949,1.7833797234945217,3786.0
4504,348.314834231892,1.7833797234945217,3786.0
4505,348.30718647650394,1.7833797234945217,3786.0
4506,348.30013629739295,1.7833797234945217,3786.0
4507,348.31037689331055,1.7833797234945217,3786.0
4508,348.3259446875935,1.7833797234945217,3786.0
4509,348.3662615451378,1.7833797234945217,3786.0
4510,348.39089134024067,1.7833797234945217,3786.0
4511,348.42790235118343,1.7833797234945217,3786.0
4512,348.54867604659364,1.7833797234945217,3786.0
4513,348.57585505552186,1.7833797234945217,3786.0
4514,348.5940550834754,1.7833797234945217,3786.0
4515,348.6081896363725,1.7833797234945217,3786.0
4516,348.62028000224257,1.7833797234945217,3786.0
4517,348.6290453855211,1.7833797234945217,3786.0
4518,348.6418190555371,1.7833797234945217,3786.0
4519,348.6522996755371,1.7833797234945217,3786.0
4520,348.6447901555371,1.7834776363746259,3787.0
4521,348.63091415553714,1.7837323235060605,3788.0
4522,348.60456743553715,1.783788030562149,3789.0
4523,348.5848650355371,1.783849036618038,3790.0
4524,348.5615738355371,1.78413905119729,3791.0
4525,348.5380186355371,1.7843815895581896,3792.0
4526,348.5259499553455,1.7843815895581896,3792.0
4527,348.7300956744595,1.7843815895581896,3792.0
4528,348.70912216825997,1.7843815895581896,3792.0
4529,348.6944424900374,1.7843815895581896,3792.0
4530,348.68776589266804,1.7843815895581896,3792.0
4531,348.69973123103415,1.7843815895581896,3792.0
4532,348.71844747039415,1.7843815895581896,3792.0
4533,348.72301624163214,1.7843815895581896,3792.0
4534,348.74157390897216,1.7843815895581896,3792.0
4535,348.7752674655814,1.7843815895581896,3792.0
4536,348.81068478107625,1.7843815895581896,3792.0
4537,348.8374135352487,1.7843815895581896,3792.0
4538,348.8518303939322,1.7843815895581896,3792.0
4539,348.8686864991844,1.7843815895581896,3792.0
4540,348.8833218961652,1.7843815895581896,3792.0
4541,348.9007673181123,1.7843815895581896,3792.0
4542,348.91177148811227,1.7844022736389662,3793.0
4543,348.90683091211224,1.7845474568150395,3794.0
4544,348.90100387211226,1.7847185357341468,3795.0
4545,348.89156099211226,1.7849359714352073,3796.0
4546,348.86681011211226,1.7850153435430847,3797.0
4547,348.84331755211224,1.785144906666067,3798.0
4548,349.67602709590705,1.785144906666067,3798.0
4549,350.40153422626054,1.785144906666067,3798.0
4550,350.5297626516078,1.785144906666067,3798.0
4551,350.50067310302705,1.785144906666067,3798.0
4552,350.4894396764367,1.785144906666067,3798.0
4553,350.47858867111466,1.785144906666067,3798.0
4554,350.4713233030234,1.785144906666067,3798.0
4555,350.48022883684513,1.785144906666067,3798.0
4556,350.49140484426243,1.785144906666067,3798.0
4557,350.50316851902085,1.785144906666067,3798.0
4558,350.56007681125976,1.785144906666067,3798.0
4559,350.59692239036775,1.785144906666067,3798.0
4560,350.68211091529605,1.785144906666067,3798.0
4561,350.7037124059805,1.785144906666067,3798.0
4562,350.717366095463,1.785144906666067,3798.0
4563,350.72842944256735,1.785144906666067,3798.0
4564,350.7410379671928,1.785144906666067,3798.0
4565,350.7499783249285,1.785144906666067,3798.0
4566,350.7614671949285,1.7851624066455016,3799.0
4567,350.75883360253914,1.7851624066455016,3799.0
4568,350.7497428811645,1.7851624066455016,3799.0
4569,350.73888079958886,1.7851624066455016,3799.0
4570,350.71478983958883,1.78527555789708,3800.0
4571,350.6905443995888,1.7853420025038518,3801.0
4572,350.6622146395888,1.7853420025038518,3801.0
4573,350.7010709295888,1.7853420025038518,3801.0
4574,350.77206948958883,1.785366487359505,3802.0
4575,350.75094604958883,1.785393896344125,3803.0
4576,350.7464598095888,1.785393896344125,3803.0
4577,350.74465215358885,1.785393896344125,3803.0
4578,350.74154806432557,1.785393896344125,3803.0
4579,350.76044472929226,1.785393896344125,3803.0
4580,350.76939246979623,1.785393896344125,3803.0
4581,350.78968666953,1.785393896344125,3803.0
4582,350.8133373206092,1.785393896344125,3803.0
4583,350.8483078498196,1.785393896344125,3803.0
4584,350.8868343765561,1.785393896344125,3803.0
4585,350.9120593648316,1.785393896344125,3803.0
4586,350.919983615673,1.785393896344125,3803.0
4587,350.93043568219525,1.785393896344125,3803.0
4588,350.94108135778873,1.785393896344125,3803.0
4589,350.95082234778874,1.785393896344125,3803.0
4590,350.96537296778877,1.7854855503264566,3804.0
4591,350.97665574778875,1.7856505282324213,3805.0
4592,350.98934785778874,1.7857741948721624,3806.0
4593,351.09847713778873,1.7858616213768792,3807.0
4594,351.08302169778875,1.7861349925828793,3808.0
4595,351.06351497778877,1.7864385209365805,3809.0
4596,351.04462425778877,1.7865603972366377,3810.0
4597,351.0161547377888,1.7865978420165949,3811.0
4598,350.9818146577888,1.7866599733279407,3812.0
4599,350.9569375377888,1.7866732425685532,3813.0
4600,350.9382405777888,1.7866732425685532,3813.0
4601,350.9252321777888,1.7866732425685532,3813.0
4602,350.917444473732,1.7866732425685532,3813.0
4603,350.9367082628166,1.7866732425685532,3813.0
4604,350.96935237175836,1.7866732425685532,3813.0
4605,350.99434800697856,1.7866732425685532,3813.0
4606,351.0215301544266,1.7866732425685532,3813.0
4607,351.0619994089337,1.7866732425685532,3813.0
4608,351.0968902561564,1.7866732425685532,3813.0
4609,351.12210801219055,1.7866732425685532,3813.0
4610,351.1344540178904,1.7866732425685532,3813.0
4611,351.14681130820236,1.7866732425685532,3813.0
4612,351.1564154172618,1.7866732425685532,3813.0
4613,351.1648466704338,1.7866732425685532,3813.0
4614,351.1776853148397,1.7866732425685532,3813.0
4615,351.1755690908397,1.7866732425685532,3813.0
4616,351.8135436413216,1.7866732425685532,3813.0
4617,352.47391395010214,1.7866732425685532,3813.0
4618,353.06865635323504,1.7866732425685532,3813.0
4619,353.0862759888722,1.7866732425685532,3813.0
4620,353.0840759088722,1.78682270621074,3814.0
4621,353.0540904688722,1.7870501673671506,3815.0
4622,353.0242440688722,1.7871620828691208,3816.0
4623,352.9968805488722,1.7872024765969958,3817.0
4624,352.9752603888722,1.7872154368748312,3818.0
4625,352.9641317488722,1.7872154368748312,3818.0
4626,352.9582931709477,1.7872154368748312,3818.0
4627,352.98459337450424,1.7872154368748312,3818.0
4628,353.00438978484834,1.7872154368748312,3818.0
4629,353.0233157663528,1.7872154368748312,3818.0
4630,353.0437302842833,1.7872154368748312,3818.0
4631,353.06828011949443,1.7872154368748312,3818.0
4632,353.09649445980784,1.7872154368748312,3818.0
4633,353.1160573924228,1.7872154368748312,3818.0
4634,353.127566918226,1.7872154368748312,3818.0
4635,353.13206136262073,1.7872154368748312,3818.0
4636,353.13934360489196,1.7872154368748312,3818.0
4637,353.1417190282409,1.7872154368748312,3818.0
4638,353.1488298199871,1.7872154368748312,3818.0
4639,353.156987665464,1.7872154368748312,3818.0
4640,353.1713687711886,1.7872154368748312,3818.0
4641,353.18347070398,1.7872154368748312,3818.0
4642,353.17963195889115,1.7872154368748312,3818.0
4643,353.1728093534095,1.7872154368748312,3818.0
4644,353.1682672088914,1.7872154368748312,3818.0
4645,353.1550586488914,1.787265673155885,3819.0
4646,353.1457701688914,1.7873395457243972,3820.0
4647,353.1377576088914,1.7873653974829435,3821.0
4648,353.13182440889136,1.7873653974829435,3821.0
4649,353.12555072889137,1.7873653974829435,3821.0
4650,353.12140204306667,1.7873653974829435,3821.0
4651,353.1360876640506,1.7873653974829435,3821.0
4652,353.15905766044085,1.7873653974829435,3821.0
4653,353.1682617175322,1.7873653974829435,3821.0
4654,353.1893164306263,1.7873653974829435,3821.0
4655,353.22159379475255,1.7873653974829435,3821.0
4656,353.26215415730604,1.7873653974829435,3821.0
4657,353.29408509834025,1.7873653974829435,3821.0
4658,353.31318857782026,1.7873653974829435,3821.0
4659,353.32704546389783,1.7873653974829435,3821.0
4660,353.3358000002977,1.7873653974829435,3821.0
4661,353.3459061514875,1.7873653974829435,3821.0
4662,353.3539974352909,1.7873653974829435,3821.0
4663,353.36347170667733,1.7873653974829435,3821.0
4664,353.36045541067733,1.7873653974829435,3821.0
4665,353.35667188267735,1.7874024289810695,3822.0
4666,353.3473494826774,1.7874547764957527,3823.0
4667,353.33943780267737,1.7874907880419788,3824.0
4668,353.3274133226774,1.7875393099082282,3825.0
4669,353.3124298826774,1.787574588436239,3826.0
4670,353.2964048426774,1.7875981780163934,3827.0
4671,353.27898468267745,1.7875981780163934,3827.0
4672,353.2728898826774,1.7875981780163934,3827.0
4673,353.2670611626774,1.7875981780163934,3827.0
4674,353.29351264837817,1.7875981780163934,3827.0
4675,353.31213404459714,1.7875981780163934,3827.0
4676,353.3329744782483,1.7875981780163934,3827.0
4677,353.3508200560803,1.7875981780163934,3827.0
4678,353.3805179541927,1.7875981780163934,3827.0
4679,353.4081355051957,1.7875981780163934,3827.0
4680,353.4440231573356,1.7875981780163934,3827.0
4681,353.4722957856272,1.7875981780163934,3827.0
4682,353.4903236911991,1.7875981780163934,3827.0
4683,353.5034387739939,1.7875981780163934,3827.0
4684,353.51793196085134,1.7875981780163934,3827.0
4685,353.52837760232563,1.7875981780163934,3827.0
4686,353.5427549407295,1.7875981780163934,3827.0
4687,353.55346089072947,1.7875981780163934,3827.0
4688,353.6116630007295,1.7876236260994662,3828.0
4689,353.6101156727295,1.7877007700278635,3829.0
4690,353.6025243127295,1.7877984804186824,3830.0
4691,353.5899090327295,1.7879036968250543,3831.0
4692,353.57564079272953,1.7879861286846988,3832.0
4693,353.55041399272955,1.7880443120191711,3833.0
4694,353.53061671272957,1.7880762891691235,3834.0
4695,353.50821055272957,1.7880877146056455,3835.0
4696,353.49061415272956,1.7880877146056455,3835.0
4697,353.4771662327296,1.7880877146056455,3835.0
4698,353.468468520797,1.7880877146056455,3835.0
4699,353.4918133543392,1.7880877146056455,3835.0
4700,353.50957248021604,1.7880877146056455,3835.0
4701,353.5217118935721,1.7880877146056455,3835.0
4702,353.5406499618927,1.7880877146056455,3835.0
4703,353.5795609398241,1.7880877146056455,3835.0
4704,353.60568473593986,1.7880877146056455,3835.0
4705,353.6318691646198,1.7880877146056455,3835.0
4706,353.6447358494906,1.7880877146056455,3835.0
4707,353.6557027256298,1.7880877146056455,3835.0
4708,353.6633804269245,1.7880877146056455,3835.0
4709,353.6728624383118,1.7880877146056455,3835.0
4710,353.68025637386967,1.7880877146056455,3835.0
4711,353.8485816302999,1.7880877146056455,3835.0
4712,354.50134742866305,1.7880877146056455,3835.0
4713,355.304274712516,1.7880877146056455,3835.0
4714,355.72805851556035,1.7880877146056455,3835.0
4715,355.70325928361746,1.7880877146056455,3835.0
4716,355.67925648361745,1.7881560891219963,3836.0
4717,355.65934648361747,1.7883077003047307,3837.0
4718,355.64258552361747,1.7883895982954403,3838.0
4719,355.83835106932423,1.7883895982954403,3838.0
4720,356.5094243862091,1.7883895982954403,3838.0
4721,356.54671624070306,1.7883895982954403,3838.0
4722,356.5429878047488,1.7883895982954403,3838.0
4723,356.55814663625307,1.7883895982954403,3838.0
4724,356.569846221527,1.7883895982954403,3838.0
4725,356.58728760930785,1.7883895982954403,3838.0
4726,356.6128533286594,1.7883895982954403,3838.0
4727,356.6493282925242,1.7883895982954403,3838.0
4728,356.6873239264614,1.7883895982954403,3838.0
4729,356.7095002905735,1.7883895982954403,3838.0
4730,356.7202323971325,1.7883895982954403,3838.0
4731,356.7278951225457,1.7883895982954403,3838.0
4732,356.73111555285027,1.7883895982954403,3838.0
4733,356.73802044829495,1.7883895982954403,3838.0
4734,356.7537462592755,1.7883895982954403,3838.0
4735,357.1313187874772,1.7883895982954403,3838.0
4736,357.1407580091371,1.7883895982954403,3838.0
4737,357.82303196237575,1.7883895982954403,3838.0
4738,358.8514324250185,1.7883895982954403,3838.0
4739,359.6475188106548,1.7883895982954403,3838.0
4740,359.71573176256425,1.7883895982954403,3838.0
4741,359.6869605741629,1.7883895982954403,3838.0
4742,359.65152212398453,1.7883895982954403,3838.0
4743,359.6249038689267,1.7883895982954403,3838.0
4744,359.6086510778659,1.7883895982954403,3838.0
4745,359.6004573657102,1.7883895982954403,3838.0
4746,359.59575103496445,1.7883895982954403,3838.0
4747,359.6125163910672,1.7883895982954403,3838.0
4748,359.6293815305979,1.7883895982954403,3838.0
4749,359.6509954719849,1.7883895982954403,3838.0
4750,359.6669301993182,1.7883895982954403,3838.0
4751,359.7074934192066,1.7883895982954403,3838.0
4752,359.7435234915044,1.7883895982954403,3838.0
4753,359.75700127914916,1.7883895982954403,3838.0
4754,359.7672770766224,1.7883895982954403,3838.0
4755,359.7733557248099,1.7883895982954403,3838.0
4756,359.77867696062697,1.7883895982954403,3838.0
4757,359.7780974992239,1.7883895982954403,3838.0
4758,359.7772265942274,1.7883895982954403,3838.0
4759,359.7838747044715,1.7883895982954403,3838.0
4760,359.82141801472244,1.7883895982954403,3838.0
4761,359.8351504542573,1.7883895982954403,3838.0
4762,359.83150228934113,1.7883895982954403,3838.0
4763,359.812583774396,1.7883895982954403,3838.0
4764,359.7935325171499,1.7883895982954403,3838.0
4765,359.75963036553406,1.7883895982954403,3838.0
4766,359.73239610069896,1.7883895982954403,3838.0
4767,359.70558936422736,1.7883895982954403,3838.0
4768,359.68803504186997,1.7883895982954403,3838.0
4769,359.6768836012622,1.7883895982954403,3838.0
4770,359.6702600099382,1.7883895982954403,3838.0
4771,359.6859757893319,1.7883895982954403,3838.0
4772,359.7018437187084,1.7883895982954403,3838.0
4773,359.71124507663615,1.7883895982954403,3838.0
4774,359.731300230855,1.7883895982954403,3838.0
4775,359.76881452885493,1.7883895982954403,3838.0
4776,359.80855926881617,1.7883895982954403,3838.0
4777,359.8349378143269,1.7883895982954403,3838.0
4778,359.8433738104267,1.7883895982954403,3838.0
4779,359.85311259766445,1.7883895982954403,3838.0
4780,359.86136388835786,1.7883895982954403,3838.0
4781,359.86998007436523,1.7883895982954403,3838.0
4782,359.8771272453526,1.7883895982954403,3838.0
4783,359.8888947660424,1.7883895982954403,3838.0
4784,359.91234057371594,1.7883895982954403,3838.0
4785,359.9226363572854,1.7883895982954403,3838.0
4786,359.9046369098703,1.7883895982954403,3838.0
4787,359.8916159584299,1.7883895982954403,3838.0
4788,359.8744531649798,1.7883895982954403,3838.0
4789,359.8409402579812,1.7883895982954403,3838.0
4790,359.81998923057233,1.7883895982954403,3838.0
4791,359.79951019057233,1.7883895982954403,3838.0
4792,359.78756371057233,1.7883895982954403,3838.0
4793,359.7775228305723,1.7883895982954403,3838.0
4794,359.77112914377216,1.7883895982954403,3838.0
4795,359.79029692888474,1.7883895982954403,3838.0
4796,359.81221299433497,1.7883895982954403,3838.0
4797,359.82145001208704,1.7883895982954403,3838.0
4798,359.8552973239414,1.7883895982954403,3838.0
4799,359.88138154328084,1.7883895982954403,3838.0
4800,359.9188355477925,1.7883895982954403,3838.0
4801,359.9394865670442,1.7883895982954403,3838.0
4802,359.9488044709442,1.7883895982954403,3838.0
4803,359.9585513174377,1.7883895982954403,3838.0
4804,359.97299587697006,1.7883895982954403,3838.0
4805,359.9813274498208,1.7883895982954403,3838.0
4806,359.9942197298208,1.7883895982954403,3838.0
4807,359.9894418338208,1.7884538431676644,3839.0
4808,359.9838035138208,1.7885672673652249,3840.0
4809,359.97544207382083,1.7888228356168743,3841.0
4810,359.95259215382083,1.7890997616690139,3842.0
4811,359.9274804738208,1.7893197190976229,3843.0
4812,359.90151039382084,1.7895511775226012,3844.0
4813,360.6503295451782,1.7895511775226012,3844.0
4814,360.74090189646495,1.7895511775226012,3844.0
4815,360.72662835060015,1.7895511775226012,3844.0
4816,360.70746787060017,1.7895511775226012,3844.0
4817,360.6994945906002,1.7895511775226012,3844.0
4818,360.69100315891916,1.7895511775226012,3844.0
4819,360.7066117448354,1.7895511775226012,3844.0
4820,360.7224377983354,1.7895511775226012,3844.0
4821,360.7331069481497,1.7895511775226012,3844.0
4822,360.75211994397915,1.7895511775226012,3844.0
4823,360.7797011187517,1.7895511775226012,3844.0
4824,360.80638403978355,1.7895511775226012,3844.0
4825,360.82288693543586,1.7895511775226012,3844.0
4826,360.83347650663933,1.7895511775226012,3844.0
4827,360.84446541830846,1.7895511775226012,3844.0
4828,360.8534248348621,1.7895511775226012,3844.0
4829,360.8625623548621,1.7895708547342803,3845.0
4830,360.86983766486213,1.789658432197465,3846.0
4831,360.86523979286216,1.7898116715147514,3847.0
4832,360.8574298644615,1.7898116715147514,3847.0
4833,360.84692811495955,1.7898116715147514,3847.0
4834,360.8255246749595,1.7899718523290544,3848.0
4835,360.79734843495953,1.7904440649069024,3849.0
4836,360.7679317115248,1.7904440649069024,3849.0
4837,360.7233284315248,1.790541152102976,3850.0
4838,360.6840025115248,1.7906373309947679,3851.0
4839,360.6536125915248,1.7906899241236778,3852.0
4840,360.6400704315248,1.7906899241236778,3852.0
4841,360.65677704152483,1.7906899241236778,3852.0
4842,360.6525314176604,1.7906899241236778,3852.0
4843,360.67955482795566,1.7906899241236778,3852.0
4844,360.70878069817843,1.7906899241236778,3852.0
4845,360.7365236452468,1.7906899241236778,3852.0
4846,360.7625347304249,1.7906899241236778,3852.0
4847,360.7974279842597,1.7906899241236778,3852.0
4848,360.81748624805283,1.7906899241236778,3852.0
4849,360.84530212539016,1.7906899241236778,3852.0
4850,360.8574265066344,1.7906899241236778,3852.0
4851,360.86852096602223,1.7906899241236778,3852.0
4852,360.881225626942,1.7906899241236778,3852.0
4853,360.893124456942,1.790709269057094,3853.0
4854,360.904557086942,1.7908054280022285,3854.0
4855,360.90099288694205,1.7909897449069798,3855.0
4856,360.89406160694205,1.791285068451923,3856.0
4857,360.881390086942,1.7917544719674123,3857.0
4858,360.854804966942,1.7923256233133151,3858.0
4859,360.82470376694204,1.7927589728360416,3859.0
4860,360.79354472694206,1.7930639499750165,3860.0
4861,360.74771304694207,1.7932768072805185,3861.0
4862,360.71712848694204,1.7933675400223203,3862.0
4863,360.68040832694203,1.7934068069536273,3863.0
4864,360.658209366942,1.7934068069536273,3863.0
4865,360.645723686942,1.7934068069536273,3863.0
4866,360.6379895230841,1.7934068069536273,3863.0
4867,360.64544909518355,1.7934068069536273,3863.0
4868,360.6652725158195,1.7934068069536273,3863.0
4869,360.6826305694897,1.7934068069536273,3863.0
4870,360.70409795978173,1.7934068069536273,3863.0
4871,360.74197488494787,1.7934068069536273,3863.0
4872,360.77835978280444,1.7934068069536273,3863.0
4873,360.80869288504834,1.7934068069536273,3863.0
4874,360.8175394420717,1.7934068069536273,3863.0
4875,360.8264973752587,1.7934068069536273,3863.0
4876,360.8397451398462,1.7934068069536273,3863.0
4877,360.84864992984615,1.7934271008159142,3864.0
4878,360.85592523984616,1.7935467360948238,3865.0
4879,360.8640900298461,1.7937457653035582,3866.0
4880,360.85621562984613,1.794077806196661,3867.0
4881,360.8431349098461,1.7945596318772647,3868.0
4882,360.8140522698461,1.7951700771491765,3869.0
4883,360.93063149984613,1.795393577859516,3870.0
4884,361.3168001298461,1.7954233408425586,3871.0
4885,361.76280411404986,1.7954233408425586,3871.0
4886,362.2999072656199,1.7954233408425586,3871.0
4887,362.52236312106356,1.7954233408425586,3871.0
4888,362.50127491999035,1.7954233408425586,3871.0
4889,362.48723822327315,1.7954233408425586,3871.0
4890,362.48053140596727,1.7954233408425586,3871.0
4891,362.494063018993,1.7954233408425586,3871.0
4892,362.51077339931044,1.7954233408425586,3871.0
4893,362.5292278676528,1.7954233408425586,3871.0
4894,362.5464916508289,1.7954233408425586,3871.0
4895,362.5780971749663,1.7954233408425586,3871.0
4896,362.60574535858433,1.7954233408425586,3871.0
4897,362.63152452209437,1.7954233408425586,3871.0
4898,362.6418948972539,1.7954233408425586,3871.0
4899,362.6556727464152,1.7954233408425586,3871.0
4900,362.66664699812895,1.7954233408425586,3871.0
4901,362.68157657214846,1.7954233408425586,3871.0
4902,362.69210862214845,1.7954372255392648,3872.0
4903,362.6997539321485,1.7954372255392648,3872.0
4904,362.6935798201485,1.7954372255392648,3872.0
4905,362.6796473401485,1.795457786804667,3873.0
4906,362.6517269401485,1.7955378552113523,3874.0
4907,362.61857518014847,1.795739735394573,3875.0
4908,362.57552758014845,1.7959860772504994,3876.0
4909,362.54224590014843,1.7960173478782397,3877.0
4910,362.50292574014844,1.7960455091236465,3878.0
4911,362.46619054014843,1.796102954186403,3879.0
4912,362.4441917401484,1.7961177075650898,3880.0
4913,362.43048398014844,1.7961177075650898,3880.0
4914,362.42367062891526,1.7961177075650898,3880.0
4915,362.44025079866924,1.7961177075650898,3880.0
4916,362.45341561923715,1.7961177075650898,3880.0
4917,362.47548168443257,1.7961177075650898,3880.0
4918,362.496459071676,1.7961177075650898,3880.0
4919,362.5369868622655,1.7961177075650898,3880.0
4920,362.580945049569,1.7961177075650898,3880.0
4921,362.5957387393918,1.7961177075650898,3880.0
4922,362.6040013643182,1.7961177075650898,3880.0
4923,362.6105469165008,1.7961177075650898,3880.0
4924,362.62194752009634,1.7961177075650898,3880.0
4925,362.63216174009636,1.7961177075650898,3880.0
4926,362.64723184009637,1.7962290713795803,3881.0
4927,362.6573258100964,1.796494201581054,3882.0
4928,362.6500931700964,1.7969033207572553,3883.0
4929,362.6358760500964,1.7974826043447558,3884.0
4930,362.6303091700964,1.7980218970908284,3885.0
4931,363.5373512200964,1.7980218970908284,3885.0
4932,364.3174603952611,1.7980218970908284,3885.0
4933,364.87867314747115,1.7980218970908284,3885.0
4934,365.53943266014585,1.7980218970908284,3885.0
4935,365.7825188460642,1.7980218970908284,3885.0
4936,365.76225534562457,1.7980218970908284,3885.0
4937,365.7470885635476,1.7980218970908284,3885.0
4938,365.741024288228,1.7980218970908284,3885.0
4939,365.7540344736347,1.7980218970908284,3885.0
4940,365.77850267838494,1.7980218970908284,3885.0
4941,365.803223221783,1.7980218970908284,3885.0
4942,365.8232106641941,1.7980218970908284,3885.0
4943,365.86297161564534,1.7980218970908284,3885.0
4944,365.897416969737,1.7980218970908284,3885.0
4945,365.91953838287424,1.7980218970908284,3885.0
4946,365.9344960461252,1.7980218970908284,3885.0
4947,365.9446672337311,1.7980218970908284,3885.0
4948,365.9551642328025,1.7980218970908284,3885.0
4949,365.96464548720155,1.7980218970908284,3885.0
4950,365.96729848414986,1.7980218970908284,3885.0
4951,365.968062811667,1.7980218970908284,3885.0
4952,365.9606572401786,1.7980218970908284,3885.0
4953,366.5796194562642,1.7980218970908284,3885.0
4954,366.55726140133197,1.7980218970908284,3885.0
4955,366.5256247217886,1.7980218970908284,3885.0
4956,366.4863026086808,1.7980218970908284,3885.0
4957,366.4547914367987,1.7980218970908284,3885.0
4958,366.41881933251125,1.7980218970908284,3885.0
4959,366.3869441277426,1.7980218970908284,3885.0
4960,366.3730898652171,1.7980218970908284,3885.0
4961,366.3595994969328,1.7980218970908284,3885.0
4962,366.3540263658885,1.7980218970908284,3885.0
4963,366.36431792030805,1.7980218970908284,3885.0
4964,366.383470811773,1.7980218970908284,3885.0
4965,366.41478280993624,1.7980218970908284,3885.0
4966,366.438809106663,1.7980218970908284,3885.0
4967,366.4668344935768,1.7980218970908284,3885.0
4968,366.4920087155705,1.7980218970908284,3885.0
4969,366.50028250105686,1.7980218970908284,3885.0
4970,366.5106518962043,1.7980218970908284,3885.0
4971,366.5198050866478,1.7980218970908284,3885.0
4972,366.5262812327231,1.7980218970908284,3885.0
4973,366.5381247559963,1.7980218970908284,3885.0
4974,366.55120375920575,1.7980218970908284,3885.0
4975,366.56642037920574,1.7980372715936144,3886.0
4976,366.56019461920573,1.7980871225938453,3887.0
4977,366.54741445920575,1.7986026391065313,3888.0
4978,366.52102493920574,1.799220031439993,3889.0
4979,366.48705429920574,1.7997921981772669,3890.0
4980,366.4479747792057,1.8001962604941169,3891.0
4981,366.4116251792057,1.8004526204781384,3892.0
4982,366.3761403792057,1.8006092464740957,3893.0
4983,366.3526778192057,1.8006425214677442,3894.0
4984,366.4685798603832,1.8006425214677442,3894.0
4985,366.76148491315166,1.8006425214677442,3894.0
4986,366.75873553468455,1.8006425214677442,3894.0
4987,366.77486645666187,1.8006425214677442,3894.0
4988,366.79221532220157,1.8006425214677442,3894.0
4989,366.81020719888915,1.8006425214677442,3894.0
4990,366.82352761809,1.8006425214677442,3894.0
4991,366.85892311280867,1.8006425214677442,3894.0
4992,366.8944196935031,1.8006425214677442,3894.0
4993,366.90305025916354,1.8006425214677442,3894.0
4994,366.9103247710946,1.8006425214677442,3894.0
4995,366.91929350709717,1.8006425214677442,3894.0
4996,366.9296396794089,1.8006425214677442,3894.0
4997,366.9449020762679,1.8006425214677442,3894.0
4998,367.2026702893809,1.8006425214677442,3894.0
4999,367.85574711343014,1.8006425214677442,3894.0
5000,368.11758834343016,1.8006547960926362,3895.0
5001,368.10808298343017,1.801147685528962,3896.0
5002,368.09674914343015,1.8016409779892861,3897.0
5003,368.09039706343015,1.8018792453597603,3898.0
5004,368.08270250343014,1.801909406952202,3899.0
5005,368.1000717834301,1.8019297579438858,3900.0
5006,368.4958179337277,1.8019297579438858,3900.0
5007,369.3620332478288,1.8019297579438858,3900.0
5008,369.61949563429954,1.8019297579438858,3900.0
5009,369.8437932506534,1.8019297579438858,3900.0
5010,369.8407498634378,1.8019297579438858,3900.0
5011,369.85692181685425,1.8019297579438858,3900.0
5012,369.88049351699937,1.8019297579438858,3900.0
5013,369.9017267452968,1.8019297579438858,3900.0
5014,369.9248299406338,1.8019297579438858,3900.0
5015,369.9523346215877,1.8019297579438858,3900.0
5016,370.00364030898226,1.8019297579438858,3900.0
5017,370.0142349668646,1.8019297579438858,3900.0
5018,370.0185683979586,1.8019297579438858,3900.0
5019,370.02271222544374,1.8019297579438858,3900.0
5020,370.0338571203076,1.8019297579438858,3900.0
5021,370.04548601184655,1.8019297579438858,3900.0
5022,370.05319851530345,1.8019297579438858,3900.0
5023,370.071101013259,1.8019297579438858,3900.0
5024,370.08333225362406,1.8019297579438858,3900.0
5025,370.09820376078693,1.8019297579438858,3900.0
5026,370.10152943129924,1.8019297579438858,3900.0
5027,370.09322035923697,1.8019297579438858,3900.0
5028,370.07430042173723,1.8019297579438858,3900.0
5029,370.0384434548063,1.8019297579438858,3900.0
5030,369.9990806024545,1.8019297579438858,3900.0
5031,369.9666600718711,1.8019297579438858,3900.0
5032,369.96662426761685,1.8019297579438858,3900.0
5033,369.9563049688307,1.8019297579438858,3900.0
5034,369.95066181441933,1.8019297579438858,3900.0
5035,369.9642406871856,1.8019297579438858,3900.0
5036,369.98264137477855,1.8019297579438858,3900.0
5037,370.00999130691747,1.8019297579438858,3900.0
5038,370.04613527564476,1.8019297579438858,3900.0
5039,370.0871506544008,1.8019297579438858,3900.0
5040,370.11286012628597,1.8019297579438858,3900.0
5041,370.13667995144027,1.8019297579438858,3900.0
5042,370.15362563263403,1.8019297579438858,3900.0
5043,370.164038565957,1.8019297579438858,3900.0
5044,370.1759839440594,1.8019297579438858,3900.0
5045,370.1838581439865,1.8019297579438858,3900.0
5046,370.19105243025695,1.8019297579438858,3900.0
5047,370.20423256659234,1.8019297579438858,3900.0
5048,370.2634906348649,1.8019297579438858,3900.0
5049,371.158069329044,1.8019297579438858,3900.0
5050,372.1533768777994,1.8019297579438858,3900.0
5051,372.6502864170844,1.8019297579438858,3900.0
5052,372.83050190145025,1.8019297579438858,3900.0
5053,373.3774892023457,1.8019297579438858,3900.0
5054,373.33966083082555,1.8019297579438858,3900.0
5055,373.3053459686286,1.8019297579438858,3900.0
5056,373.29468268726987,1.8019297579438858,3900.0
5057,373.28877332605265,1.8019297579438858,3900.0
5058,373.31436540178584,1.8019297579438858,3900.0
5059,373.3347717281382,1.8019297579438858,3900.0
5060,373.34495510292624,1.8019297579438858,3900.0
5061,373.3602797880426,1.8019297579438858,3900.0
5062,373.3811183637723,1.8019297579438858,3900.0
5063,373.417503148708,1.8019297579438858,3900.0
5064,373.45545142041044,1.8019297579438858,3900.0
5065,373.49294524025873,1.8019297579438858,3900.0
5066,373.5174640124159,1.8019297579438858,3900.0
5067,373.52854289939177,1.8019297579438858,3900.0
5068,373.5328243372118,1.8019297579438858,3900.0
5069,373.53232189913365,1.8019297579438858,3900.0
5070,373.53791346343974,1.8019297579438858,3900.0
5071,373.5346252191172,1.8019297579438858,3900.0
5072,373.52679321493895,1.8019297579438858,3900.0
5073,373.5168246570548,1.8019297579438858,3900.0
5074,373.5012698920102,1.8019297579438858,3900.0
5075,373.4902952469773,1.8019297579438858,3900.0
5076,373.4747051105495,1.8019297579438858,3900.0
5077,373.4603376339438,1.8019297579438858,3900.0
5078,373.4437738932151,1.8019297579438858,3900.0
5079,373.4329107036086,1.8019297579438858,3900.0
5080,373.4309476960722,1.8019297579438858,3900.0
5081,373.44649329328746,1.8019297579438858,3900.0
5082,373.46325616834685,1.8019297579438858,3900.0
5083,373.4846440246596,1.8019297579438858,3900.0
5084,373.506016804499,1.8019297579438858,3900.0
5085,373.56962424532423,1.8019297579438858,3900.0
5086,373.5962899479153,1.8019297579438858,3900.0
5087,373.6399795561354,1.8019297579438858,3900.0
5088,373.69188957432954,1.8019297579438858,3900.0
5089,373.73342052830344,1.8019297579438858,3900.0
5090,373.7502267976651,1.8019297579438858,3900.0
5091,373.7618543538458,1.8019297579438858,3900.0
5092,373.77767318809396,1.8019297579438858,3900.0
5093,373.79307952794164,1.8019297579438858,3900.0
5094,373.8051759894924,1.8019297579438858,3900.0
5095,373.80209632440074,1.8019297579438858,3900.0
5096,373.8424866542802,1.8019297579438858,3900.0
5097,374.4777334336359,1.8019297579438858,3900.0
5098,375.31450601539933,1.8019297579438858,3900.0
5099,375.2837609022645,1.8019297579438858,3900.0
5100,375.2448530563725,1.8019297579438858,3900.0
5101,375.20459376398503,1.8019297579438858,3900.0
5102,375.1710613742154,1.8019297579438858,3900.0
5103,375.1370318556097,1.8019297579438858,3900.0
5104,375.4702980714085,1.8019297579438858,3900.0
5105,375.45902466477065,1.8019297579438858,3900.0
5106,375.45318446046724,1.8019297579438858,3900.0
5107,375.4744383983307,1.8019297579438858,3900.0
5108,375.5261790513821,1.8019297579438858,3900.0
5109,375.55176087270496,1.8019297579438858,3900.0
5110,375.5892163906531,1.8019297579438858,3900.0
5111,375.6265807137183,1.8019297579438858,3900.0
5112,375.66702886695174,1.8019297579438858,3900.0
5113,375.69894392930854,1.8019297579438858,3900.0
5114,375.72087565926665,1.8019297579438858,3900.0
5115,375.73092152937346,1.8019297579438858,3900.0
5116,375.73626920983173,1.8019297579438858,3900.0
5117,375.7359540801271,1.8019297579438858,3900.0
5118,375.74517453165555,1.8019297579438858,3900.0
5119,375.74257594381083,1.8019297579438858,3900.0
5120,376.2003086897109,1.8019297579438858,3900.0
5121,376.857325797668,1.8019297579438858,3900.0
5122,376.94402839028544,1.8019297579438858,3900.0
5123,376.9279508102524,1.8019297579438858,3900.0
5124,376.8966802391532,1.8019297579438858,3900.0
5125,376.88589865010414,1.8019297579438858,3900.0
5126,376.8744829980423,1.8019297579438858,3900.0
5127,376.8615099755035,1.8019297579438858,3900.0
5128,376.85897780047674,1.8019297579438858,3900.0
5129,376.85480430842836,1.8019297579438858,3900.0
5130,376.84927052439,1.8019297579438858,3900.0
5131,376.86515433770325,1.8019297579438858,3900.0
5132,376.8792573526745,1.8019297579438858,3900.0
5133,376.8949399811941,1.8019297579438858,3900.0
5134,376.9174442411182,1.8019297579438858,3900.0
5135,376.9584596446846,1.8019297579438858,3900.0
5136,376.9877138608275,1.8019297579438858,3900.0
5137,377.0154706397125,1.8019297579438858,3900.0
5138,377.02965753349963,1.8019297579438858,3900.0
5139,377.03711257108915,1.8019297579438858,3900.0
5140,377.04331920610167,1.8019297579438858,3900.0
5141,377.0499645248578,1.8019297579438858,3900.0
5142,377.0639851173649,1.8019297579438858,3900.0
5143,377.07577187827576,1.8019297579438858,3900.0
5144,377.0730554064271,1.8019297579438858,3900.0
5145,377.06863772767286,1.8019297579438858,3900.0
5146,377.06218825693634,1.8019297579438858,3900.0
5147,377.0501412439543,1.8019297579438858,3900.0
5148,377.0306556439543,1.8019482695975635,3901.0
5149,377.0043647639543,1.8020214474037812,3902.0
5150,376.9889174839543,1.8020552926490296,3903.0
5151,376.97021188395433,1.8020692380204792,3904.0
5152,376.96121268395433,1.8020692380204792,3904.0
5153,376.9497051639543,1.8020692380204792,3904.0
5154,376.94326762274284,1.8020692380204792,3904.0
5155,376.95430213625855,1.8020692380204792,3904.0
5156,376.9741623466321,1.8020692380204792,3904.0
5157,376.9894965920355,1.8020692380204792,3904.0
5158,377.01709661860235,1.8020692380204792,3904.0
5159,377.05402091294536,1.8020692380204792,3904.0
5160,377.08888382775524,1.8020692380204792,3904.0
5161,377.123704168744,1.8020692380204792,3904.0
5162,377.1371268110655,1.8020692380204792,3904.0
5163,377.1460892216815,1.8020692380204792,3904.0
5164,377.1580180024583,1.8020692380204792,3904.0
5165,377.16523286983744,1.8020692380204792,3904.0
5166,377.17707130728604,1.8020692380204792,3904.0
5167,377.18425596728605,1.8021113373895716,3905.0
5168,377.177373887286,1.8022167659804293,3906.0
5169,377.16596284728604,1.802364526581632,3907.0
5170,377.145237567286,1.8025810607958441,3908.0
5171,377.122013967286,1.8027940844466912,3909.0
5172,377.09462044728605,1.8029906892337542,3910.0
5173,377.14819940728603,1.8030126184931945,3911.0
5174,377.68181579502897,1.8030126184931945,3911.0
5175,377.67300517283195,1.8030126184931945,3911.0
5176,377.65592964492083,1.8030126184931945,3911.0
5177,377.64089708522096,1.8030126184931945,3911.0
5178,377.6362849451921,1.8030126184931945,3911.0
5179,377.66164936922746,1.8030126184931945,3911.0
5180,377.68812432920663,1.8030126184931945,3911.0
5181,377.72548330975843,1.8030126184931945,3911.0
5182,377.7685657703122,1.8030126184931945,3911.0
5183,377.82141397050447,1.8030126184931945,3911.0
5184,377.85728036837315,1.8030126184931945,3911.0
5185,377.88455449223284,1.8030126184931945,3911.0
5186,377.8949120734789,1.8030126184931945,3911.0
5187,377.9030087072115,1.8030126184931945,3911.0
5188,377.91543372973655,1.8030126184931945,3911.0
5189,377.9258020533602,1.8030126184931945,3911.0
5190,377.9373516033602,1.803025687100951,3912.0
5191,377.9503430433602,1.8031577771179252,3913.0
5192,377.9502161953602,1.8032632481713282,3914.0
5193,377.9500150353602,1.8032632481713282,3914.0
5194,377.9452606513602,1.803350096930497,3915.0
5195,377.9403468113602,1.8037232572788864,3916.0
5196,377.9310511313602,1.8040692398011826,3917.0
5197,377.8981224913602,1.8040795319987268,3918.0
5198,377.8771583313602,1.8041499566406454,3919.0
5199,377.8679478513602,1.8041670380913173,3920.0
5200,377.8539348113602,1.8041670380913173,3920.0
5201,377.84672633136023,1.8041670380913173,3920.0
5202,377.83946787656805,1.8041670380913173,3920.0
5203,377.8606478338542,1.8041670380913173,3920.0
5204,378.0412179883238,1.8041670380913173,3920.0
5205,378.0718866155879,1.8041670380913173,3920.0
5206,378.18013368947834,1.8041670380913173,3920.0
5207,378.22048372444397,1.8041670380913173,3920.0
5208,378.2589547337007,1.8041670380913173,3920.0
5209,378.2821357841777,1.8041670380913173,3920.0
5210,378.2940066730889,1.8041670380913173,3920.0
5211,378.30492042483087,1.8041670380913173,3920.0
5212,378.3166232032348,1.8041670380913173,3920.0
5213,378.32355977611775,1.8041670380913173,3920.0
5214,378.33276406036805,1.8041670380913173,3920.0
5215,378.33056879821004,1.8041670380913173,3920.0
5216,378.3251637851956,1.8041670380913173,3920.0
5217,378.31669794519564,1.8042699301940612,3921.0
5218,378.29466578519566,1.8044398728704425,3922.0
5219,378.8663689514767,1.8044398728704425,3922.0
5220,378.95546236147675,1.8044514695360707,3923.0
5221,378.95068164147676,1.8045498146209589,3924.0
5222,378.93407228147674,1.8046058332439303,3925.0
5223,378.9194736414767,1.8046058332439303,3925.0
5224,378.968645019133,1.8046058332439303,3925.0
5225,378.96215872455167,1.8046058332439303,3925.0
5226,378.95880957358145,1.8046058332439303,3925.0
5227,378.9784439100395,1.8046058332439303,3925.0
5228,378.99325486919787,1.8046058332439303,3925.0
5229,379.0655663459101,1.8046058332439303,3925.0
5230,379.0906348092964,1.8046058332439303,3925.0
5231,379.13108979780424,1.8046058332439303,3925.0
5232,379.1706395980553,1.8046058332439303,3925.0
5233,379.2113087874398,1.8046058332439303,3925.0
5234,379.2310719733328,1.8046058332439303,3925.0
5235,379.2466086128573,1.8046058332439303,3925.0
5236,379.2575596544106,1.8046058332439303,3925.0
5237,379.2663082026858,1.8046058332439303,3925.0
5238,379.2719071626734,1.8046058332439303,3925.0
5239,379.27787460068436,1.8046058332439303,3925.0
5240,379.2715430380832,1.8046058332439303,3925.0
5241,379.95347974682016,1.8046058332439303,3925.0
5242,380.58470896408585,1.8046058332439303,3925.0
5243,380.6815240152206,1.8046058332439303,3925.0
5244,380.67922283720316,1.8046058332439303,3925.0
5245,380.65789566915447,1.8046058332439303,3925.0
5246,380.63479700962364,1.8046058332439303,3925.0
5247,380.6150929988872,1.8046058332439303,3925.0
5248,380.5990901285496,1.8046058332439303,3925.0
5249,380.5879434675536,1.8046058332439303,3925.0
5250,380.5805845705201,1.8046058332439303,3925.0
5251,380.59578844536617,1.8046058332439303,3925.0
5252,380.6078980233218,1.8046058332439303,3925.0
5253,380.62157361956264,1.8046058332439303,3925.0
5254,380.66764829578085,1.8046058332439303,3925.0
5255,380.69476742059305,1.8046058332439303,3925.0
5256,380.7177654817186,1.8046058332439303,3925.0
5257,380.74759457740277,1.8046058332439303,3925.0
5258,380.75432311808254,1.8046058332439303,3925.0
5259,380.76860300137406,1.8046058332439303,3925.0
5260,380.77569431828016,1.8046058332439303,3925.0
5261,380.78436155364443,1.8046058332439303,3925.0
5262,380.7940327834664,1.8046058332439303,3925.0
5263,380.8037972856382,1.8046058332439303,3925.0
5264,380.7975500611183,1.8046058332439303,3925.0
5265,380.7853911573247,1.8046058332439303,3925.0
5266,380.76286857237113,1.8046058332439303,3925.0
5267,380.7381605389247,1.8046058332439303,3925.0
5268,380.7111803789247,1.8046539221975009,3926.0
5269,380.68372765892474,1.8047982765139816,3927.0
5270,380.66440637892475,1.80486601016189,3928.0
5271,380.64589141892475,1.8048934415017708,3929.0
5272,380.62693085892477,1.804903790210587,3930.0
5273,380.61214637892476,1.804903790210587,3930.0
5274,380.60638492763655,1.804903790210587,3930.0
5275,380.63092002958535,1.804903790210587,3930.0
5276,380.64828618386207,1.804903790210587,3930.0
5277,380.6655100792488,1.804903790210587,3930.0
5278,380.6860135549882,1.804903790210587,3930.0
5279,380.70652851795825,1.804903790210587,3930.0
5280,380.7278087971144,1.804903790210587,3930.0
5281,380.75148680583146,1.804903790210587,3930.0
5282,380.76063746761764,1.804903790210587,3930.0
5283,380.7764458486732,1.804903790210587,3930.0
5284,380.78778097339995,1.804903790210587,3930.0
5285,380.79542665339994,1.804903790210587,3930.0
5286,380.80322144339993,1.8049863030615467,3931.0
5287,380.8110162333999,1.8051460401572785,3932.0
5288,380.8046613533999,1.8053821738948739,3933.0
5289,380.7969702333999,1.8056690929908439,3934.0
5290,380.7749398333999,1.8059519948178084,3935.0
5291,380.7434773533999,1.806229862721807,3936.0
5292,380.7090400733999,1.8064902805253704,3937.0
5293,380.66550967339987,1.8066753653619678,3938.0
5294,380.62467863339987,1.8067725252756035,3939.0
5295,380.5895684733999,1.8068184363897384,3940.0
5296,380.5710900733999,1.806831972800139,3941.0
5297,380.5576054333999,1.806831972800139,3941.0
5298,380.5491472214284,1.806831972800139,3941.0
5299,380.55878091167034,1.806831972800139,3941.0
5300,380.56840145238255,1.806831972800139,3941.0
5301,380.6474680674134,1.806831972800139,3941.0
5302,380.6649048528589,1.806831972800139,3941.0
5303,380.68593340335104,1.806831972800139,3941.0
5304,380.7038912029083,1.806831972800139,3941.0
5305,380.7265997229954,1.806831972800139,3941.0
5306,380.7446150992984,1.806831972800139,3941.0
5307,380.7557740939043,1.806831972800139,3941.0
5308,380.7670149183088,1.806831972800139,3941.0
5309,380.7762416083088,1.806831972800139,3941.0
5310,380.7850757283088,1.8069076575843408,3942.0
5311,380.79390984830883,1.8070976940019474,3943.0
5312,380.79089194430884,1.807395822833667,3944.0
5313,380.78438874430884,1.8078680344400886,3945.0
5314,380.75980474430884,1.8084848770675472,3946.0
5315,380.74132498430885,1.808950649820266,3947.0
5316,380.71860986430886,1.8093287138849286,3948.0
5317,380.69093994430887,1.8095702021288547,3949.0
5318,380.66620146430887,1.809700988581004,3950.0
5319,380.6411951443089,1.8097420897069947,3951.0
5320,380.6385105923089,1.8097420897069947,3951.0
5321,380.6499432223089,1.8097420897069947,3951.0
5322,380.6581376268136,1.8097420897069947,3951.0
5323,380.66593852431527,1.8097420897069947,3951.0
5324,380.681809258395,1.8097420897069947,3951.0
5325,380.69557787308565,1.8097420897069947,3951.0
5326,380.7165883119614,1.8097420897069947,3951.0
5327,380.7402383096992,1.8097420897069947,3951.0
5328,380.7618054420685,1.8097420897069947,3951.0
5329,380.7905886453931,1.8097420897069947,3951.0
5330,380.8019460129434,1.8097420897069947,3951.0
5331,380.814519278078,1.8097420897069947,3951.0
5332,380.8280826729989,1.8097420897069947,3951.0
5333,380.8411766029989,1.8097420897069947,3951.0
5334,380.8493413929989,1.809800774347862,3952.0
5335,380.8550575229989,1.809920422828985,3953.0
5336,380.84887280299887,1.810089263542843,3954.0
5337,380.83846048299887,1.8103701261495593,3955.0
5338,381.63094096051236,1.8103701261495593,3955.0
5339,382.5083980758036,1.8103701261495593,3955.0
5340,382.70203885983295,1.8103701261495593,3955.0
5341,382.6716882705905,1.8103701261495593,3955.0
5342,382.6409917905905,1.8104045050448176,3956.0
5343,382.6134317105905,1.8104045050448176,3956.0
5344,382.6013478705905,1.8104045050448176,3956.0
5345,382.5900475505905,1.8104045050448176,3956.0
5346,382.5826421905905,1.8104045050448176,3956.0
5347,382.59225882779447,1.8104045050448176,3956.0
5348,382.6049528940749,1.8104045050448176,3956.0
5349,382.6279719076114,1.8104045050448176,3956.0
5350,382.7039797592819,1.8104045050448176,3956.0
5351,382.74402976380475,1.8104045050448176,3956.0
5352,382.78862210818386,1.8104045050448176,3956.0
5353,382.8231009480904,1.8104045050448176,3956.0
5354,382.83705380505944,1.8104045050448176,3956.0
5355,382.8487249212153,1.8104045050448176,3956.0
5356,382.8610385986504,1.8104045050448176,3956.0
5357,382.8674347674394,1.8104045050448176,3956.0
5358,382.8691771365803,1.8104045050448176,3956.0
5359,382.8836412464199,1.8104045050448176,3956.0
5360,382.8795621784704,1.8104045050448176,3956.0
5361,382.8703625203192,1.8104045050448176,3956.0
5362,382.8423321080762,1.8104045050448176,3956.0
5363,382.81222357351834,1.8104045050448176,3956.0
5364,382.7745216535183,1.810453218825906,3957.0
5365,382.7373254135183,1.8106356376776003,3958.0
5366,382.70205125351833,1.8107507906891445,3959.0
5367,382.67119317351836,1.810784688358776,3960.0
5368,382.65275701351834,1.810784688358776,3960.0
5369,382.64325445351835,1.810784688358776,3960.0
5370,382.6377968262638,1.810784688358776,3960.0
5371,382.682191956643,1.810784688358776,3960.0
5372,382.7076524880272,1.810784688358776,3960.0
5373,382.7492966171912,1.810784688358776,3960.0
5374,382.80263338358344,1.810784688358776,3960.0
5375,382.83946801302017,1.810784688358776,3960.0
5376,382.886609248689,1.810784688358776,3960.0
5377,382.9148900478833,1.810784688358776,3960.0
5378,382.948280730857,1.810784688358776,3960.0
5379,382.9598850904068,1.810784688358776,3960.0
5380,382.9716787193584,1.810784688358776,3960.0
5381,382.9838969703373,1.810784688358776,3960.0
5382,382.9926245303373,1.8108107594266727,3961.0
5383,383.0004193203373,1.811057277424146,3962.0
5384,383.0825874403373,1.811314717908037,3963.0
5385,383.8325718903373,1.811314717908037,3963.0
5386,383.8727783103373,1.8116881442782151,3964.0
5387,383.8412190303373,1.8122130778756051,3965.0
5388,383.8046931903373,1.8125891003251347,3966.0
5389,383.7638994303373,1.8128365695902147,3967.0
5390,383.7261014303373,1.8129554849876817,3968.0
5391,383.69323055033726,1.8129945198974673,3969.0
5392,383.84138355940365,1.8129945198974673,3969.0
5393,384.13337372664614,1.8129945198974673,3969.0
5394,384.1263170545073,1.8129945198974673,3969.0
5395,384.1367400972276,1.8129945198974673,3969.0
5396,384.15331586853864,1.8129945198974673,3969.0
5397,384.1744613434575,1.8129945198974673,3969.0
5398,384.20872345182323,1.8129945198974673,3969.0
5399,384.2419582797894,1.8129945198974673,3969.0
5400,384.2840730587397,1.8129945198974673,3969.0
5401,384.3235586247787,1.8129945198974673,3969.0
5402,384.34625541780093,1.8129945198974673,3969.0
5403,384.3581449570122,1.8129945198974673,3969.0
5404,384.3646715751949,1.8129945198974673,3969.0
5405,384.36979394657817,1.8129945198974673,3969.0
5406,384.38458857525615,1.8129945198974673,3969.0
5407,384.3994106062477,1.8129945198974673,3969.0
5408,384.3967530274717,1.8129945198974673,3969.0
5409,384.38836046747167,1.813018935034414,3970.0
5410,384.3636721474717,1.8136032681929541,3971.0
5411,384.3307515074717,1.8139319865955525,3972.0
5412,384.50081472025727,1.8139319865955525,3972.0
5413,385.45517164029735,1.8139319865955525,3972.0
5414,385.6891955591079,1.8139319865955525,3972.0
5415,385.6640609773918,1.8139319865955525,3972.0
5416,385.65067098677554,1.8139319865955525,3972.0
5417,385.6379291964003,1.8139319865955525,3972.0
5418,385.63373350193666,1.8139319865955525,3972.0
5419,385.64164146585284,1.8139319865955525,3972.0
5420,385.66442307248735,1.8139319865955525,3972.0
5421,385.6953310852249,1.8139319865955525,3972.0
5422,385.73274246541206,1.8139319865955525,3972.0
5423,385.7680718899466,1.8139319865955525,3972.0
5424,385.7987826618669,1.8139319865955525,3972.0
5425,385.8223972468461,1.8139319865955525,3972.0
5426,385.83155499201104,1.8139319865955525,3972.0
5427,385.84158064161466,1.8139319865955525,3972.0
5428,385.8553905612718,1.8139319865955525,3972.0
5429,385.86899827648114,1.8139319865955525,3972.0
5430,385.8842531191474,1.8139319865955525,3972.0
5431,385.8915250991474,1.813964462184426,3973.0
5432,385.8865672774948,1.813964462184426,3973.0
5433,385.8743736838995,1.813964462184426,3973.0
5434,385.8485547238995,1.8141956460198394,3974.0
5435,385.8154152038995,1.8147936983148305,3975.0
5436,385.7739831238995,1.8147936983148305,3975.0
5437,385.73874952389946,1.8148574541305225,3976.0
5438,385.70208712389945,1.814986513482752,3977.0
5439,385.66832056389944,1.8150258080114081,3978.0
5440,385.65740400389944,1.8150258080114081,3978.0
5441,385.6478522438994,1.8150258080114081,3978.0
5442,385.6428162706015,1.8150258080114081,3978.0
5443,385.6600175802237,1.8150258080114081,3978.0
5444,385.71373451387603,1.8150258080114081,3978.0
5445,385.7469903686845,1.8150258080114081,3978.0
5446,385.79470135226995,1.8150258080114081,3978.0
5447,385.8351989196166,1.8150258080114081,3978.0
5448,385.86888502242743,1.8150258080114081,3978.0
5449,385.8869085448228,1.8150258080114081,3978.0
5450,385.9001996803247,1.8150258080114081,3978.0
5451,385.90615669895755,1.8150258080114081,3978.0
5452,385.9164517080206,1.8150258080114081,3978.0
5453,385.93219592875533,1.8150258080114081,3978.0
5454,385.94204939875533,1.815105311411735,3979.0
5455,385.9519228487553,1.8153358417414587,3980.0
5456,385.95889882875537,1.8156744716077908,3981.0
5457,385.9691422787554,1.8161279332372549,3982.0
5458,385.9584688387554,1.8166551266439526,3983.0
5459,385.9484482787554,1.8171019094551482,3984.0
5460,385.9303472387554,1.8173883433794717,3985.0
5461,386.19639388875544,1.8173883433794717,3985.0
5462,386.17055860875547,1.8174967982795744,3986.0
5463,386.1401689287555,1.8175215985841848,3987.0
5464,386.1221467687555,1.8175215985841848,3987.0
5465,386.1086982887555,1.8175215985841848,3987.0
5466,386.1031907817609,1.8175215985841848,3987.0
5467,386.1221888676441,1.8175215985841848,3987.0
5468,386.1394636740402,1.8175215985841848,3987.0
5469,386.15724080402157,1.8175215985841848,3987.0
5470,386.19567720272374,1.8175215985841848,3987.0
5471,386.2504297498287,1.8175215985841848,3987.0
5472,386.29613179486705,1.8175215985841848,3987.0
5473,386.32219154157514,1.8175215985841848,3987.0
5474,386.3308646571288,1.8175215985841848,3987.0
5475,386.3381434736701,1.8175215985841848,3987.0
5476,386.35565008394525,1.8175215985841848,3987.0
5477,386.3633839941311,1.8175215985841848,3987.0
5478,386.37187947297497,1.8175215985841848,3987.0
5479,386.36937905956813,1.8175215985841848,3987.0
5480,386.36328465956814,1.8175215985841848,3987.0
5481,386.35374905956814,1.8176074557568063,3988.0
5482,386.33069721956815,1.8179452166625005,3989.0
5483,386.30321385956813,1.8184035155788556,3990.0
5484,386.2703999395681,1.8185181458211583,3991.0
5485,386.2283728195681,1.8187352471149087,3992.0
5486,386.1905637795681,1.8188612984269974,3993.0
5487,386.1582191395681,1.818902854772594,3994.0
5488,386.1419359395681,1.8189130806044864,3995.0
5489,386.1318846595681,1.8189130806044864,3995.0
5490,386.12538131407626,1.8189130806044864,3995.0
5491,386.1393021915209,1.8189130806044864,3995.0
5492,386.1586139929292,1.8189130806044864,3995.0
5493,386.2777248564624,1.8189130806044864,3995.0
5494,386.31199569810065,1.8189130806044864,3995.0
5495,386.3595639968837,1.8189130806044864,3995.0
5496,386.3896426999399,1.8189130806044864,3995.0
5497,386.4159428196707,1.8189130806044864,3995.0
5498,386.4270297316974,1.8189130806044864,3995.0
5499,386.44306174986446,1.8189130806044864,3995.0
5500,386.45509587875216,1.8189130806044864,3995.0
5501,386.4634129041488,1.8189130806044864,3995.0
5502,386.4727487441488,1.818957985960163,3996.0
5503,386.4800240541488,1.8191282350169056,3997.0
5504,386.4750918621488,1.8194092317435147,3998.0
5505,386.4620522621488,1.81986978334818,3999.0
5506,386.4366633021488,1.8204130803177054,4000.0
5507,386.4034531421488,1.8208842579221605,4001.0
5508,386.36489234214883,1.8212678659850159,4002.0
5509,386.32494778214885,1.8215054341696049,4003.0
5510,386.29008394214884,1.8216295075448319,4004.0
5511,386.2585809821488,1.8216677509277568,4005.0
5512,386.23996034214883,1.8216677509277568,4005.0
5513,386.2558119105318,1.8216677509277568,4005.0
5514,386.2510161332716,1.8216677509277568,4005.0
5515,386.2653133560453,1.8216677509277568,4005.0
5516,386.2829243523539,1.8216677509277568,4005.0
5517,386.3665646117164,1.8216677509277568,4005.0
5518,386.3966680065628,1.8216677509277568,4005.0
5519,386.4320294572318,1.8216677509277568,4005.0
5520,386.48902804290793,1.8216677509277568,4005.0
5521,386.52031528725485,1.8216677509277568,4005.0
5522,386.5316607995531,1.8216677509277568,4005.0
5523,386.53969104883606,1.8216677509277568,4005.0
5524,386.55210378606154,1.8216677509277568,4005.0
5525,386.5688521514667,1.8216677509277568,4005.0
5526,386.57710833146666,1.8216898521266913,4006.0
5527,386.5859424514667,1.8219138135428259,4007.0
5528,386.5833791474667,1.822267596719598,4008.0
5529,386.5737833074667,1.8227424046207863,4009.0
5530,386.5490309074667,1.8233007885938581,4010.0
5531,386.5193356274667,1.8237993583118806,4011.0
5532,386.48074994746673,1.8241406892984038,4012.0
5533,386.43994466746676,1.8243495311676263,4013.0
5534,386.40340258746676,1.8244717692360182,4014.0
5535,386.39112026746676,1.8244904725942355,4015.0
5536,386.3769258713739,1.8244904725942355,4015.0
5537,386.3657050713739,1.8244904725942355,4015.0
5538,386.3600048025755,1.8244904725942355,4015.0
5539,386.3807581185248,1.8244904725942355,4015.0
5540,386.4066540360693,1.8244904725942355,4015.0
5541,386.44147119216984,1.8244904725942355,4015.0
5542,386.5026146802241,1.8244904725942355,4015.0
5543,386.5547820355141,1.8244904725942355,4015.0
5544,386.5921476404516,1.8244904725942355,4015.0
5545,386.62815877411856,1.8244904725942355,4015.0
5546,386.65483224739296,1.8244904725942355,4015.0
5547,386.6648372795264,1.8244904725942355,4015.0
5548,386.67953888642955,1.8244904725942355,4015.0
5549,386.69873020670894,1.8244904725942355,4015.0
5550,386.71020797670894,1.8245071413695404,4016.0
5551,386.72008142670893,1.82472324591416,4017.0
5552,386.7199958667089,1.8250636162260954,4018.0
5553,386.71481186670894,1.825551144128312,4019.0
5554,386.69914402670895,1.8259971515066662,4020.0
5555,386.67463274670894,1.826420254133922,4021.0
5556,386.65462490670893,1.8267400855012528,4022.0
5557,386.6142347467089,1.8270003085629836,4023.0
5558,386.5837930667089,1.827078932701991,4024.0
5559,386.5537600267089,1.8271109449995158,4025.0
5560,386.5383353867089,1.8271109449995158,4025.0
5561,386.5288394667089,1.8271109449995158,4025.0
5562,386.5228730469424,1.8271109449995158,4025.0
5563,386.5306925575285,1.8271109449995158,4025.0
5564,386.5498986995711,1.8271109449995158,4025.0
5565,386.5643364188397,1.8271109449995158,4025.0
5566,386.59593338663,1.8271109449995158,4025.0
5567,386.6323066773388,1.8271109449995158,4025.0
5568,386.6645027707554,1.8271109449995158,4025.0
5569,386.6988304448264,1.8271109449995158,4025.0
5570,386.70969153228845,1.8271109449995158,4025.0
5571,386.7175346943634,1.8271109449995158,4025.0
5572,386.72835430790525,1.8271109449995158,4025.0
5573,386.7432496851474,1.8271109449995158,4025.0
5574,386.7530298951474,1.8271109449995158,4025.0
5575,386.7706985051474,1.8272085637201838,4026.0
5576,386.7831704651474,1.8273819320739773,4027.0
5577,386.7810684251474,1.8276736307852128,4028.0
5578,386.7642254651474,1.8280827852261188,4029.0
5579,386.7537162651474,1.8283388976175259,4030.0
5580,386.73598378514737,1.8286224306390475,4031.0
5581,386.75299675514736,1.8287182238974535,4032.0
5582,386.74876492314735,1.8287886824944406,4033.0
5583,386.75410494814736,1.828799322787072,4034.0
5584,386.7835761881473,1.828799322787072,4034.0
5585,386.79448896814733,1.828799322787072,4034.0
5586,386.8076179583143,1.828799322787072,4034.0
5587,386.82170341576887,1.828799322787072,4034.0
5588,386.83587221560424,1.828799322787072,4034.0
5589,386.8660224732242,1.828799322787072,4034.0
5590,386.9019260826079,1.828799322787072,4034.0
5591,386.92807981664663,1.828799322787072,4034.0
5592,386.9705689469668,1.828799322787072,4034.0
5593,387.0096605448532,1.828799322787072,4034.0
5594,387.0286975695874,1.828799322787072,4034.0
5595,387.0410262369294,1.828799322787072,4034.0
5596,387.0530214467872,1.828799322787072,4034.0
5597,387.06594716367914,1.828799322787072,4034.0
5598,387.07715963362335,1.828799322787072,4034.0
5599,387.08602002362335,1.8288237762378625,4035.0
5600,387.08025095962336,1.8288843581026997,4036.0
5601,387.06908911962336,1.828957573198798,4037.0
5602,387.0435064796234,1.8290096622838035,4038.0
5603,387.01219735962337,1.829058465902281,4039.0
5604,386.97454695962335,1.829073349376734,4040.0
5605,386.94051167962334,1.8290861562580139,4041.0
5606,386.9118726396233,1.8290861562580139,4041.0
5607,386.89488653452474,1.8290861562580139,4041.0
5608,386.88107501452475,1.8290861562580139,4041.0
5609,386.87176942404096,1.8290861562580139,4041.0
5610,386.86505314206124,1.8290861562580139,4041.0
5611,386.886896417835,1.8290861562580139,4041.0
5612,386.9060063284766,1.8290861562580139,4041.0
5613,386.9190692939453,1.8290861562580139,4041.0
5614,386.94986100163436,1.8290861562580139,4041.0
5615,386.9923653076697,1.8290861562580139,4041.0
5616,387.0327924836817,1.8290861562580139,4041.0
5617,387.04973351419306,1.8290861562580139,4041.0
5618,387.05955310487724,1.8290861562580139,4041.0
5619,387.0681253681474,1.8290861562580139,4041.0
5620,387.0814705313505,1.8290861562580139,4041.0
5621,387.091433778039,1.8290861562580139,4041.0
5622,387.100077718039,1.8291654585147288,4042.0
5623,387.109431688039,1.82937924884465,4043.0
5624,387.10415131203905,1.8296907353404486,4044.0
5625,387.09196707203904,1.830108583656846,4045.0
5626,387.06762907203904,1.83053001440083,4046.0
5627,387.03625715203907,1.8309463280327984,4047.0
5628,386.9979077120391,1.831256806252097,4048.0
5629,386.9587199520391,1.8314535765527709,4049.0
5630,386.9246114720391,1.831538637587363,4050.0
5631,386.8920172320391,1.8315712061970142,4051.0
5632,386.87274755203913,1.8315712061970142,4051.0
5633,386.86221867203915,1.8315712061970142,4051.0
5634,386.8560789085921,1.8315712061970142,4051.0
5635,386.9080911490526,1.8315712061970142,4051.0
5636,386.9336694390238,1.8315712061970142,4051.0
5637,386.95109805770164,1.8315712061970142,4051.0
5638,386.97360390962854,1.8315712061970142,4051.0
5639,387.0243029054885,1.8315712061970142,4051.0
5640,387.0438275556048,1.8315712061970142,4051.0
5641,387.0639376029076,1.8315712061970142,4051.0
5642,387.073778162543,1.8315712061970142,4051.0
5643,387.0817979873089,1.8315712061970142,4051.0
5644,387.0941801952961,1.8315712061970142,4051.0
5645,387.1093342573977,1.8315712061970142,4051.0
5646,387.11718084739766,1.8316642548640896,4052.0
5647,387.1280936273977,1.8318771816353345,4053.0
5648,387.1255155153977,1.8322208580732433,4054.0
5649,387.1214695393977,1.8326704554600854,4055.0
5650,387.0997714593977,1.8331914072972664,4056.0
5651,387.0718927393977,1.8336802468888642,4057.0
5652,387.04258321939767,1.8340295768204702,4058.0
5653,387.01614481939765,1.8342228778798713,4059.0
5654,386.99088265939764,1.834312744033352,4060.0
5655,386.96830289939766,1.834338582724192,4061.0
5656,386.96026417939765,1.834338582724192,4061.0
5657,386.95158281939763,1.834338582724192,4061.0
5658,386.9444879679355,1.834338582724192,4061.0
5659,386.95855208014723,1.834338582724192,4061.0
5660,386.9713224219701,1.834338582724192,4061.0
5661,386.98314464935135,1.834338582724192,4061.0
5662,387.00811561186947,1.834338582724192,4061.0
5663,387.03020887343496,1.834338582724192,4061.0
5664,387.0542992844566,1.834338582724192,4061.0
5665,387.06564829089086,1.834338582724192,4061.0
5666,387.07496918858317,1.834338582724192,4061.0
5667,387.0864880141638,1.834338582724192,4061.0
5668,387.0998514948826,1.834338582724192,4061.0
5669,387.11010531336683,1.834338582724192,4061.0
5670,387.1221299433668,1.8343753529075177,4062.0
5671,387.12888540336684,1.8345207993290047,4063.0
5672,387.1232170753668,1.8347123569204489,4064.0
5673,387.11327283536684,1.8349887379513747,4065.0
5674,387.09442827536685,1.8352985186669386,4066.0
5675,387.0781986753669,1.8355357149232594,4067.0
5676,387.0604231553669,1.835689637599664,4068.0
5677,387.0265436353669,1.8358171425587395,4069.0
5678,387.0078024353669,1.8358762321640434,4070.0
5679,386.9867766753669,1.8358918313077206,4071.0
5680,386.9751086753669,1.8358918313077206,4071.0
5681,386.96563899536693,1.8358918313077206,4071.0
5682,386.95873087094657,1.8358918313077206,4071.0
5683,386.97555434135444,1.8358918313077206,4071.0
5684,387.03360878904937,1.8358918313077206,4071.0
5685,387.07211554187046,1.8358918313077206,4071.0
5686,387.1173156230748,1.8358918313077206,4071.0
5687,387.1628145024703,1.8358918313077206,4071.0
5688,387.2018962919654,1.8358918313077206,4071.0
5689,387.22800723913787,1.8358918313077206,4071.0
5690,387.2409140548846,1.8358918313077206,4071.0
5691,387.25872256264836,1.8358918313077206,4071.0
5692,387.27409964299494,1.8358918313077206,4071.0
5693,387.284799065133,1.8358918313077206,4071.0
5694,387.295714065133,1.8359229201301634,4072.0
5695,387.303508855133,1.8360059130443807,4073.0
5696,387.298126495133,1.8361523371970039,4074.0
5697,387.28822425513295,1.8363742921049688,4075.0
5698,387.26726593513297,1.8366182423116462,4076.0
5699,387.251517855133,1.8368066160311936,4077.0
5700,387.239896655133,1.8370021185488263,4078.0
5701,387.214572175133,1.837119944488809,4079.0
5702,387.20051561513304,1.8371837381462819,4080.0
5703,387.18544745513304,1.8371960451099305,4081.0
5704,387.18195527913304,1.8371960451099305,4081.0
5705,387.180104239133,1.8371960451099305,4081.0
5706,387.1791135662309,1.8371960451099305,4081.0
5707,387.2026518954888,1.8371960451099305,4081.0
5708,387.2372717424828,1.8371960451099305,4081.0
5709,387.328014064724,1.8371960451099305,4081.0
5710,387.37765420477297,1.8371960451099305,4081.0
5711,387.4245856297379,1.8371960451099305,4081.0
5712,387.46357078673003,1.8371960451099305,4081.0
5713,387.49959535111157,1.8371960451099305,4081.0
5714,387.52376856695463,1.8371960451099305,4081.0
5715,387.53539002502805,1.8371960451099305,4081.0
5716,387.5476739919692,1.8371960451099305,4081.0
5717,387.5635734507314,1.8371960451099305,4081.0
5718,387.57466469249295,1.8371960451099305,4081.0
5719,387.57204091649294,1.8372728025165213,4082.0
5720,387.56792979649293,1.8373755106725513,4083.0
5721,387.5597809164929,1.8375360337927955,4084.0
5722,387.5451164364929,1.8376849914765783,4085.0
5723,387.5300257964929,1.8377771239142855,4086.0
5724,387.5061075564929,1.8378839931714854,4087.0
5725,387.46406435649294,1.8379532581647389,4088.0
5726,387.42858251649295,1.8379962092730409,4089.0
5727,387.41602747649296,1.8379962092730409,4089.0
5728,387.4002572177021,1.8379962092730409,4089.0
5729,387.387117325109,1.8379962092730409,4089.0
5730,387.3815686032643,1.8379962092730409,4089.0
5731,387.3987159212484,1.8379962092730409,4089.0
5732,387.41182370591076,1.8379962092730409,4089.0
5733,387.43200403816047,1.8379962092730409,4089.0
5734,387.46621342435526,1.8379962092730409,4089.0
5735,387.50361368533316,1.8379962092730409,4089.0
5736,387.54149468266286,1.8379962092730409,4089.0
5737,387.5743242868099,1.8379962092730409,4089.0
5738,387.59563043297106,1.8379962092730409,4089.0
5739,387.6070053651839,1.8379962092730409,4089.0
5740,387.6193917785396,1.8379962092730409,4089.0
5741,387.63047078489245,1.8379962092730409,4089.0
5742,387.6444264448925,1.8379962092730409,4089.0
5743,387.6532605648925,1.8380862836224605,4090.0
5744,387.6600160248925,1.8382666839284785,4091.0
5745,387.67025947489253,1.838576205838413,4092.0
5746,387.6589065148925,1.8389060518022158,4093.0
5747,387.64669643489253,1.8392041181158592,4094.0
5748,387.6397663548925,1.8394818049708814,4095.0
5749,387.6207771548925,1.8396841481387105,4096.0
5750,387.6063245148925,1.839741346298899,4097.0
5751,387.59436067489247,1.8397607674864234,4098.0
5752,387.59336469889246,1.8397607674864234,4098.0
5753,387.6253964044585,1.8397607674864234,4098.0
5754,387.6224282524196,1.8397607674864234,4098.0
5755,387.6550214710274,1.8397607674864234,4098.0
5756,387.6794172458524,1.8397607674864234,4098.0
5757,387.7053768341148,1.8397607674864234,4098.0
5758,387.74378097098344,1.8397607674864234,4098.0
5759,387.78411648771043,1.8397607674864234,4098.0
5760,387.8107422082881,1.8397607674864234,4098.0
5761,387.8326459003283,1.8397607674864234,4098.0
5762,387.84296591030807,1.8397607674864234,4098.0
5763,387.85125801829946,1.8397607674864234,4098.0
5764,387.8667476969329,1.8397607674864234,4098.0
5765,387.8744818800335,1.8397607674864234,4098.0
5766,387.88206584396005,1.8397607674864234,4098.0
5767,387.88114383102237,1.8397607674864234,4098.0
5768,387.8784270710224,1.8397866148624338,4099.0
5769,387.8757498550224,1.8398906440218068,4100.0
5770,387.8565180150224,1.8400349940415086,4101.0
5771,387.8307608150224,1.8401351946699436,4102.0
5772,387.8010416150224,1.8402141402101466,4103.0
5773,387.76760777502244,1.8402649456238547,4104.0
5774,387.74261521502245,1.8402943868255892,4105.0
5775,387.71613945502247,1.8402943868255892,4105.0
5776,387.7067330550225,1.8402943868255892,4105.0
5777,387.7052693783353,1.8402943868255892,4105.0
5778,387.70453432128085,1.8402943868255892,4105.0
5779,387.74381547002406,1.8402943868255892,4105.0
5780,387.7837361212174,1.8402943868255892,4105.0
5781,387.8144244314253,1.8402943868255892,4105.0
5782,387.8629742817267,1.8402943868255892,4105.0
5783,387.9084787806854,1.8402943868255892,4105.0
5784,387.9670101088662,1.8402943868255892,4105.0
5785,387.9886813912998,1.8402943868255892,4105.0
5786,387.9985247408351,1.8402943868255892,4105.0
5787,388.01231559066343,1.8402943868255892,4105.0
5788,388.0248693784835,1.8402943868255892,4105.0
5789,388.03608354295307,1.8402943868255892,4105.0
5790,388.05073480295306,1.8402943868255892,4105.0
5791,388.04810293095306,1.840439116282229,4106.0
5792,388.04271093895306,1.8406543266971822,4107.0
5793,388.0365549389531,1.8409786588118278,4108.0
5794,388.0281807789531,1.841324552368075,4109.0
5795,388.01442445895304,1.8416010151551228,4110.0
5796,387.99496421895304,1.8417929314600208,4111.0
5797,387.963274298953,1.84188937182212,4112.0
5798,387.94708917895304,1.841922763216634,4113.0
5799,387.92442773895306,1.841922763216634,4113.0
5800,387.91850645895306,1.841922763216634,4113.0
5801,387.9145523436901,1.841922763216634,4113.0
5802,387.91304203664083,1.841922763216634,4113.0
5803,387.9391192109415,1.841922763216634,4113.0
5804,387.9650050460556,1.841922763216634,4113.0
5805,387.98333254287,1.841922763216634,4113.0
5806,388.01456189334453,1.841922763216634,4113.0
5807,388.1149639857282,1.841922763216634,4113.0
5808,388.1553691412067,1.841922763216634,4113.0
5809,388.16774776435625,1.841922763216634,4113.0
5810,388.17602179469446,1.841922763216634,4113.0
5811,388.18844623745514,1.841922763216634,4113.0
5812,388.20181351088945,1.841922763216634,4113.0
5813,388.21449016082994,1.841922763216634,4113.0
5814,388.2264188575109,1.841922763216634,4113.0
5815,388.59831757330886,1.841922763216634,4113.0
5816,388.6901291513089,1.8419447125730593,4114.0
5817,388.6811801113089,1.8421354250052302,4115.0
5818,388.6624056313089,1.8424035333501159,4116.0
5819,388.6453644313089,1.8426316874468192,4117.0
5820,388.6292912313089,1.8428156901064925,4118.0
5821,388.6093089913089,1.8428928593621143,4119.0
5822,388.5905337113089,1.842940080036533,4120.0
5823,389.0438841481974,1.842940080036533,4120.0
5824,389.6307680143071,1.842940080036533,4120.0
5825,389.6386097083189,1.842940080036533,4120.0
5826,389.6430017193519,1.842940080036533,4120.0
5827,389.70037039839787,1.842940080036533,4120.0
5828,389.76250886366734,1.842940080036533,4120.0
5829,389.79349795902937,1.842940080036533,4120.0
5830,389.8407786511335,1.842940080036533,4120.0
5831,389.89507749610635,1.842940080036533,4120.0
5832,389.9367353815314,1.842940080036533,4120.0
5833,389.96046698905474,1.842940080036533,4120.0
5834,389.97224939321967,1.842940080036533,4120.0
5835,389.9828196078358,1.842940080036533,4120.0
5836,389.9937979130446,1.842940080036533,4120.0
5837,390.0090078904472,1.842940080036533,4120.0
5838,390.02037495775267,1.842940080036533,4120.0
5839,390.03649359273766,1.842940080036533,4120.0
5840,390.03263163862607,1.842940080036533,4120.0
5841,390.4929779052507,1.842940080036533,4120.0
5842,391.196487492277,1.842940080036533,4120.0
5843,391.18441030674035,1.842940080036533,4120.0
5844,391.15799697848837,1.842940080036533,4120.0
5845,391.15329611873995,1.842940080036533,4120.0
5846,391.4010957070543,1.842940080036533,4120.0
5847,391.55530005033603,1.842940080036533,4120.0
5848,391.5408720701856,1.842940080036533,4120.0
5849,391.53789371851,1.842940080036533,4120.0
5850,391.53652945735485,1.842940080036533,4120.0
5851,391.5641272914791,1.842940080036533,4120.0
5852,391.59220135360215,1.842940080036533,4120.0
5853,391.6217107718698,1.842940080036533,4120.0
5854,391.67857450457035,1.842940080036533,4120.0
5855,391.75078344149824,1.842940080036533,4120.0
5856,391.78095253723336,1.842940080036533,4120.0
5857,391.79371480198625,1.842940080036533,4120.0
5858,391.8045646007011,1.842940080036533,4120.0
5859,391.81519921524637,1.842940080036533,4120.0
5860,391.82946776511494,1.842940080036533,4120.0
5861,391.8336767544626,1.842940080036533,4120.0
5862,391.8423317864911,1.842940080036533,4120.0
5863,391.8627333051451,1.842940080036533,4120.0
5864,391.8576706469702,1.842940080036533,4120.0
5865,391.84832755651576,1.842940080036533,4120.0
5866,391.8221208259424,1.842940080036533,4120.0
5867,391.7945322736338,1.842940080036533,4120.0
5868,391.7607226799342,1.842940080036533,4120.0
5869,391.7493049179045,1.842940080036533,4120.0
5870,391.7191267514707,1.842940080036533,4120.0
5871,391.7024810082504,1.842940080036533,4120.0
5872,391.68877027375913,1.842940080036533,4120.0
5873,391.6787201087487,1.842940080036533,4120.0
5874,391.6763301520177,1.842940080036533,4120.0
5875,391.69284902473487,1.842940080036533,4120.0
5876,391.7303302752375,1.842940080036533,4120.0
5877,391.7589792623876,1.842940080036533,4120.0
5878,391.80797444996125,1.842940080036533,4120.0
5879,391.84382207873705,1.842940080036533,4120.0
5880,391.8808355086971,1.842940080036533,4120.0
5881,391.9117413112992,1.842940080036533,4120.0
5882,391.93646291327576,1.842940080036533,4120.0
5883,391.9494642306894,1.842940080036533,4120.0
5884,391.9648433289512,1.842940080036533,4120.0
5885,391.97897641663843,1.842940080036533,4120.0
5886,391.99604515062975,1.842940080036533,4120.0
5887,392.00963744622726,1.842940080036533,4120.0
5888,392.47972821436065,1.842940080036533,4120.0
5889,393.1656566105025,1.842940080036533,4120.0
5890,393.28056575383187,1.842940080036533,4120.0
5891,393.31986081372935,1.842940080036533,4120.0
5892,393.29129769372935,1.8430173377600594,4121.0
5893,393.25629041372935,1.8431980822746146,4122.0
5894,393.2285967337293,1.8432623301925215,4123.0
5895,393.2038939337293,1.843278592511375,4124.0
5896,393.1962973737293,1.843278592511375,4124.0
5897,393.19135612838255,1.843278592511375,4124.0
5898,393.1871076461883,1.843278592511375,4124.0
5899,393.2321922091605,1.843278592511375,4124.0
5900,393.25684451887736,1.843278592511375,4124.0
5901,393.2849717219379,1.843278592511375,4124.0
5902,393.32922241010897,1.843278592511375,4124.0
5903,393.3801476721321,1.843278592511375,4124.0
5904,393.41719999986236,1.843278592511375,4124.0
5905,393.45732541484324,1.843278592511375,4124.0
5906,393.4841785263237,1.843278592511375,4124.0
5907,393.494267811634,1.843278592511375,4124.0
5908,393.50483457895,1.843278592511375,4124.0
5909,393.51242371607776,1.843278592511375,4124.0
5910,393.5258414856198,1.843278592511375,4124.0
5911,393.5378411512716,1.843278592511375,4124.0
5912,393.53417540637855,1.843278592511375,4124.0
5913,393.7789215553249,1.843278592511375,4124.0
5914,394.35523652456277,1.843278592511375,4124.0
5915,394.86032217007386,1.843278592511375,4124.0
5916,394.84744514466854,1.843278592511375,4124.0
5917,394.8095347344062,1.843278592511375,4124.0
5918,394.77578714314393,1.843278592511375,4124.0
5919,394.74315950429116,1.843278592511375,4124.0
5920,394.72836139926636,1.843278592511375,4124.0
5921,394.7431343483206,1.843278592511375,4124.0
5922,394.75501361246387,1.843278592511375,4124.0
5923,394.7835258025701,1.843278592511375,4124.0
5924,394.79767685409126,1.843278592511375,4124.0
5925,394.8189634749814,1.843278592511375,4124.0
5926,394.8500708008687,1.843278592511375,4124.0
5927,394.90542909849734,1.843278592511375,4124.0
5928,394.95094447752075,1.843278592511375,4124.0
5929,394.9733966969765,1.843278592511375,4124.0
5930,394.9882167877687,1.843278592511375,4124.0
5931,394.9985670865683,1.843278592511375,4124.0
5932,395.0110122810558,1.843278592511375,4124.0
5933,395.0151647356959,1.843278592511375,4124.0
5934,395.019334432463,1.843278592511375,4124.0
5935,395.0514236006418,1.843278592511375,4124.0
5936,395.0503142553339,1.843278592511375,4124.0
5937,395.04585720428213,1.843278592511375,4124.0
5938,395.02046745976776,1.843278592511375,4124.0
5939,394.98891049475617,1.843278592511375,4124.0
5940,394.9508851017114,1.843278592511375,4124.0
5941,394.91119252931003,1.843278592511375,4124.0
5942,394.87708844696806,1.843278592511375,4124.0
5943,394.8491370149454,1.843278592511375,4124.0
5944,394.8410845510555,1.843278592511375,4124.0
5945,394.83591967906347,1.843278592511375,4124.0
5946,394.8312295850059,1.843278592511375,4124.0
5947,394.8601687712109,1.843278592511375,4124.0
5948,394.8795668390361,1.843278592511375,4124.0
5949,394.916598062752,1.843278592511375,4124.0
5950,394.9575860430594,1.843278592511375,4124.0
5951,395.0376322451067,1.843278592511375,4124.0
5952,395.08750317648213,1.843278592511375,4124.0
5953,395.11020395625405,1.843278592511375,4124.0
5954,395.12147708465295,1.843278592511375,4124.0
5955,395.1324088369044,1.843278592511375,4124.0
5956,395.1459817595718,1.843278592511375,4124.0
5957,395.15622106121174,1.843278592511375,4124.0
5958,395.1674957962193,1.843278592511375,4124.0
5959,395.2105326904778,1.843278592511375,4124.0
5960,395.2074368797255,1.843278592511375,4124.0
5961,395.197928652997,1.843278592511375,4124.0
5962,395.19344350614153,1.843278592511375,4124.0
5963,395.178123438819,1.843278592511375,4124.0
5964,395.1583849084436,1.843278592511375,4124.0
5965,395.12141152219726,1.843278592511375,4124.0
5966,395.0864842934871,1.843278592511375,4124.0
5967,395.32681693950406,1.843278592511375,4124.0
5968,395.69866350249526,1.843278592511375,4124.0
5969,395.69244604117284,1.843278592511375,4124.0
5970,395.6873323877254,1.843278592511375,4124.0
5971,395.7041910699377,1.843278592511375,4124.0
5972,395.72443951150217,1.843278592511375,4124.0
5973,395.76140552926404,1.843278592511375,4124.0
5974,395.8037006962911,1.843278592511375,4124.0
5975,395.859480233998,1.843278592511375,4124.0
5976,395.8830658161206,1.843278592511375,4124.0
5977,395.90625091537333,1.843278592511375,4124.0
5978,395.91945397349417,1.843278592511375,4124.0
5979,395.9293428974745,1.843278592511375,4124.0
5980,395.9380852315462,1.843278592511375,4124.0
5981,395.9469389487778,1.843278592511375,4124.0
5982,395.9621581264019,1.843278592511375,4124.0
5983,395.97206564998135,1.843278592511375,4124.0
5984,395.97193376093315,1.843278592511375,4124.0
5985,395.9708776751419,1.843278592511375,4124.0
5986,395.9698889312493,1.843278592511375,4124.0
5987,395.9578871586599,1.843278592511375,4124.0
5988,395.9388696970686,1.843278592511375,4124.0
5989,395.9134279085418,1.843278592511375,4124.0
5990,395.8927162715094,1.843278592511375,4124.0
5991,395.87440840103534,1.843278592511375,4124.0
5992,395.8725659916659,1.843278592511375,4124.0
5993,395.882924888405,1.843278592511375,4124.0
5994,395.8978690895251,1.843278592511375,4124.0
5995,395.93513324514055,1.843278592511375,4124.0
5996,395.96786265702747,1.843278592511375,4124.0
5997,396.0119389686183,1.843278592511375,4124.0
5998,396.0625993765243,1.843278592511375,4124.0
5999,396.10308624984026,1.843278592511375,4124.0
6000,396.14371432060653,1.843278592511375,4124.0
6001,396.1720276261437,1.843278592511375,4124.0
6002,396.18239626924804,1.843278592511375,4124.0
6003,396.1908673437057,1.843278592511375,4124.0
6004,396.2017127275577,1.843278592511375,4124.0
6005,396.21018898627165,1.843278592511375,4124.0
6006,396.2207711807763,1.843278592511375,4124.0
6007,396.2325262802492,1.843278592511375,4124.0
6008,396.2475262665487,1.843278592511375,4124.0
6009,396.2465794145142,1.843278592511375,4124.0
6010,396.2400655434913,1.843278592511375,4124.0
6011,396.2266801431784,1.843278592511375,4124.0
6012,396.20360735033876,1.843278592511375,4124.0
6013,396.1693384881556,1.843278592511375,4124.0
6014,396.1382105136496,1.843278592511375,4124.0
6015,396.11294301944514,1.843278592511375,4124.0
6016,396.10536396490284,1.843278592511375,4124.0
6017,396.09974621013316,1.843278592511375,4124.0
6018,396.14337207676175,1.843278592511375,4124.0
6019,396.165683018464,1.843278592511375,4124.0
6020,396.1895603662939,1.843278592511375,4124.0
6021,396.2161388318062,1.843278592511375,4124.0
6022,396.27476040847847,1.843278592511375,4124.0
6023,396.3235588300343,1.843278592511375,4124.0
6024,396.36469836900915,1.843278592511375,4124.0
6025,396.38695009535274,1.843278592511375,4124.0
6026,396.39790731964916,1.843278592511375,4124.0
6027,396.40626452662275,1.843278592511375,4124.0
6028,396.41788450901544,1.843278592511375,4124.0
6029,396.4299870171219,1.843278592511375,4124.0
6030,396.4394138958612,1.843278592511375,4124.0
6031,396.4498781347622,1.843278592511375,4124.0
6032,397.00927417834635,1.843278592511375,4124.0
6033,397.99403740315313,1.843278592511375,4124.0
6034,398.7628565217431,1.843278592511375,4124.0
6035,398.7539573546116,1.843278592511375,4124.0
6036,398.72134457099446,1.843278592511375,4124.0
6037,398.6860196470513,1.843278592511375,4124.0
6038,398.665772871045,1.843278592511375,4124.0
6039,398.6347401487444,1.843278592511375,4124.0
6040,398.6219501766174,1.843278592511375,4124.0
6041,398.61052150571567,1.843278592511375,4124.0
6042,398.6071037687789,1.843278592511375,4124.0
6043,398.62227186338504,1.843278592511375,4124.0
6044,398.6885786319464,1.843278592511375,4124.0
6045,398.73424907316775,1.843278592511375,4124.0
6046,398.79287797305295,1.843278592511375,4124.0
6047,398.8381261271685,1.843278592511375,4124.0
6048,398.880896244457,1.843278592511375,4124.0
6049,398.9047578715966,1.843278592511375,4124.0
6050,398.92455880710406,1.843278592511375,4124.0
6051,398.93408785768247,1.843278592511375,4124.0
6052,398.9360969932782,1.843278592511375,4124.0
6053,398.93784710740937,1.843278592511375,4124.0
6054,398.95178068312083,1.843278592511375,4124.0
6055,399.1132812111159,1.843278592511375,4124.0
6056,399.72831851509716,1.843278592511375,4124.0
6057,399.7173970850936,1.843278592511375,4124.0
6058,399.7000999515722,1.843278592511375,4124.0
6059,399.67715266640215,1.843278592511375,4124.0
6060,399.6513383264391,1.843278592511375,4124.0
6061,399.63420430810856,1.843278592511375,4124.0
6062,399.6132392289604,1.843278592511375,4124.0
6063,399.5911756471849,1.843278592511375,4124.0
6064,399.5783503030657,1.843278592511375,4124.0
6065,399.5719477194596,1.843278592511375,4124.0
6066,399.5672807822591,1.843278592511375,4124.0
6067,399.59771452142024,1.843278592511375,4124.0
6068,399.63207633518766,1.843278592511375,4124.0
6069,399.6664405431619,1.843278592511375,4124.0
6070,399.7019705481853,1.843278592511375,4124.0
6071,399.73855049793906,1.843278592511375,4124.0
6072,399.7696302470297,1.843278592511375,4124.0
6073,399.8032890444918,1.843278592511375,4124.0
6074,399.82867702985453,1.843278592511375,4124.0
6075,399.83666288275714,1.843278592511375,4124.0
6076,399.8458345167029,1.843278592511375,4124.0
6077,399.8591634486232,1.843278592511375,4124.0
6078,399.8709806720269,1.843278592511375,4124.0
6079,399.89074353178927,1.843278592511375,4124.0
6080,399.88799113990143,1.843278592511375,4124.0
6081,399.88076925866375,1.843278592511375,4124.0
6082,399.8715394337601,1.843278592511375,4124.0
6083,399.85533750695873,1.843278592511375,4124.0
6084,399.84071531098533,1.843278592511375,4124.0
6085,399.83258868239756,1.843278592511375,4124.0
6086,399.82115709377126,1.843278592511375,4124.0
6087,399.8111438757882,1.843278592511375,4124.0
6088,399.8316057267519,1.843278592511375,4124.0
6089,399.86904176990413,1.843278592511375,4124.0
6090,399.914198232928,1.843278592511375,4124.0
6091,399.92801837115877,1.843278592511375,4124.0
6092,399.9480264191748,1.843278592511375,4124.0
6093,399.9793794129842,1.843278592511375,4124.0
6094,400.0062314093895,1.843278592511375,4124.0
6095,400.0527444410199,1.843278592511375,4124.0
6096,400.08483311905945,1.843278592511375,4124.0
6097,400.0974269815289,1.843278592511375,4124.0
6098,400.1069509572936,1.843278592511375,4124.0
6099,400.11415898081395,1.843278592511375,4124.0
6100,400.1302528218617,1.843278592511375,4124.0
6101,400.13986204901624,1.843278592511375,4124.0
6102,400.1524317671414,1.843278592511375,4124.0
6103,400.17074179188137,1.843278592511375,4124.0
6104,400.203684231779,1.843278592511375,4124.0
6105,400.1963311785789,1.843278592511375,4124.0
6106,400.179061682642,1.843278592511375,4124.0
6107,400.15929635061065,1.843278592511375,4124.0
6108,400.1408535041606,1.843278592511375,4124.0
6109,400.1327512318555,1.843278592511375,4124.0
6110,400.5956199382093,1.843278592511375,4124.0
6111,401.2061092269962,1.843278592511375,4124.0
6112,401.914635916424,1.843278592511375,4124.0
6113,402.04474521650434,1.843278592511375,4124.0
6114,402.05612457077376,1.843278592511375,4124.0
6115,402.0726414393752,1.843278592511375,4124.0
6116,402.0918878853826,1.843278592511375,4124.0
6117,402.1308645318118,1.843278592511375,4124.0
6118,402.21028467538315,1.843278592511375,4124.0
6119,402.27002616506917,1.843278592511375,4124.0
6120,402.3095025402369,1.843278592511375,4124.0
6121,402.327804951845,1.843278592511375,4124.0
6122,402.3364766889528,1.843278592511375,4124.0
6123,402.3490714239225,1.843278592511375,4124.0
6124,402.3604366401099,1.843278592511375,4124.0
6125,402.3694680526762,1.843278592511375,4124.0
6126,402.3804221417778,1.843278592511375,4124.0
6127,402.3984579169764,1.843278592511375,4124.0
6128,402.395742779558,1.843278592511375,4124.0
6129,402.3852943323553,1.843278592511375,4124.0
6130,402.36304360105663,1.843278592511375,4124.0
6131,402.3314218594547,1.843278592511375,4124.0
6132,402.29828564850965,1.843278592511375,4124.0
6133,402.26884129299765,1.843278592511375,4124.0
6134,402.2383759453513,1.843278592511375,4124.0
6135,402.2281982570764,1.843278592511375,4124.0
6136,402.22685204860863,1.843278592511375,4124.0
6137,402.22528173235304,1.843278592511375,4124.0
6138,402.22465017607914,1.843278592511375,4124.0
6139,402.26284985156053,1.843278592511375,4124.0
6140,402.2971550487732,1.843278592511375,4124.0
6141,402.3369241531201,1.843278592511375,4124.0
6142,402.3819138329949,1.843278592511375,4124.0
6143,402.42991595603354,1.843278592511375,4124.0
6144,402.47860871169047,1.843278592511375,4124.0
6145,402.49567410589356,1.843278592511375,4124.0
6146,402.50493668194287,1.843278592511375,4124.0
6147,402.51494043773334,1.843278592511375,4124.0
6148,402.52519526158017,1.843278592511375,4124.0
6149,402.5335492084525,1.843278592511375,4124.0
6150,402.546200049009,1.843278592511375,4124.0
6151,402.56061329584,1.843278592511375,4124.0
6152,402.55623136982604,1.843278592511375,4124.0
6153,402.55093848149676,1.843278592511375,4124.0
6154,402.5254259485717,1.843278592511375,4124.0
6155,402.4941828587935,1.843278592511375,4124.0
6156,402.45837165704876,1.843278592511375,4124.0
6157,402.4377766323589,1.843278592511375,4124.0
6158,402.42569816397264,1.843278592511375,4124.0
6159,402.419949155365,1.843278592511375,4124.0
6160,402.4438246097948,1.843278592511375,4124.0
6161,402.4591807332811,1.843278592511375,4124.0
6162,402.46734749123294,1.843278592511375,4124.0
6163,402.4868626270881,1.843278592511375,4124.0
6164,402.5086572675366,1.843278592511375,4124.0
6165,402.5620052413689,1.843278592511375,4124.0
6166,402.6132756634006,1.843278592511375,4124.0
6167,402.6397772071749,1.843278592511375,4124.0
6168,402.6932489023684,1.843278592511375,4124.0
6169,402.70668143519845,1.843278592511375,4124.0
6170,402.71752301478404,1.843278592511375,4124.0
6171,402.7296812719343,1.843278592511375,4124.0
6172,402.7429087338571,1.843278592511375,4124.0
6173,402.75319339198006,1.843278592511375,4124.0
6174,402.76812032283414,1.843278592511375,4124.0
6175,402.7827979413732,1.843278592511375,4124.0
6176,402.8345650297155,1.843278592511375,4124.0
6177,403.28880364357957,1.843278592511375,4124.0
6178,403.9551725314866,1.843278592511375,4124.0
6179,404.64962176666234,1.843278592511375,4124.0
6180,405.1480641562909,1.843278592511375,4124.0
6181,405.17450257250863,1.843278592511375,4124.0
6182,405.179917121036,1.843278592511375,4124.0
6183,405.2210718229294,1.843278592511375,4124.0
6184,405.23457812243726,1.843278592511375,4124.0
6185,405.25265488029254,1.843278592511375,4124.0
6186,405.2683318865083,1.843278592511375,4124.0
6187,405.2778368450758,1.843278592511375,4124.0
6188,405.28673629148693,1.843278592511375,4124.0
6189,405.307668702944,1.843278592511375,4124.0
6190,405.3452597988997,1.843278592511375,4124.0
6191,405.39744295156,1.843278592511375,4124.0
6192,405.4345248949476,1.843278592511375,4124.0
6193,405.4556960199895,1.843278592511375,4124.0
6194,405.4660646950501,1.843278592511375,4124.0
6195,405.4751255209252,1.843278592511375,4124.0
6196,405.4843203818417,1.843278592511375,4124.0
6197,405.48991983552304,1.843278592511375,4124.0
6198,405.49157001183414,1.843278592511375,4124.0
6199,405.49795471078704,1.843278592511375,4124.0
6200,405.52723487820623,1.843278592511375,4124.0
6201,405.51882675771594,1.843278592511375,4124.0
6202,405.4963774604852,1.843278592511375,4124.0
6203,405.49365936138156,1.843278592511375,4124.0
6204,406.25796044488663,1.843278592511375,4124.0
6205,406.2513270058344,1.843278592511375,4124.0
6206,406.21881876546655,1.843278592511375,4124.0
6207,406.19444213954387,1.843278592511375,4124.0
6208,406.1856604769666,1.843278592511375,4124.0
6209,406.1804731940165,1.843278592511375,4124.0
6210,406.1769893155409,1.843278592511375,4124.0
6211,406.199987969376,1.843278592511375,4124.0
6212,406.2175156927458,1.843278592511375,4124.0
6213,406.2735135557332,1.843278592511375,4124.0
6214,406.33571779287735,1.843278592511375,4124.0
6215,406.3959030970048,1.843278592511375,4124.0
6216,406.4318569167125,1.843278592511375,4124.0
6217,406.46448051183097,1.843278592511375,4124.0
6218,406.499188411323,1.843278592511375,4124.0
6219,406.50955615599236,1.843278592511375,4124.0
6220,406.5216636829522,1.843278592511375,4124.0
6221,406.53514017392115,1.843278592511375,4124.0
6222,406.54566928596347,1.843278592511375,4124.0
6223,406.55228013588174,1.843278592511375,4124.0
6224,406.5490940007907,1.843278592511375,4124.0
6225,406.88009572987005,1.843278592511375,4124.0
6226,407.93414517684073,1.843278592511375,4124.0
6227,408.9187603628157,1.843278592511375,4124.0
6228,409.2833222655642,1.843278592511375,4124.0
6229,409.2717209907765,1.843278592511375,4124.0
6230,409.2600172645404,1.843278592511375,4124.0
6231,409.2528675760228,1.843278592511375,4124.0
6232,409.24398396541085,1.843278592511375,4124.0
6233,409.23821881008956,1.843278592511375,4124.0
6234,409.2362922597035,1.843278592511375,4124.0
6235,409.2838164408166,1.843278592511375,4124.0
6236,409.3255597739143,1.843278592511375,4124.0
6237,409.3471632499735,1.843278592511375,4124.0
6238,409.3884051071757,1.843278592511375,4124.0
6239,409.41347674355666,1.843278592511375,4124.0
6240,409.4339058701131,1.843278592511375,4124.0
6241,409.47335167469186,1.843278592511375,4124.0
6242,409.49852947905237,1.843278592511375,4124.0
6243,409.50948597229524,1.843278592511375,4124.0
6244,409.5221019039152,1.843278592511375,4124.0
6245,409.52444892812815,1.843278592511375,4124.0
6246,409.5242102377362,1.843278592511375,4124.0
6247,409.54148159690465,1.843278592511375,4124.0
6248,409.5403598366736,1.843278592511375,4124.0
6249,409.5336025050344,1.843278592511375,4124.0
6250,409.53211039985706,1.843278592511375,4124.0
6251,410.02043494008296,1.843278592511375,4124.0
6252,410.56560819735324,1.843278592511375,4124.0
6253,411.1710195391408,1.843278592511375,4124.0
6254,411.5794790373594,1.843278592511375,4124.0
6255,411.57605762083443,1.843278592511375,4124.0
6256,411.60790397510107,1.843278592511375,4124.0
6257,411.6291328588319,1.843278592511375,4124.0
6258,411.65975623541635,1.843278592511375,4124.0
6259,411.6895225849303,1.843278592511375,4124.0
6260,411.7157332892535,1.843278592511375,4124.0
6261,411.752150855575,1.843278592511375,4124.0
6262,411.7996982022171,1.843278592511375,4124.0
6263,411.845292652946,1.843278592511375,4124.0
6264,411.8727106001473,1.843278592511375,4124.0
6265,411.8976867524511,1.843278592511375,4124.0
6266,411.9082356091491,1.843278592511375,4124.0
6267,411.91941210891,1.843278592511375,4124.0
6268,411.93163775834324,1.843278592511375,4124.0
6269,411.94079877760277,1.843278592511375,4124.0
6270,411.9471889177707,1.843278592511375,4124.0
6271,411.95768067905567,1.843278592511375,4124.0
6272,411.9525615044311,1.843278592511375,4124.0
6273,411.94125705555274,1.843278592511375,4124.0
6274,411.9174919847789,1.843278592511375,4124.0
6275,411.89793570299,1.843278592511375,4124.0
6276,411.8775527025151,1.843278592511375,4124.0
6277,411.85475803866746,1.843278592511375,4124.0
6278,411.8334365448632,1.843278592511375,4124.0
6279,411.8101201641203,1.843278592511375,4124.0
6280,411.79734433179595,1.843278592511375,4124.0
6281,411.7883887545154,1.843278592511375,4124.0
6282,411.78689584043946,1.843278592511375,4124.0
6283,411.8028810790744,1.843278592511375,4124.0
6284,411.8261812582416,1.843278592511375,4124.0
6285,411.84849679787413,1.843278592511375,4124.0
6286,411.86886675240123,1.843278592511375,4124.0
6287,411.8919426606666,1.843278592511375,4124.0
6288,411.9114457714616,1.843278592511375,4124.0
6289,411.9238302005227,1.843278592511375,4124.0
6290,411.93361042145415,1.843278592511375,4124.0
6291,411.94152006335537,1.843278592511375,4124.0
6292,411.958378669472,1.843278592511375,4124.0
6293,411.97171494640486,1.843278592511375,4124.0
6294,411.98203122600944,1.843278592511375,4124.0
6295,411.99677595290575,1.843278592511375,4124.0
6296,411.99615030541145,1.843278592511375,4124.0
6297,411.9860282351512,1.843278592511375,4124.0
6298,411.9638212289847,1.843278592511375,4124.0
6299,411.93361228606943,1.843278592511375,4124.0
6300,411.9003556922967,1.843278592511375,4124.0
6301,411.8781628895255,1.843278592511375,4124.0
6302,411.86242633284957,1.843278592511375,4124.0
6303,411.8488076662522,1.843278592511375,4124.0
6304,411.847207632855,1.843278592511375,4124.0
6305,411.8604622426513,1.843278592511375,4124.0
6306,411.8735099499735,1.843278592511375,4124.0
6307,411.89221794728024,1.843278592511375,4124.0
6308,411.90738192308436,1.843278592511375,4124.0
6309,411.97537885194515,1.843278592511375,4124.0
6310,412.0092717160252,1.843278592511375,4124.0
6311,412.0545491048314,1.843278592511375,4124.0
6312,412.10295586749146,1.843278592511375,4124.0
6313,412.12402466491164,1.843278592511375,4124.0
6314,412.13063962783247,1.843278592511375,4124.0
6315,412.1445816222368,1.843278592511375,4124.0
6316,412.1596850396381,1.843278592511375,4124.0
6317,412.1708239138367,1.843278592511375,4124.0
6318,412.4751570697795,1.843278592511375,4124.0
6319,413.17809230880505,1.843278592511375,4124.0
6320,413.9202499001411,1.843278592511375,4124.0
6321,414.72136534848676,1.843278592511375,4124.0
6322,415.4143256535307,1.843278592511375,4124.0
6323,415.7838138270234,1.843278592511375,4124.0
6324,415.7703230646268,1.843278592511375,4124.0
6325,415.7529960985669,1.843278592511375,4124.0
6326,415.7393490012895,1.843278592511375,4124.0
6327,415.72554504090243,1.843278592511375,4124.0
6328,415.7229562981126,1.843278592511375,4124.0
6329,415.72140460973174,1.843278592511375,4124.0
6330,415.71382244833126,1.843278592511375,4124.0
6331,415.73232454385135,1.843278592511375,4124.0
6332,415.7568661744949,1.843278592511375,4124.0
6333,415.7901344802759,1.843278592511375,4124.0
6334,415.82186384094393,1.843278592511375,4124.0
6335,415.8721771536276,1.843278592511375,4124.0
6336,415.91079342410677,1.843278592511375,4124.0
6337,415.9340881783292,1.843278592511375,4124.0
6338,415.9452853341261,1.843278592511375,4124.0
6339,415.94666200161384,1.843278592511375,4124.0
6340,415.949123545798,1.843278592511375,4124.0
6341,415.95499861444875,1.843278592511375,4124.0
6342,415.95840960402774,1.843278592511375,4124.0
6343,415.96760400514114,1.843278592511375,4124.0
6344,415.9709776179106,1.843278592511375,4124.0
6345,416.0251559931482,1.843278592511375,4124.0
6346,416.0171389543763,1.843278592511375,4124.0
6347,416.0069274037089,1.843278592511375,4124.0
6348,415.9918602365866,1.843278592511375,4124.0
6349,415.9780419992721,1.843278592511375,4124.0
6350,415.9667438302407,1.843278592511375,4124.0
6351,415.95324166020436,1.843278592511375,4124.0
6352,415.9460128774702,1.843278592511375,4124.0
6353,415.941239784857,1.843278592511375,4124.0
6354,415.96062399165004,1.843278592511375,4124.0
6355,415.9830238702158,1.843278592511375,4124.0
6356,416.0236227305618,1.843278592511375,4124.0
6357,416.07471215194175,1.843278592511375,4124.0
6358,416.13718254386436,1.843278592511375,4124.0
6359,416.18530636506125,1.843278592511375,4124.0
6360,416.2314436391272,1.843278592511375,4124.0
6361,416.2554044126236,1.843278592511375,4124.0
6362,416.2665006825888,1.843278592511375,4124.0
6363,416.2776643790418,1.843278592511375,4124.0
6364,416.2903274871608,1.843278592511375,4124.0
6365,416.298844864763,1.843278592511375,4124.0
6366,416.31202629151096,1.843278592511375,4124.0
6367,416.3244513005065,1.843278592511375,4124.0
6368,416.32019119633924,1.843278592511375,4124.0
6369,416.314945928938,1.843278592511375,4124.0
6370,416.29566959448545,1.843278592511375,4124.0
6371,416.27474238065764,1.843278592511375,4124.0
6372,416.2933830257102,1.843278592511375,4124.0
6373,416.2743444916615,1.843278592511375,4124.0
6374,416.2687776373126,1.843278592511375,4124.0
6375,416.2554263660409,1.843278592511375,4124.0
6376,416.2627384784538,1.843278592511375,4124.0
6377,416.2679451430145,1.843278592511375,4124.0
6378,416.2752000293085,1.843278592511375,4124.0
6379,416.2896899872146,1.843278592511375,4124.0
6380,416.3058108272732,1.843278592511375,4124.0
6381,416.3929429660018,1.843278592511375,4124.0
6382,416.4502703398112,1.843278592511375,4124.0
6383,416.50918116865114,1.843278592511375,4124.0
6384,416.5320503655099,1.843278592511375,4124.0
6385,416.5544950919448,1.843278592511375,4124.0
6386,416.5779673344783,1.843278592511375,4124.0
6387,416.5897766656935,1.843278592511375,4124.0
6388,416.603146929055,1.843278592511375,4124.0
6389,416.61375233232576,1.843278592511375,4124.0
6390,416.6260411783821,1.843278592511375,4124.0
6391,416.9750292704884,1.843278592511375,4124.0
6392,417.67682912234363,1.843278592511375,4124.0
6393,418.30630992930213,1.843278592511375,4124.0
6394,418.29456129206625,1.843278592511375,4124.0
6395,418.2737280873422,1.843278592511375,4124.0
6396,418.25073502002783,1.843278592511375,4124.0
6397,418.24456153264373,1.843278592511375,4124.0
6398,418.2343265786314,1.843278592511375,4124.0
6399,418.22320631055663,1.843278592511375,4124.0
6400,418.24724689009287,1.843278592511375,4124.0
6401,418.26204401557646,1.843278592511375,4124.0
6402,418.2822720420193,1.843278592511375,4124.0
6403,418.2990391640679,1.843278592511375,4124.0
6404,418.3208155098325,1.843278592511375,4124.0
6405,418.35986277174453,1.843278592511375,4124.0
6406,418.3969146746866,1.843278592511375,4124.0
6407,418.4301206368379,1.843278592511375,4124.0
6408,418.47214700295456,1.843278592511375,4124.0
6409,418.5074772308174,1.843278592511375,4124.0
6410,418.5479002350816,1.843278592511375,4124.0
6411,418.5519768276866,1.843278592511375,4124.0
6412,418.5548445103951,1.843278592511375,4124.0
6413,418.5650003491529,1.843278592511375,4124.0
6414,418.5839255819393,1.843278592511375,4124.0
6415,418.77794423616996,1.843278592511375,4124.0
6416,419.40154932280706,1.843278592511375,4124.0
6417,419.92674460072476,1.843278592511375,4124.0
6418,420.9988032389547,1.843278592511375,4124.0
6419,421.44199163070624,1.843278592511375,4124.0
6420,421.4387969235988,1.843278592511375,4124.0
6421,421.4455379925312,1.843278592511375,4124.0
6422,421.4420937202764,1.843278592511375,4124.0
6423,421.4394440100069,1.843278592511375,4124.0
6424,421.4685386920524,1.843278592511375,4124.0
6425,421.4913005507062,1.843278592511375,4124.0
6426,421.5023683070381,1.843278592511375,4124.0
6427,421.52202906332695,1.843278592511375,4124.0
6428,421.5446967870614,1.843278592511375,4124.0
6429,421.6237811964324,1.843278592511375,4124.0
6430,421.75166942609917,1.843278592511375,4124.0
6431,421.7922738365664,1.843278592511375,4124.0
6432,421.8288229971566,1.843278592511375,4124.0
6433,421.85237041943833,1.843278592511375,4124.0
6434,421.8658600286704,1.843278592511375,4124.0
6435,421.8714894690855,1.843278592511375,4124.0
6436,421.87798702323977,1.843278592511375,4124.0
6437,421.87994893990566,1.843278592511375,4124.0
6438,421.8802260577965,1.843278592511375,4124.0
6439,421.8870926900235,1.843278592511375,4124.0
6440,421.94639542833426,1.843278592511375,4124.0
6441,422.5494740731673,1.843278592511375,4124.0
6442,423.4376416666605,1.843278592511375,4124.0
6443,424.5173761131598,1.843278592511375,4124.0
6444,425.3351583034056,1.843278592511375,4124.0
6445,425.4638708911727,1.843278592511375,4124.0
6446,425.4582578123261,1.843278592511375,4124.0
6447,425.4567142395375,1.843278592511375,4124.0
6448,425.46994715498664,1.843278592511375,4124.0
6449,425.5387536204677,1.843278592511375,4124.0
6450,425.62040458615695,1.843278592511375,4124.0
6451,425.68962248305485,1.843278592511375,4124.0
6452,425.73599620055097,1.843278592511375,4124.0
6453,425.79466849446845,1.843278592511375,4124.0
6454,425.87461753917285,1.843278592511375,4124.0
6455,425.92668091892585,1.843278592511375,4124.0
6456,425.9508799045391,1.843278592511375,4124.0
6457,425.975679440222,1.843278592511375,4124.0
6458,425.9896507561535,1.843278592511375,4124.0
6459,426.00282944161853,1.843278592511375,4124.0
6460,426.01249719739553,1.843278592511375,4124.0
6461,426.01396084999277,1.843278592511375,4124.0
6462,426.0148717264041,1.843278592511375,4124.0
6463,426.2739037346064,1.843278592511375,4124.0
6464,426.9506209377203,1.843278592511375,4124.0
6465,427.519319370848,1.843278592511375,4124.0
6466,427.6884870122357,1.843278592511375,4124.0
6467,427.7079569444428,1.843278592511375,4124.0
6468,427.70353432015605,1.843278592511375,4124.0
6469,427.6883330925693,1.843278592511375,4124.0
6470,427.6709749813877,1.843278592511375,4124.0
6471,427.66006480670404,1.843278592511375,4124.0
6472,427.67346069635573,1.843278592511375,4124.0
6473,427.7333268437874,1.843278592511375,4124.0
6474,427.7870526058189,1.843278592511375,4124.0
6475,427.8339530074651,1.843278592511375,4124.0
6476,427.8866965189094,1.843278592511375,4124.0
6477,427.96477603902696,1.843278592511375,4124.0
6478,428.03480094489163,1.843278592511375,4124.0
6479,428.1127609106765,1.843278592511375,4124.0
6480,428.1721126165126,1.843278592511375,4124.0
6481,428.1875599095314,1.843278592511375,4124.0
6482,428.19705972793406,1.843278592511375,4124.0
6483,428.2045336704896,1.843278592511375,4124.0
6484,428.21200993749574,1.843278592511375,4124.0
6485,428.21738523169637,1.843278592511375,4124.0
6486,428.2290411630127,1.843278592511375,4124.0
6487,428.2356967905039,1.843278592511375,4124.0
6488,428.264090636704,1.843278592511375,4124.0
6489,428.26347361194195,1.843278592511375,4124.0
6490,428.3185160910973,1.843278592511375,4124.0
6491,428.3083102216657,1.843278592511375,4124.0
6492,428.3619247953359,1.843278592511375,4124.0
6493,428.3564942238178,1.843278592511375,4124.0
6494,428.3490420423756,1.843278592511375,4124.0
6495,428.33946323219,1.843278592511375,4124.0
6496,428.3380839027716,1.843278592511375,4124.0
6497,428.3464315430377,1.843278592511375,4124.0
6498,428.38624037360773,1.843278592511375,4124.0
6499,428.4203904463264,1.843278592511375,4124.0
6500,428.4738811862683,1.843278592511375,4124.0
6501,428.5510342266421,1.843278592511375,4124.0
6502,428.6085701649547,1.843278592511375,4124.0
6503,428.6429090211153,1.843278592511375,4124.0
6504,428.6666314724644,1.843278592511375,4124.0
6505,428.69401232752773,1.843278592511375,4124.0
6506,428.7213818276827,1.843278592511375,4124.0
6507,428.73575870322844,1.843278592511375,4124.0
6508,428.75146892068,1.843278592511375,4124.0
6509,428.76230777358865,1.843278592511375,4124.0
6510,428.77709880529386,1.843278592511375,4124.0
6511,428.7974768295476,1.843278592511375,4124.0
6512,428.82012239636515,1.843278592511375,4124.0
6513,428.8154148342718,1.843278592511375,4124.0
6514,428.8077255647101,1.843278592511375,4124.0
6515,428.80757835017437,1.843278592511375,4124.0
6516,428.8036422611847,1.843278592511375,4124.0
6517,428.7990909441602,1.843278592511375,4124.0
6518,429.090242816538,1.843278592511375,4124.0
6519,429.0872008865725,1.843278592511375,4124.0
6520,429.1055276378576,1.843278592511375,4124.0
6521,429.1354106126787,1.843278592511375,4124.0
6522,429.17588411390494,1.843278592511375,4124.0
6523,429.2563267034363,1.843278592511375,4124.0
6524,429.3212032809008,1.843278592511375,4124.0
6525,429.37789726776197,1.843278592511375,4124.0
6526,429.446673621377,1.843278592511375,4124.0
6527,429.50937046612523,1.843278592511375,4124.0
6528,429.546207116488,1.843278592511375,4124.0
6529,429.5711496512388,1.843278592511375,4124.0
6530,429.58317818564376,1.843278592511375,4124.0
6531,429.5952020598223,1.843278592511375,4124.0
6532,429.60877107844146,1.843278592511375,4124.0
6533,429.71990385022343,1.843278592511375,4124.0
6534,430.33889871891193,1.843278592511375,4124.0
6535,430.98057146246083,1.843278592511375,4124.0
6536,431.13739962461943,1.843278592511375,4124.0
6537,431.12982288468993,1.843278592511375,4124.0
6538,431.10917331810754,1.843278592511375,4124.0
6539,431.08348134355714,1.843278592511375,4124.0
6540,431.07699954969496,1.843278592511375,4124.0
6541,431.0450169853492,1.843278592511375,4124.0
6542,431.0293783518662,1.843278592511375,4124.0
6543,431.00727071946426,1.843278592511375,4124.0
6544,430.9968771735454,1.843278592511375,4124.0
6545,430.9907894944126,1.843278592511375,4124.0
6546,430.99826482140725,1.843278592511375,4124.0
6547,431.0126966699976,1.843278592511375,4124.0
6548,431.02791716284463,1.843278592511375,4124.0
6549,431.11877643319866,1.843278592511375,4124.0
6550,431.17819366779446,1.843278592511375,4124.0
6551,431.235163365856,1.843278592511375,4124.0
6552,431.2580496571034,1.843278592511375,4124.0
6553,431.27729282453856,1.843278592511375,4124.0
6554,431.3050990224377,1.843278592511375,4124.0
6555,431.32396035703295,1.843278592511375,4124.0
6556,431.3380760694167,1.843278592511375,4124.0
6557,431.34572307305945,1.843278592511375,4124.0
6558,431.35407558119664,1.843278592511375,4124.0
6559,431.3683381223094,1.843278592511375,4124.0
6560,431.37873815075574,1.843278592511375,4124.0
6561,431.37417598182327,1.843278592511375,4124.0
6562,431.35602405183676,1.843278592511375,4124.0
6563,431.3356165342286,1.843278592511375,4124.0
6564,431.3048405072608,1.843278592511375,4124.0
6565,431.2771116390702,1.843278592511375,4124.0
6566,431.2580485216372,1.843278592511375,4124.0
6567,431.246263190823,1.843278592511375,4124.0
6568,431.2424535382821,1.843278592511375,4124.0
6569,431.2407115712692,1.843278592511375,4124.0
6570,431.2760931889555,1.843278592511375,4124.0
6571,431.31128939912736,1.843278592511375,4124.0
6572,431.34880336659154,1.843278592511375,4124.0
6573,431.3926983723896,1.843278592511375,4124.0
6574,431.44022646501105,1.843278592511375,4124.0
6575,431.486506915953,1.843278592511375,4124.0
6576,431.5220355321763,1.843278592511375,4124.0
6577,431.5482362872457,1.843278592511375,4124.0
6578,431.56104907257424,1.843278592511375,4124.0
6579,431.572442261401,1.843278592511375,4124.0
6580,431.58437427495,1.843278592511375,4124.0
6581,431.59589510163556,1.843278592511375,4124.0
6582,431.607298635603,1.843278592511375,4124.0
6583,431.65072454177096,1.843278592511375,4124.0
6584,431.7212234528962,1.843278592511375,4124.0
6585,431.7664827963356,1.843278592511375,4124.0
6586,431.8072798949972,1.843278592511375,4124.0
6587,431.86978813217087,1.843278592511375,4124.0
6588,431.87653403003696,1.843278592511375,4124.0
6589,431.9012504634943,1.843278592511375,4124.0
6590,431.900292667987,1.843278592511375,4124.0
6591,431.8971675380075,1.843278592511375,4124.0
6592,431.9344296018607,1.843278592511375,4124.0
6593,431.98934150163166,1.843278592511375,4124.0
6594,432.0499365459314,1.843278592511375,4124.0
6595,432.1007644901539,1.843278592511375,4124.0
6596,432.15169419023385,1.843278592511375,4124.0
6597,432.23069980580345,1.843278592511375,4124.0
6598,432.2963857134046,1.843278592511375,4124.0
6599,432.36010259004075,1.843278592511375,4124.0
6600,432.39492042757394,1.843278592511375,4124.0
6601,432.4267345560984,1.843278592511375,4124.0
6602,432.45479765313416,1.843278592511375,4124.0
6603,432.46391353421524,1.843278592511375,4124.0
6604,432.4755555016627,1.843278592511375,4124.0
6605,432.4885252824244,1.843278592511375,4124.0
6606,432.4963455033886,1.843278592511375,4124.0
6607,432.50510528831944,1.843278592511375,4124.0
6608,432.50297531203415,1.843278592511375,4124.0
6609,432.50140110617303,1.843278592511375,4124.0
6610,432.47928407355346,1.843278592511375,4124.0
6611,432.9592328352139,1.843278592511375,4124.0
6612,433.0448285865324,1.843278592511375,4124.0
6613,433.0322777189231,1.843278592511375,4124.0
6614,433.0240878330039,1.843278592511375,4124.0
6615,433.0176310016421,1.843278592511375,4124.0
6616,433.0109700097463,1.843278592511375,4124.0
6617,433.0071121581471,1.843278592511375,4124.0
6618,433.0473727075585,1.843278592511375,4124.0
6619,433.0796291650296,1.843278592511375,4124.0
6620,433.1579231128685,1.843278592511375,4124.0
6621,433.1815486023032,1.843278592511375,4124.0
6622,433.21411533491914,1.843278592511375,4124.0
6623,433.25834502105835,1.843278592511375,4124.0
6624,433.2813944078247,1.843278592511375,4124.0
6625,433.30396920709165,1.843278592511375,4124.0
6626,433.32875126296994,1.843278592511375,4124.0
6627,433.3391836633587,1.843278592511375,4124.0
6628,433.3519770706145,1.843278592511375,4124.0
6629,433.36314472078084,1.843278592511375,4124.0
6630,433.37284712050723,1.843278592511375,4124.0
6631,433.38162413214894,1.843278592511375,4124.0
6632,433.42642296881996,1.843278592511375,4124.0
6633,433.4546889835109,1.843278592511375,4124.0
6634,433.4514133041065,1.843278592511375,4124.0
6635,433.45220022190284,1.843278592511375,4124.0
6636,433.45297088108566,1.843278592511375,4124.0
6637,433.472359769123,1.843278592511375,4124.0
6638,433.48997424275734,1.843278592511375,4124.0
6639,433.5074519149428,1.843278592511375,4124.0
6640,433.5056150579445,1.843278592511375,4124.0
6641,433.50832907234087,1.843278592511375,4124.0
6642,433.55218864056985,1.843278592511375,4124.0
6643,433.57772260283673,1.843278592511375,4124.0
6644,433.6228327660411,1.843278592511375,4124.0
6645,433.70103613597706,1.843278592511375,4124.0
6646,433.7647633337535,1.843278592511375,4124.0
6647,433.8323169577906,1.843278592511375,4124.0
6648,433.86886173106916,1.843278592511375,4124.0
6649,433.8940329893403,1.843278592511375,4124.0
6650,433.9048120959846,1.843278592511375,4124.0
6651,433.9143858329385,1.843278592511375,4124.0
6652,433.92800688456583,1.843278592511375,4124.0
6653,433.93577385492415,1.843278592511375,4124.0
6654,433.9474747042563,1.843278592511375,4124.0
6655,433.9582603307852,1.843278592511375,4124.0
6656,433.9830285102154,1.843278592511375,4124.0
6657,434.02591277976785,1.843278592511375,4124.0
6658,434.0848394145907,1.843278592511375,4124.0
6659,434.102964901604,1.843278592511375,4124.0
6660,434.12287741237117,1.843278592511375,4124.0
6661,434.1437225351942,1.843278592511375,4124.0
6662,434.1770928094582,1.843278592511375,4124.0
6663,434.2189077460509,1.843278592511375,4124.0
6664,434.23749086503057,1.843278592511375,4124.0
6665,434.2591965258705,1.843278592511375,4124.0
6666,434.2887981018804,1.843278592511375,4124.0
6667,434.3334620535754,1.843278592511375,4124.0
6668,434.39734554795774,1.843278592511375,4124.0
6669,434.4490887399435,1.843278592511375,4124.0
6670,434.4973056002656,1.843278592511375,4124.0
6671,434.54828192216064,1.843278592511375,4124.0
6672,434.5910447623063,1.843278592511375,4124.0
6673,434.6276889799369,1.843278592511375,4124.0
6674,434.6405249754259,1.843278592511375,4124.0
6675,434.650670699527,1.843278592511375,4124.0
6676,434.6622099360942,1.843278592511375,4124.0
6677,434.6709111592778,1.843278592511375,4124.0
6678,434.68227599917367,1.843278592511375,4124.0
6679,434.69379010690693,1.843278592511375,4124.0
6680,434.71196073476693,1.843278592511375,4124.0
6681,434.7408141064022,1.843278592511375,4124.0
6682,434.74250398768794,1.843278592511375,4124.0
6683,434.74219672602675,1.843278592511375,4124.0
6684,434.748403178736,1.843278592511375,4124.0
6685,434.7612987763018,1.843278592511375,4124.0
6686,434.77761440307296,1.843278592511375,4124.0
6687,434.78352822845943,1.843278592511375,4124.0
6688,434.782696891259,1.843278592511375,4124.0
6689,434.78419630498126,1.843278592511375,4124.0
6690,434.7960839133838,1.843278592511375,4124.0
6691,434.8332168298068,1.843278592511375,4124.0
6692,434.92168137919566,1.843278592511375,4124.0
6693,435.01133102401576,1.843278592511375,4124.0
6694,435.066950706706,1.843278592511375,4124.0
6695,435.13140243143346,1.843278592511375,4124.0
6696,435.1585935233128,1.843278592511375,4124.0
6697,435.1801775063715,1.843278592511375,4124.0
6698,435.18928190435696,1.843278592511375,4124.0
6699,435.20140273083337,1.843278592511375,4124.0
6700,435.2154522051594,1.843278592511375,4124.0
6701,435.2249056809533,1.843278592511375,4124.0
6702,435.23370899080015,1.843278592511375,4124.0
6703,435.2473452512232,1.843278592511375,4124.0
6704,435.28507352294076,1.843278592511375,4124.0
6705,435.3030621503436,1.843278592511375,4124.0
6706,435.2880824276159,1.843278592511375,4124.0
6707,435.2665697726675,1.843278592511375,4124.0
6708,435.2477704046854,1.843278592511375,4124.0
6709,435.2225172954403,1.843278592511375,4124.0
6710,435.2045763086335,1.843278592511375,4124.0
6711,435.1870455399765,1.843278592511375,4124.0
6712,435.2379969775469,1.843278592511375,4124.0
6713,435.27577114497126,1.843278592511375,4124.0
6714,435.30826946749227,1.843278592511375,4124.0
6715,435.33465826991653,1.843278592511375,4124.0
6716,435.3658850781317,1.843278592511375,4124.0
6717,435.4130235647876,1.843278592511375,4124.0
6718,435.472605301637,1.843278592511375,4124.0
6719,435.50410928486815,1.843278592511375,4124.0
6720,435.54125349471343,1.843278592511375,4124.0
6721,435.57160310196497,1.843278592511375,4124.0
6722,435.60547022077105,1.843278592511375,4124.0
6723,435.61436658709346,1.843278592511375,4124.0
6724,435.6217516843413,1.843278592511375,4124.0
6725,435.6318971650132,1.843278592511375,4124.0
6726,435.6404077034759,1.843278592511375,4124.0
6727,435.6685608331693,1.843278592511375,4124.0
6728,435.6758021198355,1.843278592511375,4124.0
6729,435.6729925027346,1.843278592511375,4124.0
6730,435.6562499333279,1.843278592511375,4124.0
6731,435.6370802986301,1.843278592511375,4124.0
6732,435.61035181447676,1.843278592511375,4124.0
6733,435.5861499561058,1.843278592511375,4124.0
6734,435.5676885620416,1.843278592511375,4124.0
6735,435.5485876925392,1.843278592511375,4124.0
6736,435.5567711856865,1.843278592511375,4124.0
6737,435.558606599696,1.843278592511375,4124.0
6738,435.57804851250216,1.843278592511375,4124.0
6739,435.6105445860839,1.843278592511375,4124.0
6740,435.67079704571876,1.843278592511375,4124.0
6741,435.7113868058509,1.843278592511375,4124.0
6742,435.773175419425,1.843278592511375,4124.0
6743,435.82986284114156,1.843278592511375,4124.0
6744,435.86052879849916,1.843278592511375,4124.0
6745,435.8818679243358,1.843278592511375,4124.0
6746,435.8898263995094,1.843278592511375,4124.0
6747,435.896471685995,1.843278592511375,4124.0
6748,435.9036483995585,1.843278592511375,4124.0
6749,435.91065773425254,1.843278592511375,4124.0
6750,435.9175070071763,1.843278592511375,4124.0
6751,435.95659763745584,1.843278592511375,4124.0
6752,436.0225684666797,1.843278592511375,4124.0
6753,436.56705670341483,1.843278592511375,4124.0
6754,437.28503182132664,1.843278592511375,4124.0
6755,437.74871251801517,1.843278592511375,4124.0
6756,438.5669442203828,1.843278592511375,4124.0
6757,438.8915975805231,1.843278592511375,4124.0
6758,438.9770085589912,1.843278592511375,4124.0
6759,439.44189418734203,1.843278592511375,4124.0
6760,439.46671482933505,1.843278592511375,4124.0
6761,439.4843095642438,1.843278592511375,4124.0
6762,439.5403056845847,1.843278592511375,4124.0
6763,439.58655178683176,1.843278592511375,4124.0
6764,439.63291159115994,1.843278592511375,4124.0
6765,439.70714628444125,1.843278592511375,4124.0
6766,439.7680370299607,1.843278592511375,4124.0
6767,439.8269291084524,1.843278592511375,4124.0
6768,439.87606618824475,1.843278592511375,4124.0
6769,439.8802421661865,1.843278592511375,4124.0
6770,439.8865747543749,1.843278592511375,4124.0
6771,439.89338064819026,1.843278592511375,4124.0
6772,439.90349254021044,1.843278592511375,4124.0
6773,439.90723817817434,1.843278592511375,4124.0
6774,439.9117167328808,1.843278592511375,4124.0
6775,439.91723042110146,1.843278592511375,4124.0
6776,440.03034505634844,1.843278592511375,4124.0
6777,440.03647450018366,1.843278592511375,4124.0
6778,440.03133329843854,1.843278592511375,4124.0
6779,440.0175496295963,1.843278592511375,4124.0
6780,440.0098632480363,1.843278592511375,4124.0
6781,440.0026131588568,1.843278592511375,4124.0
6782,439.9942360434314,1.843278592511375,4124.0
6783,440.00515163940656,1.843278592511375,4124.0
6784,440.02450191375266,1.843278592511375,4124.0
6785,440.0284151220759,1.843278592511375,4124.0
6786,440.04763045247483,1.843278592511375,4124.0
6787,440.078683952937,1.843278592511375,4124.0
6788,440.14905672638406,1.843278592511375,4124.0
6789,440.21343178682815,1.843278592511375,4124.0
6790,440.28855461919346,1.843278592511375,4124.0
6791,440.37781746189694,1.843278592511375,4124.0
6792,440.41543823194104,1.843278592511375,4124.0
6793,440.4272363044347,1.843278592511375,4124.0
6794,440.4354245975285,1.843278592511375,4124.0
6795,440.44276269469106,1.843278592511375,4124.0
6796,440.45348934488914,1.843278592511375,4124.0
6797,440.45910644071927,1.843278592511375,4124.0
6798,440.4665401339485,1.843278592511375,4124.0
6799,440.47712664573857,1.843278592511375,4124.0
6800,440.4927063348881,1.843278592511375,4124.0
6801,440.48951996811024,1.843278592511375,4124.0
6802,440.4741777032764,1.843278592511375,4124.0
6803,440.4517174189144,1.843278592511375,4124.0
6804,440.42822115085806,1.843278592511375,4124.0
6805,440.424301570415,1.843278592511375,4124.0
6806,440.4123913162989,1.843278592511375,4124.0
6807,440.4001449376916,1.843278592511375,4124.0
6808,440.39761213109233,1.843278592511375,4124.0
6809,440.39637774694035,1.843278592511375,4124.0
6810,440.57465555908163,1.843278592511375,4124.0
6811,440.6316688708301,1.843278592511375,4124.0
6812,440.7774692992877,1.843278592511375,4124.0
6813,440.8853464421562,1.843278592511375,4124.0
6814,440.99116402905844,1.843278592511375,4124.0
6815,441.05835667450503,1.843278592511375,4124.0
6816,441.11786188056186,1.843278592511375,4124.0
6817,441.1318974896765,1.843278592511375,4124.0
6818,441.1417917980609,1.843278592511375,4124.0
6819,441.1526153823522,1.843278592511375,4124.0
6820,441.16127023951094,1.843278592511375,4124.0
6821,441.1704235214661,1.843278592511375,4124.0
6822,441.17932921655563,1.843278592511375,4124.0
6823,441.19502378774814,1.843278592511375,4124.0
6824,441.2520766371597,1.843278592511375,4124.0
6825,441.28747113335965,1.843278592511375,4124.0
6826,441.282003483869,1.843278592511375,4124.0
6827,441.2989121267299,1.843278592511375,4124.0
6828,441.297877387485,1.843278592511375,4124.0
6829,441.3319474220156,1.843278592511375,4124.0
6830,441.3587606565238,1.843278592511375,4124.0
6831,441.39481794555275,1.843278592511375,4124.0
6832,441.4661724926594,1.843278592511375,4124.0
6833,441.4931460317828,1.843278592511375,4124.0
6834,441.62051976915683,1.843278592511375,4124.0
6835,441.6961486009166,1.843278592511375,4124.0
6836,441.7908719928056,1.843278592511375,4124.0
6837,441.8547846369765,1.843278592511375,4124.0
6838,441.90417103739816,1.843278592511375,4124.0
6839,441.9495310176664,1.843278592511375,4124.0
6840,442.0022985310043,1.843278592511375,4124.0
6841,442.0204117037,1.843278592511375,4124.0
6842,442.0292492163936,1.843278592511375,4124.0
6843,442.03786409980904,1.843278592511375,4124.0
6844,442.04663105050577,1.843278592511375,4124.0
6845,442.05529216375874,1.843278592511375,4124.0
6846,442.06391011184695,1.843278592511375,4124.0
6847,442.07711277601163,1.843278592511375,4124.0
6848,442.1166728500419,1.843278592511375,4124.0
6849,442.11585780817506,1.843278592511375,4124.0
6850,442.0997096792934,1.843278592511375,4124.0
6851,442.0876702687221,1.843278592511375,4124.0
6852,442.0683729565492,1.843278592511375,4124.0
6853,442.05457350621253,1.843278592511375,4124.0
6854,442.03703168169767,1.843278592511375,4124.0
6855,442.0236717276612,1.843278592511375,4124.0
6856,442.05121197843397,1.843278592511375,4124.0
6857,442.0855472783883,1.843278592511375,4124.0
6858,442.1566803094055,1.843278592511375,4124.0
6859,442.216949581704,1.843278592511375,4124.0
6860,442.29900356146743,1.843278592511375,4124.0
6861,442.3968127804946,1.843278592511375,4124.0
6862,442.49091581289144,1.843278592511375,4124.0
6863,442.58350623033664,1.843278592511375,4124.0
6864,442.61927353915524,1.843278592511375,4124.0
6865,442.6437043873487,1.843278592511375,4124.0
6866,442.6676489932527,1.843278592511375,4124.0
6867,442.6810419454414,1.843278592511375,4124.0
6868,442.69065453081464,1.843278592511375,4124.0
6869,442.6991169957819,1.843278592511375,4124.0
6870,442.7084082686924,1.843278592511375,4124.0
6871,442.71968050611633,1.843278592511375,4124.0
6872,442.74729961730185,1.843278592511375,4124.0
6873,442.75318906699795,1.843278592511375,4124.0
6874,442.747700785771,1.843278592511375,4124.0
6875,442.7329465646543,1.843278592511375,4124.0
6876,442.72611550609895,1.843278592511375,4124.0
6877,443.3460681988546,1.843278592511375,4124.0
6878,443.56603813282015,1.843278592511375,4124.0
6879,443.5600720546358,1.843278592511375,4124.0
6880,443.62897124551654,1.843278592511375,4124.0
6881,443.69112540720596,1.843278592511375,4124.0
6882,443.759065600135,1.843278592511375,4124.0
6883,443.8356693206591,1.843278592511375,4124.0
6884,443.92282296117907,1.843278592511375,4124.0
6885,444.01344600582325,1.843278592511375,4124.0
6886,444.0591057032727,1.843278592511375,4124.0
6887,444.1044651291712,1.843278592511375,4124.0
6888,444.1425969927488,1.843278592511375,4124.0
6889,444.16678864440826,1.843278592511375,4124.0
6890,444.1879239599947,1.843278592511375,4124.0
6891,444.21516251036803,1.843278592511375,4124.0
6892,444.2278055140359,1.843278592511375,4124.0
6893,444.2361194419492,1.843278592511375,4124.0
6894,444.24784565681824,1.843278592511375,4124.0
6895,444.6375275698527,1.843278592511375,4124.0
6896,445.3006749659057,1.843278592511375,4124.0
6897,445.7633578526703,1.843278592511375,4124.0
6898,445.8346198675068,1.843278592511375,4124.0
6899,445.8939105607172,1.843278592511375,4124.0
6900,445.92834686262273,1.843278592511375,4124.0
6901,446.84012023835925,1.843278592511375,4124.0
6902,447.57571151616895,1.843278592511375,4124.0
6903,448.29630413566684,1.843278592511375,4124.0
6904,448.43239334928563,1.843278592511375,4124.0
6905,448.4866282500415,1.843278592511375,4124.0
6906,448.5560493159834,1.843278592511375,4124.0
6907,448.64960047310007,1.843278592511375,4124.0
6908,448.7479184920899,1.843278592511375,4124.0
6909,448.8008305962285,1.843278592511375,4124.0
6910,448.85270597959766,1.843278592511375,4124.0
6911,448.91857059616626,1.843278592511375,4124.0
6912,448.95764992169836,1.843278592511375,4124.0
6913,448.9868726994272,1.843278592511375,4124.0
6914,449.01504514044797,1.843278592511375,4124.0
6915,449.0225383612945,1.843278592511375,4124.0
6916,449.03185550402696,1.843278592511375,4124.0
6917,449.04069749446376,1.843278592511375,4124.0
6918,449.04858307464974,1.843278592511375,4124.0
6919,449.05499946367195,1.843278592511375,4124.0
6920,449.10957975310646,1.843278592511375,4124.0
6921,449.1092300815851,1.843278592511375,4124.0
6922,449.1008651360424,1.843278592511375,4124.0
6923,449.08643031104987,1.843278592511375,4124.0
6924,449.0653385456653,1.843278592511375,4124.0
6925,449.0557660579738,1.843278592511375,4124.0
6926,449.05461841184194,1.843278592511375,4124.0
6927,449.0576993005638,1.843278592511375,4124.0
6928,449.121821794121,1.843278592511375,4124.0
6929,449.1638154438162,1.843278592511375,4124.0
6930,449.2133589052921,1.843278592511375,4124.0
6931,449.2742910823009,1.843278592511375,4124.0
6932,449.3437872813809,1.843278592511375,4124.0
6933,449.39508262135786,1.843278592511375,4124.0
6934,449.46913127665937,1.843278592511375,4124.0
6935,449.5143608527497,1.843278592511375,4124.0
6936,449.5284812633856,1.843278592511375,4124.0
6937,449.54215240341284,1.843278592511375,4124.0
6938,449.5501843527506,1.843278592511375,4124.0
6939,449.5627012852119,1.843278592511375,4124.0
6940,449.5728900772146,1.843278592511375,4124.0
6941,449.5825250253727,1.843278592511375,4124.0
6942,449.5944111526094,1.843278592511375,4124.0
6943,449.63358219269344,1.843278592511375,4124.0
6944,449.65588979249196,1.843278592511375,4124.0
6945,449.6603277847273,1.843278592511375,4124.0
6946,449.65665302991425,1.843278592511375,4124.0
6947,449.93990247233404,1.843278592511375,4124.0
6948,450.5245658195402,1.843278592511375,4124.0
6949,451.1410012180213,1.843278592511375,4124.0
6950,451.77110139005623,1.843278592511375,4124.0
6951,452.15152854668116,1.843278592511375,4124.0
6952,452.21434765998436,1.843278592511375,4124.0
6953,452.2782988052727,1.843278592511375,4124.0
6954,452.315619785905,1.843278592511375,4124.0
6955,452.4483981503319,1.843278592511375,4124.0
6956,452.5475431713628,1.843278592511375,4124.0
6957,452.6180958775329,1.843278592511375,4124.0
6958,452.6857122391559,1.843278592511375,4124.0
6959,452.75130691380417,1.843278592511375,4124.0
6960,452.791068675117,1.843278592511375,4124.0
6961,452.80237570171374,1.843278592511375,4124.0
6962,452.8121605509154,1.843278592511375,4124.0
6963,452.8206620914609,1.843278592511375,4124.0
6964,452.83535186931675,1.843278592511375,4124.0
6965,452.84497114056177,1.843278592511375,4124.0
6966,452.85582730400705,1.843278592511375,4124.0
6967,452.87077586469013,1.843278592511375,4124.0
6968,452.89531736050765,1.843278592511375,4124.0
6969,452.8942494137195,1.843278592511375,4124.0
6970,452.88208193057034,1.843278592511375,4124.0
6971,452.86080679134403,1.843278592511375,4124.0
6972,452.8363010660558,1.843278592511375,4124.0
6973,452.8261859045175,1.843278592511375,4124.0
6974,452.80330442606623,1.843278592511375,4124.0
6975,452.7836908550657,1.843278592511375,4124.0
6976,452.7996060049061,1.843278592511375,4124.0
6977,452.8212761082599,1.843278592511375,4124.0
6978,453.02854538497434,1.843278592511375,4124.0
6979,453.09562795924745,1.843278592511375,4124.0
6980,453.22239263275225,1.843278592511375,4124.0
6981,453.3802484738986,1.843278592511375,4124.0
6982,453.47334522239834,1.843278592511375,4124.0
6983,453.5474245050556,1.843278592511375,4124.0
6984,453.6143059110754,1.843278592511375,4124.0
6985,453.6331070467491,1.843278592511375,4124.0
6986,453.64412857640804,1.843278592511375,4124.0
6987,453.65491914461825,1.843278592511375,4124.0
6988,453.66658343403986,1.843278592511375,4124.0
6989,453.68067597046803,1.843278592511375,4124.0
6990,453.6912846567161,1.843278592511375,4124.0
6991,453.7050668220827,1.843278592511375,4124.0
6992,453.74728100156955,1.843278592511375,4124.0
6993,453.8379959533851,1.843278592511375,4124.0
6994,454.40571720268537,1.843278592511375,4124.0
6995,455.05938627216415,1.843278592511375,4124.0
6996,455.50604266147496,1.843278592511375,4124.0
6997,455.5544872235858,1.843278592511375,4124.0
6998,455.54282743860256,1.843278592511375,4124.0
6999,455.5290788838069,1.843278592511375,4124.0
7000,455.5596759865495,1.843278592511375,4124.0
7001,455.5922798813296,1.843278592511375,4124.0
7002,455.70469913365883,1.843278592511375,4124.0
7003,455.75253019915766,1.843278592511375,4124.0
7004,455.838617796841,1.843278592511375,4124.0
7005,455.90849187949686,1.843278592511375,4124.0
7006,455.9689497345052,1.843278592511375,4124.0
7007,456.0419246714217,1.843278592511375,4124.0
7008,456.0989928010127,1.843278592511375,4124.0
7009,456.12139952725806,1.843278592511375,4124.0
7010,456.1490206098827,1.843278592511375,4124.0
7011,456.17378526650134,1.843278592511375,4124.0
7012,456.18386729808486,1.843278592511375,4124.0
7013,456.1927022211431,1.843278592511375,4124.0
7014,456.2012560783525,1.843278592511375,4124.0
7015,456.21251400128074,1.843278592511375,4124.0
7016,456.2606936559552,1.843278592511375,4124.0
7017,456.3001057563084,1.843278592511375,4124.0
7018,456.2974430139999,1.843278592511375,4124.0
7019,456.29025124098143,1.843278592511375,4124.0
7020,456.27540079174315,1.843278592511375,4124.0
7021,456.26020273904857,1.843278592511375,4124.0
7022,456.2472672656094,1.843278592511375,4124.0
7023,456.2336721777389,1.843278592511375,4124.0
7024,456.287839366417,1.843278592511375,4124.0
7025,456.33491259695796,1.843278592511375,4124.0
7026,456.3691257546086,1.843278592511375,4124.0
7027,456.3974881649828,1.843278592511375,4124.0
7028,456.4875987060781,1.843278592511375,4124.0
7029,456.5545001299826,1.843278592511375,4124.0
7030,456.6217644861661,1.843278592511375,4124.0
7031,456.6767347276712,1.843278592511375,4124.0
7032,456.69766447501746,1.843278592511375,4124.0
7033,456.70974646903056,1.843278592511375,4124.0
7034,456.7172050448476,1.843278592511375,4124.0
7035,456.7266550645754,1.843278592511375,4124.0
7036,456.7414637960541,1.843278592511375,4124.0
7037,456.75007050861103,1.843278592511375,4124.0
7038,456.7632877398251,1.843278592511375,4124.0
7039,456.77325075908465,1.843278592511375,4124.0
7040,456.8595764862215,1.843278592511375,4124.0
7041,456.86236567666657,1.843278592511375,4124.0
7042,456.85622664203754,1.843278592511375,4124.0
7043,456.8467961876335,1.843278592511375,4124.0
7044,456.84076926771144,1.843278592511375,4124.0
7045,457.4445933032574,1.843278592511375,4124.0
7046,457.667129224418,1.843278592511375,4124.0
7047,457.65536531513135,1.843278592511375,4124.0
7048,457.70645249858296,1.843278592511375,4124.0
7049,457.75794470822456,1.843278592511375,4124.0
7050,457.8040584239297,1.843278592511375,4124.0
7051,457.8464618303375,1.843278592511375,4124.0
7052,457.9122999697686,1.843278592511375,4124.0
7053,457.96459833268705,1.843278592511375,4124.0
7054,458.02837670939823,1.843278592511375,4124.0
7055,458.08344772674866,1.843278592511375,4124.0
7056,458.11006432149196,1.843278592511375,4124.0
7057,458.1403794819275,1.843278592511375,4124.0
7058,458.15925375462376,1.843278592511375,4124.0
7059,458.16927846997106,1.843278592511375,4124.0
7060,458.1772523543545,1.843278592511375,4124.0
7061,458.18849788447125,1.843278592511375,4124.0
7062,458.19781773873103,1.843278592511375,4124.0
7063,458.2510109147843,1.843278592511375,4124.0
7064,458.32434446120914,1.843278592511375,4124.0
7065,458.34855698465776,1.843278592511375,4124.0
7066,458.34998890115077,1.843278592511375,4124.0
7067,458.3561296604809,1.843278592511375,4124.0
7068,458.3486556125797,1.843278592511375,4124.0
7069,459.2492663204716,1.843278592511375,4124.0
7070,459.89013236541143,1.843278592511375,4124.0
7071,460.4033323892736,1.843278592511375,4124.0
7072,460.47049241846724,1.843278592511375,4124.0
7073,460.52350393360734,1.843278592511375,4124.0
7074,460.57830484478717,1.843278592511375,4124.0
7075,460.6664157512479,1.843278592511375,4124.0
7076,460.73909910853536,1.843278592511375,4124.0
7077,460.81940259450687,1.843278592511375,4124.0
7078,460.9433294829113,1.843278592511375,4124.0
7079,461.0082987276145,1.843278592511375,4124.0
7080,461.04841416579035,1.843278592511375,4124.0
7081,461.08132013258626,1.843278592511375,4124.0
7082,461.11485424908045,1.843278592511375,4124.0
7083,461.13582706733905,1.843278592511375,4124.0
7084,461.1446830580061,1.843278592511375,4124.0
7085,461.15264899977,1.843278592511375,4124.0
7086,461.16212662497,1.843278592511375,4124.0
7087,461.1708480639817,1.843278592511375,4124.0
7088,461.2361073046255,1.843278592511375,4124.0
7089,461.2914627691896,1.843278592511375,4124.0
7090,461.3113540015019,1.843278592511375,4124.0
7091,461.3548413715088,1.843278592511375,4124.0
7092,461.4049888746644,1.843278592511375,4124.0
7093,461.4243647865507,1.843278592511375,4124.0
7094,461.49701739881306,1.843278592511375,4124.0
7095,461.5283689545457,1.843278592511375,4124.0
7096,461.62344902153933,1.843278592511375,4124.0
7097,461.68789473387176,1.843278592511375,4124.0
7098,461.72827315351714,1.843278592511375,4124.0
7099,461.7830441702529,1.843278592511375,4124.0
7100,461.84274474440303,1.843278592511375,4124.0
7101,461.9044580696369,1.843278592511375,4124.0
7102,462.00101082961623,1.843278592511375,4124.0
7103,462.09043614762203,1.843278592511375,4124.0
7104,462.1332896938579,1.843278592511375,4124.0
7105,462.145586136852,1.843278592511375,4124.0
7106,462.15896818543945,1.843278592511375,4124.0
7107,462.16781687356894,1.843278592511375,4124.0
7108,462.17955287255893,1.843278592511375,4124.0
7109,462.18867363190094,1.843278592511375,4124.0
7110,462.19753090942976,1.843278592511375,4124.0
7111,462.20749157749754,1.843278592511375,4124.0
7112,462.2652664216152,1.843278592511375,4124.0
7113,462.3174972375887,1.843278592511375,4124.0
7114,462.48634246566746,1.843278592511375,4124.0
7115,462.63804132865056,1.843278592511375,4124.0
7116,463.36281306272014,1.843278592511375,4124.0
7117,464.0402596763873,1.843278592511375,4124.0
7118,464.3119159139588,1.843278592511375,4124.0
7119,464.35778505753603,1.843278592511375,4124.0
7120,464.3996824093991,1.843278592511375,4124.0
7121,464.4582486841996,1.843278592511375,4124.0
7122,464.5088814146728,1.843278592511375,4124.0
7123,464.5834358998309,1.843278592511375,4124.0
7124,464.6771973074359,1.843278592511375,4124.0
7125,464.78324888072535,1.843278592511375,4124.0
7126,464.8654630774574,1.843278592511375,4124.0
7127,464.96186144709907,1.843278592511375,4124.0
7128,465.00988448709904,1.843278592511375,4124.0
7129,465.04781984709905,1.843278592511375,4124.0
7130,465.05873262709906,1.843278592511375,4124.0
7131,465.06912592709904,1.843278592511375,4124.0
7132,465.08263721709903,1.843278592511375,4124.0
7133,465.093030517099,1.843278592511375,4124.0
7134,465.101864637099,1.843289468501224,4125.0
7135,465.11277741709904,1.843289468501224,4125.0
7136,465.18189267709903,1.8433448608666947,4126.0
7137,465.24633076709904,1.8433448608666947,4126.0
7138,465.54249171709904,1.8433637737021704,4127.0
7139,466.22836345509904,1.8435650290473,4128.0
7140,466.4253543040991,1.8436550170785417,4129.0
7141,466.40820006409905,1.8436550170785417,4129.0
7142,466.40387198409906,1.8436550170785417,4129.0
7143,466.39935678409904,1.8436550170785417,4129.0
7144,466.449764104099,1.8436550170785417,4129.0
7145,466.487699464099,1.8436550170785417,4129.0
7146,466.642558894099,1.8436714697796637,4130.0
7147,466.698162864099,1.8436861272448755,4131.0
7148,466.827039414099,1.8437013866160201,4132.0
7149,466.89095802409895,1.843715066330246,4133.0
7150,466.96890740409896,1.8437275694741706,4134.0
7151,467.03802266409895,1.8437388970542208,4135.0
7152,467.07803668409895,1.8437388970542208,4135.0
7153,467.10142142409893,1.8437388970542208,4135.0
7154,467.11805070409895,1.8437388970542208,4135.0
7155,467.13571931409894,1.8437388970542208,4135.0
7156,467.1476714240989,1.8437388970542208,4135.0
7157,467.16024657482643,1.8437388970542208,4135.0
7158,467.17521307482644,1.8437388970542208,4135.0
7159,467.20535364482646,1.8437388970542208,4135.0
7160,467.2405068262014,1.8437388970542208,4135.0
7161,467.27056357978523,1.8437388970542208,4135.0
7162,467.2912043724913,1.8437388970542208,4135.0
7163,467.31638383018475,1.8437388970542208,4135.0
7164,467.30993179063506,1.8437388970542208,4135.0
7165,467.30532214740896,1.8437388970542208,4135.0
7166,467.30199801366774,1.8437388970542208,4135.0
7167,467.2993721598889,1.8437388970542208,4135.0
7168,467.357980388278,1.8437388970542208,4135.0
7169,467.4206993269872,1.8437388970542208,4135.0
7170,467.5132251085783,1.8437388970542208,4135.0
7171,467.6031716929353,1.8437388970542208,4135.0
7172,467.7689009161187,1.8437388970542208,4135.0
7173,467.8233578861187,1.8437388970542208,4135.0
7174,467.9220938661187,1.8437527028820797,4136.0
7175,467.9808158261187,1.8437527028820797,4136.0
7176,468.0177118561187,1.8437527028820797,4136.0
7177,468.0353804661187,1.8437527028820797,4136.0
7178,468.04577376611866,1.8437527028820797,4136.0
7179,468.05564721611864,1.8437527028820797,4136.0
7180,468.06863865611865,1.8437527028820797,4136.0
7181,468.07696955409835,1.8437527028820797,4136.0
7182,468.0890712624715,1.8437527028820797,4136.0
7183,468.15397418413346,1.8437527028820797,4136.0
7184,468.8825163955854,1.8437527028820797,4136.0
7185,469.5880735952495,1.8437527028820797,4136.0
7186,470.0355645006326,1.8437527028820797,4136.0
7187,470.035639954236,1.8437527028820797,4136.0
7188,470.0191387832957,1.8437527028820797,4136.0
7189,470.0017164257033,1.8437527028820797,4136.0
7190,469.99031282951194,1.8437527028820797,4136.0
7191,469.98599693765124,1.8437527028820797,4136.0
7192,470.01720194522557,1.8437527028820797,4136.0
7193,470.05847329236855,1.8437527028820797,4136.0
7194,470.09375935267065,1.8437527028820797,4136.0
7195,470.14957567872085,1.8437527028820797,4136.0
7196,470.2282632234101,1.8437527028820797,4136.0
7197,470.33175537751595,1.8437527028820797,4136.0
7198,470.40261777751596,1.8437527028820797,4136.0
7199,470.47537050751595,1.8437631239808017,4137.0
7200,470.50706988751597,1.8437631239808017,4137.0
7201,470.53409246751596,1.8437631239808017,4137.0
7202,470.54760375751596,1.8437631239808017,4137.0
7203,470.56059519751597,1.8437631239808017,4137.0
7204,470.56838998751596,1.8438026950161452,4138.0
7205,470.58086853468603,1.8438026950161452,4138.0
7206,470.59321833371393,1.8438026950161452,4138.0
7207,470.64970161828376,1.8438026950161452,4138.0
7208,470.6958183777338,1.8438026950161452,4138.0
7209,470.8091914288007,1.8438026950161452,4138.0
7210,470.80878697851784,1.8438026950161452,4138.0
7211,470.798998249022,1.8438026950161452,4138.0
7212,470.7965101534261,1.8438026950161452,4138.0
7213,470.81662107079535,1.8438026950161452,4138.0
7214,470.80647509705267,1.8438026950161452,4138.0
7215,470.8002099066565,1.8438026950161452,4138.0
7216,470.8664105182492,1.8438026950161452,4138.0
7217,470.9366959330802,1.8438026950161452,4138.0
7218,471.0019591648788,1.8438026950161452,4138.0
7219,471.09282213526825,1.8438026950161452,4138.0
7220,471.1693591275917,1.8438026950161452,4138.0
7221,471.23390717882677,1.8438026950161452,4138.0
7222,471.3058193241977,1.8438026950161452,4138.0
7223,471.3441368158871,1.8438026950161452,4138.0
7224,471.37734666914133,1.8438026950161452,4138.0
7225,471.3914014517758,1.8438026950161452,4138.0
7226,471.40452394489,1.8438026950161452,4138.0
7227,471.41512224963606,1.8438026950161452,4138.0
7228,471.42905040781864,1.8438026950161452,4138.0
7229,471.439355642061,1.8438026950161452,4138.0
7230,471.4523589533133,1.8438026950161452,4138.0
7231,471.54082025644465,1.8438026950161452,4138.0
7232,471.60860948394173,1.8438026950161452,4138.0
7233,471.6558986591096,1.8438026950161452,4138.0
7234,472.27112706656277,1.8438026950161452,4138.0
7235,473.0570583939262,1.8438026950161452,4138.0
7236,473.47991484707535,1.8438026950161452,4138.0
7237,473.5775903478962,1.8438026950161452,4138.0
7238,473.58133325336996,1.8438026950161452,4138.0
7239,473.5975957002583,1.8438026950161452,4138.0
7240,473.6487700518868,1.8438026950161452,4138.0
7241,473.72269542800984,1.8438026950161452,4138.0
7242,473.78560241654463,1.8438026950161452,4138.0
7243,473.8399308035978,1.8438026950161452,4138.0
7244,473.89155026181714,1.8438026950161452,4138.0
7245,473.95104208597013,1.8438026950161452,4138.0
7246,474.0680220966216,1.8438026950161452,4138.0
7247,474.19646101565706,1.8438026950161452,4138.0
7248,474.22967411494295,1.8438026950161452,4138.0
7249,474.25361273685746,1.8438026950161452,4138.0
7250,474.2657313871616,1.8438026950161452,4138.0
7251,474.2768397232676,1.8438026950161452,4138.0
7252,474.29079159608943,1.8438026950161452,4138.0
7253,474.3005104487282,1.8438026950161452,4138.0
7254,474.3092861660923,1.8438026950161452,4138.0
7255,474.32734764404563,1.8438026950161452,4138.0
7256,474.39294633775825,1.8438026950161452,4138.0
7257,474.57774022941027,1.8438026950161452,4138.0
7258,474.62612254938836,1.8438026950161452,4138.0
7259,474.74658764913687,1.8438026950161452,4138.0
7260,474.7904496822681,1.8438026950161452,4138.0
7261,475.6015937391033,1.8438026950161452,4138.0
7262,476.32638862396897,1.8438026950161452,4138.0
7263,476.930172013969,1.8438026950161452,4138.0
7264,477.074027273969,1.843820262557488,4139.0
7265,477.118568613969,1.843820262557488,4139.0
7266,477.158582633969,1.8438313739205958,4140.0
7267,477.19184119396897,1.8438313739205958,4140.0
7268,477.267711913969,1.8438313739205958,4140.0
7269,477.345661293969,1.8438494029444648,4141.0
7270,477.393470103969,1.8438618569767682,4142.0
7271,477.46258536396897,1.8438720881700688,4143.0
7272,477.49012742396894,1.8438720881700688,4143.0
7273,477.50259938396897,1.8438720881700688,4143.0
7274,477.517150003969,1.8438720881700688,4143.0
7275,477.527023453969,1.8438720881700688,4143.0
7276,477.53689690396897,1.8438720881700688,4143.0
7277,477.55300633396894,1.843884812077075,4144.0
7278,477.5608350150209,1.843884812077075,4144.0
7279,477.6117285150209,1.843884812077075,4144.0
7280,477.6943992793123,1.843884812077075,4144.0
7281,477.6856399565016,1.843884812077075,4144.0
7282,477.7053345216329,1.843884812077075,4144.0
7283,477.6842108969684,1.843884812077075,4144.0
7284,477.6658329364275,1.843884812077075,4144.0
7285,477.64730868532604,1.843884812077075,4144.0
7286,477.639171485326,1.843884812077075,4144.0
7287,477.66723339532604,1.8438955927442902,4145.0
7288,477.70724741532604,1.8439061489196644,4146.0
7289,477.75037942532606,1.8439061489196644,4146.0
7290,477.7971489053261,1.8439061489196644,4146.0
7291,477.83612359532606,1.8439189143998893,4147.0
7292,477.8906882353261,1.8439189143998893,4147.0
7293,477.92394679532606,1.8439189143998893,4147.0
7294,477.97539344532606,1.8439298283852068,4148.0
7295,478.00085684532604,1.8439298283852068,4148.0
7296,478.01228947532604,1.8439298283852068,4148.0
7297,478.024241585326,1.8439298283852068,4148.0
7298,478.039311685326,1.8439298283852068,4148.0
7299,478.05230312532603,1.8439298283852068,4148.0
7300,478.0632909486169,1.8439298283852068,4148.0
7301,478.0751117571283,1.8439298283852068,4148.0
7302,478.085341902054,1.8439298283852068,4148.0
7303,478.1400631030787,1.8439298283852068,4148.0
7304,478.1831265698956,1.8439298283852068,4148.0
7305,478.18412993091124,1.8439298283852068,4148.0
7306,478.6261493634371,1.8439298283852068,4148.0
7307,479.27450640106235,1.8439298283852068,4148.0
7308,480.1428510272866,1.8439298283852068,4148.0
7309,480.2977812779068,1.8439298283852068,4148.0
7310,480.8377643735886,1.8439298283852068,4148.0
7311,481.3684273399826,1.8439298283852068,4148.0
7312,481.40356851234304,1.8439298283852068,4148.0
7313,481.44717992747155,1.8439298283852068,4148.0
7314,481.51803741826484,1.8439298283852068,4148.0
7315,481.560590936919,1.8439298283852068,4148.0
7316,481.6466060589213,1.8439298283852068,4148.0
7317,481.7320625624649,1.8439298283852068,4148.0
7318,481.80414530024075,1.8439298283852068,4148.0
7319,481.8498858047316,1.8439298283852068,4148.0
7320,481.8760869847316,1.8439298283852068,4148.0
7321,481.8999915747316,1.8439298283852068,4148.0
7322,481.91038487473156,1.8439298283852068,4148.0
7323,481.92181750473156,1.8439298283852068,4148.0
7324,481.93117147473157,1.8439298283852068,4148.0
7325,481.9394790509039,1.8439298283852068,4148.0
7326,481.9498775309039,1.8439298283852068,4148.0
7327,482.0106781509039,1.8439298283852068,4148.0
7328,482.0875882009039,1.8439298283852068,4148.0
7329,482.07233723158174,1.8439298283852068,4148.0
7330,482.0603733915817,1.8439298283852068,4148.0
7331,482.04486027158174,1.8439476758372442,4149.0
7332,482.02787718292814,1.8439476758372442,4149.0
7333,482.0102503029281,1.8439476758372442,4149.0
7334,482.00421854292813,1.8439744821284971,4150.0
7335,482.04994906292814,1.8439744821284971,4150.0
7336,482.0738536529281,1.8439744821284971,4150.0
7337,482.1388115929281,1.8439744821284971,4150.0
7338,482.2063676729281,1.8439744821284971,4150.0
7339,482.26820762292806,1.8439853274016247,4151.0
7340,482.3284883929281,1.8439962272138954,4152.0
7341,482.4272243729281,1.8440099146175462,4153.0
7342,482.49114298292807,1.8440099146175462,4153.0
7343,482.51452772292805,1.8440099146175462,4153.0
7344,482.52596035292805,1.8440099146175462,4153.0
7345,482.53583380292804,1.8440099146175462,4153.0
7346,482.551943232928,1.8440099146175462,4153.0
7347,482.56441519292804,1.8440099146175462,4153.0
7348,482.5750391803377,1.8440099146175462,4153.0
7349,482.5845715359594,1.8440099146175462,4153.0
7350,482.60754526137475,1.8440099146175462,4153.0
7351,482.6413037040243,1.8440099146175462,4153.0
7352,482.650779586154,1.8440099146175462,4153.0
7353,482.6450482627667,1.8440099146175462,4153.0
7354,482.63942805414257,1.8440099146175462,4153.0
7355,482.63314790357435,1.8440099146175462,4153.0
7356,483.35094340861343,1.8440099146175462,4153.0
7357,484.22743420299145,1.8440099146175462,4153.0
7358,484.69304107683445,1.8440099146175462,4153.0
7359,484.7933189039493,1.8440099146175462,4153.0
7360,484.8174722105439,1.8440099146175462,4153.0
7361,484.8994509964895,1.8440099146175462,4153.0
7362,484.9579311448813,1.8440099146175462,4153.0
7363,485.06609036174626,1.8440099146175462,4153.0
7364,485.1342968362466,1.8440099146175462,4153.0
7365,485.1680015956208,1.8440099146175462,4153.0
7366,485.214790189049,1.8440099146175462,4153.0
7367,485.23893516234875,1.8440099146175462,4153.0
7368,485.2501850841822,1.8440099146175462,4153.0
7369,485.2604733698878,1.8440099146175462,4153.0
7370,485.27575628551523,1.8440099146175462,4153.0
7371,485.2887535320109,1.8440099146175462,4153.0
7372,485.29915429442195,1.8440099146175462,4153.0
7373,485.31066169839306,1.8440099146175462,4153.0
7374,485.33995855459074,1.8440099146175462,4153.0
7375,485.3603834708666,1.8440099146175462,4153.0
7376,485.3667221497628,1.8440099146175462,4153.0
7377,485.35646586768627,1.8440099146175462,4153.0
7378,485.3405185947344,1.8440099146175462,4153.0
7379,485.32461150473114,1.8440099146175462,4153.0
7380,485.3216598895457,1.8440099146175462,4153.0
7381,485.31748783639546,1.8440099146175462,4153.0
7382,485.3129485274068,1.8440099146175462,4153.0
7383,485.3556388245859,1.8440099146175462,4153.0
7384,485.40596299628345,1.8440099146175462,4153.0
7385,485.4574752447993,1.8440099146175462,4153.0
7386,485.4943665398716,1.8440099146175462,4153.0
7387,485.53953037662774,1.8440099146175462,4153.0
7388,485.59633359501686,1.8440099146175462,4153.0
7389,485.65643170593114,1.8440099146175462,4153.0
7390,485.6914378786541,1.8440099146175462,4153.0
7391,485.7210497995346,1.8440099146175462,4153.0
7392,485.74624539490657,1.8440099146175462,4153.0
7393,485.7721973829504,1.8440099146175462,4153.0
7394,485.7908335361621,1.8440099146175462,4153.0
7395,485.80814053189107,1.8440099146175462,4153.0
7396,485.82095314192645,1.8440099146175462,4153.0
7397,485.83897841156715,1.8440099146175462,4153.0
7398,485.88587976297407,1.8440099146175462,4153.0
7399,485.95382535720216,1.8440099146175462,4153.0
7400,485.9956178417874,1.8440099146175462,4153.0
7401,486.0726626885768,1.8440099146175462,4153.0
7402,486.12534278324745,1.8440099146175462,4153.0
7403,486.16847755772056,1.8440099146175462,4153.0
7404,486.24298259878407,1.8440099146175462,4153.0
7405,486.2937018309217,1.8440099146175462,4153.0
7406,486.342407033384,1.8440099146175462,4153.0
7407,486.3993794631081,1.8440099146175462,4153.0
7408,486.4362450047247,1.8440099146175462,4153.0
7409,486.48414435163534,1.8440099146175462,4153.0
7410,486.5223693853545,1.8440099146175462,4153.0
7411,486.5610271700687,1.8440099146175462,4153.0
7412,486.5925057521317,1.8440099146175462,4153.0
7413,486.62512025121185,1.8440099146175462,4153.0
7414,486.6490191083816,1.8440099146175462,4153.0
7415,486.6765445355009,1.8440099146175462,4153.0
7416,486.70825246521014,1.8440099146175462,4153.0
7417,486.726981872885,1.8440099146175462,4153.0
7418,486.7461050709043,1.8440099146175462,4153.0
7419,486.76733713976137,1.8440099146175462,4153.0
7420,486.7830222692338,1.8440099146175462,4153.0
7421,486.79980142658746,1.8440099146175462,4153.0
7422,486.81995336882187,1.8440099146175462,4153.0
7423,486.88924328352834,1.8440099146175462,4153.0
7424,486.9011900026926,1.8440099146175462,4153.0
7425,486.89589432645874,1.8440099146175462,4153.0
7426,486.88103927890666,1.8440099146175462,4153.0
7427,486.868217418536,1.8440099146175462,4153.0
7428,486.8581265343432,1.8440099146175462,4153.0
7429,486.8505673745,1.8440099146175462,4153.0
7430,486.84126538777,1.8440099146175462,4153.0
7431,486.8869731789386,1.8440099146175462,4153.0
7432,486.9337053063353,1.8440099146175462,4153.0
7433,487.01821623162715,1.8440099146175462,4153.0
7434,487.07581280002944,1.8440099146175462,4153.0
7435,487.15146281005326,1.8440099146175462,4153.0
7436,487.2130991548923,1.8440099146175462,4153.0
7437,487.29553285091913,1.8440099146175462,4153.0
7438,487.3374274563283,1.8440099146175462,4153.0
7439,487.38083930599146,1.8440099146175462,4153.0
7440,487.4077120202292,1.8440099146175462,4153.0
7441,487.4324262510326,1.8440099146175462,4153.0
7442,487.4544842606115,1.8440099146175462,4153.0
7443,487.47712490101344,1.8440099146175462,4153.0
7444,487.4994491469479,1.8440099146175462,4153.0
7445,487.52334857336325,1.8440099146175462,4153.0
7446,487.54860879415895,1.8440099146175462,4153.0
7447,487.62523687088327,1.8440099146175462,4153.0
7448,487.67071974171785,1.8440099146175462,4153.0
7449,487.73786199513074,1.8440099146175462,4153.0
7450,487.78089893325483,1.8440099146175462,4153.0
7451,488.08901702208914,1.8440099146175462,4153.0
7452,488.8559204912292,1.8440099146175462,4153.0
7453,489.21152739783537,1.8440099146175462,4153.0
7454,489.251987189947,1.8440099146175462,4153.0
7455,489.2998810840917,1.8440099146175462,4153.0
7456,489.39237927598504,1.8440099146175462,4153.0
7457,489.5033828803106,1.8440099146175462,4153.0
7458,489.57888899422585,1.8440099146175462,4153.0
7459,489.6324042301098,1.8440099146175462,4153.0
7460,489.70101572859573,1.8440099146175462,4153.0
7461,489.77224235593695,1.8440099146175462,4153.0
7462,489.8242929767878,1.8440099146175462,4153.0
7463,489.8556262786173,1.8440099146175462,4153.0
7464,489.88072747087443,1.8440099146175462,4153.0
7465,489.90578856120106,1.8440099146175462,4153.0
7466,489.92354501146036,1.8440099146175462,4153.0
7467,489.9441188815893,1.8440099146175462,4153.0
7468,489.9635085690137,1.8440099146175462,4153.0
7469,489.98302259091423,1.8440099146175462,4153.0
7470,490.0009774617603,1.8440099146175462,4153.0
7471,490.0761407486578,1.8440099146175462,4153.0
7472,490.154462826583,1.8440099146175462,4153.0
7473,490.15665221893045,1.8440099146175462,4153.0
7474,490.17819109753447,1.8440099146175462,4153.0
7475,490.17115615298155,1.8440099146175462,4153.0
7476,490.85636227085485,1.8440099146175462,4153.0
7477,491.4561769633997,1.8440099146175462,4153.0
7478,492.12483059561436,1.8440099146175462,4153.0
7479,492.7908329328134,1.8440099146175462,4153.0
7480,493.11533510391905,1.8440099146175462,4153.0
7481,493.2101433340491,1.8440099146175462,4153.0
7482,493.30664162964194,1.8440099146175462,4153.0
7483,493.3688809192975,1.8440099146175462,4153.0
7484,493.4434855461156,1.8440099146175462,4153.0
7485,493.4829031801079,1.8440099146175462,4153.0
7486,493.5498666163405,1.8440099146175462,4153.0
7487,493.6043332531943,1.8440099146175462,4153.0
7488,493.6261652267355,1.8440099146175462,4153.0
7489,493.6479732747488,1.8440099146175462,4153.0
7490,493.6712876482688,1.8440099146175462,4153.0
7491,493.6921795057224,1.8440099146175462,4153.0
7492,493.71025623714706,1.8440099146175462,4153.0
7493,493.731711204332,1.8440099146175462,4153.0
7494,493.7503949693496,1.8440099146175462,4153.0
7495,493.81895040511046,1.8440099146175462,4153.0
7496,493.86327257133,1.8440099146175462,4153.0
7497,494.36399789506436,1.8440099146175462,4153.0
7498,494.9752962089489,1.8440099146175462,4153.0
7499,495.24973402967044,1.8440099146175462,4153.0
7500,495.34773235324684,1.8440099146175462,4153.0
7501,495.3447858901851,1.8440099146175462,4153.0
7502,495.32913922704404,1.8440099146175462,4153.0
7503,495.38171671978756,1.8440099146175462,4153.0
7504,495.41406681902424,1.8440099146175462,4153.0
7505,495.48036989662677,1.8440099146175462,4153.0
7506,495.55626562585786,1.8440099146175462,4153.0
7507,495.6230504694451,1.8440099146175462,4153.0
7508,495.7034570094609,1.8440099146175462,4153.0
7509,495.79915844768925,1.8440099146175462,4153.0
7510,495.86280929441193,1.8440099146175462,4153.0
7511,495.9089443551341,1.8440099146175462,4153.0
7512,495.9312256169485,1.8440099146175462,4153.0
7513,495.9544853777153,1.8440099146175462,4153.0
7514,495.97567261906437,1.8440099146175462,4153.0
7515,495.99553286170845,1.8440099146175462,4153.0
7516,496.0152473965423,1.8440099146175462,4153.0
7517,496.0801900436509,1.8440099146175462,4153.0
7518,496.1077583032427,1.8440099146175462,4153.0
7519,496.18664987437074,1.8440099146175462,4153.0
7520,496.2337705136032,1.8440099146175462,4153.0
7521,496.23782628010343,1.8440099146175462,4153.0
7522,496.3744194902789,1.8440099146175462,4153.0
7523,497.0533637474549,1.8440099146175462,4153.0
7524,497.5900069724227,1.8440099146175462,4153.0
7525,498.3821033875104,1.8440099146175462,4153.0
7526,498.87768592687354,1.8440099146175462,4153.0
7527,498.9931289700883,1.8440099146175462,4153.0
7528,499.05183377726866,1.8440099146175462,4153.0
7529,499.0965103078975,1.8440099146175462,4153.0
7530,499.1517872829913,1.8440099146175462,4153.0
7531,499.20536451241816,1.8440099146175462,4153.0
7532,499.2786666369692,1.8440099146175462,4153.0
7533,499.4483392729103,1.8440099146175462,4153.0
7534,499.51915392655593,1.8440099146175462,4153.0
7535,499.5863928799106,1.8440099146175462,4153.0
7536,499.6209565139226,1.8440099146175462,4153.0
7537,499.64179387552923,1.8440099146175462,4153.0
7538,499.6604522054033,1.8440099146175462,4153.0
7539,499.6801127458583,1.8440099146175462,4153.0
7540,499.6990174350658,1.8440099146175462,4153.0
7541,499.7203663453339,1.8440099146175462,4153.0
7542,499.73771406051344,1.8440099146175462,4153.0
7543,499.81022474579726,1.8440099146175462,4153.0
7544,499.99693995636426,1.8440099146175462,4153.0
7545,500.04886785078907,1.8440099146175462,4153.0
7546,500.1515141893654,1.8440099146175462,4153.0
7547,500.65748470844164,1.8440099146175462,4153.0
7548,501.4243498528462,1.8440099146175462,4153.0
7549,501.7817222001457,1.8440099146175462,4153.0
7550,501.96976475498434,1.8440099146175462,4153.0
7551,502.1703462404708,1.8440099146175462,4153.0
7552,502.3752936477537,1.8440099146175462,4153.0
7553,502.43315253168504,1.8440099146175462,4153.0
7554,502.5138715469742,1.8440099146175462,4153.0
7555,502.57159720100645,1.8440099146175462,4153.0
7556,502.6286853485546,1.8440099146175462,4153.0
7557,502.70013654308434,1.8440099146175462,4153.0
7558,502.7721149149621,1.8440099146175462,4153.0
7559,502.806365110499,1.8440099146175462,4153.0
7560,502.8370337360987,1.8440099146175462,4153.0
7561,502.8500563250578,1.8440099146175462,4153.0
7562,502.8625513292753,1.8440099146175462,4153.0
7563,502.8788149401627,1.8440099146175462,4153.0
7564,502.89076550724076,1.8440099146175462,4153.0
7565,502.9054905302479,1.8440099146175462,4153.0
7566,502.95111229591384,1.8440099146175462,4153.0
7567,503.00237471163564,1.8440099146175462,4153.0
7568,503.02242650357323,1.8440099146175462,4153.0
7569,503.1219692952827,1.8440099146175462,4153.0
7570,503.122167865395,1.8440099146175462,4153.0
7571,503.3326280308931,1.8440099146175462,4153.0
7572,503.69879513385655,1.8440099146175462,4153.0
7573,504.07360804090536,1.8440099146175462,4153.0
7574,504.06855466198226,1.8440099146175462,4153.0
7575,504.1154457396248,1.8440099146175462,4153.0
7576,504.1538340386267,1.8440099146175462,4153.0
7577,504.2174913644233,1.8440099146175462,4153.0
7578,504.45959181369,1.8440099146175462,4153.0
7579,504.53754853402745,1.8440099146175462,4153.0
7580,504.60492818761986,1.8440099146175462,4153.0
7581,504.6962794069772,1.8440099146175462,4153.0
7582,504.74880354402944,1.8440099146175462,4153.0
7583,504.79460154701394,1.8440099146175462,4153.0
7584,504.8259791682334,1.8440099146175462,4153.0
7585,504.86040631506194,1.8440099146175462,4153.0
7586,504.87496260698674,1.8440099146175462,4153.0
7587,504.8899654991177,1.8440099146175462,4153.0
7588,504.90337622335096,1.8440099146175462,4153.0
7589,504.91612368586334,1.8440099146175462,4153.0
7590,504.93349293069963,1.8440099146175462,4153.0
7591,505.4274282395861,1.8440099146175462,4153.0
7592,505.4526073731919,1.8440099146175462,4153.0
7593,505.47416739224957,1.8440099146175462,4153.0
7594,505.4828324374609,1.8440099146175462,4153.0
7595,505.4694745211189,1.8440099146175462,4153.0
7596,505.85397969876783,1.8440099146175462,4153.0
7597,506.45066935524136,1.8440099146175462,4153.0
7598,506.6768833536303,1.8440099146175462,4153.0
7599,506.7131296235045,1.8440099146175462,4153.0
7600,506.7523443718421,1.8440099146175462,4153.0
7601,506.8097892340645,1.8440099146175462,4153.0
7602,506.8758634244081,1.8440099146175462,4153.0
7603,506.9479874172596,1.8440099146175462,4153.0
7604,507.03828292674154,1.8440099146175462,4153.0
7605,507.0928769957806,1.8440099146175462,4153.0
7606,507.1548851395736,1.8440099146175462,4153.0
7607,507.17900784195854,1.8440099146175462,4153.0
7608,507.192800415842,1.8440099146175462,4153.0
7609,507.21026297379836,1.8440099146175462,4153.0
7610,507.2249849798671,1.8440099146175462,4153.0
7611,507.2324874710055,1.8440099146175462,4153.0
7612,507.24698966297024,1.8440099146175462,4153.0
7613,507.2591873585051,1.8440099146175462,4153.0
7614,507.29456084555926,1.8440099146175462,4153.0
7615,507.33762879239623,1.8440099146175462,4153.0
7616,507.3356401686411,1.8440099146175462,4153.0
7617,507.32858874331447,1.8440099146175462,4153.0
7618,507.35276839496976,1.8440099146175462,4153.0
7619,507.52033594358636,1.8440099146175462,4153.0
7620,507.51887280673606,1.8440099146175462,4153.0
7621,507.5063920332844,1.8440099146175462,4153.0
7622,507.49688914833865,1.8440099146175462,4153.0
7623,507.8513781063775,1.8440099146175462,4153.0
7624,508.5972909483249,1.8440099146175462,4153.0
7625,509.11599639920547,1.8440099146175462,4153.0
7626,509.2296295596092,1.8440099146175462,4153.0
7627,509.3010257868938,1.8440099146175462,4153.0
7628,509.37498038503225,1.8440099146175462,4153.0
7629,509.45720441442603,1.8440099146175462,4153.0
7630,509.51109738497905,1.8440099146175462,4153.0
7631,509.5474072153186,1.8440099146175462,4153.0
7632,509.55931795365086,1.8440099146175462,4153.0
7633,509.57123867404755,1.8440099146175462,4153.0
7634,509.5892584622026,1.8440099146175462,4153.0
7635,509.6040959567037,1.8440099146175462,4153.0
7636,509.6156879311721,1.8440099146175462,4153.0
7637,509.62863918986517,1.8440099146175462,4153.0
7638,509.6414959039967,1.8440099146175462,4153.0
7639,509.71411215984693,1.8440099146175462,4153.0
7640,509.79373426205086,1.8440099146175462,4153.0
7641,509.83060091067836,1.8440099146175462,4153.0
7642,509.8316280444448,1.8440099146175462,4153.0
7643,509.8414690427688,1.8440099146175462,4153.0
7644,509.83717410093334,1.8440099146175462,4153.0
7645,509.8499667209321,1.8440099146175462,4153.0
7646,509.8417663838264,1.8440099146175462,4153.0
7647,509.9735712477489,1.8440099146175462,4153.0
7648,510.0564067754451,1.8440099146175462,4153.0
7649,510.18822239500474,1.8440099146175462,4153.0
7650,510.2327998363135,1.8440099146175462,4153.0
7651,510.2653992324492,1.8440099146175462,4153.0
7652,510.30895298260117,1.8440099146175462,4153.0
7653,510.3405948363306,1.8440099146175462,4153.0
7654,510.39510144773766,1.8440099146175462,4153.0
7655,510.4409217638419,1.8440099146175462,4153.0
7656,510.46289574484376,1.8440099146175462,4153.0
7657,510.47705835007093,1.8440099146175462,4153.0
7658,510.48759801396335,1.8440099146175462,4153.0
7659,510.50196831474426,1.8440099146175462,4153.0
7660,510.5102818131943,1.8440099146175462,4153.0
7661,510.5247875290506,1.8440099146175462,4153.0
7662,510.5497161818239,1.8440099146175462,4153.0
7663,510.6213464630512,1.8440099146175462,4153.0
7664,510.67180880238794,1.8440099146175462,4153.0
7665,511.3680097881286,1.8440099146175462,4153.0
7666,512.2056641817907,1.8440099146175462,4153.0
7667,512.9154181513559,1.8440099146175462,4153.0
7668,513.6892961209278,1.8440099146175462,4153.0
7669,514.3673303317332,1.8440099146175462,4153.0
7670,514.7269702420355,1.8440099146175462,4153.0
7671,514.8097802035342,1.8440099146175462,4153.0
7672,514.9336664717297,1.8440099146175462,4153.0
7673,515.0729846132597,1.8440099146175462,4153.0
7674,515.2152515086885,1.8440099146175462,4153.0
7675,515.2866867928547,1.8440099146175462,4153.0
7676,515.3633811004503,1.8440099146175462,4153.0
7677,515.4720740506392,1.8440099146175462,4153.0
7678,515.5378185384143,1.8440099146175462,4153.0
7679,515.5766712735832,1.8440099146175462,4153.0
7680,515.5912533438183,1.8440099146175462,4153.0
7681,515.6031787627813,1.8440099146175462,4153.0
7682,515.614542406247,1.8440099146175462,4153.0
7683,515.6298641791482,1.8440099146175462,4153.0
7684,515.6386174014493,1.8440099146175462,4153.0
7685,515.6470950666278,1.8440099146175462,4153.0
7686,515.6942074813833,1.8440099146175462,4153.0
7687,515.7918009814222,1.8440099146175462,4153.0
7688,515.7888605587873,1.8440099146175462,4153.0
7689,515.8028078087615,1.8440099146175462,4153.0
7690,515.7983568805125,1.8440099146175462,4153.0
7691,515.7845662812443,1.8440099146175462,4153.0
7692,515.7684450307962,1.8440099146175462,4153.0
7693,515.7592654409865,1.8440099146175462,4153.0
7694,515.7508278830478,1.8440099146175462,4153.0
7695,515.8273096313904,1.8440099146175462,4153.0
7696,515.8935198815665,1.8440099146175462,4153.0
7697,515.9597271751659,1.8440099146175462,4153.0
7698,516.0400079011598,1.8440099146175462,4153.0
7699,516.1097913962483,1.8440099146175462,4153.0
7700,516.1837070452872,1.8440099146175462,4153.0
7701,516.2587456768373,1.8440099146175462,4153.0
7702,516.3193968252571,1.8440099146175462,4153.0
7703,516.360932713376,1.8440099146175462,4153.0
7704,516.3735124156938,1.8440099146175462,4153.0
7705,516.388090483179,1.8440099146175462,4153.0
7706,516.4024651175156,1.8440099146175462,4153.0
7707,516.4155917504214,1.8440099146175462,4153.0
7708,516.4285322375214,1.8440099146175462,4153.0
7709,516.438484844669,1.8440099146175462,4153.0
7710,516.4656400014205,1.8440099146175462,4153.0
7711,516.5603832866904,1.8440099146175462,4153.0
7712,516.6883078711463,1.8440099146175462,4153.0
7713,516.7193315155979,1.8440099146175462,4153.0
7714,516.7359686515404,1.8440099146175462,4153.0
7715,516.8058976478009,1.8440099146175462,4153.0
7716,516.8761884291456,1.8440099146175462,4153.0
7717,516.9801256810321,1.8440099146175462,4153.0
7718,517.0385558165794,1.8440099146175462,4153.0
7719,517.1256321304386,1.8440099146175462,4153.0
7720,517.276341858366,1.8440099146175462,4153.0
7721,517.3508862247322,1.8440099146175462,4153.0
7722,517.4592214002015,1.8440099146175462,4153.0
7723,517.6318334246428,1.8440099146175462,4153.0
7724,517.7677500031679,1.8440099146175462,4153.0
7725,517.8471275392692,1.8440099146175462,4153.0
7726,517.9297410183059,1.8440099146175462,4153.0
7727,517.965859001115,1.8440099146175462,4153.0
7728,517.9926489408269,1.8440099146175462,4153.0
7729,518.0220262961401,1.8440099146175462,4153.0
7730,518.0440107730795,1.8440099146175462,4153.0
7731,518.0527527305896,1.8440099146175462,4153.0
7732,518.0635553613898,1.8440099146175462,4153.0
7733,518.075102842751,1.8440099146175462,4153.0
7734,518.0873849737201,1.8440099146175462,4153.0
7735,518.1817375806021,1.8440099146175462,4153.0
7736,518.247596362628,1.8440099146175462,4153.0
7737,518.3191807370084,1.8440099146175462,4153.0
7738,518.3178479673837,1.8440099146175462,4153.0
7739,518.310702704391,1.8440099146175462,4153.0
7740,518.945517987579,1.8440099146175462,4153.0
7741,519.0501947625299,1.8440099146175462,4153.0
7742,519.3532159060089,1.8440099146175462,4153.0
7743,519.6082136174958,1.8440099146175462,4153.0
7744,520.3504476052343,1.8440099146175462,4153.0
7745,520.640493301792,1.8440099146175462,4153.0
7746,520.8119317990544,1.8440099146175462,4153.0
7747,521.2155796156368,1.8440099146175462,4153.0
7748,521.7029299876338,1.8440099146175462,4153.0
7749,522.4433151262747,1.8440099146175462,4153.0
7750,523.1838222851678,1.8440099146175462,4153.0
7751,523.8984970698791,1.8440099146175462,4153.0
7752,524.5982569654589,1.8440099146175462,4153.0
7753,525.1828882609232,1.8440099146175462,4153.0
7754,525.2997808126266,1.8440099146175462,4153.0
7755,525.3106747006059,1.8440099146175462,4153.0
7756,525.3203760775751,1.8440099146175462,4153.0
7757,525.3319006134205,1.8440099146175462,4153.0
7758,525.344430723277,1.8440099146175462,4153.0
7759,525.422079889077,1.8440099146175462,4153.0
7760,525.4776339986461,1.8440099146175462,4153.0
7761,525.5484184375618,1.8440099146175462,4153.0
7762,525.9019217916542,1.8440099146175462,4153.0
7763,526.4977807938403,1.8440099146175462,4153.0
7764,526.546815123608,1.8440099146175462,4153.0
7765,526.5388478264515,1.8440099146175462,4153.0
7766,526.5325653305581,1.8440099146175462,4153.0
7767,526.6043660905685,1.8440099146175462,4153.0
7768,526.6768987707691,1.8440099146175462,4153.0
7769,526.7615221945256,1.8440099146175462,4153.0
7770,526.9051541671489,1.8440099146175462,4153.0
7771,526.9855281447768,1.8440099146175462,4153.0
7772,527.1591092988627,1.8440099146175462,4153.0
7773,527.2320776659595,1.8440099146175462,4153.0
7774,527.3150485599203,1.8440099146175462,4153.0
7775,527.3294578723228,1.8440099146175462,4153.0
7776,527.3394830061225,1.8440099146175462,4153.0
7777,527.3467738107781,1.8440099146175462,4153.0
7778,527.3621747997981,1.8440099146175462,4153.0
7779,527.3704144135876,1.8440099146175462,4153.0
7780,527.3782082776014,1.8440099146175462,4153.0
7781,527.3868325892958,1.8440099146175462,4153.0
7782,527.4464344934767,1.8440099146175462,4153.0
7783,528.1633605242802,1.8440099146175462,4153.0
7784,528.8299697637877,1.8440099146175462,4153.0
7785,529.5251021632004,1.8440099146175462,4153.0
7786,530.2094987473059,1.8440099146175462,4153.0
7787,530.5646080987216,1.8440099146175462,4153.0
7788,530.6968137796867,1.8440099146175462,4153.0
7789,530.6912068509836,1.8440099146175462,4153.0
7790,530.7621029750654,1.8440099146175462,4153.0
7791,530.892287217074,1.8440099146175462,4153.0
7792,531.0281545997464,1.8440099146175462,4153.0
7793,531.114151540376,1.8440099146175462,4153.0
7794,531.215147247999,1.8440099146175462,4153.0
7795,531.3028836527886,1.8440099146175462,4153.0
7796,531.3404533036755,1.8440099146175462,4153.0
7797,531.4081617009955,1.8440099146175462,4153.0
7798,531.4496591844979,1.8440099146175462,4153.0
7799,531.4736439708988,1.8440099146175462,4153.0
7800,531.4893154611982,1.8440099146175462,4153.0
7801,531.4977278220352,1.8440099146175462,4153.0
7802,531.508045074732,1.8440099146175462,4153.0
7803,531.5104806170418,1.8440099146175462,4153.0
7804,531.5149080073752,1.8440099146175462,4153.0
7805,531.5196268219134,1.8440099146175462,4153.0
7806,531.5564598606975,1.8440099146175462,4153.0
7807,531.6174667965314,1.8440099146175462,4153.0
7808,531.6643869976084,1.8440099146175462,4153.0
7809,531.7880827938719,1.8440099146175462,4153.0
7810,532.3665279558878,1.8440099146175462,4153.0
7811,532.9882329684657,1.8440099146175462,4153.0
7812,533.5808169424242,1.8440099146175462,4153.0
7813,533.8816486711029,1.8440099146175462,4153.0
7814,533.8787516340263,1.8440099146175462,4153.0
7815,534.015095620989,1.8440099146175462,4153.0
7816,534.1575370969667,1.8440099146175462,4153.0
7817,534.2741591349552,1.8440099146175462,4153.0
7818,534.3886439302511,1.8440099146175462,4153.0
7819,534.5488234937125,1.8440099146175462,4153.0
7820,534.6203340857699,1.8440099146175462,4153.0
7821,534.7199697097049,1.8440099146175462,4153.0
7822,534.7968699645288,1.8440099146175462,4153.0
7823,534.8324327576642,1.8440099146175462,4153.0
7824,534.8524676558285,1.8440099146175462,4153.0
7825,534.8642534218071,1.8440099146175462,4153.0
7826,534.8841904097312,1.8440099146175462,4153.0
7827,534.8951466840853,1.8440099146175462,4153.0
7828,534.9043606440904,1.8440099146175462,4153.0
7829,534.9127349691387,1.8440099146175462,4153.0
7830,534.9215308901515,1.8440099146175462,4153.0
7831,535.0609770956786,1.8440099146175462,4153.0
7832,535.1438242532005,1.8440099146175462,4153.0
7833,535.395363239512,1.8440099146175462,4153.0
7834,536.0513673507552,1.8440099146175462,4153.0
7835,536.4657893821833,1.8440099146175462,4153.0
7836,536.5900612294012,1.8440099146175462,4153.0
7837,536.6413202873719,1.8440099146175462,4153.0
7838,536.63972378558,1.8440099146175462,4153.0
7839,536.696764719341,1.8440099146175462,4153.0
7840,536.865477986524,1.8440099146175462,4153.0
7841,537.0034860189184,1.8440099146175462,4153.0
7842,537.0609458851172,1.8440099146175462,4153.0
7843,537.1291835510075,1.8440099146175462,4153.0
7844,537.2184744579062,1.8440099146175462,4153.0
7845,537.2918726994262,1.8440099146175462,4153.0
7846,537.3633271504623,1.8440099146175462,4153.0
7847,537.3945671203423,1.8440099146175462,4153.0
7848,537.4056070389375,1.8440099146175462,4153.0
7849,537.4150870373547,1.8440099146175462,4153.0
7850,537.4396917413794,1.8440099146175462,4153.0
7851,537.4520528521839,1.8440099146175462,4153.0
7852,537.4635237029265,1.8440099146175462,4153.0
7853,537.4737470632788,1.8440099146175462,4153.0
7854,537.4875854589777,1.8440099146175462,4153.0
7855,537.5601636969296,1.8440099146175462,4153.0
7856,537.7042426525795,1.8440099146175462,4153.0
7857,538.3706377346946,1.8440099146175462,4153.0
7858,539.0459582222234,1.8440099146175462,4153.0
7859,539.3210639839224,1.8440099146175462,4153.0
7860,539.3731032647445,1.8440099146175462,4153.0
7861,539.432370876741,1.8440099146175462,4153.0
7862,539.4913220553457,1.8440099146175462,4153.0
7863,539.5842851134094,1.8440099146175462,4153.0
7864,539.7176894031799,1.8440099146175462,4153.0
7865,539.8936503401899,1.8440099146175462,4153.0
7866,540.0648230719703,1.8440099146175462,4153.0
7867,540.2012693967996,1.8440099146175462,4153.0
7868,540.4001485830959,1.8440099146175462,4153.0
7869,540.5088776352503,1.8440099146175462,4153.0
7870,540.660637653634,1.8440099146175462,4153.0
7871,540.734649094136,1.8440099146175462,4153.0
7872,540.7792299121786,1.8440099146175462,4153.0
7873,540.8066878805838,1.8440099146175462,4153.0
7874,540.8426051338157,1.8440099146175462,4153.0
7875,540.8706086579864,1.8440099146175462,4153.0
7876,540.9167198759263,1.8440099146175462,4153.0
7877,540.9468065309202,1.8440099146175462,4153.0
7878,540.9873930434446,1.8440099146175462,4153.0
7879,541.1173106006638,1.8440099146175462,4153.0
7880,541.1600529705136,1.8440099146175462,4153.0
7881,541.2181873084886,1.8440099146175462,4153.0
7882,541.2179447461316,1.8440099146175462,4153.0
7883,541.2401215546421,1.8440099146175462,4153.0
7884,541.764014106333,1.8440099146175462,4153.0
7885,541.8905958350002,1.8440099146175462,4153.0
7886,541.971330098181,1.8440099146175462,4153.0
7887,542.146517121408,1.8440099146175462,4153.0
7888,542.3119586919308,1.8440099146175462,4153.0
7889,542.4231015974455,1.8440099146175462,4153.0
7890,542.560952058624,1.8440099146175462,4153.0
7891,542.6787393282773,1.8440099146175462,4153.0
7892,542.7952075228783,1.8440099146175462,4153.0
7893,542.9200784253934,1.8440099146175462,4153.0
7894,543.0358726351769,1.8440099146175462,4153.0
7895,543.0917262260023,1.8440099146175462,4153.0
7896,543.1765379791933,1.8440099146175462,4153.0
7897,543.1908854698357,1.8440099146175462,4153.0
7898,543.2052738770178,1.8440099146175462,4153.0
7899,543.2177267153637,1.8440099146175462,4153.0
7900,543.2367675592844,1.8440099146175462,4153.0
7901,543.2533118784702,1.8440099146175462,4153.0
7902,543.2947407088031,1.8440099146175462,4153.0
7903,543.3825839534732,1.8440099146175462,4153.0
7904,543.4355565694592,1.8440099146175462,4153.0
7905,543.5009682660275,1.8440099146175462,4153.0
7906,543.5319395720632,1.8440099146175462,4153.0
7907,543.637060091246,1.8440099146175462,4153.0
7908,543.8374110349837,1.8440099146175462,4153.0
7909,544.5087272406125,1.8440099146175462,4153.0
7910,545.1749925106492,1.8440099146175462,4153.0
7911,545.8365685951482,1.8440099146175462,4153.0
7912,546.1059390626684,1.8440099146175462,4153.0
7913,546.3022185453232,1.8440099146175462,4153.0
7914,546.4327279595217,1.8440099146175462,4153.0
7915,546.6433929889687,1.8440099146175462,4153.0
7916,546.8088510876453,1.8440099146175462,4153.0
7917,546.9379657963203,1.8440099146175462,4153.0
7918,547.0209485985233,1.8440099146175462,4153.0
7919,547.0591088642919,1.8440099146175462,4153.0
7920,547.0903687139792,1.8440099146175462,4153.0
7921,547.1024844612367,1.8440099146175462,4153.0
7922,547.1181576483064,1.8440099146175462,4153.0
7923,547.1308142538874,1.8440099146175462,4153.0
7924,547.1482044812045,1.8440099146175462,4153.0
7925,547.1667146299551,1.8440099146175462,4153.0
7926,547.219322493724,1.8440099146175462,4153.0
7927,547.3045345092318,1.8440099146175462,4153.0
7928,547.398366911126,1.8440099146175462,4153.0
7929,547.5550367288573,1.8440099146175462,4153.0
7930,547.6779049223213,1.8440099146175462,4153.0
7931,547.7054284882653,1.8440099146175462,4153.0
7932,547.7735056375503,1.8440099146175462,4153.0
7933,547.7712841409916,1.8440099146175462,4153.0
7934,547.8273417756948,1.8440099146175462,4153.0
7935,548.0541441544156,1.8440099146175462,4153.0
7936,548.2415546782325,1.8440099146175462,4153.0
7937,548.4479667693936,1.8440099146175462,4153.0
7938,548.595249203108,1.8440099146175462,4153.0
7939,548.7484641840978,1.8440099146175462,4153.0
7940,548.9379747007523,1.8440099146175462,4153.0
7941,549.0323731038735,1.8440099146175462,4153.0
7942,549.1077416731512,1.8440099146175462,4153.0
7943,549.1655659905911,1.8440099146175462,4153.0
7944,549.1934264834234,1.8440099146175462,4153.0
7945,549.2078876722819,1.8440099146175462,4153.0
7946,549.2207615604927,1.8440099146175462,4153.0
7947,549.2346956649534,1.8440099146175462,4153.0
7948,549.2508480829384,1.8440099146175462,4153.0
7949,549.2643715733321,1.8440099146175462,4153.0
7950,549.2809690860871,1.8440099146175462,4153.0
7951,549.3620142529941,1.8440099146175462,4153.0
7952,549.440216325638,1.8440099146175462,4153.0
7953,549.5903369979605,1.8440099146175462,4153.0
7954,549.6365290506197,1.8440099146175462,4153.0
7955,549.7751556515684,1.8440099146175462,4153.0
7956,549.8117709963514,1.8440099146175462,4153.0
7957,549.8588185818911,1.8440099146175462,4153.0
7958,550.0340156726879,1.8440099146175462,4153.0
7959,550.292599346037,1.8440099146175462,4153.0
7960,550.5196088733295,1.8440099146175462,4153.0
7961,550.7319992663402,1.8440099146175462,4153.0
7962,550.9154653354054,1.8440099146175462,4153.0
7963,551.0747347005631,1.8440099146175462,4153.0
7964,551.2112448877181,1.8440099146175462,4153.0
7965,551.32390670118,1.8440099146175462,4153.0
7966,551.4225791119045,1.8440099146175462,4153.0
7967,551.4658857369246,1.8440099146175462,4153.0
7968,551.4838286337258,1.8440099146175462,4153.0
7969,551.496592859821,1.8440099146175462,4153.0
7970,551.511476265489,1.8440099146175462,4153.0
7971,551.524988534691,1.8440099146175462,4153.0
7972,551.5388881071635,1.8440099146175462,4153.0
7973,551.5510412015393,1.8440099146175462,4153.0
7974,551.6056263495632,1.8440099146175462,4153.0
7975,551.6752698178906,1.8440099146175462,4153.0
7976,551.8230528712705,1.8440099146175462,4153.0
7977,551.9921730350867,1.8440099146175462,4153.0
7978,552.0383080113523,1.8440099146175462,4153.0
7979,552.0810254965821,1.8440099146175462,4153.0
7980,552.1138814413545,1.8440099146175462,4153.0
7981,552.2814954741605,1.8440099146175462,4153.0
7982,552.4469621736482,1.8440099146175462,4153.0
7983,552.6608454245054,1.8440099146175462,4153.0
7984,552.822365056285,1.8440099146175462,4153.0
7985,552.9565198324499,1.8440099146175462,4153.0
7986,553.0984484792843,1.8440099146175462,4153.0
7987,553.2079745974912,1.8440099146175462,4153.0
7988,553.3180052184665,1.8440099146175462,4153.0
7989,553.4207236652728,1.8440099146175462,4153.0
7990,553.5050280743166,1.8440099146175462,4153.0
7991,553.5495323954573,1.8440099146175462,4153.0
7992,553.5681066932477,1.8440099146175462,4153.0
7993,553.6121360299221,1.8440099146175462,4153.0
7994,553.6253586000987,1.8440099146175462,4153.0
7995,553.6372253241822,1.8440099146175462,4153.0
7996,553.6519450504318,1.8440099146175462,4153.0
7997,553.665224155316,1.8440099146175462,4153.0
7998,553.7177314083282,1.8440099146175462,4153.0
7999,553.7989052432229,1.8440099146175462,4153.0
8000,553.9669551147425,1.8440099146175462,4153.0
8001,554.0356804568984,1.8440099146175462,4153.0
8002,554.1097568118772,1.8440099146175462,4153.0
8003,554.2363227329386,1.8440099146175462,4153.0
8004,554.3588344092581,1.8440099146175462,4153.0
8005,554.5040460862983,1.8440099146175462,4153.0
8006,554.6402043560028,1.8440099146175462,4153.0
8007,554.7718750561567,1.8440099146175462,4153.0
8008,554.9110305035839,1.8440099146175462,4153.0
8009,555.1454295380419,1.8440099146175462,4153.0
8010,555.2799517605903,1.8440099146175462,4153.0
8011,555.4411795910634,1.8440099146175462,4153.0
8012,555.561223407119,1.8440099146175462,4153.0
8013,555.6972060740292,1.8440099146175462,4153.0
8014,555.8303849759325,1.8440099146175462,4153.0
8015,555.9241126485823,1.8440099146175462,4153.0
8016,555.9561057576831,1.8440099146175462,4153.0
8017,555.9924790010159,1.8440099146175462,4153.0
8018,556.0670838131022,1.8440099146175462,4153.0
8019,556.1241776276016,1.8440099146175462,4153.0
8020,556.1697249652924,1.8440099146175462,4153.0
8021,556.2315688736771,1.8440099146175462,4153.0
8022,556.2914309001467,1.8440099146175462,4153.0
8023,556.3793055991869,1.8440099146175462,4153.0
8024,556.5238241945317,1.8440099146175462,4153.0
8025,556.5796577742051,1.8440099146175462,4153.0
8026,556.7517570663454,1.8440099146175462,4153.0
8027,556.9702144599257,1.8440099146175462,4153.0
8028,557.1701453708534,1.8440099146175462,4153.0
8029,557.3982377085604,1.8440099146175462,4153.0
8030,557.6012998252013,1.8440099146175462,4153.0
8031,557.7204078132391,1.8440099146175462,4153.0
8032,557.8859750938229,1.8440099146175462,4153.0
8033,558.0634589889466,1.8440099146175462,4153.0
8034,558.4116007720768,1.8440099146175462,4153.0
8035,558.5709345991896,1.8440099146175462,4153.0
8036,558.7601014988019,1.8440099146175462,4153.0
8037,558.8781995395386,1.8440099146175462,4153.0
8038,558.9650892577674,1.8440099146175462,4153.0
8039,559.0155303980274,1.8440099146175462,4153.0
8040,559.0519245278801,1.8440099146175462,4153.0
8041,559.0699484343413,1.8440099146175462,4153.0
8042,559.0897303703125,1.8440099146175462,4153.0
8043,559.1177596273077,1.8440099146175462,4153.0
8044,559.1447113462355,1.8440099146175462,4153.0
8045,559.1702001957149,1.8440099146175462,4153.0
8046,559.2287504358259,1.8440099146175462,4153.0
8047,559.3054843257236,1.8440099146175462,4153.0
8048,559.5542057650492,1.8440099146175462,4153.0
8049,559.7575672515685,1.8440099146175462,4153.0
8050,559.94458708054,1.8440099146175462,4153.0
8051,560.090551699049,1.8440099146175462,4153.0
8052,560.3448620430125,1.8440099146175462,4153.0
8053,560.7608897035125,1.8440099146175462,4153.0
8054,561.5293699847639,1.8440099146175462,4153.0
8055,562.2570904247639,1.8440686148698135,4154.0
8056,563.0840278447639,1.844353388249803,4155.0
8057,563.823703724764,1.8446226088847089,4156.0
8058,564.2645109947639,1.8449591549569693,4157.0
8059,564.442439554764,1.8453089888915981,4158.0
8060,564.5687175947639,1.8456847799255014,4159.0
8061,564.697074294764,1.8460973858752205,4160.0
8062,564.7885349647639,1.846524039778156,4161.0
8063,564.851933724764,1.8469529959883262,4162.0
8064,564.897664244764,1.847393506933052,4163.0
8065,564.9444337247639,1.8478520393892186,4164.0
8066,564.9730151147639,1.8482775297077096,4165.0
8067,564.997959034764,1.8487957048586972,4166.0
8068,565.027579754764,1.8491464608121813,4167.0
8069,565.039012384764,1.8495994922647911,4168.0
8070,565.077987074764,1.8499742423771774,4169.0
8071,565.176053724764,1.8503912796339874,4170.0
8072,565.232405686764,1.850734130318632,4171.0
8073,565.253826096764,1.8508665370130586,4172.0
8074,565.417503366764,1.8508665370130586,4172.0
8075,565.529544546764,1.8508830364387405,4173.0
8076,565.8623306219976,1.8508830364387405,4173.0
8077,566.5767203299613,1.8508830364387405,4173.0
8078,566.6815631599612,1.850981023556353,4174.0
8079,566.7740631599612,1.8514000441842204,4175.0
8080,566.9154112999612,1.851976761282348,4176.0
8081,567.0926165099612,1.8528641267608092,4177.0
8082,567.2781359899612,1.8541207687997483,4178.0
8083,567.3945405799612,1.8555386742505995,4179.0
8084,567.5021106799612,1.857072283587275,4180.0
8085,567.6034447999613,1.8586643849438307,4181.0
8086,567.7037395899613,1.8603491132711574,4182.0
8087,567.7473914499612,1.862075011454894,4183.0
8088,567.8326161399613,1.863790614095077,4184.0
8089,567.9048493899612,1.865585081560916,4185.0
8090,567.9874759399612,1.8673723734436938,4186.0
8091,568.1267454199613,1.8691218857646361,4187.0
8092,568.2150880999612,1.8711628677620573,4188.0
8093,568.3268155199612,1.8735312821624652,4189.0
8094,568.4089222199613,1.875647098815874,4190.0
8095,568.5668996399612,1.878493148181431,4191.0
8096,568.7061691199613,1.8810212105750184,4192.0
8097,568.8511550999613,1.8825481362344683,4193.0
8098,568.9927237599612,1.8851295540266009,4194.0
8099,569.1157520899612,1.887169851443985,4195.0
8100,569.2533473199612,1.8889579636380016,4196.0
8101,569.4113813499612,1.8907415116991226,4197.0
8102,569.5520375899612,1.8924195915098425,4198.0
8103,569.7313214599611,1.8941505206824372,4199.0
8104,569.9220375899612,1.8958201051155932,4200.0
8105,570.0893689799611,1.8975072783818272,4201.0
8106,570.2541022299612,1.8991673633868111,4202.0
8107,570.4494955299612,1.90099830120788,4203.0
8108,570.6895796499612,1.9026638184364948,4204.0
8109,570.9369390799611,1.904439724845245,4205.0
8110,571.0840037199612,1.9062356924278987,4206.0
8111,571.2747198499612,1.907848911246833,4207.0
8112,571.2856326299612,1.9096516428054766,4208.0
8113,571.3173320099612,1.9113365362755328,4209.0
8114,571.3256466499612,1.9131477887207606,4210.0
8115,571.3417560799612,1.9147922737852476,4211.0
8116,571.3635820099612,1.9165316085605681,4212.0
8117,571.3900847399611,1.9182374800112854,4213.0
8118,571.4067140199611,1.9200680926643516,4214.0
8119,571.5122054599611,1.9221123658825443,4215.0
8120,571.8149235499611,1.9242249287106603,4216.0
8121,572.549300696961,1.926449777193644,4217.0
8122,573.351028795961,1.9283879873472676,4218.0
8123,574.0515479089611,1.9303862928694746,4219.0
8124,574.4189460689611,1.9323594547677967,4220.0
8125,574.5387335689611,1.934195093532276,4221.0
8126,574.678001198961,1.935942160983016,4222.0
8127,574.935974448961,1.9376149361982886,4223.0
8128,575.131367748961,1.939223676534934,4224.0
8129,575.226465888961,1.9408028597451825,4225.0
8130,575.383403978961,1.942580637331517,4226.0
8131,575.5444993889611,1.9440622078519625,4227.0
8132,575.7232634089611,1.9459188924500102,4228.0
8133,575.837589338961,1.9476001509836525,4229.0
8134,575.9565920689611,1.9493705870792442,4230.0
8135,575.997645418961,1.951159041440243,4231.0
8136,576.0095975289611,1.952956075774942,4232.0
8137,576.0194709789611,1.954749757444975,4233.0
8138,576.030903608961,1.9566413637277242,4234.0
8139,576.042855718961,1.958548316029895,4235.0
8140,576.0532490189611,1.9606597859046393,4236.0
8141,576.0626029889611,1.961776542635961,4237.0
8142,576.0937828889611,1.9629823865760228,4238.0
8143,576.175370108961,1.9649928445204343,4239.0
8144,576.368164898961,1.9673461173998097,4240.0
8145,576.444958398961,1.970128509999095,4241.0
8146,576.455731318961,1.9726877308059718,4242.0
8147,576.877638248961,1.9751265262456184,4243.0
8148,577.614369298961,1.9777038006172567,4244.0
8149,577.7085487289611,1.9803824188075196,4245.0
8150,577.7015165689611,1.9827203631106867,4246.0
8151,577.7940165689611,1.9851711298054084,4247.0
8152,577.908342498961,1.9877080513264653,4248.0
8153,578.133356518961,1.9905022324214103,4249.0
8154,578.344339768961,1.9930754052504072,4250.0
8155,578.5054351789611,1.995795101174621,4251.0
8156,578.6301544089611,1.9985191420785242,4252.0
8157,578.807879098961,2.0012149086019404,4253.0
8158,578.9632583789611,2.0040136663892705,4254.0
8159,579.0765449789611,2.006839599374816,4255.0
8160,579.1051263689611,2.009628308018824,4256.0
8161,579.1331882789611,2.0124489583283767,4257.0
8162,579.1602108589611,2.0152802502917053,4258.0
8163,579.2002248789611,2.0181912142237186,4259.0
8164,579.2340029189611,2.021120210850062,4260.0
8165,579.2651828189611,2.024658862619398,4261.0
8166,579.304677358961,2.029293281438921,4262.0
8167,579.396138028961,2.032512900218703,4263.0
8168,579.625309368961,2.0353648718802875,4264.0
8169,579.665808088961,2.0415044537078355,4265.0
8170,579.7645877289609,2.045330406649594,4266.0
8171,579.7641198889609,2.048104992556672,4267.0
8172,579.8297367989609,2.0514808934602176,4268.0
8173,579.8356545789609,2.054556590028083,4269.0
8174,579.9281775189609,2.0576025315490507,4270.0
8175,580.1136969989609,2.060616442344354,4271.0
8176,580.2373768989609,2.06344899514167,4272.0
8177,580.3761268989608,2.066038243419795,4273.0
8178,580.4618714389608,2.0687941948041426,4274.0
8179,580.5803546889608,2.07157527177447,4275.0
8180,580.6874053089608,2.0743950057200244,4276.0
8181,580.7944559289608,2.0770595384944457,4277.0
8182,580.9134586589608,2.0798031220386215,4278.0
8183,580.9737394289608,2.0826015771191,4279.0
8184,581.0335007189608,2.08545593900695,4280.0
8185,581.0896241689608,2.088342115745598,4281.0
8186,581.1597787589608,2.09130083181899,4282.0
8187,581.2465626289608,2.0944109537847164,4283.0
8188,581.2922931489608,2.097516796665438,4284.0
8189,581.3728410389608,2.101833300636261,4285.0
8190,581.4466330989608,2.105853753501433,4286.0
8191,581.6117363489608,2.1104859357950136,4287.0
8192,581.7357862489608,2.1153045718730503,4288.0
8193,581.7757832489608,2.120676703369713,4289.0
8194,581.8264010989608,2.125229755758785,4290.0
8195,581.9103799989608,2.129535907062178,4291.0
8196,581.9625301669608,2.133960747812464,4292.0
8197,582.0482378549608,2.137669786832189,4293.0
8198,582.5241240849608,2.1414111305989514,4294.0
8199,582.8555859949608,2.1450433983176342,4295.0
8200,582.9636759449609,2.1486936937074312,4296.0
8201,583.0717658949609,2.152455792603529,4297.0
8202,583.1921779549609,2.156050479607154,4298.0
8203,583.2966300649609,2.1598894921915264,4299.0
8204,583.4083574849609,2.163569904846445,4300.0
8205,583.5247620749609,2.1672453616355063,4301.0
8206,583.6536386249609,2.1709992638863977,4302.0
8207,583.7258718749608,2.1746668734969794,4303.0
8208,583.8116164149608,2.178569981846545,4304.0
8209,583.8776136849608,2.1822071438852326,4305.0
8210,583.9389337849608,2.185992434016455,4306.0
8211,583.9831051249608,2.1895244274824748,4307.0
8212,584.0392285749608,2.193625740605704,4308.0
8213,584.1031471849608,2.197916967483801,4309.0
8214,584.1951277049608,2.2020834734353034,4310.0
8215,584.4159844049608,2.2062319297146713,4311.0
8216,584.5848749749608,2.210846066145849,4312.0
8217,584.6934844049608,2.2152016294459598,4313.0
8218,584.7896218749609,2.2179390488558726,4314.0
8219,584.8634139349608,2.221660485712804,4315.0
8220,585.5348018749609,2.225438889304855,4316.0
8221,586.4053911549609,2.2281880180590354,4317.0
8222,586.6678791449608,2.2313012496284736,4318.0
8223,586.7655757949608,2.234976579040503,4319.0
8224,586.9110812549608,2.238593269450111,4320.0
8225,587.0186513549608,2.2421589641461948,4321.0
8226,587.1225839849608,2.2456558644833757,4322.0
8227,587.2031318749608,2.2493313294029607,4323.0
8228,587.3439605349608,2.2527715672641584,4324.0
8229,587.4738764149608,2.2562210381920327,4325.0
8230,587.6152245549608,2.259694374349354,4326.0
8231,587.6900559449608,2.2631012105170405,4327.0
8232,587.7404632649608,2.2663988385489304,4328.0
8233,587.7991852249608,2.269669904628694,4329.0
8234,587.8547891949607,2.272962792937624,4330.0
8235,587.9057159949607,2.2757877350449625,4331.0
8236,587.9935391949607,2.2788140276024413,4332.0
8237,588.0351123949607,2.2818107420101272,4333.0
8238,588.0772050749607,2.284414530190082,4334.0
8239,588.1780197149607,2.287024631713047,4335.0
8240,588.2840310049606,2.2876295351023774,4336.0
8241,588.5183989949606,2.288332346817251,4337.0
8242,588.8507337349606,2.290963671855759,4338.0
8243,589.6871664649606,2.292246533420329,4339.0
8244,590.3088745049606,2.2932549366540047,4340.0
8245,590.6711792449606,2.2950747663093263,4341.0
8246,590.8198026949606,2.2971345878086957,4342.0
8247,590.8743673349605,2.2992464377197397,4343.0
8248,590.9845359449605,2.3011616115233355,4344.0
8249,591.0921060449605,2.303176804689786,4345.0
8250,591.2173447549604,2.305168415349577,4346.0
8251,591.2942548049605,2.307330628381921,4347.0
8252,591.3799993449604,2.309557052258403,4348.0
8253,591.6013758949604,2.3117772347780328,4349.0
8254,591.6917972349604,2.314341394804953,4350.0
8255,591.7442832149604,2.3172244766959462,4351.0
8256,591.8030051749604,2.320229171735221,4352.0
8257,591.8399012049604,2.3238334952514474,4353.0
8258,591.8918673349604,2.3277673937476835,4354.0
8259,591.9230472349603,2.3316429297374834,4355.0
8260,591.9682579049603,2.3360102519366794,4356.0
8261,592.0524432649603,2.339684922817562,4357.0
8262,592.1298731649603,2.342212785171227,4358.0
8263,592.2577103849602,2.3433666882545694,4359.0
8264,592.3705811049601,2.3454918218253695,4360.0
8265,593.0327652949602,2.349057892916603,4361.0
8266,593.7539374749601,2.351831996125762,4362.0
8267,594.4357834649601,2.355079982489686,4363.0
8268,595.1060181149601,2.358367483411577,4364.0
8269,595.8159482149601,2.3619931048806766,4365.0
8270,596.2927246649601,2.365856452746307,4366.0
8271,596.3852246649601,2.369591138584725,4367.0
8272,596.5011094049601,2.3728178687027865,4368.0
8273,596.5645081649601,2.3749488383205426,4369.0
8274,596.6622048149601,2.3775263419122954,4370.0
8275,596.73859538496,2.37959508388564,4371.0
8276,596.8331740449601,2.3808075778806463,4372.0
8277,596.94490146496,2.381984794755078,4373.0
8278,597.0732581649601,2.3829102122756938,4374.0
8279,597.1584828549601,2.3836719881949664,4375.0
8280,597.2031740449601,2.3843128691884425,4376.0
8281,597.2463060549601,2.384792853815279,4377.0
8282,597.3263340949601,2.385310519271061,4378.0
8283,597.3611514649601,2.3857108708487926,4379.0
8284,597.3970081649601,2.3861870083420733,4380.0
8285,597.4562496049601,2.3861986635435684,4381.0
8286,597.5258843449601,2.386275992711813,4382.0
8287,597.6583983649601,2.3865559076526837,4383.0
8288,597.8648371891983,2.3865559076526837,4383.0
8289,597.9940693091983,2.3865559076526837,4383.0
8290,598.0533423471983,2.3868621453340175,4384.0
8291,598.1267473871983,2.387690205507809,4385.0
8292,598.8401810911982,2.3880131166148146,4386.0
8293,599.5461634391983,2.3885390298238045,4387.0
8294,600.3095982031983,2.389503884116779,4388.0
8295,600.6660036631984,2.3902891791634135,4389.0
8296,600.7766917531984,2.3910939785949354,4390.0
8297,600.8993323231985,2.39169261700394,4391.0
8298,601.0256103631984,2.3922647869491414,4392.0
8299,601.1659191731984,2.392873264490296,4393.0
8300,601.2953152031984,2.393505222774049,4394.0
8301,601.4205539131983,2.394051503897199,4395.0
8302,601.5478712831983,2.39461722279965,4396.0
8303,601.6554413831983,2.3953045155357815,4397.0
8304,601.7120846831983,2.3959965135073142,4398.0
8305,601.7624920031983,2.3965754442411162,4399.0
8306,601.8274499431983,2.3971247040709764,4400.0
8307,601.8752587531983,2.3975288436709663,4401.0
8308,601.9313822031983,2.3978936344300705,4402.0
8309,602.0072529231983,2.3984199875314873,4403.0
8310,602.0794861731982,2.3990271359238813,4404.0
8311,602.1880956031982,2.3990928031965586,4405.0
8312,602.2939068631699,2.3990928031965586,4405.0
8313,602.3523761235521,2.3990928031965586,4405.0
8314,602.4289693174858,2.3990928031965586,4405.0
8315,602.4791370129971,2.3990928031965586,4405.0
8316,602.5480245615674,2.3990928031965586,4405.0
8317,603.0698606367597,2.3990928031965586,4405.0
8318,603.6624034267596,2.399115485023252,4406.0
8319,604.4168167767597,2.3994093515039694,4407.0
8320,605.1376060067597,2.399705678437912,4408.0
8321,605.5822834767596,2.4000175690177725,4409.0
8322,605.7802001767596,2.400382548494176,4410.0
8323,605.9085568767597,2.400846128957557,4411.0
8324,606.0945962067597,2.401377521577928,4412.0
8325,606.1886550167596,2.401925447469339,4413.0
8326,606.3159723867597,2.402466817442837,4414.0
8327,606.3902842967597,2.4031046555292352,4415.0
8328,606.4448489367596,2.403729261008765,4416.0
8329,606.5274754867596,2.4042930612832816,4417.0
8330,606.5747648167596,2.4048596268616063,4418.0
8331,606.6225736267596,2.405367956067936,4419.0
8332,606.6688236267596,2.405928038885662,4420.0
8333,606.7691184167596,2.406531945464419,4421.0
8334,606.8512251167597,2.4071887727166246,4422.0
8335,606.9951717667597,2.407894761755136,4423.0
8336,607.1224891367597,2.408225189287984,4424.0
8337,607.1698506167596,2.408225189287984,4424.0
8338,607.2281119680024,2.408225189287984,4424.0
8339,607.2845236169912,2.408225189287984,4424.0
8340,607.3679048302183,2.408225189287984,4424.0
8341,607.4620395215832,2.408225189287984,4424.0
8342,607.5512298755408,2.408225189287984,4424.0
8343,607.6894777286393,2.408225189287984,4424.0
8344,607.8314163702134,2.408225189287984,4424.0
8345,607.9943794804234,2.408225189287984,4424.0
8346,608.1798362110165,2.408225189287984,4424.0
8347,608.3509443168774,2.408225189287984,4424.0
8348,608.5225951137529,2.408225189287984,4424.0
8349,608.6940693937529,2.408225189287984,4424.0
8350,608.7959233637529,2.408293181271805,4425.0
8351,608.9055721237529,2.4083860166060034,4426.0
8352,608.9539007837529,2.40849456463601,4427.0
8353,609.0001507837529,2.408630651323889,4428.0
8354,609.0744626937529,2.4088267844035887,4429.0
8355,609.1409794437529,2.409054383119567,4430.0
8356,609.1919062437529,2.4094182830413673,4431.0
8357,609.2547855237528,2.4099219313373603,4432.0
8358,609.3109089737528,2.4105575629977247,4433.0
8359,609.4552256237528,2.411258780451589,4434.0
8360,609.6152817037528,2.412068548698126,4435.0
8361,609.7145371637528,2.412986756473238,4436.0
8362,609.8107595487528,2.413830890147003,4437.0
8363,609.9189612757528,2.414619458224664,4438.0
8364,609.9841069537529,2.4153438974485857,4439.0
8365,610.271397190753,2.415822230291049,4440.0
8366,611.0495610627529,2.416059175316441,4441.0
8367,611.5479218327529,2.4163890253397042,4442.0
8368,611.7335245627529,2.4168795258320275,4443.0
8369,611.8889038427529,2.41741843038565,4444.0
8370,612.0489599227529,2.418060144578556,4445.0
8371,612.2074571927529,2.4187248109760686,4446.0
8372,612.3706312627529,2.419486853425723,4447.0
8373,612.5623867227529,2.420240614609097,4448.0
8374,612.7281593027528,2.420960896698682,4449.0
8375,612.8196199727528,2.4217850547170934,4450.0
8376,612.9277099227528,2.4226150507500384,4451.0
8377,613.0259260527528,2.4234187269551444,4452.0
8378,613.1220635227528,2.4241572720646953,4453.0
8379,613.2015720827528,2.4247555156899754,4454.0
8380,613.3008275427528,2.425363595215792,4455.0
8381,613.3876114127528,2.42611022542617,4456.0
8382,613.4821900727528,2.4267817611297793,4457.0
8383,613.6292547127529,2.4274659166053794,4458.0
8384,613.7841141427529,2.428060512746687,4459.0
8385,613.9602800227528,2.4281754380085747,4460.0
8386,614.1216899846867,2.4281754380085747,4460.0
8387,614.2580453446867,2.4284295963547873,4461.0
8388,614.3215374186867,2.429038848248722,4462.0
8389,614.4043608826867,2.429341883026921,4463.0
8390,614.5053158636866,2.4296820298709325,4464.0
8391,614.6201612736867,2.4301139688313738,4465.0
8392,614.7069451436867,2.4305338665644074,4466.0
8393,614.7926896836866,2.4309250404977343,4467.0
8394,614.9413131336865,2.431363400784436,4468.0
8395,615.1060463836866,2.4318754356826293,4469.0
8396,615.2624649936865,2.4323509286179674,4470.0
8397,615.4225210736865,2.432830425633199,4471.0
8398,615.5737430336866,2.4333478541305453,4472.0
8399,615.6917064336866,2.433876850448296,4473.0
8400,615.7920012236866,2.434377861676261,4474.0
8401,615.8704704536866,2.4348603823429658,4475.0
8402,615.9104844736866,2.4353279416490397,4476.0
8403,615.9931110236865,2.435714436586344,4477.0
8404,616.0684622636866,2.4360810944582885,4478.0
8405,616.1422543236865,2.436440012605132,4479.0
8406,616.2441082936865,2.436785611906637,4480.0
8407,616.3672683436865,2.437196237967023,4481.0
8408,616.5429143736866,2.4376255164388505,4482.0
8409,617.2046960406866,2.4379875971215315,4483.0
8410,617.7954817376866,2.438351769981164,4484.0
8411,618.1660685206866,2.438850548338445,4485.0
8412,618.5758290906866,2.439397704342022,4486.0
8413,618.7792803616866,2.4399824892855917,4487.0
8414,618.8983631596866,2.4405759958614617,4488.0
8415,618.9955399596867,2.4413019278371055,4489.0
8416,619.1093460396867,2.4421844699650914,4490.0
8417,619.2132786696867,2.443151423549512,4491.0
8418,619.3281240796867,2.4442118322619635,4492.0
8419,619.4112701096867,2.4453762767140255,4493.0
8420,619.5250761896867,2.446591374765714,4494.0
8421,619.6336856196867,2.447873415073242,4495.0
8422,619.6918877296868,2.449191630066486,4496.0
8423,619.7220282996867,2.4503979242272385,4497.0
8424,619.7604835096868,2.4516290236667744,4498.0
8425,619.7895847496868,2.4528731446401215,4499.0
8426,619.7999780496868,2.4539950358078997,4500.0
8427,619.8108908296869,2.455035022511127,4501.0
8428,619.8441493896869,2.4556229325646646,4502.0
8429,619.8576606796869,2.455711363224504,4503.0
8430,619.8768880996869,2.4560168839612215,4504.0
8431,619.9543179996869,2.4566381856902306,4505.0
8432,620.0347160396868,2.4572669698884617,4506.0
8433,620.1555548206868,2.458242036326503,4507.0
8434,620.7223687726868,2.459331319574389,4508.0
8435,621.3962505126868,2.460399238498293,4509.0
8436,621.6309767736868,2.4615248851056983,4510.0
8437,621.6830662616869,2.462593033397946,4511.0
8438,621.7282755996869,2.4636627791855106,4512.0
8439,621.7885563696868,2.4647298100873107,4513.0
8440,621.8878118296868,2.4657626097263403,4514.0
8441,622.0509858996868,2.4668461759170386,4515.0
8442,622.2250731196868,2.4680805039003504,4516.0
8443,622.3643425996869,2.469241319065042,4517.0
8444,622.5462246096869,2.470335010853768,4518.0
8445,622.6792584796868,2.47141690750163,4519.0
8446,622.8497078596869,2.4725109984919174,4520.0
8447,622.9811825496869,2.4735065545811965,4521.0
8448,623.0861545096868,2.4743999947903763,4522.0
8449,623.1755365196868,2.47527274210979,4523.0
8450,623.2810279596869,2.476059379404301,4524.0
8451,623.3309154296869,2.47669639019708,4525.0
8452,623.3787242396869,2.4773949396061195,4526.0
8453,623.421336769687,2.47782463219503,4527.0
8454,623.5221514096869,2.4778558688343866,4528.0
8455,623.5975026496869,2.4780387211529376,4529.0
8456,623.729497189687,2.4790627329327566,4530.0
8457,623.889553269687,2.480163557715746,4531.0
8458,624.087544709687,2.480818503948678,4532.0
8459,624.236538159687,2.4815171407927026,4533.0
8460,624.329557639687,2.4821728571961255,4534.0
8461,624.444403049687,2.4827371267339724,4535.0
8462,624.5213130996871,2.483351382929019,4536.0
8463,624.617970419687,2.4840091797921504,4537.0
8464,624.737492999687,2.484594742257628,4538.0
8465,624.890793619687,2.4852050759803896,4539.0
8466,625.007198209687,2.4858180133278793,4540.0
8467,625.2031109896869,2.486451536896846,4541.0
8468,625.3293890296869,2.487180136770472,4542.0
8469,625.433321659687,2.4878380012808994,4543.0
8470,625.5356951096869,2.4884904296010686,4544.0
8471,625.5850630996869,2.4892157462324325,4545.0
8472,625.6765237696868,2.489931767113501,4546.0
8473,625.7222542896868,2.4905567569807525,4547.0
8474,625.7664256296869,2.491154498839143,4548.0
8475,625.8334622296869,2.4918048438131946,4549.0
8476,625.8906250096869,2.4924095042435006,4550.0
8477,625.9654563996869,2.492959032313191,4551.0
8478,626.0486024296869,2.493575449780573,4552.0
8479,626.1660463496869,2.4943146984674587,4553.0
8480,626.248153049687,2.4951402199717383,4554.0
8481,626.3624789796869,2.4958829647666247,4555.0
8482,626.5817768696869,2.4967103895861733,4556.0
8483,626.7111728996869,2.497605137084778,4557.0
8484,626.8360967026869,2.4985185369132625,4558.0
8485,626.9842908786868,2.499585569275322,4559.0
8486,627.1126486886868,2.5008677728527795,4560.0
8487,627.2358087386868,2.5022504775648513,4561.0
8488,627.3257105986869,2.5041477906915004,4562.0
8489,627.4119746186869,2.5063972889854504,4563.0
8490,627.4582246186869,2.5089043545878904,4564.0
8491,627.5829438486869,2.5118126853179352,4565.0
8492,627.6754438486869,2.515002129298026,4566.0
8493,627.8380984386869,2.5185543616004304,4567.0
8494,627.9217643186869,2.5226493959743648,4568.0
8495,627.9596996786869,2.5270037349934817,4569.0
8496,628.0007530286869,2.531696750196204,4570.0
8497,628.0251770986869,2.53660434159226,4571.0
8498,628.0631124586869,2.541650868220607,4572.0
8499,628.0854578686868,2.54673641023767,4573.0
8500,628.0984493086868,2.5520978786360167,4574.0
8501,628.1265112186868,2.557540211650826,4575.0
8502,628.1535337986868,2.562564244605733,4576.0
8503,628.2356404986868,2.5680681041654534,4577.0
8504,628.4850785886869,2.573336089594232,4578.0
8505,628.6685197786869,2.5785957137167133,4579.0
8506,628.7702238986869,2.5841624428785073,4580.0
8507,628.940673278687,2.589673189566723,4581.0
8508,629.101249208687,2.595106908650606,4582.0
8509,629.617793998687,2.599512364623141,4583.0
8510,629.8303360586871,2.604670353709965,4584.0
8511,629.906726628687,2.6099204829365465,4585.0
8512,629.995439308687,2.6153541492963637,4586.0
8513,630.107686578687,2.620507265895524,4587.0
8514,630.263065858687,2.625638507209006,4588.0
8515,630.411689308687,2.630964613937701,4589.0
8516,630.496913998687,2.636204936468774,4590.0
8517,630.589413998687,2.6415352917781147,4591.0
8518,630.674638688687,2.64686782097938,4592.0
8519,630.720369208687,2.6523150128450785,4593.0
8520,630.7712960086869,2.6578207762186534,4594.0
8521,630.7848072986869,2.6633401943326107,4595.0
8522,630.795200598687,2.66898238296909,4596.0
8523,630.807152708687,2.6747063244302134,4597.0
8524,630.817026158687,2.679859107293679,4598.0
8525,630.8435288886869,2.685237406996959,4599.0
8526,630.850284348687,2.691094702094268,4600.0
8527,631.1163517186869,2.6958471101497747,4601.0
8528,631.454652338687,2.7010439235501926,4602.0
8529,631.5892450186869,2.705368869713654,4603.0
8530,631.8454389386869,2.7103072465492,4604.0
8531,632.1312535786869,2.7157514990953073,4605.0
8532,632.244540178687,2.7207166492063672,4606.0
8533,632.541051518687,2.725442163952036,4607.0
8534,632.6423856386871,2.7306791053163098,4608.0
8535,632.6979896086871,2.735991296930952,4609.0
8536,632.855447548687,2.7412760671417415,4610.0
8537,632.935475588687,2.7466116294340397,4611.0
8538,633.0446048686871,2.7517647813328,4612.0
8539,633.1459389886871,2.757120182786112,4613.0
8540,633.2639023886871,2.76230321893512,4614.0
8541,633.3584810486872,2.7675922667261554,4615.0
8542,633.4265569786871,2.7729616626652254,4616.0
8543,633.4868377486871,2.7782642208846884,4617.0
8544,633.5949276986871,2.783445850709462,4618.0
8545,633.6931438286871,2.7884637922913993,4619.0
8546,633.7892812986871,2.7937847162194247,4620.0
8547,633.8687898586871,2.7983608553616897,4621.0
8548,633.9680453186871,2.802356521859671,4622.0
8549,634.0548291886871,2.8073010799077327,4623.0
8550,634.1494078486871,2.811477318697941,4624.0
8551,634.2964724886872,2.814915378007515,4625.0
8552,634.4517019186871,2.8193646184089327,4626.0
8553,634.6282377986871,2.8228310685022273,4627.0
8554,634.7898530586871,2.8267732398620273,4628.0
8555,635.162434918687,2.830822773398814,4629.0
8556,635.7135854386871,2.8340176527103536,4630.0
8557,636.4226260586871,2.837257308345155,4631.0
8558,636.6696032786871,2.841181391126911,4632.0
8559,636.7844486886871,2.8452863810090774,4633.0
8560,636.8712325586871,2.8494075549998494,4634.0
8561,636.956977098687,2.8535421361099442,4635.0
8562,637.105600548687,2.85763442468605,4636.0
8563,637.270333798687,2.861755676161824,4637.0
8564,637.426752408687,2.865736501422166,4638.0
8565,637.586808488687,2.869753491255293,4639.0
8566,637.738030448687,2.8738031641859525,4640.0
8567,637.855993848687,2.8779569603766433,4641.0
8568,637.890291738687,2.8821810428755383,4642.0
8569,637.919392978687,2.886453688641531,4643.0
8570,637.932904268687,2.890829635630721,4644.0
8571,637.942777718687,2.8949891672631636,4645.0
8572,637.952651168687,2.8991309031364323,4646.0
8573,637.962524618687,2.903223843756141,4647.0
8574,637.970839258687,2.907494003206978,4648.0
8575,638.0482691586869,2.9109275843666857,4649.0
8576,638.1267383886869,2.9136545285192224,4650.0
8577,638.356949058687,2.9155765380121834,4651.0
8578,639.200798438687,2.918024441849328,4652.0
8579,639.9810992086869,2.921413555562966,4653.0
8580,640.8580780186869,2.9244689043203835,4654.0
8581,641.897807248687,2.927725515274731,4655.0
8582,642.664351788687,2.931804177177961,4656.0
8583,643.032044468687,2.9370921846686704,4657.0
8584,643.258097818687,2.9435457566213783,4658.0
8585,643.386974368687,2.951010698984212,4659.0
8586,643.560022258687,2.9592440901138874,4660.0
8587,643.631735658687,2.9685898333476075,4661.0
8588,643.7788002986871,2.9785055789079324,4662.0
8589,643.8624661786871,2.9892354892396384,4663.0
8590,643.9606823086871,3.0004866258998826,4664.0
8591,644.0084911186871,3.0126510421198005,4665.0
8592,644.0370725086871,3.025185389991274,4666.0
8593,644.051103278687,3.038067330272083,4667.0
8594,644.062535908687,3.051372738046089,4668.0
8595,644.072409358687,3.0645078591618704,4669.0
8596,644.082802658687,3.078361581343245,4670.0
8597,644.095274618687,3.093582122272112,4671.0
8598,644.1581538986869,3.104170605548215,4672.0
8599,644.2340246186869,3.1152310610538008,4673.0
8600,644.3249658086869,3.1264744083510356,4674.0
8601,644.4517636986869,3.1352484694600626,4675.0
8602,644.646637148687,3.145802375178381,4676.0
8603,644.904909728687,3.158285470693379,4677.0
8604,645.091468538687,3.16989077758464,4678.0
8605,645.175653898687,3.1820229207581225,4679.0
8606,645.3861172986869,3.1939271921193857,4680.0
8607,645.5061593586869,3.207032143496292,4681.0
8608,645.6651761086869,3.219802394168976,4682.0
8609,645.8974654386868,3.2322649602511007,4683.0
8610,646.1271566286869,3.244990380773431,4684.0
8611,646.2482380186868,3.257885384285357,4685.0
8612,646.4696145686868,3.27061687714273,4686.0
8613,646.6624093586868,3.2833024046083468,4687.0
8614,646.7190526586868,3.296615223312017,4688.0
8615,646.7538700286868,3.3099969016574313,4689.0
8616,646.7933645686868,3.3234085590748883,4690.0
8617,646.8203871486868,3.3369979654861637,4691.0
8618,646.8307804486868,3.3504602192767763,4692.0
8619,646.8432524086868,3.364045826954909,4693.0
8620,646.8515670486868,3.377858191657214,4694.0
8621,646.8609210186868,3.3916058055098226,4695.0
8622,646.8869042686867,3.4052428948906828,4696.0
8623,646.9580981886868,3.4183650006684974,4697.0
8624,647.0542356586868,3.431542849782363,4698.0
8625,647.1212722586869,3.445503806551918,4699.0
8626,647.3847414886869,3.4573692509846365,4700.0
8627,647.5790954586869,3.4700734750888587,4701.0
8628,647.7739689086869,3.4834099482925436,4702.0
8629,647.905963448687,3.4960570579692702,4703.0
8630,648.041595458687,3.508892483270331,4704.0
8631,648.2047695286869,3.522447553650318,4705.0
8632,648.4235475686869,3.5348917863482443,4706.0
8633,648.5888002986869,3.5470969967843446,4707.0
8634,648.7436597286869,3.5604457182997584,4708.0
8635,648.9473676686869,3.5731265636889087,4709.0
8636,649.0559770986869,3.5858010015723285,4710.0
8637,649.1463984386869,3.5989368912096067,4711.0
8638,649.2633225086869,3.61211374991857,4712.0
8639,649.3287999286869,3.6254014664512555,4713.0
8640,649.3501060086869,3.638815194769763,4714.0
8641,649.3636172986869,3.652353885835141,4715.0
8642,649.3734907486869,3.665940285523555,4716.0
8643,649.3844035286869,3.6794626227714153,4717.0
8644,649.3927181686869,3.692974165158502,4718.0
8645,649.4020721386869,3.707310414747638,4719.0
8646,649.4155834286869,3.720469390996147,4720.0
8647,649.4862574986869,3.7337890035747634,4721.0
8648,649.7029568786869,3.7469144125168876,4722.0
8649,649.7744142386869,3.7599055885782575,4723.0
8650,649.8675798686869,3.7730462691730287,4724.0
8651,649.9249069286869,3.7862042044475728,4725.0
8652,649.924683568687,3.799435462143501,4726.0
8653,649.934251398687,3.812965093688919,4727.0
8654,649.965849398687,3.826551581958866,4728.0
8655,650.099922598687,3.839053169408364,4729.0
8656,650.254262548687,3.852023081504233,4730.0
8657,650.4241924486871,3.865134041531647,4731.0
8658,650.6143890986871,3.8774618606995865,4732.0
8659,650.7141644086871,3.890514389613948,4733.0
8660,650.8757796686871,3.9035577321689905,4734.0
8661,651.008813538687,3.9164501316415956,4735.0
8662,651.108068998687,3.929527836196352,4736.0
8663,651.168349768687,3.942854321791724,4737.0
8664,651.204726318687,3.956273523235667,4738.0
8665,651.245260188687,3.9697008147290247,4739.0
8666,651.274880908687,3.9832962199468174,4740.0
8667,651.323729048687,3.997054832651285,4741.0
8668,651.371018378687,4.010677486280268,4742.0
8669,651.3964817786871,4.025331057814444,4743.0
8670,651.436495798687,4.040160304926374,4744.0
8671,651.527956468687,4.054279709402485,4745.0
8672,651.637085748687,4.0695878129089,4746.0
8673,651.730182928687,4.084884132166394,4747.0
8674,651.889754308687,4.099054646065968,4748.0
8675,651.951354128687,4.113701919357057,4749.0
8676,651.9502915686869,4.128214064793147,4750.0
8677,652.4893797186869,4.140529190700386,4751.0
8678,652.897289918687,4.152174291003476,4752.0
8679,653.2324851286869,4.164756771723624,4753.0
8680,653.6596645586869,4.176561760744043,4754.0
8681,653.990515228687,4.188506383238486,4755.0
8682,654.180059198687,4.201439040150485,4756.0
8683,654.409230538687,4.213991417013926,4757.0
8684,654.536028428687,4.22699589508431,4758.0
8685,654.678935748687,4.239862106363975,4759.0
8686,654.825480538687,4.252881392830525,4760.0
8687,654.891477808687,4.266209044744293,4761.0
8688,654.920059198687,4.279611048696026,4762.0
8689,654.932531158687,4.2933027246939925,4763.0
8690,654.944483268687,4.306970103865772,4764.0
8691,654.960592698687,4.3204008714106195,4765.0
8692,654.979300638687,4.334569650553885,4766.0
8693,654.9912527486871,4.3493101121842,4767.0
8694,655.0198341386871,4.363696178154845,4768.0
8695,655.096224708687,4.378679889962948,4769.0
8696,655.1824887286871,4.396348572232116,4770.0
8697,655.273291168687,4.410111458793924,4771.0
8698,655.3673503486871,4.424477666072136,4772.0
8699,655.5276114086871,4.4408397233049195,4773.0
8700,655.8439051686871,4.4529656040728725,4774.0
8701,656.7215177886872,4.462811345072409,4775.0
8702,657.2674594486871,4.474431952027589,4776.0
8703,657.6247462486871,4.485969781790165,4777.0
8704,657.7778970186871,4.498664650817283,4778.0
8705,657.8823491286871,4.511940074954937,4779.0
8706,658.0081076886871,4.524486307188102,4780.0
8707,658.1629671186871,4.537534852736906,4781.0
8708,658.3339363486871,4.550493246278274,4782.0
8709,658.4945122786871,4.5632837523546,4783.0
8710,658.6135150086872,4.576341378820636,4784.0
8711,658.7439503686871,4.589411472429671,4785.0
8712,658.7709729486871,4.60276995737467,4786.0
8713,658.8172229486871,4.61616848382482,4787.0
8714,658.8556781586872,4.629619225361722,4788.0
8715,658.8956921786871,4.64287174910637,4789.0
8716,658.9632482586871,4.65682896646552,4790.0
8717,659.0178128986871,4.671190560772821,4791.0
8718,659.0531501186871,4.686248466874995,4792.0
8719,659.1290208386871,4.701879383195928,4793.0
8720,659.294793418687,4.716463489381839,4794.0
8721,659.3481048686871,4.728728214571689,4795.0
8722,659.408941526687,4.742926472380631,4796.0
8723,659.4353180866871,4.759274608727239,4797.0
8724,659.4592015866871,4.7728061798573505,4798.0
8725,659.536922676687,4.786171578848401,4799.0
8726,659.535257236687,4.798718006364514,4800.0
8727,659.6063013066871,4.8115546117481625,4801.0
8728,659.7450513066871,4.824404247227205,4802.0
8729,659.8671720266871,4.837288024283434,4803.0
8730,659.9846159466871,4.850285830112266,4804.0
8731,660.1051778566871,4.862711737937658,4805.0
8732,660.1950797166871,4.875572336580298,4806.0
8733,660.2974531666871,4.888169453759903,4807.0
8734,660.3935906366871,4.900428743637558,4808.0
8735,660.4538714066871,4.913178063427338,4809.0
