,cum_cost,cum_penalty,cum_interventions
0,-0.004225992990837098,0.0,0.0
1,-0.007019939760704041,0.0,0.0
2,-0.008369637316861153,0.0,0.0
3,-0.006957551361592412,0.0,0.0
4,-0.005559609420890807,0.0,0.0
5,-0.006315174045786857,0.0,0.0
6,-0.006753693858318328,0.0,0.0
7,0.039801222289402485,0.0,0.0
8,0.11259944707948208,0.0,0.0
9,0.16766751104937316,0.0,0.0
10,0.328766058729125,0.0,0.0
11,0.7926455828024433,0.0,0.0
12,1.3997193250434685,0.0,0.0
13,1.7755718948715544,0.0,0.0
14,2.0191730883097745,0.0,0.0
15,2.547221355640197,0.0,0.0
16,2.857787687796023,0.0,0.0
17,3.148198066028435,0.0,0.0
18,3.3103337294714423,0.0,0.0
19,3.5068237236620177,0.0,0.0
20,3.6492075545161664,0.0,0.0
21,3.7753584017980804,0.0,0.0
22,3.9100211417383695,0.0,0.0
23,4.003525190391362,0.0,0.0
24,4.066490296499813,0.0,0.0
25,4.108833211375339,0.0,0.0
26,4.138284910696793,0.0,0.0
27,4.163673877010594,0.0,0.0
28,4.176638388070096,0.0,0.0
29,4.185544439048023,0.0,0.0
30,4.204790340219153,0.0,0.0
31,4.2760799055221055,0.0,0.0
32,4.323249837926998,0.0,0.0
33,4.568349153614299,0.0,0.0
34,5.177305280757737,0.0,0.0
35,5.851781834593523,0.0,0.0
36,6.603486044593516,0.0014567518579907733,1.0
37,7.025012528497387,0.0014567518579907733,1.0
38,7.324784238509116,0.0014567518579907733,1.0
39,7.873087524017182,0.0014567518579907733,1.0
40,8.181338074578715,0.0014567518579907733,1.0
41,8.498549285286508,0.0014567518579907733,1.0
42,8.707509986935277,0.0014567518579907733,1.0
43,8.898897631437965,0.0014567518579907733,1.0
44,9.028745369610894,0.0014567518579907733,1.0
45,9.184277039784686,0.0014567518579907733,1.0
46,9.30530665754379,0.0014567518579907733,1.0
47,9.398874717429145,0.0014567518579907733,1.0
48,9.460057682107234,0.0014567518579907733,1.0
49,9.519856749178057,0.0014567518579907733,1.0
50,9.56657893500468,0.0014567518579907733,1.0
51,9.61254252776461,0.0014567518579907733,1.0
52,9.64292789961273,0.0014567518579907733,1.0
53,9.681139609542777,0.0014567518579907733,1.0
54,9.737206393236171,0.0014567518579907733,1.0
55,9.788547459124157,0.0014567518579907733,1.0
56,9.879510962526231,0.0014567518579907733,1.0
57,10.325423961915808,0.0014567518579907733,1.0
58,10.885442811152515,0.0014567518579907733,1.0
59,11.315670027261735,0.0014567518579907733,1.0
60,11.583861747296474,0.0014567518579907733,1.0
61,11.757082982753074,0.0014567518579907733,1.0
62,11.821840719061168,0.0014567518579907733,1.0
63,11.99844169872076,0.0014567518579907733,1.0
64,12.116174097303395,0.0014567518579907733,1.0
65,12.246688321388728,0.0014567518579907733,1.0
66,12.349541610961886,0.0014567518579907733,1.0
67,12.46458324627052,0.0014567518579907733,1.0
68,12.566296758651886,0.0014567518579907733,1.0
69,12.737555487670665,0.0014567518579907733,1.0
70,12.876309509157291,0.0014567518579907733,1.0
71,12.960190310600648,0.0014567518579907733,1.0
72,13.160466730981558,0.0014567518579907733,1.0
73,13.253820440461721,0.0014567518579907733,1.0
74,13.324089440663862,0.0014567518579907733,1.0
75,13.381721057889916,0.0014567518579907733,1.0
76,13.444970880904624,0.0014567518579907733,1.0
77,13.51616035861794,0.0014567518579907733,1.0
78,13.537833235530938,0.0014567518579907733,1.0
79,13.578699899211344,0.0014567518579907733,1.0
80,13.661163220318212,0.0014567518579907733,1.0
81,13.708171658664448,0.0014567518579907733,1.0
82,13.80034558048463,0.0014567518579907733,1.0
83,13.901422409189983,0.0014567518579907733,1.0
84,13.99490587454963,0.0014567518579907733,1.0
85,14.11029704896496,0.0014567518579907733,1.0
86,14.173999644635442,0.0014567518579907733,1.0
87,14.250349540624317,0.0014567518579907733,1.0
88,14.364873897421655,0.0014567518579907733,1.0
89,14.483136984760415,0.0014567518579907733,1.0
90,14.635955102069437,0.0014567518579907733,1.0
91,15.226970247419088,0.0014567518579907733,1.0
92,15.805798266029074,0.0014567518579907733,1.0
93,16.143211137363043,0.0014567518579907733,1.0
94,16.347506631763515,0.0014567518579907733,1.0
95,16.468108950568155,0.0014567518579907733,1.0
96,16.564828868569297,0.0014567518579907733,1.0
97,16.626441548377702,0.0014567518579907733,1.0
98,16.664621260439766,0.0014567518579907733,1.0
99,16.68962702852979,0.0014567518579907733,1.0
100,16.725689616065274,0.0014567518579907733,1.0
101,16.743813090662847,0.0014567518579907733,1.0
102,16.761067313658906,0.0014567518579907733,1.0
103,16.795978868070236,0.0014567518579907733,1.0
104,16.87512451664983,0.0014567518579907733,1.0
105,16.904383071677557,0.0014567518579907733,1.0
106,17.094504300516704,0.0014567518579907733,1.0
107,17.32218655205984,0.0014567518579907733,1.0
108,17.411848739095017,0.0014567518579907733,1.0
109,17.465556799180824,0.0014567518579907733,1.0
110,17.482867544813743,0.0014567518579907733,1.0
111,17.56683399588519,0.0014567518579907733,1.0
112,17.71151305147072,0.0014567518579907733,1.0
113,17.742522184864995,0.0014567518579907733,1.0
114,17.75625634656098,0.0014567518579907733,1.0
115,17.816864380928127,0.0014567518579907733,1.0
116,17.965013750865605,0.0014567518579907733,1.0
117,18.120005032347052,0.0014567518579907733,1.0
118,18.296719008255877,0.0014567518579907733,1.0
119,18.458401018921414,0.0014567518579907733,1.0
120,18.57086929027108,0.0014567518579907733,1.0
121,18.628636902058915,0.0014567518579907733,1.0
122,18.66966343556746,0.0014567518579907733,1.0
123,18.694321376527352,0.0014567518579907733,1.0
124,18.724620387792967,0.0014567518579907733,1.0
125,18.74730711281121,0.0014567518579907733,1.0
126,18.81662385002427,0.0014567518579907733,1.0
127,18.89017403298029,0.0014567518579907733,1.0
128,18.940223710137765,0.0014567518579907733,1.0
129,19.16921984350787,0.0014567518579907733,1.0
130,19.37577810291922,0.0014567518579907733,1.0
131,19.581228287097176,0.0014567518579907733,1.0
132,19.789009776509246,0.0014567518579907733,1.0
133,19.9584407208839,0.0014567518579907733,1.0
134,20.072635904382338,0.0014567518579907733,1.0
135,20.16633727563736,0.0014567518579907733,1.0
136,20.271380883622744,0.0014567518579907733,1.0
137,20.395207186937334,0.0014567518579907733,1.0
138,20.510835741098496,0.0014567518579907733,1.0
139,20.605800175695965,0.0014567518579907733,1.0
140,20.74971747918899,0.0014567518579907733,1.0
141,20.8731257868369,0.0014567518579907733,1.0
142,20.991087968916986,0.0014567518579907733,1.0
143,21.08815561153799,0.0014567518579907733,1.0
144,21.169289011169194,0.0014567518579907733,1.0
145,21.230432252908617,0.0014567518579907733,1.0
146,21.288102558771076,0.0014567518579907733,1.0
147,21.330669025007516,0.0014567518579907733,1.0
148,21.36862112283881,0.0014567518579907733,1.0
149,21.40714349787012,0.0014567518579907733,1.0
150,21.445347952427152,0.0014567518579907733,1.0
151,21.48913267266492,0.0014567518579907733,1.0
152,21.597938466931453,0.0014567518579907733,1.0
153,21.756471266725335,0.0014567518579907733,1.0
154,21.92354465697194,0.0014567518579907733,1.0
155,22.080178910088197,0.0014567518579907733,1.0
156,22.205538519340937,0.0014567518579907733,1.0
157,22.722094026097412,0.0014567518579907733,1.0
158,23.391237783424536,0.0014567518579907733,1.0
159,23.881321765423746,0.0014567518579907733,1.0
160,24.229785042576907,0.0014567518579907733,1.0
161,24.604204388055667,0.0014567518579907733,1.0
162,24.838565478707896,0.0014567518579907733,1.0
163,25.035775875197498,0.0014567518579907733,1.0
164,25.194949338127525,0.0014567518579907733,1.0
165,25.327738790601465,0.0014567518579907733,1.0
166,25.45946630897736,0.0014567518579907733,1.0
167,25.53865192144028,0.0014567518579907733,1.0
168,25.619001727765546,0.0014567518579907733,1.0
169,25.656926367626998,0.0014567518579907733,1.0
170,25.70055258383755,0.0014567518579907733,1.0
171,25.726288441092947,0.0014567518579907733,1.0
172,25.78127596365126,0.0014567518579907733,1.0
173,25.793142651419636,0.0014567518579907733,1.0
174,25.832930985927895,0.0014567518579907733,1.0
175,25.870471605468044,0.0014567518579907733,1.0
176,25.94036647581108,0.0014567518579907733,1.0
177,26.030637031457832,0.0014567518579907733,1.0
178,26.14852344644433,0.0014567518579907733,1.0
179,26.286562973765506,0.0014567518579907733,1.0
180,26.38224655857342,0.0014567518579907733,1.0
181,26.425489178571755,0.0014567518579907733,1.0
182,26.707870049673968,0.0014567518579907733,1.0
183,26.933943449690137,0.0014567518579907733,1.0
184,27.15630776313501,0.0014567518579907733,1.0
185,27.407645880388394,0.0014567518579907733,1.0
186,27.651152936678344,0.0014567518579907733,1.0
187,27.842280084035675,0.0014567518579907733,1.0
188,27.99711590855669,0.0014567518579907733,1.0
189,28.1263096653321,0.0014567518579907733,1.0
190,28.269234337167305,0.0014567518579907733,1.0
191,28.369821156072145,0.0014567518579907733,1.0
192,28.456115037665636,0.0014567518579907733,1.0
193,28.515155104722005,0.0014567518579907733,1.0
194,28.560374665929395,0.0014567518579907733,1.0
195,28.602589660602256,0.0014567518579907733,1.0
196,28.6525817784027,0.0014567518579907733,1.0
197,28.700487704174915,0.0014567518579907733,1.0
198,28.741687375997046,0.0014567518579907733,1.0
199,28.820852403913293,0.0014567518579907733,1.0
200,28.895406559305183,0.0014567518579907733,1.0
201,29.03435233971275,0.0014567518579907733,1.0
202,29.198058092900997,0.0014567518579907733,1.0
203,29.340438953040213,0.0014567518579907733,1.0
204,29.510415036052727,0.0014567518579907733,1.0
205,29.681268301698008,0.0014567518579907733,1.0
206,29.843813902443134,0.0014567518579907733,1.0
207,30.052698093494907,0.0014567518579907733,1.0
208,30.227032293399656,0.0014567518579907733,1.0
209,30.477571077476366,0.0014567518579907733,1.0
210,30.67694412006793,0.0014567518579907733,1.0
211,30.831319836181873,0.0014567518579907733,1.0
212,30.972916429832406,0.0014567518579907733,1.0
213,31.11049207201099,0.0014567518579907733,1.0
214,31.22890011843177,0.0014567518579907733,1.0
215,31.31834388509484,0.0014567518579907733,1.0
216,31.370476302833094,0.0014567518579907733,1.0
217,31.405813707509036,0.0014567518579907733,1.0
218,31.428863084608768,0.0014567518579907733,1.0
219,31.447707903137047,0.0014567518579907733,1.0
220,31.45506817278063,0.0014567518579907733,1.0
221,31.479473279115687,0.0014567518579907733,1.0
222,31.48124181585003,0.0014567518579907733,1.0
223,31.52691884027952,0.0014567518579907733,1.0
224,31.60375919535787,0.0014567518579907733,1.0
225,31.749879406942192,0.0014567518579907733,1.0
226,31.88670857011516,0.0014567518579907733,1.0
227,31.98096340473749,0.0014567518579907733,1.0
228,32.0592755032965,0.0014567518579907733,1.0
229,32.2174005154944,0.0014567518579907733,1.0
230,32.44527778034743,0.0014567518579907733,1.0
231,32.6618422838247,0.0014567518579907733,1.0
232,32.849970927791965,0.0014567518579907733,1.0
233,32.99094789249999,0.0014567518579907733,1.0
234,33.14880437655522,0.0014567518579907733,1.0
235,33.323618445665666,0.0014567518579907733,1.0
236,33.48038288833715,0.0014567518579907733,1.0
237,33.603995413884476,0.0014567518579907733,1.0
238,33.72539191116749,0.0014567518579907733,1.0
239,33.82719337585402,0.0014567518579907733,1.0
240,33.89768007574398,0.0014567518579907733,1.0
241,33.96090980931234,0.0014567518579907733,1.0
242,33.99287062358363,0.0014567518579907733,1.0
243,34.02412937145145,0.0014567518579907733,1.0
244,34.04730146019312,0.0014567518579907733,1.0
245,34.09548769222055,0.0014567518579907733,1.0
246,34.10509086221755,0.0014567518579907733,1.0
247,34.14120203987849,0.0014567518579907733,1.0
248,34.19538087638984,0.0014567518579907733,1.0
249,34.317249300583995,0.0014567518579907733,1.0
250,34.44835601621502,0.0014567518579907733,1.0
251,34.555767114705326,0.0014567518579907733,1.0
252,34.64948865846869,0.0014567518579907733,1.0
253,34.718379731801626,0.0014567518579907733,1.0
254,34.86591167366854,0.0014567518579907733,1.0
255,34.97138033044419,0.0014567518579907733,1.0
256,35.11209526786718,0.0014567518579907733,1.0
257,35.21564601630335,0.0014567518579907733,1.0
258,35.32291801710235,0.0014567518579907733,1.0
259,35.46787150716876,0.0014567518579907733,1.0
260,35.59128863747901,0.0014567518579907733,1.0
261,35.707397156301404,0.0014567518579907733,1.0
262,35.825800386088424,0.0014567518579907733,1.0
263,35.90754132235282,0.0014567518579907733,1.0
264,36.00159369930259,0.0014567518579907733,1.0
265,36.04909063000745,0.0014567518579907733,1.0
266,36.074979444076256,0.0014567518579907733,1.0
267,36.12301397409722,0.0014567518579907733,1.0
268,36.14743943406574,0.0014567518579907733,1.0
269,36.16644637533722,0.0014567518579907733,1.0
270,36.194070645119425,0.0014567518579907733,1.0
271,36.239503411610265,0.0014567518579907733,1.0
272,36.28765740684041,0.0014567518579907733,1.0
273,36.375215670430414,0.0014567518579907733,1.0
274,36.47876831040654,0.0014567518579907733,1.0
275,36.705835776334524,0.0014567518579907733,1.0
276,37.17682500092412,0.0014567518579907733,1.0
277,37.7621714523717,0.0014567518579907733,1.0
278,38.36105475361786,0.0014567518579907733,1.0
279,38.79628821804258,0.0014567518579907733,1.0
280,39.05868132444968,0.0014567518579907733,1.0
281,39.2853107565151,0.0014567518579907733,1.0
282,39.46644093922069,0.0014567518579907733,1.0
283,39.616923320820305,0.0014567518579907733,1.0
284,39.735192100297425,0.0014567518579907733,1.0
285,39.85637409067009,0.0014567518579907733,1.0
286,39.97422809786627,0.0014567518579907733,1.0
287,40.052996412191774,0.0014567518579907733,1.0
288,40.107722828836245,0.0014567518579907733,1.0
289,40.141050735202846,0.0014567518579907733,1.0
290,40.16384314412501,0.0014567518579907733,1.0
291,40.183280826566914,0.0014567518579907733,1.0
292,40.199027963245,0.0014567518579907733,1.0
293,40.22654696999362,0.0014567518579907733,1.0
294,40.23403760659949,0.0014567518579907733,1.0
295,40.297597467503856,0.0014567518579907733,1.0
296,40.41094462766801,0.0014567518579907733,1.0
297,40.473374606074124,0.0014567518579907733,1.0
298,40.94077028896273,0.0014567518579907733,1.0
299,41.380919893785105,0.0014567518579907733,1.0
300,41.484279456895095,0.0014567518579907733,1.0
301,41.52238387176265,0.0014567518579907733,1.0
302,41.591809154712756,0.0014567518579907733,1.0
303,41.71124108065769,0.0014567518579907733,1.0
304,41.847882482015194,0.0014567518579907733,1.0
305,41.956726806941234,0.0014567518579907733,1.0
306,42.06329315914297,0.0014567518579907733,1.0
307,42.152383809160625,0.0014567518579907733,1.0
308,42.269265991602175,0.0014567518579907733,1.0
309,42.384165168549934,0.0014567518579907733,1.0
310,42.495155938550276,0.0014567518579907733,1.0
311,42.57770540917575,0.0014567518579907733,1.0
312,42.63379175287127,0.0014567518579907733,1.0
313,42.67224831530193,0.0014567518579907733,1.0
314,42.69561693741511,0.0014567518579907733,1.0
315,42.71486976576748,0.0014567518579907733,1.0
316,42.734610797334106,0.0014567518579907733,1.0
317,42.74161687916323,0.0014567518579907733,1.0
318,42.77022795358134,0.0014567518579907733,1.0
319,42.80785734863251,0.0014567518579907733,1.0
320,42.84094798637594,0.0014567518579907733,1.0
321,42.88562291997571,0.0014567518579907733,1.0
322,42.91801968794606,0.0014567518579907733,1.0
323,43.10818311251931,0.0014567518579907733,1.0
324,43.24389385532027,0.0014567518579907733,1.0
325,43.390261835921294,0.0014567518579907733,1.0
326,43.434858963038565,0.0014567518579907733,1.0
327,43.88212335797003,0.0014567518579907733,1.0
328,44.56923297049544,0.0014567518579907733,1.0
329,45.23810947210387,0.0014567518579907733,1.0
330,45.65136052381629,0.0014567518579907733,1.0
331,45.870966089532494,0.0014567518579907733,1.0
332,46.04818825096713,0.0014567518579907733,1.0
333,46.193789021669545,0.0014567518579907733,1.0
334,46.32480246057595,0.0014567518579907733,1.0
335,46.41042587656424,0.0014567518579907733,1.0
336,46.46099552595826,0.0014567518579907733,1.0
337,46.49735054557241,0.0014567518579907733,1.0
338,46.52250598390564,0.0014567518579907733,1.0
339,46.544112772691925,0.0014567518579907733,1.0
340,46.56014004320965,0.0014567518579907733,1.0
341,46.577522354424694,0.0014567518579907733,1.0
342,46.577209725763645,0.0014567518579907733,1.0
343,46.63422456529027,0.0014567518579907733,1.0
344,46.68582110820478,0.0014567518579907733,1.0
345,46.71646198022442,0.0014567518579907733,1.0
346,46.714813544064356,0.0014567518579907733,1.0
347,46.78933444064816,0.0014567518579907733,1.0
348,46.78802096825737,0.0014567518579907733,1.0
349,46.78118839253827,0.0014567518579907733,1.0
350,46.761505168017585,0.0014567518579907733,1.0
351,46.82239032281871,0.0014567518579907733,1.0
352,46.919668465995,0.0014567518579907733,1.0
353,47.05523362314568,0.0014567518579907733,1.0
354,47.25163150257492,0.0014567518579907733,1.0
355,47.38837498159428,0.0014567518579907733,1.0
356,47.56913817395719,0.0014567518579907733,1.0
357,47.70375295941264,0.0014567518579907733,1.0
358,47.83156337132449,0.0014567518579907733,1.0
359,47.9161298099046,0.0014567518579907733,1.0
360,47.989159395927764,0.0014567518579907733,1.0
361,48.032108836592386,0.0014567518579907733,1.0
362,48.059195385434414,0.0014567518579907733,1.0
363,48.08314709754479,0.0014567518579907733,1.0
364,48.10464287308065,0.0014567518579907733,1.0
365,48.12568791729366,0.0014567518579907733,1.0
366,48.13957063745872,0.0014567518579907733,1.0
367,48.19317646122644,0.0014567518579907733,1.0
368,48.253985878239895,0.0014567518579907733,1.0
369,48.32000298059014,0.0014567518579907733,1.0
370,48.39357042573445,0.0014567518579907733,1.0
371,48.463153248743716,0.0014567518579907733,1.0
372,48.46203308893781,0.0014567518579907733,1.0
373,48.47837951049782,0.0014567518579907733,1.0
374,48.550734565692,0.0014567518579907733,1.0
375,48.67827419022631,0.0014567518579907733,1.0
376,48.78749163733582,0.0014567518579907733,1.0
377,48.90096208800354,0.0014567518579907733,1.0
378,49.030627375075724,0.0014567518579907733,1.0
379,49.14376903764852,0.0014567518579907733,1.0
380,49.24685298258237,0.0014567518579907733,1.0
381,49.3535501180407,0.0014567518579907733,1.0
382,49.46830463977779,0.0014567518579907733,1.0
383,49.579127901555005,0.0014567518579907733,1.0
384,49.666444032785265,0.0014567518579907733,1.0
385,49.78226699831433,0.0014567518579907733,1.0
386,49.833057510682224,0.0014567518579907733,1.0
387,49.881935605858594,0.0014567518579907733,1.0
388,49.92546106402155,0.0014567518579907733,1.0
389,49.9720623325597,0.0014567518579907733,1.0
390,50.02332209401249,0.0014567518579907733,1.0
391,50.120239511004925,0.0014567518579907733,1.0
392,50.216551865527975,0.0014567518579907733,1.0
393,50.287348378842665,0.0014567518579907733,1.0
394,50.353564317649735,0.0014567518579907733,1.0
395,50.38911207662926,0.0014567518579907733,1.0
396,50.44547178066643,0.0014567518579907733,1.0
397,50.44073772133797,0.0014567518579907733,1.0
398,50.43294426434579,0.0014567518579907733,1.0
399,50.54080359684944,0.0014567518579907733,1.0
400,50.69487539201794,0.0014567518579907733,1.0
401,50.81163178627378,0.0014567518579907733,1.0
402,50.92439916390201,0.0014567518579907733,1.0
403,51.06355214476086,0.0014567518579907733,1.0
404,51.17403882694128,0.0014567518579907733,1.0
405,51.270408933493144,0.0014567518579907733,1.0
406,51.356353238022564,0.0014567518579907733,1.0
407,51.433001376271335,0.0014567518579907733,1.0
408,51.47933478300782,0.0014567518579907733,1.0
409,51.52063851679014,0.0014567518579907733,1.0
410,51.55119829550829,0.0014567518579907733,1.0
411,51.572491342385355,0.0014567518579907733,1.0
412,51.58792278481587,0.0014567518579907733,1.0
413,51.60478209173455,0.0014567518579907733,1.0
414,51.62135080928345,0.0014567518579907733,1.0
415,51.69854281161591,0.0014567518579907733,1.0
416,51.784901442467465,0.0014567518579907733,1.0
417,51.85420004401746,0.0014567518579907733,1.0
418,51.94715349640318,0.0014567518579907733,1.0
419,52.04985776171727,0.0014567518579907733,1.0
420,52.17563123733398,0.0014567518579907733,1.0
421,52.23069208393634,0.0014567518579907733,1.0
422,52.273785830194576,0.0014567518579907733,1.0
423,52.32760927486219,0.0014567518579907733,1.0
424,52.395169151442744,0.0014567518579907733,1.0
425,52.47772252626344,0.0014567518579907733,1.0
426,52.55826307008393,0.0014567518579907733,1.0
427,52.69234573095612,0.0014567518579907733,1.0
428,52.842271972817244,0.0014567518579907733,1.0
429,52.95683862451172,0.0014567518579907733,1.0
430,53.06966933894865,0.0014567518579907733,1.0
431,53.14394305210569,0.0014567518579907733,1.0
432,53.198206714436914,0.0014567518579907733,1.0
433,53.248697497450095,0.0014567518579907733,1.0
434,53.281778218415795,0.0014567518579907733,1.0
435,53.324136056325464,0.0014567518579907733,1.0
436,53.34580651008029,0.0014567518579907733,1.0
437,53.37262125748703,0.0014567518579907733,1.0
438,53.384675842760245,0.0014567518579907733,1.0
439,53.43486437077647,0.0014567518579907733,1.0
440,53.49651909595891,0.0014567518579907733,1.0
441,53.54334781166459,0.0014567518579907733,1.0
442,53.54310445108825,0.0014567518579907733,1.0
443,53.6009784259519,0.0014567518579907733,1.0
444,53.68598803255369,0.0014567518579907733,1.0
445,53.77874017652372,0.0014567518579907733,1.0
446,53.932872007746674,0.0014567518579907733,1.0
447,54.03711975317581,0.0014567518579907733,1.0
448,54.55964983752474,0.0014567518579907733,1.0
449,55.20215408323993,0.0014567518579907733,1.0
450,55.849157913401704,0.0014567518579907733,1.0
451,56.59150001340172,0.0028596274025810865,2.0
452,57.28900403340172,0.003514568630313274,3.0
453,57.76811056995504,0.003514568630313274,3.0
454,58.05784809766909,0.003514568630313274,3.0
455,58.22120913074026,0.003514568630313274,3.0
456,58.31308641495037,0.003514568630313274,3.0
457,58.373534787996306,0.003514568630313274,3.0
458,58.4108660408575,0.003514568630313274,3.0
459,58.44491058760495,0.003514568630313274,3.0
460,58.46982634438588,0.003514568630313274,3.0
461,58.50156252405003,0.003514568630313274,3.0
462,58.52788669246404,0.003514568630313274,3.0
463,58.596331867475094,0.003514568630313274,3.0
464,58.664935798107784,0.003514568630313274,3.0
465,58.796073940205225,0.003514568630313274,3.0
466,58.91144131579851,0.003514568630313274,3.0
467,58.989270708278696,0.003514568630313274,3.0
468,59.07421522496839,0.003514568630313274,3.0
469,59.1968305347832,0.003514568630313274,3.0
470,59.285096707777434,0.003514568630313274,3.0
471,59.406329392626276,0.003514568630313274,3.0
472,59.50353983342971,0.003514568630313274,3.0
473,59.547496930222884,0.003514568630313274,3.0
474,59.59754241963813,0.003514568630313274,3.0
475,59.6508912176073,0.003514568630313274,3.0
476,59.78309666605573,0.003514568630313274,3.0
477,60.00133549029122,0.003514568630313274,3.0
478,60.15879039139607,0.003514568630313274,3.0
479,60.275171130327664,0.003514568630313274,3.0
480,60.346930300349825,0.003514568630313274,3.0
481,60.399326269076944,0.003514568630313274,3.0
482,60.4319754747573,0.003514568630313274,3.0
483,60.47883137084478,0.003514568630313274,3.0
484,60.51269630502896,0.003514568630313274,3.0
485,60.54089044475076,0.003514568630313274,3.0
486,60.54329071592827,0.003514568630313274,3.0
487,60.58319068520739,0.003514568630313274,3.0
488,60.76628767474917,0.003514568630313274,3.0
489,60.89320979877054,0.003514568630313274,3.0
490,61.03068299034711,0.003514568630313274,3.0
491,61.13088537622313,0.003514568630313274,3.0
492,61.6743023650803,0.003514568630313274,3.0
493,62.285135786331836,0.003514568630313274,3.0
494,62.647252261988854,0.003514568630313274,3.0
495,62.92350344664227,0.003514568630313274,3.0
496,63.19176404959124,0.003514568630313274,3.0
497,63.47534981266209,0.003514568630313274,3.0
498,63.66290035657412,0.003514568630313274,3.0
499,63.857429084300556,0.003514568630313274,3.0
500,64.02110798760255,0.003514568630313274,3.0
501,64.22827978214349,0.003514568630313274,3.0
502,64.41976007362071,0.003514568630313274,3.0
503,64.52645994450175,0.003514568630313274,3.0
504,64.61921748577988,0.003514568630313274,3.0
505,64.66626562082523,0.003514568630313274,3.0
506,64.69554739780298,0.003514568630313274,3.0
507,64.72072816709499,0.003514568630313274,3.0
508,64.7511934743328,0.003514568630313274,3.0
509,64.75625124460905,0.003514568630313274,3.0
510,64.77212508372914,0.003514568630313274,3.0
511,64.81002667678575,0.003514568630313274,3.0
512,64.89913259919685,0.003514568630313274,3.0
513,64.95652396291021,0.003514568630313274,3.0
514,65.04989871920249,0.003514568630313274,3.0
515,65.10086094156192,0.003514568630313274,3.0
516,65.14025029357597,0.003514568630313274,3.0
517,65.72525368832447,0.003514568630313274,3.0
518,66.45339036524054,0.003514568630313274,3.0
519,67.03485236633738,0.003514568630313274,3.0
520,67.34613393264706,0.003514568630313274,3.0
521,67.61787447339762,0.003514568630313274,3.0
522,67.87127402672503,0.003514568630313274,3.0
523,68.04636790995266,0.003514568630313274,3.0
524,68.18936124105926,0.003514568630313274,3.0
525,68.33419048765518,0.003514568630313274,3.0
526,68.46478760451906,0.003514568630313274,3.0
527,68.56027694683608,0.003514568630313274,3.0
528,68.65290159089461,0.003514568630313274,3.0
529,68.71942455760875,0.003514568630313274,3.0
530,68.78257967083427,0.003514568630313274,3.0
531,68.84138381161664,0.003514568630313274,3.0
532,68.87378399852791,0.003514568630313274,3.0
533,68.91144495535619,0.003514568630313274,3.0
534,68.95440432128439,0.003514568630313274,3.0
535,69.01762562264422,0.003514568630313274,3.0
536,69.10837181653427,0.003514568630313274,3.0
537,69.16811891989008,0.003514568630313274,3.0
538,69.26513259410362,0.003514568630313274,3.0
539,69.77718460519283,0.003514568630313274,3.0
540,70.12290573284886,0.003514568630313274,3.0
541,70.24850355406878,0.003514568630313274,3.0
542,70.41221186231465,0.003514568630313274,3.0
543,70.62437140856622,0.003514568630313274,3.0
544,70.81829510352453,0.003514568630313274,3.0
545,71.02055117947819,0.003514568630313274,3.0
546,71.2208928209903,0.003514568630313274,3.0
547,71.40337461867121,0.003514568630313274,3.0
548,71.56559984905645,0.003514568630313274,3.0
549,71.70462564393775,0.003514568630313274,3.0
550,71.8275223790469,0.003514568630313274,3.0
551,71.90451893582582,0.003514568630313274,3.0
552,71.97947771921581,0.003514568630313274,3.0
553,72.0275222188416,0.003514568630313274,3.0
554,72.07106795539877,0.003514568630313274,3.0
555,72.10598173159123,0.003514568630313274,3.0
556,72.14432311352354,0.003514568630313274,3.0
557,72.19349170967162,0.003514568630313274,3.0
558,72.25076844390534,0.003514568630313274,3.0
559,72.3593925519748,0.003514568630313274,3.0
560,72.39341340769245,0.003514568630313274,3.0
561,72.38747232299987,0.003514568630313274,3.0
562,72.3809785219318,0.003514568630313274,3.0
563,72.4923081219924,0.003514568630313274,3.0
564,72.60902395661556,0.003514568630313274,3.0
565,72.67011758069049,0.003514568630313274,3.0
566,72.71196475737541,0.003514568630313274,3.0
567,72.77798248978249,0.003514568630313274,3.0
568,72.91063964725441,0.003514568630313274,3.0
569,73.07571642481645,0.003514568630313274,3.0
570,73.23132191933539,0.003514568630313274,3.0
571,73.38782369970382,0.003514568630313274,3.0
572,73.51063340237177,0.003514568630313274,3.0
573,73.62545091056072,0.003514568630313274,3.0
574,73.73201424982014,0.003514568630313274,3.0
575,73.80538904057177,0.003514568630313274,3.0
576,73.86218625307474,0.003514568630313274,3.0
577,73.89791886602173,0.003514568630313274,3.0
578,73.92029698646213,0.003514568630313274,3.0
579,73.9365979113408,0.003514568630313274,3.0
580,73.94804902861816,0.003514568630313274,3.0
581,73.97591080619833,0.003514568630313274,3.0
582,74.00288857118238,0.003514568630313274,3.0
583,74.08945735194055,0.003514568630313274,3.0
584,74.14545341143341,0.003514568630313274,3.0
585,74.15994609304089,0.003514568630313274,3.0
586,74.20190569452406,0.003514568630313274,3.0
587,74.26870353433941,0.003514568630313274,3.0
588,74.61201510638456,0.003514568630313274,3.0
589,74.73457223308249,0.003514568630313274,3.0
590,74.76585125341728,0.003514568630313274,3.0
591,75.17617894997977,0.003514568630313274,3.0
592,75.31052573502906,0.003514568630313274,3.0
593,75.4998654586372,0.003514568630313274,3.0
594,75.66445980117109,0.003514568630313274,3.0
595,75.8003155634239,0.003514568630313274,3.0
596,75.93934723932698,0.003514568630313274,3.0
597,76.06526856839307,0.003514568630313274,3.0
598,76.18140472311431,0.003514568630313274,3.0
599,76.32734910660524,0.003514568630313274,3.0
600,76.38977566265532,0.003514568630313274,3.0
601,76.43340220377742,0.003514568630313274,3.0
602,76.46385467975293,0.003514568630313274,3.0
603,76.4910711058212,0.003514568630313274,3.0
604,76.51941588900934,0.003514568630313274,3.0
605,76.5438736830825,0.003514568630313274,3.0
606,76.58258135209482,0.003514568630313274,3.0
607,76.64769877774205,0.003514568630313274,3.0
608,76.79861305268201,0.003514568630313274,3.0
609,76.85549576692381,0.003514568630313274,3.0
610,77.1783116009229,0.003514568630313274,3.0
611,77.66159023378928,0.003514568630313274,3.0
612,77.89446454151879,0.003514568630313274,3.0
613,78.11219949734816,0.003514568630313274,3.0
614,78.21041202260416,0.003514568630313274,3.0
615,78.42869989257667,0.003514568630313274,3.0
616,78.6488180925455,0.003514568630313274,3.0
617,78.87408493427725,0.003514568630313274,3.0
618,79.14602198425781,0.003514568630313274,3.0
619,79.34571309242614,0.003514568630313274,3.0
620,79.53139496340684,0.003514568630313274,3.0
621,79.6978667983159,0.003514568630313274,3.0
622,79.88519094119347,0.003514568630313274,3.0
623,80.03874905239537,0.003514568630313274,3.0
624,80.14421544903556,0.003514568630313274,3.0
625,80.21909938442205,0.003514568630313274,3.0
626,80.28413220073035,0.003514568630313274,3.0
627,80.36208944127898,0.003514568630313274,3.0
628,80.42344239923186,0.003514568630313274,3.0
629,80.50548990068937,0.003514568630313274,3.0
630,80.58609422641936,0.003514568630313274,3.0
631,80.70670954978438,0.003514568630313274,3.0
632,80.88497115677521,0.003514568630313274,3.0
633,80.96403387482464,0.003514568630313274,3.0
634,81.0187254133124,0.003514568630313274,3.0
635,81.146209934808,0.003514568630313274,3.0
636,81.61596273346261,0.003514568630313274,3.0
637,82.06748652217472,0.003514568630313274,3.0
638,82.25617972247373,0.003514568630313274,3.0
639,82.42775974614524,0.003514568630313274,3.0
640,82.5592788227642,0.003514568630313274,3.0
641,82.691927784148,0.003514568630313274,3.0
642,82.86546219528262,0.003514568630313274,3.0
643,83.01885804154468,0.003514568630313274,3.0
644,83.22892812242537,0.003514568630313274,3.0
645,83.40830125919193,0.003514568630313274,3.0
646,83.54433693169058,0.003514568630313274,3.0
647,83.6420224261482,0.003514568630313274,3.0
648,83.70754520450913,0.003514568630313274,3.0
649,83.76147257638439,0.003514568630313274,3.0
650,83.78426508266026,0.003514568630313274,3.0
651,83.80854587923479,0.003514568630313274,3.0
652,83.82471970781381,0.003514568630313274,3.0
653,83.83550855080202,0.003514568630313274,3.0
654,83.87385890041233,0.003514568630313274,3.0
655,83.93366942303768,0.003514568630313274,3.0
656,84.10310420701857,0.003514568630313274,3.0
657,84.15450023584029,0.003514568630313274,3.0
658,84.21381926629104,0.003514568630313274,3.0
659,84.26237873389948,0.003514568630313274,3.0
660,84.30722077653799,0.003514568630313274,3.0
661,84.470120138267,0.003514568630313274,3.0
662,84.70639386399313,0.003514568630313274,3.0
663,85.24828529824374,0.003514568630313274,3.0
664,85.52116488609849,0.003514568630313274,3.0
665,85.74271125869505,0.003514568630313274,3.0
666,85.88620606493127,0.003514568630313274,3.0
667,86.04598024928083,0.003514568630313274,3.0
668,86.20431954742261,0.003514568630313274,3.0
669,86.35073885805924,0.003514568630313274,3.0
670,86.48719272871423,0.003514568630313274,3.0
671,86.58817074976673,0.003514568630313274,3.0
672,86.6652630631792,0.003514568630313274,3.0
673,86.71506894414941,0.003514568630313274,3.0
674,86.74887921936703,0.003514568630313274,3.0
675,86.76788373973321,0.003514568630313274,3.0
676,86.78759704546103,0.003514568630313274,3.0
677,86.78698489542292,0.003514568630313274,3.0
678,86.80681004771303,0.003514568630313274,3.0
679,86.85693246879701,0.003514568630313274,3.0
680,86.90445826323213,0.003514568630313274,3.0
681,86.99424200579028,0.003514568630313274,3.0
682,86.99359893404883,0.003514568630313274,3.0
683,86.99485446662473,0.003514568630313274,3.0
684,86.98300275806447,0.003514568630313274,3.0
685,86.9742110176061,0.003514568630313274,3.0
686,86.96397113163255,0.003514568630313274,3.0
687,87.1099911372456,0.003514568630313274,3.0
688,87.25267009586042,0.003514568630313274,3.0
689,87.44184399584157,0.003514568630313274,3.0
690,87.55822379679296,0.003514568630313274,3.0
691,87.69129591710801,0.003514568630313274,3.0
692,87.81130722205292,0.003514568630313274,3.0
693,87.91704425144852,0.003514568630313274,3.0
694,88.01862649456329,0.003514568630313274,3.0
695,88.09591242419282,0.003514568630313274,3.0
696,88.15368329406286,0.003514568630313274,3.0
697,88.20488244533172,0.003514568630313274,3.0
698,88.23983319396874,0.003514568630313274,3.0
699,88.27665875635685,0.003514568630313274,3.0
700,88.30350361692543,0.003514568630313274,3.0
701,88.34017978706127,0.003514568630313274,3.0
702,88.36009992397959,0.003514568630313274,3.0
703,88.4297924317466,0.003514568630313274,3.0
704,88.50075977551906,0.003514568630313274,3.0
705,88.56482286750334,0.003514568630313274,3.0
706,88.84715690629194,0.003514568630313274,3.0
707,89.28019751817044,0.003514568630313274,3.0
708,89.84996575732715,0.003514568630313274,3.0
709,90.49728447260331,0.003514568630313274,3.0
710,91.11206088219963,0.003514568630313274,3.0
711,91.80132687636187,0.003514568630313274,3.0
712,92.26338901985442,0.003514568630313274,3.0
713,92.4934022773466,0.003514568630313274,3.0
714,92.69247176944438,0.003514568630313274,3.0
715,92.87710559633662,0.003514568630313274,3.0
716,93.00677871094928,0.003514568630313274,3.0
717,93.1614330410039,0.003514568630313274,3.0
718,93.29163755524027,0.003514568630313274,3.0
719,93.43791509839744,0.003514568630313274,3.0
720,93.52222668029654,0.003514568630313274,3.0
721,93.59020476746689,0.003514568630313274,3.0
722,93.63175436127477,0.003514568630313274,3.0
723,93.66609906909464,0.003514568630313274,3.0
724,93.69986197840998,0.003514568630313274,3.0
725,93.73720469046121,0.003514568630313274,3.0
726,93.80704689723373,0.003514568630313274,3.0
727,93.88375640109098,0.003514568630313274,3.0
728,94.07001073465885,0.003514568630313274,3.0
729,94.14063074724577,0.003514568630313274,3.0
730,94.13785643464117,0.003514568630313274,3.0
731,94.14296752813114,0.003514568630313274,3.0
732,94.1399308122953,0.003514568630313274,3.0
733,94.1430059891364,0.003514568630313274,3.0
734,94.2486023880666,0.003514568630313274,3.0
735,94.38295955919158,0.003514568630313274,3.0
736,94.54786856849013,0.003514568630313274,3.0
737,94.69447414062999,0.003514568630313274,3.0
738,94.84318829267565,0.003514568630313274,3.0
739,95.01592017321936,0.003514568630313274,3.0
740,95.13468069338246,0.003514568630313274,3.0
741,95.24478661060114,0.003514568630313274,3.0
742,95.34150202791062,0.003514568630313274,3.0
743,95.42422710808526,0.003514568630313274,3.0
744,95.48376780954565,0.003514568630313274,3.0
745,95.53337788967902,0.003514568630313274,3.0
746,95.57367346202365,0.003514568630313274,3.0
747,95.60520175021611,0.003514568630313274,3.0
748,95.64109257637871,0.003514568630313274,3.0
749,95.66428861613565,0.003514568630313274,3.0
750,95.68020563511266,0.003514568630313274,3.0
751,95.74777830273706,0.003514568630313274,3.0
752,95.91379993676054,0.003514568630313274,3.0
753,96.03799542863374,0.003514568630313274,3.0
754,96.13777624857485,0.003514568630313274,3.0
755,96.16404067380854,0.003514568630313274,3.0
756,96.18832559452714,0.003514568630313274,3.0
757,96.20806844585908,0.003514568630313274,3.0
758,96.2216912278639,0.003514568630313274,3.0
759,96.29446586410049,0.003514568630313274,3.0
760,96.39506115680803,0.003514568630313274,3.0
761,96.53039438695039,0.003514568630313274,3.0
762,96.65783603537938,0.003514568630313274,3.0
763,96.77831090578862,0.003514568630313274,3.0
764,96.95823340417105,0.003514568630313274,3.0
765,97.09502484792027,0.003514568630313274,3.0
766,97.24213376640475,0.003514568630313274,3.0
767,97.36848081356226,0.003514568630313274,3.0
768,97.45253842040502,0.003514568630313274,3.0
769,97.51655907242876,0.003514568630313274,3.0
770,97.56390030342304,0.003514568630313274,3.0
771,97.62458070594921,0.003514568630313274,3.0
772,97.6767275431397,0.003514568630313274,3.0
773,97.70595834775898,0.003514568630313274,3.0
774,97.73191878752992,0.003514568630313274,3.0
775,97.78845997565733,0.003514568630313274,3.0
776,97.97927476660655,0.003514568630313274,3.0
777,98.11183717948639,0.003514568630313274,3.0
778,98.23321200651785,0.003514568630313274,3.0
779,98.31320654833426,0.003514568630313274,3.0
780,98.36603829683756,0.003514568630313274,3.0
781,98.39970424907236,0.003514568630313274,3.0
782,98.41292351908614,0.003514568630313274,3.0
783,98.4847526192332,0.003514568630313274,3.0
784,98.63614786365474,0.003514568630313274,3.0
785,98.80696919732345,0.003514568630313274,3.0
786,98.93450973136808,0.003514568630313274,3.0
787,99.05672987769873,0.003514568630313274,3.0
788,99.17196648894364,0.003514568630313274,3.0
789,99.26744251651343,0.003514568630313274,3.0
790,99.36375976304264,0.003514568630313274,3.0
791,99.44400786348602,0.003514568630313274,3.0
792,99.48748406965206,0.003514568630313274,3.0
793,99.52230602377853,0.003514568630313274,3.0
794,99.5521476020288,0.003514568630313274,3.0
795,99.57789838140975,0.003514568630313274,3.0
796,99.62288143271529,0.003514568630313274,3.0
797,99.64669817104034,0.003514568630313274,3.0
798,99.68942445616429,0.003514568630313274,3.0
799,99.74466334046761,0.003514568630313274,3.0
800,99.83082564346938,0.003514568630313274,3.0
801,99.89667203385113,0.003514568630313274,3.0
802,99.95626333463086,0.003514568630313274,3.0
803,99.99482467776376,0.003514568630313274,3.0
804,99.98857891903644,0.003514568630313274,3.0
805,99.97964641506137,0.003514568630313274,3.0
806,99.97014580787712,0.003514568630313274,3.0
807,100.04715928711694,0.003514568630313274,3.0
808,100.09859760742296,0.003514568630313274,3.0
809,100.1766168980554,0.003514568630313274,3.0
810,100.24911950944549,0.003514568630313274,3.0
811,100.30986582034576,0.003514568630313274,3.0
812,100.37960941967094,0.003514568630313274,3.0
813,100.51980979662675,0.003514568630313274,3.0
814,100.65983027347892,0.003514568630313274,3.0
815,100.76483020876206,0.003514568630313274,3.0
816,100.82103973382912,0.003514568630313274,3.0
817,100.85565362105172,0.003514568630313274,3.0
818,100.90424035553846,0.003514568630313274,3.0
819,100.92532497720102,0.003514568630313274,3.0
820,100.97679033584161,0.003514568630313274,3.0
821,101.04296881994328,0.003514568630313274,3.0
822,101.0971492087551,0.003514568630313274,3.0
823,101.20814391054233,0.003514568630313274,3.0
824,101.31155465305535,0.003514568630313274,3.0
825,101.52871169617258,0.003514568630313274,3.0
826,101.5720435109885,0.003514568630313274,3.0
827,101.57136335754524,0.003514568630313274,3.0
828,101.58537117587653,0.003514568630313274,3.0
829,101.57702485048137,0.003514568630313274,3.0
830,101.5756006863764,0.003514568630313274,3.0
831,101.6715046569137,0.003514568630313274,3.0
832,101.8081097894781,0.003514568630313274,3.0
833,101.95436992830157,0.003514568630313274,3.0
834,102.0890276801379,0.003514568630313274,3.0
835,102.2180826119894,0.003514568630313274,3.0
836,102.31130261741845,0.003514568630313274,3.0
837,102.41735426473015,0.003514568630313274,3.0
838,102.53904206787688,0.003514568630313274,3.0
839,102.63397124652415,0.003514568630313274,3.0
840,102.70987238977006,0.003514568630313274,3.0
841,102.74883512432501,0.003514568630313274,3.0
842,102.77664872565977,0.003514568630313274,3.0
843,102.79860211966235,0.003514568630313274,3.0
844,102.81215516813666,0.003514568630313274,3.0
845,102.84652398562834,0.003514568630313274,3.0
846,102.87250287407835,0.003514568630313274,3.0
847,102.94501508297323,0.003514568630313274,3.0
848,103.00358235562734,0.003514568630313274,3.0
849,103.1076876385102,0.003514568630313274,3.0
850,103.20018661535715,0.003514568630313274,3.0
851,103.2500246274043,0.003514568630313274,3.0
852,103.24169165560062,0.003514568630313274,3.0
853,103.58489471395146,0.003514568630313274,3.0
854,104.12445325623457,0.003514568630313274,3.0
855,104.67678258808353,0.003514568630313274,3.0
856,104.91731012577908,0.003514568630313274,3.0
857,105.15883362692486,0.003514568630313274,3.0
858,105.3710714946848,0.003514568630313274,3.0
859,105.56994756299551,0.003514568630313274,3.0
860,105.69972073808601,0.003514568630313274,3.0
861,105.81452171083852,0.003514568630313274,3.0
862,105.90802214242761,0.003514568630313274,3.0
863,105.97279669492848,0.003514568630313274,3.0
864,106.02418450881942,0.003514568630313274,3.0
865,106.06444451639521,0.003514568630313274,3.0
866,106.09132888942067,0.003514568630313274,3.0
867,106.1144338423849,0.003514568630313274,3.0
868,106.13233743473812,0.003514568630313274,3.0
869,106.15431918445847,0.003514568630313274,3.0
870,106.17273100917508,0.003514568630313274,3.0
871,106.24597037320565,0.003514568630313274,3.0
872,106.30762249982374,0.003514568630313274,3.0
873,106.4639016424701,0.003514568630313274,3.0
874,106.52908060489862,0.003514568630313274,3.0
875,106.58238488615856,0.003514568630313274,3.0
876,106.57624333685524,0.003514568630313274,3.0
877,106.56734576228024,0.003514568630313274,3.0
878,106.590128277788,0.003514568630313274,3.0
879,106.72169407165306,0.003514568630313274,3.0
880,106.85275331670334,0.003514568630313274,3.0
881,107.01210552408125,0.003514568630313274,3.0
882,107.13371028014213,0.003514568630313274,3.0
883,107.26342599877096,0.003514568630313274,3.0
884,107.3692004661636,0.003514568630313274,3.0
885,107.54360700098755,0.003514568630313274,3.0
886,107.65950559095235,0.003514568630313274,3.0
887,107.74489187120435,0.003514568630313274,3.0
888,107.7918503076786,0.003514568630313274,3.0
889,107.82671362565002,0.003514568630313274,3.0
890,107.85191105411427,0.003514568630313274,3.0
891,107.88659360390288,0.003514568630313274,3.0
892,107.90731450313082,0.003514568630313274,3.0
893,107.93014376035485,0.003514568630313274,3.0
894,107.94669072329673,0.003514568630313274,3.0
895,108.00956093688882,0.003514568630313274,3.0
896,108.14407480570885,0.003514568630313274,3.0
897,108.26424924115423,0.003514568630313274,3.0
898,108.34229289187574,0.003514568630313274,3.0
899,108.36248408328052,0.003514568630313274,3.0
900,108.36095978201205,0.003514568630313274,3.0
901,108.3618315833601,0.003514568630313274,3.0
902,108.35253340418927,0.003514568630313274,3.0
903,108.35486339653106,0.003514568630313274,3.0
904,108.42056612478397,0.003514568630313274,3.0
905,108.60965705774703,0.003514568630313274,3.0
906,108.80488709764754,0.003514568630313274,3.0
907,108.9373901576306,0.003514568630313274,3.0
908,109.06142432243762,0.003514568630313274,3.0
909,109.1977617984952,0.003514568630313274,3.0
910,109.32532912740098,0.003514568630313274,3.0
911,109.4410675640434,0.003514568630313274,3.0
912,109.51435880691804,0.003514568630313274,3.0
913,109.56756668422517,0.003514568630313274,3.0
914,109.61002279513505,0.003514568630313274,3.0
915,109.65647096694211,0.003514568630313274,3.0
916,109.70407852706322,0.003514568630313274,3.0
917,109.74351360755581,0.003514568630313274,3.0
918,109.78230830577488,0.003514568630313274,3.0
919,109.84085433584814,0.003514568630313274,3.0
920,109.96888882225387,0.003514568630313274,3.0
921,110.17022318039916,0.003514568630313274,3.0
922,110.40385380585171,0.003514568630313274,3.0
923,110.94267132802084,0.003514568630313274,3.0
924,111.40533519231768,0.003514568630313274,3.0
925,111.61002450590463,0.003514568630313274,3.0
926,111.68704554734911,0.003514568630313274,3.0
927,111.8149997430291,0.003514568630313274,3.0
928,111.88529638954843,0.003514568630313274,3.0
929,112.05420558532035,0.003514568630313274,3.0
930,112.19962861049093,0.003514568630313274,3.0
931,112.36213021207809,0.003514568630313274,3.0
932,112.47972959163812,0.003514568630313274,3.0
933,112.59582781988375,0.003514568630313274,3.0
934,112.69238372547598,0.003514568630313274,3.0
935,112.7737097653588,0.003514568630313274,3.0
936,112.83484787659788,0.003514568630313274,3.0
937,112.87891996173371,0.003514568630313274,3.0
938,112.90872351983653,0.003514568630313274,3.0
939,112.93744640530981,0.003514568630313274,3.0
940,112.99814199074909,0.003514568630313274,3.0
941,113.04917864100831,0.003514568630313274,3.0
942,113.08565784076093,0.003514568630313274,3.0
943,113.16941740142059,0.003514568630313274,3.0
944,113.21588946474262,0.003514568630313274,3.0
945,113.20905626948598,0.003514568630313274,3.0
946,113.28087953620062,0.003514568630313274,3.0
947,113.39517124019741,0.003514568630313274,3.0
948,113.57154385777204,0.003514568630313274,3.0
949,113.68167287864573,0.003514568630313274,3.0
950,113.68880327716924,0.003514568630313274,3.0
951,113.79130625229116,0.003514568630313274,3.0
952,113.92563283252053,0.003514568630313274,3.0
953,114.08777021551074,0.003514568630313274,3.0
954,114.22658656975524,0.003514568630313274,3.0
955,114.3778383811522,0.003514568630313274,3.0
956,114.5292377299957,0.003514568630313274,3.0
957,114.66682149682534,0.003514568630313274,3.0
958,114.80631163465934,0.003514568630313274,3.0
959,114.92370008207313,0.003514568630313274,3.0
960,114.9934382305529,0.003514568630313274,3.0
961,115.03185731695709,0.003514568630313274,3.0
962,115.05914991186594,0.003514568630313274,3.0
963,115.07808198689094,0.003514568630313274,3.0
964,115.10197128624225,0.003514568630313274,3.0
965,115.12831747161881,0.003514568630313274,3.0
966,115.17109310328819,0.003514568630313274,3.0
967,115.23800304809542,0.003514568630313274,3.0
968,115.3001788668622,0.003514568630313274,3.0
969,115.34584108911807,0.003514568630313274,3.0
970,115.48290272706247,0.003514568630313274,3.0
971,115.52207320445207,0.003514568630313274,3.0
972,115.58252186631255,0.003514568630313274,3.0
973,115.61684501289639,0.003514568630313274,3.0
974,115.61286741182984,0.003514568630313274,3.0
975,115.61674965457144,0.003514568630313274,3.0
976,115.64792573707737,0.003514568630313274,3.0
977,115.73323486422869,0.003514568630313274,3.0
978,115.81390383301081,0.003514568630313274,3.0
979,115.9122851719607,0.003514568630313274,3.0
980,116.02676448266963,0.003514568630313274,3.0
981,116.12556213048083,0.003514568630313274,3.0
982,116.30787424903951,0.003514568630313274,3.0
983,116.43292464284849,0.003514568630313274,3.0
984,116.5748308462621,0.003514568630313274,3.0
985,116.68285503112212,0.003514568630313274,3.0
986,116.7431076370887,0.003514568630313274,3.0
987,116.7923521178657,0.003514568630313274,3.0
988,116.85104932855565,0.003514568630313274,3.0
989,116.89357084628107,0.003514568630313274,3.0
990,116.9508979104053,0.003514568630313274,3.0
991,117.04304489309429,0.003514568630313274,3.0
992,117.19664730928154,0.003514568630313274,3.0
993,117.31256290574181,0.003514568630313274,3.0
994,117.47489774118205,0.003514568630313274,3.0
995,117.69681548627052,0.003514568630313274,3.0
996,118.37277456969211,0.003514568630313274,3.0
997,119.03994677749662,0.003514568630313274,3.0
998,119.4928879909012,0.003514568630313274,3.0
999,119.82622333780509,0.003514568630313274,3.0
1000,120.03484982336506,0.003514568630313274,3.0
1001,120.18235436338816,0.003514568630313274,3.0
1002,120.36427957010386,0.003514568630313274,3.0
1003,120.5324242188313,0.003514568630313274,3.0
1004,120.67869436339515,0.003514568630313274,3.0
1005,120.83495124758053,0.003514568630313274,3.0
1006,120.96089276375075,0.003514568630313274,3.0
1007,121.0393907313662,0.003514568630313274,3.0
1008,121.10816017768975,0.003514568630313274,3.0
1009,121.1531458905795,0.003514568630313274,3.0
1010,121.19393419938866,0.003514568630313274,3.0
1011,121.23239336710017,0.003514568630313274,3.0
1012,121.26589461511416,0.003514568630313274,3.0
1013,121.2960795512937,0.003514568630313274,3.0
1014,121.34087062473147,0.003514568630313274,3.0
1015,121.41479359788384,0.003514568630313274,3.0
1016,121.5573806956837,0.003514568630313274,3.0
1017,121.65847673901015,0.003514568630313274,3.0
1018,121.74947589177194,0.003514568630313274,3.0
1019,121.78198513226717,0.003514568630313274,3.0
1020,121.78731082572388,0.003514568630313274,3.0
1021,121.8601075175506,0.003514568630313274,3.0
1022,121.94736147574555,0.003514568630313274,3.0
1023,122.04759233743191,0.003514568630313274,3.0
1024,122.154582626188,0.003514568630313274,3.0
1025,122.27137110402775,0.003514568630313274,3.0
1026,122.41994194638934,0.003514568630313274,3.0
1027,122.55964830144356,0.003514568630313274,3.0
1028,122.69197059818683,0.003514568630313274,3.0
1029,122.80082232686703,0.003514568630313274,3.0
1030,122.89560461817258,0.003514568630313274,3.0
1031,122.96300418343148,0.003514568630313274,3.0
1032,123.00608656140896,0.003514568630313274,3.0
1033,123.04064261803208,0.003514568630313274,3.0
1034,123.07251535733822,0.003514568630313274,3.0
1035,123.09197597181276,0.003514568630313274,3.0
1036,123.12553995184493,0.003514568630313274,3.0
1037,123.1425781356989,0.003514568630313274,3.0
1038,123.15201498126608,0.003514568630313274,3.0
1039,123.20194465750895,0.003514568630313274,3.0
1040,123.27269072626818,0.003514568630313274,3.0
1041,123.43017093799243,0.003514568630313274,3.0
1042,123.57904577107371,0.003514568630313274,3.0
1043,123.7414383964088,0.003514568630313274,3.0
1044,123.85532367773598,0.003514568630313274,3.0
1045,123.93763018225863,0.003514568630313274,3.0
1046,124.02715953818003,0.003514568630313274,3.0
1047,124.13412997262061,0.003514568630313274,3.0
1048,124.25315642706548,0.003514568630313274,3.0
1049,124.36042733175982,0.003514568630313274,3.0
1050,124.46390057711928,0.003514568630313274,3.0
1051,124.59757976060544,0.003514568630313274,3.0
1052,124.75230044756063,0.003514568630313274,3.0
1053,124.85034379328516,0.003514568630313274,3.0
1054,124.99140972912447,0.003514568630313274,3.0
1055,125.08924413756458,0.003514568630313274,3.0
1056,125.15352260473244,0.003514568630313274,3.0
1057,125.1908103297116,0.003514568630313274,3.0
1058,125.22802328135236,0.003514568630313274,3.0
1059,125.26787256002834,0.003514568630313274,3.0
1060,125.3082072514622,0.003514568630313274,3.0
1061,125.36202370982834,0.003514568630313274,3.0
1062,125.38166381017602,0.003514568630313274,3.0
1063,125.52803911016179,0.003514568630313274,3.0
1064,126.1806856020773,0.003514568630313274,3.0
1065,126.78156414323298,0.003514568630313274,3.0
1066,127.4877654244356,0.003514568630313274,3.0
1067,128.1279358121914,0.003514568630313274,3.0
1068,128.54389560030063,0.003514568630313274,3.0
1069,128.72689311051516,0.003514568630313274,3.0
1070,128.84259658569542,0.003514568630313274,3.0
1071,128.97428014093546,0.003514568630313274,3.0
1072,129.11094603527297,0.003514568630313274,3.0
1073,129.24731703556805,0.003514568630313274,3.0
1074,129.38704765761003,0.003514568630313274,3.0
1075,129.48710487943592,0.003514568630313274,3.0
1076,129.602313987328,0.003514568630313274,3.0
1077,129.70976319484996,0.003514568630313274,3.0
1078,129.83002856744295,0.003514568630313274,3.0
1079,129.93383680911393,0.003514568630313274,3.0
1080,130.00100948003768,0.003514568630313274,3.0
1081,130.05276622071648,0.003514568630313274,3.0
1082,130.09439424912034,0.003514568630313274,3.0
1083,130.14205053616888,0.003514568630313274,3.0
1084,130.2181388352584,0.003514568630313274,3.0
1085,130.23165121832406,0.003514568630313274,3.0
1086,130.26642195505497,0.003514568630313274,3.0
1087,130.41961164107022,0.003514568630313274,3.0
1088,130.49623356967624,0.003514568630313274,3.0
1089,130.59043194525768,0.003514568630313274,3.0
1090,130.64150635323116,0.003514568630313274,3.0
1091,130.8166237400091,0.003514568630313274,3.0
1092,130.97271344032217,0.003514568630313274,3.0
1093,131.098743219609,0.003514568630313274,3.0
1094,131.20441423571495,0.003514568630313274,3.0
1095,131.29835362856292,0.003514568630313274,3.0
1096,131.41840077628143,0.003514568630313274,3.0
1097,131.49265477139502,0.003514568630313274,3.0
1098,131.64633269422706,0.003514568630313274,3.0
1099,131.74891610278536,0.003514568630313274,3.0
1100,131.86572321110037,0.003514568630313274,3.0
1101,131.9779345397236,0.003514568630313274,3.0
1102,132.10499045912775,0.003514568630313274,3.0
1103,132.1874024233629,0.003514568630313274,3.0
1104,132.24943253858416,0.003514568630313274,3.0
1105,132.29860729494595,0.003514568630313274,3.0
1106,132.3342363925449,0.003514568630313274,3.0
1107,132.3845135931911,0.003514568630313274,3.0
1108,132.42088788189295,0.003514568630313274,3.0
1109,132.47444756382447,0.003514568630313274,3.0
1110,132.50411678921503,0.003514568630313274,3.0
1111,132.59324875157455,0.003514568630313274,3.0
1112,132.70229776757978,0.003514568630313274,3.0
1113,132.79565686923746,0.003514568630313274,3.0
1114,132.95410702550217,0.003514568630313274,3.0
1115,133.0790694516001,0.003514568630313274,3.0
1116,133.15267418252972,0.003514568630313274,3.0
1117,133.20134130567484,0.003514568630313274,3.0
1118,133.2393357744478,0.003514568630313274,3.0
1119,133.27450524755807,0.003514568630313274,3.0
1120,133.36466124384464,0.003514568630313274,3.0
1121,133.47270744011757,0.003514568630313274,3.0
1122,133.57784011082043,0.003514568630313274,3.0
1123,133.69791090589274,0.003514568630313274,3.0
1124,133.83722131061577,0.003514568630313274,3.0
1125,133.94364796708595,0.003514568630313274,3.0
1126,134.0476746312723,0.003514568630313274,3.0
1127,134.1174086344348,0.003514568630313274,3.0
1128,134.16755242034094,0.003514568630313274,3.0
1129,134.20002933284425,0.003514568630313274,3.0
1130,134.22099956793804,0.003514568630313274,3.0
1131,134.25659011464444,0.003514568630313274,3.0
1132,134.2761761369164,0.003514568630313274,3.0
1133,134.28348923033099,0.003514568630313274,3.0
1134,134.3072493851819,0.003514568630313274,3.0
1135,134.3579990214378,0.003514568630313274,3.0
1136,134.44021741068784,0.003514568630313274,3.0
1137,134.51638392879497,0.003514568630313274,3.0
1138,134.6181221121283,0.003514568630313274,3.0
1139,134.74951403784902,0.003514568630313274,3.0
1140,135.26132150346754,0.003514568630313274,3.0
1141,136.01128063200974,0.003514568630313274,3.0
1142,136.6749342982713,0.003514568630313274,3.0
1143,137.1370745972467,0.003514568630313274,3.0
1144,137.40672777376895,0.003514568630313274,3.0
1145,137.56595043990748,0.003514568630313274,3.0
1146,137.70688774720955,0.003514568630313274,3.0
1147,137.80197880242423,0.003514568630313274,3.0
1148,137.92961877097912,0.003514568630313274,3.0
1149,138.10949876881915,0.003514568630313274,3.0
1150,138.24153795302584,0.003514568630313274,3.0
1151,138.33193919844902,0.003514568630313274,3.0
1152,138.3892381523906,0.003514568630313274,3.0
1153,138.4356971630262,0.003514568630313274,3.0
1154,138.46821775686087,0.003514568630313274,3.0
1155,138.49608916884299,0.003514568630313274,3.0
1156,138.53001978478238,0.003514568630313274,3.0
1157,138.55872255497312,0.003514568630313274,3.0
1158,138.58436901534404,0.003514568630313274,3.0
1159,138.65691385279808,0.003514568630313274,3.0
1160,138.81059005741494,0.003514568630313274,3.0
1161,139.02457128151462,0.003514568630313274,3.0
1162,139.07037669380668,0.003514568630313274,3.0
1163,139.05888592058886,0.003514568630313274,3.0
1164,139.03678352421605,0.003514568630313274,3.0
1165,139.0265406683018,0.003514568630313274,3.0
1166,139.07596039722364,0.003514568630313274,3.0
1167,139.20349068900802,0.003514568630313274,3.0
1168,139.29949988128007,0.003514568630313274,3.0
1169,139.38348492790237,0.003514568630313274,3.0
1170,139.51425454216175,0.003514568630313274,3.0
1171,139.61152094855012,0.003514568630313274,3.0
1172,139.7062624569543,0.003514568630313274,3.0
1173,139.8053792673454,0.003514568630313274,3.0
1174,139.90329279828092,0.003514568630313274,3.0
1175,139.96705434546166,0.003514568630313274,3.0
1176,140.00634600213286,0.003514568630313274,3.0
1177,140.03704638966767,0.003514568630313274,3.0
1178,140.0579195399618,0.003514568630313274,3.0
1179,140.0771786870651,0.003514568630313274,3.0
1180,140.09651943824505,0.003514568630313274,3.0
1181,140.1186648342127,0.003514568630313274,3.0
1182,140.11794484845865,0.003514568630313274,3.0
1183,140.17813227568365,0.003514568630313274,3.0
1184,140.23172717160605,0.003514568630313274,3.0
1185,140.34503669601523,0.003514568630313274,3.0
1186,140.38010460048443,0.003514568630313274,3.0
1187,140.37727748384754,0.003514568630313274,3.0
1188,140.59382274063276,0.003514568630313274,3.0
1189,140.7220174273539,0.003514568630313274,3.0
1190,140.7210785975621,0.003514568630313274,3.0
1191,140.7337804397681,0.003514568630313274,3.0
1192,140.73952744535973,0.003514568630313274,3.0
1193,140.84842615964445,0.003514568630313274,3.0
1194,141.26190817117228,0.003514568630313274,3.0
1195,141.85792313907527,0.003514568630313274,3.0
1196,142.5584065114229,0.003514568630313274,3.0
1197,143.19480082576658,0.003514568630313274,3.0
1198,143.90723387404256,0.003514568630313274,3.0
1199,144.59815643058076,0.003514568630313274,3.0
1200,145.19037644876153,0.003514568630313274,3.0
1201,145.5082843953902,0.003514568630313274,3.0
1202,145.66497311410407,0.003514568630313274,3.0
1203,145.76418904997536,0.003514568630313274,3.0
1204,145.8295008526748,0.003514568630313274,3.0
1205,145.8927498935622,0.003514568630313274,3.0
1206,145.92648966926015,0.003514568630313274,3.0
1207,146.0231444533829,0.003514568630313274,3.0
1208,146.13053409270853,0.003514568630313274,3.0
1209,146.55898962975414,0.003514568630313274,3.0
1210,146.9245107426569,0.003514568630313274,3.0
1211,147.09335799566077,0.003514568630313274,3.0
1212,147.23094292127365,0.003514568630313274,3.0
1213,147.35262084539414,0.003514568630313274,3.0
1214,147.43000074016703,0.003514568630313274,3.0
1215,147.57033591796267,0.003514568630313274,3.0
1216,147.75836246184795,0.003514568630313274,3.0
1217,147.91729074631394,0.003514568630313274,3.0
1218,148.04355981299364,0.003514568630313274,3.0
1219,148.1251857787616,0.003514568630313274,3.0
1220,148.24442440349262,0.003514568630313274,3.0
1221,148.3121467618119,0.003514568630313274,3.0
1222,148.40295622958396,0.003514568630313274,3.0
1223,148.4886631872908,0.003514568630313274,3.0
1224,148.6178414968994,0.003514568630313274,3.0
1225,148.71532588417858,0.003514568630313274,3.0
1226,148.78455592711776,0.003514568630313274,3.0
1227,148.83545531495008,0.003514568630313274,3.0
1228,148.8688529575182,0.003514568630313274,3.0
1229,148.92682721199603,0.003514568630313274,3.0
1230,148.96956381647075,0.003514568630313274,3.0
1231,149.01159311574804,0.003514568630313274,3.0
1232,149.03947361583707,0.003514568630313274,3.0
1233,149.11738319605794,0.003514568630313274,3.0
1234,149.18905431284583,0.003514568630313274,3.0
1235,149.2271092556492,0.003514568630313274,3.0
1236,149.22055186763106,0.003514568630313274,3.0
1237,149.20471491253005,0.003514568630313274,3.0
1238,149.2037007907302,0.003514568630313274,3.0
1239,149.29558777225407,0.003514568630313274,3.0
1240,149.38733001040046,0.003514568630313274,3.0
1241,149.54196388422025,0.003514568630313274,3.0
1242,149.71208516988222,0.003514568630313274,3.0
1243,149.8159759341096,0.003514568630313274,3.0
1244,149.92501369902055,0.003514568630313274,3.0
1245,150.06628084527392,0.003514568630313274,3.0
1246,150.20113358495004,0.003514568630313274,3.0
1247,150.30921677756083,0.003514568630313274,3.0
1248,150.4053619182487,0.003514568630313274,3.0
1249,150.45197141570947,0.003514568630313274,3.0
1250,150.48621935317465,0.003514568630313274,3.0
1251,150.5050563680579,0.003514568630313274,3.0
1252,150.5219397718863,0.003514568630313274,3.0
1253,150.53656622879467,0.003514568630313274,3.0
1254,150.54925892717418,0.003514568630313274,3.0
1255,150.61425956817706,0.003514568630313274,3.0
1256,150.70629358935375,0.003514568630313274,3.0
1257,150.84887762751652,0.003514568630313274,3.0
1258,150.96144986195745,0.003514568630313274,3.0
1259,151.0729498934849,0.003514568630313274,3.0
1260,151.1184586794962,0.003514568630313274,3.0
1261,151.13976643244294,0.003514568630313274,3.0
1262,151.1879643617514,0.003514568630313274,3.0
1263,151.26884545449343,0.003514568630313274,3.0
1264,151.36692805318094,0.003514568630313274,3.0
1265,151.4938878724343,0.003514568630313274,3.0
1266,151.6313426663227,0.003514568630313274,3.0
1267,151.7683440822631,0.003514568630313274,3.0
1268,151.8779237971624,0.003514568630313274,3.0
1269,151.9697761971565,0.003514568630313274,3.0
1270,152.06210005188166,0.003514568630313274,3.0
1271,152.13720095999332,0.003514568630313274,3.0
1272,152.18736019160323,0.003514568630313274,3.0
1273,152.2213536233727,0.003514568630313274,3.0
1274,152.24795066569112,0.003514568630313274,3.0
1275,152.26788754119863,0.003514568630313274,3.0
1276,152.28183793631638,0.003514568630313274,3.0
1277,152.2906957613817,0.003514568630313274,3.0
1278,152.28968376550503,0.003514568630313274,3.0
1279,152.34235561431754,0.003514568630313274,3.0
1280,152.45889665246384,0.003514568630313274,3.0
1281,152.5772324073171,0.003514568630313274,3.0
1282,152.6724413064358,0.003514568630313274,3.0
1283,152.73819286449793,0.003514568630313274,3.0
1284,152.76507136693593,0.003514568630313274,3.0
1285,152.77453158096773,0.003514568630313274,3.0
1286,152.7885343751781,0.003514568630313274,3.0
1287,152.82034309076198,0.003514568630313274,3.0
1288,152.92215825980796,0.003514568630313274,3.0
1289,152.9887694460917,0.003514568630313274,3.0
1290,153.1547423893241,0.003514568630313274,3.0
1291,153.26932492742603,0.003514568630313274,3.0
1292,153.42407052208148,0.003514568630313274,3.0
1293,153.52894472860325,0.003514568630313274,3.0
1294,153.62230824984093,0.003514568630313274,3.0
1295,153.69188672107168,0.003514568630313274,3.0
1296,153.73262470514905,0.003514568630313274,3.0
1297,153.7646611608155,0.003514568630313274,3.0
1298,153.78640137889928,0.003514568630313274,3.0
1299,153.80523918996343,0.003514568630313274,3.0
1300,153.8177640146575,0.003514568630313274,3.0
1301,153.81702332666183,0.003514568630313274,3.0
1302,153.81538220513337,0.003514568630313274,3.0
1303,153.84085407745698,0.003514568630313274,3.0
1304,153.9281103910695,0.003514568630313274,3.0
1305,153.92681757370732,0.003514568630313274,3.0
1306,153.9348864192426,0.003514568630313274,3.0
1307,153.93802873515654,0.003514568630313274,3.0
1308,153.93746369771364,0.003514568630313274,3.0
1309,153.93232076769576,0.003514568630313274,3.0
1310,153.92734868173764,0.003514568630313274,3.0
1311,153.9752894814255,0.003514568630313274,3.0
1312,154.0169774622226,0.003514568630313274,3.0
1313,154.02816685033477,0.003514568630313274,3.0
1314,154.11037454934512,0.003514568630313274,3.0
1315,154.19527656887598,0.003514568630313274,3.0
1316,154.31918389551328,0.003514568630313274,3.0
1317,154.41331586131673,0.003514568630313274,3.0
1318,154.50536514212322,0.003514568630313274,3.0
1319,154.57155583964646,0.003514568630313274,3.0
1320,154.60903934501295,0.003514568630313274,3.0
1321,154.63937783920568,0.003514568630313274,3.0
1322,154.66022322239925,0.003514568630313274,3.0
1323,154.67926755393708,0.003514568630313274,3.0
1324,154.70753933493774,0.003514568630313274,3.0
1325,154.71876641431584,0.003514568630313274,3.0
1326,154.7534040968659,0.003514568630313274,3.0
1327,155.21440345731855,0.003514568630313274,3.0
1328,155.84465149213287,0.003514568630313274,3.0
1329,156.55927736811827,0.003514568630313274,3.0
1330,157.28312448450964,0.003514568630313274,3.0
1331,158.28674030002097,0.003514568630313274,3.0
1332,158.92605402334416,0.003514568630313274,3.0
1333,159.63232900600735,0.003514568630313274,3.0
1334,160.0326637730899,0.003514568630313274,3.0
1335,160.24696737052915,0.003514568630313274,3.0
1336,160.45221391407563,0.003514568630313274,3.0
1337,160.55119507799662,0.003514568630313274,3.0
1338,160.63890461064872,0.003514568630313274,3.0
1339,160.7155701966574,0.003514568630313274,3.0
1340,160.78532067017534,0.003514568630313274,3.0
1341,160.86074602311544,0.003514568630313274,3.0
1342,160.92746993209298,0.003514568630313274,3.0
1343,160.97347565120964,0.003514568630313274,3.0
1344,161.008025198419,0.003514568630313274,3.0
1345,161.03572879523728,0.003514568630313274,3.0
1346,161.0513442179091,0.003514568630313274,3.0
1347,161.08554366603403,0.003514568630313274,3.0
1348,161.082379755925,0.003514568630313274,3.0
1349,161.08019759808627,0.003514568630313274,3.0
1350,161.0724683695753,0.003514568630313274,3.0
1351,161.11648085431088,0.003514568630313274,3.0
1352,161.11484976296316,0.003514568630313274,3.0
1353,161.15084206647504,0.003514568630313274,3.0
1354,161.14500604496988,0.003514568630313274,3.0
1355,161.1412784290612,0.003514568630313274,3.0
1356,161.18684002015692,0.003514568630313274,3.0
1357,161.24789946025302,0.003514568630313274,3.0
1358,161.32301306831695,0.003514568630313274,3.0
1359,161.40441228487407,0.003514568630313274,3.0
1360,161.50755879925663,0.003514568630313274,3.0
1361,161.59431283201022,0.003514568630313274,3.0
1362,161.65760416498588,0.003514568630313274,3.0
1363,161.7768680965848,0.003514568630313274,3.0
1364,161.9059913073332,0.003514568630313274,3.0
1365,162.02076237843946,0.003514568630313274,3.0
1366,162.12075247397345,0.003514568630313274,3.0
1367,162.19151430224446,0.003514568630313274,3.0
1368,162.24359637719112,0.003514568630313274,3.0
1369,162.28153315591982,0.003514568630313274,3.0
1370,162.30777217465058,0.003514568630313274,3.0
1371,162.33140899638175,0.003514568630313274,3.0
1372,162.34732139355913,0.003514568630313274,3.0
1373,162.36940902405098,0.003514568630313274,3.0
1374,162.3811052829735,0.003514568630313274,3.0
1375,162.42913160056364,0.003514568630313274,3.0
1376,162.49175781845764,0.003514568630313274,3.0
1377,162.57132160576708,0.003514568630313274,3.0
1378,162.6536262158114,0.003514568630313274,3.0
1379,162.7102145907734,0.003514568630313274,3.0
1380,162.77269914302715,0.003514568630313274,3.0
1381,162.82602218057858,0.003514568630313274,3.0
1382,162.8719808147201,0.003514568630313274,3.0
1383,162.93333244276153,0.003514568630313274,3.0
1384,163.03296055975093,0.003514568630313274,3.0
1385,163.13135192378027,0.003514568630313274,3.0
1386,163.20043432802595,0.003514568630313274,3.0
1387,163.42487312148108,0.003514568630313274,3.0
1388,163.61099275426744,0.003514568630313274,3.0
1389,163.73911734190628,0.003514568630313274,3.0
1390,163.90025208628504,0.003514568630313274,3.0
1391,164.01948174499444,0.003514568630313274,3.0
1392,164.097553163909,0.003514568630313274,3.0
1393,164.1419529007022,0.003514568630313274,3.0
1394,164.174516675206,0.003514568630313274,3.0
1395,164.20010821807784,0.003514568630313274,3.0
1396,164.2171370896123,0.003514568630313274,3.0
1397,164.22693659157554,0.003514568630313274,3.0
1398,164.2304764773349,0.003514568630313274,3.0
1399,164.2618854207471,0.003514568630313274,3.0
1400,164.3361771996838,0.003514568630313274,3.0
1401,164.40765591411252,0.003514568630313274,3.0
1402,164.4701842142577,0.003514568630313274,3.0
1403,164.53679453060462,0.003514568630313274,3.0
1404,164.5818540532821,0.003514568630313274,3.0
1405,164.69900376897453,0.003514568630313274,3.0
1406,164.7721419480256,0.003514568630313274,3.0
1407,164.85121914133282,0.003514568630313274,3.0
1408,164.9271457483695,0.003514568630313274,3.0
1409,165.0256664555297,0.003514568630313274,3.0
1410,165.09128427049535,0.003514568630313274,3.0
1411,165.23705082242589,0.003514568630313274,3.0
1412,165.34558388334054,0.003514568630313274,3.0
1413,165.42409858905944,0.003514568630313274,3.0
1414,165.50782895649033,0.003514568630313274,3.0
1415,165.5822986039351,0.003514568630313274,3.0
1416,165.62880473933288,0.003514568630313274,3.0
1417,165.66215832849994,0.003514568630313274,3.0
1418,165.6859532589861,0.003514568630313274,3.0
1419,165.7040946603771,0.003514568630313274,3.0
1420,165.717924275337,0.003514568630313274,3.0
1421,165.72014046195315,0.003514568630313274,3.0
1422,165.7205589641683,0.003514568630313274,3.0
1423,165.75160092432506,0.003514568630313274,3.0
1424,165.78860707184077,0.003514568630313274,3.0
1425,165.83331547775782,0.003514568630313274,3.0
1426,165.91779391303186,0.003514568630313274,3.0
1427,165.96534860406936,0.003514568630313274,3.0
1428,166.02647539577507,0.003514568630313274,3.0
1429,166.0637568587355,0.003514568630313274,3.0
1430,166.1176313573095,0.003514568630313274,3.0
1431,166.17195192947935,0.003514568630313274,3.0
1432,166.20370674430401,0.003514568630313274,3.0
1433,166.23091365372937,0.003514568630313274,3.0
1434,166.2567995781081,0.003514568630313274,3.0
1435,166.35315787549018,0.003514568630313274,3.0
1436,166.39941547727244,0.003514568630313274,3.0
1437,166.45177118505413,0.003514568630313274,3.0
1438,166.51932330855374,0.003514568630313274,3.0
1439,166.57414849360714,0.003514568630313274,3.0
1440,166.6104870864695,0.003514568630313274,3.0
1441,166.6418170041898,0.003514568630313274,3.0
1442,166.66339626409325,0.003514568630313274,3.0
1443,166.68089895629484,0.003514568630313274,3.0
1444,166.69901852796846,0.003514568630313274,3.0
1445,166.70979497598498,0.003514568630313274,3.0
1446,166.72549641580247,0.003514568630313274,3.0
1447,166.75393498595471,0.003514568630313274,3.0
1448,166.86391161256338,0.003514568630313274,3.0
1449,166.9690716195571,0.003514568630313274,3.0
1450,166.98749073674793,0.003514568630313274,3.0
1451,166.98199785845574,0.003514568630313274,3.0
1452,166.97165244119026,0.003514568630313274,3.0
1453,166.95470347683383,0.003514568630313274,3.0
1454,166.93878256905472,0.003514568630313274,3.0
1455,166.9345152887138,0.003514568630313274,3.0
1456,166.94777936806682,0.003514568630313274,3.0
1457,166.9637593682443,0.003514568630313274,3.0
1458,166.9987134537637,0.003514568630313274,3.0
1459,167.06133064888962,0.003514568630313274,3.0
1460,167.11365561542587,0.003514568630313274,3.0
1461,167.1750564606245,0.003514568630313274,3.0
1462,167.26495326244586,0.003514568630313274,3.0
1463,167.32027104283128,0.003514568630313274,3.0
1464,167.3557209753647,0.003514568630313274,3.0
1465,167.38065791149188,0.003514568630313274,3.0
1466,167.40233681364666,0.003514568630313274,3.0
1467,167.42491782531962,0.003514568630313274,3.0
1468,167.4541564736772,0.003514568630313274,3.0
1469,167.47385971868374,0.003514568630313274,3.0
1470,167.48622582344436,0.003514568630313274,3.0
1471,167.53404382511468,0.003514568630313274,3.0
1472,167.58944936250222,0.003514568630313274,3.0
1473,167.66159838968218,0.003514568630313274,3.0
1474,167.77403444326674,0.003514568630313274,3.0
1475,168.2346776529857,0.003514568630313274,3.0
1476,168.7027216063388,0.003514568630313274,3.0
1477,168.85128936196983,0.003514568630313274,3.0
1478,169.10992078243837,0.003514568630313274,3.0
1479,169.3489044744279,0.003514568630313274,3.0
1480,169.46381071608798,0.003514568630313274,3.0
1481,169.54115793553228,0.003514568630313274,3.0
1482,169.61660561741292,0.003514568630313274,3.0
1483,169.69718707157054,0.003514568630313274,3.0
1484,169.76521532557834,0.003514568630313274,3.0
1485,169.88758048912382,0.003514568630313274,3.0
1486,170.0081311381957,0.003514568630313274,3.0
1487,170.0819106691404,0.003514568630313274,3.0
1488,170.1467540929379,0.003514568630313274,3.0
1489,170.18246592741696,0.003514568630313274,3.0
1490,170.20785207046384,0.003514568630313274,3.0
1491,170.2349484804657,0.003514568630313274,3.0
1492,170.25758043065068,0.003514568630313274,3.0
1493,170.28485816896242,0.003514568630313274,3.0
1494,170.30411567134072,0.003514568630313274,3.0
1495,170.36042734801745,0.003514568630313274,3.0
1496,170.3695947574217,0.003514568630313274,3.0
1497,170.41215812906694,0.003514568630313274,3.0
1498,170.40557303312212,0.003514568630313274,3.0
1499,170.39569350169288,0.003514568630313274,3.0
1500,170.43590992545415,0.003514568630313274,3.0
1501,170.47335663881543,0.003514568630313274,3.0
1502,170.49601057932048,0.003514568630313274,3.0
1503,170.56967475123943,0.003514568630313274,3.0
1504,170.6434217151957,0.003514568630313274,3.0
1505,170.75973247227776,0.003514568630313274,3.0
1506,170.8385964124963,0.003514568630313274,3.0
1507,170.95755324635013,0.003514568630313274,3.0
1508,171.08745788264562,0.003514568630313274,3.0
1509,171.20655904799162,0.003514568630313274,3.0
1510,171.33252280222558,0.003514568630313274,3.0
1511,171.40726001508898,0.003514568630313274,3.0
1512,171.47065423274836,0.003514568630313274,3.0
1513,171.50762604333156,0.003514568630313274,3.0
1514,171.5378223300527,0.003514568630313274,3.0
1515,171.56498982706873,0.003514568630313274,3.0
1516,171.59147016452403,0.003514568630313274,3.0
1517,171.63784886423414,0.003514568630313274,3.0
1518,171.66194626294148,0.003514568630313274,3.0
1519,171.72644980471446,0.003514568630313274,3.0
1520,171.78560025048765,0.003514568630313274,3.0
1521,171.9165659105471,0.003514568630313274,3.0
1522,172.0195510642985,0.003514568630313274,3.0
1523,172.1085147553229,0.003514568630313274,3.0
1524,172.18039438365562,0.003514568630313274,3.0
1525,172.31826596082306,0.003514568630313274,3.0
1526,172.4663859545495,0.003514568630313274,3.0
1527,172.61193064668274,0.003514568630313274,3.0
1528,172.81302532325685,0.003514568630313274,3.0
1529,172.91911019022666,0.003514568630313274,3.0
1530,173.08459826656903,0.003514568630313274,3.0
1531,173.24052063681327,0.003514568630313274,3.0
1532,173.41119786180815,0.003514568630313274,3.0
1533,173.57717068919408,0.003514568630313274,3.0
1534,173.73101596121248,0.003514568630313274,3.0
1535,173.82189682961706,0.003514568630313274,3.0
1536,173.90046983796424,0.003514568630313274,3.0
1537,173.9623692871074,0.003514568630313274,3.0
1538,174.01640310060023,0.003514568630313274,3.0
1539,174.063862375951,0.003514568630313274,3.0
1540,174.098132776525,0.003514568630313274,3.0
1541,174.1389447183521,0.003514568630313274,3.0
1542,174.1886793388769,0.003514568630313274,3.0
1543,174.60613912819073,0.003514568630313274,3.0
1544,175.04105196775424,0.003514568630313274,3.0
1545,175.25929622486058,0.003514568630313274,3.0
1546,175.63063787052704,0.003514568630313274,3.0
1547,175.92141922798035,0.003514568630313274,3.0
1548,175.973541920308,0.003514568630313274,3.0
1549,175.97171955918682,0.003514568630313274,3.0
1550,176.08896392831673,0.003514568630313274,3.0
1551,176.72339023160922,0.003514568630313274,3.0
1552,177.40141802023516,0.003514568630313274,3.0
1553,177.68712010050197,0.003514568630313274,3.0
1554,177.8572401771613,0.003514568630313274,3.0
1555,178.05326058274952,0.003514568630313274,3.0
1556,178.19807359679717,0.003514568630313274,3.0
1557,178.3173738267573,0.003514568630313274,3.0
1558,178.428033934397,0.003514568630313274,3.0
1559,178.5407797602988,0.003514568630313274,3.0
1560,178.59584555279213,0.003514568630313274,3.0
1561,178.63377288072056,0.003514568630313274,3.0
1562,178.6615143482815,0.003514568630313274,3.0
1563,178.70576023858803,0.003514568630313274,3.0
1564,178.7048875475222,0.003514568630313274,3.0
1565,178.6980131220369,0.003514568630313274,3.0
1566,178.69673939221133,0.003514568630313274,3.0
1567,179.13215138804694,0.003514568630313274,3.0
1568,179.84166059278996,0.003514568630313274,3.0
1569,180.5097698703121,0.003514568630313274,3.0
1570,181.31038209233603,0.003514568630313274,3.0
1571,182.0575595863107,0.003514568630313274,3.0
1572,182.40958371366557,0.003514568630313274,3.0
1573,182.51051174124393,0.003514568630313274,3.0
1574,182.50730297218175,0.003514568630313274,3.0
1575,182.56194990645588,0.003514568630313274,3.0
1576,182.69749981703296,0.003514568630313274,3.0
1577,182.83935995322935,0.003514568630313274,3.0
1578,182.94791991728664,0.003514568630313274,3.0
1579,183.07418618099985,0.003514568630313274,3.0
1580,183.1861389886817,0.003514568630313274,3.0
1581,183.30359332303848,0.003514568630313274,3.0
1582,183.401802417612,0.003514568630313274,3.0
1583,183.4858826772347,0.003514568630313274,3.0
1584,183.54030690388063,0.003514568630313274,3.0
1585,183.57375287361631,0.003514568630313274,3.0
1586,183.59591775035875,0.003514568630313274,3.0
1587,183.63794273993574,0.003514568630313274,3.0
1588,183.6469379668013,0.003514568630313274,3.0
1589,183.64285135885137,0.003514568630313274,3.0
1590,183.6476586492006,0.003514568630313274,3.0
1591,183.83123507437702,0.003514568630313274,3.0
1592,183.9215944241358,0.003514568630313274,3.0
1593,184.0068505472392,0.003514568630313274,3.0
1594,184.09392932396992,0.003514568630313274,3.0
1595,184.16891870592124,0.003514568630313274,3.0
1596,184.21969463101118,0.003514568630313274,3.0
1597,184.24507843612534,0.003514568630313274,3.0
1598,184.2671692734058,0.003514568630313274,3.0
1599,184.28146952831028,0.003514568630313274,3.0
1600,184.29531747320652,0.003514568630313274,3.0
1601,184.35515649412494,0.003514568630313274,3.0
1602,184.4199101534277,0.003514568630313274,3.0
1603,184.54426220556613,0.003514568630313274,3.0
1604,184.66800422222013,0.003514568630313274,3.0
1605,184.78158775918996,0.003514568630313274,3.0
1606,184.89344699580343,0.003514568630313274,3.0
1607,184.97584287838424,0.003514568630313274,3.0
1608,185.0243218892399,0.003514568630313274,3.0
1609,185.056007818382,0.003514568630313274,3.0
1610,185.08046144111051,0.003514568630313274,3.0
1611,185.10692123678442,0.003514568630313274,3.0
1612,185.1141353958109,0.003514568630313274,3.0
1613,185.12974670759618,0.003514568630313274,3.0
1614,185.14276718205804,0.003514568630313274,3.0
1615,185.21279211906892,0.003514568630313274,3.0
1616,185.27691006637158,0.003514568630313274,3.0
1617,185.35361424197583,0.003514568630313274,3.0
1618,185.43805687171363,0.003514568630313274,3.0
1619,185.4766535238766,0.003514568630313274,3.0
1620,185.47608631933494,0.003514568630313274,3.0
1621,185.4696153032871,0.003514568630313274,3.0
1622,186.2173224761854,0.003514568630313274,3.0
1623,186.66103619625687,0.003514568630313274,3.0
1624,186.9342681500003,0.003514568630313274,3.0
1625,187.15211300295329,0.003514568630313274,3.0
1626,187.3487051126621,0.003514568630313274,3.0
1627,187.53963161499763,0.003514568630313274,3.0
1628,187.75017898932495,0.003514568630313274,3.0
1629,187.91290225400806,0.003514568630313274,3.0
1630,188.06112335342337,0.003514568630313274,3.0
1631,188.16585943014636,0.003514568630313274,3.0
1632,188.24050191870944,0.003514568630313274,3.0
1633,188.2847758844958,0.003514568630313274,3.0
1634,188.31476328008725,0.003514568630313274,3.0
1635,188.33978818236974,0.003514568630313274,3.0
1636,188.36808517692913,0.003514568630313274,3.0
1637,188.39994845010585,0.003514568630313274,3.0
1638,188.42988380109395,0.003514568630313274,3.0
1639,188.51627356922688,0.003514568630313274,3.0
1640,188.5977118068405,0.003514568630313274,3.0
1641,188.68117239608327,0.003514568630313274,3.0
1642,188.9104731714313,0.003514568630313274,3.0
1643,188.97851360384325,0.003514568630313274,3.0
1644,189.43592864650117,0.003514568630313274,3.0
1645,189.55554717526078,0.003514568630313274,3.0
1646,189.60396466237503,0.003514568630313274,3.0
1647,189.6808401641628,0.003514568630313274,3.0
1648,189.75155187460268,0.003514568630313274,3.0
1649,189.82386942209465,0.003514568630313274,3.0
1650,189.90907494603485,0.003514568630313274,3.0
1651,189.99954847249026,0.003514568630313274,3.0
1652,190.15485611331295,0.003514568630313274,3.0
1653,190.28347822718806,0.003514568630313274,3.0
1654,190.40350646574532,0.003514568630313274,3.0
1655,190.50148917747092,0.003514568630313274,3.0
1656,190.57903739001276,0.003514568630313274,3.0
1657,190.62158630623094,0.003514568630313274,3.0
1658,190.65874327825128,0.003514568630313274,3.0
1659,190.68942116034125,0.003514568630313274,3.0
1660,190.70524987480442,0.003514568630313274,3.0
1661,190.7264213968596,0.003514568630313274,3.0
1662,190.74418601442662,0.003514568630313274,3.0
1663,190.79215457454694,0.003514568630313274,3.0
1664,190.92772335763402,0.003514568630313274,3.0
1665,191.38757751151485,0.003514568630313274,3.0
1666,191.87218095951897,0.003514568630313274,3.0
1667,192.12167789256415,0.003514568630313274,3.0
1668,192.34307346730097,0.003514568630313274,3.0
1669,192.47464530631783,0.003514568630313274,3.0
1670,192.56799700919825,0.003514568630313274,3.0
1671,192.65545252841358,0.003514568630313274,3.0
1672,192.75617021656893,0.003514568630313274,3.0
1673,192.83900468146473,0.003514568630313274,3.0
1674,192.91500592272848,0.003514568630313274,3.0
1675,193.00385907286145,0.003514568630313274,3.0
1676,193.10067770670219,0.003514568630313274,3.0
1677,193.19541532575244,0.003514568630313274,3.0
1678,193.30352559455045,0.003514568630313274,3.0
1679,193.36586413824415,0.003514568630313274,3.0
1680,193.41960886937147,0.003514568630313274,3.0
1681,193.45422836662962,0.003514568630313274,3.0
1682,193.47705396777658,0.003514568630313274,3.0
1683,193.4955397926822,0.003514568630313274,3.0
1684,193.5051709494286,0.003514568630313274,3.0
1685,193.5281575255662,0.003514568630313274,3.0
1686,193.52992575114433,0.003514568630313274,3.0
1687,193.54441558160457,0.003514568630313274,3.0
1688,193.54625626831057,0.003514568630313274,3.0
1689,193.7065994086923,0.003514568630313274,3.0
1690,193.89775490242516,0.003514568630313274,3.0
1691,194.09291337107663,0.003514568630313274,3.0
1692,194.30017372645256,0.003514568630313274,3.0
1693,194.46346815915865,0.003514568630313274,3.0
1694,194.5898389129936,0.003514568630313274,3.0
1695,194.71977588082822,0.003514568630313274,3.0
1696,194.83607773787674,0.003514568630313274,3.0
1697,195.01806835093024,0.003514568630313274,3.0
1698,195.15940692079712,0.003514568630313274,3.0
1699,195.28947744957463,0.003514568630313274,3.0
1700,195.47214929599764,0.003514568630313274,3.0
1701,195.59824008881546,0.003514568630313274,3.0
1702,195.70709252953816,0.003514568630313274,3.0
1703,195.78063936841747,0.003514568630313274,3.0
1704,195.83414806966604,0.003514568630313274,3.0
1705,195.86888591534324,0.003514568630313274,3.0
1706,195.8961185635699,0.003514568630313274,3.0
1707,195.91421144110154,0.003514568630313274,3.0
1708,195.92127735562835,0.003514568630313274,3.0
1709,195.9434224375622,0.003514568630313274,3.0
1710,195.94216457533483,0.003514568630313274,3.0
1711,195.9751312965991,0.003514568630313274,3.0
1712,196.01497899636453,0.003514568630313274,3.0
1713,196.06396457668424,0.003514568630313274,3.0
1714,196.5877169882083,0.003514568630313274,3.0
1715,197.08606395810466,0.003514568630313274,3.0
1716,197.3337216197509,0.003514568630313274,3.0
1717,197.53402121013028,0.003514568630313274,3.0
1718,197.71038454949715,0.003514568630313274,3.0
1719,197.9055241357141,0.003514568630313274,3.0
1720,198.09463515243485,0.003514568630313274,3.0
1721,198.20986807217656,0.003514568630313274,3.0
1722,198.30793047056488,0.003514568630313274,3.0
1723,198.403063686853,0.003514568630313274,3.0
1724,198.58829545945704,0.003514568630313274,3.0
1725,198.76807381262904,0.003514568630313274,3.0
1726,198.87052655657655,0.003514568630313274,3.0
1727,198.94980879848748,0.003514568630313274,3.0
1728,198.99922300253834,0.003514568630313274,3.0
1729,199.03495083534185,0.003514568630313274,3.0
1730,199.0584504773092,0.003514568630313274,3.0
1731,199.07638049870658,0.003514568630313274,3.0
1732,199.08888394332604,0.003514568630313274,3.0
1733,199.09112749913103,0.003514568630313274,3.0
1734,199.12946703690582,0.003514568630313274,3.0
1735,199.152639255497,0.003514568630313274,3.0
1736,199.15974509142356,0.003514568630313274,3.0
1737,199.21303193721732,0.003514568630313274,3.0
1738,199.2369035787205,0.003514568630313274,3.0
1739,199.3052741703029,0.003514568630313274,3.0
1740,199.30465554703952,0.003514568630313274,3.0
1741,199.29852550889834,0.003514568630313274,3.0
1742,199.29263591030477,0.003514568630313274,3.0
1743,199.31565355048872,0.003514568630313274,3.0
1744,199.38092202491188,0.003514568630313274,3.0
1745,199.47642789487108,0.003514568630313274,3.0
1746,199.58292425838582,0.003514568630313274,3.0
1747,199.68604728219475,0.003514568630313274,3.0
1748,199.80797141910756,0.003514568630313274,3.0
1749,199.93302302400113,0.003514568630313274,3.0
1750,200.03781834764013,0.003514568630313274,3.0
1751,200.12367505712896,0.003514568630313274,3.0
1752,200.18533642634077,0.003514568630313274,3.0
1753,200.24109812628498,0.003514568630313274,3.0
1754,200.2756818878457,0.003514568630313274,3.0
1755,200.3181800977044,0.003514568630313274,3.0
1756,200.3463707171738,0.003514568630313274,3.0
1757,200.383608763131,0.003514568630313274,3.0
1758,200.40336229817447,0.003514568630313274,3.0
1759,200.46168889339657,0.003514568630313274,3.0
1760,200.51380042106436,0.003514568630313274,3.0
1761,200.58062540172472,0.003514568630313274,3.0
1762,200.5767326005232,0.003514568630313274,3.0
1763,200.5756847725235,0.003514568630313274,3.0
1764,200.56773827677674,0.003514568630313274,3.0
1765,200.55629410971963,0.003514568630313274,3.0
1766,200.55218569941667,0.003514568630313274,3.0
1767,200.54195318724948,0.003514568630313274,3.0
1768,200.6309301078905,0.003514568630313274,3.0
1769,200.96320047173108,0.003514568630313274,3.0
1770,201.17162177216028,0.003514568630313274,3.0
1771,201.33916926313884,0.003514568630313274,3.0
1772,201.4719676395945,0.003514568630313274,3.0
1773,201.5984901781374,0.003514568630313274,3.0
1774,201.72353032466114,0.003514568630313274,3.0
1775,201.82580208733862,0.003514568630313274,3.0
1776,201.89526956604064,0.003514568630313274,3.0
1777,201.9544518079354,0.003514568630313274,3.0
1778,201.99371044407997,0.003514568630313274,3.0
1779,202.04483238865146,0.003514568630313274,3.0
1780,202.08718621841282,0.003514568630313274,3.0
1781,202.13767160501774,0.003514568630313274,3.0
1782,202.18212910162845,0.003514568630313274,3.0
1783,202.5346893091099,0.003514568630313274,3.0
1784,203.17299754162474,0.003514568630313274,3.0
1785,203.93782083539588,0.003514568630313274,3.0
1786,204.74384087898434,0.003514568630313274,3.0
1787,205.399512817022,0.003514568630313274,3.0
1788,205.64305205114323,0.003514568630313274,3.0
1789,205.68038324379813,0.003514568630313274,3.0
1790,205.67799025551585,0.003514568630313274,3.0
1791,205.66982537932287,0.003514568630313274,3.0
1792,205.6639967661438,0.003514568630313274,3.0
1793,205.7711771839464,0.003514568630313274,3.0
1794,205.92054477975347,0.003514568630313274,3.0
1795,206.02661670523142,0.003514568630313274,3.0
1796,206.14563471414382,0.003514568630313274,3.0
1797,206.24756803523087,0.003514568630313274,3.0
1798,206.3631619255289,0.003514568630313274,3.0
1799,206.44037314631257,0.003514568630313274,3.0
1800,206.50058368529457,0.003514568630313274,3.0
1801,206.54134859745815,0.003514568630313274,3.0
1802,206.56587621779798,0.003514568630313274,3.0
1803,206.60293900356527,0.003514568630313274,3.0
1804,206.61897026317024,0.003514568630313274,3.0
1805,206.61760010477127,0.003514568630313274,3.0
1806,206.6236392529593,0.003514568630313274,3.0
1807,206.644472006039,0.003514568630313274,3.0
1808,206.87337160578346,0.003514568630313274,3.0
1809,207.40920240443444,0.003514568630313274,3.0
1810,208.19255840401877,0.003514568630313274,3.0
1811,208.65169124532446,0.003514568630313274,3.0
1812,208.91863427961403,0.003514568630313274,3.0
1813,209.00083020672594,0.003514568630313274,3.0
1814,209.01547103693218,0.003514568630313274,3.0
1815,209.01471512158403,0.003514568630313274,3.0
1816,209.01291536115926,0.003514568630313274,3.0
1817,209.01034814286825,0.003514568630313274,3.0
1818,209.0464633198998,0.003514568630313274,3.0
1819,209.09468829449906,0.003514568630313274,3.0
1820,209.16383438672406,0.003514568630313274,3.0
1821,209.24347051550205,0.003514568630313274,3.0
1822,209.32823881047452,0.003514568630313274,3.0
1823,209.3921458784925,0.003514568630313274,3.0
1824,209.4328965518491,0.003514568630313274,3.0
1825,209.46165058065938,0.003514568630313274,3.0
1826,209.4862078334205,0.003514568630313274,3.0
1827,209.50853310035723,0.003514568630313274,3.0
1828,209.53946089915382,0.003514568630313274,3.0
1829,209.5604967363143,0.003514568630313274,3.0
1830,209.59644633166104,0.003514568630313274,3.0
1831,209.59602261241685,0.003514568630313274,3.0
1832,209.62464197108534,0.003514568630313274,3.0
1833,209.65883539910178,0.003514568630313274,3.0
1834,209.7063567324768,0.003514568630313274,3.0
1835,210.27915524826125,0.003514568630313274,3.0
1836,210.54282071172403,0.003514568630313274,3.0
1837,211.00470014783403,0.003514568630313274,3.0
1838,211.1300223284924,0.003514568630313274,3.0
1839,211.20629462010842,0.003514568630313274,3.0
1840,211.2536613971509,0.003514568630313274,3.0
1841,211.27466717997635,0.003514568630313274,3.0
1842,211.30534216464613,0.003514568630313274,3.0
1843,211.34458813565882,0.003514568630313274,3.0
1844,211.4103125699133,0.003514568630313274,3.0
1845,211.461115422199,0.003514568630313274,3.0
1846,211.52657526867992,0.003514568630313274,3.0
1847,211.57073419064685,0.003514568630313274,3.0
1848,211.59892136393458,0.003514568630313274,3.0
1849,211.62397331561473,0.003514568630313274,3.0
1850,211.6429039239929,0.003514568630313274,3.0
1851,211.6615245750888,0.003514568630313274,3.0
1852,211.67709646655146,0.003514568630313274,3.0
1853,211.6856427144642,0.003514568630313274,3.0
1854,211.68558142629016,0.003514568630313274,3.0
1855,211.71570999357536,0.003514568630313274,3.0
1856,211.69875148792954,0.003514568630313274,3.0
1857,211.9178970658974,0.003514568630313274,3.0
1858,211.8951914734388,0.003514568630313274,3.0
1859,211.87864071669415,0.003514568630313274,3.0
1860,211.8611908653878,0.003514568630313274,3.0
1861,212.36965961040912,0.003514568630313274,3.0
1862,213.19646028189595,0.003514568630313274,3.0
1863,213.92428506778535,0.003514568630313274,3.0
1864,214.18595974646723,0.003514568630313274,3.0
1865,214.32360728933602,0.003514568630313274,3.0
1866,214.4111935743505,0.003514568630313274,3.0
1867,214.53253512426377,0.003514568630313274,3.0
1868,214.6511446865582,0.003514568630313274,3.0
1869,214.74605564522668,0.003514568630313274,3.0
1870,214.8199909536484,0.003514568630313274,3.0
1871,214.8811563695795,0.003514568630313274,3.0
1872,214.9237833503473,0.003514568630313274,3.0
1873,214.95120328269164,0.003514568630313274,3.0
1874,214.97498800170746,0.003514568630313274,3.0
1875,215.00188630116247,0.003514568630313274,3.0
1876,215.0275790706025,0.003514568630313274,3.0
1877,215.0867624983118,0.003514568630313274,3.0
1878,215.09921346401003,0.003514568630313274,3.0
1879,215.12143044075242,0.003514568630313274,3.0
1880,215.1165162330023,0.003514568630313274,3.0
1881,215.10761475103084,0.003514568630313274,3.0
1882,215.18496222492715,0.003514568630313274,3.0
1883,215.5609755571221,0.003514568630313274,3.0
1884,216.08329423021576,0.003514568630313274,3.0
1885,216.27378389211455,0.003514568630313274,3.0
1886,216.27042631238734,0.003514568630313274,3.0
1887,216.36040356432827,0.003514568630313274,3.0
1888,216.39794128693887,0.003514568630313274,3.0
1889,216.42477231972705,0.003514568630313274,3.0
1890,216.46775097356866,0.003514568630313274,3.0
1891,216.54617893514887,0.003514568630313274,3.0
1892,216.61107197428746,0.003514568630313274,3.0
1893,216.67760004426924,0.003514568630313274,3.0
1894,216.73627576858382,0.003514568630313274,3.0
1895,216.79512673928292,0.003514568630313274,3.0
1896,216.83740469730205,0.003514568630313274,3.0
1897,216.86380729126432,0.003514568630313274,3.0
1898,216.8887879062058,0.003514568630313274,3.0
1899,216.9112487264265,0.003514568630313274,3.0
1900,216.94262447400288,0.003514568630313274,3.0
1901,216.9767410800907,0.003514568630313274,3.0
1902,217.05182563228686,0.003514568630313274,3.0
1903,217.10536207263587,0.003514568630313274,3.0
1904,217.13200738176812,0.003514568630313274,3.0
1905,217.12289608255176,0.003514568630313274,3.0
1906,217.11023046872126,0.003514568630313274,3.0
1907,217.09540740662473,0.003514568630313274,3.0
1908,217.08779191325118,0.003514568630313274,3.0
1909,217.08127822927298,0.003514568630313274,3.0
1910,217.06456598380325,0.003514568630313274,3.0
1911,217.05359323308355,0.003514568630313274,3.0
1912,217.04922183164007,0.003514568630313274,3.0
1913,217.0554108328094,0.003514568630313274,3.0
1914,217.0850419523025,0.003514568630313274,3.0
1915,217.12580031591614,0.003514568630313274,3.0
1916,217.17965540633574,0.003514568630313274,3.0
1917,217.23390417980946,0.003514568630313274,3.0
1918,217.28098185303386,0.003514568630313274,3.0
1919,217.32810074645576,0.003514568630313274,3.0
1920,217.3610815981907,0.003514568630313274,3.0
1921,217.3845028988329,0.003514568630313274,3.0
1922,217.40657959183503,0.003514568630313274,3.0
1923,217.41861002059682,0.003514568630313274,3.0
1924,217.43301562437742,0.003514568630313274,3.0
1925,217.4419909463069,0.003514568630313274,3.0
1926,217.49558293547307,0.003514568630313274,3.0
1927,217.52209499433297,0.003514568630313274,3.0
1928,217.54374112978138,0.003514568630313274,3.0
1929,217.5385706969933,0.003514568630313274,3.0
1930,217.52787797140064,0.003514568630313274,3.0
1931,217.5139811772533,0.003514568630313274,3.0
1932,217.48936945626272,0.003514568630313274,3.0
1933,217.45923714099447,0.003514568630313274,3.0
1934,217.4219863203322,0.003514568630313274,3.0
1935,217.39619325801553,0.003514568630313274,3.0
1936,217.3788899298631,0.003514568630313274,3.0
1937,217.36960886559794,0.003514568630313274,3.0
1938,217.37482417548634,0.003514568630313274,3.0
1939,217.3949887793684,0.003514568630313274,3.0
1940,217.43378241622617,0.003514568630313274,3.0
1941,217.4784476353671,0.003514568630313274,3.0
1942,217.5259983425191,0.003514568630313274,3.0
1943,217.5592747317778,0.003514568630313274,3.0
1944,217.58290336966098,0.003514568630313274,3.0
1945,217.60091674166512,0.003514568630313274,3.0
1946,217.62477313204622,0.003514568630313274,3.0
1947,217.64141505125133,0.003514568630313274,3.0
1948,217.66643024110343,0.003514568630313274,3.0
1949,217.69583915663,0.003514568630313274,3.0
1950,217.7556236845147,0.003514568630313274,3.0
1951,217.80568837876706,0.003514568630313274,3.0
1952,217.83690077297817,0.003514568630313274,3.0
1953,217.8314585667276,0.003514568630313274,3.0
1954,217.81291251786763,0.003514568630313274,3.0
1955,217.78638990944995,0.003514568630313274,3.0
1956,217.75497829212966,0.003514568630313274,3.0
1957,217.72118558485099,0.003514568630313274,3.0
1958,217.86771333960994,0.003514568630313274,3.0
1959,218.17110132426663,0.003514568630313274,3.0
1960,218.18020401682696,0.003514568630313274,3.0
1961,218.17849394408032,0.003514568630313274,3.0
1962,218.20025600721863,0.003514568630313274,3.0
1963,218.222332653437,0.003514568630313274,3.0
1964,218.2513466914158,0.003514568630313274,3.0
1965,218.28752663630524,0.003514568630313274,3.0
1966,218.32332969735938,0.003514568630313274,3.0
1967,218.36217893475094,0.003514568630313274,3.0
1968,218.38630378728078,0.003514568630313274,3.0
1969,218.40732613777,0.003514568630313274,3.0
1970,218.42831537689204,0.003514568630313274,3.0
1971,218.4480662478167,0.003514568630313274,3.0
1972,218.4739773462835,0.003514568630313274,3.0
1973,218.5086674400097,0.003514568630313274,3.0
1974,218.55908857828453,0.003514568630313274,3.0
1975,218.6075749086129,0.003514568630313274,3.0
1976,218.63448083083318,0.003514568630313274,3.0
1977,218.62388038833433,0.003514568630313274,3.0
1978,218.6052280722278,0.003514568630313274,3.0
1979,218.59655640465994,0.003514568630313274,3.0
1980,218.75218664146553,0.003514568630313274,3.0
1981,218.72366303018313,0.003514568630313274,3.0
1982,218.69235076226119,0.003514568630313274,3.0
1983,219.0296471397345,0.003514568630313274,3.0
1984,219.06059619168116,0.003514568630313274,3.0
1985,219.0689541827231,0.003514568630313274,3.0
1986,219.08832358190932,0.003514568630313274,3.0
1987,219.11087761947235,0.003514568630313274,3.0
1988,219.13244985995968,0.003514568630313274,3.0
1989,219.16654507977827,0.003514568630313274,3.0
1990,219.20268213417106,0.003514568630313274,3.0
1991,219.2360005345525,0.003514568630313274,3.0
1992,219.2636942126826,0.003514568630313274,3.0
1993,219.2863451295028,0.003514568630313274,3.0
1994,219.30660762941014,0.003514568630313274,3.0
1995,219.33032452524125,0.003514568630313274,3.0
1996,219.3598132772806,0.003514568630313274,3.0
1997,219.39670265164804,0.003514568630313274,3.0
1998,219.43997632031184,0.003514568630313274,3.0
1999,219.4856338260443,0.003514568630313274,3.0
2000,219.51680997352267,0.003514568630313274,3.0
2001,219.51289580243778,0.003514568630313274,3.0
2002,219.4850446656012,0.003514568630313274,3.0
2003,219.45826122787398,0.003514568630313274,3.0
2004,219.43368740405018,0.003514568630313274,3.0
2005,219.40301714159708,0.003514568630313274,3.0
2006,219.37118004235708,0.003514568630313274,3.0
2007,219.35935486883469,0.003514568630313274,3.0
2008,219.35034744934595,0.003514568630313274,3.0
2009,219.3416649333708,0.003514568630313274,3.0
2010,219.33847104957601,0.003514568630313274,3.0
2011,219.34727925495315,0.003514568630313274,3.0
2012,219.36454153280573,0.003514568630313274,3.0
2013,219.385630063647,0.003514568630313274,3.0
2014,219.42251531284262,0.003514568630313274,3.0
2015,219.45790325795318,0.003514568630313274,3.0
2016,219.4852228329067,0.003514568630313274,3.0
2017,219.50943794790706,0.003514568630313274,3.0
2018,219.5288477490402,0.003514568630313274,3.0
2019,219.55349414002595,0.003514568630313274,3.0
2020,219.58286358579437,0.003514568630313274,3.0
2021,219.62426386384882,0.003514568630313274,3.0
2022,219.66453715911655,0.003514568630313274,3.0
2023,219.70152721689425,0.003514568630313274,3.0
2024,219.71130754152472,0.003514568630313274,3.0
2025,219.74849347604666,0.003514568630313274,3.0
2026,220.52471678974757,0.003514568630313274,3.0
2027,221.0215206597219,0.003514568630313274,3.0
2028,221.22984402545794,0.003514568630313274,3.0
2029,221.2224181456827,0.003514568630313274,3.0
2030,221.20452873096156,0.003514568630313274,3.0
2031,221.188802550616,0.003514568630313274,3.0
2032,221.18350834220695,0.003514568630313274,3.0
2033,221.17922329964213,0.003514568630313274,3.0
2034,221.18554845145115,0.003514568630313274,3.0
2035,221.202013111356,0.003514568630313274,3.0
2036,221.2301265060219,0.003514568630313274,3.0
2037,221.26888186280533,0.003514568630313274,3.0
2038,221.32478597397042,0.003514568630313274,3.0
2039,221.38627458940215,0.003514568630313274,3.0
2040,221.43382849682789,0.003514568630313274,3.0
2041,221.47250499278812,0.003514568630313274,3.0
2042,221.499825585731,0.003514568630313274,3.0
2043,221.52734320726879,0.003514568630313274,3.0
2044,221.5588519627685,0.003514568630313274,3.0
2045,221.5893438924556,0.003514568630313274,3.0
2046,221.66003887196814,0.003514568630313274,3.0
2047,221.6583116829212,0.003514568630313274,3.0
2048,221.65665212661142,0.003514568630313274,3.0
2049,221.6415817447048,0.003514568630313274,3.0
2050,221.64729894717746,0.003514568630313274,3.0
2051,221.65847402846777,0.003514568630313274,3.0
2052,221.65526417512754,0.003514568630313274,3.0
2053,221.63518016265013,0.003514568630313274,3.0
2054,221.60703482939655,0.003514568630313274,3.0
2055,221.58156431890163,0.003514568630313274,3.0
2056,221.56735518176234,0.003514568630313274,3.0
2057,221.56685250580733,0.003514568630313274,3.0
2058,221.56531548093622,0.003514568630313274,3.0
2059,221.58038444753123,0.003514568630313274,3.0
2060,221.61325618542048,0.003514568630313274,3.0
2061,221.64780556332568,0.003514568630313274,3.0
2062,221.69386571681335,0.003514568630313274,3.0
2063,221.7648450082289,0.003514568630313274,3.0
2064,221.81628170299402,0.003514568630313274,3.0
2065,221.85894481795737,0.003514568630313274,3.0
2066,221.8861442388111,0.003514568630313274,3.0
2067,221.91034485323377,0.003514568630313274,3.0
2068,221.93351274419805,0.003514568630313274,3.0
2069,221.960825187901,0.003514568630313274,3.0
2070,222.1671226854219,0.003514568630313274,3.0
2071,222.3948179262494,0.003514568630313274,3.0
2072,222.50004688785089,0.003514568630313274,3.0
2073,222.57159188887803,0.003514568630313274,3.0
2074,222.63059677599506,0.003514568630313274,3.0
2075,222.62777084926137,0.003514568630313274,3.0
2076,222.6149877690189,0.003514568630313274,3.0
2077,222.59052235264835,0.003514568630313274,3.0
2078,222.56008780358854,0.003514568630313274,3.0
2079,222.53064195738318,0.003514568630313274,3.0
2080,222.51664380904222,0.003514568630313274,3.0
2081,222.67919170271884,0.003514568630313274,3.0
2082,222.69778863483367,0.003514568630313274,3.0
2083,222.73100074049114,0.003514568630313274,3.0
2084,222.776104176072,0.003514568630313274,3.0
2085,222.81848531048706,0.003514568630313274,3.0
2086,222.86657964659776,0.003514568630313274,3.0
2087,222.94082818814545,0.003514568630313274,3.0
2088,222.98302574377377,0.003514568630313274,3.0
2089,223.02113338265542,0.003514568630313274,3.0
2090,223.05723050248963,0.003514568630313274,3.0
2091,223.06567843371172,0.003514568630313274,3.0
2092,223.0641015619343,0.003514568630313274,3.0
2093,223.0625287168036,0.003514568630313274,3.0
2094,223.09734976880742,0.003514568630313274,3.0
2095,223.36770259019184,0.003514568630313274,3.0
2096,224.01829178701496,0.003514568630313274,3.0
2097,224.5277518479875,0.003514568630313274,3.0
2098,225.51865421049067,0.003514568630313274,3.0
2099,226.43479246066087,0.003514568630313274,3.0
2100,226.9416159359133,0.003514568630313274,3.0
2101,227.11708645715487,0.003514568630313274,3.0
2102,227.18307096128322,0.003514568630313274,3.0
2103,227.19286589954143,0.003514568630313274,3.0
2104,227.19273168486535,0.003514568630313274,3.0
2105,227.22593205346914,0.003514568630313274,3.0
2106,227.25014799386597,0.003514568630313274,3.0
2107,227.27630717689615,0.003514568630313274,3.0
2108,227.30530034943732,0.003514568630313274,3.0
2109,227.34178786828204,0.003514568630313274,3.0
2110,227.37966962183623,0.003514568630313274,3.0
2111,227.43327750032796,0.003514568630313274,3.0
2112,227.47024327982362,0.003514568630313274,3.0
2113,227.50202412096812,0.003514568630313274,3.0
2114,227.52237352813808,0.003514568630313274,3.0
2115,227.54880492705985,0.003514568630313274,3.0
2116,227.56821849740186,0.003514568630313274,3.0
2117,227.5605308417607,0.003514568630313274,3.0
2118,227.57221505872232,0.003514568630313274,3.0
2119,227.57034106849903,0.003514568630313274,3.0
2120,227.56451476683807,0.003514568630313274,3.0
2121,227.55985334438606,0.003514568630313274,3.0
2122,227.99521489920815,0.003514568630313274,3.0
2123,228.41726692555315,0.003514568630313274,3.0
2124,228.63548686823435,0.003514568630313274,3.0
2125,228.72560233693648,0.003514568630313274,3.0
2126,228.7632449351098,0.003514568630313274,3.0
2127,228.90136627803253,0.003514568630313274,3.0
2128,229.16689565535728,0.003514568630313274,3.0
2129,229.2474010976036,0.003514568630313274,3.0
2130,229.31068768710708,0.003514568630313274,3.0
2131,229.35254244650488,0.003514568630313274,3.0
2132,229.3900101349117,0.003514568630313274,3.0
2133,229.43047419167715,0.003514568630313274,3.0
2134,229.47097113597584,0.003514568630313274,3.0
2135,229.50381268517376,0.003514568630313274,3.0
2136,229.54061886207538,0.003514568630313274,3.0
2137,229.56362117193913,0.003514568630313274,3.0
2138,229.5819119040037,0.003514568630313274,3.0
2139,229.59870384259563,0.003514568630313274,3.0
2140,229.61001396357437,0.003514568630313274,3.0
2141,229.62216187881847,0.003514568630313274,3.0
2142,229.6533189296146,0.003514568630313274,3.0
2143,229.65108294449604,0.003514568630313274,3.0
2144,229.64756241178466,0.003514568630313274,3.0
2145,229.64081899024842,0.003514568630313274,3.0
2146,229.6496048797558,0.003514568630313274,3.0
2147,229.7473073039212,0.003514568630313274,3.0
2148,229.92788690464502,0.003514568630313274,3.0
2149,230.41971783723648,0.003514568630313274,3.0
2150,230.72744389560395,0.003514568630313274,3.0
2151,230.74656773232525,0.003514568630313274,3.0
2152,230.83284815667056,0.003514568630313274,3.0
2153,230.8813857839738,0.003514568630313274,3.0
2154,230.90998882659125,0.003514568630313274,3.0
2155,230.95064898452847,0.003514568630313274,3.0
2156,230.9962471525968,0.003514568630313274,3.0
2157,231.0919832885869,0.003514568630313274,3.0
2158,231.16024469396734,0.003514568630313274,3.0
2159,231.25347173792204,0.003514568630313274,3.0
2160,231.37061801376433,0.003514568630313274,3.0
2161,231.434537092547,0.003514568630313274,3.0
2162,231.470916492277,0.003514568630313274,3.0
2163,231.499574294452,0.003514568630313274,3.0
2164,231.520926313438,0.003514568630313274,3.0
2165,231.5480591217826,0.003514568630313274,3.0
2166,231.58144398189336,0.003514568630313274,3.0
2167,231.70623897722587,0.003514568630313274,3.0
2168,232.289113962843,0.003514568630313274,3.0
2169,232.93498017801838,0.003514568630313274,3.0
2170,233.03194605507738,0.003514568630313274,3.0
2171,233.01907518980067,0.003514568630313274,3.0
2172,232.99614900011554,0.003514568630313274,3.0
2173,233.0354133586475,0.003514568630313274,3.0
2174,233.51285953610244,0.003514568630313274,3.0
2175,234.03751351632084,0.003514568630313274,3.0
2176,234.57745130722782,0.003514568630313274,3.0
2177,234.77966952844324,0.003514568630313274,3.0
2178,234.90577315947957,0.003514568630313274,3.0
2179,234.9748030002406,0.003514568630313274,3.0
2180,235.01760530371013,0.003514568630313274,3.0
2181,235.08417110304003,0.003514568630313274,3.0
2182,235.13143716750352,0.003514568630313274,3.0
2183,235.18573978280583,0.003514568630313274,3.0
2184,235.24375964501866,0.003514568630313274,3.0
2185,235.28071968332122,0.003514568630313274,3.0
2186,235.3063712222261,0.003514568630313274,3.0
2187,235.33228718205666,0.003514568630313274,3.0
2188,235.36774084222085,0.003514568630313274,3.0
2189,235.36797336987664,0.003514568630313274,3.0
2190,235.35904224816113,0.003514568630313274,3.0
2191,235.353744898271,0.003514568630313274,3.0
2192,235.38553641118054,0.003514568630313274,3.0
2193,235.5112322865212,0.003514568630313274,3.0
2194,235.905982070315,0.003514568630313274,3.0
2195,236.00823598620974,0.003514568630313274,3.0
2196,236.0067538866988,0.003514568630313274,3.0
2197,235.99567336800789,0.003514568630313274,3.0
2198,235.9940097223639,0.003514568630313274,3.0
2199,236.04074817049067,0.003514568630313274,3.0
2200,236.15172266777884,0.003514568630313274,3.0
2201,236.22496085064085,0.003514568630313274,3.0
2202,236.30056509984755,0.003514568630313274,3.0
2203,236.35098435613244,0.003514568630313274,3.0
2204,236.39093064652477,0.003514568630313274,3.0
2205,236.4645018264322,0.003514568630313274,3.0
2206,236.5387081261937,0.003514568630313274,3.0
2207,236.61725948128947,0.003514568630313274,3.0
2208,236.67614630023138,0.003514568630313274,3.0
2209,236.72053679613356,0.003514568630313274,3.0
2210,236.7459313501874,0.003514568630313274,3.0
2211,236.7705181745144,0.003514568630313274,3.0
2212,236.7900388242588,0.003514568630313274,3.0
2213,236.80676950899198,0.003514568630313274,3.0
2214,236.84848947056074,0.003514568630313274,3.0
2215,236.84866848346397,0.003514568630313274,3.0
2216,236.8543517784386,0.003514568630313274,3.0
2217,236.89446464628338,0.003514568630313274,3.0
2218,237.44896748021853,0.003514568630313274,3.0
2219,237.58386774923505,0.003514568630313274,3.0
2220,237.6142600337228,0.003514568630313274,3.0
2221,237.65632461367687,0.003514568630313274,3.0
2222,237.65701475901514,0.003514568630313274,3.0
2223,237.65645990950517,0.003514568630313274,3.0
2224,237.6875438967727,0.003514568630313274,3.0
2225,237.7116832495902,0.003514568630313274,3.0
2226,237.75770608571747,0.003514568630313274,3.0
2227,237.79021509955825,0.003514568630313274,3.0
2228,237.83170182652884,0.003514568630313274,3.0
2229,237.88316163311757,0.003514568630313274,3.0
2230,237.95007220110745,0.003514568630313274,3.0
2231,238.00591138987718,0.003514568630313274,3.0
2232,238.05810869207556,0.003514568630313274,3.0
2233,238.10299034430676,0.003514568630313274,3.0
2234,238.13204419174437,0.003514568630313274,3.0
2235,238.15899073872845,0.003514568630313274,3.0
2236,238.1847947391408,0.003514568630313274,3.0
2237,238.20506105508926,0.003514568630313274,3.0
2238,238.25524491379505,0.003514568630313274,3.0
2239,238.25075441694682,0.003514568630313274,3.0
2240,238.2774451750329,0.003514568630313274,3.0
2241,238.3337399839334,0.003514568630313274,3.0
2242,238.39768967609893,0.003514568630313274,3.0
2243,238.4360614477055,0.003514568630313274,3.0
2244,238.43851224373924,0.003514568630313274,3.0
2245,238.47429018249608,0.003514568630313274,3.0
2246,238.53131882487153,0.003514568630313274,3.0
2247,238.55461287433644,0.003514568630313274,3.0
2248,238.64852686976198,0.003514568630313274,3.0
2249,238.70977183222087,0.003514568630313274,3.0
2250,238.76828789160112,0.003514568630313274,3.0
2251,238.81149449785465,0.003514568630313274,3.0
2252,238.86841825117494,0.003514568630313274,3.0
2253,238.93011161497822,0.003514568630313274,3.0
2254,238.9973935203619,0.003514568630313274,3.0
2255,239.06109817907074,0.003514568630313274,3.0
2256,239.11827444196533,0.003514568630313274,3.0
2257,239.16429934044976,0.003514568630313274,3.0
2258,239.19169601611412,0.003514568630313274,3.0
2259,239.21562422735155,0.003514568630313274,3.0
2260,239.2326223269359,0.003514568630313274,3.0
2261,239.25416506453345,0.003514568630313274,3.0
2262,239.26353533879256,0.003514568630313274,3.0
2263,239.28689606973882,0.003514568630313274,3.0
2264,239.32675438661056,0.003514568630313274,3.0
2265,239.3920154253473,0.003514568630313274,3.0
2266,239.4191720867924,0.003514568630313274,3.0
2267,239.41824997896387,0.003514568630313274,3.0
2268,239.4175259383097,0.003514568630313274,3.0
2269,239.41132321281952,0.003514568630313274,3.0
2270,239.46326269946348,0.003514568630313274,3.0
2271,239.46889038983304,0.003514568630313274,3.0
2272,239.51064338048243,0.003514568630313274,3.0
2273,239.5456981127066,0.003514568630313274,3.0
2274,239.5881535384136,0.003514568630313274,3.0
2275,239.63754163781203,0.003514568630313274,3.0
2276,239.68927740738945,0.003514568630313274,3.0
2277,239.74585185614558,0.003514568630313274,3.0
2278,239.8096905615836,0.003514568630313274,3.0
2279,239.88224184610098,0.003514568630313274,3.0
2280,239.9436800707729,0.003514568630313274,3.0
2281,239.99127472483772,0.003514568630313274,3.0
2282,240.0214954532976,0.003514568630313274,3.0
2283,240.04421625544396,0.003514568630313274,3.0
2284,240.06350795558916,0.003514568630313274,3.0
2285,240.078707476291,0.003514568630313274,3.0
2286,240.09514552749175,0.003514568630313274,3.0
2287,240.11102198338503,0.003514568630313274,3.0
2288,240.13813780157778,0.003514568630313274,3.0
2289,240.15053762626403,0.003514568630313274,3.0
2290,240.1496118300528,0.003514568630313274,3.0
2291,240.14237110061597,0.003514568630313274,3.0
2292,240.13050382127264,0.003514568630313274,3.0
2293,240.11668912402828,0.003514568630313274,3.0
2294,240.10728768624892,0.003514568630313274,3.0
2295,240.10401969974825,0.003514568630313274,3.0
2296,240.09502946384367,0.003514568630313274,3.0
2297,240.08694328544513,0.003514568630313274,3.0
2298,240.09194565560122,0.003514568630313274,3.0
2299,240.12042527828976,0.003514568630313274,3.0
2300,240.14615519682354,0.003514568630313274,3.0
2301,240.18662444940205,0.003514568630313274,3.0
2302,240.23523725381438,0.003514568630313274,3.0
2303,240.2817042192547,0.003514568630313274,3.0
2304,240.3263331302991,0.003514568630313274,3.0
2305,240.35904988867964,0.003514568630313274,3.0
2306,240.38242437562903,0.003514568630313274,3.0
2307,240.4030160400944,0.003514568630313274,3.0
2308,240.42907841244866,0.003514568630313274,3.0
2309,240.4571564790243,0.003514568630313274,3.0
2310,240.48527480902194,0.003514568630313274,3.0
2311,240.50631820653734,0.003514568630313274,3.0
2312,240.52066545008722,0.003514568630313274,3.0
2313,240.54009291418492,0.003514568630313274,3.0
2314,240.52723829355358,0.003514568630313274,3.0
2315,240.51525814874577,0.003514568630313274,3.0
2316,240.49894862417509,0.003514568630313274,3.0
2317,240.4809392074687,0.003514568630313274,3.0
2318,240.4604682782448,0.003514568630313274,3.0
2319,240.44076752004324,0.003514568630313274,3.0
2320,240.42564383889857,0.003514568630313274,3.0
2321,240.41194452405884,0.003514568630313274,3.0
2322,240.4002899224688,0.003514568630313274,3.0
2323,240.39591230402456,0.003514568630313274,3.0
2324,240.39418350669092,0.003514568630313274,3.0
2325,240.46044057412658,0.003514568630313274,3.0
2326,240.49436382774934,0.003514568630313274,3.0
2327,240.54517167116202,0.003514568630313274,3.0
2328,240.6480494636617,0.003514568630313274,3.0
2329,240.7041277342614,0.003514568630313274,3.0
2330,240.7381901331031,0.003514568630313274,3.0
2331,240.76976634210547,0.003514568630313274,3.0
2332,240.7987565889845,0.003514568630313274,3.0
2333,240.83403865605632,0.003514568630313274,3.0
2334,240.86868516805558,0.003514568630313274,3.0
2335,240.9067829017706,0.003514568630313274,3.0
2336,240.9346317676255,0.003514568630313274,3.0
2337,241.0021543820552,0.003514568630313274,3.0
2338,240.99223079145946,0.003514568630313274,3.0
2339,241.15221167544044,0.003514568630313274,3.0
2340,241.13060991963007,0.003514568630313274,3.0
2341,241.11580270095908,0.003514568630313274,3.0
2342,241.0929265219925,0.003514568630313274,3.0
2343,241.06427449478429,0.003514568630313274,3.0
2344,241.0532101125853,0.003514568630313274,3.0
2345,241.0418607350141,0.003514568630313274,3.0
2346,241.0358369903055,0.003514568630313274,3.0
2347,241.03197768121237,0.003514568630313274,3.0
2348,241.03024886992392,0.003514568630313274,3.0
2349,241.06641193833627,0.003514568630313274,3.0
2350,241.0936086292424,0.003514568630313274,3.0
2351,241.12912807590098,0.003514568630313274,3.0
2352,241.16653558340764,0.003514568630313274,3.0
2353,241.21220432663964,0.003514568630313274,3.0
2354,241.23893790490806,0.003514568630313274,3.0
2355,241.26598752342213,0.003514568630313274,3.0
2356,241.29295726425005,0.003514568630313274,3.0
2357,241.3308159574395,0.003514568630313274,3.0
2358,241.3559365244386,0.003514568630313274,3.0
2359,241.42159881365598,0.003514568630313274,3.0
2360,241.5086636267328,0.003514568630313274,3.0
2361,242.11132410282957,0.003514568630313274,3.0
2362,242.67383413345277,0.003514568630313274,3.0
2363,243.0473833664756,0.003514568630313274,3.0
2364,243.25815000527174,0.003514568630313274,3.0
2365,243.34266372814096,0.003514568630313274,3.0
2366,243.35850947221,0.003514568630313274,3.0
2367,243.35349815132452,0.003514568630313274,3.0
2368,243.35234880019047,0.003514568630313274,3.0
2369,243.36341655214176,0.003514568630313274,3.0
2370,243.4118535700612,0.003514568630313274,3.0
2371,243.44566277030702,0.003514568630313274,3.0
2372,243.47377519129657,0.003514568630313274,3.0
2373,243.52389489927148,0.003514568630313274,3.0
2374,243.57612462830738,0.003514568630313274,3.0
2375,243.6431183083715,0.003514568630313274,3.0
2376,243.69053110998502,0.003514568630313274,3.0
2377,243.74312233957164,0.003514568630313274,3.0
2378,243.77416917941403,0.003514568630313274,3.0
2379,243.7970989655497,0.003514568630313274,3.0
2380,243.81944991240928,0.003514568630313274,3.0
2381,243.85697294938052,0.003514568630313274,3.0
2382,243.85248314211185,0.003514568630313274,3.0
2383,243.84410671808163,0.003514568630313274,3.0
2384,243.83443846626267,0.003514568630313274,3.0
2385,244.39636311401816,0.003514568630313274,3.0
2386,245.13534856012345,0.003514568630313274,3.0
2387,245.51051910653675,0.003514568630313274,3.0
2388,245.6987749786495,0.003514568630313274,3.0
2389,245.76958884407958,0.003514568630313274,3.0
2390,245.99305257863944,0.003514568630313274,3.0
2391,246.51579049338,0.003514568630313274,3.0
2392,246.6903839756249,0.003514568630313274,3.0
2393,246.75151643820237,0.003514568630313274,3.0
2394,246.8056251622156,0.003514568630313274,3.0
2395,246.88338131550327,0.003514568630313274,3.0
2396,246.94303757970056,0.003514568630313274,3.0
2397,247.02958839370675,0.003514568630313274,3.0
2398,247.12612726443166,0.003514568630313274,3.0
2399,247.19832456639907,0.003514568630313274,3.0
2400,247.25623360768864,0.003514568630313274,3.0
2401,247.30575117106602,0.003514568630313274,3.0
2402,247.33883690000738,0.003514568630313274,3.0
2403,247.36584694309312,0.003514568630313274,3.0
2404,247.38761047138914,0.003514568630313274,3.0
2405,247.435037232929,0.003514568630313274,3.0
2406,247.43375823067657,0.003514568630313274,3.0
2407,247.42821873082332,0.003514568630313274,3.0
2408,247.42547974030367,0.003514568630313274,3.0
2409,247.49399173589356,0.003514568630313274,3.0
2410,247.54508830650238,0.003514568630313274,3.0
2411,247.59165484937412,0.003514568630313274,3.0
2412,247.58480404431458,0.003514568630313274,3.0
2413,247.56492648343337,0.003514568630313274,3.0
2414,247.55152225136536,0.003514568630313274,3.0
2415,247.56048477416886,0.003514568630313274,3.0
2416,247.61722407300937,0.003514568630313274,3.0
2417,247.63372190745085,0.003514568630313274,3.0
2418,247.63332417817986,0.003514568630313274,3.0
2419,247.65574824737354,0.003514568630313274,3.0
2420,247.69543719434063,0.003514568630313274,3.0
2421,247.7497724245373,0.003514568630313274,3.0
2422,247.81638277661656,0.003514568630313274,3.0
2423,247.8812534967491,0.003514568630313274,3.0
2424,247.9322069992438,0.003514568630313274,3.0
2425,247.97449714696214,0.003514568630313274,3.0
2426,248.0026475964497,0.003514568630313274,3.0
2427,248.02291766403295,0.003514568630313274,3.0
2428,248.03899163803345,0.003514568630313274,3.0
2429,248.05869045797266,0.003514568630313274,3.0
2430,248.07235671029824,0.003514568630313274,3.0
2431,248.10152974772043,0.003514568630313274,3.0
2432,248.14040570049502,0.003514568630313274,3.0
2433,248.40077170520996,0.003514568630313274,3.0
2434,249.08308316597078,0.003514568630313274,3.0
2435,250.01822346385993,0.003514568630313274,3.0
2436,251.0018581654521,0.003514568630313274,3.0
2437,251.7673542405731,0.003514568630313274,3.0
2438,252.02313676524687,0.003514568630313274,3.0
2439,252.10331405023365,0.003514568630313274,3.0
2440,252.17652206392972,0.003514568630313274,3.0
2441,252.23715307786844,0.003514568630313274,3.0
2442,252.2716865531343,0.003514568630313274,3.0
2443,252.31804463205938,0.003514568630313274,3.0
2444,252.36364796150792,0.003514568630313274,3.0
2445,252.3988767713723,0.003514568630313274,3.0
2446,252.4472856643583,0.003514568630313274,3.0
2447,252.5708795419229,0.003514568630313274,3.0
2448,252.64407641310325,0.003514568630313274,3.0
2449,252.69981221827823,0.003514568630313274,3.0
2450,252.73273207185198,0.003514568630313274,3.0
2451,252.76463416230186,0.003514568630313274,3.0
2452,252.78787483957132,0.003514568630313274,3.0
2453,252.8233870567634,0.003514568630313274,3.0
2454,252.84801598021448,0.003514568630313274,3.0
2455,252.84498857124967,0.003514568630313274,3.0
2456,252.85273937056175,0.003514568630313274,3.0
2457,252.84984170896573,0.003514568630313274,3.0
2458,252.83252971023336,0.003514568630313274,3.0
2459,252.80482840880515,0.003514568630313274,3.0
2460,252.78213191807234,0.003514568630313274,3.0
2461,252.77249277814565,0.003514568630313274,3.0
2462,252.76422393800055,0.003514568630313274,3.0
2463,252.74225022071792,0.003514568630313274,3.0
2464,252.73090334794242,0.003514568630313274,3.0
2465,252.72379700420373,0.003514568630313274,3.0
2466,252.71809389366499,0.003514568630313274,3.0
2467,252.73673204232705,0.003514568630313274,3.0
2468,252.7448572917549,0.003514568630313274,3.0
2469,252.76183373660453,0.003514568630313274,3.0
2470,252.80216710006346,0.003514568630313274,3.0
2471,252.863957823286,0.003514568630313274,3.0
2472,252.91467136367405,0.003514568630313274,3.0
2473,252.95482517684187,0.003514568630313274,3.0
2474,252.97934692465955,0.003514568630313274,3.0
2475,252.99990869309272,0.003514568630313274,3.0
2476,253.02036718396187,0.003514568630313274,3.0
2477,253.0462479479883,0.003514568630313274,3.0
2478,253.0886335208532,0.003514568630313274,3.0
2479,253.12524964964757,0.003514568630313274,3.0
2480,253.16046404605044,0.003514568630313274,3.0
2481,253.18499310614095,0.003514568630313274,3.0
2482,253.25222663306104,0.003514568630313274,3.0
2483,253.23230920605587,0.003514568630313274,3.0
2484,253.2068191838827,0.003514568630313274,3.0
2485,253.17453686099506,0.003514568630313274,3.0
2486,253.14929715200722,0.003514568630313274,3.0
2487,253.12146450639096,0.003514568630313274,3.0
2488,253.10986047917908,0.003514568630313274,3.0
2489,253.10839235913642,0.003514568630313274,3.0
2490,253.10119357221757,0.003514568630313274,3.0
2491,253.09774900393018,0.003514568630313274,3.0
2492,253.09641381814563,0.003514568630313274,3.0
2493,253.09591357239472,0.003514568630313274,3.0
2494,253.10899434582413,0.003514568630313274,3.0
2495,253.13210809215846,0.003514568630313274,3.0
2496,253.15965090137027,0.003514568630313274,3.0
2497,253.1877699160872,0.003514568630313274,3.0
2498,253.20640481246062,0.003514568630313274,3.0
2499,253.22417267106786,0.003514568630313274,3.0
2500,253.2497571381579,0.003514568630313274,3.0
2501,253.28435534532343,0.003514568630313274,3.0
2502,253.33262480123344,0.003514568630313274,3.0
2503,253.37768513941703,0.003514568630313274,3.0
2504,253.42339259138805,0.003514568630313274,3.0
2505,253.4227219952709,0.003514568630313274,3.0
2506,253.41620916031556,0.003514568630313274,3.0
2507,253.65968627246713,0.003514568630313274,3.0
2508,254.00320160749916,0.003514568630313274,3.0
2509,254.42336635439437,0.003514568630313274,3.0
2510,254.83955260984794,0.003514568630313274,3.0
2511,255.01307604190245,0.003514568630313274,3.0
2512,255.06368202352425,0.003514568630313274,3.0
2513,255.08843682292868,0.003514568630313274,3.0
2514,255.09370732162083,0.003514568630313274,3.0
2515,255.11776921821814,0.003514568630313274,3.0
2516,255.1474095819251,0.003514568630313274,3.0
2517,255.1749054724067,0.003514568630313274,3.0
2518,255.2062331011893,0.003514568630313274,3.0
2519,255.2284254812441,0.003514568630313274,3.0
2520,255.2576393533753,0.003514568630313274,3.0
2521,255.28649775105401,0.003514568630313274,3.0
2522,255.30603479753046,0.003514568630313274,3.0
2523,255.32973134593072,0.003514568630313274,3.0
2524,255.35361752357252,0.003514568630313274,3.0
2525,255.3828987652821,0.003514568630313274,3.0
2526,255.40984543290068,0.003514568630313274,3.0
2527,255.46115399435195,0.003514568630313274,3.0
2528,255.45608571624982,0.003514568630313274,3.0
2529,255.44296735799003,0.003514568630313274,3.0
2530,255.41276117565963,0.003514568630313274,3.0
2531,255.37153756652162,0.003514568630313274,3.0
2532,255.32993733238698,0.003514568630313274,3.0
2533,255.79593546579054,0.003514568630313274,3.0
2534,256.0153141747639,0.003514568630313274,3.0
2535,256.51085568392654,0.003514568630313274,3.0
2536,256.95793019411076,0.003514568630313274,3.0
2537,257.08842133001724,0.003514568630313274,3.0
2538,257.1504148704083,0.003514568630313274,3.0
2539,257.20577378105133,0.003514568630313274,3.0
2540,257.25244712281835,0.003514568630313274,3.0
2541,257.29103303534623,0.003514568630313274,3.0
2542,257.3385133183973,0.003514568630313274,3.0
2543,257.3712737682674,0.003514568630313274,3.0
2544,257.40257162493094,0.003514568630313274,3.0
2545,257.4320054874873,0.003514568630313274,3.0
2546,257.45121440483445,0.003514568630313274,3.0
2547,257.4713551469999,0.003514568630313274,3.0
2548,257.4978134294632,0.003514568630313274,3.0
2549,257.53344567571116,0.003514568630313274,3.0
2550,257.581314382176,0.003514568630313274,3.0
2551,257.63665476638573,0.003514568630313274,3.0
2552,257.63765312817003,0.003514568630313274,3.0
2553,257.6439256402727,0.003514568630313274,3.0
2554,257.6870231036252,0.003514568630313274,3.0
2555,258.1145143510506,0.003514568630313274,3.0
2556,258.4127977767113,0.003514568630313274,3.0
2557,258.47241585413246,0.003514568630313274,3.0
2558,258.44915403318333,0.003514568630313274,3.0
2559,258.4302269830019,0.003514568630313274,3.0
2560,258.43719787200115,0.003514568630313274,3.0
2561,258.43418487996973,0.003514568630313274,3.0
2562,258.42970936689466,0.003514568630313274,3.0
2563,258.43304396366807,0.003514568630313274,3.0
2564,258.4444220017734,0.003514568630313274,3.0
2565,258.45925889489365,0.003514568630313274,3.0
2566,258.4830872052625,0.003514568630313274,3.0
2567,258.5060286519008,0.003514568630313274,3.0
2568,258.5290492484504,0.003514568630313274,3.0
2569,258.55624631600284,0.003514568630313274,3.0
2570,258.57693094188346,0.003514568630313274,3.0
2571,258.59705461217953,0.003514568630313274,3.0
2572,258.6257611334613,0.003514568630313274,3.0
2573,258.6555078434417,0.003514568630313274,3.0
2574,258.6929054584128,0.003514568630313274,3.0
2575,258.73551402192356,0.003514568630313274,3.0
2576,258.7305863532317,0.003514568630313274,3.0
2577,258.72048550637606,0.003514568630313274,3.0
2578,258.69670209134466,0.003514568630313274,3.0
2579,258.68428467355676,0.003514568630313274,3.0
2580,258.67783241528605,0.003514568630313274,3.0
2581,258.6543975226678,0.003514568630313274,3.0
2582,258.626764407143,0.003514568630313274,3.0
2583,258.59259929569777,0.003514568630313274,3.0
2584,258.5657680366974,0.003514568630313274,3.0
2585,258.5434191018466,0.003514568630313274,3.0
2586,258.5278346238106,0.003514568630313274,3.0
2587,258.5202178523937,0.003514568630313274,3.0
2588,258.5172840068493,0.003514568630313274,3.0
2589,258.516238495168,0.003514568630313274,3.0
2590,258.52310662443017,0.003514568630313274,3.0
2591,258.5396532111247,0.003514568630313274,3.0
2592,258.5575657679598,0.003514568630313274,3.0
2593,258.5701215038926,0.003514568630313274,3.0
2594,258.5844820549369,0.003514568630313274,3.0
2595,258.5985834020334,0.003514568630313274,3.0
2596,258.6178921715773,0.003514568630313274,3.0
2597,258.64372691467787,0.003514568630313274,3.0
2598,258.6721961023625,0.003514568630313274,3.0
2599,258.7117816802379,0.003514568630313274,3.0
2600,258.7334999228351,0.003514568630313274,3.0
2601,258.7331573674052,0.003514568630313274,3.0
2602,258.71801816499544,0.003514568630313274,3.0
2603,258.6934177333018,0.003514568630313274,3.0
2604,258.66925863319517,0.003514568630313274,3.0
2605,258.63748775006775,0.003514568630313274,3.0
2606,258.6062679633626,0.003514568630313274,3.0
2607,258.5728695911106,0.003514568630313274,3.0
2608,258.5476845342797,0.003514568630313274,3.0
2609,258.52526389521483,0.003514568630313274,3.0
2610,258.5075267781585,0.003514568630313274,3.0
2611,258.4998474929048,0.003514568630313274,3.0
2612,258.4959802080497,0.003514568630313274,3.0
2613,258.49431403326076,0.003514568630313274,3.0
2614,258.5015156269292,0.003514568630313274,3.0
2615,258.5175050930044,0.003514568630313274,3.0
2616,258.5351243950551,0.003514568630313274,3.0
2617,258.55296338607764,0.003514568630313274,3.0
2618,258.5675091056565,0.003514568630313274,3.0
2619,258.5850933327186,0.003514568630313274,3.0
2620,258.6092942376301,0.003514568630313274,3.0
2621,258.64344568030714,0.003514568630313274,3.0
2622,258.6903117511329,0.003514568630313274,3.0
2623,258.7305008615324,0.003514568630313274,3.0
2624,258.7545887043771,0.003514568630313274,3.0
2625,258.7621054403572,0.003514568630313274,3.0
2626,258.7793180785075,0.003514568630313274,3.0
2627,259.18689300767704,0.003514568630313274,3.0
2628,259.55662701963047,0.003514568630313274,3.0
2629,259.7004920281551,0.003514568630313274,3.0
2630,259.70944034820053,0.003514568630313274,3.0
2631,259.74906991928134,0.003514568630313274,3.0
2632,259.9044677056217,0.003514568630313274,3.0
2633,259.9027865488455,0.003514568630313274,3.0
2634,259.89797527038417,0.003514568630313274,3.0
2635,259.9036477985683,0.003514568630313274,3.0
2636,259.91241447846414,0.003514568630313274,3.0
2637,259.9214766819489,0.003514568630313274,3.0
2638,259.93757077020405,0.003514568630313274,3.0
2639,259.9588020237808,0.003514568630313274,3.0
2640,259.9822215607742,0.003514568630313274,3.0
2641,260.0077805761399,0.003514568630313274,3.0
2642,260.0279423655993,0.003514568630313274,3.0
2643,260.0480804675211,0.003514568630313274,3.0
2644,260.07086559561486,0.003514568630313274,3.0
2645,260.0936085402187,0.003514568630313274,3.0
2646,260.11458041760943,0.003514568630313274,3.0
2647,260.16656138091133,0.003514568630313274,3.0
2648,260.18945099679695,0.003514568630313274,3.0
2649,260.1716774521266,0.003514568630313274,3.0
2650,260.13619079592553,0.003514568630313274,3.0
2651,260.1091657524493,0.003514568630313274,3.0
2652,260.09986120041174,0.003514568630313274,3.0
2653,260.7135883755124,0.003514568630313274,3.0
2654,260.923019037096,0.003514568630313274,3.0
2655,260.94942979511217,0.003514568630313274,3.0
2656,260.96966220316995,0.003514568630313274,3.0
2657,260.96806385462577,0.003514568630313274,3.0
2658,260.9617228832551,0.003514568630313274,3.0
2659,260.96285544960847,0.003514568630313274,3.0
2660,260.96941377323384,0.003514568630313274,3.0
2661,260.9782406565006,0.003514568630313274,3.0
2662,260.9979183783197,0.003514568630313274,3.0
2663,261.01691126592345,0.003514568630313274,3.0
2664,261.03833168817704,0.003514568630313274,3.0
2665,261.057841224558,0.003514568630313274,3.0
2666,261.0724730210579,0.003514568630313274,3.0
2667,261.08922656887546,0.003514568630313274,3.0
2668,261.1190037873319,0.003514568630313274,3.0
2669,261.14522596876594,0.003514568630313274,3.0
2670,261.18580602683784,0.003514568630313274,3.0
2671,261.2892230629966,0.003514568630313274,3.0
2672,261.30507405026856,0.003514568630313274,3.0
2673,261.3531680399515,0.003514568630313274,3.0
2674,261.3290052001995,0.003514568630313274,3.0
2675,261.3080319630779,0.003514568630313274,3.0
2676,261.4045012045605,0.003514568630313274,3.0
2677,261.89830555014987,0.003514568630313274,3.0
2678,262.3687204322548,0.003514568630313274,3.0
2679,262.5605147992257,0.003514568630313274,3.0
2680,262.58306964605197,0.003514568630313274,3.0
2681,262.5825799402311,0.003514568630313274,3.0
2682,262.58092543888614,0.003514568630313274,3.0
2683,262.59900747296257,0.003514568630313274,3.0
2684,262.6104126674779,0.003514568630313274,3.0
2685,262.62455925082975,0.003514568630313274,3.0
2686,262.6429332398351,0.003514568630313274,3.0
2687,262.6732473316708,0.003514568630313274,3.0
2688,262.6981825942665,0.003514568630313274,3.0
2689,262.7209456398192,0.003514568630313274,3.0
2690,262.73839096041064,0.003514568630313274,3.0
2691,262.76247520846186,0.003514568630313274,3.0
2692,262.77724237563143,0.003514568630313274,3.0
2693,262.8025335616897,0.003514568630313274,3.0
2694,262.82589822033617,0.003514568630313274,3.0
2695,262.8693709255388,0.003514568630313274,3.0
2696,262.8679409808368,0.003514568630313274,3.0
2697,262.85877893421514,0.003514568630313274,3.0
2698,262.83160033861367,0.003514568630313274,3.0
2699,262.7889692796967,0.003514568630313274,3.0
2700,262.7381682375599,0.003514568630313274,3.0
2701,263.1965335178539,0.003514568630313274,3.0
2702,263.40208330046926,0.003514568630313274,3.0
2703,263.9361942681595,0.003514568630313274,3.0
2704,264.34527180538,0.003514568630313274,3.0
2705,264.4870633517858,0.003514568630313274,3.0
2706,264.55063756835244,0.003514568630313274,3.0
2707,264.65275218193017,0.003514568630313274,3.0
2708,264.7160065879449,0.003514568630313274,3.0
2709,264.7792123547273,0.003514568630313274,3.0
2710,264.83740451879845,0.003514568630313274,3.0
2711,264.8953764990372,0.003514568630313274,3.0
2712,264.9356830468973,0.003514568630313274,3.0
2713,264.9636412041546,0.003514568630313274,3.0
2714,264.9837433838497,0.003514568630313274,3.0
2715,265.005019740902,0.003514568630313274,3.0
2716,265.02982927855504,0.003514568630313274,3.0
2717,265.06518598754565,0.003514568630313274,3.0
2718,265.11079550147616,0.003514568630313274,3.0
2719,265.17037607671267,0.003514568630313274,3.0
2720,265.1964534684935,0.003514568630313274,3.0
2721,265.25624421009394,0.003514568630313274,3.0
2722,265.3603701652199,0.003514568630313274,3.0
2723,265.8737446891618,0.003514568630313274,3.0
2724,266.2230123481601,0.003514568630313274,3.0
2725,266.283498360913,0.003514568630313274,3.0
2726,266.258786633346,0.003514568630313274,3.0
2727,266.2394802314794,0.003514568630313274,3.0
2728,266.2389060356467,0.003514568630313274,3.0
2729,266.2344991811777,0.003514568630313274,3.0
2730,266.2290085036987,0.003514568630313274,3.0
2731,266.23090823791216,0.003514568630313274,3.0
2732,266.2493039283651,0.003514568630313274,3.0
2733,266.27306944114537,0.003514568630313274,3.0
2734,266.31096776182227,0.003514568630313274,3.0
2735,266.36140129269717,0.003514568630313274,3.0
2736,266.414430444414,0.003514568630313274,3.0
2737,266.45978693121725,0.003514568630313274,3.0
2738,266.49165263258413,0.003514568630313274,3.0
2739,266.5148722422912,0.003514568630313274,3.0
2740,266.53672082407786,0.003514568630313274,3.0
2741,266.55809148531745,0.003514568630313274,3.0
2742,266.5866275666056,0.003514568630313274,3.0
2743,266.61986974851976,0.003514568630313274,3.0
2744,266.6102061940177,0.003514568630313274,3.0
2745,266.5937144174103,0.003514568630313274,3.0
2746,266.56178066122186,0.003514568630313274,3.0
2747,266.5358342826425,0.003514568630313274,3.0
2748,266.51687443412715,0.003514568630313274,3.0
2749,266.4952016725276,0.003514568630313274,3.0
2750,266.47342545910067,0.003514568630313274,3.0
2751,266.4453440135275,0.003514568630313274,3.0
2752,266.42334054878637,0.003514568630313274,3.0
2753,266.4064094119138,0.003514568630313274,3.0
2754,266.3920894909766,0.003514568630313274,3.0
2755,266.39408019153785,0.003514568630313274,3.0
2756,266.4118205748531,0.003514568630313274,3.0
2757,266.418362333786,0.003514568630313274,3.0
2758,266.4383520945841,0.003514568630313274,3.0
2759,266.47570592711,0.003514568630313274,3.0
2760,266.5145488437295,0.003514568630313274,3.0
2761,266.5451176890004,0.003514568630313274,3.0
2762,266.56875484661566,0.003514568630313274,3.0
2763,266.5925371315572,0.003514568630313274,3.0
2764,266.618380776344,0.003514568630313274,3.0
2765,266.65358500953545,0.003514568630313274,3.0
2766,266.6993483897737,0.003514568630313274,3.0
2767,266.743679142274,0.003514568630313274,3.0
2768,266.8003781601557,0.003514568630313274,3.0
2769,266.8828073383439,0.003514568630313274,3.0
2770,266.876839934454,0.003514568630313274,3.0
2771,266.864433582831,0.003514568630313274,3.0
2772,266.84550458593907,0.003514568630313274,3.0
2773,266.8119582257975,0.003514568630313274,3.0
2774,266.7815973255304,0.003514568630313274,3.0
2775,266.7517070475499,0.003514568630313274,3.0
2776,266.7254103545954,0.003514568630313274,3.0
2777,266.7029535433681,0.003514568630313274,3.0
2778,266.69140591412514,0.003514568630313274,3.0
2779,266.70525555076813,0.003514568630313274,3.0
2780,266.70997669627815,0.003514568630313274,3.0
2781,266.7277026061152,0.003514568630313274,3.0
2782,266.760921604356,0.003514568630313274,3.0
2783,266.7969383490922,0.003514568630313274,3.0
2784,266.8293150847109,0.003514568630313274,3.0
2785,266.8512795040293,0.003514568630313274,3.0
2786,266.87381255946997,0.003514568630313274,3.0
2787,266.89385511156036,0.003514568630313274,3.0
2788,266.9135009217174,0.003514568630313274,3.0
2789,266.94399268000836,0.003514568630313274,3.0
2790,266.9728259794108,0.003514568630313274,3.0
2791,267.003587036139,0.003514568630313274,3.0
2792,267.01355296297686,0.003514568630313274,3.0
2793,267.0199569397494,0.003514568630313274,3.0
2794,267.0152351158023,0.003514568630313274,3.0
2795,267.00819304776974,0.003514568630313274,3.0
2796,267.4263212523826,0.003514568630313274,3.0
2797,267.9955022077943,0.003514568630313274,3.0
2798,268.3806573225642,0.003514568630313274,3.0
2799,268.5256057435017,0.003514568630313274,3.0
2800,268.5476953988996,0.003514568630313274,3.0
2801,268.54695048107817,0.003514568630313274,3.0
2802,268.54476807502374,0.003514568630313274,3.0
2803,268.56387505475556,0.003514568630313274,3.0
2804,268.5801569299892,0.003514568630313274,3.0
2805,268.62311511769394,0.003514568630313274,3.0
2806,268.67170981615243,0.003514568630313274,3.0
2807,268.7197952794297,0.003514568630313274,3.0
2808,268.7647910461287,0.003514568630313274,3.0
2809,268.7875524624145,0.003514568630313274,3.0
2810,268.8085396260003,0.003514568630313274,3.0
2811,268.8295558921781,0.003514568630313274,3.0
2812,268.85766429332944,0.003514568630313274,3.0
2813,268.88835301604917,0.003514568630313274,3.0
2814,268.9195056525225,0.003514568630313274,3.0
2815,268.9576099732231,0.003514568630313274,3.0
2816,268.9849526719759,0.003514568630313274,3.0
2817,268.9718555137069,0.003514568630313274,3.0
2818,268.94271227757685,0.003514568630313274,3.0
2819,268.8981366196064,0.003514568630313274,3.0
2820,268.85451297001185,0.003514568630313274,3.0
2821,268.8310503164789,0.003514568630313274,3.0
2822,268.8167166902102,0.003514568630313274,3.0
2823,268.79812881254674,0.003514568630313274,3.0
2824,268.78204166652085,0.003514568630313274,3.0
2825,268.7696865871286,0.003514568630313274,3.0
2826,268.7617411910955,0.003514568630313274,3.0
2827,268.7626432659694,0.003514568630313274,3.0
2828,268.77494560459706,0.003514568630313274,3.0
2829,268.7898278451238,0.003514568630313274,3.0
2830,268.8542112321281,0.003514568630313274,3.0
2831,268.91063275530536,0.003514568630313274,3.0
2832,268.9655132398061,0.003514568630313274,3.0
2833,268.9976092677512,0.003514568630313274,3.0
2834,269.02448508356105,0.003514568630313274,3.0
2835,269.04961971052523,0.003514568630313274,3.0
2836,269.0741447297251,0.003514568630313274,3.0
2837,269.10622377344157,0.003514568630313274,3.0
2838,269.1510704996778,0.003514568630313274,3.0
2839,269.20606102369624,0.003514568630313274,3.0
2840,269.2305812262987,0.003514568630313274,3.0
2841,269.577254789932,0.003514568630313274,3.0
2842,269.6163937576396,0.003514568630313274,3.0
2843,269.60843579845204,0.003514568630313274,3.0
2844,269.5915367993009,0.003514568630313274,3.0
2845,269.5811055470548,0.003514568630313274,3.0
2846,269.5627199275802,0.003514568630313274,3.0
2847,269.5365400680289,0.003514568630313274,3.0
2848,269.5179544510926,0.003514568630313274,3.0
2849,269.50274270227516,0.003514568630313274,3.0
2850,269.4897707124957,0.003514568630313274,3.0
2851,269.48597959419493,0.003514568630313274,3.0
2852,269.4854779751151,0.003514568630313274,3.0
2853,269.4876651329016,0.003514568630313274,3.0
2854,269.51826860365736,0.003514568630313274,3.0
2855,269.561443264862,0.003514568630313274,3.0
2856,269.60321366218477,0.003514568630313274,3.0
2857,269.6333918795872,0.003514568630313274,3.0
2858,269.6556127230953,0.003514568630313274,3.0
2859,269.6781006681324,0.003514568630313274,3.0
2860,269.69811043525624,0.003514568630313274,3.0
2861,269.75239634296645,0.003514568630313274,3.0
2862,269.7503636483773,0.003514568630313274,3.0
2863,269.7701859181572,0.003514568630313274,3.0
2864,269.76573025479297,0.003514568630313274,3.0
2865,269.835131277148,0.003514568630313274,3.0
2866,269.85982473504043,0.003514568630313274,3.0
2867,269.8546983235407,0.003514568630313274,3.0
2868,269.840948869826,0.003514568630313274,3.0
2869,269.81436931706247,0.003514568630313274,3.0
2870,269.78811323925083,0.003514568630313274,3.0
2871,269.7558692657814,0.003514568630313274,3.0
2872,269.7324205768228,0.003514568630313274,3.0
2873,269.7150080144924,0.003514568630313274,3.0
2874,269.7038755418852,0.003514568630313274,3.0
2875,269.7008076684268,0.003514568630313274,3.0
2876,269.726211146571,0.003514568630313274,3.0
2877,269.7453365809992,0.003514568630313274,3.0
2878,269.76836341800555,0.003514568630313274,3.0
2879,269.8082423357145,0.003514568630313274,3.0
2880,269.84747093937534,0.003514568630313274,3.0
2881,269.88588320480636,0.003514568630313274,3.0
2882,269.91060416125845,0.003514568630313274,3.0
2883,269.9300563845913,0.003514568630313274,3.0
2884,269.9526457749522,0.003514568630313274,3.0
2885,269.9786053951666,0.003514568630313274,3.0
2886,270.0089612983277,0.003514568630313274,3.0
2887,270.0520376867457,0.003514568630313274,3.0
2888,270.07574263705504,0.003514568630313274,3.0
2889,270.08234506658744,0.003514568630313274,3.0
2890,270.072932787139,0.003514568630313274,3.0
2891,270.0548184611619,0.003514568630313274,3.0
2892,270.02967361276626,0.003514568630313274,3.0
2893,270.01723836345894,0.003514568630313274,3.0
2894,269.98412357029054,0.003514568630313274,3.0
2895,269.9483237401771,0.003514568630313274,3.0
2896,269.9327399642202,0.003514568630313274,3.0
2897,269.9149634410154,0.003514568630313274,3.0
2898,269.9027203755717,0.003514568630313274,3.0
2899,269.9070024442485,0.003514568630313274,3.0
2900,269.9179715878986,0.003514568630313274,3.0
2901,269.9482750470751,0.003514568630313274,3.0
2902,269.98520935225275,0.003514568630313274,3.0
2903,270.0237705749434,0.003514568630313274,3.0
2904,270.0682660252762,0.003514568630313274,3.0
2905,270.10378820894147,0.003514568630313274,3.0
2906,270.12802300647877,0.003514568630313274,3.0
2907,270.15368634571286,0.003514568630313274,3.0
2908,270.1830766276165,0.003514568630313274,3.0
2909,270.217070606743,0.003514568630313274,3.0
2910,270.2593332422461,0.003514568630313274,3.0
2911,270.3172010211694,0.003514568630313274,3.0
2912,270.35858797304576,0.003514568630313274,3.0
2913,270.3796908809052,0.003514568630313274,3.0
2914,270.5761977740118,0.003514568630313274,3.0
2915,271.0812553259679,0.003514568630313274,3.0
2916,271.08079438746785,0.003514568630313274,3.0
2917,271.36742603941246,0.003514568630313274,3.0
2918,271.4153460306734,0.003514568630313274,3.0
2919,271.39783686128015,0.003514568630313274,3.0
2920,271.3860795694247,0.003514568630313274,3.0
2921,271.3753234481756,0.003514568630313274,3.0
2922,271.3684972304264,0.003514568630313274,3.0
2923,271.3743620541737,0.003514568630313274,3.0
2924,271.3946758879116,0.003514568630313274,3.0
2925,271.41614852822005,0.003514568630313274,3.0
2926,271.45115501799927,0.003514568630313274,3.0
2927,271.4989102291062,0.003514568630313274,3.0
2928,271.53786985624913,0.003514568630313274,3.0
2929,271.56558618589804,0.003514568630313274,3.0
2930,271.58831064762967,0.003514568630313274,3.0
2931,271.6106830928629,0.003514568630313274,3.0
2932,271.64134413415167,0.003514568630313274,3.0
2933,271.6686374605614,0.003514568630313274,3.0
2934,271.71057784548043,0.003514568630313274,3.0
2935,271.75875777955105,0.003514568630313274,3.0
2936,271.7983471391151,0.003514568630313274,3.0
2937,272.00627587016226,0.003514568630313274,3.0
2938,272.56957427149797,0.003514568630313274,3.0
2939,272.7436308730789,0.003514568630313274,3.0
2940,272.77104393184214,0.003514568630313274,3.0
2941,272.7686695185214,0.003514568630313274,3.0
2942,272.76192750140183,0.003514568630313274,3.0
2943,272.74659479267854,0.003514568630313274,3.0
2944,272.74177238771705,0.003514568630313274,3.0
2945,272.73476643078135,0.003514568630313274,3.0
2946,272.72976998957535,0.003514568630313274,3.0
2947,272.7325849271522,0.003514568630313274,3.0
2948,272.745141239216,0.003514568630313274,3.0
2949,272.76268711834365,0.003514568630313274,3.0
2950,272.7934401337608,0.003514568630313274,3.0
2951,272.8315271305009,0.003514568630313274,3.0
2952,272.8709477616568,0.003514568630313274,3.0
2953,272.9001890848219,0.003514568630313274,3.0
2954,272.9231603661837,0.003514568630313274,3.0
2955,272.94026965143405,0.003514568630313274,3.0
2956,272.956018841625,0.003514568630313274,3.0
2957,272.9702296750965,0.003514568630313274,3.0
2958,273.0060196267361,0.003514568630313274,3.0
2959,272.9957711625308,0.003514568630313274,3.0
2960,272.9891447989193,0.003514568630313274,3.0
2961,272.9811390011904,0.003514568630313274,3.0
2962,272.9794308941119,0.003514568630313274,3.0
2963,272.96756795022054,0.003514568630313274,3.0
2964,272.943984359457,0.003514568630313274,3.0
2965,272.9153260972597,0.003514568630313274,3.0
2966,272.8891876815054,0.003514568630313274,3.0
2967,272.8629193997242,0.003514568630313274,3.0
2968,272.8476913832808,0.003514568630313274,3.0
2969,272.83848589251915,0.003514568630313274,3.0
2970,272.83189320773704,0.003514568630313274,3.0
2971,272.8314792641129,0.003514568630313274,3.0
2972,272.83786139096617,0.003514568630313274,3.0
2973,272.8632557367954,0.003514568630313274,3.0
2974,272.9013623060051,0.003514568630313274,3.0
2975,272.9585473941856,0.003514568630313274,3.0
2976,273.01050463126325,0.003514568630313274,3.0
2977,273.0466336651839,0.003514568630313274,3.0
2978,273.0721795052604,0.003514568630313274,3.0
2979,273.09744089079635,0.003514568630313274,3.0
2980,273.1241950281039,0.003514568630313274,3.0
2981,273.162500189133,0.003514568630313274,3.0
2982,273.2068244109671,0.003514568630313274,3.0
2983,273.2635572289292,0.003514568630313274,3.0
2984,273.3546210764887,0.003514568630313274,3.0
2985,273.4586787711518,0.003514568630313274,3.0
2986,273.55023497903795,0.003514568630313274,3.0
2987,274.3202594971946,0.003514568630313274,3.0
2988,274.7053489660242,0.003514568630313274,3.0
2989,274.8749960068232,0.003514568630313274,3.0
2990,274.97960901914126,0.003514568630313274,3.0
2991,275.13715610003845,0.003514568630313274,3.0
2992,275.69683486283776,0.003514568630313274,3.0
2993,276.11402476719843,0.003514568630313274,3.0
2994,276.27609980670974,0.003514568630313274,3.0
2995,276.3779606647729,0.003514568630313274,3.0
2996,276.44368584970437,0.003514568630313274,3.0
2997,276.4868917997772,0.003514568630313274,3.0
2998,276.529491392571,0.003514568630313274,3.0
2999,276.5809817647551,0.003514568630313274,3.0
3000,276.6311711532311,0.003514568630313274,3.0
3001,276.6695463449488,0.003514568630313274,3.0
3002,276.69377037111667,0.003514568630313274,3.0
3003,276.71490172174936,0.003514568630313274,3.0
3004,276.73252510664173,0.003514568630313274,3.0
3005,276.7457225911326,0.003514568630313274,3.0
3006,276.7559648878687,0.003514568630313274,3.0
3007,276.8098687694834,0.003514568630313274,3.0
3008,276.7975347291828,0.003514568630313274,3.0
3009,276.80572932432773,0.003514568630313274,3.0
3010,276.78062998119304,0.003514568630313274,3.0
3011,276.97702010360524,0.003514568630313274,3.0
3012,276.9945921523016,0.003514568630313274,3.0
3013,276.9967826840193,0.003514568630313274,3.0
3014,276.9958514028169,0.003514568630313274,3.0
3015,276.9823030017933,0.003514568630313274,3.0
3016,277.243356012067,0.003514568630313274,3.0
3017,277.5223819830869,0.003514568630313274,3.0
3018,277.64755989158135,0.003514568630313274,3.0
3019,277.7397938909973,0.003514568630313274,3.0
3020,277.81646646176773,0.003514568630313274,3.0
3021,277.870671892307,0.003514568630313274,3.0
3022,277.92321334344456,0.003514568630313274,3.0
3023,277.97733060930295,0.003514568630313274,3.0
3024,278.02469818354075,0.003514568630313274,3.0
3025,278.05959030885555,0.003514568630313274,3.0
3026,278.08659294782444,0.003514568630313274,3.0
3027,278.11383594991145,0.003514568630313274,3.0
3028,278.1353971144688,0.003514568630313274,3.0
3029,278.1646207959729,0.003514568630313274,3.0
3030,278.17875566722427,0.003514568630313274,3.0
3031,278.6749281029072,0.003514568630313274,3.0
3032,279.059249591944,0.003514568630313274,3.0
3033,279.20756785145113,0.003514568630313274,3.0
3034,279.2774847669793,0.003514568630313274,3.0
3035,279.3280337653881,0.003514568630313274,3.0
3036,279.35485948645857,0.003514568630313274,3.0
3037,279.34774941418056,0.003514568630313274,3.0
3038,279.3390469272227,0.003514568630313274,3.0
3039,279.3223516355685,0.003514568630313274,3.0
3040,279.31220611889563,0.003514568630313274,3.0
3041,279.31004033665454,0.003514568630313274,3.0
3042,279.30845549181396,0.003514568630313274,3.0
3043,279.3267633581852,0.003514568630313274,3.0
3044,279.3763232749632,0.003514568630313274,3.0
3045,279.41224022566377,0.003514568630313274,3.0
3046,279.44590400462835,0.003514568630313274,3.0
3047,279.49201015503934,0.003514568630313274,3.0
3048,279.5338044340223,0.003514568630313274,3.0
3049,279.5776488232091,0.003514568630313274,3.0
3050,279.6079644816044,0.003514568630313274,3.0
3051,279.65441506864255,0.003514568630313274,3.0
3052,279.65055583978216,0.003514568630313274,3.0
3053,279.64233565984983,0.003514568630313274,3.0
3054,279.62908371851677,0.003514568630313274,3.0
3055,279.64404309858645,0.003514568630313274,3.0
3056,279.7021601225733,0.003514568630313274,3.0
3057,279.74893553779617,0.003514568630313274,3.0
3058,279.7464972850046,0.003514568630313274,3.0
3059,279.7281795025095,0.003514568630313274,3.0
3060,279.70048772988076,0.003514568630313274,3.0
3061,279.68306237937287,0.003514568630313274,3.0
3062,279.8081228577704,0.003514568630313274,3.0
3063,279.7910660056109,0.003514568630313274,3.0
3064,279.7824898015956,0.003514568630313274,3.0
3065,279.77134979577414,0.003514568630313274,3.0
3066,279.7614572116304,0.003514568630313274,3.0
3067,279.7592662843293,0.003514568630313274,3.0
3068,279.7641637283739,0.003514568630313274,3.0
3069,279.82138845621745,0.003514568630313274,3.0
3070,279.84977849705376,0.003514568630313274,3.0
3071,279.8757453340515,0.003514568630313274,3.0
3072,279.9012322222492,0.003514568630313274,3.0
3073,279.9209679228976,0.003514568630313274,3.0
3074,279.9387763163373,0.003514568630313274,3.0
3075,279.96321543790754,0.003514568630313274,3.0
3076,279.9903543861612,0.003514568630313274,3.0
3077,280.0279647800841,0.003514568630313274,3.0
3078,280.07058769647483,0.003514568630313274,3.0
3079,280.1175805243282,0.003514568630313274,3.0
3080,280.1359617560442,0.003514568630313274,3.0
3081,280.136622685291,0.003514568630313274,3.0
3082,280.1322982678349,0.003514568630313274,3.0
3083,280.1177613940655,0.003514568630313274,3.0
3084,280.10140476840655,0.003514568630313274,3.0
3085,280.0724779673637,0.003514568630313274,3.0
3086,280.05732175164263,0.003514568630313274,3.0
3087,280.0440354008403,0.003514568630313274,3.0
3088,280.04007656156836,0.003514568630313274,3.0
3089,280.0301706356265,0.003514568630313274,3.0
3090,280.0214489760332,0.003514568630313274,3.0
3091,280.0233384623345,0.003514568630313274,3.0
3092,280.0554879888285,0.003514568630313274,3.0
3093,280.0886944975288,0.003514568630313274,3.0
3094,280.13199232104984,0.003514568630313274,3.0
3095,280.17988444511576,0.003514568630313274,3.0
3096,280.2375189245835,0.003514568630313274,3.0
3097,280.26433103155915,0.003514568630313274,3.0
3098,280.285631146669,0.003514568630313274,3.0
3099,280.31265673789636,0.003514568630313274,3.0
3100,280.3398818044681,0.003514568630313274,3.0
3101,280.3710839901177,0.003514568630313274,3.0
3102,280.4032038640168,0.003514568630313274,3.0
3103,280.4184691130935,0.003514568630313274,3.0
3104,280.4375339063354,0.003514568630313274,3.0
3105,280.4428888340442,0.003514568630313274,3.0
3106,280.4318225302328,0.003514568630313274,3.0
3107,280.4174708201604,0.003514568630313274,3.0
3108,280.4150102216244,0.003514568630313274,3.0
3109,280.4049112249703,0.003514568630313274,3.0
3110,280.392777219568,0.003514568630313274,3.0
3111,280.38117638015865,0.003514568630313274,3.0
3112,280.37197372888943,0.003514568630313274,3.0
3113,280.3639685526002,0.003514568630313274,3.0
3114,280.35728218867536,0.003514568630313274,3.0
3115,280.3584595028114,0.003514568630313274,3.0
3116,280.3781085446259,0.003514568630313274,3.0
3117,280.4060017258854,0.003514568630313274,3.0
3118,280.4499584425161,0.003514568630313274,3.0
3119,280.50238266373117,0.003514568630313274,3.0
3120,280.55872353758025,0.003514568630313274,3.0
3121,280.58983879691203,0.003514568630313274,3.0
3122,280.61760897198826,0.003514568630313274,3.0
3123,280.64322573596945,0.003514568630313274,3.0
3124,280.6698027314114,0.003514568630313274,3.0
3125,280.70226188117186,0.003514568630313274,3.0
3126,280.7385627137194,0.003514568630313274,3.0
3127,280.7494447961776,0.003514568630313274,3.0
3128,280.7590723990523,0.003514568630313274,3.0
3129,280.7551402833026,0.003514568630313274,3.0
3130,280.9581482689384,0.003514568630313274,3.0
3131,281.3831386332889,0.003514568630313274,3.0
3132,281.6972179575867,0.003514568630313274,3.0
3133,281.74064413890403,0.003514568630313274,3.0
3134,281.73807341022945,0.003514568630313274,3.0
3135,281.73358123450765,0.003514568630313274,3.0
3136,281.73759874165523,0.003514568630313274,3.0
3137,281.7367744112154,0.003514568630313274,3.0
3138,281.77418073206496,0.003514568630313274,3.0
3139,281.8301223509486,0.003514568630313274,3.0
3140,281.8638622196031,0.003514568630313274,3.0
3141,281.8985652704993,0.003514568630313274,3.0
3142,281.9640888397088,0.003514568630313274,3.0
3143,282.0390246437908,0.003514568630313274,3.0
3144,282.09869244843253,0.003514568630313274,3.0
3145,282.13978448787105,0.003514568630313274,3.0
3146,282.1701731986952,0.003514568630313274,3.0
3147,282.19974634122303,0.003514568630313274,3.0
3148,282.2315364109018,0.003514568630313274,3.0
3149,282.2609767497855,0.003514568630313274,3.0
3150,282.30492884379424,0.003514568630313274,3.0
3151,282.3028593022333,0.003514568630313274,3.0
3152,282.300825058386,0.003514568630313274,3.0
3153,282.28508481296075,0.003514568630313274,3.0
3154,282.2643631960406,0.003514568630313274,3.0
3155,282.2462598365909,0.003514568630313274,3.0
3156,282.23359203558147,0.003514568630313274,3.0
3157,282.22878183344335,0.003514568630313274,3.0
3158,282.2145063470129,0.003514568630313274,3.0
3159,282.19715081279674,0.003514568630313274,3.0
3160,282.17881628319327,0.003514568630313274,3.0
3161,282.16660182095296,0.003514568630313274,3.0
3162,282.157101632257,0.003514568630313274,3.0
3163,282.156633272996,0.003514568630313274,3.0
3164,282.1651998027264,0.003514568630313274,3.0
3165,282.19040195835424,0.003514568630313274,3.0
3166,282.2257579252464,0.003514568630313274,3.0
3167,282.32478629989953,0.003514568630313274,3.0
3168,282.3822528571773,0.003514568630313274,3.0
3169,282.42740047954567,0.003514568630313274,3.0
3170,282.45925594305425,0.003514568630313274,3.0
3171,282.48870602237065,0.003514568630313274,3.0
3172,282.52377099774714,0.003514568630313274,3.0
3173,282.5607866108804,0.003514568630313274,3.0
3174,282.6106624155594,0.003514568630313274,3.0
3175,282.6521829969346,0.003514568630313274,3.0
3176,282.66155044063606,0.003514568630313274,3.0
3177,282.6571343489127,0.003514568630313274,3.0
3178,282.8719851657657,0.003514568630313274,3.0
3179,283.19940311168614,0.003514568630313274,3.0
3180,283.57433319182064,0.003514568630313274,3.0
3181,284.0111736875096,0.003514568630313274,3.0
3182,284.32212642666275,0.003514568630313274,3.0
3183,284.3529879999235,0.003514568630313274,3.0
3184,284.3493531946242,0.003514568630313274,3.0
3185,284.3432198450648,0.003514568630313274,3.0
3186,284.3583414181157,0.003514568630313274,3.0
3187,284.3746209586537,0.003514568630313274,3.0
3188,284.37957648441653,0.003514568630313274,3.0
3189,284.3922007839415,0.003514568630313274,3.0
3190,284.40866447012365,0.003514568630313274,3.0
3191,284.4532783104057,0.003514568630313274,3.0
3192,284.49153939624586,0.003514568630313274,3.0
3193,284.5231198984891,0.003514568630313274,3.0
3194,284.54520671594554,0.003514568630313274,3.0
3195,284.5697297873027,0.003514568630313274,3.0
3196,284.5984366721545,0.003514568630313274,3.0
3197,284.6293358275758,0.003514568630313274,3.0
3198,284.68574856613674,0.003514568630313274,3.0
3199,284.7058330052775,0.003514568630313274,3.0
3200,284.7003919063961,0.003514568630313274,3.0
3201,284.68232233136797,0.003514568630313274,3.0
3202,284.65372132720466,0.003514568630313274,3.0
3203,284.6164542912321,0.003514568630313274,3.0
3204,284.5804096527079,0.003514568630313274,3.0
3205,284.5735290824777,0.003514568630313274,3.0
3206,284.5640451779792,0.003514568630313274,3.0
3207,284.54736050573626,0.003514568630313274,3.0
3208,284.53799579498946,0.003514568630313274,3.0
3209,284.5278906892451,0.003514568630313274,3.0
3210,284.5247416857496,0.003514568630313274,3.0
3211,284.54477470089233,0.003514568630313274,3.0
3212,284.5672014154079,0.003514568630313274,3.0
3213,284.594552732935,0.003514568630313274,3.0
3214,284.6509425424075,0.003514568630313274,3.0
3215,284.71510180354585,0.003514568630313274,3.0
3216,284.76433071969313,0.003514568630313274,3.0
3217,284.81161410804174,0.003514568630313274,3.0
3218,284.8486146487984,0.003514568630313274,3.0
3219,284.8760184442028,0.003514568630313274,3.0
3220,284.90753025606097,0.003514568630313274,3.0
3221,284.9490464081896,0.003514568630313274,3.0
3222,285.00216586658934,0.003514568630313274,3.0
3223,285.0479869207706,0.003514568630313274,3.0
3224,285.1044351399734,0.003514568630313274,3.0
3225,285.13560527162514,0.003514568630313274,3.0
3226,285.1349931170921,0.003514568630313274,3.0
3227,285.1588639055338,0.003514568630313274,3.0
3228,285.1508251505619,0.003514568630313274,3.0
3229,285.13837768762136,0.003514568630313274,3.0
3230,285.119026391048,0.003514568630313274,3.0
3231,285.09600563563936,0.003514568630313274,3.0
3232,285.0791762680938,0.003514568630313274,3.0
3233,285.0683471650107,0.003514568630313274,3.0
3234,285.06273015396334,0.003514568630313274,3.0
3235,285.0740850994979,0.003514568630313274,3.0
3236,285.0829336190848,0.003514568630313274,3.0
3237,285.1105009908132,0.003514568630313274,3.0
3238,285.17249111657696,0.003514568630313274,3.0
3239,285.2196887466288,0.003514568630313274,3.0
3240,285.2651525825589,0.003514568630313274,3.0
3241,285.3098847077933,0.003514568630313274,3.0
3242,285.3493400868559,0.003514568630313274,3.0
3243,285.3780193518069,0.003514568630313274,3.0
3244,285.4108871616316,0.003514568630313274,3.0
3245,285.43862334393964,0.003514568630313274,3.0
3246,285.46718222044404,0.003514568630313274,3.0
3247,285.47705355675174,0.003514568630313274,3.0
3248,285.4770279762038,0.003514568630313274,3.0
3249,285.4747266453182,0.003514568630313274,3.0
3250,285.4596317284941,0.003514568630313274,3.0
3251,285.4406221145912,0.003514568630313274,3.0
3252,285.42032833367904,0.003514568630313274,3.0
3253,285.39597416164685,0.003514568630313274,3.0
3254,285.3733164559843,0.003514568630313274,3.0
3255,285.3518852893403,0.003514568630313274,3.0
3256,285.3261729409738,0.003514568630313274,3.0
3257,285.313304286119,0.003514568630313274,3.0
3258,285.3034467985957,0.003514568630313274,3.0
3259,285.3008776568113,0.003514568630313274,3.0
3260,285.30439278198975,0.003514568630313274,3.0
3261,285.31708575347153,0.003514568630313274,3.0
3262,285.3437974200444,0.003514568630313274,3.0
3263,285.3905513989219,0.003514568630313274,3.0
3264,285.4328363253963,0.003514568630313274,3.0
3265,285.45753950081195,0.003514568630313274,3.0
3266,285.48283386719027,0.003514568630313274,3.0
3267,285.5049324186779,0.003514568630313274,3.0
3268,285.5301184017118,0.003514568630313274,3.0
3269,285.5648750510457,0.003514568630313274,3.0
3270,285.60799767406104,0.003514568630313274,3.0
3271,285.6605238128387,0.003514568630313274,3.0
3272,285.7002812132471,0.003514568630313274,3.0
3273,285.7122540882903,0.003514568630313274,3.0
3274,285.69966892122164,0.003514568630313274,3.0
3275,285.6861131362711,0.003514568630313274,3.0
3276,285.65676428454924,0.003514568630313274,3.0
3277,285.62088204681453,0.003514568630313274,3.0
3278,285.58169613454425,0.003514568630313274,3.0
3279,285.5462884219464,0.003514568630313274,3.0
3280,285.52114993015493,0.003514568630313274,3.0
3281,285.5017637848522,0.003514568630313274,3.0
3282,285.4887752851315,0.003514568630313274,3.0
3283,285.4855179531788,0.003514568630313274,3.0
3284,285.4971599805081,0.003514568630313274,3.0
3285,285.5230453473796,0.003514568630313274,3.0
3286,285.5534367908234,0.003514568630313274,3.0
3287,285.60119450391903,0.003514568630313274,3.0
3288,285.6329079410486,0.003514568630313274,3.0
3289,285.6535792617479,0.003514568630313274,3.0
3290,285.672059626607,0.003514568630313274,3.0
3291,285.69160231768075,0.003514568630313274,3.0
3292,285.71894987129457,0.003514568630313274,3.0
3293,285.75564157968176,0.003514568630313274,3.0
3294,285.797514194902,0.003514568630313274,3.0
3295,285.8383662548193,0.003514568630313274,3.0
3296,285.8987159926794,0.003514568630313274,3.0
3297,285.9323589201871,0.003514568630313274,3.0
3298,285.9249068500826,0.003514568630313274,3.0
3299,285.9131078492085,0.003514568630313274,3.0
3300,285.89277364733863,0.003514568630313274,3.0
3301,285.86557859164276,0.003514568630313274,3.0
3302,285.8288126483965,0.003514568630313274,3.0
3303,285.79602984976896,0.003514568630313274,3.0
3304,285.7893825866309,0.003514568630313274,3.0
3305,285.7788597780089,0.003514568630313274,3.0
3306,285.7722063056007,0.003514568630313274,3.0
3307,285.77893951092796,0.003514568630313274,3.0
3308,285.8193253307484,0.003514568630313274,3.0
3309,285.85591614567664,0.003514568630313274,3.0
3310,285.90068249542486,0.003514568630313274,3.0
3311,285.9638670722591,0.003514568630313274,3.0
3312,286.0157527681357,0.003514568630313274,3.0
3313,286.0511865959593,0.003514568630313274,3.0
3314,286.07818592349906,0.003514568630313274,3.0
3315,286.1057048014256,0.003514568630313274,3.0
3316,286.1380802009164,0.003514568630313274,3.0
3317,286.17016851393737,0.003514568630313274,3.0
3318,286.2088930248209,0.003514568630313274,3.0
3319,286.2488495574186,0.003514568630313274,3.0
3320,286.3163632426577,0.003514568630313274,3.0
3321,286.37837494864715,0.003514568630313274,3.0
3322,286.37564186713496,0.003514568630313274,3.0
3323,286.3582642234504,0.003514568630313274,3.0
3324,286.32877400208724,0.003514568630313274,3.0
3325,286.2926725018726,0.003514568630313274,3.0
3326,286.25581474281654,0.003514568630313274,3.0
3327,286.218976372372,0.003514568630313274,3.0
3328,286.1921083627595,0.003514568630313274,3.0
3329,286.17367155847506,0.003514568630313274,3.0
3330,286.16013745978944,0.003514568630313274,3.0
3331,286.15526826251096,0.003514568630313274,3.0
3332,286.157795597814,0.003514568630313274,3.0
3333,286.1820481423741,0.003514568630313274,3.0
3334,286.2134331332414,0.003514568630313274,3.0
3335,286.30829168038116,0.003514568630313274,3.0
3336,286.3792798674555,0.003514568630313274,3.0
3337,286.43300841867796,0.003514568630313274,3.0
3338,286.46949375217537,0.003514568630313274,3.0
3339,286.49731734564216,0.003514568630313274,3.0
3340,286.5268884591533,0.003514568630313274,3.0
3341,286.55998421541904,0.003514568630313274,3.0
3342,286.60536742233154,0.003514568630313274,3.0
3343,286.64929814242197,0.003514568630313274,3.0
3344,286.67625196269876,0.003514568630313274,3.0
3345,286.6835046206674,0.003514568630313274,3.0
3346,286.67218058484457,0.003514568630313274,3.0
3347,286.64857686431503,0.003514568630313274,3.0
3348,286.61537952177326,0.003514568630313274,3.0
3349,286.58038563654975,0.003514568630313274,3.0
3350,286.5380250492097,0.003514568630313274,3.0
3351,286.49637231206697,0.003514568630313274,3.0
3352,286.46435928549425,0.003514568630313274,3.0
3353,286.43957075293724,0.003514568630313274,3.0
3354,286.42950233202436,0.003514568630313274,3.0
3355,286.424857209102,0.003514568630313274,3.0
3356,286.4211921650618,0.003514568630313274,3.0
3357,286.4206458227121,0.003514568630313274,3.0
3358,286.42735613860907,0.003514568630313274,3.0
3359,286.46369223866145,0.003514568630313274,3.0
3360,286.5066670939375,0.003514568630313274,3.0
3361,286.5474727359842,0.003514568630313274,3.0
3362,286.57318033442385,0.003514568630313274,3.0
3363,286.59653765417136,0.003514568630313274,3.0
3364,286.62667735629407,0.003514568630313274,3.0
3365,286.66481616255726,0.003514568630313274,3.0
3366,286.7179006189649,0.003514568630313274,3.0
3367,286.7652748137145,0.003514568630313274,3.0
3368,286.7919271306121,0.003514568630313274,3.0
3369,286.79907464939987,0.003514568630313274,3.0
3370,287.154262056503,0.003514568630313274,3.0
3371,287.2194770796746,0.003514568630313274,3.0
3372,287.1967474713478,0.003514568630313274,3.0
3373,287.16974608314234,0.003514568630313274,3.0
3374,287.15444755135866,0.003514568630313274,3.0
3375,287.1423819098065,0.003514568630313274,3.0
3376,287.1270996081667,0.003514568630313274,3.0
3377,287.1149195759048,0.003514568630313274,3.0
3378,287.10802647121017,0.003514568630313274,3.0
3379,287.1072088674032,0.003514568630313274,3.0
3380,287.1193146528324,0.003514568630313274,3.0
3381,287.13389977569983,0.003514568630313274,3.0
3382,287.1612710179393,0.003514568630313274,3.0
3383,287.2034959663638,0.003514568630313274,3.0
3384,287.2450100554157,0.003514568630313274,3.0
3385,287.28685534518974,0.003514568630313274,3.0
3386,287.31629229888995,0.003514568630313274,3.0
3387,287.345010644995,0.003514568630313274,3.0
3388,287.37403753360337,0.003514568630313274,3.0
3389,287.4038765403303,0.003514568630313274,3.0
3390,287.4803886357668,0.003514568630313274,3.0
3391,287.5011305999152,0.003514568630313274,3.0
3392,288.11898472629633,0.003514568630313274,3.0
3393,288.784197247645,0.003514568630313274,3.0
3394,289.02307826950016,0.003514568630313274,3.0
3395,289.02560808862773,0.003514568630313274,3.0
3396,289.00344095815495,0.003514568630313274,3.0
3397,288.97535872805696,0.003514568630313274,3.0
3398,288.9365077954392,0.003514568630313274,3.0
3399,288.90082902334063,0.003514568630313274,3.0
3400,288.8731981220541,0.003514568630313274,3.0
3401,288.8535372964085,0.003514568630313274,3.0
3402,288.83888545042043,0.003514568630313274,3.0
3403,288.83443954082674,0.003514568630313274,3.0
3404,288.83224225205436,0.003514568630313274,3.0
3405,288.8327902777234,0.003514568630313274,3.0
3406,288.8420284634582,0.003514568630313274,3.0
3407,288.86964626131015,0.003514568630313274,3.0
3408,288.89690704259556,0.003514568630313274,3.0
3409,288.92694296861384,0.003514568630313274,3.0
3410,288.9487735468824,0.003514568630313274,3.0
3411,288.96846391743213,0.003514568630313274,3.0
3412,289.023243145329,0.003514568630313274,3.0
3413,289.0209896449185,0.003514568630313274,3.0
3414,289.0152778009388,0.003514568630313274,3.0
3415,289.00073979276766,0.003514568630313274,3.0
3416,288.99814909469484,0.003514568630313274,3.0
3417,289.11301042375703,0.003514568630313274,3.0
3418,289.12282776224816,0.003514568630313274,3.0
3419,289.1127268818436,0.003514568630313274,3.0
3420,289.0904957691145,0.003514568630313274,3.0
3421,289.05706365182533,0.003514568630313274,3.0
3422,289.02673710784603,0.003514568630313274,3.0
3423,288.9916599692322,0.003514568630313274,3.0
3424,288.9625297691081,0.003514568630313274,3.0
3425,288.93974019904743,0.003514568630313274,3.0
3426,288.92342563405305,0.003514568630313274,3.0
3427,288.91654906368586,0.003514568630313274,3.0
3428,288.91557693029637,0.003514568630313274,3.0
3429,288.9148208809406,0.003514568630313274,3.0
3430,288.9217722073624,0.003514568630313274,3.0
3431,288.94291275727915,0.003514568630313274,3.0
3432,288.97508832024533,0.003514568630313274,3.0
3433,289.0040264687709,0.003514568630313274,3.0
3434,289.02563516126423,0.003514568630313274,3.0
3435,289.0504494231505,0.003514568630313274,3.0
3436,289.0713126495413,0.003514568630313274,3.0
3437,289.1030466024691,0.003514568630313274,3.0
3438,289.14507086198,0.003514568630313274,3.0
3439,289.1925203468661,0.003514568630313274,3.0
3440,289.2174106724308,0.003514568630313274,3.0
3441,289.2214182193321,0.003514568630313274,3.0
3442,289.206371391196,0.003514568630313274,3.0
3443,289.17987135602255,0.003514568630313274,3.0
3444,289.14567622058036,0.003514568630313274,3.0
3445,289.10269630984897,0.003514568630313274,3.0
3446,289.0575371064775,0.003514568630313274,3.0
3447,289.01534021599747,0.003514568630313274,3.0
3448,288.9807319985843,0.003514568630313274,3.0
3449,288.95301595680814,0.003514568630313274,3.0
3450,288.9335409165377,0.003514568630313274,3.0
3451,288.92470377833854,0.003514568630313274,3.0
3452,288.92095771883555,0.003514568630313274,3.0
3453,288.91983808184995,0.003514568630313274,3.0
3454,288.9259790589766,0.003514568630313274,3.0
3455,288.95105849316485,0.003514568630313274,3.0
3456,288.9834233305222,0.003514568630313274,3.0
3457,289.0102469795667,0.003514568630313274,3.0
3458,289.032191933619,0.003514568630313274,3.0
3459,289.05382459272096,0.003514568630313274,3.0
3460,289.08204089080573,0.003514568630313274,3.0
3461,289.1210435844943,0.003514568630313274,3.0
3462,289.17213148858883,0.003514568630313274,3.0
3463,289.23530217956244,0.003514568630313274,3.0
3464,289.266462373431,0.003514568630313274,3.0
3465,289.2661799782559,0.003514568630313274,3.0
3466,289.2517422730822,0.003514568630313274,3.0
3467,289.2251727992355,0.003514568630313274,3.0
3468,289.1893738112129,0.003514568630313274,3.0
3469,289.1475771192723,0.003514568630313274,3.0
3470,289.10272069403794,0.003514568630313274,3.0
3471,289.0593037089737,0.003514568630313274,3.0
3472,289.02345811211654,0.003514568630313274,3.0
3473,288.99731684745825,0.003514568630313274,3.0
3474,288.97736015306606,0.003514568630313274,3.0
3475,288.9676586046443,0.003514568630313274,3.0
3476,288.96202404350333,0.003514568630313274,3.0
3477,288.96104027422405,0.003514568630313274,3.0
3478,288.9642656814066,0.003514568630313274,3.0
3479,288.97691177451554,0.003514568630313274,3.0
3480,288.99907413758945,0.003514568630313274,3.0
3481,289.02262747518256,0.003514568630313274,3.0
3482,289.03984503635604,0.003514568630313274,3.0
3483,289.05821824809885,0.003514568630313274,3.0
3484,289.0860047967573,0.003514568630313274,3.0
3485,289.12276842384824,0.003514568630313274,3.0
3486,289.17268228000194,0.003514568630313274,3.0
3487,289.23649554466,0.003514568630313274,3.0
3488,289.26914979852097,0.003514568630313274,3.0
3489,289.2683648063564,0.003514568630313274,3.0
3490,289.5691204670531,0.003514568630313274,3.0
3491,290.2477220819094,0.003514568630313274,3.0
3492,290.42485743971616,0.003514568630313274,3.0
3493,290.408239615662,0.003514568630313274,3.0
3494,290.3819743537373,0.003514568630313274,3.0
3495,290.3478212656956,0.003514568630313274,3.0
3496,290.32169907382286,0.003514568630313274,3.0
3497,290.30414745476423,0.003514568630313274,3.0
3498,290.28785498777137,0.003514568630313274,3.0
3499,290.2825908973245,0.003514568630313274,3.0
3500,290.2822757496435,0.003514568630313274,3.0
3501,290.29151517967813,0.003514568630313274,3.0
3502,290.33387012920576,0.003514568630313274,3.0
3503,290.3819804870165,0.003514568630313274,3.0
3504,290.41982722859774,0.003514568630313274,3.0
3505,290.44953603803935,0.003514568630313274,3.0
3506,290.47182990323756,0.003514568630313274,3.0
3507,290.49362152880934,0.003514568630313274,3.0
3508,290.5219390511248,0.003514568630313274,3.0
3509,290.5488038691236,0.003514568630313274,3.0
3510,290.59778012493,0.003514568630313274,3.0
3511,290.60727021994336,0.003514568630313274,3.0
3512,290.59626062587864,0.003514568630313274,3.0
3513,290.581952096554,0.003514568630313274,3.0
3514,290.5530212908874,0.003514568630313274,3.0
3515,290.5422482442494,0.003514568630313274,3.0
3516,290.52209441041464,0.003514568630313274,3.0
3517,290.5010462409693,0.003514568630313274,3.0
3518,290.4719831333453,0.003514568630313274,3.0
3519,290.43550833825566,0.003514568630313274,3.0
3520,290.40683270255016,0.003514568630313274,3.0
3521,290.3838299969262,0.003514568630313274,3.0
3522,290.3660530290947,0.003514568630313274,3.0
3523,290.3583287276666,0.003514568630313274,3.0
3524,290.3538489306939,0.003514568630313274,3.0
3525,290.3528424493723,0.003514568630313274,3.0
3526,290.35876748983304,0.003514568630313274,3.0
3527,290.38556952715203,0.003514568630313274,3.0
3528,290.41988719731637,0.003514568630313274,3.0
3529,290.4459974466192,0.003514568630313274,3.0
3530,290.46945123558066,0.003514568630313274,3.0
3531,290.4920787233495,0.003514568630313274,3.0
3532,290.5188175699236,0.003514568630313274,3.0
3533,290.5570881363984,0.003514568630313274,3.0
3534,290.6040219681128,0.003514568630313274,3.0
3535,290.64519293900815,0.003514568630313274,3.0
3536,290.80329074491436,0.003514568630313274,3.0
3537,291.3245479005872,0.003514568630313274,3.0
3538,291.8525247195738,0.003514568630313274,3.0
3539,292.20060001831393,0.003514568630313274,3.0
3540,292.25067510652184,0.003514568630313274,3.0
3541,292.24066397151637,0.003514568630313274,3.0
3542,292.266319568526,0.003514568630313274,3.0
3543,292.25434731710993,0.003514568630313274,3.0
3544,292.23333839273863,0.003514568630313274,3.0
3545,292.2167810619438,0.003514568630313274,3.0
3546,292.20302588753316,0.003514568630313274,3.0
3547,292.19876786389153,0.003514568630313274,3.0
3548,292.19787960528583,0.003514568630313274,3.0
3549,292.19711848260886,0.003514568630313274,3.0
3550,292.20565273104154,0.003514568630313274,3.0
3551,292.2221901796296,0.003514568630313274,3.0
3552,292.24647338196775,0.003514568630313274,3.0
3553,292.27160547153096,0.003514568630313274,3.0
3554,292.2972222114249,0.003514568630313274,3.0
3555,292.31682721934095,0.003514568630313274,3.0
3556,292.3401965705306,0.003514568630313274,3.0
3557,292.3779975416626,0.003514568630313274,3.0
3558,292.3769915372675,0.003514568630313274,3.0
3559,292.3668868428965,0.003514568630313274,3.0
3560,292.35214553549656,0.003514568630313274,3.0
3561,292.6206301181488,0.003514568630313274,3.0
3562,293.1603734290791,0.003514568630313274,3.0
3563,293.25131318767734,0.003514568630313274,3.0
3564,293.2463662242353,0.003514568630313274,3.0
3565,293.2161230360714,0.003514568630313274,3.0
3566,293.1848865354933,0.003514568630313274,3.0
3567,293.1549331711367,0.003514568630313274,3.0
3568,293.13036547927265,0.003514568630313274,3.0
3569,293.10990984459113,0.003514568630313274,3.0
3570,293.0931384916168,0.003514568630313274,3.0
3571,293.08755010684246,0.003514568630313274,3.0
3572,293.0854939299709,0.003514568630313274,3.0
3573,293.0902698221766,0.003514568630313274,3.0
3574,293.10166560644024,0.003514568630313274,3.0
3575,293.1289017402729,0.003514568630313274,3.0
3576,293.15408764775697,0.003514568630313274,3.0
3577,293.18070450377354,0.003514568630313274,3.0
3578,293.205446533678,0.003514568630313274,3.0
3579,293.22918800347963,0.003514568630313274,3.0
3580,293.24801497921754,0.003514568630313274,3.0
3581,293.27782693322183,0.003514568630313274,3.0
3582,293.3058341605713,0.003514568630313274,3.0
3583,293.29731183748964,0.003514568630313274,3.0
3584,293.2906905882934,0.003514568630313274,3.0
3585,293.29014210357496,0.003514568630313274,3.0
3586,293.364936677581,0.003514568630313274,3.0
3587,293.3774721764686,0.003514568630313274,3.0
3588,293.3719726861058,0.003514568630313274,3.0
3589,293.361983610333,0.003514568630313274,3.0
3590,293.3489496278508,0.003514568630313274,3.0
3591,293.3305810539734,0.003514568630313274,3.0
3592,293.3160146168429,0.003514568630313274,3.0
3593,293.30111297938237,0.003514568630313274,3.0
3594,293.2883573912445,0.003514568630313274,3.0
3595,293.2839660153816,0.003514568630313274,3.0
3596,293.2870216650891,0.003514568630313274,3.0
3597,293.28978882383484,0.003514568630313274,3.0
3598,293.30085866255735,0.003514568630313274,3.0
3599,293.32522097957184,0.003514568630313274,3.0
3600,293.3515438573033,0.003514568630313274,3.0
3601,293.37877520357074,0.003514568630313274,3.0
3602,293.4012361878037,0.003514568630313274,3.0
3603,293.4201165909661,0.003514568630313274,3.0
3604,293.44235459574355,0.003514568630313274,3.0
3605,293.46373935757947,0.003514568630313274,3.0
3606,293.493827285047,0.003514568630313274,3.0
3607,293.5192135749502,0.003514568630313274,3.0
3608,293.5189948762384,0.003514568630313274,3.0
3609,293.8103575728166,0.003514568630313274,3.0
3610,294.3599890200578,0.003514568630313274,3.0
3611,295.18274329447837,0.003514568630313274,3.0
3612,295.7393530586466,0.003514568630313274,3.0
3613,295.95236926041645,0.003514568630313274,3.0
3614,296.0653988938423,0.003514568630313274,3.0
3615,296.1447522446355,0.003514568630313274,3.0
3616,296.37837813121826,0.003514568630313274,3.0
3617,296.44315479968685,0.003514568630313274,3.0
3618,296.48665053378,0.003514568630313274,3.0
3619,296.56227527501227,0.003514568630313274,3.0
3620,296.6305881628984,0.003514568630313274,3.0
3621,296.6861454163335,0.003514568630313274,3.0
3622,296.73894822606155,0.003514568630313274,3.0
3623,296.8152037710794,0.003514568630313274,3.0
3624,296.882901648953,0.003514568630313274,3.0
3625,296.9296411641478,0.003514568630313274,3.0
3626,296.96331630893684,0.003514568630313274,3.0
3627,296.9979080565353,0.003514568630313274,3.0
3628,297.0216989721364,0.003514568630313274,3.0
3629,297.0643506057495,0.003514568630313274,3.0
3630,297.0768549181941,0.003514568630313274,3.0
3631,297.0907742422481,0.003514568630313274,3.0
3632,297.0835201879293,0.003514568630313274,3.0
3633,297.07009061485337,0.003514568630313274,3.0
3634,297.06365472547463,0.003514568630313274,3.0
3635,297.14097237857766,0.003514568630313274,3.0
3636,297.22614860696814,0.003514568630313274,3.0
3637,297.2187521972742,0.003514568630313274,3.0
3638,297.2121163047521,0.003514568630313274,3.0
3639,297.19995050138897,0.003514568630313274,3.0
3640,297.1993354702668,0.003514568630313274,3.0
3641,297.19694695194346,0.003514568630313274,3.0
3642,297.1968364330622,0.003514568630313274,3.0
3643,297.22191402273603,0.003514568630313274,3.0
3644,297.2892009658611,0.003514568630313274,3.0
3645,297.32629866261425,0.003514568630313274,3.0
3646,297.3691020274573,0.003514568630313274,3.0
3647,297.4146416157527,0.003514568630313274,3.0
3648,297.46664403730256,0.003514568630313274,3.0
3649,297.50634569542524,0.003514568630313274,3.0
3650,297.53246556676896,0.003514568630313274,3.0
3651,297.5585914147753,0.003514568630313274,3.0
3652,297.58129432886926,0.003514568630313274,3.0
3653,297.5972892442001,0.003514568630313274,3.0
3654,297.6136055555494,0.003514568630313274,3.0
3655,297.646867865923,0.003514568630313274,3.0
3656,297.6456540964824,0.003514568630313274,3.0
3657,297.6384799817319,0.003514568630313274,3.0
3658,297.62130808989866,0.003514568630313274,3.0
3659,297.60040767604744,0.003514568630313274,3.0
3660,297.58630930592244,0.003514568630313274,3.0
3661,297.5637201549434,0.003514568630313274,3.0
3662,297.5384452039293,0.003514568630313274,3.0
3663,297.51000443620256,0.003514568630313274,3.0
3664,297.4917596248612,0.003514568630313274,3.0
3665,297.4744527450436,0.003514568630313274,3.0
3666,297.46220667737686,0.003514568630313274,3.0
3667,297.4581243917013,0.003514568630313274,3.0
3668,297.461395078509,0.003514568630313274,3.0
3669,297.4687797503866,0.003514568630313274,3.0
3670,297.48563391449454,0.003514568630313274,3.0
3671,297.5098553559339,0.003514568630313274,3.0
3672,297.5508593556465,0.003514568630313274,3.0
3673,297.5853647437042,0.003514568630313274,3.0
3674,297.60676685945083,0.003514568630313274,3.0
3675,297.63256171717427,0.003514568630313274,3.0
3676,297.6602252337248,0.003514568630313274,3.0
3677,297.69841844567344,0.003514568630313274,3.0
3678,297.7440315328464,0.003514568630313274,3.0
3679,297.79433220320664,0.003514568630313274,3.0
3680,297.8362482481543,0.003514568630313274,3.0
3681,297.88844686564715,0.003514568630313274,3.0
3682,297.9357866099318,0.003514568630313274,3.0
3683,297.9623818510551,0.003514568630313274,3.0
3684,297.97744510656486,0.003514568630313274,3.0
3685,297.99437659691614,0.003514568630313274,3.0
3686,297.99656747658184,0.003514568630313274,3.0
3687,298.276202811526,0.003514568630313274,3.0
3688,298.8161223613246,0.003514568630313274,3.0
3689,298.9451723880613,0.003514568630313274,3.0
3690,299.0091889645565,0.003514568630313274,3.0
3691,299.0541351717762,0.003514568630313274,3.0
3692,299.0840289198468,0.003514568630313274,3.0
3693,299.1053792344193,0.003514568630313274,3.0
3694,299.12597824210184,0.003514568630313274,3.0
3695,299.18212617357915,0.003514568630313274,3.0
3696,299.2251030332851,0.003514568630313274,3.0
3697,299.2622349823227,0.003514568630313274,3.0
3698,299.28976482070766,0.003514568630313274,3.0
3699,299.3201681718477,0.003514568630313274,3.0
3700,299.34198859995087,0.003514568630313274,3.0
3701,299.3597147216561,0.003514568630313274,3.0
3702,299.37179247371193,0.003514568630313274,3.0
3703,299.3690522317904,0.003514568630313274,3.0
3704,299.6038605167287,0.003514568630313274,3.0
3705,299.62230958571666,0.003514568630313274,3.0
3706,300.0174052642061,0.003514568630313274,3.0
3707,300.62399809992417,0.003514568630313274,3.0
3708,301.0778784277493,0.003514568630313274,3.0
3709,301.60079556046253,0.003514568630313274,3.0
3710,301.67134252274315,0.003514568630313274,3.0
3711,301.6809287580379,0.003514568630313274,3.0
3712,301.7961179078278,0.003514568630313274,3.0
3713,301.85996170130244,0.003514568630313274,3.0
3714,301.91896929244047,0.003514568630313274,3.0
3715,301.9659796603921,0.003514568630313274,3.0
3716,302.0091597455056,0.003514568630313274,3.0
3717,302.0400679732812,0.003514568630313274,3.0
3718,302.0700433288541,0.003514568630313274,3.0
3719,302.10936587272533,0.003514568630313274,3.0
3720,302.1513702826864,0.003514568630313274,3.0
3721,302.19360959756074,0.003514568630313274,3.0
3722,302.2264261987436,0.003514568630313274,3.0
3723,302.25214833964804,0.003514568630313274,3.0
3724,302.29947162154536,0.003514568630313274,3.0
3725,302.2959664630504,0.003514568630313274,3.0
3726,302.330887575262,0.003514568630313274,3.0
3727,302.3246080611708,0.003514568630313274,3.0
3728,302.3099732719651,0.003514568630313274,3.0
3729,302.29024747048237,0.003514568630313274,3.0
3730,302.2526185491661,0.003514568630313274,3.0
3731,302.226815873718,0.003514568630313274,3.0
3732,302.1972441751369,0.003514568630313274,3.0
3733,302.1865874935193,0.003514568630313274,3.0
3734,302.17104147133085,0.003514568630313274,3.0
3735,302.14572853198956,0.003514568630313274,3.0
3736,302.13304080656576,0.003514568630313274,3.0
3737,302.1188664764244,0.003514568630313274,3.0
3738,302.1099273706524,0.003514568630313274,3.0
3739,302.1094440112158,0.003514568630313274,3.0
3740,302.1168172959146,0.003514568630313274,3.0
3741,302.12421265672805,0.003514568630313274,3.0
3742,302.1378555642818,0.003514568630313274,3.0
3743,302.1752103569545,0.003514568630313274,3.0
3744,302.2086129626452,0.003514568630313274,3.0
3745,302.2402854312787,0.003514568630313274,3.0
3746,302.26155617861184,0.003514568630313274,3.0
3747,302.28556588528977,0.003514568630313274,3.0
3748,302.3145593483118,0.003514568630313274,3.0
3749,302.35259962879314,0.003514568630313274,3.0
3750,302.3976732409575,0.003514568630313274,3.0
3751,302.4321920273348,0.003514568630313274,3.0
3752,302.4761016336772,0.003514568630313274,3.0
3753,302.5069628821586,0.003514568630313274,3.0
3754,302.50331030386246,0.003514568630313274,3.0
3755,302.49401356820675,0.003514568630313274,3.0
3756,302.4842601701315,0.003514568630313274,3.0
3757,302.48378772618145,0.003514568630313274,3.0
3758,302.48004756899877,0.003514568630313274,3.0
3759,302.4716828417387,0.003514568630313274,3.0
3760,302.46544761681776,0.003514568630313274,3.0
3761,302.4589631624146,0.003514568630313274,3.0
3762,302.4533161007505,0.003514568630313274,3.0
3763,302.451802583052,0.003514568630313274,3.0
3764,302.4530144240015,0.003514568630313274,3.0
3765,302.4563949664167,0.003514568630313274,3.0
3766,302.4618580895537,0.003514568630313274,3.0
3767,302.4827265533783,0.003514568630313274,3.0
3768,302.51779187876275,0.003514568630313274,3.0
3769,302.5482677457234,0.003514568630313274,3.0
3770,302.5725630406713,0.003514568630313274,3.0
3771,302.5968654754056,0.003514568630313274,3.0
3772,302.62319374378205,0.003514568630313274,3.0
3773,302.64806144742863,0.003514568630313274,3.0
3774,302.6804506680677,0.003514568630313274,3.0
3775,302.70615059145274,0.003514568630313274,3.0
3776,302.7116766248346,0.003514568630313274,3.0
3777,302.7101785251523,0.003514568630313274,3.0
3778,303.25866397571843,0.003514568630313274,3.0
3779,303.6640961891803,0.003514568630313274,3.0
3780,303.73216328686436,0.003514568630313274,3.0
3781,303.7478990976254,0.003514568630313274,3.0
3782,303.7429324172908,0.003514568630313274,3.0
3783,303.73409221234084,0.003514568630313274,3.0
3784,303.72701384827,0.003514568630313274,3.0
3785,303.72211448139467,0.003514568630313274,3.0
3786,303.7176428081893,0.003514568630313274,3.0
3787,303.7231075347468,0.003514568630313274,3.0
3788,303.73791976823065,0.003514568630313274,3.0
3789,303.74656210268364,0.003514568630313274,3.0
3790,303.7589906886999,0.003514568630313274,3.0
3791,303.786675169851,0.003514568630313274,3.0
3792,303.8188199237846,0.003514568630313274,3.0
3793,303.8469789293693,0.003514568630313274,3.0
3794,303.86874982924166,0.003514568630313274,3.0
3795,303.88985272747607,0.003514568630313274,3.0
3796,303.90870220519696,0.003514568630313274,3.0
3797,303.92538084357346,0.003514568630313274,3.0
3798,303.98069876638505,0.003514568630313274,3.0
3799,303.97171928731746,0.003514568630313274,3.0
3800,304.106573218238,0.003514568630313274,3.0
3801,304.4814745714425,0.003514568630313274,3.0
3802,304.9724531242614,0.003514568630313274,3.0
3803,305.44506285507407,0.003514568630313274,3.0
3804,305.76299948285185,0.003514568630313274,3.0
3805,305.94747351526763,0.003514568630313274,3.0
3806,305.9405655470041,0.003514568630313274,3.0
3807,305.923216988001,0.003514568630313274,3.0
3808,305.90471111583787,0.003514568630313274,3.0
3809,305.8895017090683,0.003514568630313274,3.0
3810,305.87850619042973,0.003514568630313274,3.0
3811,305.8804251669419,0.003514568630313274,3.0
3812,305.8801174799207,0.003514568630313274,3.0
3813,305.8798274004157,0.003514568630313274,3.0
3814,305.88768620147283,0.003514568630313274,3.0
3815,305.9152966373687,0.003514568630313274,3.0
3816,305.953795445775,0.003514568630313274,3.0
3817,305.98855635705615,0.003514568630313274,3.0
3818,306.0149053080765,0.003514568630313274,3.0
3819,306.04194099719655,0.003514568630313274,3.0
3820,306.0720161736288,0.003514568630313274,3.0
3821,306.095607102394,0.003514568630313274,3.0
3822,306.0941953249351,0.003514568630313274,3.0
3823,306.0878605726053,0.003514568630313274,3.0
3824,306.0742514178878,0.003514568630313274,3.0
3825,306.06034768036943,0.003514568630313274,3.0
3826,306.21534046804874,0.003514568630313274,3.0
3827,306.70682558420646,0.003514568630313274,3.0
3828,307.41289490702223,0.003514568630313274,3.0
3829,308.0132837992262,0.003514568630313274,3.0
3830,308.14504450550817,0.003514568630313274,3.0
3831,308.13813149531927,0.003514568630313274,3.0
3832,308.12754838436337,0.003514568630313274,3.0
3833,308.1170435912716,0.003514568630313274,3.0
3834,308.10668174373717,0.003514568630313274,3.0
3835,308.1063940120604,0.003514568630313274,3.0
3836,308.11666981412407,0.003514568630313274,3.0
3837,308.1256277583278,0.003514568630313274,3.0
3838,308.19477671666385,0.003514568630313274,3.0
3839,308.22837043757033,0.003514568630313274,3.0
3840,308.2655444075283,0.003514568630313274,3.0
3841,308.3005931691113,0.003514568630313274,3.0
3842,308.3226682045337,0.003514568630313274,3.0
3843,308.34624081812075,0.003514568630313274,3.0
3844,308.37414725609534,0.003514568630313274,3.0
3845,308.408707245529,0.003514568630313274,3.0
3846,308.4531156397691,0.003514568630313274,3.0
3847,308.48732432178036,0.003514568630313274,3.0
3848,308.47873623750434,0.003514568630313274,3.0
3849,308.4627547069753,0.003514568630313274,3.0
3850,308.4262698773564,0.003514568630313274,3.0
3851,308.71505189143954,0.003514568630313274,3.0
3852,309.15503890471047,0.003514568630313274,3.0
3853,309.2240425869768,0.003514568630313274,3.0
3854,309.2113860292221,0.003514568630313274,3.0
3855,309.1883941645756,0.003514568630313274,3.0
3856,309.16895450136815,0.003514568630313274,3.0
3857,309.14985458505964,0.003514568630313274,3.0
3858,309.1346740808157,0.003514568630313274,3.0
3859,309.1271862908734,0.003514568630313274,3.0
3860,309.1236118395302,0.003514568630313274,3.0
3861,309.1210685661834,0.003514568630313274,3.0
3862,309.1326965688651,0.003514568630313274,3.0
3863,309.1462324529267,0.003514568630313274,3.0
3864,309.1699168037666,0.003514568630313274,3.0
3865,309.19545357725207,0.003514568630313274,3.0
3866,309.22155166665755,0.003514568630313274,3.0
3867,309.24718834038464,0.003514568630313274,3.0
3868,309.2747754859256,0.003514568630313274,3.0
3869,309.3153080623574,0.003514568630313274,3.0
3870,309.34751404011615,0.003514568630313274,3.0
3871,309.4095349725915,0.003514568630313274,3.0
3872,309.40852486336814,0.003514568630313274,3.0
3873,309.54642409480937,0.003514568630313274,3.0
3874,310.0228125334508,0.003514568630313274,3.0
3875,310.1774444862369,0.003514568630313274,3.0
3876,310.33343275277787,0.003514568630313274,3.0
3877,310.8992360927743,0.003514568630313274,3.0
3878,311.2836764902758,0.003514568630313274,3.0
3879,311.48849727499453,0.003514568630313274,3.0
3880,311.53668302342925,0.003514568630313274,3.0
3881,311.5447149207488,0.003514568630313274,3.0
3882,311.5742714345661,0.003514568630313274,3.0
3883,311.5984429486033,0.003514568630313274,3.0
3884,311.6305979355832,0.003514568630313274,3.0
3885,311.66356592324956,0.003514568630313274,3.0
3886,311.7002695628577,0.003514568630313274,3.0
3887,311.73722207911504,0.003514568630313274,3.0
3888,311.76550239324627,0.003514568630313274,3.0
3889,311.79768392455645,0.003514568630313274,3.0
3890,311.828017312074,0.003514568630313274,3.0
3891,311.85439706938246,0.003514568630313274,3.0
3892,311.87761006742534,0.003514568630313274,3.0
3893,311.89979639845,0.003514568630313274,3.0
3894,311.9312392032795,0.003514568630313274,3.0
3895,311.9261400769296,0.003514568630313274,3.0
3896,312.3136381560656,0.003514568630313274,3.0
3897,312.8766626611226,0.003514568630313274,3.0
3898,313.5090542150007,0.003514568630313274,3.0
3899,314.1367378933465,0.003514568630313274,3.0
3900,314.7468919823053,0.003514568630313274,3.0
3901,315.5100169965093,0.003514568630313274,3.0
3902,315.84351704837627,0.003514568630313274,3.0
3903,316.13750623889234,0.003514568630313274,3.0
3904,316.2219789620356,0.003514568630313274,3.0
3905,316.2549692229238,0.003514568630313274,3.0
3906,316.27623114851633,0.003514568630313274,3.0
3907,316.3021096841015,0.003514568630313274,3.0
3908,316.32447970712934,0.003514568630313274,3.0
3909,316.3476234780863,0.003514568630313274,3.0
3910,316.377854580864,0.003514568630313274,3.0
3911,316.41262036386087,0.003514568630313274,3.0
3912,316.4419200337957,0.003514568630313274,3.0
3913,316.4697745926199,0.003514568630313274,3.0
3914,316.4909363707321,0.003514568630313274,3.0
3915,316.50583437891396,0.003514568630313274,3.0
3916,316.53929216816937,0.003514568630313274,3.0
3917,316.5370785424889,0.003514568630313274,3.0
3918,316.5326933846627,0.003514568630313274,3.0
3919,316.5197577511039,0.003514568630313274,3.0
3920,316.504349680256,0.003514568630313274,3.0
3921,316.489887049183,0.003514568630313274,3.0
3922,316.4598489135474,0.003514568630313274,3.0
3923,316.4329045299506,0.003514568630313274,3.0
3924,316.40183871769784,0.003514568630313274,3.0
3925,316.3909099292484,0.003514568630313274,3.0
3926,316.3676593930681,0.003514568630313274,3.0
3927,316.3483986605808,0.003514568630313274,3.0
3928,316.3323322030694,0.003514568630313274,3.0
3929,316.3178921095076,0.003514568630313274,3.0
3930,316.3066664339621,0.003514568630313274,3.0
3931,316.30396535289674,0.003514568630313274,3.0
3932,316.3045849089796,0.003514568630313274,3.0
3933,316.3078859168313,0.003514568630313274,3.0
3934,316.3162568953951,0.003514568630313274,3.0
3935,316.335083425718,0.003514568630313274,3.0
3936,316.36700578140113,0.003514568630313274,3.0
3937,316.3861350889897,0.003514568630313274,3.0
3938,316.40529516331316,0.003514568630313274,3.0
3939,316.4288589793103,0.003514568630313274,3.0
3940,316.4581946636972,0.003514568630313274,3.0
3941,316.4947641042011,0.003514568630313274,3.0
3942,316.54169828079085,0.003514568630313274,3.0
3943,316.5861916609802,0.003514568630313274,3.0
3944,316.63639497534706,0.003514568630313274,3.0
3945,316.68744276358433,0.003514568630313274,3.0
3946,316.7088158361614,0.003514568630313274,3.0
3947,316.7082541415445,0.003514568630313274,3.0
3948,316.7036619842883,0.003514568630313274,3.0
3949,316.7004009800911,0.003514568630313274,3.0
3950,316.6936734975579,0.003514568630313274,3.0
3951,316.6846339976881,0.003514568630313274,3.0
3952,316.6741292852706,0.003514568630313274,3.0
3953,316.66449948062365,0.003514568630313274,3.0
3954,316.65608298954487,0.003514568630313274,3.0
3955,316.65577076886325,0.003514568630313274,3.0
3956,316.6651098116637,0.003514568630313274,3.0
3957,316.67127766621763,0.003514568630313274,3.0
3958,316.6922912709002,0.003514568630313274,3.0
3959,316.71810265808705,0.003514568630313274,3.0
3960,316.7444023958174,0.003514568630313274,3.0
3961,316.76032475541757,0.003514568630313274,3.0
3962,316.77758594847893,0.003514568630313274,3.0
3963,316.79692611243445,0.003514568630313274,3.0
3964,316.8169006523842,0.003514568630313274,3.0
3965,316.83994041598106,0.003514568630313274,3.0
3966,316.8624738566402,0.003514568630313274,3.0
3967,316.87342379295706,0.003514568630313274,3.0
3968,316.8725037595671,0.003514568630313274,3.0
3969,316.867324239395,0.003514568630313274,3.0
3970,316.8649271865496,0.003514568630313274,3.0
3971,316.8499025504508,0.003514568630313274,3.0
3972,316.83268400368667,0.003514568630313274,3.0
3973,316.8248852283894,0.003514568630313274,3.0
3974,316.8177406998708,0.003514568630313274,3.0
3975,316.81285015578396,0.003514568630313274,3.0
3976,316.81042180182,0.003514568630313274,3.0
3977,316.80753185075446,0.003514568630313274,3.0
3978,316.8039505532562,0.003514568630313274,3.0
3979,316.8065451471676,0.003514568630313274,3.0
3980,316.8199366782879,0.003514568630313274,3.0
3981,316.83044521214543,0.003514568630313274,3.0
3982,316.852262825034,0.003514568630313274,3.0
3983,316.88561498805865,0.003514568630313274,3.0
3984,316.9198436393754,0.003514568630313274,3.0
3985,316.944725156684,0.003514568630313274,3.0
3986,316.9686806775123,0.003514568630313274,3.0
3987,316.99736863474783,0.003514568630313274,3.0
3988,317.0234613589818,0.003514568630313274,3.0
3989,317.0540952223715,0.003514568630313274,3.0
3990,317.0939885111511,0.003514568630313274,3.0
3991,317.1134861016923,0.003514568630313274,3.0
3992,317.1243015794391,0.003514568630313274,3.0
3993,317.125020466928,0.003514568630313274,3.0
3994,317.1105180355637,0.003514568630313274,3.0
3995,317.08775217289843,0.003514568630313274,3.0
3996,317.06143787491067,0.003514568630313274,3.0
3997,317.0463931716457,0.003514568630313274,3.0
3998,317.20398792927386,0.003514568630313274,3.0
3999,317.6455939825507,0.003514568630313274,3.0
4000,317.95170817213375,0.003514568630313274,3.0
4001,318.057064661593,0.003514568630313274,3.0
4002,318.120247239775,0.003514568630313274,3.0
4003,318.1747562290217,0.003514568630313274,3.0
4004,318.2239240144618,0.003514568630313274,3.0
4005,318.2631583388582,0.003514568630313274,3.0
4006,318.30702329378255,0.003514568630313274,3.0
4007,318.3444252606551,0.003514568630313274,3.0
4008,318.39101205815325,0.003514568630313274,3.0
4009,318.4194729479649,0.003514568630313274,3.0
4010,318.4425923258586,0.003514568630313274,3.0
4011,318.4651259043395,0.003514568630313274,3.0
4012,318.4868716326771,0.003514568630313274,3.0
4013,318.5177600759237,0.003514568630313274,3.0
4014,318.5571743224131,0.003514568630313274,3.0
4015,318.60083091697015,0.003514568630313274,3.0
4016,318.606898524374,0.003514568630313274,3.0
4017,318.60418555558516,0.003514568630313274,3.0
4018,318.5826608855413,0.003514568630313274,3.0
4019,318.5488957436115,0.003514568630313274,3.0
4020,318.4993446698847,0.003514568630313274,3.0
4021,318.45293756159447,0.003514568630313274,3.0
4022,318.4145196315443,0.003514568630313274,3.0
4023,318.3876411266536,0.003514568630313274,3.0
4024,318.37523012241957,0.003514568630313274,3.0
4025,318.3636573337322,0.003514568630313274,3.0
4026,318.3575389505003,0.003514568630313274,3.0
4027,318.3681665459943,0.003514568630313274,3.0
4028,318.38556699170977,0.003514568630313274,3.0
4029,318.41182351398555,0.003514568630313274,3.0
4030,318.43675726714673,0.003514568630313274,3.0
4031,318.4793052512789,0.003514568630313274,3.0
4032,318.52367710151566,0.003514568630313274,3.0
4033,318.55557808875767,0.003514568630313274,3.0
4034,318.57861826006234,0.003514568630313274,3.0
4035,318.600354819911,0.003514568630313274,3.0
4036,318.625662164034,0.003514568630313274,3.0
4037,318.6607501346803,0.003514568630313274,3.0
4038,318.7085410819661,0.003514568630313274,3.0
4039,318.7717059584439,0.003514568630313274,3.0
4040,318.8039950351611,0.003514568630313274,3.0
4041,318.80654298763324,0.003514568630313274,3.0
4042,318.9469081593869,0.003514568630313274,3.0
4043,318.9344218054409,0.003514568630313274,3.0
4044,318.9080560344985,0.003514568630313274,3.0
4045,319.2500727595871,0.003514568630313274,3.0
4046,319.618840057883,0.003514568630313274,3.0
4047,319.8892796259188,0.003514568630313274,3.0
4048,320.4414794299434,0.003514568630313274,3.0
4049,320.9132765142458,0.003514568630313274,3.0
4050,321.04406448497645,0.003514568630313274,3.0
4051,321.1431096447543,0.003514568630313274,3.0
4052,321.2393908771861,0.003514568630313274,3.0
4053,321.3015860940206,0.003514568630313274,3.0
4054,321.3508411656203,0.003514568630313274,3.0
4055,321.4071922712561,0.003514568630313274,3.0
4056,321.4551924593169,0.003514568630313274,3.0
4057,321.49400116737854,0.003514568630313274,3.0
4058,321.5202353622775,0.003514568630313274,3.0
4059,321.5440518323549,0.003514568630313274,3.0
4060,321.5738867952512,0.003514568630313274,3.0
4061,321.60658414998267,0.003514568630313274,3.0
4062,321.66525542971135,0.003514568630313274,3.0
4063,321.69227508319864,0.003514568630313274,3.0
4064,321.703441294763,0.003514568630313274,3.0
4065,321.89451297146536,0.003514568630313274,3.0
4066,322.2885709248939,0.003514568630313274,3.0
4067,322.30872413727457,0.003514568630313274,3.0
4068,322.48163146252114,0.003514568630313274,3.0
4069,322.9153364589889,0.003514568630313274,3.0
4070,323.6017611079656,0.003514568630313274,3.0
4071,324.07470018830645,0.003514568630313274,3.0
4072,324.1968000275287,0.003514568630313274,3.0
4073,324.3344097471605,0.003514568630313274,3.0
4074,324.40447188117804,0.003514568630313274,3.0
4075,324.46876484964105,0.003514568630313274,3.0
4076,324.52648234970974,0.003514568630313274,3.0
4077,324.5772839118529,0.003514568630313274,3.0
4078,324.61429961519985,0.003514568630313274,3.0
4079,324.65741155297286,0.003514568630313274,3.0
4080,324.7025212503952,0.003514568630313274,3.0
4081,324.7359241721004,0.003514568630313274,3.0
4082,324.76283274487446,0.003514568630313274,3.0
4083,324.7816885435933,0.003514568630313274,3.0
4084,324.7980876868215,0.003514568630313274,3.0
4085,324.81700951351945,0.003514568630313274,3.0
4086,324.83023179886976,0.003514568630313274,3.0
4087,324.82228997871533,0.003514568630313274,3.0
4088,324.81737312668747,0.003514568630313274,3.0
4089,324.81481548548805,0.003514568630313274,3.0
4090,324.8241711302577,0.003514568630313274,3.0
4091,324.85806168803725,0.003514568630313274,3.0
4092,324.84654980112583,0.003514568630313274,3.0
4093,324.83999498203383,0.003514568630313274,3.0
4094,324.8768207082629,0.003514568630313274,3.0
4095,324.9671070160887,0.003514568630313274,3.0
4096,325.0208168186156,0.003514568630313274,3.0
4097,325.04956142391046,0.003514568630313274,3.0
4098,325.06390763331103,0.003514568630313274,3.0
4099,325.07859277287326,0.003514568630313274,3.0
4100,325.1074874078564,0.003514568630313274,3.0
4101,325.1441469258407,0.003514568630313274,3.0
4102,325.1820728723951,0.003514568630313274,3.0
4103,325.2319921812402,0.003514568630313274,3.0
4104,325.2956227134794,0.003514568630313274,3.0
4105,325.32926444589737,0.003514568630313274,3.0
4106,325.35349134180535,0.003514568630313274,3.0
4107,325.37452928740316,0.003514568630313274,3.0
4108,325.3973562595524,0.003514568630313274,3.0
4109,325.4156766165319,0.003514568630313274,3.0
4110,325.43229599038,0.003514568630313274,3.0
4111,325.4535329227994,0.003514568630313274,3.0
4112,325.47645083368883,0.003514568630313274,3.0
4113,325.48792440220774,0.003514568630313274,3.0
4114,325.4868611048138,0.003514568630313274,3.0
4115,325.48454448341323,0.003514568630313274,3.0
4116,325.4812448170536,0.003514568630313274,3.0
4117,325.48868940765533,0.003514568630313274,3.0
4118,325.5049403695683,0.003514568630313274,3.0
4119,325.52105175343627,0.003514568630313274,3.0
4120,325.5358298829524,0.003514568630313274,3.0
4121,325.55788023451646,0.003514568630313274,3.0
4122,325.5704947867293,0.003514568630313274,3.0
4123,325.59032663397136,0.003514568630313274,3.0
4124,325.61796393255395,0.003514568630313274,3.0
4125,325.6388170012346,0.003514568630313274,3.0
4126,325.6622235647089,0.003514568630313274,3.0
4127,325.69151593309573,0.003514568630313274,3.0
4128,325.7365249481913,0.003514568630313274,3.0
4129,325.7642630655358,0.003514568630313274,3.0
4130,325.7833359014303,0.003514568630313274,3.0
4131,325.79683391613776,0.003514568630313274,3.0
4132,325.8138128229212,0.003514568630313274,3.0
4133,325.82998998823564,0.003514568630313274,3.0
4134,325.84690661296435,0.003514568630313274,3.0
4135,325.8705029976026,0.003514568630313274,3.0
4136,325.87032974044405,0.003514568630313274,3.0
4137,326.42888826143536,0.003514568630313274,3.0
4138,327.16800815203493,0.003514568630313274,3.0
4139,327.9980696298515,0.003514568630313274,3.0
4140,328.20279816362404,0.003514568630313274,3.0
4141,328.22784340731795,0.003514568630313274,3.0
4142,328.2259875854947,0.003514568630313274,3.0
4143,328.2143586105209,0.003514568630313274,3.0
4144,328.20234332467936,0.003514568630313274,3.0
4145,328.1936650962545,0.003514568630313274,3.0
4146,328.18813174592657,0.003514568630313274,3.0
4147,328.196105379336,0.003514568630313274,3.0
4148,328.2192157786479,0.003514568630313274,3.0
4149,328.2438925590512,0.003514568630313274,3.0
4150,328.27099802895793,0.003514568630313274,3.0
4151,328.3029443761933,0.003514568630313274,3.0
4152,328.34563006726256,0.003514568630313274,3.0
4153,328.3728398995108,0.003514568630313274,3.0
4154,328.3922907779577,0.003514568630313274,3.0
4155,328.4119280730115,0.003514568630313274,3.0
4156,328.43050570362385,0.003514568630313274,3.0
4157,328.48395170045177,0.003514568630313274,3.0
4158,328.4815675194753,0.003514568630313274,3.0
4159,328.49580496243647,0.003514568630313274,3.0
4160,328.47662552109176,0.003514568630313274,3.0
4161,328.46004697666615,0.003514568630313274,3.0
4162,328.44588689918163,0.003514568630313274,3.0
4163,328.51867075049444,0.003514568630313274,3.0
4164,328.5764409954176,0.003514568630313274,3.0
4165,328.695076836813,0.003514568630313274,3.0
4166,329.3774956567945,0.003514568630313274,3.0
4167,329.60497827076165,0.003514568630313274,3.0
4168,329.63453162877863,0.003514568630313274,3.0
4169,329.6323491117653,0.003514568630313274,3.0
4170,329.64184037826027,0.003514568630313274,3.0
4171,329.6596411389683,0.003514568630313274,3.0
4172,329.68114954189633,0.003514568630313274,3.0
4173,329.69888545891655,0.003514568630313274,3.0
4174,329.7169248494721,0.003514568630313274,3.0
4175,329.74687809782455,0.003514568630313274,3.0
4176,329.7783699808268,0.003514568630313274,3.0
4177,329.81060166409054,0.003514568630313274,3.0
4178,329.8318993921251,0.003514568630313274,3.0
4179,329.8534702712709,0.003514568630313274,3.0
4180,329.8802006056657,0.003514568630313274,3.0
4181,329.9075187262386,0.003514568630313274,3.0
4182,329.9367478904453,0.003514568630313274,3.0
4183,329.9450752818918,0.003514568630313274,3.0
4184,329.9444611087595,0.003514568630313274,3.0
4185,329.9668501114135,0.003514568630313274,3.0
4186,329.9767912284745,0.003514568630313274,3.0
4187,329.9579227757958,0.003514568630313274,3.0
4188,329.934843921848,0.003514568630313274,3.0
4189,329.91031091653286,0.003514568630313274,3.0
4190,329.90978987370465,0.003514568630313274,3.0
4191,330.1405315426605,0.003514568630313274,3.0
4192,330.6816469666088,0.003514568630313274,3.0
4193,331.24830164932655,0.003514568630313274,3.0
4194,331.46670004629027,0.003514568630313274,3.0
4195,331.5794929396677,0.003514568630313274,3.0
4196,331.65120216992295,0.003514568630313274,3.0
4197,331.69553015768355,0.003514568630313274,3.0
4198,331.7271783925873,0.003514568630313274,3.0
4199,331.7707725022411,0.003514568630313274,3.0
4200,331.8139763952865,0.003514568630313274,3.0
4201,331.8431817283545,0.003514568630313274,3.0
4202,331.8705915480347,0.003514568630313274,3.0
4203,331.89475829017624,0.003514568630313274,3.0
4204,331.9209942126647,0.003514568630313274,3.0
4205,331.94663277386906,0.003514568630313274,3.0
4206,331.9708589270821,0.003514568630313274,3.0
4207,331.99651475062484,0.003514568630313274,3.0
4208,331.9955027081124,0.003514568630313274,3.0
4209,332.11326163744695,0.003514568630313274,3.0
4210,332.1327051637692,0.003514568630313274,3.0
4211,332.1362341130815,0.003514568630313274,3.0
4212,332.13100088937,0.003514568630313274,3.0
4213,332.1068616058689,0.003514568630313274,3.0
4214,332.0698528689924,0.003514568630313274,3.0
4215,332.0527599213876,0.003514568630313274,3.0
4216,332.03183919275716,0.003514568630313274,3.0
4217,332.0565114163804,0.003514568630313274,3.0
4218,332.0803076723487,0.003514568630313274,3.0
4219,332.1131677526028,0.003514568630313274,3.0
4220,332.13737338318447,0.003514568630313274,3.0
4221,332.15178485582936,0.003514568630313274,3.0
4222,332.1688031466609,0.003514568630313274,3.0
4223,332.1928390238562,0.003514568630313274,3.0
4224,332.22287072738146,0.003514568630313274,3.0
4225,332.2518785752013,0.003514568630313274,3.0
4226,332.2730744857735,0.003514568630313274,3.0
4227,332.2940521117247,0.003514568630313274,3.0
4228,332.3143391436676,0.003514568630313274,3.0
4229,332.3436820841167,0.003514568630313274,3.0
4230,332.34701717660295,0.003514568630313274,3.0
4231,332.3576418311962,0.003514568630313274,3.0
4232,332.3641011211433,0.003514568630313274,3.0
4233,332.39229214973784,0.003514568630313274,3.0
4234,332.3917419858914,0.003514568630313274,3.0
4235,332.39315819744263,0.003514568630313274,3.0
4236,332.5925566984324,0.003514568630313274,3.0
4237,332.94635878697227,0.003514568630313274,3.0
4238,333.40773760443295,0.003514568630313274,3.0
4239,333.50979503274874,0.003514568630313274,3.0
4240,333.51875084006775,0.003514568630313274,3.0
4241,333.5157919636805,0.003514568630313274,3.0
4242,333.51116912145636,0.003514568630313274,3.0
4243,333.517292890611,0.003514568630313274,3.0
4244,333.5213764605198,0.003514568630313274,3.0
4245,333.52573082624133,0.003514568630313274,3.0
4246,333.5432763474152,0.003514568630313274,3.0
4247,333.57069570261075,0.003514568630313274,3.0
4248,333.60314869564553,0.003514568630313274,3.0
4249,333.63177990427624,0.003514568630313274,3.0
4250,333.6581973052169,0.003514568630313274,3.0
4251,333.6782379512185,0.003514568630313274,3.0
4252,333.6989232485988,0.003514568630313274,3.0
4253,333.7205833331178,0.003514568630313274,3.0
4254,333.74463424920606,0.003514568630313274,3.0
4255,333.7503369849309,0.003514568630313274,3.0
4256,333.77006908494644,0.003514568630313274,3.0
4257,333.7749287321475,0.003514568630313274,3.0
4258,333.77473447298826,0.003514568630313274,3.0
4259,334.2061158539708,0.003514568630313274,3.0
4260,334.23427601379046,0.003514568630313274,3.0
4261,334.2767873999036,0.003514568630313274,3.0
4262,334.3886121052879,0.003514568630313274,3.0
4263,334.4343376979154,0.003514568630313274,3.0
4264,334.4302370416194,0.003514568630313274,3.0
4265,334.4261441489721,0.003514568630313274,3.0
4266,334.4215734409005,0.003514568630313274,3.0
4267,334.4216836105115,0.003514568630313274,3.0
4268,334.4289276982034,0.003514568630313274,3.0
4269,334.4336635466338,0.003514568630313274,3.0
4270,334.4515073308377,0.003514568630313274,3.0
4271,334.4792000237022,0.003514568630313274,3.0
4272,334.5045962295422,0.003514568630313274,3.0
4273,334.5334157274295,0.003514568630313274,3.0
4274,334.5553476595529,0.003514568630313274,3.0
4275,334.577451613873,0.003514568630313274,3.0
4276,334.6014674622133,0.003514568630313274,3.0
4277,334.6198626958233,0.003514568630313274,3.0
4278,334.6309726731035,0.003514568630313274,3.0
4279,334.6704237326741,0.003514568630313274,3.0
4280,334.655733823158,0.003514568630313274,3.0
4281,335.2739798726425,0.003514568630313274,3.0
4282,335.7213968799001,0.003514568630313274,3.0
4283,335.8478686673351,0.003514568630313274,3.0
4284,335.83975794228087,0.003514568630313274,3.0
4285,335.8197716163097,0.003514568630313274,3.0
4286,335.8001168917749,0.003514568630313274,3.0
4287,335.78018300224073,0.003514568630313274,3.0
4288,335.76619966780095,0.003514568630313274,3.0
4289,335.7536698238767,0.003514568630313274,3.0
4290,335.7431349389212,0.003514568630313274,3.0
4291,335.74009010953426,0.003514568630313274,3.0
4292,335.7387965155694,0.003514568630313274,3.0
4293,335.7379947485531,0.003514568630313274,3.0
4294,335.74001125275703,0.003514568630313274,3.0
4295,335.7640978885967,0.003514568630313274,3.0
4296,335.79222775696707,0.003514568630313274,3.0
4297,335.8203863821715,0.003514568630313274,3.0
4298,335.84055223514946,0.003514568630313274,3.0
4299,335.8620701129396,0.003514568630313274,3.0
4300,335.8802033456749,0.003514568630313274,3.0
4301,335.9467973587619,0.003514568630313274,3.0
4302,335.94369553061216,0.003514568630313274,3.0
4303,336.1461766705422,0.003514568630313274,3.0
4304,336.6157478612276,0.003514568630313274,3.0
4305,336.94211594209173,0.003514568630313274,3.0
4306,337.1272190129041,0.003514568630313274,3.0
4307,337.19837040483924,0.003514568630313274,3.0
4308,337.2109568529145,0.003514568630313274,3.0
4309,337.210757588602,0.003514568630313274,3.0
4310,337.1996134021943,0.003514568630313274,3.0
4311,337.18441069955975,0.003514568630313274,3.0
4312,337.16807575043293,0.003514568630313274,3.0
4313,337.15338248262617,0.003514568630313274,3.0
4314,337.14170572946176,0.003514568630313274,3.0
4315,337.1384272333532,0.003514568630313274,3.0
4316,337.13724500780705,0.003514568630313274,3.0
4317,337.1361231383542,0.003514568630313274,3.0
4318,337.13586370058016,0.003514568630313274,3.0
4319,337.14825942799433,0.003514568630313274,3.0
4320,337.1667936527413,0.003514568630313274,3.0
4321,337.19012017128483,0.003514568630313274,3.0
4322,337.2045979624583,0.003514568630313274,3.0
4323,337.2304688996949,0.003514568630313274,3.0
4324,337.2509608683325,0.003514568630313274,3.0
4325,337.24652774235,0.003514568630313274,3.0
4326,337.2376955707166,0.003514568630313274,3.0
4327,337.2307606937213,0.003514568630313274,3.0
4328,337.2452085320284,0.003514568630313274,3.0
4329,337.2640172518672,0.003514568630313274,3.0
4330,337.25280931134574,0.003514568630313274,3.0
4331,337.23039703247656,0.003514568630313274,3.0
4332,337.20167171848175,0.003514568630313274,3.0
4333,337.17181730577613,0.003514568630313274,3.0
4334,337.1539835173205,0.003514568630313274,3.0
4335,337.1352297415331,0.003514568630313274,3.0
4336,337.1280647345387,0.003514568630313274,3.0
4337,337.12147174116234,0.003514568630313274,3.0
4338,337.11642513961505,0.003514568630313274,3.0
4339,337.1459988421954,0.003514568630313274,3.0
4340,337.1561859293372,0.003514568630313274,3.0
4341,337.16473381348106,0.003514568630313274,3.0
4342,337.17713867865547,0.003514568630313274,3.0
4343,337.1966437081097,0.003514568630313274,3.0
4344,337.22843677136507,0.003514568630313274,3.0
4345,337.2534585331992,0.003514568630313274,3.0
4346,337.2720026443318,0.003514568630313274,3.0
4347,337.29188024007436,0.003514568630313274,3.0
4348,337.3188925563255,0.003514568630313274,3.0
4349,337.35351326286644,0.003514568630313274,3.0
4350,337.4016736176401,0.003514568630313274,3.0
4351,337.4412816130836,0.003514568630313274,3.0
4352,337.481452124436,0.003514568630313274,3.0
4353,337.4949529792272,0.003514568630313274,3.0
4354,337.4819640658099,0.003514568630313274,3.0
4355,337.45842412378624,0.003514568630313274,3.0
4356,337.4294622635706,0.003514568630313274,3.0
4357,337.41163746615484,0.003514568630313274,3.0
4358,337.3889922299918,0.003514568630313274,3.0
4359,337.3683334851646,0.003514568630313274,3.0
4360,337.3533822910929,0.003514568630313274,3.0
4361,337.3468570656742,0.003514568630313274,3.0
4362,337.34229045943374,0.003514568630313274,3.0
4363,337.3487493814542,0.003514568630313274,3.0
4364,337.3542881029691,0.003514568630313274,3.0
4365,337.3562867020845,0.003514568630313274,3.0
4366,337.36583673033385,0.003514568630313274,3.0
4367,337.3850033401448,0.003514568630313274,3.0
4368,337.4190650366186,0.003514568630313274,3.0
4369,337.4582859051794,0.003514568630313274,3.0
4370,337.48326459403154,0.003514568630313274,3.0
4371,337.50618042387725,0.003514568630313274,3.0
4372,337.5324643538512,0.003514568630313274,3.0
4373,337.5643185738998,0.003514568630313274,3.0
4374,337.6071817916989,0.003514568630313274,3.0
4375,337.6519657464586,0.003514568630313274,3.0
4376,337.65730929534516,0.003514568630313274,3.0
4377,337.6540688837003,0.003514568630313274,3.0
4378,337.64077979393835,0.003514568630313274,3.0
4379,337.62392614269083,0.003514568630313274,3.0
4380,337.6042877882386,0.003514568630313274,3.0
4381,337.5938421663776,0.003514568630313274,3.0
4382,337.5916279236395,0.003514568630313274,3.0
4383,338.0142160690992,0.003514568630313274,3.0
4384,338.0968622988319,0.003514568630313274,3.0
4385,338.1412505701499,0.003514568630313274,3.0
4386,338.17438148922815,0.003514568630313274,3.0
4387,338.2090848725886,0.003514568630313274,3.0
4388,338.2347277905448,0.003514568630313274,3.0
4389,338.2487762788335,0.003514568630313274,3.0
4390,338.26114281674074,0.003514568630313274,3.0
4391,338.2890664699296,0.003514568630313274,3.0
4392,338.32057774405683,0.003514568630313274,3.0
4393,338.35092083708264,0.003514568630313274,3.0
4394,338.3713146947958,0.003514568630313274,3.0
4395,338.3935007289959,0.003514568630313274,3.0
4396,338.419915854204,0.003514568630313274,3.0
4397,338.45406065582193,0.003514568630313274,3.0
4398,338.4900395826607,0.003514568630313274,3.0
4399,338.82616991497963,0.003514568630313274,3.0
4400,339.46370511619324,0.003514568630313274,3.0
4401,340.1631896383871,0.003514568630313274,3.0
4402,341.1776413150551,0.003514568630313274,3.0
4403,341.74014676702905,0.003514568630313274,3.0
4404,341.82706787976304,0.003514568630313274,3.0
4405,341.8304203727347,0.003514568630313274,3.0
4406,341.81604275689114,0.003514568630313274,3.0
4407,341.8660879451586,0.003514568630313274,3.0
4408,341.86362058043716,0.003514568630313274,3.0
4409,341.8580853669337,0.003514568630313274,3.0
4410,341.8525481104667,0.003514568630313274,3.0
4411,341.8664132745579,0.003514568630313274,3.0
4412,341.87760360591176,0.003514568630313274,3.0
4413,341.8972275139008,0.003514568630313274,3.0
4414,341.91524283110175,0.003514568630313274,3.0
4415,341.94537037122126,0.003514568630313274,3.0
4416,341.98207551858684,0.003514568630313274,3.0
4417,342.0150020839287,0.003514568630313274,3.0
4418,342.03375163124923,0.003514568630313274,3.0
4419,342.0644975662441,0.003514568630313274,3.0
4420,342.0664772781028,0.003514568630313274,3.0
4421,342.06191097251286,0.003514568630313274,3.0
4422,342.0624652415988,0.003514568630313274,3.0
4423,342.0527207516808,0.003514568630313274,3.0
4424,342.0349148570859,0.003514568630313274,3.0
4425,342.0163337462687,0.003514568630313274,3.0
4426,342.0138367630082,0.003514568630313274,3.0
4427,342.02961069918837,0.003514568630313274,3.0
4428,342.01677961183555,0.003514568630313274,3.0
4429,341.9918899176747,0.003514568630313274,3.0
4430,341.9661955291271,0.003514568630313274,3.0
4431,341.94341039526597,0.003514568630313274,3.0
4432,341.9271076555106,0.003514568630313274,3.0
4433,341.91318364842107,0.003514568630313274,3.0
4434,341.9006545631785,0.003514568630313274,3.0
4435,341.89667515704645,0.003514568630313274,3.0
4436,341.89393326779344,0.003514568630313274,3.0
4437,341.89363326078234,0.003514568630313274,3.0
4438,341.90777021301676,0.003514568630313274,3.0
4439,341.9338588963057,0.003514568630313274,3.0
4440,341.9615165992489,0.003514568630313274,3.0
4441,341.9945461061659,0.003514568630313274,3.0
4442,342.0158174980159,0.003514568630313274,3.0
4443,342.03533199243526,0.003514568630313274,3.0
4444,342.0615786801512,0.003514568630313274,3.0
4445,342.0914595525501,0.003514568630313274,3.0
4446,342.12954310937937,0.003514568630313274,3.0
4447,342.1792112909573,0.003514568630313274,3.0
4448,342.2369210434202,0.003514568630313274,3.0
4449,342.2931862761032,0.003514568630313274,3.0
4450,342.3565797243596,0.003514568630313274,3.0
4451,342.36621004517133,0.003514568630313274,3.0
4452,342.3619309987573,0.003514568630313274,3.0
4453,342.34392588175587,0.003514568630313274,3.0
4454,342.32397529086023,0.003514568630313274,3.0
4455,342.3021283083578,0.003514568630313274,3.0
4456,342.28229144299684,0.003514568630313274,3.0
4457,342.2660521529851,0.003514568630313274,3.0
4458,342.2547500089391,0.003514568630313274,3.0
4459,342.2519202325023,0.003514568630313274,3.0
4460,342.25094836818766,0.003514568630313274,3.0
4461,342.25343799306677,0.003514568630313274,3.0
4462,342.2631648042704,0.003514568630313274,3.0
4463,342.28535733997893,0.003514568630313274,3.0
4464,342.307352928307,0.003514568630313274,3.0
4465,342.3248033237564,0.003514568630313274,3.0
4466,342.33896926567047,0.003514568630313274,3.0
4467,342.3530953662099,0.003514568630313274,3.0
4468,342.36715511848166,0.003514568630313274,3.0
4469,342.383389213133,0.003514568630313274,3.0
4470,342.40339349045473,0.003514568630313274,3.0
4471,342.4026131430646,0.003514568630313274,3.0
4472,342.40092380855623,0.003514568630313274,3.0
4473,342.39570411249593,0.003514568630313274,3.0
4474,342.6262648174704,0.003514568630313274,3.0
4475,343.31101488493425,0.003514568630313274,3.0
4476,343.511599624498,0.003514568630313274,3.0
4477,343.5488233167087,0.003514568630313274,3.0
4478,343.5455280709674,0.003514568630313274,3.0
4479,343.5343158427455,0.003514568630313274,3.0
4480,343.5183569202239,0.003514568630313274,3.0
4481,343.50194645662475,0.003514568630313274,3.0
4482,343.4878354109985,0.003514568630313274,3.0
4483,343.4839936123183,0.003514568630313274,3.0
4484,343.48221341104147,0.003514568630313274,3.0
4485,343.4812004627375,0.003514568630313274,3.0
4486,343.5452244658101,0.003514568630313274,3.0
4487,343.57135294920766,0.003514568630313274,3.0
4488,343.5980286728299,0.003514568630313274,3.0
4489,343.6233203174195,0.003514568630313274,3.0
4490,343.6497292733294,0.003514568630313274,3.0
4491,343.6704643369309,0.003514568630313274,3.0
4492,343.69529344673504,0.003514568630313274,3.0
4493,343.72004498505487,0.003514568630313274,3.0
4494,343.7662307631474,0.003514568630313274,3.0
4495,343.7860839032226,0.003514568630313274,3.0
4496,343.77173607266826,0.003514568630313274,3.0
4497,343.755284530451,0.003514568630313274,3.0
4498,343.7334750327065,0.003514568630313274,3.0
4499,343.771865111382,0.003514568630313274,3.0
4500,343.79031669564785,0.003514568630313274,3.0
4501,343.76365759092994,0.003514568630313274,3.0
4502,343.73963628723413,0.003514568630313274,3.0
4503,343.97844404780386,0.003514568630313274,3.0
4504,343.97632716823233,0.003514568630313274,3.0
4505,343.9693125129665,0.003514568630313274,3.0
4506,343.96098201423933,0.003514568630313274,3.0
4507,343.9571594735863,0.003514568630313274,3.0
4508,343.95619905588006,0.003514568630313274,3.0
4509,343.96806005824845,0.003514568630313274,3.0
4510,343.99226704738453,0.003514568630313274,3.0
4511,344.0237924353234,0.003514568630313274,3.0
4512,344.1118782317476,0.003514568630313274,3.0
4513,344.15383303432134,0.003514568630313274,3.0
4514,344.1898876797737,0.003514568630313274,3.0
4515,344.2210333574605,0.003514568630313274,3.0
4516,344.2475679420741,0.003514568630313274,3.0
4517,344.2731062844546,0.003514568630313274,3.0
4518,344.30235693957496,0.003514568630313274,3.0
4519,344.32890667449254,0.003514568630313274,3.0
4520,344.33721083844347,0.003514568630313274,3.0
4521,344.3349736380512,0.003514568630313274,3.0
4522,344.31742909565924,0.003514568630313274,3.0
4523,344.3072412143374,0.003514568630313274,3.0
4524,344.2830389092858,0.003514568630313274,3.0
4525,344.2548942547541,0.003514568630313274,3.0
4526,344.2264201024031,0.003514568630313274,3.0
4527,344.3300214409715,0.003514568630313274,3.0
4528,344.316858112575,0.003514568630313274,3.0
4529,344.304053640659,0.003514568630313274,3.0
4530,344.29345979146433,0.003514568630313274,3.0
4531,344.2900497816424,0.003514568630313274,3.0
4532,344.2899581513392,0.003514568630313274,3.0
4533,344.2876305020182,0.003514568630313274,3.0
4534,344.29041678781056,0.003514568630313274,3.0
4535,344.3053114211509,0.003514568630313274,3.0
4536,344.3418712085162,0.003514568630313274,3.0
4537,344.3741623739839,0.003514568630313274,3.0
4538,344.39774069918576,0.003514568630313274,3.0
4539,344.4244091137515,0.003514568630313274,3.0
4540,344.4542535927528,0.003514568630313274,3.0
4541,344.49373070642616,0.003514568630313274,3.0
4542,344.5327336033175,0.003514568630313274,3.0
4543,344.55576065979915,0.003514568630313274,3.0
4544,344.57122144298523,0.003514568630313274,3.0
4545,344.57102219196395,0.003514568630313274,3.0
4546,344.5537225833787,0.003514568630313274,3.0
4547,344.5379933358377,0.003514568630313274,3.0
4548,345.10971564551687,0.003514568630313274,3.0
4549,345.65932180658854,0.003514568630313274,3.0
4550,345.8297447074674,0.003514568630313274,3.0
4551,345.8316367828523,0.003514568630313274,3.0
4552,345.82960210830754,0.003514568630313274,3.0
4553,345.82134261556126,0.003514568630313274,3.0
4554,345.8128205719733,0.003514568630313274,3.0
4555,345.8109006034765,0.003514568630313274,3.0
4556,345.8106497400153,0.003514568630313274,3.0
4557,345.8110895990685,0.003514568630313274,3.0
4558,345.84262960773015,0.003514568630313274,3.0
4559,345.8725101218264,0.003514568630313274,3.0
4560,345.93786359843676,0.003514568630313274,3.0
4561,345.9720942613272,0.003514568630313274,3.0
4562,345.99961020258866,0.003514568630313274,3.0
4563,346.0253592959381,0.003514568630313274,3.0
4564,346.0529675635185,0.003514568630313274,3.0
4565,346.0866382334824,0.003514568630313274,3.0
4566,346.1308147094557,0.003514568630313274,3.0
4567,346.14277343252564,0.003514568630313274,3.0
4568,346.16943391898064,0.003514568630313274,3.0
4569,346.15481779553954,0.003514568630313274,3.0
4570,346.12540811493767,0.003514568630313274,3.0
4571,346.08512271276516,0.003514568630313274,3.0
4572,346.0529613367211,0.003514568630313274,3.0
4573,346.102093356681,0.003514568630313274,3.0
4574,346.185737837997,0.003514568630313274,3.0
4575,346.1738793800417,0.003514568630313274,3.0
4576,346.16829149622606,0.003514568630313274,3.0
4577,346.1628625900586,0.003514568630313274,3.0
4578,346.15607002083533,0.003514568630313274,3.0
4579,346.1543109872514,0.003514568630313274,3.0
4580,346.1534084072325,0.003514568630313274,3.0
4581,346.15287652277624,0.003514568630313274,3.0
4582,346.1646503170497,0.003514568630313274,3.0
4583,346.187156753374,0.003514568630313274,3.0
4584,346.2260588666537,0.003514568630313274,3.0
4585,346.2574657083148,0.003514568630313274,3.0
4586,346.2784142127034,0.003514568630313274,3.0
4587,346.3010617671235,0.003514568630313274,3.0
4588,346.3263394847114,0.003514568630313274,3.0
4589,346.35914663608145,0.003514568630313274,3.0
4590,346.40396694415125,0.003514568630313274,3.0
4591,346.45229949581034,0.003514568630313274,3.0
4592,346.4997257618303,0.003514568630313274,3.0
4593,346.6197437435262,0.003514568630313274,3.0
4594,346.61341249552567,0.003514568630313274,3.0
4595,346.59645102424275,0.003514568630313274,3.0
4596,346.57550801849703,0.003514568630313274,3.0
4597,346.54731428792184,0.003514568630313274,3.0
4598,346.5171635761102,0.003514568630313274,3.0
4599,346.48792485791654,0.003514568630313274,3.0
4600,346.46289366642065,0.003514568630313274,3.0
4601,346.443405323026,0.003514568630313274,3.0
4602,346.4281208778532,0.003514568630313274,3.0
4603,346.4235368514337,0.003514568630313274,3.0
4604,346.42331069837854,0.003514568630313274,3.0
4605,346.4276064597341,0.003514568630313274,3.0
4606,346.43946822762507,0.003514568630313274,3.0
4607,346.4675646440876,0.003514568630313274,3.0
4608,346.4997388057117,0.003514568630313274,3.0
4609,346.52889421942615,0.003514568630313274,3.0
4610,346.5485346775865,0.003514568630313274,3.0
4611,346.5651050916856,0.003514568630313274,3.0
4612,346.5778463487584,0.003514568630313274,3.0
4613,346.60152580070036,0.003514568630313274,3.0
4614,346.6218342628788,0.003514568630313274,3.0
4615,346.63512432579466,0.003514568630313274,3.0
4616,347.08952698411935,0.003514568630313274,3.0
4617,347.66115425550475,0.003514568630313274,3.0
4618,348.2289184384431,0.003514568630313274,3.0
4619,348.41886008458994,0.003514568630313274,3.0
4620,348.5273710055462,0.003514568630313274,3.0
4621,348.52058550587,0.003514568630313274,3.0
4622,348.50112884723114,0.003514568630313274,3.0
4623,348.4764718332599,0.003514568630313274,3.0
4624,348.4522484269138,0.003514568630313274,3.0
4625,348.43334361683884,0.003514568630313274,3.0
4626,348.41779193931546,0.003514568630313274,3.0
4627,348.4129984900011,0.003514568630313274,3.0
4628,348.41088475912414,0.003514568630313274,3.0
4629,348.41070272025263,0.003514568630313274,3.0
4630,348.41699373254045,0.003514568630313274,3.0
4631,348.4336756531364,0.003514568630313274,3.0
4632,348.4579026001544,0.003514568630313274,3.0
4633,348.4798805638151,0.003514568630313274,3.0
4634,348.49843843808605,0.003514568630313274,3.0
4635,348.5116353042931,0.003514568630313274,3.0
4636,348.5580917818785,0.003514568630313274,3.0
4637,348.5536805972598,0.003514568630313274,3.0
4638,348.5513975444355,0.003514568630313274,3.0
4639,348.5354463475705,0.003514568630313274,3.0
4640,348.53104760135625,0.003514568630313274,3.0
4641,348.5586546490904,0.003514568630313274,3.0
4642,348.6506218490239,0.003514568630313274,3.0
4643,348.69908978713124,0.003514568630313274,3.0
4644,348.7360754211507,0.003514568630313274,3.0
4645,348.73162641724656,0.003514568630313274,3.0
4646,348.7235698693651,0.003514568630313274,3.0
4647,348.7120372933654,0.003514568630313274,3.0
4648,348.6991888989732,0.003514568630313274,3.0
4649,348.6862524973393,0.003514568630313274,3.0
4650,348.67466783673785,0.003514568630313274,3.0
4651,348.6707598704587,0.003514568630313274,3.0
4652,348.6704603573244,0.003514568630313274,3.0
4653,348.6699267612001,0.003514568630313274,3.0
4654,348.6789043021844,0.003514568630313274,3.0
4655,348.7002355667108,0.003514568630313274,3.0
4656,348.7332163470332,0.003514568630313274,3.0
4657,348.7642488784977,0.003514568630313274,3.0
4658,348.787751298472,0.003514568630313274,3.0
4659,348.8062575791326,0.003514568630313274,3.0
4660,348.82076192106484,0.003514568630313274,3.0
4661,348.8371556459983,0.003514568630313274,3.0
4662,348.8542138546106,0.003514568630313274,3.0
4663,348.8720518171649,0.003514568630313274,3.0
4664,348.879416480068,0.003514568630313274,3.0
4665,348.8870192923774,0.003514568630313274,3.0
4666,348.8836738777723,0.003514568630313274,3.0
4667,348.87869318569665,0.003514568630313274,3.0
4668,348.8708937646993,0.003514568630313274,3.0
4669,348.8581742043263,0.003514568630313274,3.0
4670,348.84263622532023,0.003514568630313274,3.0
4671,348.8245208816706,0.003514568630313274,3.0
4672,348.8134653253687,0.003514568630313274,3.0
4673,348.8028745542632,0.003514568630313274,3.0
4674,348.7998927977774,0.003514568630313274,3.0
4675,348.7989322852902,0.003514568630313274,3.0
4676,348.80473130169463,0.003514568630313274,3.0
4677,348.8109677479725,0.003514568630313274,3.0
4678,348.8272961853364,0.003514568630313274,3.0
4679,348.84777698726367,0.003514568630313274,3.0
4680,348.8786646248098,0.003514568630313274,3.0
4681,348.9091643037634,0.003514568630313274,3.0
4682,348.93322153024405,0.003514568630313274,3.0
4683,348.9554844255488,0.003514568630313274,3.0
4684,348.9791961997787,0.003514568630313274,3.0
4685,349.0027804957085,0.003514568630313274,3.0
4686,349.02795304802777,0.003514568630313274,3.0
4687,349.0568113403468,0.003514568630313274,3.0
4688,349.1180136850848,0.003514568630313274,3.0
4689,349.14458120960796,0.003514568630313274,3.0
4690,349.14402470181466,0.003514568630313274,3.0
4691,349.1379487774801,0.003514568630313274,3.0
4692,349.12828220410944,0.003514568630313274,3.0
4693,349.10805873422095,0.003514568630313274,3.0
4694,349.0882106697225,0.003514568630313274,3.0
4695,349.06258711797824,0.003514568630313274,3.0
4696,349.0402249001572,0.003514568630313274,3.0
4697,349.0202831625894,0.003514568630313274,3.0
4698,349.0055463685469,0.003514568630313274,3.0
4699,349.0017973703537,0.003514568630313274,3.0
4700,349.00034412975367,0.003514568630313274,3.0
4701,348.99954067228515,0.003514568630313274,3.0
4702,349.00592709170024,0.003514568630313274,3.0
4703,349.02987646134653,0.003514568630313274,3.0
4704,349.0535665265863,0.003514568630313274,3.0
4705,349.07977780842526,0.003514568630313274,3.0
4706,349.098591019721,0.003514568630313274,3.0
4707,349.11362041824924,0.003514568630313274,3.0
4708,349.13039005378903,0.003514568630313274,3.0
4709,349.1463016104224,0.003514568630313274,3.0
4710,349.16684537753605,0.003514568630313274,3.0
4711,349.2906205649173,0.003514568630313274,3.0
4712,349.78331167173144,0.003514568630313274,3.0
4713,350.4638009513067,0.003514568630313274,3.0
4714,350.9369231378021,0.003514568630313274,3.0
4715,351.02168857314933,0.003514568630313274,3.0
4716,351.0380498807151,0.003514568630313274,3.0
4717,351.03276220065186,0.003514568630313274,3.0
4718,351.0222008055856,0.003514568630313274,3.0
4719,351.1251171458208,0.003514568630313274,3.0
4720,351.58369745358544,0.003514568630313274,3.0
4721,351.67584607361044,0.003514568630313274,3.0
4722,351.69964740041564,0.003514568630313274,3.0
4723,351.7306811980607,0.003514568630313274,3.0
4724,351.7518917358204,0.003514568630313274,3.0
4725,351.7720567602564,0.003514568630313274,3.0
4726,351.7943961298165,0.003514568630313274,3.0
4727,351.82771749428315,0.003514568630313274,3.0
4728,351.86433040658574,0.003514568630313274,3.0
4729,351.8935938927042,0.003514568630313274,3.0
4730,351.914229573756,0.003514568630313274,3.0
4731,351.938586690865,0.003514568630313274,3.0
4732,351.96906720442774,0.003514568630313274,3.0
4733,351.96888115833553,0.003514568630313274,3.0
4734,351.96564529108775,0.003514568630313274,3.0
4735,352.18554462882986,0.003514568630313274,3.0
4736,352.19680361514486,0.003514568630313274,3.0
4737,352.7739655374304,0.003514568630313274,3.0
4738,353.70325096927036,0.003514568630313274,3.0
4739,354.51253603510446,0.003514568630313274,3.0
4740,354.7440169384726,0.003514568630313274,3.0
4741,354.7368620265739,0.003514568630313274,3.0
4742,354.712431559782,0.003514568630313274,3.0
4743,354.68467523248677,0.003514568630313274,3.0
4744,354.6815885856182,0.003514568630313274,3.0
4745,354.679356222473,0.003514568630313274,3.0
4746,354.6757533366462,0.003514568630313274,3.0
4747,354.6828444069776,0.003514568630313274,3.0
4748,354.6916467769519,0.003514568630313274,3.0
4749,354.7040525172341,0.003514568630313274,3.0
4750,354.7155792854806,0.003514568630313274,3.0
4751,354.7463930894703,0.003514568630313274,3.0
4752,354.7807963426846,0.003514568630313274,3.0
4753,354.80277204439125,0.003514568630313274,3.0
4754,354.81771756653006,0.003514568630313274,3.0
4755,354.8465335709929,0.003514568630313274,3.0
4756,354.84237511560417,0.003514568630313274,3.0
4757,354.8765969874157,0.003514568630313274,3.0
4758,354.8721703047502,0.003514568630313274,3.0
4759,354.87015112049625,0.003514568630313274,3.0
4760,354.86235622706954,0.003514568630313274,3.0
4761,354.8547112333491,0.003514568630313274,3.0
4762,354.85626287211863,0.003514568630313274,3.0
4763,354.91038072598025,0.003514568630313274,3.0
4764,354.93194115582247,0.003514568630313274,3.0
4765,354.914540207982,0.003514568630313274,3.0
4766,354.89122871764056,0.003514568630313274,3.0
4767,354.8630635252279,0.003514568630313274,3.0
4768,354.83869627216734,0.003514568630313274,3.0
4769,354.8192873471235,0.003514568630313274,3.0
4770,354.8035866875303,0.003514568630313274,3.0
4771,354.79783584612693,0.003514568630313274,3.0
4772,354.794818448401,0.003514568630313274,3.0
4773,354.79283969124697,0.003514568630313274,3.0
4774,354.7959255645058,0.003514568630313274,3.0
4775,354.81857817824107,0.003514568630313274,3.0
4776,354.85166773963863,0.003514568630313274,3.0
4777,354.8788853688377,0.003514568630313274,3.0
4778,354.8951051649472,0.003514568630313274,3.0
4779,354.90895764712656,0.003514568630313274,3.0
4780,354.9220323290061,0.003514568630313274,3.0
4781,354.93352851839126,0.003514568630313274,3.0
4782,354.9532908498923,0.003514568630313274,3.0
4783,354.98043584618284,0.003514568630313274,3.0
4784,355.03056190488104,0.003514568630313274,3.0
4785,355.0785123922315,0.003514568630313274,3.0
4786,355.075226361512,0.003514568630313274,3.0
4787,355.06968919254183,0.003514568630313274,3.0
4788,355.05907810498854,0.003514568630313274,3.0
4789,355.03086500428674,0.003514568630313274,3.0
4790,355.0068769636899,0.003514568630313274,3.0
4791,354.9801405361852,0.003514568630313274,3.0
4792,354.9586220452509,0.003514568630313274,3.0
4793,354.9393366886941,0.003514568630313274,3.0
4794,354.9233870171584,0.003514568630313274,3.0
4795,354.9177277771874,0.003514568630313274,3.0
4796,354.91557379362246,0.003514568630313274,3.0
4797,354.9134046407556,0.003514568630313274,3.0
4798,354.9239619728764,0.003514568630313274,3.0
4799,354.9403111725711,0.003514568630313274,3.0
4800,354.9705825493807,0.003514568630313274,3.0
4801,354.99517933622315,0.003514568630313274,3.0
4802,355.01088020481427,0.003514568630313274,3.0
4803,355.0250002799229,0.003514568630313274,3.0
4804,355.04337072561873,0.003514568630313274,3.0
4805,355.0666399243694,0.003514568630313274,3.0
4806,355.09321236970436,0.003514568630313274,3.0
4807,355.1019402554383,0.003514568630313274,3.0
4808,355.11927236865114,0.003514568630313274,3.0
4809,355.13448798582215,0.003514568630313274,3.0
4810,355.12274038160564,0.003514568630313274,3.0
4811,355.1054137417458,0.003514568630313274,3.0
4812,355.08643706041215,0.003514568630313274,3.0
4813,355.58332934269,0.003514568630313274,3.0
4814,355.6763061836895,0.003514568630313274,3.0
4815,355.6707493870756,0.003514568630313274,3.0
4816,355.65690947042873,0.003514568630313274,3.0
4817,355.646573958444,0.003514568630313274,3.0
4818,355.6350029844688,0.003514568630313274,3.0
4819,355.6321210391922,0.003514568630313274,3.0
4820,355.63170186336436,0.003514568630313274,3.0
4821,355.6310903869398,0.003514568630313274,3.0
4822,355.6396249577712,0.003514568630313274,3.0
4823,355.65820107513247,0.003514568630313274,3.0
4824,355.6828694768435,0.003514568630313274,3.0
4825,355.7026399613627,0.003514568630313274,3.0
4826,355.7208076902649,0.003514568630313274,3.0
4827,355.7400851619408,0.003514568630313274,3.0
4828,355.76134987840425,0.003514568630313274,3.0
4829,355.79073654791546,0.003514568630313274,3.0
4830,355.82933349182065,0.003514568630313274,3.0
4831,355.8484230991762,0.003514568630313274,3.0
4832,355.8459269138304,0.003514568630313274,3.0
4833,355.8669269030303,0.003514568630313274,3.0
4834,355.8394320372637,0.003514568630313274,3.0
4835,355.8080568282721,0.003514568630313274,3.0
4836,355.764974500246,0.003514568630313274,3.0
4837,355.7342236915541,0.003514568630313274,3.0
4838,355.7042591271569,0.003514568630313274,3.0
4839,355.676315690009,0.003514568630313274,3.0
4840,355.6559385077383,0.003514568630313274,3.0
4841,355.647248109446,0.003514568630313274,3.0
4842,355.63524426931974,0.003514568630313274,3.0
4843,355.6326169414227,0.003514568630313274,3.0
4844,355.6349707594305,0.003514568630313274,3.0
4845,355.6440381407047,0.003514568630313274,3.0
4846,355.6583289849378,0.003514568630313274,3.0
4847,355.6840952814995,0.003514568630313274,3.0
4848,355.70552743027787,0.003514568630313274,3.0
4849,355.7325422686589,0.003514568630313274,3.0
4850,355.75283281487316,0.003514568630313274,3.0
4851,355.7745572672303,0.003514568630313274,3.0
4852,355.79987858969497,0.003514568630313274,3.0
4853,355.83341393748947,0.003514568630313274,3.0
4854,355.8780463636073,0.003514568630313274,3.0
4855,355.9054286911052,0.003514568630313274,3.0
4856,355.92624468008165,0.003514568630313274,3.0
4857,355.92892669121454,0.003514568630313274,3.0
4858,355.91639791643894,0.003514568630313274,3.0
4859,355.89504670004766,0.003514568630313274,3.0
4860,355.8697737391206,0.003514568630313274,3.0
4861,355.82878273024266,0.003514568630313274,3.0
4862,355.79102833676137,0.003514568630313274,3.0
4863,355.746258781677,0.003514568630313274,3.0
4864,355.710877831888,0.003514568630313274,3.0
4865,355.68592025368986,0.003514568630313274,3.0
4866,355.6659950108711,0.003514568630313274,3.0
4867,355.6564360714593,0.003514568630313274,3.0
4868,355.65212341735224,0.003514568630313274,3.0
4869,355.6507017536896,0.003514568630313274,3.0
4870,355.65420211040913,0.003514568630313274,3.0
4871,355.677311027237,0.003514568630313274,3.0
4872,355.7053642600601,0.003514568630313274,3.0
4873,355.7348654901816,0.003514568630313274,3.0
4874,355.75378343326656,0.003514568630313274,3.0
4875,355.7735042813198,0.003514568630313274,3.0
4876,355.7996226360352,0.003514568630313274,3.0
4877,355.8331148034104,0.003514568630313274,3.0
4878,355.87691461924913,0.003514568630313274,3.0
4879,355.9239835540503,0.003514568630313274,3.0
4880,355.9472356552347,0.003514568630313274,3.0
4881,355.951316191411,0.003514568630313274,3.0
4882,355.9375253560823,0.003514568630313274,3.0
4883,356.01040628402194,0.003514568630313274,3.0
4884,356.2805323902653,0.003514568630313274,3.0
4885,356.609854597491,0.003514568630313274,3.0
4886,357.02784887076143,0.003514568630313274,3.0
4887,357.2446518023138,0.003514568630313274,3.0
4888,357.24317417369787,0.003514568630313274,3.0
4889,357.23655419170854,0.003514568630313274,3.0
4890,357.22994559667325,0.003514568630313274,3.0
4891,357.2295115503383,0.003514568630313274,3.0
4892,357.2340781466673,0.003514568630313274,3.0
4893,357.242613747986,0.003514568630313274,3.0
4894,357.251776826453,0.003514568630313274,3.0
4895,357.2754632871992,0.003514568630313274,3.0
4896,357.30230386329873,0.003514568630313274,3.0
4897,357.33079343433405,0.003514568630313274,3.0
4898,357.34845606209564,0.003514568630313274,3.0
4899,357.36987626595203,0.003514568630313274,3.0
4900,357.39456028865635,0.003514568630313274,3.0
4901,357.43259098745796,0.003514568630313274,3.0
4902,357.47331013075194,0.003514568630313274,3.0
4903,357.5258588269127,0.003514568630313274,3.0
4904,357.5301981991051,0.003514568630313274,3.0
4905,357.5162965124292,0.003514568630313274,3.0
4906,357.4880290334651,0.003514568630313274,3.0
4907,357.4507758182535,0.003514568630313274,3.0
4908,357.40409365628267,0.003514568630313274,3.0
4909,357.36619776227957,0.003514568630313274,3.0
4910,357.33525006586353,0.003514568630313274,3.0
4911,357.30942833982726,0.003514568630313274,3.0
4912,357.2867757042177,0.003514568630313274,3.0
4913,357.2674592252264,0.003514568630313274,3.0
4914,357.2523547877367,0.003514568630313274,3.0
4915,357.24700667711767,0.003514568630313274,3.0
4916,357.2439645280349,0.003514568630313274,3.0
4917,357.244683324187,0.003514568630313274,3.0
4918,357.2504302200735,0.003514568630313274,3.0
4919,357.276294665138,0.003514568630313274,3.0
4920,357.3109832620544,0.003514568630313274,3.0
4921,357.3326830259485,0.003514568630313274,3.0
4922,357.34727068113654,0.003514568630313274,3.0
4923,357.3624728106194,0.003514568630313274,3.0
4924,357.38564962646393,0.003514568630313274,3.0
4925,357.41974905433744,0.003514568630313274,3.0
4926,357.46931982763897,0.003514568630313274,3.0
4927,357.53091350891407,0.003514568630313274,3.0
4928,357.5612384171436,0.003514568630313274,3.0
4929,357.5676403213235,0.003514568630313274,3.0
4930,357.5779861898393,0.003514568630313274,3.0
4931,358.25359239866634,0.003514568630313274,3.0
4932,358.88456455357095,0.003514568630313274,3.0
4933,359.39058621552505,0.003514568630313274,3.0
4934,359.96750350811686,0.003514568630313274,3.0
4935,360.2579431807892,0.003514568630313274,3.0
4936,360.28864836810783,0.003514568630313274,3.0
4937,360.28569180612936,0.003514568630313274,3.0
4938,360.2819724596406,0.003514568630313274,3.0
4939,360.288896384194,0.003514568630313274,3.0
4940,360.30335373103617,0.003514568630313274,3.0
4941,360.3192331933123,0.003514568630313274,3.0
4942,360.334604407521,0.003514568630313274,3.0
4943,360.36662438900703,0.003514568630313274,3.0
4944,360.4028844764046,0.003514568630313274,3.0
4945,360.43127526276504,0.003514568630313274,3.0
4946,360.45312605317616,0.003514568630313274,3.0
4947,360.4725414345893,0.003514568630313274,3.0
4948,360.4965849819788,0.003514568630313274,3.0
4949,360.52768815278375,0.003514568630313274,3.0
4950,360.5587400732334,0.003514568630313274,3.0
4951,360.62480521332276,0.003514568630313274,3.0
4952,360.6115550565349,0.003514568630313274,3.0
4953,361.11696590245424,0.003514568630313274,3.0
4954,361.09629237156645,0.003514568630313274,3.0
4955,361.0669780909687,0.003514568630313274,3.0
4956,361.02971214632765,0.003514568630313274,3.0
4957,360.9973548432251,0.003514568630313274,3.0
4958,360.97420444547106,0.003514568630313274,3.0
4959,360.95571395453095,0.003514568630313274,3.0
4960,360.9417159624826,0.003514568630313274,3.0
4961,360.92515311952485,0.003514568630313274,3.0
4962,360.9127778590331,0.003514568630313274,3.0
4963,360.9079172806794,0.003514568630313274,3.0
4964,360.90650891392846,0.003514568630313274,3.0
4965,360.91619166420276,0.003514568630313274,3.0
4966,360.9276787255108,0.003514568630313274,3.0
4967,360.9484774089876,0.003514568630313274,3.0
4968,360.9727568726804,0.003514568630313274,3.0
4969,360.98787218582805,0.003514568630313274,3.0
4970,361.0026157296442,0.003514568630313274,3.0
4971,361.01935585861236,0.003514568630313274,3.0
4972,361.03468355788004,0.003514568630313274,3.0
4973,361.0996742217456,0.003514568630313274,3.0
4974,361.0960192366001,0.003514568630313274,3.0
4975,361.1192605891901,0.003514568630313274,3.0
4976,361.1112332826016,0.003514568630313274,3.0
4977,361.16553947158076,0.003514568630313274,3.0
4978,361.15982663059594,0.003514568630313274,3.0
4979,361.1411386954261,0.003514568630313274,3.0
4980,361.1111996859852,0.003514568630313274,3.0
4981,361.0771734603609,0.003514568630313274,3.0
4982,361.0394649631307,0.003514568630313274,3.0
4983,361.0053588702585,0.003514568630313274,3.0
4984,361.00469675674566,0.003514568630313274,3.0
4985,361.1415494598573,0.003514568630313274,3.0
4986,361.1375072550804,0.003514568630313274,3.0
4987,361.1387869524583,0.003514568630313274,3.0
4988,361.1450137793449,0.003514568630313274,3.0
4989,361.15606626361665,0.003514568630313274,3.0
4990,361.1677886893226,0.003514568630313274,3.0
4991,361.1957737469398,0.003514568630313274,3.0
4992,361.22888593230493,0.003514568630313274,3.0
4993,361.2455600146255,0.003514568630313274,3.0
4994,361.25817354677713,0.003514568630313274,3.0
4995,361.27368382852467,0.003514568630313274,3.0
4996,361.29493498644683,0.003514568630313274,3.0
4997,361.32971297248343,0.003514568630313274,3.0
4998,361.53328178076816,0.003514568630313274,3.0
4999,362.04963762273525,0.003514568630313274,3.0
5000,362.37409968906803,0.003514568630313274,3.0
5001,362.48359330379026,0.003514568630313274,3.0
5002,362.53335352476336,0.003514568630313274,3.0
5003,362.5510868762492,0.003514568630313274,3.0
5004,362.54627007171234,0.003514568630313274,3.0
5005,362.5449432830623,0.003514568630313274,3.0
5006,362.75382871563863,0.003514568630313274,3.0
5007,363.36075250190964,0.003514568630313274,3.0
5008,363.60507699891326,0.003514568630313274,3.0
5009,363.8664450788276,0.003514568630313274,3.0
5010,363.95281207072424,0.003514568630313274,3.0
5011,364.019182796206,0.003514568630313274,3.0
5012,364.0691811144503,0.003514568630313274,3.0
5013,364.10560308124656,0.003514568630313274,3.0
5014,364.136638495707,0.003514568630313274,3.0
5015,364.16975967883604,0.003514568630313274,3.0
5016,364.2196325068452,0.003514568630313274,3.0
5017,364.24288080208834,0.003514568630313274,3.0
5018,364.2647605345267,0.003514568630313274,3.0
5019,364.28869843796656,0.003514568630313274,3.0
5020,364.2837232322945,0.003514568630313274,3.0
5021,364.27450505156156,0.003514568630313274,3.0
5022,364.26717380505534,0.003514568630313274,3.0
5023,364.3262519256902,0.003514568630313274,3.0
5024,364.3990734118535,0.003514568630313274,3.0
5025,364.44264813834815,0.003514568630313274,3.0
5026,364.47324618568837,0.003514568630313274,3.0
5027,364.47002522300016,0.003514568630313274,3.0
5028,364.4413909055938,0.003514568630313274,3.0
5029,364.4007906084822,0.003514568630313274,3.0
5030,364.3521645452377,0.003514568630313274,3.0
5031,364.32795853993673,0.003514568630313274,3.0
5032,364.326023199952,0.003514568630313274,3.0
5033,364.3240804962457,0.003514568630313274,3.0
5034,364.3207434546304,0.003514568630313274,3.0
5035,364.3269222093679,0.003514568630313274,3.0
5036,364.3400134983302,0.003514568630313274,3.0
5037,364.35716169555934,0.003514568630313274,3.0
5038,364.38423915143187,0.003514568630313274,3.0
5039,364.41787139283326,0.003514568630313274,3.0
5040,364.44994954066755,0.003514568630313274,3.0
5041,364.4787434824583,0.003514568630313274,3.0
5042,364.50135199104136,0.003514568630313274,3.0
5043,364.5178859425673,0.003514568630313274,3.0
5044,364.5323656826636,0.003514568630313274,3.0
5045,364.5435339069744,0.003514568630313274,3.0
5046,364.5595576020916,0.003514568630313274,3.0
5047,364.5894935969377,0.003514568630313274,3.0
5048,364.6607462061717,0.003514568630313274,3.0
5049,365.33890425076265,0.003514568630313274,3.0
5050,366.1921127755724,0.003514568630313274,3.0
5051,366.7439882008095,0.003514568630313274,3.0
5052,367.06392060565554,0.003514568630313274,3.0
5053,367.5587233611532,0.003514568630313274,3.0
5054,367.55750718828386,0.003514568630313274,3.0
5055,367.5389989110412,0.003514568630313274,3.0
5056,367.5305327790784,0.003514568630313274,3.0
5057,367.5225616710702,0.003514568630313274,3.0
5058,367.52073383279384,0.003514568630313274,3.0
5059,367.52071238612416,0.003514568630313274,3.0
5060,367.52029986765535,0.003514568630313274,3.0
5061,367.52578779587736,0.003514568630313274,3.0
5062,367.53894743186044,0.003514568630313274,3.0
5063,367.5674534744943,0.003514568630313274,3.0
5064,367.6013254571185,0.003514568630313274,3.0
5065,367.63766126756246,0.003514568630313274,3.0
5066,367.6671642149193,0.003514568630313274,3.0
5067,367.6863589285633,0.003514568630313274,3.0
5068,367.7031388796107,0.003514568630313274,3.0
5069,367.7541680921223,0.003514568630313274,3.0
5070,367.7523894110811,0.003514568630313274,3.0
5071,367.7415379050708,0.003514568630313274,3.0
5072,367.72467355398834,0.003514568630313274,3.0
5073,367.7141342741054,0.003514568630313274,3.0
5074,367.70177845726533,0.003514568630313274,3.0
5075,367.6994070629148,0.003514568630313274,3.0
5076,367.6883002200799,0.003514568630313274,3.0
5077,367.70876889974363,0.003514568630313274,3.0
5078,367.7005297854011,0.003514568630313274,3.0
5079,367.6858892893422,0.003514568630313274,3.0
5080,367.67633058595254,0.003514568630313274,3.0
5081,367.67121357933434,0.003514568630313274,3.0
5082,367.6687440005063,0.003514568630313274,3.0
5083,367.6713188370889,0.003514568630313274,3.0
5084,367.67855998793624,0.003514568630313274,3.0
5085,367.7161624433023,0.003514568630313274,3.0
5086,367.73757140947515,0.003514568630313274,3.0
5087,367.7723192971854,0.003514568630313274,3.0
5088,367.8178656676783,0.003514568630313274,3.0
5089,367.86198417101264,0.003514568630313274,3.0
5090,367.89387026107056,0.003514568630313274,3.0
5091,367.9208899547843,0.003514568630313274,3.0
5092,367.9510741509148,0.003514568630313274,3.0
5093,367.98481660020695,0.003514568630313274,3.0
5094,368.02146685602247,0.003514568630313274,3.0
5095,368.03851779288783,0.003514568630313274,3.0
5096,368.0824746060265,0.003514568630313274,3.0
5097,368.53541847659653,0.003514568630313274,3.0
5098,369.20861847613,0.003514568630313274,3.0
5099,369.2551691223436,0.003514568630313274,3.0
5100,369.2419766531864,0.003514568630313274,3.0
5101,369.2166847621246,0.003514568630313274,3.0
5102,369.18797923680614,0.003514568630313274,3.0
5103,369.1548945314668,0.003514568630313274,3.0
5104,369.31875947059524,0.003514568630313274,3.0
5105,369.3129159922602,0.003514568630313274,3.0
5106,369.3075840853406,0.003514568630313274,3.0
5107,369.31449826568894,0.003514568630313274,3.0
5108,369.3426212758832,0.003514568630313274,3.0
5109,369.36602436176173,0.003514568630313274,3.0
5110,369.3950757702784,0.003514568630313274,3.0
5111,369.4288045678171,0.003514568630313274,3.0
5112,369.4698863826206,0.003514568630313274,3.0
5113,369.50880480592684,0.003514568630313274,3.0
5114,369.54202021864666,0.003514568630313274,3.0
5115,369.56703649647227,0.003514568630313274,3.0
5116,369.58879868626235,0.003514568630313274,3.0
5117,369.6326552060766,0.003514568630313274,3.0
5118,369.6497491628379,0.003514568630313274,3.0
5119,369.63735973871854,0.003514568630313274,3.0
5120,369.9509875908895,0.003514568630313274,3.0
5121,370.5009879957327,0.003514568630313274,3.0
5122,370.7601027310293,0.003514568630313274,3.0
5123,370.81817998647995,0.003514568630313274,3.0
5124,370.8114896598027,0.003514568630313274,3.0
5125,370.79855081765214,0.003514568630313274,3.0
5126,370.7825285795662,0.003514568630313274,3.0
5127,370.75672637517744,0.003514568630313274,3.0
5128,370.7510196334496,0.003514568630313274,3.0
5129,370.7423552330169,0.003514568630313274,3.0
5130,370.73233902978575,0.003514568630313274,3.0
5131,370.72926940432893,0.003514568630313274,3.0
5132,370.7289334971357,0.003514568630313274,3.0
5133,370.7321901250547,0.003514568630313274,3.0
5134,370.7446663479131,0.003514568630313274,3.0
5135,370.77344315235234,0.003514568630313274,3.0
5136,370.80222430072547,0.003514568630313274,3.0
5137,370.83246982969007,0.003514568630313274,3.0
5138,370.8577690540145,0.003514568630313274,3.0
5139,370.875511422509,0.003514568630313274,3.0
5140,370.91451919132555,0.003514568630313274,3.0
5141,370.9276942801747,0.003514568630313274,3.0
5142,370.92308322526054,0.003514568630313274,3.0
5143,370.915923757196,0.003514568630313274,3.0
5144,370.9095484453617,0.003514568630313274,3.0
5145,370.9692618861218,0.003514568630313274,3.0
5146,371.0086705431927,0.003514568630313274,3.0
5147,371.0073542697445,0.003514568630313274,3.0
5148,370.9928043918418,0.003514568630313274,3.0
5149,370.97087987989715,0.003514568630313274,3.0
5150,370.95246425304805,0.003514568630313274,3.0
5151,370.93070059435405,0.003514568630313274,3.0
5152,370.91580550823085,0.003514568630313274,3.0
5153,370.9002822224447,0.003514568630313274,3.0
5154,370.88749173328284,0.003514568630313274,3.0
5155,370.8828968345091,0.003514568630313274,3.0
5156,370.8814224153034,0.003514568630313274,3.0
5157,370.8811028767961,0.003514568630313274,3.0
5158,370.8917472588373,0.003514568630313274,3.0
5159,370.91727600430954,0.003514568630313274,3.0
5160,370.9474644153441,0.003514568630313274,3.0
5161,370.98129091343117,0.003514568630313274,3.0
5162,371.002467695923,0.003514568630313274,3.0
5163,371.0199509986803,0.003514568630313274,3.0
5164,371.0401685090018,0.003514568630313274,3.0
5165,371.05922284179604,0.003514568630313274,3.0
5166,371.08442850395284,0.003514568630313274,3.0
5167,371.11540328250186,0.003514568630313274,3.0
5168,371.12524272748556,0.003514568630313274,3.0
5169,371.12363464734494,0.003514568630313274,3.0
5170,371.1144018721205,0.003514568630313274,3.0
5171,371.0984540206714,0.003514568630313274,3.0
5172,371.07714235060405,0.003514568630313274,3.0
5173,371.0762835595843,0.003514568630313274,3.0
5174,371.4137454810931,0.003514568630313274,3.0
5175,371.4132884951609,0.003514568630313274,3.0
5176,371.40351530990307,0.003514568630313274,3.0
5177,371.3903612567445,0.003514568630313274,3.0
5178,371.3815100203721,0.003514568630313274,3.0
5179,371.3806710098645,0.003514568630313274,3.0
5180,371.3869347829504,0.003514568630313274,3.0
5181,371.40563193441807,0.003514568630313274,3.0
5182,371.43325861867714,0.003514568630313274,3.0
5183,371.4747823787682,0.003514568630313274,3.0
5184,371.5120231692022,0.003514568630313274,3.0
5185,371.54609978977646,0.003514568630313274,3.0
5186,371.5677767156809,0.003514568630313274,3.0
5187,371.58736980748574,0.003514568630313274,3.0
5188,371.6131827941738,0.003514568630313274,3.0
5189,371.643728831281,0.003514568630313274,3.0
5190,371.6803608174932,0.003514568630313274,3.0
5191,371.72875056400454,0.003514568630313274,3.0
5192,371.7671916837356,0.003514568630313274,3.0
5193,371.79662275578806,0.003514568630313274,3.0
5194,371.8154772441411,0.003514568630313274,3.0
5195,371.80317217129294,0.003514568630313274,3.0
5196,371.7868431080427,0.003514568630313274,3.0
5197,371.749715573542,0.003514568630313274,3.0
5198,371.7368328359902,0.003514568630313274,3.0
5199,371.7266084597484,0.003514568630313274,3.0
5200,371.71101293140526,0.003514568630313274,3.0
5201,371.69753370600864,0.003514568630313274,3.0
5202,371.68381499791815,0.003514568630313274,3.0
5203,371.6800928574611,0.003514568630313274,3.0
5204,371.7751177209986,0.003514568630313274,3.0
5205,371.80632290799906,0.003514568630313274,3.0
5206,371.88704032086736,0.003514568630313274,3.0
5207,371.93956913597145,0.003514568630313274,3.0
5208,371.9891128948541,0.003514568630313274,3.0
5209,372.0267419435307,0.003514568630313274,3.0
5210,372.0520678592063,0.003514568630313274,3.0
5211,372.0737405840569,0.003514568630313274,3.0
5212,372.0945678934803,0.003514568630313274,3.0
5213,372.11131600035077,0.003514568630313274,3.0
5214,372.1287494194848,0.003514568630313274,3.0
5215,372.13767376479285,0.003514568630313274,3.0
5216,372.14348691871515,0.003514568630313274,3.0
5217,372.14339319511237,0.003514568630313274,3.0
5218,372.1326190343537,0.003514568630313274,3.0
5219,372.52893171842516,0.003514568630313274,3.0
5220,372.66607437390024,0.003514568630313274,3.0
5221,372.69566586130946,0.003514568630313274,3.0
5222,372.6862599965139,0.003514568630313274,3.0
5223,372.6736378886304,0.003514568630313274,3.0
5224,372.68373016657944,0.003514568630313274,3.0
5225,372.6722847285979,0.003514568630313274,3.0
5226,372.66314060693645,0.003514568630313274,3.0
5227,372.6570513980052,0.003514568630313274,3.0
5228,372.66317629989953,0.003514568630313274,3.0
5229,372.70379121984246,0.003514568630313274,3.0
5230,372.736568825543,0.003514568630313274,3.0
5231,372.77864377511696,0.003514568630313274,3.0
5232,372.8226756246115,0.003514568630313274,3.0
5233,372.8671998953177,0.003514568630313274,3.0
5234,372.899796075262,0.003514568630313274,3.0
5235,372.9288994257168,0.003514568630313274,3.0
5236,372.95621854284207,0.003514568630313274,3.0
5237,372.98777930460517,0.003514568630313274,3.0
5238,373.0113305183833,0.003514568630313274,3.0
5239,373.07179420978787,0.003514568630313274,3.0
5240,373.0602538473477,0.003514568630313274,3.0
5241,373.5369217952024,0.003514568630313274,3.0
5242,374.02402682862703,0.003514568630313274,3.0
5243,374.2288429244151,0.003514568630313274,3.0
5244,374.33135292377125,0.003514568630313274,3.0
5245,374.32885309274917,0.003514568630313274,3.0
5246,374.3158470564521,0.003514568630313274,3.0
5247,374.29781864582714,0.003514568630313274,3.0
5248,374.28273144543743,0.003514568630313274,3.0
5249,374.26985136059744,0.003514568630313274,3.0
5250,374.25725839910416,0.003514568630313274,3.0
5251,374.25374303426014,0.003514568630313274,3.0
5252,374.2510590152701,0.003514568630313274,3.0
5253,374.2542521051966,0.003514568630313274,3.0
5254,374.27939009609855,0.003514568630313274,3.0
5255,374.3019127335432,0.003514568630313274,3.0
5256,374.32528552525196,0.003514568630313274,3.0
5257,374.3563717397517,0.003514568630313274,3.0
5258,374.37344227905885,0.003514568630313274,3.0
5259,374.396607694465,0.003514568630313274,3.0
5260,374.4150549007641,0.003514568630313274,3.0
5261,374.46854318059576,0.003514568630313274,3.0
5262,374.46641521227104,0.003514568630313274,3.0
5263,374.45936946325037,0.003514568630313274,3.0
5264,374.4405231188884,0.003514568630313274,3.0
5265,374.42838344988616,0.003514568630313274,3.0
5266,374.42748356979615,0.003514568630313274,3.0
5267,374.4202833999905,0.003514568630313274,3.0
5268,374.40707793117383,0.003514568630313274,3.0
5269,374.38815486293487,0.003514568630313274,3.0
5270,374.3690099506946,0.003514568630313274,3.0
5271,374.34755705428427,0.003514568630313274,3.0
5272,374.3242869908482,0.003514568630313274,3.0
5273,374.30335799378406,0.003514568630313274,3.0
5274,374.2886088445369,0.003514568630313274,3.0
5275,374.28361590312807,0.003514568630313274,3.0
5276,374.28083326604764,0.003514568630313274,3.0
5277,374.27989228285065,0.003514568630313274,3.0
5278,374.28697427243026,0.003514568630313274,3.0
5279,374.3010655381801,0.003514568630313274,3.0
5280,374.31830663226117,0.003514568630313274,3.0
5281,374.34149792333506,0.003514568630313274,3.0
5282,374.35444263587806,0.003514568630313274,3.0
5283,374.3743039407862,0.003514568630313274,3.0
5284,374.397204866679,0.003514568630313274,3.0
5285,374.42747882789854,0.003514568630313274,3.0
5286,374.46591684771835,0.003514568630313274,3.0
5287,374.51326295853937,0.003514568630313274,3.0
5288,374.5349013368293,0.003514568630313274,3.0
5289,374.5426841543397,0.003514568630313274,3.0
5290,374.53063299702217,0.003514568630313274,3.0
5291,374.5085114985652,0.003514568630313274,3.0
5292,374.4800691251397,0.003514568630313274,3.0
5293,374.43976115094324,0.003514568630313274,3.0
5294,374.39809681722215,0.003514568630313274,3.0
5295,374.35896238704527,0.003514568630313274,3.0
5296,374.3298156938076,0.003514568630313274,3.0
5297,374.3044449750922,0.003514568630313274,3.0
5298,374.284102167667,0.003514568630313274,3.0
5299,374.2748752196869,0.003514568630313274,3.0
5300,374.269328823951,0.003514568630313274,3.0
5301,374.30000350740335,0.003514568630313274,3.0
5302,374.3079462796865,0.003514568630313274,3.0
5303,374.3227862841786,0.003514568630313274,3.0
5304,374.3381812662425,0.003514568630313274,3.0
5305,374.3592784820371,0.003514568630313274,3.0
5306,374.37793722285716,0.003514568630313274,3.0
5307,374.396928539444,0.003514568630313274,3.0
5308,374.4183399285838,0.003514568630313274,3.0
5309,374.4463027870114,0.003514568630313274,3.0
5310,374.4855662667604,0.003514568630313274,3.0
5311,374.53618096637206,0.003514568630313274,3.0
5312,374.5748490668395,0.003514568630313274,3.0
5313,374.6067880915384,0.003514568630313274,3.0
5314,374.59808651684665,0.003514568630313274,3.0
5315,374.5871171092794,0.003514568630313274,3.0
5316,374.5700136560184,0.003514568630313274,3.0
5317,374.54434963765306,0.003514568630313274,3.0
5318,374.5157213931057,0.003514568630313274,3.0
5319,374.48234867310225,0.003514568630313274,3.0
5320,374.4641641430368,0.003514568630313274,3.0
5321,374.4527806635474,0.003514568630313274,3.0
5322,374.44144630854095,0.003514568630313274,3.0
5323,374.43417018828103,0.003514568630313274,3.0
5324,374.42998428197046,0.003514568630313274,3.0
5325,374.43018790075206,0.003514568630313274,3.0
5326,374.4393017233794,0.003514568630313274,3.0
5327,374.45467242263845,0.003514568630313274,3.0
5328,374.47209830807986,0.003514568630313274,3.0
5329,374.4968446957257,0.003514568630313274,3.0
5330,374.51315264514886,0.003514568630313274,3.0
5331,374.53124104116284,0.003514568630313274,3.0
5332,374.5527137536265,0.003514568630313274,3.0
5333,374.58354421008204,0.003514568630313274,3.0
5334,374.6190587730569,0.003514568630313274,3.0
5335,374.6597737491855,0.003514568630313274,3.0
5336,374.67473059398054,0.003514568630313274,3.0
5337,374.6803599788488,0.003514568630313274,3.0
5338,375.25285558539946,0.003514568630313274,3.0
5339,375.95720851232295,0.003514568630313274,3.0
5340,376.23441750587375,0.003514568630313274,3.0
5341,376.23468361666977,0.003514568630313274,3.0
5342,376.2201056176905,0.003514568630313274,3.0
5343,376.1965540807348,0.003514568630313274,3.0
5344,376.1810656822103,0.003514568630313274,3.0
5345,376.1672290204388,0.003514568630313274,3.0
5346,376.15680515628117,0.003514568630313274,3.0
5347,376.1535252325272,0.003514568630313274,3.0
5348,376.15244534887165,0.003514568630313274,3.0
5349,376.15987730997534,0.003514568630313274,3.0
5350,376.2056158870832,0.003514568630313274,3.0
5351,376.24088402481533,0.003514568630313274,3.0
5352,376.2813557231964,0.003514568630313274,3.0
5353,376.3191828592759,0.003514568630313274,3.0
5354,376.34251773717847,0.003514568630313274,3.0
5355,376.36498307069735,0.003514568630313274,3.0
5356,376.39070472604504,0.003514568630313274,3.0
5357,376.41135531272846,0.003514568630313274,3.0
5358,376.4655500972462,0.003514568630313274,3.0
5359,376.4652406390246,0.003514568630313274,3.0
5360,376.4533634578482,0.003514568630313274,3.0
5361,376.4300490779815,0.003514568630313274,3.0
5362,376.401094023578,0.003514568630313274,3.0
5363,376.39320731444104,0.003514568630313274,3.0
5364,376.37989604727767,0.003514568630313274,3.0
5365,376.35648856191966,0.003514568630313274,3.0
5366,376.32664494489535,0.003514568630313274,3.0
5367,376.2933436364569,0.003514568630313274,3.0
5368,376.267780124696,0.003514568630313274,3.0
5369,376.2485575968539,0.003514568630313274,3.0
5370,376.23344248471034,0.003514568630313274,3.0
5371,376.2301056554069,0.003514568630313274,3.0
5372,376.2280526940865,0.003514568630313274,3.0
5373,376.23658421926575,0.003514568630313274,3.0
5374,376.2694912560622,0.003514568630313274,3.0
5375,376.3013530714103,0.003514568630313274,3.0
5376,376.34496397985777,0.003514568630313274,3.0
5377,376.3808434901273,0.003514568630313274,3.0
5378,376.4176022773036,0.003514568630313274,3.0
5379,376.4434227639789,0.003514568630313274,3.0
5380,376.4708688187878,0.003514568630313274,3.0
5381,376.50838254712716,0.003514568630313274,3.0
5382,376.5513132440899,0.003514568630313274,3.0
5383,376.60933705834367,0.003514568630313274,3.0
5384,376.71545352567006,0.003514568630313274,3.0
5385,377.2955494758438,0.003514568630313274,3.0
5386,377.4436688510535,0.003514568630313274,3.0
5387,377.438465022995,0.003514568630313274,3.0
5388,377.4183038748485,0.003514568630313274,3.0
5389,377.3866600086688,0.003514568630313274,3.0
5390,377.3500522585887,0.003514568630313274,3.0
5391,377.31216172991753,0.003514568630313274,3.0
5392,377.3253602969746,0.003514568630313274,3.0
5393,377.4655744863448,0.003514568630313274,3.0
5394,377.45949984446355,0.003514568630313274,3.0
5395,377.4592959936248,0.003514568630313274,3.0
5396,377.46540677478754,0.003514568630313274,3.0
5397,377.476736957972,0.003514568630313274,3.0
5398,377.5035250483656,0.003514568630313274,3.0
5399,377.5315611074236,0.003514568630313274,3.0
5400,377.5711713547911,0.003514568630313274,3.0
5401,377.61123238746103,0.003514568630313274,3.0
5402,377.64329404603586,0.003514568630313274,3.0
5403,377.66810447852885,0.003514568630313274,3.0
5404,377.69273342467864,0.003514568630313274,3.0
5405,377.7519807075639,0.003514568630313274,3.0
5406,377.7476582655507,0.003514568630313274,3.0
5407,377.74692234920485,0.003514568630313274,3.0
5408,377.73883378712384,0.003514568630313274,3.0
5409,377.80110003033275,0.003514568630313274,3.0
5410,377.8009439861287,0.003514568630313274,3.0
5411,377.78409076160455,0.003514568630313274,3.0
5412,377.89613117426495,0.003514568630313274,3.0
5413,378.61598908259475,0.003514568630313274,3.0
5414,378.8029275086826,0.003514568630313274,3.0
5415,378.7872682853931,0.003514568630313274,3.0
5416,378.7749626971294,0.003514568630313274,3.0
5417,378.77063830180947,0.003514568630313274,3.0
5418,378.76676373951403,0.003514568630313274,3.0
5419,378.76632033260944,0.003514568630313274,3.0
5420,378.7764139714797,0.003514568630313274,3.0
5421,378.79431767929225,0.003514568630313274,3.0
5422,378.8205522828076,0.003514568630313274,3.0
5423,378.84978606400995,0.003514568630313274,3.0
5424,378.8809226067438,0.003514568630313274,3.0
5425,378.91033098512,0.003514568630313274,3.0
5426,378.93014283899555,0.003514568630313274,3.0
5427,378.9503658754805,0.003514568630313274,3.0
5428,378.9778134763127,0.003514568630313274,3.0
5429,379.01310634145244,0.003514568630313274,3.0
5430,379.05837428268643,0.003514568630313274,3.0
5431,379.1013740279395,0.003514568630313274,3.0
5432,379.11986132947595,0.003514568630313274,3.0
5433,379.1195134151638,0.003514568630313274,3.0
5434,379.08915019788554,0.003514568630313274,3.0
5435,379.0493460089679,0.003514568630313274,3.0
5436,378.9962229398312,0.003514568630313274,3.0
5437,378.96958964276587,0.003514568630313274,3.0
5438,378.94613884950684,0.003514568630313274,3.0
5439,378.9157507975233,0.003514568630313274,3.0
5440,378.89791583878537,0.003514568630313274,3.0
5441,378.8805846426739,0.003514568630313274,3.0
5442,378.86701934126813,0.003514568630313274,3.0
5443,378.8615907148293,0.003514568630313274,3.0
5444,378.87299278032197,0.003514568630313274,3.0
5445,378.8862018711143,0.003514568630313274,3.0
5446,378.9168036294564,0.003514568630313274,3.0
5447,378.9515864970001,0.003514568630313274,3.0
5448,378.98641330393804,0.003514568630313274,3.0
5449,379.01242455259893,0.003514568630313274,3.0
5450,379.03231714483985,0.003514568630313274,3.0
5451,379.04837313460115,0.003514568630313274,3.0
5452,379.07188329798976,0.003514568630313274,3.0
5453,379.1070859281233,0.003514568630313274,3.0
5454,379.1504215454285,0.003514568630313274,3.0
5455,379.2072305793776,0.003514568630313274,3.0
5456,379.26543386863443,0.003514568630313274,3.0
5457,379.32736821083904,0.003514568630313274,3.0
5458,379.33345856621526,0.003514568630313274,3.0
5459,379.3301326689352,0.003514568630313274,3.0
5460,379.3155582217114,0.003514568630313274,3.0
5461,379.45921387079983,0.003514568630313274,3.0
5462,379.4393337215557,0.003514568630313274,3.0
5463,379.4081552224364,0.003514568630313274,3.0
5464,379.3842166654609,0.003514568630313274,3.0
5465,379.36277727057967,0.003514568630313274,3.0
5466,379.3471887391171,0.003514568630313274,3.0
5467,379.34038184359946,0.003514568630313274,3.0
5468,379.337590954256,0.003514568630313274,3.0
5469,379.33691701518006,0.003514568630313274,3.0
5470,379.3572669511535,0.003514568630313274,3.0
5471,379.397042755609,0.003514568630313274,3.0
5472,379.4398989395272,0.003514568630313274,3.0
5473,379.47246671308477,0.003514568630313274,3.0
5474,379.4917521214311,0.003514568630313274,3.0
5475,379.50581694195125,0.003514568630313274,3.0
5476,379.52361732739934,0.003514568630313274,3.0
5477,379.5420551635784,0.003514568630313274,3.0
5478,379.56357402553675,0.003514568630313274,3.0
5479,379.57631847092637,0.003514568630313274,3.0
5480,379.5783416404082,0.003514568630313274,3.0
5481,379.6051681528275,0.003514568630313274,3.0
5482,379.58648222311916,0.003514568630313274,3.0
5483,379.5657164681139,0.003514568630313274,3.0
5484,379.5350678125267,0.003514568630313274,3.0
5485,379.50582239659485,0.003514568630313274,3.0
5486,379.4727852138565,0.003514568630313274,3.0
5487,379.43771476620464,0.003514568630313274,3.0
5488,379.4118926814457,0.003514568630313274,3.0
5489,379.39059659152014,0.003514568630313274,3.0
5490,379.3733875619029,0.003514568630313274,3.0
5491,379.3659831316156,0.003514568630313274,3.0
5492,379.36223651767267,0.003514568630313274,3.0
5493,379.4176275638804,0.003514568630313274,3.0
5494,379.4420506576023,0.003514568630313274,3.0
5495,379.4827741289364,0.003514568630313274,3.0
5496,379.51948254264636,0.003514568630313274,3.0
5497,379.5526216252599,0.003514568630313274,3.0
5498,379.5761073952732,0.003514568630313274,3.0
5499,379.6017533488661,0.003514568630313274,3.0
5500,379.628303719118,0.003514568630313274,3.0
5501,379.6589488837042,0.003514568630313274,3.0
5502,379.6995470498417,0.003514568630313274,3.0
5503,379.74494016276714,0.003514568630313274,3.0
5504,379.77485065626104,0.003514568630313274,3.0
5505,379.78018229137945,0.003514568630313274,3.0
5506,379.7689270815797,0.003514568630313274,3.0
5507,379.746523750913,0.003514568630313274,3.0
5508,379.71600552513985,0.003514568630313274,3.0
5509,379.6785405974132,0.003514568630313274,3.0
5510,379.63974484731557,0.003514568630313274,3.0
5511,379.5993194108451,0.003514568630313274,3.0
5512,379.5673936819674,0.003514568630313274,3.0
5513,379.55334519215774,0.003514568630313274,3.0
5514,379.5353466227895,0.003514568630313274,3.0
5515,379.5266998648121,0.003514568630313274,3.0
5516,379.5206273500177,0.003514568630313274,3.0
5517,379.56279050685464,0.003514568630313274,3.0
5518,379.5856944442549,0.003514568630313274,3.0
5519,379.6187898122813,0.003514568630313274,3.0
5520,379.66794591196896,0.003514568630313274,3.0
5521,379.70560035811167,0.003514568630313274,3.0
5522,379.72830606751444,0.003514568630313274,3.0
5523,379.74906144748957,0.003514568630313274,3.0
5524,379.7758460231543,0.003514568630313274,3.0
5525,379.81254974680394,0.003514568630313274,3.0
5526,379.8553091368486,0.003514568630313274,3.0
5527,379.91119865038047,0.003514568630313274,3.0
5528,379.9550017352038,0.003514568630313274,3.0
5529,379.97289023400094,0.003514568630313274,3.0
5530,379.9629981999878,0.003514568630313274,3.0
5531,379.9435065518061,0.003514568630313274,3.0
5532,379.91156693513386,0.003514568630313274,3.0
5533,379.8730017026632,0.003514568630313274,3.0
5534,379.83205975649946,0.003514568630313274,3.0
5535,379.8036603304194,0.003514568630313274,3.0
5536,379.7750441256069,0.003514568630313274,3.0
5537,379.7536825631152,0.003514568630313274,3.0
5538,379.73611696695855,0.003514568630313274,3.0
5539,379.7288513804925,0.003514568630313274,3.0
5540,379.7254314850502,0.003514568630313274,3.0
5541,379.73483712125824,0.003514568630313274,3.0
5542,379.7693879763333,0.003514568630313274,3.0
5543,379.80882105105013,0.003514568630313274,3.0
5544,379.84909789466735,0.003514568630313274,3.0
5545,379.89028829417424,0.003514568630313274,3.0
5546,379.92333592857096,0.003514568630313274,3.0
5547,379.94646315550494,0.003514568630313274,3.0
5548,379.9751664912073,0.003514568630313274,3.0
5549,380.01589623458153,0.003514568630313274,3.0
5550,380.060461547937,0.003514568630313274,3.0
5551,380.1165541103258,0.003514568630313274,3.0
5552,380.16815147033896,0.003514568630313274,3.0
5553,380.20481815298814,0.003514568630313274,3.0
5554,380.2012257797998,0.003514568630313274,3.0
5555,380.18723553797446,0.003514568630313274,3.0
5556,380.1693543969155,0.003514568630313274,3.0
5557,380.1325221214596,0.003514568630313274,3.0
5558,380.09617106114285,0.003514568630313274,3.0
5559,380.05969127634324,0.003514568630313274,3.0
5560,380.0328531735852,0.003514568630313274,3.0
5561,380.0111683856586,0.003514568630313274,3.0
5562,379.99370442571615,0.003514568630313274,3.0
5563,379.98449825157115,0.003514568630313274,3.0
5564,379.9799345804359,0.003514568630313274,3.0
5565,379.97744262829167,0.003514568630313274,3.0
5566,379.98868783740824,0.003514568630313274,3.0
5567,380.0128432353641,0.003514568630313274,3.0
5568,380.0413540562677,0.003514568630313274,3.0
5569,380.0751034373859,0.003514568630313274,3.0
5570,380.0954784990377,0.003514568630313274,3.0
5571,380.1127489269728,0.003514568630313274,3.0
5572,380.13384572085107,0.003514568630313274,3.0
5573,380.16403468651737,0.003514568630313274,3.0
5574,380.19830911123194,0.003514568630313274,3.0
5575,380.24120924349774,0.003514568630313274,3.0
5576,380.29363880343567,0.003514568630313274,3.0
5577,380.3344930402734,0.003514568630313274,3.0
5578,380.33119385893133,0.003514568630313274,3.0
5579,380.32550109853014,0.003514568630313274,3.0
5580,380.31486561662564,0.003514568630313274,3.0
5581,380.312387176133,0.003514568630313274,3.0
5582,380.3033843970342,0.003514568630313274,3.0
5583,380.2940744265119,0.003514568630313274,3.0
5584,380.28940931876735,0.003514568630313274,3.0
5585,380.2838462710422,0.003514568630313274,3.0
5586,380.27945507900733,0.003514568630313274,3.0
5587,380.2772263089726,0.003514568630313274,3.0
5588,380.2766493279624,0.003514568630313274,3.0
5589,380.2883896237478,0.003514568630313274,3.0
5590,380.30944261018504,0.003514568630313274,3.0
5591,380.3319352639509,0.003514568630313274,3.0
5592,380.3682035554245,0.003514568630313274,3.0
5593,380.408037173415,0.003514568630313274,3.0
5594,380.43455809067376,0.003514568630313274,3.0
5595,380.4543516188704,0.003514568630313274,3.0
5596,380.47272605841545,0.003514568630313274,3.0
5597,380.4995896875368,0.003514568630313274,3.0
5598,380.5306996350519,0.003514568630313274,3.0
5599,380.56597345624965,0.003514568630313274,3.0
5600,380.5670504777569,0.003514568630313274,3.0
5601,380.56390050605495,0.003514568630313274,3.0
5602,380.5454577204861,0.003514568630313274,3.0
5603,380.5193792804452,0.003514568630313274,3.0
5604,380.4829689937483,0.003514568630313274,3.0
5605,380.4485230221741,0.003514568630313274,3.0
5606,380.4166453044191,0.003514568630313274,3.0
5607,380.3924654011957,0.003514568630313274,3.0
5608,380.37374675619395,0.003514568630313274,3.0
5609,380.3596968547351,0.003514568630313274,3.0
5610,380.34879142093183,0.003514568630313274,3.0
5611,380.34648559572645,0.003514568630313274,3.0
5612,380.3460444172622,0.003514568630313274,3.0
5613,380.34671853368667,0.003514568630313274,3.0
5614,380.3630918968129,0.003514568630313274,3.0
5615,380.3917938393202,0.003514568630313274,3.0
5616,380.4269995490126,0.003514568630313274,3.0
5617,380.45241230565654,0.003514568630313274,3.0
5618,380.470962264005,0.003514568630313274,3.0
5619,380.48936496577915,0.003514568630313274,3.0
5620,380.51397110812985,0.003514568630313274,3.0
5621,380.5463959389915,0.003514568630313274,3.0
5622,380.5886117247105,0.003514568630313274,3.0
5623,380.6421970778777,0.003514568630313274,3.0
5624,380.6726229741692,0.003514568630313274,3.0
5625,380.67931877360786,0.003514568630313274,3.0
5626,380.66815282313024,0.003514568630313274,3.0
5627,380.6464579618866,0.003514568630313274,3.0
5628,380.612549306937,0.003514568630313274,3.0
5629,380.5740558333878,0.003514568630313274,3.0
5630,380.5352876115689,0.003514568630313274,3.0
5631,380.49572250882267,0.003514568630313274,3.0
5632,380.46530715155416,0.003514568630313274,3.0
5633,380.4425352015478,0.003514568630313274,3.0
5634,380.4244819203872,0.003514568630313274,3.0
5635,380.4216874742037,0.003514568630313274,3.0
5636,380.4197311591326,0.003514568630313274,3.0
5637,380.41846604885757,0.003514568630313274,3.0
5638,380.4244261401249,0.003514568630313274,3.0
5639,380.4571047186299,0.003514568630313274,3.0
5640,380.480552521627,0.003514568630313274,3.0
5641,380.50357017081336,0.003514568630313274,3.0
5642,380.51920994079046,0.003514568630313274,3.0
5643,380.53511243307554,0.003514568630313274,3.0
5644,380.55863712661426,0.003514568630313274,3.0
5645,380.5927387016703,0.003514568630313274,3.0
5646,380.6339153467484,0.003514568630313274,3.0
5647,380.68929999331135,0.003514568630313274,3.0
5648,380.7323454937526,0.003514568630313274,3.0
5649,380.7678008619774,0.003514568630313274,3.0
5650,380.76009763487787,0.003514568630313274,3.0
5651,380.7428272330279,0.003514568630313274,3.0
5652,380.7187250904021,0.003514568630313274,3.0
5653,380.69150733679834,0.003514568630313274,3.0
5654,380.6615250968995,0.003514568630313274,3.0
5655,380.6303435203049,0.003514568630313274,3.0
5656,380.60805819168996,0.003514568630313274,3.0
5657,380.58751504484763,0.003514568630313274,3.0
5658,380.5692461866254,0.003514568630313274,3.0
5659,380.5625941982212,0.003514568630313274,3.0
5660,380.55853251442664,0.003514568630313274,3.0
5661,380.5566512090108,0.003514568630313274,3.0
5662,380.56201862936496,0.003514568630313274,3.0
5663,380.577507904561,0.003514568630313274,3.0
5664,380.5977490564427,0.003514568630313274,3.0
5665,380.6125893942997,0.003514568630313274,3.0
5666,380.62456585295297,0.003514568630313274,3.0
5667,380.63887720445837,0.003514568630313274,3.0
5668,380.6559914923824,0.003514568630313274,3.0
5669,380.6825979109308,0.003514568630313274,3.0
5670,380.72086022519574,0.003514568630313274,3.0
5671,380.7637773095007,0.003514568630313274,3.0
5672,380.78331670202454,0.003514568630313274,3.0
5673,380.7925153183942,0.003514568630313274,3.0
5674,380.7848718009271,0.003514568630313274,3.0
5675,380.77349230269607,0.003514568630313274,3.0
5676,380.75705937337085,0.003514568630313274,3.0
5677,380.72690970573433,0.003514568630313274,3.0
5678,380.7031244543256,0.003514568630313274,3.0
5679,380.67510002064813,0.003514568630313274,3.0
5680,380.6546862239677,0.003514568630313274,3.0
5681,380.6371769139123,0.003514568630313274,3.0
5682,380.6220497643569,0.003514568630313274,3.0
5683,380.6165525133573,0.003514568630313274,3.0
5684,380.6314551832185,0.003514568630313274,3.0
5685,380.647123977592,0.003514568630313274,3.0
5686,380.6765959073613,0.003514568630313274,3.0
5687,380.7131375101052,0.003514568630313274,3.0
5688,380.75081606800745,0.003514568630313274,3.0
5689,380.7806721542349,0.003514568630313274,3.0
5690,380.8007694295106,0.003514568630313274,3.0
5691,380.824719405477,0.003514568630313274,3.0
5692,380.85226653682463,0.003514568630313274,3.0
5693,380.8826313659423,0.003514568630313274,3.0
5694,380.915770430887,0.003514568630313274,3.0
5695,380.95256247279997,0.003514568630313274,3.0
5696,380.97243335253603,0.003514568630313274,3.0
5697,380.9726023779239,0.003514568630313274,3.0
5698,380.9618135666791,0.003514568630313274,3.0
5699,380.95056459904674,0.003514568630313274,3.0
5700,380.94170008898266,0.003514568630313274,3.0
5701,380.9181699379703,0.003514568630313274,3.0
5702,380.89989520285707,0.003514568630313274,3.0
5703,380.87828155700294,0.003514568630313274,3.0
5704,380.86515529928164,0.003514568630313274,3.0
5705,380.85375821838903,0.003514568630313274,3.0
5706,380.8436081897273,0.003514568630313274,3.0
5707,380.83970085518683,0.003514568630313274,3.0
5708,380.8456276551267,0.003514568630313274,3.0
5709,380.897174859939,0.003514568630313274,3.0
5710,380.9385207987089,0.003514568630313274,3.0
5711,380.9845694384747,0.003514568630313274,3.0
5712,381.02834509318706,0.003514568630313274,3.0
5713,381.06996954502347,0.003514568630313274,3.0
5714,381.10213229209114,0.003514568630313274,3.0
5715,381.1274315890936,0.003514568630313274,3.0
5716,381.1550863648652,0.003514568630313274,3.0
5717,381.1916066803968,0.003514568630313274,3.0
5718,381.2265862344385,0.003514568630313274,3.0
5719,381.24721515419526,0.003514568630313274,3.0
5720,381.2638772876435,0.003514568630313274,3.0
5721,381.26400442459686,0.003514568630313274,3.0
5722,381.25540058630287,0.003514568630313274,3.0
5723,381.2427079001708,0.003514568630313274,3.0
5724,381.2238828956933,0.003514568630313274,3.0
5725,381.18722880166894,0.003514568630313274,3.0
5726,381.1516702887126,0.003514568630313274,3.0
5727,381.12793150463966,0.003514568630313274,3.0
5728,381.10498965730875,0.003514568630313274,3.0
5729,381.0858283521046,0.003514568630313274,3.0
5730,381.0711921916766,0.003514568630313274,3.0
5731,381.0652732592179,0.003514568630313274,3.0
5732,381.06121883711563,0.003514568630313274,3.0
5733,381.06510751302955,0.003514568630313274,3.0
5734,381.08503690590817,0.003514568630313274,3.0
5735,381.1142572341931,0.003514568630313274,3.0
5736,381.1492873711003,0.003514568630313274,3.0
5737,381.1849470610669,0.003514568630313274,3.0
5738,381.2157689016079,0.003514568630313274,3.0
5739,381.24083847975083,0.003514568630313274,3.0
5740,381.26809192815455,0.003514568630313274,3.0
5741,381.2988348073752,0.003514568630313274,3.0
5742,381.33536095807796,0.003514568630313274,3.0
5743,381.3715894436717,0.003514568630313274,3.0
5744,381.41681552336513,0.003514568630313274,3.0
5745,381.46966930897594,0.003514568630313274,3.0
5746,381.46929653573636,0.003514568630313274,3.0
5747,381.4653193058707,0.003514568630313274,3.0
5748,381.461512041137,0.003514568630313274,3.0
5749,381.44435870614285,0.003514568630313274,3.0
5750,381.4243016029232,0.003514568630313274,3.0
5751,381.4053771319103,0.003514568630313274,3.0
5752,381.3936926406048,0.003514568630313274,3.0
5753,381.38798593362344,0.003514568630313274,3.0
5754,381.3783284819414,0.003514568630313274,3.0
5755,381.37735256742405,0.003514568630313274,3.0
5756,381.37867262955336,0.003514568630313274,3.0
5757,381.38727982551484,0.003514568630313274,3.0
5758,381.4099759570203,0.003514568630313274,3.0
5759,381.44077125942295,0.003514568630313274,3.0
5760,381.46890037338056,0.003514568630313274,3.0
5761,381.4957299836553,0.003514568630313274,3.0
5762,381.51492063742216,0.003514568630313274,3.0
5763,381.52929932570123,0.003514568630313274,3.0
5764,381.5463163139387,0.003514568630313274,3.0
5765,381.56427439697,0.003514568630313274,3.0
5766,381.586224671778,0.003514568630313274,3.0
5767,381.6025253290743,0.003514568630313274,3.0
5768,381.61906453383665,0.003514568630313274,3.0
5769,381.63907760153216,0.003514568630313274,3.0
5770,381.629844861502,0.003514568630313274,3.0
5771,381.6111227935525,0.003514568630313274,3.0
5772,381.5875755639199,0.003514568630313274,3.0
5773,381.55726791899303,0.003514568630313274,3.0
5774,381.52876704591836,0.003514568630313274,3.0
5775,381.4977681391698,0.003514568630313274,3.0
5776,381.47842736805603,0.003514568630313274,3.0
5777,381.46806064571456,0.003514568630313274,3.0
5778,381.4595997645424,0.003514568630313274,3.0
5779,381.46133155873986,0.003514568630313274,3.0
5780,381.47525446912056,0.003514568630313274,3.0
5781,381.4920976426134,0.003514568630313274,3.0
5782,381.52639695992065,0.003514568630313274,3.0
5783,381.56720447271636,0.003514568630313274,3.0
5784,381.62025657485,0.003514568630313274,3.0
5785,381.65277337952153,0.003514568630313274,3.0
5786,381.67593576259947,0.003514568630313274,3.0
5787,381.6991365740444,0.003514568630313274,3.0
5788,381.7211417868842,0.003514568630313274,3.0
5789,381.7496813933214,0.003514568630313274,3.0
5790,381.7902304648264,0.003514568630313274,3.0
5791,381.8195492516781,0.003514568630313274,3.0
5792,381.84182321536935,0.003514568630313274,3.0
5793,381.8641576276852,0.003514568630313274,3.0
5794,381.86576433725395,0.003514568630313274,3.0
5795,381.85787735800153,0.003514568630313274,3.0
5796,381.84226905759033,0.003514568630313274,3.0
5797,381.8126658836869,0.003514568630313274,3.0
5798,381.7900064287913,0.003514568630313274,3.0
5799,381.76035761436634,0.003514568630313274,3.0
5800,381.74199093102885,0.003514568630313274,3.0
5801,381.72776010448075,0.003514568630313274,3.0
5802,381.717178475348,0.003514568630313274,3.0
5803,381.71428949099374,0.003514568630313274,3.0
5804,381.7159609385718,0.003514568630313274,3.0
5805,381.7174057449063,0.003514568630313274,3.0
5806,381.73523013710474,0.003514568630313274,3.0
5807,381.804475799989,0.003514568630313274,3.0
5808,381.853050768605,0.003514568630313274,3.0
5809,381.88194859181135,0.003514568630313274,3.0
5810,381.9040649728597,0.003514568630313274,3.0
5811,381.92733984722287,0.003514568630313274,3.0
5812,381.95260435613267,0.003514568630313274,3.0
5813,381.97966696785164,0.003514568630313274,3.0
5814,382.01157356512334,0.003514568630313274,3.0
5815,382.2792771732899,0.003514568630313274,3.0
5816,382.41804890566794,0.003514568630313274,3.0
5817,382.46152709864043,0.003514568630313274,3.0
5818,382.46012809380863,0.003514568630313274,3.0
5819,382.45227060223795,0.003514568630313274,3.0
5820,382.44179479917796,0.003514568630313274,3.0
5821,382.42276701140946,0.003514568630313274,3.0
5822,382.40219194435,0.003514568630313274,3.0
5823,382.64983889607737,0.003514568630313274,3.0
5824,383.0526015008735,0.003514568630313274,3.0
5825,383.1344466763404,0.003514568630313274,3.0
5826,383.178796953058,0.003514568630313274,3.0
5827,383.2449496678369,0.003514568630313274,3.0
5828,383.3038235855851,0.003514568630313274,3.0
5829,383.3410173847419,0.003514568630313274,3.0
5830,383.3837147017926,0.003514568630313274,3.0
5831,383.4434251912596,0.003514568630313274,3.0
5832,383.4968706810576,0.003514568630313274,3.0
5833,383.5346616034298,0.003514568630313274,3.0
5834,383.55719271745403,0.003514568630313274,3.0
5835,383.59743375003393,0.003514568630313274,3.0
5836,383.5967627461883,0.003514568630313274,3.0
5837,383.60200006341256,0.003514568630313274,3.0
5838,383.6007119429906,0.003514568630313274,3.0
5839,383.6577270915494,0.003514568630313274,3.0
5840,383.6982558419129,0.003514568630313274,3.0
5841,384.0430485198566,0.003514568630313274,3.0
5842,384.6407804616228,0.003514568630313274,3.0
5843,384.70705040544436,0.003514568630313274,3.0
5844,384.695475201408,0.003514568630313274,3.0
5845,384.6846788249779,0.003514568630313274,3.0
5846,384.7985843319903,0.003514568630313274,3.0
5847,384.8987754644762,0.003514568630313274,3.0
5848,384.9369179181035,0.003514568630313274,3.0
5849,384.9603745207419,0.003514568630313274,3.0
5850,384.9678824782618,0.003514568630313274,3.0
5851,384.9936104709725,0.003514568630313274,3.0
5852,385.0226615452194,0.003514568630313274,3.0
5853,385.050099065904,0.003514568630313274,3.0
5854,385.09711029535515,0.003514568630313274,3.0
5855,385.16165335316197,0.003514568630313274,3.0
5856,385.2055701457364,0.003514568630313274,3.0
5857,385.2347330249446,0.003514568630313274,3.0
5858,385.25671321722604,0.003514568630313274,3.0
5859,385.2783223506888,0.003514568630313274,3.0
5860,385.3007611695866,0.003514568630313274,3.0
5861,385.34536632876814,0.003514568630313274,3.0
5862,385.37055301775854,0.003514568630313274,3.0
5863,385.3662328745736,0.003514568630313274,3.0
5864,385.35186215628903,0.003514568630313274,3.0
5865,385.33923751989755,0.003514568630313274,3.0
5866,385.3366808257784,0.003514568630313274,3.0
5867,385.3195742407998,0.003514568630313274,3.0
5868,385.2874662226178,0.003514568630313274,3.0
5869,385.26571516989196,0.003514568630313274,3.0
5870,385.2392426584965,0.003514568630313274,3.0
5871,385.22581668189304,0.003514568630313274,3.0
5872,385.2106478558895,0.003514568630313274,3.0
5873,385.1968307614463,0.003514568630313274,3.0
5874,385.1880211815192,0.003514568630313274,3.0
5875,385.1852762900291,0.003514568630313274,3.0
5876,385.1918389727923,0.003514568630313274,3.0
5877,385.2018881073208,0.003514568630313274,3.0
5878,385.2344487614754,0.003514568630313274,3.0
5879,385.27195032920594,0.003514568630313274,3.0
5880,385.31244852202644,0.003514568630313274,3.0
5881,385.34742181634056,0.003514568630313274,3.0
5882,385.3770207205074,0.003514568630313274,3.0
5883,385.4012800387829,0.003514568630313274,3.0
5884,385.42996277261216,0.003514568630313274,3.0
5885,385.46784683442553,0.003514568630313274,3.0
5886,385.5138932779784,0.003514568630313274,3.0
5887,385.5693984920393,0.003514568630313274,3.0
5888,385.9273282212077,0.003514568630313274,3.0
5889,386.49841774282316,0.003514568630313274,3.0
5890,386.7110395526939,0.003514568630313274,3.0
5891,386.8299254574014,0.003514568630313274,3.0
5892,386.81929471464787,0.003514568630313274,3.0
5893,386.7978792418345,0.003514568630313274,3.0
5894,386.7728663014459,0.003514568630313274,3.0
5895,386.7455392395451,0.003514568630313274,3.0
5896,386.72870396258514,0.003514568630313274,3.0
5897,386.7139066585812,0.003514568630313274,3.0
5898,386.7014620528465,0.003514568630313274,3.0
5899,386.70015851148423,0.003514568630313274,3.0
5900,386.7001145656001,0.003514568630313274,3.0
5901,386.7094207930515,0.003514568630313274,3.0
5902,386.73831064411877,0.003514568630313274,3.0
5903,386.77790516005564,0.003514568630313274,3.0
5904,386.81551599855317,0.003514568630313274,3.0
5905,386.85669725150615,0.003514568630313274,3.0
5906,386.8909935147121,0.003514568630313274,3.0
5907,386.9118842558293,0.003514568630313274,3.0
5908,386.9548171473506,0.003514568630313274,3.0
5909,386.9733075867731,0.003514568630313274,3.0
5910,386.9683074095504,0.003514568630313274,3.0
5911,386.9628310379698,0.003514568630313274,3.0
5912,386.9566341865302,0.003514568630313274,3.0
5913,387.2017385919321,0.003514568630313274,3.0
5914,387.70214108640357,0.003514568630313274,3.0
5915,388.18544871653205,0.003514568630313274,3.0
5916,388.2834230872016,0.003514568630313274,3.0
5917,388.27053327839064,0.003514568630313274,3.0
5918,388.2480200373328,0.003514568630313274,3.0
5919,388.2180540139412,0.003514568630313274,3.0
5920,388.1975266577105,0.003514568630313274,3.0
5921,388.1895643580493,0.003514568630313274,3.0
5922,388.18314496188026,0.003514568630313274,3.0
5923,388.1829017522981,0.003514568630313274,3.0
5924,388.1825371147202,0.003514568630313274,3.0
5925,388.1905801650684,0.003514568630313274,3.0
5926,388.21010883488395,0.003514568630313274,3.0
5927,388.2523634328564,0.003514568630313274,3.0
5928,388.29595921727713,0.003514568630313274,3.0
5929,388.3285224274826,0.003514568630313274,3.0
5930,388.35508138772013,0.003514568630313274,3.0
5931,388.3781108951672,0.003514568630313274,3.0
5932,388.4038432335203,0.003514568630313274,3.0
5933,388.44134605879856,0.003514568630313274,3.0
5934,388.4739313806237,0.003514568630313274,3.0
5935,388.49574813310306,0.003514568630313274,3.0
5936,388.4864081460129,0.003514568630313274,3.0
5937,388.4771552936196,0.003514568630313274,3.0
5938,388.4629279535232,0.003514568630313274,3.0
5939,388.4559887597199,0.003514568630313274,3.0
5940,388.43656781749695,0.003514568630313274,3.0
5941,388.4066044370545,0.003514568630313274,3.0
5942,388.3727764394038,0.003514568630313274,3.0
5943,388.3373633799575,0.003514568630313274,3.0
5944,388.3145769733204,0.003514568630313274,3.0
5945,388.29797679197793,0.003514568630313274,3.0
5946,388.2846279818378,0.003514568630313274,3.0
5947,388.281994554831,0.003514568630313274,3.0
5948,388.2805288674112,0.003514568630313274,3.0
5949,388.2920591006767,0.003514568630313274,3.0
5950,388.31535553005875,0.003514568630313274,3.0
5951,388.3745646069239,0.003514568630313274,3.0
5952,388.427611260334,0.003514568630313274,3.0
5953,388.46387916867855,0.003514568630313274,3.0
5954,388.48915906756343,0.003514568630313274,3.0
5955,388.51315518356273,0.003514568630313274,3.0
5956,388.5381399586569,0.003514568630313274,3.0
5957,388.5720653199916,0.003514568630313274,3.0
5958,388.6142411024376,0.003514568630313274,3.0
5959,388.6906010717223,0.003514568630313274,3.0
5960,388.7321719588752,0.003514568630313274,3.0
5961,388.7540263218605,0.003514568630313274,3.0
5962,388.7707645863043,0.003514568630313274,3.0
5963,388.7624902529104,0.003514568630313274,3.0
5964,388.74571483035936,0.003514568630313274,3.0
5965,388.71177593825973,0.003514568630313274,3.0
5966,388.6742062448373,0.003514568630313274,3.0
5967,388.747463021674,0.003514568630313274,3.0
5968,388.9526589332326,0.003514568630313274,3.0
5969,388.9523819676396,0.003514568630313274,3.0
5970,388.94847854589864,0.003514568630313274,3.0
5971,388.9578676780843,0.003514568630313274,3.0
5972,388.9666634881734,0.003514568630313274,3.0
5973,388.98929557680447,0.003514568630313274,3.0
5974,389.0204598809343,0.003514568630313274,3.0
5975,389.072425468883,0.003514568630313274,3.0
5976,389.11079493905504,0.003514568630313274,3.0
5977,389.1453756440358,0.003514568630313274,3.0
5978,389.1702524163027,0.003514568630313274,3.0
5979,389.19448241481865,0.003514568630313274,3.0
5980,389.21742096460935,0.003514568630313274,3.0
5981,389.2470057279476,0.003514568630313274,3.0
5982,389.2853655699145,0.003514568630313274,3.0
5983,389.32018488163715,0.003514568630313274,3.0
5984,389.3580144146045,0.003514568630313274,3.0
5985,389.39280618060667,0.003514568630313274,3.0
5986,389.41251265992037,0.003514568630313274,3.0
5987,389.40773424161097,0.003514568630313274,3.0
5988,389.3905773057022,0.003514568630313274,3.0
5989,389.358942206259,0.003514568630313274,3.0
5990,389.32372704164493,0.003514568630313274,3.0
5991,389.2948854962155,0.003514568630313274,3.0
5992,389.29090688908536,0.003514568630313274,3.0
5993,389.28957487260266,0.003514568630313274,3.0
5994,389.28808292075865,0.003514568630313274,3.0
5995,389.3028913681386,0.003514568630313274,3.0
5996,389.31917534138717,0.003514568630313274,3.0
5997,389.3504970567949,0.003514568630313274,3.0
5998,389.3922273968245,0.003514568630313274,3.0
5999,389.43675039939717,0.003514568630313274,3.0
6000,389.4817738524281,0.003514568630313274,3.0
6001,389.5198077524105,0.003514568630313274,3.0
6002,389.54439075386324,0.003514568630313274,3.0
6003,389.5653083326772,0.003514568630313274,3.0
6004,389.58712686983915,0.003514568630313274,3.0
6005,389.60634864303535,0.003514568630313274,3.0
6006,389.6326597425919,0.003514568630313274,3.0
6007,389.6660776419298,0.003514568630313274,3.0
6008,389.70790033249233,0.003514568630313274,3.0
6009,389.73638839957687,0.003514568630313274,3.0
6010,389.7433445817926,0.003514568630313274,3.0
6011,389.7367563354294,0.003514568630313274,3.0
6012,389.71991264669145,0.003514568630313274,3.0
6013,389.689345286593,0.003514568630313274,3.0
6014,389.65712080470166,0.003514568630313274,3.0
6015,389.62568399372856,0.003514568630313274,3.0
6016,389.60678883078066,0.003514568630313274,3.0
6017,389.5926746434086,0.003514568630313274,3.0
6018,389.59052405954685,0.003514568630313274,3.0
6019,389.5897760375573,0.003514568630313274,3.0
6020,389.59644542288913,0.003514568630313274,3.0
6021,389.61168853170955,0.003514568630313274,3.0
6022,389.65420410955284,0.003514568630313274,3.0
6023,389.699711426086,0.003514568630313274,3.0
6024,389.7457381779856,0.003514568630313274,3.0
6025,389.7809186108298,0.003514568630313274,3.0
6026,389.8051514411065,0.003514568630313274,3.0
6027,389.8233396985748,0.003514568630313274,3.0
6028,389.84308020507774,0.003514568630313274,3.0
6029,389.86672023665875,0.003514568630313274,3.0
6030,389.8953725403546,0.003514568630313274,3.0
6031,389.929446856998,0.003514568630313274,3.0
6032,390.33704517636505,0.003514568630313274,3.0
6033,391.14222726722505,0.003514568630313274,3.0
6034,391.8625230581813,0.003514568630313274,3.0
6035,392.0417358690637,0.003514568630313274,3.0
6036,392.0577713318013,0.003514568630313274,3.0
6037,392.04281714517236,0.003514568630313274,3.0
6038,392.02748012147543,0.003514568630313274,3.0
6039,391.9973142348137,0.003514568630313274,3.0
6040,391.97786333545065,0.003514568630313274,3.0
6041,391.9597033865466,0.003514568630313274,3.0
6042,391.94940858460694,0.003514568630313274,3.0
6043,391.94549113797285,0.003514568630313274,3.0
6044,391.9704316363497,0.003514568630313274,3.0
6045,391.9947189036955,0.003514568630313274,3.0
6046,392.03915140281725,0.003514568630313274,3.0
6047,392.08461732120793,0.003514568630313274,3.0
6048,392.1329720013736,0.003514568630313274,3.0
6049,392.1693963728512,0.003514568630313274,3.0
6050,392.1992629125556,0.003514568630313274,3.0
6051,392.220354083052,0.003514568630313274,3.0
6052,392.26212779754894,0.003514568630313274,3.0
6053,392.2747814613866,0.003514568630313274,3.0
6054,392.27435209026834,0.003514568630313274,3.0
6055,392.3350120673043,0.003514568630313274,3.0
6056,392.79183499084246,0.003514568630313274,3.0
6057,392.82520940824895,0.003514568630313274,3.0
6058,392.9275954906229,0.003514568630313274,3.0
6059,392.9401053866947,0.003514568630313274,3.0
6060,392.92995584475295,0.003514568630313274,3.0
6061,392.9165103555562,0.003514568630313274,3.0
6062,392.89704219982497,0.003514568630313274,3.0
6063,392.8708502388237,0.003514568630313274,3.0
6064,392.8508984513184,0.003514568630313274,3.0
6065,392.83437920741545,0.003514568630313274,3.0
6066,392.8208317265062,0.003514568630313274,3.0
6067,392.8163933358545,0.003514568630313274,3.0
6068,392.8200776359182,0.003514568630313274,3.0
6069,392.8346524881227,0.003514568630313274,3.0
6070,392.8615343503593,0.003514568630313274,3.0
6071,392.89509845857873,0.003514568630313274,3.0
6072,392.93029220033617,0.003514568630313274,3.0
6073,392.96755044481955,0.003514568630313274,3.0
6074,392.9995623651739,0.003514568630313274,3.0
6075,393.02624237412164,0.003514568630313274,3.0
6076,393.0698931665881,0.003514568630313274,3.0
6077,393.0647692233591,0.003514568630313274,3.0
6078,393.06428349464625,0.003514568630313274,3.0
6079,393.0679490061507,0.003514568630313274,3.0
6080,393.1451024482869,0.003514568630313274,3.0
6081,393.18249709559683,0.003514568630313274,3.0
6082,393.1920851768833,0.003514568630313274,3.0
6083,393.18410790964407,0.003514568630313274,3.0
6084,393.17116744955877,0.003514568630313274,3.0
6085,393.16134708800894,0.003514568630313274,3.0
6086,393.14709973356963,0.003514568630313274,3.0
6087,393.13119924561283,0.003514568630313274,3.0
6088,393.1245684333529,0.003514568630313274,3.0
6089,393.12243456485066,0.003514568630313274,3.0
6090,393.1243564617597,0.003514568630313274,3.0
6091,393.12383430162265,0.003514568630313274,3.0
6092,393.13171135129363,0.003514568630313274,3.0
6093,393.15251582442806,0.003514568630313274,3.0
6094,393.1751578262621,0.003514568630313274,3.0
6095,393.21340532506923,0.003514568630313274,3.0
6096,393.24755104957995,0.003514568630313274,3.0
6097,393.2712687504927,0.003514568630313274,3.0
6098,393.29139635400617,0.003514568630313274,3.0
6099,393.3111746962832,0.003514568630313274,3.0
6100,393.33755120284064,0.003514568630313274,3.0
6101,393.36321560465143,0.003514568630313274,3.0
6102,393.3953204315627,0.003514568630313274,3.0
6103,393.4376470591988,0.003514568630313274,3.0
6104,393.4841233362025,0.003514568630313274,3.0
6105,393.4839731863327,0.003514568630313274,3.0
6106,393.47475216995286,0.003514568630313274,3.0
6107,393.4590552250723,0.003514568630313274,3.0
6108,393.44057011438423,0.003514568630313274,3.0
6109,393.42750896689984,0.003514568630313274,3.0
6110,393.69808117979045,0.003514568630313274,3.0
6111,394.12747954119254,0.003514568630313274,3.0
6112,394.6951242452689,0.003514568630313274,3.0
6113,394.937668789224,0.003514568630313274,3.0
6114,395.0576148122721,0.003514568630313274,3.0
6115,395.13608694296084,0.003514568630313274,3.0
6116,395.1889419535164,0.003514568630313274,3.0
6117,395.2416248158078,0.003514568630313274,3.0
6118,395.31554551282875,0.003514568630313274,3.0
6119,395.38352432380776,0.003514568630313274,3.0
6120,395.43948942975254,0.003514568630313274,3.0
6121,395.4760190681507,0.003514568630313274,3.0
6122,395.50049960404107,0.003514568630313274,3.0
6123,395.5252467146455,0.003514568630313274,3.0
6124,395.55373364606197,0.003514568630313274,3.0
6125,395.5781435070047,0.003514568630313274,3.0
6126,395.6093946870576,0.003514568630313274,3.0
6127,395.649332657993,0.003514568630313274,3.0
6128,395.6701204898234,0.003514568630313274,3.0
6129,395.6657254861717,0.003514568630313274,3.0
6130,395.65235541928126,0.003514568630313274,3.0
6131,395.61774721675516,0.003514568630313274,3.0
6132,395.5802505529197,0.003514568630313274,3.0
6133,395.5324129812746,0.003514568630313274,3.0
6134,395.4871681192559,0.003514568630313274,3.0
6135,395.46417641791703,0.003514568630313274,3.0
6136,395.4864419513565,0.003514568630313274,3.0
6137,395.51342730454843,0.003514568630313274,3.0
6138,395.5299204247671,0.003514568630313274,3.0
6139,395.56169014252896,0.003514568630313274,3.0
6140,395.58955176522926,0.003514568630313274,3.0
6141,395.62106211620375,0.003514568630313274,3.0
6142,395.665335499225,0.003514568630313274,3.0
6143,395.71780676594676,0.003514568630313274,3.0
6144,395.7729222791287,0.003514568630313274,3.0
6145,395.8069968236245,0.003514568630313274,3.0
6146,395.8301906430655,0.003514568630313274,3.0
6147,395.85368772672695,0.003514568630313274,3.0
6148,395.8797759230568,0.003514568630313274,3.0
6149,395.910828100151,0.003514568630313274,3.0
6150,395.95335126074104,0.003514568630313274,3.0
6151,396.00692424945805,0.003514568630313274,3.0
6152,396.03838992743744,0.003514568630313274,3.0
6153,396.06231307611205,0.003514568630313274,3.0
6154,396.04908015739716,0.003514568630313274,3.0
6155,396.0254207355529,0.003514568630313274,3.0
6156,395.99174546558316,0.003514568630313274,3.0
6157,395.96544832649005,0.003514568630313274,3.0
6158,395.942237677711,0.003514568630313274,3.0
6159,395.923024704045,0.003514568630313274,3.0
6160,395.9145494551163,0.003514568630313274,3.0
6161,395.90868654571426,0.003514568630313274,3.0
6162,395.9032113002859,0.003514568630313274,3.0
6163,395.90197076821966,0.003514568630313274,3.0
6164,395.9065161905544,0.003514568630313274,3.0
6165,395.93626796601416,0.003514568630313274,3.0
6166,395.97600625153666,0.003514568630313274,3.0
6167,396.0080394271961,0.003514568630313274,3.0
6168,396.060641108361,0.003514568630313274,3.0
6169,396.08950283517385,0.003514568630313274,3.0
6170,396.11185764261705,0.003514568630313274,3.0
6171,396.13507198918717,0.003514568630313274,3.0
6172,396.16029303997107,0.003514568630313274,3.0
6173,396.1934365303863,0.003514568630313274,3.0
6174,396.23841318827795,0.003514568630313274,3.0
6175,396.2946287941461,0.003514568630313274,3.0
6176,396.3668027182568,0.003514568630313274,3.0
6177,396.7079266090419,0.003514568630313274,3.0
6178,397.2359829297,0.003514568630313274,3.0
6179,397.82016882220466,0.003514568630313274,3.0
6180,398.28202139252863,0.003514568630313274,3.0
6181,398.4336323941816,0.003514568630313274,3.0
6182,398.50808104321914,0.003514568630313274,3.0
6183,398.5698381884053,0.003514568630313274,3.0
6184,398.6073589323016,0.003514568630313274,3.0
6185,398.64049987407753,0.003514568630313274,3.0
6186,398.6632257694218,0.003514568630313274,3.0
6187,398.676622477064,0.003514568630313274,3.0
6188,398.68806408731655,0.003514568630313274,3.0
6189,398.7055974063396,0.003514568630313274,3.0
6190,398.7399713096213,0.003514568630313274,3.0
6191,398.7853939324151,0.003514568630313274,3.0
6192,398.82987636805547,0.003514568630313274,3.0
6193,398.8621119787814,0.003514568630313274,3.0
6194,398.8841464782702,0.003514568630313274,3.0
6195,398.9013619177911,0.003514568630313274,3.0
6196,398.9188720078628,0.003514568630313274,3.0
6197,398.9514525804243,0.003514568630313274,3.0
6198,398.9509418838634,0.003514568630313274,3.0
6199,398.94680815600265,0.003514568630313274,3.0
6200,398.94172866234544,0.003514568630313274,3.0
6201,398.9212944473589,0.003514568630313274,3.0
6202,398.89633242476,0.003514568630313274,3.0
6203,398.89548483228566,0.003514568630313274,3.0
6204,399.4919290265726,0.003514568630313274,3.0
6205,399.6051530231249,0.003514568630313274,3.0
6206,399.5985717160456,0.003514568630313274,3.0
6207,399.5881539576132,0.003514568630313274,3.0
6208,399.5830156922032,0.003514568630313274,3.0
6209,399.57931461098644,0.003514568630313274,3.0
6210,399.5765379624082,0.003514568630313274,3.0
6211,399.58758147838523,0.003514568630313274,3.0
6212,399.59581437502203,0.003514568630313274,3.0
6213,399.63004338181184,0.003514568630313274,3.0
6214,399.6771568744326,0.003514568630313274,3.0
6215,399.7335189083491,0.003514568630313274,3.0
6216,399.77968564006676,0.003514568630313274,3.0
6217,399.82174588765935,0.003514568630313274,3.0
6218,399.8620004996449,0.003514568630313274,3.0
6219,399.88843794547927,0.003514568630313274,3.0
6220,399.9196574930397,0.003514568630313274,3.0
6221,399.9520342124122,0.003514568630313274,3.0
6222,399.98865832630105,0.003514568630313274,3.0
6223,400.0223131399273,0.003514568630313274,3.0
6224,400.0788806023105,0.003514568630313274,3.0
6225,400.3080707951746,0.003514568630313274,3.0
6226,401.1251796067398,0.003514568630313274,3.0
6227,401.96712519909744,0.003514568630313274,3.0
6228,402.42140253869195,0.003514568630313274,3.0
6229,402.54821830590134,0.003514568630313274,3.0
6230,402.58187273169005,0.003514568630313274,3.0
6231,402.5806785244037,0.003514568630313274,3.0
6232,402.57428572327706,0.003514568630313274,3.0
6233,402.5679703639619,0.003514568630313274,3.0
6234,402.5625152549639,0.003514568630313274,3.0
6235,402.5783149468948,0.003514568630313274,3.0
6236,402.5964980029924,0.003514568630313274,3.0
6237,402.61258835161476,0.003514568630313274,3.0
6238,402.6467338862749,0.003514568630313274,3.0
6239,402.67650988268645,0.003514568630313274,3.0
6240,402.70445040309914,0.003514568630313274,3.0
6241,402.7439178227342,0.003514568630313274,3.0
6242,402.77795266339285,0.003514568630313274,3.0
6243,402.80310110082513,0.003514568630313274,3.0
6244,402.8259253431535,0.003514568630313274,3.0
6245,402.86075746173486,0.003514568630313274,3.0
6246,402.8909971346213,0.003514568630313274,3.0
6247,402.88840832321256,0.003514568630313274,3.0
6248,402.8763645685338,0.003514568630313274,3.0
6249,402.8539395805326,0.003514568630313274,3.0
6250,402.84327496157226,0.003514568630313274,3.0
6251,403.24636783128443,0.003514568630313274,3.0
6252,403.7549921940599,0.003514568630313274,3.0
6253,404.31443172972365,0.003514568630313274,3.0
6254,404.74972927745836,0.003514568630313274,3.0
6255,404.8878460754836,0.003514568630313274,3.0
6256,404.98366480901745,0.003514568630313274,3.0
6257,405.0374809192658,0.003514568630313274,3.0
6258,405.07853487702874,0.003514568630313274,3.0
6259,405.11590016918194,0.003514568630313274,3.0
6260,405.1510095251702,0.003514568630313274,3.0
6261,405.18970946425134,0.003514568630313274,3.0
6262,405.2359698699369,0.003514568630313274,3.0
6263,405.2819007429062,0.003514568630313274,3.0
6264,405.31655996657287,0.003514568630313274,3.0
6265,405.35002896489067,0.003514568630313274,3.0
6266,405.3735395280333,0.003514568630313274,3.0
6267,405.39604777663556,0.003514568630313274,3.0
6268,405.42031002174855,0.003514568630313274,3.0
6269,405.4507218884371,0.003514568630313274,3.0
6270,405.4811924232605,0.003514568630313274,3.0
6271,405.5340873571726,0.003514568630313274,3.0
6272,405.52660334747947,0.003514568630313274,3.0
6273,405.5128626729633,0.003514568630313274,3.0
6274,405.48413589906784,0.003514568630313274,3.0
6275,405.4537261112503,0.003514568630313274,3.0
6276,405.4264543173665,0.003514568630313274,3.0
6277,405.4074559996319,0.003514568630313274,3.0
6278,405.3988045960262,0.003514568630313274,3.0
6279,405.3813073982752,0.003514568630313274,3.0
6280,405.36900260320465,0.003514568630313274,3.0
6281,405.3590314761004,0.003514568630313274,3.0
6282,405.354517262111,0.003514568630313274,3.0
6283,405.3543090709339,0.003514568630313274,3.0
6284,405.3621034518376,0.003514568630313274,3.0
6285,405.3756592947723,0.003514568630313274,3.0
6286,405.3930561230611,0.003514568630313274,3.0
6287,405.4174430342683,0.003514568630313274,3.0
6288,405.44093061589643,0.003514568630313274,3.0
6289,405.4605041864321,0.003514568630313274,3.0
6290,405.47626389858436,0.003514568630313274,3.0
6291,405.4925246817093,0.003514568630313274,3.0
6292,405.5182965838493,0.003514568630313274,3.0
6293,405.5529195489498,0.003514568630313274,3.0
6294,405.5893740667161,0.003514568630313274,3.0
6295,405.6328298116905,0.003514568630313274,3.0
6296,405.66577158394557,0.003514568630313274,3.0
6297,405.6668784727274,0.003514568630313274,3.0
6298,405.65372384241397,0.003514568630313274,3.0
6299,405.6306658001606,0.003514568630313274,3.0
6300,405.60218184104315,0.003514568630313274,3.0
6301,405.5775113027674,0.003514568630313274,3.0
6302,405.5558950935913,0.003514568630313274,3.0
6303,405.53369136705305,0.003514568630313274,3.0
6304,405.52055265822844,0.003514568630313274,3.0
6305,405.51202311278496,0.003514568630313274,3.0
6306,405.50609990023963,0.003514568630313274,3.0
6307,405.5039017924315,0.003514568630313274,3.0
6308,405.5035272300293,0.003514568630313274,3.0
6309,405.5420469077925,0.003514568630313274,3.0
6310,405.57061453178017,0.003514568630313274,3.0
6311,405.60998308741233,0.003514568630313274,3.0
6312,405.65567450837216,0.003514568630313274,3.0
6313,405.6852047604055,0.003514568630313274,3.0
6314,405.702652793828,0.003514568630313274,3.0
6315,405.7238276487919,0.003514568630313274,3.0
6316,405.75110255206425,0.003514568630313274,3.0
6317,405.7843591729774,0.003514568630313274,3.0
6318,406.0165932963319,0.003514568630313274,3.0
6319,406.5680187858406,0.003514568630313274,3.0
6320,407.2211620666378,0.003514568630313274,3.0
6321,407.96450110727227,0.003514568630313274,3.0
6322,408.6542628584802,0.003514568630313274,3.0
6323,409.10907024196575,0.003514568630313274,3.0
6324,409.2164848286954,0.003514568630313274,3.0
6325,409.2281551790396,0.003514568630313274,3.0
6326,409.22316712686245,0.003514568630313274,3.0
6327,409.211856212923,0.003514568630313274,3.0
6328,409.20605295997547,0.003514568630313274,3.0
6329,409.2026797206442,0.003514568630313274,3.0
6330,409.1948418135199,0.003514568630313274,3.0
6331,409.1948400307755,0.003514568630313274,3.0
6332,409.2009835589717,0.003514568630313274,3.0
6333,409.2227254966693,0.003514568630313274,3.0
6334,409.2480942054959,0.003514568630313274,3.0
6335,409.29116090850476,0.003514568630313274,3.0
6336,409.3342108096329,0.003514568630313274,3.0
6337,409.3656027454829,0.003514568630313274,3.0
6338,409.3960664526309,0.003514568630313274,3.0
6339,409.41410505563255,0.003514568630313274,3.0
6340,409.4107469035229,0.003514568630313274,3.0
6341,409.4073144143503,0.003514568630313274,3.0
6342,409.40243708760653,0.003514568630313274,3.0
6343,409.39759173464074,0.003514568630313274,3.0
6344,409.3909170480366,0.003514568630313274,3.0
6345,409.43968696485325,0.003514568630313274,3.0
6346,409.4849545554522,0.003514568630313274,3.0
6347,409.5405388411142,0.003514568630313274,3.0
6348,409.53951646873014,0.003514568630313274,3.0
6349,409.53253823097214,0.003514568630313274,3.0
6350,409.52263976511557,0.003514568630313274,3.0
6351,409.5076995986769,0.003514568630313274,3.0
6352,409.49658863310617,0.003514568630313274,3.0
6353,409.48845442391973,0.003514568630313274,3.0
6354,409.48494507556245,0.003514568630313274,3.0
6355,409.484520313345,0.003514568630313274,3.0
6356,409.5007065631974,0.003514568630313274,3.0
6357,409.53228753253444,0.003514568630313274,3.0
6358,409.5780651671485,0.003514568630313274,3.0
6359,409.62450374275886,0.003514568630313274,3.0
6360,409.6737209499112,0.003514568630313274,3.0
6361,409.70969720850997,0.003514568630313274,3.0
6362,409.73384239669446,0.003514568630313274,3.0
6363,409.7555356100642,0.003514568630313274,3.0
6364,409.778047034672,0.003514568630313274,3.0
6365,409.8037830691028,0.003514568630313274,3.0
6366,409.8254743855987,0.003514568630313274,3.0
6367,409.85425559423874,0.003514568630313274,3.0
6368,409.85927352153914,0.003514568630313274,3.0
6369,409.86755753388496,0.003514568630313274,3.0
6370,409.857685452498,0.003514568630313274,3.0
6371,409.8432290486962,0.003514568630313274,3.0
6372,409.84168480171235,0.003514568630313274,3.0
6373,409.82471144611753,0.003514568630313274,3.0
6374,409.8141875315508,0.003514568630313274,3.0
6375,409.7979398569813,0.003514568630313274,3.0
6376,409.79140953322775,0.003514568630313274,3.0
6377,409.7850117702007,0.003514568630313274,3.0
6378,409.7811921743117,0.003514568630313274,3.0
6379,409.7794188548643,0.003514568630313274,3.0
6380,409.78009592481044,0.003514568630313274,3.0
6381,409.8310129479397,0.003514568630313274,3.0
6382,409.88056585976636,0.003514568630313274,3.0
6383,409.9374718618948,0.003514568630313274,3.0
6384,409.97654072523875,0.003514568630313274,3.0
6385,410.01093026632395,0.003514568630313274,3.0
6386,410.04222552589215,0.003514568630313274,3.0
6387,410.0666449831706,0.003514568630313274,3.0
6388,410.09317129723655,0.003514568630313274,3.0
6389,410.12459912550764,0.003514568630313274,3.0
6390,410.1605974833209,0.003514568630313274,3.0
6391,410.42104736056484,0.003514568630313274,3.0
6392,410.9718136991721,0.003514568630313274,3.0
6393,411.5309536731745,0.003514568630313274,3.0
6394,411.6549255770897,0.003514568630313274,3.0
6395,411.6555508246486,0.003514568630313274,3.0
6396,411.64691601558167,0.003514568630313274,3.0
6397,411.6412665833358,0.003514568630313274,3.0
6398,411.6318712389762,0.003514568630313274,3.0
6399,411.6182165267928,0.003514568630313274,3.0
6400,411.6162021505941,0.003514568630313274,3.0
6401,411.6159467374716,0.003514568630313274,3.0
6402,411.6169784974198,0.003514568630313274,3.0
6403,411.6207562959101,0.003514568630313274,3.0
6404,411.62425666031555,0.003514568630313274,3.0
6405,411.65270498054934,0.003514568630313274,3.0
6406,411.6870269243108,0.003514568630313274,3.0
6407,411.72464826180095,0.003514568630313274,3.0
6408,411.76755869912427,0.003514568630313274,3.0
6409,411.80679838554244,0.003514568630313274,3.0
6410,411.8483897823773,0.003514568630313274,3.0
6411,411.87952063088505,0.003514568630313274,3.0
6412,411.8957957487779,0.003514568630313274,3.0
6413,411.89453710030347,0.003514568630313274,3.0
6414,411.8834751874422,0.003514568630313274,3.0
6415,411.9882805059725,0.003514568630313274,3.0
6416,412.48172793363034,0.003514568630313274,3.0
6417,413.01286465183415,0.003514568630313274,3.0
6418,413.9502817158899,0.003514568630313274,3.0
6419,414.4733627548333,0.003514568630313274,3.0
6420,414.6412797704279,0.003514568630313274,3.0
6421,414.7438312320828,0.003514568630313274,3.0
6422,414.78561507713846,0.003514568630313274,3.0
6423,414.7914929137343,0.003514568630313274,3.0
6424,414.8193062123604,0.003514568630313274,3.0
6425,414.84377590029777,0.003514568630313274,3.0
6426,414.85870772553085,0.003514568630313274,3.0
6427,414.8767309322237,0.003514568630313274,3.0
6428,414.89629519431077,0.003514568630313274,3.0
6429,414.9528700278603,0.003514568630313274,3.0
6430,415.0501365094075,0.003514568630313274,3.0
6431,415.10222886693447,0.003514568630313274,3.0
6432,415.1504661699714,0.003514568630313274,3.0
6433,415.1877005862321,0.003514568630313274,3.0
6434,415.216747394743,0.003514568630313274,3.0
6435,415.238503398735,0.003514568630313274,3.0
6436,415.26676282391617,0.003514568630313274,3.0
6437,415.26253150298635,0.003514568630313274,3.0
6438,415.27623204638587,0.003514568630313274,3.0
6439,415.2652015560302,0.003514568630313274,3.0
6440,415.26342041836443,0.003514568630313274,3.0
6441,415.7024150759093,0.003514568630313274,3.0
6442,416.45430155562894,0.003514568630313274,3.0
6443,417.4207277328585,0.003514568630313274,3.0
6444,418.24057299285846,0.005671148835118236,4.0
6445,418.5784976993853,0.005671148835118236,4.0
6446,418.7227461611037,0.005671148835118236,4.0
6447,418.80113712812135,0.005671148835118236,4.0
6448,418.8595693437702,0.005671148835118236,4.0
6449,418.9394220458277,0.005671148835118236,4.0
6450,419.01861124691874,0.005671148835118236,4.0
6451,419.0799852973893,0.005671148835118236,4.0
6452,419.1256967117376,0.005671148835118236,4.0
6453,419.1795503036409,0.005671148835118236,4.0
6454,419.2614960961594,0.005671148835118236,4.0
6455,419.3271575337916,0.005671148835118236,4.0
6456,419.3726810331457,0.005671148835118236,4.0
6457,419.4116949954057,0.005671148835118236,4.0
6458,419.43894751413774,0.005671148835118236,4.0
6459,419.4606350462788,0.005671148835118236,4.0
6460,419.4765225544122,0.005671148835118236,4.0
6461,419.51005297266056,0.005671148835118236,4.0
6462,419.5093095008918,0.005671148835118236,4.0
6463,419.71969418304934,0.005671148835118236,4.0
6464,420.26076730507737,0.005671148835118236,4.0
6465,420.68539248604867,0.005671148835118236,4.0
6466,420.83017140112,0.005671148835118236,4.0
6467,420.9082735479925,0.005671148835118236,4.0
6468,421.03247975658667,0.005671148835118236,4.0
6469,421.07610935340506,0.005671148835118236,4.0
6470,421.0719392017157,0.005671148835118236,4.0
6471,421.0646226895622,0.005671148835118236,4.0
6472,421.06291819951207,0.005671148835118236,4.0
6473,421.09464786407165,0.005671148835118236,4.0
6474,421.1370128738652,0.005671148835118236,4.0
6475,421.17938036901455,0.005671148835118236,4.0
6476,421.2252224438711,0.005671148835118236,4.0
6477,421.2913285656515,0.005671148835118236,4.0
6478,421.36240113238296,0.005671148835118236,4.0
6479,421.44247146329417,0.005671148835118236,4.0
6480,421.5106551158777,0.005671148835118236,4.0
6481,421.5486558909149,0.005671148835118236,4.0
6482,421.572797806774,0.005671148835118236,4.0
6483,421.60051411776874,0.005671148835118236,4.0
6484,421.6273599201,0.005671148835118236,4.0
6485,421.6235123882947,0.005671148835118236,4.0
6486,421.6129675602777,0.005671148835118236,4.0
6487,421.6016720524138,0.005671148835118236,4.0
6488,421.62556297966086,0.005671148835118236,4.0
6489,421.6994863171555,0.005671148835118236,4.0
6490,421.80167045985473,0.005671148835118236,4.0
6491,421.822557326945,0.005671148835118236,4.0
6492,421.8852026440614,0.005671148835118236,4.0
6493,421.88393455426854,0.005671148835118236,4.0
6494,421.8759551169187,0.005671148835118236,4.0
6495,421.86298458660207,0.005671148835118236,4.0
6496,421.85515627542173,0.005671148835118236,4.0
6497,421.8521536757356,0.005671148835118236,4.0
6498,421.8656953076462,0.005671148835118236,4.0
6499,421.8842029117616,0.005671148835118236,4.0
6500,421.9173577179511,0.005671148835118236,4.0
6501,421.9737425813372,0.005671148835118236,4.0
6502,422.02928981972,0.005671148835118236,4.0
6503,422.0769260788604,0.005671148835118236,4.0
6504,422.11853489679294,0.005671148835118236,4.0
6505,422.1556911194683,0.005671148835118236,4.0
6506,422.18926181584305,0.005671148835118236,4.0
6507,422.21417293676063,0.005671148835118236,4.0
6508,422.2428520639526,0.005671148835118236,4.0
6509,422.2673134905499,0.005671148835118236,4.0
6510,422.3018360697151,0.005671148835118236,4.0
6511,422.32148513965916,0.005671148835118236,4.0
6512,422.35500565905755,0.005671148835118236,4.0
6513,422.3534162317757,0.005671148835118236,4.0
6514,422.3512259775155,0.005671148835118236,4.0
6515,422.3491298746035,0.005671148835118236,4.0
6516,422.34631832253035,0.005671148835118236,4.0
6517,422.3417121713189,0.005671148835118236,4.0
6518,422.51416735766725,0.005671148835118236,4.0
6519,422.5201220908767,0.005671148835118236,4.0
6520,422.5350297587212,0.005671148835118236,4.0
6521,422.5531418586378,0.005671148835118236,4.0
6522,422.57973207504006,0.005671148835118236,4.0
6523,422.6334721875335,0.005671148835118236,4.0
6524,422.6875238126769,0.005671148835118236,4.0
6525,422.74605632398203,0.005671148835118236,4.0
6526,422.81529806757146,0.005671148835118236,4.0
6527,422.88128477061804,0.005671148835118236,4.0
6528,422.9301674777059,0.005671148835118236,4.0
6529,422.9675236946772,0.005671148835118236,4.0
6530,422.99397094270023,0.005671148835118236,4.0
6531,423.0184321424086,0.005671148835118236,4.0
6532,423.04651601507516,0.005671148835118236,4.0
6533,423.13394968307705,0.005671148835118236,4.0
6534,423.57281600455156,0.005671148835118236,4.0
6535,424.1056550115467,0.005671148835118236,4.0
6536,424.36824781002815,0.005671148835118236,4.0
6537,424.4506546755891,0.005671148835118236,4.0
6538,424.45675171861325,0.005671148835118236,4.0
6539,424.43840659976286,0.005671148835118236,4.0
6540,424.4294335373106,0.005671148835118236,4.0
6541,424.39902676182044,0.005671148835118236,4.0
6542,424.386711039302,0.005671148835118236,4.0
6543,424.36757130962,0.005671148835118236,4.0
6544,424.3536965842999,0.005671148835118236,4.0
6545,424.34324153396557,0.005671148835118236,4.0
6546,424.3389102476984,0.005671148835118236,4.0
6547,424.3381955766643,0.005671148835118236,4.0
6548,424.34222095379425,0.005671148835118236,4.0
6549,424.39909360235123,0.005671148835118236,4.0
6550,424.45258971640584,0.005671148835118236,4.0
6551,424.51232078985925,0.005671148835118236,4.0
6552,424.5516041900545,0.005671148835118236,4.0
6553,424.5849919292578,0.005671148835118236,4.0
6554,424.6367419682883,0.005671148835118236,4.0
6555,424.6418297504714,0.005671148835118236,4.0
6556,424.6345886082971,0.005671148835118236,4.0
6557,424.62377963724,0.005671148835118236,4.0
6558,424.6281887389127,0.005671148835118236,4.0
6559,424.7267928183504,0.005671148835118236,4.0
6560,424.83085416391424,0.005671148835118236,4.0
6561,424.87479795870485,0.005671148835118236,4.0
6562,424.8706715553611,0.005671148835118236,4.0
6563,424.8562180071124,0.005671148835118236,4.0
6564,424.8332006800981,0.005671148835118236,4.0
6565,424.80505062283777,0.005671148835118236,4.0
6566,424.7809554372118,0.005671148835118236,4.0
6567,424.7597784704432,0.005671148835118236,4.0
6568,424.74508234931307,0.005671148835118236,4.0
6569,424.7343375244958,0.005671148835118236,4.0
6570,424.7313533605072,0.005671148835118236,4.0
6571,424.73186461374854,0.005671148835118236,4.0
6572,424.7378597043621,0.005671148835118236,4.0
6573,424.76688511550236,0.005671148835118236,4.0
6574,424.8076584342779,0.005671148835118236,4.0
6575,424.8538428698764,0.005671148835118236,4.0
6576,424.89343432585554,0.005671148835118236,4.0
6577,424.92580727064677,0.005671148835118236,4.0
6578,424.9502107802554,0.005671148835118236,4.0
6579,424.9746092829648,0.005671148835118236,4.0
6580,425.0024090076704,0.005671148835118236,4.0
6581,425.0346073354123,0.005671148835118236,4.0
6582,425.073567271914,0.005671148835118236,4.0
6583,425.141596078397,0.005671148835118236,4.0
6584,425.2309028238718,0.005671148835118236,4.0
6585,425.31176952653425,0.005671148835118236,4.0
6586,425.3747088577406,0.005671148835118236,4.0
6587,425.43476156186983,0.005671148835118236,4.0
6588,425.44106257144966,0.005671148835118236,4.0
6589,425.4404900428891,0.005671148835118236,4.0
6590,425.43414584328474,0.005671148835118236,4.0
6591,425.424849322295,0.005671148835118236,4.0
6592,425.4236660303974,0.005671148835118236,4.0
6593,425.43578097461267,0.005671148835118236,4.0
6594,425.4669726532855,0.005671148835118236,4.0
6595,425.50245122695947,0.005671148835118236,4.0
6596,425.54307813923447,0.005671148835118236,4.0
6597,425.60614297692115,0.005671148835118236,4.0
6598,425.6686853747003,0.005671148835118236,4.0
6599,425.7347230947406,0.005671148835118236,4.0
6600,425.78422557858966,0.005671148835118236,4.0
6601,425.8283601000375,0.005671148835118236,4.0
6602,425.8659055617371,0.005671148835118236,4.0
6603,425.88937334814176,0.005671148835118236,4.0
6604,425.90872997615736,0.005671148835118236,4.0
6605,425.9244960364556,0.005671148835118236,4.0
6606,425.9373612833087,0.005671148835118236,4.0
6607,425.9511609924829,0.005671148835118236,4.0
6608,425.9518549417622,0.005671148835118236,4.0
6609,425.9583273937553,0.005671148835118236,4.0
6610,425.9446278482802,0.005671148835118236,4.0
6611,426.2577020402117,0.005671148835118236,4.0
6612,426.3660886763155,0.005671148835118236,4.0
6613,426.3725277537666,0.005671148835118236,4.0
6614,426.37029971261944,0.005671148835118236,4.0
6615,426.3642249936713,0.005671148835118236,4.0
6616,426.3575101146318,0.005671148835118236,4.0
6617,426.3530564851783,0.005671148835118236,4.0
6618,426.3707782155374,0.005671148835118236,4.0
6619,426.3916456265388,0.005671148835118236,4.0
6620,426.4429087643345,0.005671148835118236,4.0
6621,426.4746048820304,0.005671148835118236,4.0
6622,426.5118901445357,0.005671148835118236,4.0
6623,426.55878619554585,0.005671148835118236,4.0
6624,426.59366731824355,0.005671148835118236,4.0
6625,426.62574724471324,0.005671148835118236,4.0
6626,426.65789405858385,0.005671148835118236,4.0
6627,426.6805654457628,0.005671148835118236,4.0
6628,426.70389051397024,0.005671148835118236,4.0
6629,426.73614094155477,0.005671148835118236,4.0
6630,426.762884942587,0.005671148835118236,4.0
6631,426.8280132671864,0.005671148835118236,4.0
6632,426.83963414505604,0.005671148835118236,4.0
6633,426.8514634409422,0.005671148835118236,4.0
6634,426.84014518462874,0.005671148835118236,4.0
6635,426.8663744224031,0.005671148835118236,4.0
6636,426.89290316808473,0.005671148835118236,4.0
6637,426.9108618762635,0.005671148835118236,4.0
6638,426.92129977594146,0.005671148835118236,4.0
6639,426.92609258166686,0.005671148835118236,4.0
6640,426.92319990102953,0.005671148835118236,4.0
6641,426.91900429604635,0.005671148835118236,4.0
6642,426.9368712550874,0.005671148835118236,4.0
6643,426.9510349275722,0.005671148835118236,4.0
6644,426.98735319633886,0.005671148835118236,4.0
6645,427.0478917734019,0.005671148835118236,4.0
6646,427.10675480818,0.005671148835118236,4.0
6647,427.1724560284032,0.005671148835118236,4.0
6648,427.22060310829914,0.005671148835118236,4.0
6649,427.25792356130074,0.005671148835118236,4.0
6650,427.2836366177657,0.005671148835118236,4.0
6651,427.30296194670007,0.005671148835118236,4.0
6652,427.3232908370359,0.005671148835118236,4.0
6653,427.33851377370854,0.005671148835118236,4.0
6654,427.3553831221863,0.005671148835118236,4.0
6655,427.36949425340373,0.005671148835118236,4.0
6656,427.3942523174135,0.005671148835118236,4.0
6657,427.43478869605434,0.005671148835118236,4.0
6658,427.4809773039285,0.005671148835118236,4.0
6659,427.50660718515456,0.005671148835118236,4.0
6660,427.52866934630174,0.005671148835118236,4.0
6661,427.5509706844319,0.005671148835118236,4.0
6662,427.58117286380195,0.005671148835118236,4.0
6663,427.6182626357819,0.005671148835118236,4.0
6664,427.63862238337686,0.005671148835118236,4.0
6665,427.6546642988414,0.005671148835118236,4.0
6666,427.67639340131893,0.005671148835118236,4.0
6667,427.7078088410606,0.005671148835118236,4.0
6668,427.7522885048626,0.005671148835118236,4.0
6669,427.80076578475325,0.005671148835118236,4.0
6670,427.8508561605006,0.005671148835118236,4.0
6671,427.90827873333353,0.005671148835118236,4.0
6672,427.96112803187907,0.005671148835118236,4.0
6673,428.00794333423033,0.005671148835118236,4.0
6674,428.03640877904775,0.005671148835118236,4.0
6675,428.0571293383897,0.005671148835118236,4.0
6676,428.07611930730354,0.005671148835118236,4.0
6677,428.09001761331956,0.005671148835118236,4.0
6678,428.10283889285023,0.005671148835118236,4.0
6679,428.1097775359232,0.005671148835118236,4.0
6680,428.122542558562,0.005671148835118236,4.0
6681,428.14517851105535,0.005671148835118236,4.0
6682,428.15780362600486,0.005671148835118236,4.0
6683,428.1640383768862,0.005671148835118236,4.0
6684,428.1704273382448,0.005671148835118236,4.0
6685,428.18152986614814,0.005671148835118236,4.0
6686,428.1963635502265,0.005671148835118236,4.0
6687,428.20737529941334,0.005671148835118236,4.0
6688,428.20965506224485,0.005671148835118236,4.0
6689,428.2096417219068,0.005671148835118236,4.0
6690,428.21539632659955,0.005671148835118236,4.0
6691,428.2388946497127,0.005671148835118236,4.0
6692,428.30219524184844,0.005671148835118236,4.0
6693,428.3774687880711,0.005671148835118236,4.0
6694,428.43736645522404,0.005671148835118236,4.0
6695,428.50500916763906,0.005671148835118236,4.0
6696,428.5510944899996,0.005671148835118236,4.0
6697,428.58989504477677,0.005671148835118236,4.0
6698,428.6152331078114,0.005671148835118236,4.0
6699,428.6367252081686,0.005671148835118236,4.0
6700,428.6568576787085,0.005671148835118236,4.0
6701,428.67564910693744,0.005671148835118236,4.0
6702,428.6937156701732,0.005671148835118236,4.0
6703,428.71188827023684,0.005671148835118236,4.0
6704,428.74285402105073,0.005671148835118236,4.0
6705,428.7667453699909,0.005671148835118236,4.0
6706,428.75900372150625,0.005671148835118236,4.0
6707,428.74417415018144,0.005671148835118236,4.0
6708,428.72821605023216,0.005671148835118236,4.0
6709,428.7069922009668,0.005671148835118236,4.0
6710,428.6895122121289,0.005671148835118236,4.0
6711,428.6722498514575,0.005671148835118236,4.0
6712,428.6787424024567,0.005671148835118236,4.0
6713,428.68531783445763,0.005671148835118236,4.0
6714,428.69247854736716,0.005671148835118236,4.0
6715,428.70287124464204,0.005671148835118236,4.0
6716,428.72412987096214,0.005671148835118236,4.0
6717,428.76745135410897,0.005671148835118236,4.0
6718,428.823111678943,0.005671148835118236,4.0
6719,428.8703430972079,0.005671148835118236,4.0
6720,428.9181660649294,0.005671148835118236,4.0
6721,428.9602394837608,0.005671148835118236,4.0
6722,429.001420137352,0.005671148835118236,4.0
6723,429.02560418411406,0.005671148835118236,4.0
6724,429.04794737586934,0.005671148835118236,4.0
6725,429.0774907047059,0.005671148835118236,4.0
6726,429.112125430355,0.005671148835118236,4.0
6727,429.1601678232983,0.005671148835118236,4.0
6728,429.20515650552466,0.005671148835118236,4.0
6729,429.24155980606145,0.005671148835118236,4.0
6730,429.23625269263266,0.005671148835118236,4.0
6731,429.2213915698477,0.005671148835118236,4.0
6732,429.1984410437,0.005671148835118236,4.0
6733,429.1723742943513,0.005671148835118236,4.0
6734,429.1482772751631,0.005671148835118236,4.0
6735,429.1203186455293,0.005671148835118236,4.0
6736,429.110147461098,0.005671148835118236,4.0
6737,429.1037244798137,0.005671148835118236,4.0
6738,429.10269823228305,0.005671148835118236,4.0
6739,429.11304521323524,0.005671148835118236,4.0
6740,429.1504217213788,0.005671148835118236,4.0
6741,429.1857886547525,0.005671148835118236,4.0
6742,429.24292464942107,0.005671148835118236,4.0
6743,429.2994221400337,0.005671148835118236,4.0
6744,429.3441507523447,0.005671148835118236,4.0
6745,429.3812477235701,0.005671148835118236,4.0
6746,429.4089231462974,0.005671148835118236,4.0
6747,429.4345892140486,0.005671148835118236,4.0
6748,429.45913653077116,0.005671148835118236,4.0
6749,429.4893435379813,0.005671148835118236,4.0
6750,429.52557371275213,0.005671148835118236,4.0
6751,429.5915875791708,0.005671148835118236,4.0
6752,429.67533188957367,0.005671148835118236,4.0
6753,430.08484501307345,0.005671148835118236,4.0
6754,430.6718238710873,0.005671148835118236,4.0
6755,431.1243405891526,0.005671148835118236,4.0
6756,431.82575609988425,0.005671148835118236,4.0
6757,432.2104752794221,0.005671148835118236,4.0
6758,432.3990703941169,0.005671148835118236,4.0
6759,432.7762304444055,0.005671148835118236,4.0
6760,432.9023801465209,0.005671148835118236,4.0
6761,432.97574350895405,0.005671148835118236,4.0
6762,433.05276299813045,0.005671148835118236,4.0
6763,433.11365813079937,0.005671148835118236,4.0
6764,433.1718699194738,0.005671148835118236,4.0
6765,433.2447354500224,0.005671148835118236,4.0
6766,433.3149388682128,0.005671148835118236,4.0
6767,433.38762854973055,0.005671148835118236,4.0
6768,433.45336970917356,0.005671148835118236,4.0
6769,433.488031077093,0.005671148835118236,4.0
6770,433.5146760177506,0.005671148835118236,4.0
6771,433.53714221783713,0.005671148835118236,4.0
6772,433.5522541182485,0.005671148835118236,4.0
6773,433.58126090420325,0.005671148835118236,4.0
6774,433.5808578682374,0.005671148835118236,4.0
6775,433.57438174687115,0.005671148835118236,4.0
6776,433.65954961222496,0.005671148835118236,4.0
6777,433.6536273236452,0.005671148835118236,4.0
6778,433.64711866312444,0.005671148835118236,4.0
6779,433.63637013327667,0.005671148835118236,4.0
6780,433.6325377293373,0.005671148835118236,4.0
6781,433.6334760910282,0.005671148835118236,4.0
6782,433.6244174587021,0.005671148835118236,4.0
6783,433.6647415705367,0.005671148835118236,4.0
6784,433.6987715260107,0.005671148835118236,4.0
6785,433.7125992884773,0.005671148835118236,4.0
6786,433.7336173418649,0.005671148835118236,4.0
6787,433.7625946173909,0.005671148835118236,4.0
6788,433.8166938926381,0.005671148835118236,4.0
6789,433.87646771038163,0.005671148835118236,4.0
6790,433.9513887522558,0.005671148835118236,4.0
6791,434.0418331143168,0.005671148835118236,4.0
6792,434.1067836022354,0.005671148835118236,4.0
6793,434.14589500737986,0.005671148835118236,4.0
6794,434.17426102429494,0.005671148835118236,4.0
6795,434.1951777279569,0.005671148835118236,4.0
6796,434.2229959714503,0.005671148835118236,4.0
6797,434.23788004636947,0.005671148835118236,4.0
6798,434.2619618133167,0.005671148835118236,4.0
6799,434.27997401648975,0.005671148835118236,4.0
6800,434.3220317495643,0.005671148835118236,4.0
6801,434.344887584291,0.005671148835118236,4.0
6802,434.33854115970854,0.005671148835118236,4.0
6803,434.32206917966363,0.005671148835118236,4.0
6804,434.3007719289383,0.005671148835118236,4.0
6805,434.29057399009537,0.005671148835118236,4.0
6806,434.27546032279076,0.005671148835118236,4.0
6807,434.2598574394451,0.005671148835118236,4.0
6808,434.2527851317749,0.005671148835118236,4.0
6809,434.24672552423664,0.005671148835118236,4.0
6810,434.3423309571748,0.005671148835118236,4.0
6811,434.3892052217085,0.005671148835118236,4.0
6812,434.49531305873734,0.005671148835118236,4.0
6813,434.59562790190915,0.005671148835118236,4.0
6814,434.70339107234304,0.005671148835118236,4.0
6815,434.79662296852484,0.005671148835118236,4.0
6816,434.88015862376716,0.005671148835118236,4.0
6817,434.92693281131307,0.005671148835118236,4.0
6818,434.960515311022,0.005671148835118236,4.0
6819,434.99011687857643,0.005671148835118236,4.0
6820,435.0196325218006,0.005671148835118236,4.0
6821,435.0508837165963,0.005671148835118236,4.0
6822,435.0883672928432,0.005671148835118236,4.0
6823,435.13299885140594,0.005671148835118236,4.0
6824,435.20281482558704,0.005671148835118236,4.0
6825,435.26488456937426,0.005671148835118236,4.0
6826,435.26983297957133,0.005671148835118236,4.0
6827,435.2842139075669,0.005671148835118236,4.0
6828,435.28070587500264,0.005671148835118236,4.0
6829,435.28657460940394,0.005671148835118236,4.0
6830,435.2968981724062,0.005671148835118236,4.0
6831,435.29529720584196,0.005671148835118236,4.0
6832,435.32547283048166,0.005671148835118236,4.0
6833,435.3235837068264,0.005671148835118236,4.0
6834,435.4074640184288,0.005671148835118236,4.0
6835,435.466864478032,0.005671148835118236,4.0
6836,435.5547508515559,0.005671148835118236,4.0
6837,435.6295581963788,0.005671148835118236,4.0
6838,435.70144136630324,0.005671148835118236,4.0
6839,435.7679642006972,0.005671148835118236,4.0
6840,435.8384762972618,0.005671148835118236,4.0
6841,435.8821455375025,0.005671148835118236,4.0
6842,435.9116405085573,0.005671148835118236,4.0
6843,435.936653983344,0.005671148835118236,4.0
6844,435.96221802232293,0.005671148835118236,4.0
6845,435.9837036051758,0.005671148835118236,4.0
6846,436.0001564152131,0.005671148835118236,4.0
6847,436.0195743234717,0.005671148835118236,4.0
6848,436.05321998818306,0.005671148835118236,4.0
6849,436.0665963435584,0.005671148835118236,4.0
6850,436.0558402509657,0.005671148835118236,4.0
6851,436.0453957254605,0.005671148835118236,4.0
6852,436.0286577292968,0.005671148835118236,4.0
6853,436.01349843318775,0.005671148835118236,4.0
6854,435.99766901562106,0.005671148835118236,4.0
6855,435.98152637232613,0.005671148835118236,4.0
6856,435.9805829678534,0.005671148835118236,4.0
6857,435.9807975249428,0.005671148835118236,4.0
6858,436.02608253370767,0.005671148835118236,4.0
6859,436.07648641166907,0.005671148835118236,4.0
6860,436.15201090252435,0.005671148835118236,4.0
6861,436.2419543302959,0.005671148835118236,4.0
6862,436.3363819338161,0.005671148835118236,4.0
6863,436.4333900070925,0.005671148835118236,4.0
6864,436.49908077438295,0.005671148835118236,4.0
6865,436.54829488026945,0.005671148835118236,4.0
6866,436.58900083812773,0.005671148835118236,4.0
6867,436.61996079286615,0.005671148835118236,4.0
6868,436.64977461614893,0.005671148835118236,4.0
6869,436.6781213988197,0.005671148835118236,4.0
6870,436.7096986331831,0.005671148835118236,4.0
6871,436.74733122417376,0.005671148835118236,4.0
6872,436.793868092334,0.005671148835118236,4.0
6873,436.83262876117334,0.005671148835118236,4.0
6874,436.83260921266105,0.005671148835118236,4.0
6875,436.8225520893823,0.005671148835118236,4.0
6876,436.8129864375994,0.005671148835118236,4.0
6877,437.2168887558099,0.005671148835118236,4.0
6878,437.39894985272525,0.005671148835118236,4.0
6879,437.41524643913607,0.005671148835118236,4.0
6880,437.47705127370165,0.005671148835118236,4.0
6881,437.5334588893294,0.005671148835118236,4.0
6882,437.5957434850429,0.005671148835118236,4.0
6883,437.6637717449449,0.005671148835118236,4.0
6884,437.73940795327246,0.005671148835118236,4.0
6885,437.8276855529002,0.005671148835118236,4.0
6886,437.89495025844514,0.005671148835118236,4.0
6887,437.96250572658334,0.005671148835118236,4.0
6888,438.02010506673935,0.005671148835118236,4.0
6889,438.0634565962578,0.005671148835118236,4.0
6890,438.10048324149966,0.005671148835118236,4.0
6891,438.1398810916862,0.005671148835118236,4.0
6892,438.1734773188917,0.005671148835118236,4.0
6893,438.2034061253179,0.005671148835118236,4.0
6894,438.24002351086,0.005671148835118236,4.0
6895,438.5258646919533,0.005671148835118236,4.0
6896,439.1011503006648,0.005671148835118236,4.0
6897,439.5636188614668,0.005671148835118236,4.0
6898,439.681359261856,0.005671148835118236,4.0
6899,439.74877917626736,0.005671148835118236,4.0
6900,439.75334321189524,0.005671148835118236,4.0
6901,440.455556862295,0.005671148835118236,4.0
6902,441.1007350793576,0.005671148835118236,4.0
6903,441.75478365200644,0.005671148835118236,4.0
6904,442.0441493909141,0.005671148835118236,4.0
6905,442.2143639623287,0.005671148835118236,4.0
6906,442.34141446724453,0.005671148835118236,4.0
6907,442.4621670847003,0.005671148835118236,4.0
6908,442.5781586536123,0.005671148835118236,4.0
6909,442.6651295179506,0.005671148835118236,4.0
6910,442.74020475301893,0.005671148835118236,4.0
6911,442.8184271445977,0.005671148835118236,4.0
6912,442.87688935656934,0.005671148835118236,4.0
6913,442.92345207072776,0.005671148835118236,4.0
6914,442.9610597386565,0.005671148835118236,4.0
6915,442.99538092357795,0.005671148835118236,4.0
6916,443.0073594628921,0.005671148835118236,4.0
6917,443.00329842915414,0.005671148835118236,4.0
6918,442.9903971749006,0.005671148835118236,4.0
6919,442.98187082974994,0.005671148835118236,4.0
6920,443.03919672547835,0.005671148835118236,4.0
6921,443.1165659780203,0.005671148835118236,4.0
6922,443.1070242170721,0.005671148835118236,4.0
6923,443.09675701828166,0.005671148835118236,4.0
6924,443.06400111267266,0.005671148835118236,4.0
6925,443.0463102175529,0.005671148835118236,4.0
6926,443.04151027535477,0.005671148835118236,4.0
6927,443.1060990030783,0.005671148835118236,4.0
6928,443.1942016281946,0.005671148835118236,4.0
6929,443.2534767371617,0.005671148835118236,4.0
6930,443.31129605466873,0.005671148835118236,4.0
6931,443.37731192979567,0.005671148835118236,4.0
6932,443.451732577092,0.005671148835118236,4.0
6933,443.5144125359101,0.005671148835118236,4.0
6934,443.5887569863673,0.005671148835118236,4.0
6935,443.64922787426474,0.005671148835118236,4.0
6936,443.6876781525989,0.005671148835118236,4.0
6937,443.71867263604474,0.005671148835118236,4.0
6938,443.7427646373564,0.005671148835118236,4.0
6939,443.76592342734307,0.005671148835118236,4.0
6940,443.79258032024745,0.005671148835118236,4.0
6941,443.816281631485,0.005671148835118236,4.0
6942,443.84810942987707,0.005671148835118236,4.0
6943,443.89971527516434,0.005671148835118236,4.0
6944,443.94395007548144,0.005671148835118236,4.0
6945,443.97412672557874,0.005671148835118236,4.0
6946,443.9808427333994,0.005671148835118236,4.0
6947,444.1624875792938,0.005671148835118236,4.0
6948,444.5676845986986,0.005671148835118236,4.0
6949,445.0538300985904,0.005671148835118236,4.0
6950,445.59359179004105,0.005671148835118236,4.0
6951,445.9889730167144,0.005671148835118236,4.0
6952,446.17484570595803,0.005671148835118236,4.0
6953,446.30600022709257,0.005671148835118236,4.0
6954,446.3927828907598,0.005671148835118236,4.0
6955,446.51787433888563,0.005671148835118236,4.0
6956,446.62756130996166,0.005671148835118236,4.0
6957,446.7171596212697,0.005671148835118236,4.0
6958,446.8038406775916,0.005671148835118236,4.0
6959,446.8870845879373,0.005671148835118236,4.0
6960,446.94779808622934,0.005671148835118236,4.0
6961,446.98348861654625,0.005671148835118236,4.0
6962,447.0092435364825,0.005671148835118236,4.0
6963,447.0331315164315,0.005671148835118236,4.0
6964,447.05852091360293,0.005671148835118236,4.0
6965,447.07889568139456,0.005671148835118236,4.0
6966,447.092575207032,0.005671148835118236,4.0
6967,447.1211050185931,0.005671148835118236,4.0
6968,447.1467151669715,0.005671148835118236,4.0
6969,447.14113493101684,0.005671148835118236,4.0
6970,447.1230351471808,0.005671148835118236,4.0
6971,447.0943784185418,0.005671148835118236,4.0
6972,447.0624863688479,0.005671148835118236,4.0
6973,447.0448377682098,0.005671148835118236,4.0
6974,447.0292799854778,0.005671148835118236,4.0
6975,447.0229463755268,0.005671148835118236,4.0
6976,447.03369462546067,0.005671148835118236,4.0
6977,447.04998061356366,0.005671148835118236,4.0
6978,447.1786181299863,0.005671148835118236,4.0
6979,447.257370182024,0.005671148835118236,4.0
6980,447.3731902362848,0.005671148835118236,4.0
6981,447.5153812908092,0.005671148835118236,4.0
6982,447.6282058341909,0.005671148835118236,4.0
6983,447.72708925045333,0.005671148835118236,4.0
6984,447.81625875782595,0.005671148835118236,4.0
6985,447.86627319264744,0.005671148835118236,4.0
6986,447.9001031563383,0.005671148835118236,4.0
6987,447.9275855183852,0.005671148835118236,4.0
6988,447.95582323726836,0.005671148835118236,4.0
6989,447.98702020639115,0.005671148835118236,4.0
6990,448.02197773618394,0.005671148835118236,4.0
6991,448.0609514914238,0.005671148835118236,4.0
6992,448.1220404438095,0.005671148835118236,4.0
6993,448.2245189235399,0.005671148835118236,4.0
6994,448.6412618214558,0.005671148835118236,4.0
6995,449.1656241677944,0.005671148835118236,4.0
6996,449.57925633615434,0.005671148835118236,4.0
6997,449.73089507444735,0.005671148835118236,4.0
6998,449.7634948685032,0.005671148835118236,4.0
6999,449.752613365145,0.005671148835118236,4.0
7000,449.759413668891,0.005671148835118236,4.0
7001,449.75947716271156,0.005671148835118236,4.0
7002,449.8338143474096,0.005671148835118236,4.0
7003,449.876996377043,0.005671148835118236,4.0
7004,449.94887596061244,0.005671148835118236,4.0
7005,450.02578455475066,0.005671148835118236,4.0
7006,450.1010850489147,0.005671148835118236,4.0
7007,450.1840734798478,0.005671148835118236,4.0
7008,450.2605257694806,0.005671148835118236,4.0
7009,450.3089770807043,0.005671148835118236,4.0
7010,450.3511468598413,0.005671148835118236,4.0
7011,450.38836418207393,0.005671148835118236,4.0
7012,450.41666854452194,0.005671148835118236,4.0
7013,450.43618122787024,0.005671148835118236,4.0
7014,450.47117003534936,0.005671148835118236,4.0
7015,450.4691336080777,0.005671148835118236,4.0
7016,450.4785118827661,0.005671148835118236,4.0
7017,450.47268739596774,0.005671148835118236,4.0
7018,450.465068820105,0.005671148835118236,4.0
7019,450.46436167272407,0.005671148835118236,4.0
7020,450.48018317732436,0.005671148835118236,4.0
7021,450.47585077480676,0.005671148835118236,4.0
7022,450.4676839243322,0.005671148835118236,4.0
7023,450.4511789751802,0.005671148835118236,4.0
7024,450.45736971606743,0.005671148835118236,4.0
7025,450.46729618269507,0.005671148835118236,4.0
7026,450.4904555738027,0.005671148835118236,4.0
7027,450.51213860923804,0.005671148835118236,4.0
7028,450.57780044065913,0.005671148835118236,4.0
7029,450.63930939646696,0.005671148835118236,4.0
7030,450.7062320705982,0.005671148835118236,4.0
7031,450.77039092847224,0.005671148835118236,4.0
7032,450.8137642538196,0.005671148835118236,4.0
7033,450.844016686642,0.005671148835118236,4.0
7034,450.8666259541583,0.005671148835118236,4.0
7035,450.8897313738456,0.005671148835118236,4.0
7036,450.9179007790443,0.005671148835118236,4.0
7037,450.93929404465626,0.005671148835118236,4.0
7038,450.9638203469418,0.005671148835118236,4.0
7039,450.9900223778988,0.005671148835118236,4.0
7040,451.06873158006925,0.005671148835118236,4.0
7041,451.1103216997776,0.005671148835118236,4.0
7042,451.12023811987166,0.005671148835118236,4.0
7043,451.1150084004108,0.005671148835118236,4.0
7044,451.10810073089056,0.005671148835118236,4.0
7045,451.501765042119,0.005671148835118236,4.0
7046,451.6850557577207,0.005671148835118236,4.0
7047,451.6846450508962,0.005671148835118236,4.0
7048,451.73683967181876,0.005671148835118236,4.0
7049,451.78591929114106,0.005671148835118236,4.0
7050,451.83156795904904,0.005671148835118236,4.0
7051,451.8688490747096,0.005671148835118236,4.0
7052,451.9265044179101,0.005671148835118236,4.0
7053,451.982633216086,0.005671148835118236,4.0
7054,452.04980652328095,0.005671148835118236,4.0
7055,452.1162171212995,0.005671148835118236,4.0
7056,452.16228629085464,0.005671148835118236,4.0
7057,452.20368696174893,0.005671148835118236,4.0
7058,452.23428014699823,0.005671148835118236,4.0
7059,452.25642066533396,0.005671148835118236,4.0
7060,452.28350857169295,0.005671148835118236,4.0
7061,452.303508389833,0.005671148835118236,4.0
7062,452.3298339353976,0.005671148835118236,4.0
7063,452.3840541651851,0.005671148835118236,4.0
7064,452.46139838536203,0.005671148835118236,4.0
7065,452.53291916200953,0.005671148835118236,4.0
7066,452.5275891529009,0.005671148835118236,4.0
7067,452.519892973291,0.005671148835118236,4.0
7068,452.49997903130964,0.005671148835118236,4.0
7069,453.17247825626833,0.005671148835118236,4.0
7070,453.72024730980326,0.005671148835118236,4.0
7071,454.1969328140261,0.005671148835118236,4.0
7072,454.3976248121114,0.005671148835118236,4.0
7073,454.53067306517033,0.005671148835118236,4.0
7074,454.6319476644609,0.005671148835118236,4.0
7075,454.732506211389,0.005671148835118236,4.0
7076,454.81944047382706,0.005671148835118236,4.0
7077,454.90759227210384,0.005671148835118236,4.0
7078,455.0234059575434,0.005671148835118236,4.0
7079,455.1098330265811,0.005671148835118236,4.0
7080,455.1734948437793,0.005671148835118236,4.0
7081,455.22628617031694,0.005671148835118236,4.0
7082,455.2731848309587,0.005671148835118236,4.0
7083,455.3091851705538,0.005671148835118236,4.0
7084,455.33204873080956,0.005671148835118236,4.0
7085,455.3495093142668,0.005671148835118236,4.0
7086,455.3658274354276,0.005671148835118236,4.0
7087,455.38756807906327,0.005671148835118236,4.0
7088,455.4542065864888,0.005671148835118236,4.0
7089,455.5589244882192,0.005671148835118236,4.0
7090,455.5535307779508,0.005671148835118236,4.0
7091,455.57053924187016,0.005671148835118236,4.0
7092,455.5604354306487,0.005671148835118236,4.0
7093,455.5549989678747,0.005671148835118236,4.0
7094,455.60302739040264,0.005671148835118236,4.0
7095,455.6828392552683,0.005671148835118236,4.0
7096,455.78280176744823,0.005671148835118236,4.0
7097,455.86061898945746,0.005671148835118236,4.0
7098,455.91657413005765,0.005671148835118236,4.0
7099,455.97199781522295,0.005671148835118236,4.0
7100,456.0304373691169,0.005671148835118236,4.0
7101,456.0912789621996,0.005671148835118236,4.0
7102,456.1854086990724,0.005671148835118236,4.0
7103,456.2799969876323,0.005671148835118236,4.0
7104,456.3449679663171,0.005671148835118236,4.0
7105,456.3839577995279,0.005671148835118236,4.0
7106,456.4164901801601,0.005671148835118236,4.0
7107,456.4403983795786,0.005671148835118236,4.0
7108,456.4632204720726,0.005671148835118236,4.0
7109,456.47852917576165,0.005671148835118236,4.0
7110,456.4903174989661,0.005671148835118236,4.0
7111,456.499948441543,0.005671148835118236,4.0
7112,456.5440204926045,0.005671148835118236,4.0
7113,456.59338494576974,0.005671148835118236,4.0
7114,456.71961364389944,0.005671148835118236,4.0
7115,456.8438148719948,0.005671148835118236,4.0
7116,457.3771514026612,0.005671148835118236,4.0
7117,457.9423711718239,0.005671148835118236,4.0
7118,458.28047322346845,0.005671148835118236,4.0
7119,458.4377278938891,0.005671148835118236,4.0
7120,458.54941729673214,0.005671148835118236,4.0
7121,458.6444659244451,0.005671148835118236,4.0
7122,458.7190016384348,0.005671148835118236,4.0
7123,458.79603295639436,0.005671148835118236,4.0
7124,458.88100670801066,0.005671148835118236,4.0
7125,458.97607791435667,0.005671148835118236,4.0
7126,459.06782882507446,0.005671148835118236,4.0
7127,459.1732598134176,0.005671148835118236,4.0
7128,459.24901045216944,0.005671148835118236,4.0
7129,459.30715939533707,0.005671148835118236,4.0
7130,459.34090018893596,0.005671148835118236,4.0
7131,459.3652023098985,0.005671148835118236,4.0
7132,459.3882894068571,0.005671148835118236,4.0
7133,459.40057725946235,0.005671148835118236,4.0
7134,459.4129220071996,0.005671148835118236,4.0
7135,459.41183723040746,0.005671148835118236,4.0
7136,459.4789772211923,0.005671148835118236,4.0
7137,459.4980580760437,0.005671148835118236,4.0
7138,459.67725677952143,0.005671148835118236,4.0
7139,460.1593282407055,0.005671148835118236,4.0
7140,460.3559075890262,0.005671148835118236,4.0
7141,460.42690330307636,0.005671148835118236,4.0
7142,460.50435113208493,0.005671148835118236,4.0
7143,460.54139347420926,0.005671148835118236,4.0
7144,460.5988716498752,0.005671148835118236,4.0
7145,460.64420367718617,0.005671148835118236,4.0
7146,460.75420049283764,0.005671148835118236,4.0
7147,460.8186213837663,0.005671148835118236,4.0
7148,460.92291965573884,0.005671148835118236,4.0
7149,461.001731066422,0.005671148835118236,4.0
7150,461.0847908653769,0.005671148835118236,4.0
7151,461.1694148285286,0.005671148835118236,4.0
7152,461.2329169209649,0.005671148835118236,4.0
7153,461.279859851821,0.005671148835118236,4.0
7154,461.31352735167155,0.005671148835118236,4.0
7155,461.34095842682444,0.005671148835118236,4.0
7156,461.36344671017366,0.005671148835118236,4.0
7157,461.3796031136046,0.005671148835118236,4.0
7158,461.4023314800577,0.005671148835118236,4.0
7159,461.43046680363636,0.005671148835118236,4.0
7160,461.4284686039385,0.005671148835118236,4.0
7161,461.4255469212731,0.005671148835118236,4.0
7162,461.4223952605764,0.005671148835118236,4.0
7163,461.49215553571605,0.005671148835118236,4.0
7164,461.53835932734074,0.005671148835118236,4.0
7165,461.5385746873918,0.005671148835118236,4.0
7166,461.53723951747065,0.005671148835118236,4.0
7167,461.5295689882224,0.005671148835118236,4.0
7168,461.5552449348566,0.005671148835118236,4.0
7169,461.57914825652597,0.005671148835118236,4.0
7170,461.65116896750527,0.005671148835118236,4.0
7171,461.7238678761305,0.005671148835118236,4.0
7172,461.8592285747476,0.005671148835118236,4.0
7173,461.93755013744516,0.005671148835118236,4.0
7174,462.0381028728014,0.005671148835118236,4.0
7175,462.11820670412914,0.005671148835118236,4.0
7176,462.17833691933305,0.005671148835118236,4.0
7177,462.21843214526785,0.005671148835118236,4.0
7178,462.2455522445585,0.005671148835118236,4.0
7179,462.2690071356499,0.005671148835118236,4.0
7180,462.2918880392087,0.005671148835118236,4.0
7181,462.31251261030883,0.005671148835118236,4.0
7182,462.3361641853471,0.005671148835118236,4.0
7183,462.3941787537898,0.005671148835118236,4.0
7184,462.91269635854445,0.005671148835118236,4.0
7185,463.5003369494205,0.005671148835118236,4.0
7186,463.95991305205484,0.005671148835118236,4.0
7187,464.11242022328497,0.005671148835118236,4.0
7188,464.14285088444643,0.005671148835118236,4.0
7189,464.137250322854,0.005671148835118236,4.0
7190,464.12934242150857,0.005671148835118236,4.0
7191,464.1207260625739,0.005671148835118236,4.0
7192,464.1268053912588,0.005671148835118236,4.0
7193,464.1344252311285,0.005671148835118236,4.0
7194,464.157444472503,0.005671148835118236,4.0
7195,464.19164737145064,0.005671148835118236,4.0
7196,464.26358761643706,0.005671148835118236,4.0
7197,464.3525405350758,0.005671148835118236,4.0
7198,464.4349933048407,0.005671148835118236,4.0
7199,464.5185775081707,0.005671148835118236,4.0
7200,464.57501916729797,0.005671148835118236,4.0
7201,464.619507008463,0.005671148835118236,4.0
7202,464.64869217604127,0.005671148835118236,4.0
7203,464.6684480411457,0.005671148835118236,4.0
7204,464.7087564781879,0.005671148835118236,4.0
7205,464.70610862539485,0.005671148835118236,4.0
7206,464.70326895205903,0.005671148835118236,4.0
7207,464.6966900880709,0.005671148835118236,4.0
7208,464.71164353312633,0.005671148835118236,4.0
7209,464.8416803422402,0.005671148835118236,4.0
7210,464.94879102320766,0.005671148835118236,4.0
7211,464.9788249517559,0.005671148835118236,4.0
7212,464.9867235834817,0.005671148835118236,4.0
7213,464.9939346313103,0.005671148835118236,4.0
7214,464.98421373852267,0.005671148835118236,4.0
7215,464.9735555645111,0.005671148835118236,4.0
7216,464.99321126550905,0.005671148835118236,4.0
7217,465.0316953491105,0.005671148835118236,4.0
7218,465.07194345731085,0.005671148835118236,4.0
7219,465.1366514300907,0.005671148835118236,4.0
7220,465.2006592000729,0.005671148835118236,4.0
7221,465.2700326583418,0.005671148835118236,4.0
7222,465.34537169003477,0.005671148835118236,4.0
7223,465.4052376592472,0.005671148835118236,4.0
7224,465.45528751869824,0.005671148835118236,4.0
7225,465.48939529276765,0.005671148835118236,4.0
7226,465.515336986366,0.005671148835118236,4.0
7227,465.5392340824423,0.005671148835118236,4.0
7228,465.56016103335327,0.005671148835118236,4.0
7229,465.586556843639,0.005671148835118236,4.0
7230,465.60241766140865,0.005671148835118236,4.0
7231,465.6767770212315,0.005671148835118236,4.0
7232,465.74916248178914,0.005671148835118236,4.0
7233,465.82446191261414,0.005671148835118236,4.0
7234,466.2728728970366,0.005671148835118236,4.0
7235,466.90388344552946,0.005671148835118236,4.0
7236,467.3257795912127,0.005671148835118236,4.0
7237,467.5259012005685,0.005671148835118236,4.0
7238,467.6046378463252,0.005671148835118236,4.0
7239,467.64276851519685,0.005671148835118236,4.0
7240,467.6930155489658,0.005671148835118236,4.0
7241,467.7580790073379,0.005671148835118236,4.0
7242,467.81928245465906,0.005671148835118236,4.0
7243,467.87726012359025,0.005671148835118236,4.0
7244,467.93620393290985,0.005671148835118236,4.0
7245,467.9989161440802,0.005671148835118236,4.0
7246,468.10345001839676,0.005671148835118236,4.0
7247,468.22275436128854,0.005671148835118236,4.0
7248,468.2886263975146,0.005671148835118236,4.0
7249,468.3362056698281,0.005671148835118236,4.0
7250,468.3674308059386,0.005671148835118236,4.0
7251,468.39652605084177,0.005671148835118236,4.0
7252,468.4199442866317,0.005671148835118236,4.0
7253,468.4301715681104,0.005671148835118236,4.0
7254,468.4625668139246,0.005671148835118236,4.0
7255,468.4633298860462,0.005671148835118236,4.0
7256,468.4828093955256,0.005671148835118236,4.0
7257,468.56015916645754,0.005671148835118236,4.0
7258,468.5675285540382,0.005671148835118236,4.0
7259,468.6854886321978,0.005671148835118236,4.0
7260,468.7934987355452,0.005671148835118236,4.0
7261,469.41910711306986,0.005671148835118236,4.0
7262,470.0419807954696,0.005671148835118236,4.0
7263,470.60530150600846,0.005671148835118236,4.0
7264,470.8824250744245,0.005671148835118236,4.0
7265,471.0397532800314,0.005671148835118236,4.0
7266,471.14846913508256,0.005671148835118236,4.0
7267,471.2202021810685,0.005671148835118236,4.0
7268,471.29405514398616,0.005671148835118236,4.0
7269,471.3681505736067,0.005671148835118236,4.0
7270,471.43033769240026,0.005671148835118236,4.0
7271,471.5143501155846,0.005671148835118236,4.0
7272,471.5683140921067,0.005671148835118236,4.0
7273,471.6037167188737,0.005671148835118236,4.0
7274,471.63216757646006,0.005671148835118236,4.0
7275,471.6523392749895,0.005671148835118236,4.0
7276,471.66891566156994,0.005671148835118236,4.0
7277,471.68887800714754,0.005671148835118236,4.0
7278,471.6879814470453,0.005671148835118236,4.0
7279,471.7253083986799,0.005671148835118236,4.0
7280,471.78915398199365,0.005671148835118236,4.0
7281,471.80704952959286,0.005671148835118236,4.0
7282,471.8029594482215,0.005671148835118236,4.0
7283,471.7819650530579,0.005671148835118236,4.0
7284,471.7504737529736,0.005671148835118236,4.0
7285,471.72307295107856,0.005671148835118236,4.0
7286,471.71059297677846,0.005671148835118236,4.0
7287,471.7702233307399,0.005671148835118236,4.0
7288,471.8400370837156,0.005671148835118236,4.0
7289,471.89791091050637,0.005671148835118236,4.0
7290,471.9487841312954,0.005671148835118236,4.0
7291,471.9906149260232,0.005671148835118236,4.0
7292,472.0400923572288,0.005671148835118236,4.0
7293,472.0831685494141,0.005671148835118236,4.0
7294,472.1353452619231,0.005671148835118236,4.0
7295,472.1769705834689,0.005671148835118236,4.0
7296,472.20561425142694,0.005671148835118236,4.0
7297,472.2284685868766,0.005671148835118236,4.0
7298,472.24874671524526,0.005671148835118236,4.0
7299,472.26929735777287,0.005671148835118236,4.0
7300,472.2939857008639,0.005671148835118236,4.0
7301,472.3152248290067,0.005671148835118236,4.0
7302,472.3466469627433,0.005671148835118236,4.0
7303,472.3978712541329,0.005671148835118236,4.0
7304,472.4684825948975,0.005671148835118236,4.0
7305,472.49618944811135,0.005671148835118236,4.0
7306,472.807262411144,0.005671148835118236,4.0
7307,473.2980476213353,0.005671148835118236,4.0
7308,474.0027790837307,0.005671148835118236,4.0
7309,474.2592985897583,0.005671148835118236,4.0
7310,474.7103835952415,0.005671148835118236,4.0
7311,475.19016379073213,0.005671148835118236,4.0
7312,475.37069421852686,0.005671148835118236,4.0
7313,475.4930157080801,0.005671148835118236,4.0
7314,475.6024033842823,0.005671148835118236,4.0
7315,475.6755034713079,0.005671148835118236,4.0
7316,475.7673584555469,0.005671148835118236,4.0
7317,475.85761266114037,0.005671148835118236,4.0
7318,475.942434018214,0.005671148835118236,4.0
7319,476.0074206974539,0.005671148835118236,4.0
7320,476.05262373037436,0.005671148835118236,4.0
7321,476.0888132240404,0.005671148835118236,4.0
7322,476.1118510011824,0.005671148835118236,4.0
7323,476.1328448878556,0.005671148835118236,4.0
7324,476.1488504616493,0.005671148835118236,4.0
7325,476.15792468331466,0.005671148835118236,4.0
7326,476.1864987620516,0.005671148835118236,4.0
7327,476.2251164810715,0.005671148835118236,4.0
7328,476.2860320437691,0.005671148835118236,4.0
7329,476.2572858831113,0.005671148835118236,4.0
7330,476.2424013157269,0.005671148835118236,4.0
7331,476.22345715441173,0.005671148835118236,4.0
7332,476.2078076670094,0.005671148835118236,4.0
7333,476.18633965120836,0.005671148835118236,4.0
7334,476.1783106434975,0.005671148835118236,4.0
7335,476.25522189481643,0.005671148835118236,4.0
7336,476.3064785403511,0.005671148835118236,4.0
7337,476.3678332228608,0.005671148835118236,4.0
7338,476.4327816239687,0.005671148835118236,4.0
7339,476.4894873018497,0.005671148835118236,4.0
7340,476.549592067669,0.005671148835118236,4.0
7341,476.63914820902465,0.005671148835118236,4.0
7342,476.71508342783284,0.005671148835118236,4.0
7343,476.7643854380723,0.005671148835118236,4.0
7344,476.7972729503029,0.005671148835118236,4.0
7345,476.82280766797834,0.005671148835118236,4.0
7346,476.84626620162095,0.005671148835118236,4.0
7347,476.86630891547287,0.005671148835118236,4.0
7348,476.8904322131692,0.005671148835118236,4.0
7349,476.91292940858654,0.005671148835118236,4.0
7350,476.9497905569994,0.005671148835118236,4.0
7351,476.99729274542676,0.005671148835118236,4.0
7352,477.04880998136326,0.005671148835118236,4.0
7353,477.0541656413392,0.005671148835118236,4.0
7354,477.0510496000483,0.005671148835118236,4.0
7355,477.0439903386163,0.005671148835118236,4.0
7356,477.5179028561562,0.005671148835118236,4.0
7357,478.18134925434236,0.005671148835118236,4.0
7358,478.6064075602645,0.005671148835118236,4.0
7359,478.81311328515295,0.005671148835118236,4.0
7360,478.9196711919431,0.005671148835118236,4.0
7361,479.03051722313074,0.005671148835118236,4.0
7362,479.1114323258305,0.005671148835118236,4.0
7363,479.21366277020314,0.005671148835118236,4.0
7364,479.29342499557646,0.005671148835118236,4.0
7365,479.3551122890836,0.005671148835118236,4.0
7366,479.42068408010095,0.005671148835118236,4.0
7367,479.4657075272376,0.005671148835118236,4.0
7368,479.49459482848266,0.005671148835118236,4.0
7369,479.515704079266,0.005671148835118236,4.0
7370,479.5395013773974,0.005671148835118236,4.0
7371,479.5626735821427,0.005671148835118236,4.0
7372,479.58266068250754,0.005671148835118236,4.0
7373,479.60393878249283,0.005671148835118236,4.0
7374,479.63884951922984,0.005671148835118236,4.0
7375,479.659449358365,0.005671148835118236,4.0
7376,479.6946969061403,0.005671148835118236,4.0
7377,479.67994509065704,0.005671148835118236,4.0
7378,479.65585338122656,0.005671148835118236,4.0
7379,479.6209580869229,0.005671148835118236,4.0
7380,479.60060532782893,0.005671148835118236,4.0
7381,479.59778641515203,0.005671148835118236,4.0
7382,479.6290183586806,0.005671148835118236,4.0
7383,479.69096991535224,0.005671148835118236,4.0
7384,479.7384368668862,0.005671148835118236,4.0
7385,479.7887021512901,0.005671148835118236,4.0
7386,479.8291976993714,0.005671148835118236,4.0
7387,479.878931085567,0.005671148835118236,4.0
7388,479.9384876583416,0.005671148835118236,4.0
7389,479.99912604021955,0.005671148835118236,4.0
7390,480.04684557108396,0.005671148835118236,4.0
7391,480.0865700157922,0.005671148835118236,4.0
7392,480.11841221668925,0.005671148835118236,4.0
7393,480.14675791844763,0.005671148835118236,4.0
7394,480.17173296991945,0.005671148835118236,4.0
7395,480.1956895091424,0.005671148835118236,4.0
7396,480.2188354372548,0.005671148835118236,4.0
7397,480.24738081652293,0.005671148835118236,4.0
7398,480.3014296992064,0.005671148835118236,4.0
7399,480.368488426919,0.005671148835118236,4.0
7400,480.4246818422442,0.005671148835118236,4.0
7401,480.49442987441313,0.005671148835118236,4.0
7402,480.53449453462156,0.005671148835118236,4.0
7403,480.5525059458457,0.005671148835118236,4.0
7404,480.5914227854758,0.005671148835118236,4.0
7405,480.6186407108784,0.005671148835118236,4.0
7406,480.63581076084586,0.005671148835118236,4.0
7407,480.66797746289444,0.005671148835118236,4.0
7408,480.6952948012271,0.005671148835118236,4.0
7409,480.7318647294096,0.005671148835118236,4.0
7410,480.76137810149754,0.005671148835118236,4.0
7411,480.79226286116653,0.005671148835118236,4.0
7412,480.8209365999584,0.005671148835118236,4.0
7413,480.8532599237923,0.005671148835118236,4.0
7414,480.87858083436987,0.005671148835118236,4.0
7415,480.9044886636168,0.005671148835118236,4.0
7416,480.9317580595151,0.005671148835118236,4.0
7417,480.9515469419581,0.005671148835118236,4.0
7418,480.97004978817114,0.005671148835118236,4.0
7419,480.9872103067427,0.005671148835118236,4.0
7420,480.9947279542247,0.005671148835118236,4.0
7421,481.0022814914818,0.005671148835118236,4.0
7422,481.0088063621028,0.005671148835118236,4.0
7423,481.05154391943364,0.005671148835118236,4.0
7424,481.0639538576594,0.005671148835118236,4.0
7425,481.0608555892076,0.005671148835118236,4.0
7426,481.0501999144835,0.005671148835118236,4.0
7427,481.03825918257303,0.005671148835118236,4.0
7428,481.0276356910186,0.005671148835118236,4.0
7429,481.01885950208066,0.005671148835118236,4.0
7430,481.00870242108175,0.005671148835118236,4.0
7431,481.0229975157845,0.005671148835118236,4.0
7432,481.04627283809356,0.005671148835118236,4.0
7433,481.10199862413765,0.005671148835118236,4.0
7434,481.1494986580028,0.005671148835118236,4.0
7435,481.21180172688145,0.005671148835118236,4.0
7436,481.26871274170486,0.005671148835118236,4.0
7437,481.3386212967067,0.005671148835118236,4.0
7438,481.3857373250173,0.005671148835118236,4.0
7439,481.43020902470636,0.005671148835118236,4.0
7440,481.46293770832096,0.005671148835118236,4.0
7441,481.4903007392423,0.005671148835118236,4.0
7442,481.5126452183552,0.005671148835118236,4.0
7443,481.5389193498281,0.005671148835118236,4.0
7444,481.5641143779293,0.005671148835118236,4.0
7445,481.5975231214093,0.005671148835118236,4.0
7446,481.63135938070343,0.005671148835118236,4.0
7447,481.7105329148542,0.005671148835118236,4.0
7448,481.773452432154,0.005671148835118236,4.0
7449,481.8444585332417,0.005671148835118236,4.0
7450,481.8826365661119,0.005671148835118236,4.0
7451,482.0783944543623,0.005671148835118236,4.0
7452,482.63126493078175,0.005671148835118236,4.0
7453,482.9605396767437,0.005671148835118236,4.0
7454,483.0739161623565,0.005671148835118236,4.0
7455,483.1598217162575,0.005671148835118236,4.0
7456,483.25146221043485,0.005671148835118236,4.0
7457,483.3578449718175,0.005671148835118236,4.0
7458,483.437418260078,0.005671148835118236,4.0
7459,483.50338104235647,0.005671148835118236,4.0
7460,483.5716758852811,0.005671148835118236,4.0
7461,483.646510996844,0.005671148835118236,4.0
7462,483.70717233290895,0.005671148835118236,4.0
7463,483.7521766735412,0.005671148835118236,4.0
7464,483.78669985427257,0.005671148835118236,4.0
7465,483.8164750727042,0.005671148835118236,4.0
7466,483.8377984248987,0.005671148835118236,4.0
7467,483.8603488895335,0.005671148835118236,4.0
7468,483.8745200031213,0.005671148835118236,4.0
7469,483.88918508942703,0.005671148835118236,4.0
7470,483.8936619414733,0.005671148835118236,4.0
7471,483.95924688868047,0.005671148835118236,4.0
7472,484.03475182562977,0.005671148835118236,4.0
7473,484.0278135302196,0.005671148835118236,4.0
7474,484.01823204094643,0.005671148835118236,4.0
7475,484.0013451602916,0.005671148835118236,4.0
7476,484.51078132037657,0.005671148835118236,4.0
7477,485.0408395318327,0.005671148835118236,4.0
7478,485.64172458998837,0.005671148835118236,4.0
7479,486.2616044638419,0.005671148835118236,4.0
7480,486.6729860159635,0.005671148835118236,4.0
7481,486.9019542538907,0.005671148835118236,4.0
7482,487.0731820338405,0.005671148835118236,4.0
7483,487.1871792162761,0.005671148835118236,4.0
7484,487.2881772958466,0.005671148835118236,4.0
7485,487.35895470151524,0.005671148835118236,4.0
7486,487.43617128297694,0.005671148835118236,4.0
7487,487.50153339167366,0.005671148835118236,4.0
7488,487.5407179187837,0.005671148835118236,4.0
7489,487.57278045592454,0.005671148835118236,4.0
7490,487.5997157881454,0.005671148835118236,4.0
7491,487.62486021487393,0.005671148835118236,4.0
7492,487.6466831377295,0.005671148835118236,4.0
7493,487.66828246545487,0.005671148835118236,4.0
7494,487.688969171591,0.005671148835118236,4.0
7495,487.7408696580426,0.005671148835118236,4.0
7496,487.81960279544177,0.005671148835118236,4.0
7497,488.20788954656814,0.005671148835118236,4.0
7498,488.70476449865953,0.005671148835118236,4.0
7499,488.92023824035863,0.005671148835118236,4.0
7500,489.0002216617326,0.005671148835118236,4.0
7501,488.9979081514951,0.005671148835118236,4.0
7502,488.98830264247044,0.005671148835118236,4.0
7503,489.0686792788934,0.005671148835118236,4.0
7504,489.1564443536019,0.005671148835118236,4.0
7505,489.2410157750852,0.005671148835118236,4.0
7506,489.330521758591,0.005671148835118236,4.0
7507,489.4059645326809,0.005671148835118236,4.0
7508,489.4878276105395,0.005671148835118236,4.0
7509,489.577401393774,0.005671148835118236,4.0
7510,489.6520899929387,0.005671148835118236,4.0
7511,489.7141923332218,0.005671148835118236,4.0
7512,489.75364734601413,0.005671148835118236,4.0
7513,489.7863852257594,0.005671148835118236,4.0
7514,489.8129084428821,0.005671148835118236,4.0
7515,489.83801926172055,0.005671148835118236,4.0
7516,489.8574635540775,0.005671148835118236,4.0
7517,489.9370842758384,0.005671148835118236,4.0
7518,489.9503933725404,0.005671148835118236,4.0
7519,489.97901988639524,0.005671148835118236,4.0
7520,489.97744470605426,0.005671148835118236,4.0
7521,489.97404505167907,0.005671148835118236,4.0
7522,490.0957282592709,0.005671148835118236,4.0
7523,490.62248946965894,0.005671148835118236,4.0
7524,491.10808468210195,0.005671148835118236,4.0
7525,491.7894318132352,0.005671148835118236,4.0
7526,492.28347190759615,0.005671148835118236,4.0
7527,492.52965402989145,0.005671148835118236,4.0
7528,492.6779389412738,0.005671148835118236,4.0
7529,492.7767053221272,0.005671148835118236,4.0
7530,492.8564504872204,0.005671148835118236,4.0
7531,492.9232209085705,0.005671148835118236,4.0
7532,492.99692872609194,0.005671148835118236,4.0
7533,493.1377760960443,0.005671148835118236,4.0
7534,493.23091650294293,0.005671148835118236,4.0
7535,493.31504713745835,0.005671148835118236,4.0
7536,493.3706236082768,0.005671148835118236,4.0
7537,493.4108531064796,0.005671148835118236,4.0
7538,493.4359866410673,0.005671148835118236,4.0
7539,493.4606005711091,0.005671148835118236,4.0
7540,493.4783883907459,0.005671148835118236,4.0
7541,493.5042695903514,0.005671148835118236,4.0
7542,493.5248438558735,0.005671148835118236,4.0
7543,493.6016682061245,0.005671148835118236,4.0
7544,493.72211394690873,0.005671148835118236,4.0
7545,493.7617104429154,0.005671148835118236,4.0
7546,493.79223284749844,0.005671148835118236,4.0
7547,494.12699593583943,0.005671148835118236,4.0
7548,494.73228375306707,0.005671148835118236,4.0
7549,495.1067889223995,0.005671148835118236,4.0
7550,495.41072866974616,0.005671148835118236,4.0
7551,495.67948127857335,0.005671148835118236,4.0
7552,495.9222685333614,0.005671148835118236,4.0
7553,496.0549364893849,0.005671148835118236,4.0
7554,496.15702356072546,0.005671148835118236,4.0
7555,496.23329250579377,0.005671148835118236,4.0
7556,496.2938389351998,0.005671148835118236,4.0
7557,496.3767397022853,0.005671148835118236,4.0
7558,496.4583554616511,0.005671148835118236,4.0
7559,496.5168323093482,0.005671148835118236,4.0
7560,496.5645085449263,0.005671148835118236,4.0
7561,496.59405218438695,0.005671148835118236,4.0
7562,496.61536806886477,0.005671148835118236,4.0
7563,496.63628839237924,0.005671148835118236,4.0
7564,496.65961035226985,0.005671148835118236,4.0
7565,496.66937094918234,0.005671148835118236,4.0
7566,496.6976616357434,0.005671148835118236,4.0
7567,496.74592735531525,0.005671148835118236,4.0
7568,496.7634161416136,0.005671148835118236,4.0
7569,496.8015303760613,0.005671148835118236,4.0
7570,496.79123840654177,0.005671148835118236,4.0
7571,496.90370359584716,0.005671148835118236,4.0
7572,497.1906929270412,0.005671148835118236,4.0
7573,497.521443976479,0.005671148835118236,4.0
7574,497.60954191511547,0.005671148835118236,4.0
7575,497.7019260484891,0.005671148835118236,4.0
7576,497.7884600107077,0.005671148835118236,4.0
7577,497.8697466504575,0.005671148835118236,4.0
7578,498.05828366073496,0.005671148835118236,4.0
7579,498.162166618216,0.005671148835118236,4.0
7580,498.248918737866,0.005671148835118236,4.0
7581,498.34461640090814,0.005671148835118236,4.0
7582,498.4198208467792,0.005671148835118236,4.0
7583,498.48308021982575,0.005671148835118236,4.0
7584,498.53153782305776,0.005671148835118236,4.0
7585,498.57473248290444,0.005671148835118236,4.0
7586,498.602085018426,0.005671148835118236,4.0
7587,498.6260173778141,0.005671148835118236,4.0
7588,498.6493102010425,0.005671148835118236,4.0
7589,498.67995374549054,0.005671148835118236,4.0
7590,498.69186507437445,0.005671148835118236,4.0
7591,499.0534556887136,0.005671148835118236,4.0
7592,499.1138842662304,0.005671148835118236,4.0
7593,499.1556828298193,0.005671148835118236,4.0
7594,499.149495192961,0.005671148835118236,4.0
7595,499.1351957830333,0.005671148835118236,4.0
7596,499.39542347779263,0.005671148835118236,4.0
7597,499.8904405323428,0.005671148835118236,4.0
7598,500.1620685610973,0.005671148835118236,4.0
7599,500.26956033916554,0.005671148835118236,4.0
7600,500.34645970026156,0.005671148835118236,4.0
7601,500.40823646725477,0.005671148835118236,4.0
7602,500.4924226936813,0.005671148835118236,4.0
7603,500.575095638289,0.005671148835118236,4.0
7604,500.66412492352634,0.005671148835118236,4.0
7605,500.7375652665464,0.005671148835118236,4.0
7606,500.8086873824519,0.005671148835118236,4.0
7607,500.85484357945467,0.005671148835118236,4.0
7608,500.88629757405965,0.005671148835118236,4.0
7609,500.91558767084905,0.005671148835118236,4.0
7610,500.9343169826535,0.005671148835118236,4.0
7611,500.9757781176903,0.005671148835118236,4.0
7612,500.9718186786342,0.005671148835118236,4.0
7613,500.9747970600576,0.005671148835118236,4.0
7614,500.97360728830205,0.005671148835118236,4.0
7615,501.04461362324076,0.005671148835118236,4.0
7616,501.0854567446838,0.005671148835118236,4.0
7617,501.0819335909727,0.005671148835118236,4.0
7618,501.07884957604307,0.005671148835118236,4.0
7619,501.13232254245963,0.005671148835118236,4.0
7620,501.1245220547044,0.005671148835118236,4.0
7621,501.12196726599296,0.005671148835118236,4.0
7622,501.12114534158326,0.005671148835118236,4.0
7623,501.35626293520744,0.005671148835118236,4.0
7624,501.9157510614496,0.005671148835118236,4.0
7625,502.38306894007894,0.005671148835118236,4.0
7626,502.6094544051558,0.005671148835118236,4.0
7627,502.7568468093389,0.005671148835118236,4.0
7628,502.87952366516606,0.005671148835118236,4.0
7629,502.98941337051286,0.005671148835118236,4.0
7630,503.0748795651708,0.005671148835118236,4.0
7631,503.1373083538979,0.005671148835118236,4.0
7632,503.173805003601,0.005671148835118236,4.0
7633,503.2010101294601,0.005671148835118236,4.0
7634,503.227353446894,0.005671148835118236,4.0
7635,503.25017306360405,0.005671148835118236,4.0
7636,503.2722862259199,0.005671148835118236,4.0
7637,503.29706226742036,0.005671148835118236,4.0
7638,503.3266399235127,0.005671148835118236,4.0
7639,503.4071383961592,0.005671148835118236,4.0
7640,503.47062475492584,0.005671148835118236,4.0
7641,503.50213672278045,0.005671148835118236,4.0
7642,503.5001816032789,0.005671148835118236,4.0
7643,503.5208672120574,0.005671148835118236,4.0
7644,503.51741228421776,0.005671148835118236,4.0
7645,503.5095766282827,0.005671148835118236,4.0
7646,503.48426424112046,0.005671148835118236,4.0
7647,503.5004950105389,0.005671148835118236,4.0
7648,503.5595344132552,0.005671148835118236,4.0
7649,503.71324019549144,0.005671148835118236,4.0
7650,503.8054735627372,0.005671148835118236,4.0
7651,503.87070839206245,0.005671148835118236,4.0
7652,503.9308380382466,0.005671148835118236,4.0
7653,503.9834541299507,0.005671148835118236,4.0
7654,504.04647426273294,0.005671148835118236,4.0
7655,504.10304900750145,0.005671148835118236,4.0
7656,504.1397745402879,0.005671148835118236,4.0
7657,504.1655068967088,0.005671148835118236,4.0
7658,504.1845218573686,0.005671148835118236,4.0
7659,504.205291656927,0.005671148835118236,4.0
7660,504.21926755478637,0.005671148835118236,4.0
7661,504.2354602136764,0.005671148835118236,4.0
7662,504.25274112995805,0.005671148835118236,4.0
7663,504.3129864956528,0.005671148835118236,4.0
7664,504.3770388615246,0.005671148835118236,4.0
7665,504.88313013299563,0.005671148835118236,4.0
7666,505.56463072300375,0.005671148835118236,4.0
7667,506.21092894922634,0.005671148835118236,4.0
7668,506.9192601355894,0.005671148835118236,4.0
7669,507.5727860131142,0.005671148835118236,4.0
7670,507.9872412017677,0.005671148835118236,4.0
7671,508.2064095739452,0.005671148835118236,4.0
7672,508.3937261341139,0.005671148835118236,4.0
7673,508.573956547978,0.005671148835118236,4.0
7674,508.7410440697476,0.005671148835118236,4.0
7675,508.8500793713645,0.005671148835118236,4.0
7676,508.9465939071792,0.005671148835118236,4.0
7677,509.05440328030255,0.005671148835118236,4.0
7678,509.1386301743102,0.005671148835118236,4.0
7679,509.2023439085977,0.005671148835118236,4.0
7680,509.24136706756883,0.005671148835118236,4.0
7681,509.2700371793138,0.005671148835118236,4.0
7682,509.2913251594699,0.005671148835118236,4.0
7683,509.3129013604095,0.005671148835118236,4.0
7684,509.3180122198422,0.005671148835118236,4.0
7685,509.3531259527986,0.005671148835118236,4.0
7686,509.368103195403,0.005671148835118236,4.0
7687,509.41759311899045,0.005671148835118236,4.0
7688,509.40872236798646,0.005671148835118236,4.0
7689,509.4045285175423,0.005671148835118236,4.0
7690,509.39444028778877,0.005671148835118236,4.0
7691,509.37602514175427,0.005671148835118236,4.0
7692,509.36137329257633,0.005671148835118236,4.0
7693,509.3603482189867,0.005671148835118236,4.0
7694,509.3711673137576,0.005671148835118236,4.0
7695,509.4274009448769,0.005671148835118236,4.0
7696,509.4885304638492,0.005671148835118236,4.0
7697,509.55743701268415,0.005671148835118236,4.0
7698,509.63916472140266,0.005671148835118236,4.0
7699,509.7129917309868,0.005671148835118236,4.0
7700,509.78765592734123,0.005671148835118236,4.0
7701,509.87202315779297,0.005671148835118236,4.0
7702,509.94882898828087,0.005671148835118236,4.0
7703,510.0104950468904,0.005671148835118236,4.0
7704,510.0454838076263,0.005671148835118236,4.0
7705,510.0731918727933,0.005671148835118236,4.0
7706,510.096200947321,0.005671148835118236,4.0
7707,510.11887459984627,0.005671148835118236,4.0
7708,510.1337565136964,0.005671148835118236,4.0
7709,510.154777694047,0.005671148835118236,4.0
7710,510.1858792334813,0.005671148835118236,4.0
7711,510.27989041351645,0.005671148835118236,4.0
7712,510.3986651923577,0.005671148835118236,4.0
7713,510.4629514529445,0.005671148835118236,4.0
7714,510.49763093659755,0.005671148835118236,4.0
7715,510.5504487651645,0.005671148835118236,4.0
7716,510.59296999340665,0.005671148835118236,4.0
7717,510.6535715766622,0.005671148835118236,4.0
7718,510.6809468607596,0.005671148835118236,4.0
7719,510.7381617753109,0.005671148835118236,4.0
7720,510.84729704043707,0.005671148835118236,4.0
7721,510.923895344734,0.005671148835118236,4.0
7722,511.021654412394,0.005671148835118236,4.0
7723,511.1642038621284,0.005671148835118236,4.0
7724,511.2973218868272,0.005671148835118236,4.0
7725,511.40146650215144,0.005671148835118236,4.0
7726,511.50196447044874,0.005671148835118236,4.0
7727,511.56916637426565,0.005671148835118236,4.0
7728,511.617997998106,0.005671148835118236,4.0
7729,511.65996888750504,0.005671148835118236,4.0
7730,511.6929293244347,0.005671148835118236,4.0
7731,511.71457906704757,0.005671148835118236,4.0
7732,511.7315963764705,0.005671148835118236,4.0
7733,511.7378318168899,0.005671148835118236,4.0
7734,511.7425987549051,0.005671148835118236,4.0
7735,511.805794775155,0.005671148835118236,4.0
7736,511.8705598863992,0.005671148835118236,4.0
7737,511.93594759763283,0.005671148835118236,4.0
7738,511.94007100341366,0.005671148835118236,4.0
7739,511.9362517947109,0.005671148835118236,4.0
7740,512.3674286602153,0.005671148835118236,4.0
7741,512.5131986954768,0.005671148835118236,4.0
7742,512.7695369492708,0.005671148835118236,4.0
7743,513.0126973228372,0.005671148835118236,4.0
7744,513.6036464138816,0.005671148835118236,4.0
7745,513.9365745751537,0.005671148835118236,4.0
7746,514.1720120112521,0.005671148835118236,4.0
7747,514.5363219883876,0.005671148835118236,4.0
7748,514.9827079944105,0.005671148835118236,4.0
7749,515.629020727728,0.005671148835118236,4.0
7750,516.3176421704883,0.005671148835118236,4.0
7751,517.009871315865,0.005671148835118236,4.0
7752,517.7023206694182,0.005671148835118236,4.0
7753,518.3213082786774,0.005671148835118236,4.0
7754,518.6231990578133,0.005671148835118236,4.0
7755,518.781742919647,0.005671148835118236,4.0
7756,518.8759334901004,0.005671148835118236,4.0
7757,518.9463123312056,0.005671148835118236,4.0
7758,518.9827209201404,0.005671148835118236,4.0
7759,519.0550849271033,0.005671148835118236,4.0
7760,519.1515500808899,0.005671148835118236,4.0
7761,519.1773512564547,0.005671148835118236,4.0
7762,519.4389032036881,0.005671148835118236,4.0
7763,519.908754778301,0.005671148835118236,4.0
7764,520.0279796270142,0.005671148835118236,4.0
7765,520.0229707518629,0.005671148835118236,4.0
7766,520.0174641875216,0.005671148835118236,4.0
7767,520.0515638234301,0.005671148835118236,4.0
7768,520.1370199265428,0.005671148835118236,4.0
7769,520.2378868495839,0.005671148835118236,4.0
7770,520.3603483605824,0.005671148835118236,4.0
7771,520.4335866063624,0.005671148835118236,4.0
7772,520.578705810176,0.005671148835118236,4.0
7773,520.6497343414916,0.005671148835118236,4.0
7774,520.7107337069596,0.005671148835118236,4.0
7775,520.7370162052574,0.005671148835118236,4.0
7776,520.7908387918794,0.005671148835118236,4.0
7777,520.8951916880272,0.005671148835118236,4.0
7778,520.978274848772,0.005671148835118236,4.0
7779,521.033181068332,0.005671148835118236,4.0
7780,521.0699750188509,0.005671148835118236,4.0
7781,521.0993049562953,0.005671148835118236,4.0
7782,521.1663712395949,0.005671148835118236,4.0
7783,521.7274860326684,0.005671148835118236,4.0
7784,522.2607405118048,0.005671148835118236,4.0
7785,522.8471771454837,0.005671148835118236,4.0
7786,523.4778449125212,0.005671148835118236,4.0
7787,523.933785031315,0.005671148835118236,4.0
7788,524.1967060395058,0.005671148835118236,4.0
7789,524.2844948817062,0.005671148835118236,4.0
7790,524.3713872339559,0.005671148835118236,4.0
7791,524.484059676629,0.005671148835118236,4.0
7792,524.6126800836727,0.005671148835118236,4.0
7793,524.6990777138354,0.005671148835118236,4.0
7794,524.8065812798037,0.005671148835118236,4.0
7795,524.8958400290094,0.005671148835118236,4.0
7796,524.9718800225398,0.005671148835118236,4.0
7797,525.0566061886768,0.005671148835118236,4.0
7798,525.1288142189075,0.005671148835118236,4.0
7799,525.1792056634139,0.005671148835118236,4.0
7800,525.2158514495791,0.005671148835118236,4.0
7801,525.2402661543557,0.005671148835118236,4.0
7802,525.2592684967094,0.005671148835118236,4.0
7803,525.2965202762231,0.005671148835118236,4.0
7804,525.2916438426549,0.005671148835118236,4.0
7805,525.2894889966909,0.005671148835118236,4.0
7806,525.2882176355879,0.005671148835118236,4.0
7807,525.301340749249,0.005671148835118236,4.0
7808,525.3206108635952,0.005671148835118236,4.0
7809,525.4136670813076,0.005671148835118236,4.0
7810,525.8943210683008,0.005671148835118236,4.0
7811,526.4593313129565,0.005671148835118236,4.0
7812,527.0221945710346,0.005671148835118236,4.0
7813,527.3731953695548,0.005671148835118236,4.0
7814,527.485107001144,0.005671148835118236,4.0
7815,527.6427449881157,0.005671148835118236,4.0
7816,527.8010429495628,0.005671148835118236,4.0
7817,527.9415596368297,0.005671148835118236,4.0
7818,528.0740031417976,0.005671148835118236,4.0
7819,528.234888275735,0.005671148835118236,4.0
7820,528.3398559894553,0.005671148835118236,4.0
7821,528.4552178306453,0.005671148835118236,4.0
7822,528.5545909707948,0.005671148835118236,4.0
7823,528.6211359001351,0.005671148835118236,4.0
7824,528.6679769312605,0.005671148835118236,4.0
7825,528.7000983456714,0.005671148835118236,4.0
7826,528.7323807850566,0.005671148835118236,4.0
7827,528.755757642033,0.005671148835118236,4.0
7828,528.7758951024344,0.005671148835118236,4.0
7829,528.7937291588288,0.005671148835118236,4.0
7830,528.8273374484431,0.005671148835118236,4.0
7831,528.9247440658393,0.005671148835118236,4.0
7832,528.9807363068854,0.005671148835118236,4.0
7833,529.1415461847441,0.005671148835118236,4.0
7834,529.6247437253083,0.005671148835118236,4.0
7835,529.9941415809808,0.005671148835118236,4.0
7836,530.2020386396908,0.005671148835118236,4.0
7837,530.3481278218908,0.005671148835118236,4.0
7838,530.3923457080701,0.005671148835118236,4.0
7839,530.4623205957384,0.005671148835118236,4.0
7840,530.5963158708987,0.005671148835118236,4.0
7841,530.7313559396925,0.005671148835118236,4.0
7842,530.8148825114387,0.005671148835118236,4.0
7843,530.9055158401806,0.005671148835118236,4.0
7844,531.001942015799,0.005671148835118236,4.0
7845,531.0934348847479,0.005671148835118236,4.0
7846,531.1849898567729,0.005671148835118236,4.0
7847,531.2456300165444,0.005671148835118236,4.0
7848,531.2840022601771,0.005671148835118236,4.0
7849,531.3116405454601,0.005671148835118236,4.0
7850,531.3433300599858,0.005671148835118236,4.0
7851,531.3741561559634,0.005671148835118236,4.0
7852,531.3892437197214,0.005671148835118236,4.0
7853,531.4073129754292,0.005671148835118236,4.0
7854,531.4248184265804,0.005671148835118236,4.0
7855,531.4527204964556,0.005671148835118236,4.0
7856,531.5217492598165,0.005671148835118236,4.0
7857,531.9979697235682,0.005671148835118236,4.0
7858,532.5620938389977,0.005671148835118236,4.0
7859,532.9188846487032,0.005671148835118236,4.0
7860,533.104533819718,0.005671148835118236,4.0
7861,533.2285244258334,0.005671148835118236,4.0
7862,533.3048075539757,0.005671148835118236,4.0
7863,533.3891630922024,0.005671148835118236,4.0
7864,533.5120737874623,0.005671148835118236,4.0
7865,533.6730090783911,0.005671148835118236,4.0
7866,533.8340726636641,0.005671148835118236,4.0
7867,533.9725546525061,0.005671148835118236,4.0
7868,534.1518647262836,0.005671148835118236,4.0
7869,534.2847777938686,0.005671148835118236,4.0
7870,534.4395746320417,0.005671148835118236,4.0
7871,534.5423366673981,0.005671148835118236,4.0
7872,534.6120558424616,0.005671148835118236,4.0
7873,534.657436034729,0.005671148835118236,4.0
7874,534.7001743666563,0.005671148835118236,4.0
7875,534.7339435709017,0.005671148835118236,4.0
7876,534.7703488573625,0.005671148835118236,4.0
7877,534.8123823345843,0.005671148835118236,4.0
7878,534.816772889299,0.005671148835118236,4.0
7879,534.8621180223001,0.005671148835118236,4.0
7880,534.8548984877847,0.005671148835118236,4.0
7881,534.8751584173209,0.005671148835118236,4.0
7882,534.9272635593918,0.005671148835118236,4.0
7883,534.9994660665194,0.005671148835118236,4.0
7884,535.3851198289201,0.005671148835118236,4.0
7885,535.5536358750495,0.005671148835118236,4.0
7886,535.6618744429895,0.005671148835118236,4.0
7887,535.8098311926941,0.005671148835118236,4.0
7888,535.9617080236824,0.005671148835118236,4.0
7889,536.0770884902273,0.005671148835118236,4.0
7890,536.2149982049235,0.005671148835118236,4.0
7891,536.3301369856231,0.005671148835118236,4.0
7892,536.4570353189498,0.005671148835118236,4.0
7893,536.5845732706903,0.005671148835118236,4.0
7894,536.7174269235826,0.005671148835118236,4.0
7895,536.8074160194807,0.005671148835118236,4.0
7896,536.9031535390876,0.005671148835118236,4.0
7897,536.9455289090649,0.005671148835118236,4.0
7898,536.9756025094505,0.005671148835118236,4.0
7899,537.0007963985166,0.005671148835118236,4.0
7900,537.0221864343462,0.005671148835118236,4.0
7901,537.0496433952286,0.005671148835118236,4.0
7902,537.0771079181324,0.005671148835118236,4.0
7903,537.152084777009,0.005671148835118236,4.0
7904,537.2342019899369,0.005671148835118236,4.0
7905,537.2612908625634,0.005671148835118236,4.0
7906,537.2673677157125,0.005671148835118236,4.0
7907,537.2960277968971,0.005671148835118236,4.0
7908,537.4508136064597,0.005671148835118236,4.0
7909,537.9489238017022,0.005671148835118236,4.0
7910,538.4948384891393,0.005671148835118236,4.0
7911,539.0879840448113,0.005671148835118236,4.0
7912,539.44702113465,0.005671148835118236,4.0
7913,539.717203459372,0.005671148835118236,4.0
7914,539.9126897445841,0.005671148835118236,4.0
7915,540.1272245121163,0.005671148835118236,4.0
7916,540.3144751485491,0.005671148835118236,4.0
7917,540.4680732849648,0.005671148835118236,4.0
7918,540.5914399344863,0.005671148835118236,4.0
7919,540.669168247443,0.005671148835118236,4.0
7920,540.7343001526161,0.005671148835118236,4.0
7921,540.7720326144556,0.005671148835118236,4.0
7922,540.8013689588803,0.005671148835118236,4.0
7923,540.8240757117582,0.005671148835118236,4.0
7924,540.8450499720979,0.005671148835118236,4.0
7925,540.8691962284348,0.005671148835118236,4.0
7926,540.9074991830099,0.005671148835118236,4.0
7927,540.9730456974652,0.005671148835118236,4.0
7928,541.0426494540943,0.005671148835118236,4.0
7929,541.1797847099028,0.005671148835118236,4.0
7930,541.2569896521978,0.005671148835118236,4.0
7931,541.261195458993,0.005671148835118236,4.0
7932,541.2593839745092,0.005671148835118236,4.0
7933,541.250831279139,0.005671148835118236,4.0
7934,541.2793594595736,0.005671148835118236,4.0
7935,541.4830135592161,0.005671148835118236,4.0
7936,541.6754947153568,0.005671148835118236,4.0
7937,541.8811721892267,0.005671148835118236,4.0
7938,542.0410337090847,0.005671148835118236,4.0
7939,542.2072981841025,0.005671148835118236,4.0
7940,542.4004416232556,0.005671148835118236,4.0
7941,542.5392931941432,0.005671148835118236,4.0
7942,542.6537519244463,0.005671148835118236,4.0
7943,542.7415972839277,0.005671148835118236,4.0
7944,542.7995488069665,0.005671148835118236,4.0
7945,542.8351892486135,0.005671148835118236,4.0
7946,542.8613676603984,0.005671148835118236,4.0
7947,542.879847244043,0.005671148835118236,4.0
7948,542.8969116553101,0.005671148835118236,4.0
7949,542.9157535991089,0.005671148835118236,4.0
7950,542.9235404400631,0.005671148835118236,4.0
7951,542.9731085687804,0.005671148835118236,4.0
7952,543.0415459588389,0.005671148835118236,4.0
7953,543.1601401623183,0.005671148835118236,4.0
7954,543.2278189062512,0.005671148835118236,4.0
7955,543.3396937814516,0.005671148835118236,4.0
7956,543.3792861952642,0.005671148835118236,4.0
7957,543.4042977410492,0.005671148835118236,4.0
7958,543.492993971207,0.005671148835118236,4.0
7959,543.678731478847,0.005671148835118236,4.0
7960,543.8755246770417,0.005671148835118236,4.0
7961,544.0750674533518,0.005671148835118236,4.0
7962,544.2624565129962,0.005671148835118236,4.0
7963,544.4337048267917,0.005671148835118236,4.0
7964,544.5976114677519,0.005671148835118236,4.0
7965,544.738744154972,0.005671148835118236,4.0
7966,544.8631040809851,0.005671148835118236,4.0
7967,544.9452793842919,0.005671148835118236,4.0
7968,544.996204998324,0.005671148835118236,4.0
7969,545.0297460271677,0.005671148835118236,4.0
7970,545.0550022305149,0.005671148835118236,4.0
7971,545.0764984186147,0.005671148835118236,4.0
7972,545.0882337676788,0.005671148835118236,4.0
7973,545.1002408454177,0.005671148835118236,4.0
7974,545.1198442830523,0.005671148835118236,4.0
7975,545.1690327657965,0.005671148835118236,4.0
7976,545.2642884514802,0.005671148835118236,4.0
7977,545.4083739410765,0.005671148835118236,4.0
7978,545.4778475916862,0.005671148835118236,4.0
7979,545.5381780428611,0.005671148835118236,4.0
7980,545.5656923850603,0.005671148835118236,4.0
7981,545.6647196370649,0.005671148835118236,4.0
7982,545.779214996537,0.005671148835118236,4.0
7983,545.951207042195,0.005671148835118236,4.0
7984,546.1097175602027,0.005671148835118236,4.0
7985,546.256314432737,0.005671148835118236,4.0
7986,546.4070529150539,0.005671148835118236,4.0
7987,546.535573100926,0.005671148835118236,4.0
7988,546.6623392834099,0.005671148835118236,4.0
7989,546.7838449388255,0.005671148835118236,4.0
7990,546.8941984917648,0.005671148835118236,4.0
7991,546.970909058678,0.005671148835118236,4.0
7992,547.0178139396311,0.005671148835118236,4.0
7993,547.0684049267717,0.005671148835118236,4.0
7994,547.0973959291557,0.005671148835118236,4.0
7995,547.1148853502693,0.005671148835118236,4.0
7996,547.1298793258808,0.005671148835118236,4.0
7997,547.1344336774949,0.005671148835118236,4.0
7998,547.155775523766,0.005671148835118236,4.0
7999,547.2063504981659,0.005671148835118236,4.0
8000,547.3314246094715,0.005671148835118236,4.0
8001,547.4302647357563,0.005671148835118236,4.0
8002,547.5052728806753,0.005671148835118236,4.0
8003,547.6050187232445,0.005671148835118236,4.0
8004,547.6883965680406,0.005671148835118236,4.0
8005,547.7988886693256,0.005671148835118236,4.0
8006,547.9133162164685,0.005671148835118236,4.0
8007,548.0399619117195,0.005671148835118236,4.0
8008,548.1777228680629,0.005671148835118236,4.0
8009,548.3767438165128,0.005671148835118236,4.0
8010,548.529419601607,0.005671148835118236,4.0
8011,548.6892844512802,0.005671148835118236,4.0
8012,548.8254181724636,0.005671148835118236,4.0
8013,548.970447186515,0.005671148835118236,4.0
8014,549.111158789268,0.005671148835118236,4.0
8015,549.2249071625737,0.005671148835118236,4.0
8016,549.2877766947577,0.005671148835118236,4.0
8017,549.3421407421257,0.005671148835118236,4.0
8018,549.4125206340975,0.005671148835118236,4.0
8019,549.4678710246117,0.005671148835118236,4.0
8020,549.5190701107995,0.005671148835118236,4.0
8021,549.5673800197766,0.005671148835118236,4.0
8022,549.6217918649462,0.005671148835118236,4.0
8023,549.6951427647439,0.005671148835118236,4.0
8024,549.8187347364369,0.005671148835118236,4.0
8025,549.8835839355298,0.005671148835118236,4.0
8026,550.0057220609903,0.005671148835118236,4.0
8027,550.1660818261784,0.005671148835118236,4.0
8028,550.3277034844714,0.005671148835118236,4.0
8029,550.5219143966187,0.005671148835118236,4.0
8030,550.6951866341611,0.005671148835118236,4.0
8031,550.8252332362842,0.005671148835118236,4.0
8032,550.969300313212,0.005671148835118236,4.0
8033,551.1424035117801,0.005671148835118236,4.0
8034,551.4251186603602,0.005671148835118236,4.0
8035,551.6142180440768,0.005671148835118236,4.0
8036,551.8052630004573,0.005671148835118236,4.0
8037,551.9556987739935,0.005671148835118236,4.0
8038,552.0807051745431,0.005671148835118236,4.0
8039,552.1681253147009,0.005671148835118236,4.0
8040,552.2269362872452,0.005671148835118236,4.0
8041,552.2605518060901,0.005671148835118236,4.0
8042,552.2884971127562,0.005671148835118236,4.0
8043,552.3174409340145,0.005671148835118236,4.0
8044,552.3455197040946,0.005671148835118236,4.0
8045,552.362453416832,0.005671148835118236,4.0
8046,552.4070909572827,0.005671148835118236,4.0
8047,552.4587319635488,0.005671148835118236,4.0
8048,552.6343152803903,0.005671148835118236,4.0
8049,552.7916917409598,0.005671148835118236,4.0
8050,552.9442781122289,0.005671148835118236,4.0
8051,553.0744756165847,0.005671148835118236,4.0
8052,553.2834988603598,0.005671148835118236,4.0
8053,553.6281107386615,0.005671148835118236,4.0
8054,554.2609989125499,0.005671148835118236,4.0
8055,554.8981006470826,0.005671148835118236,4.0
8056,555.6607394670826,0.009504647058836479,5.0
8057,556.4004153470827,0.026080872897865936,6.0
8058,556.9007632533613,0.026080872897865936,6.0
8059,557.2062968095508,0.026080872897865936,6.0
8060,557.4373668259133,0.026080872897865936,6.0
8061,557.6304493980425,0.026080872897865936,6.0
8062,557.7790348090455,0.026080872897865936,6.0
8063,557.8889161599667,0.026080872897865936,6.0
8064,557.9701491944334,0.026080872897865936,6.0
8065,558.036988621732,0.026080872897865936,6.0
8066,558.0847093176067,0.026080872897865936,6.0
8067,558.1192927753323,0.026080872897865936,6.0
8068,558.1592936151906,0.026080872897865936,6.0
8069,558.1646324398979,0.026080872897865936,6.0
8070,558.1801785342731,0.026080872897865936,6.0
8071,558.2218978782004,0.026080872897865936,6.0
8072,558.27142711678,0.026080872897865936,6.0
8073,558.2986746881425,0.026080872897865936,6.0
8074,558.4385400619971,0.026080872897865936,6.0
8075,558.5161301358064,0.026080872897865936,6.0
8076,558.7860364046928,0.026080872897865936,6.0
8077,559.3689019280868,0.026080872897865936,6.0
8078,559.4771161862284,0.026080872897865936,6.0
8079,559.5656463649225,0.026080872897865936,6.0
8080,559.7034343783031,0.026080872897865936,6.0
8081,559.9085093714215,0.026080872897865936,6.0
8082,560.140627675088,0.026080872897865936,6.0
8083,560.3154325104714,0.026080872897865936,6.0
8084,560.4623514326702,0.026080872897865936,6.0
8085,560.596347909315,0.026080872897865936,6.0
8086,560.7199728450727,0.026080872897865936,6.0
8087,560.8014563899452,0.026080872897865936,6.0
8088,560.8955727361018,0.026080872897865936,6.0
8089,560.9794726582198,0.026080872897865936,6.0
8090,561.067424440042,0.026080872897865936,6.0
8091,561.1926635589689,0.026080872897865936,6.0
8092,561.2932124573791,0.026080872897865936,6.0
8093,561.4032499570934,0.026080872897865936,6.0
8094,561.5017085324861,0.026080872897865936,6.0
8095,561.6396953882366,0.026080872897865936,6.0
8096,561.7803250723354,0.026080872897865936,6.0
8097,561.9204398018232,0.026080872897865936,6.0
8098,562.0128617141596,0.026080872897865936,6.0
8099,562.0921843692655,0.026080872897865936,6.0
8100,562.1842736503793,0.026080872897865936,6.0
8101,562.3675262267884,0.026080872897865936,6.0
8102,562.5190533814712,0.026080872897865936,6.0
8103,562.6794791594536,0.026080872897865936,6.0
8104,562.8542412224823,0.026080872897865936,6.0
8105,563.024496290493,0.026080872897865936,6.0
8106,563.2015028773282,0.026080872897865936,6.0
8107,563.3921855123461,0.026080872897865936,6.0
8108,563.6195309437859,0.026080872897865936,6.0
8109,563.8580764869665,0.026080872897865936,6.0
8110,564.0421350668803,0.026080872897865936,6.0
8111,564.2349943107449,0.026080872897865936,6.0
8112,564.3063632320157,0.026080872897865936,6.0
8113,564.3658779775834,0.026080872897865936,6.0
8114,564.3911715156877,0.026080872897865936,6.0
8115,564.4253817281715,0.026080872897865936,6.0
8116,564.4479593863914,0.026080872897865936,6.0
8117,564.4740415764442,0.026080872897865936,6.0
8118,564.4883951700963,0.026080872897865936,6.0
8119,564.5719657196979,0.026080872897865936,6.0
8120,564.8015114488157,0.026080872897865936,6.0
8121,565.3811813024543,0.026080872897865936,6.0
8122,566.0713389086949,0.026080872897865936,6.0
8123,566.7240436273847,0.026080872897865936,6.0
8124,567.152784215227,0.026080872897865936,6.0
8125,567.3826789878669,0.026080872897865936,6.0
8126,567.5679629628538,0.026080872897865936,6.0
8127,567.8136398343623,0.026080872897865936,6.0
8128,568.0253545652857,0.026080872897865936,6.0
8129,568.1599908269562,0.026080872897865936,6.0
8130,568.3082567163193,0.026080872897865936,6.0
8131,568.4644996511026,0.026080872897865936,6.0
8132,568.629534798146,0.026080872897865936,6.0
8133,568.7810774409412,0.026080872897865936,6.0
8134,568.9236037512428,0.026080872897865936,6.0
8135,569.0302797712973,0.026080872897865936,6.0
8136,569.0900466188184,0.026080872897865936,6.0
8137,569.1318477389098,0.026080872897865936,6.0
8138,569.1595571007362,0.026080872897865936,6.0
8139,569.1819184807862,0.026080872897865936,6.0
8140,569.1999066235014,0.026080872897865936,6.0
8141,569.2181946145068,0.026080872897865936,6.0
8142,569.2174493144157,0.026080872897865936,6.0
8143,569.2545702171196,0.026080872897865936,6.0
8144,569.3637503814124,0.026080872897865936,6.0
8145,569.3964492202734,0.026080872897865936,6.0
8146,569.4099130436967,0.026080872897865936,6.0
8147,569.7633038364693,0.026080872897865936,6.0
8148,570.3797321301151,0.026080872897865936,6.0
8149,570.5734996225058,0.026080872897865936,6.0
8150,570.6310618631744,0.026080872897865936,6.0
8151,570.7431061745638,0.026080872897865936,6.0
8152,570.8706626134464,0.026080872897865936,6.0
8153,571.0525348170016,0.026080872897865936,6.0
8154,571.2458710259938,0.026080872897865936,6.0
8155,571.4132685786307,0.026080872897865936,6.0
8156,571.5670077579551,0.026080872897865936,6.0
8157,571.7485637112608,0.026080872897865936,6.0
8158,571.9266324220489,0.026080872897865936,6.0
8159,572.0723203646644,0.026080872897865936,6.0
8160,572.1508394672146,0.026080872897865936,6.0
8161,572.2089928188608,0.026080872897865936,6.0
8162,572.2553161627659,0.026080872897865936,6.0
8163,572.301784718321,0.026080872897865936,6.0
8164,572.3483126487919,0.026080872897865936,6.0
8165,572.3792194613853,0.026080872897865936,6.0
8166,572.4089226103684,0.026080872897865936,6.0
8167,572.5008945603407,0.026080872897865936,6.0
8168,572.7020516212583,0.026080872897865936,6.0
8169,572.7293223165204,0.026080872897865936,6.0
8170,572.7741887937973,0.026080872897865936,6.0
8171,572.770253030767,0.026080872897865936,6.0
8172,572.8738809016961,0.026080872897865936,6.0
8173,572.927243355063,0.026080872897865936,6.0
8174,572.9857609248484,0.026080872897865936,6.0
8175,573.1093601792281,0.026080872897865936,6.0
8176,573.2065577120851,0.026080872897865936,6.0
8177,573.3339453761145,0.026080872897865936,6.0
8178,573.4360710316367,0.026080872897865936,6.0
8179,573.5536846811153,0.026080872897865936,6.0
8180,573.658375718287,0.026080872897865936,6.0
8181,573.7757397170457,0.026080872897865936,6.0
8182,573.9077967294874,0.026080872897865936,6.0
8183,574.0088161938944,0.026080872897865936,6.0
8184,574.0918551824634,0.026080872897865936,6.0
8185,574.1628507712244,0.026080872897865936,6.0
8186,574.235722769427,0.026080872897865936,6.0
8187,574.3194762982619,0.026080872897865936,6.0
8188,574.3885302424596,0.026080872897865936,6.0
8189,574.4569602650364,0.026080872897865936,6.0
8190,574.5334410730534,0.026080872897865936,6.0
8191,574.6596417371744,0.026080872897865936,6.0
8192,574.8121158921283,0.026080872897865936,6.0
8193,574.8883105411825,0.026080872897865936,6.0
8194,574.9647487373963,0.026080872897865936,6.0
8195,575.0339929329298,0.026080872897865936,6.0
8196,575.0779872757079,0.026080872897865936,6.0
8197,575.1309448401549,0.026080872897865936,6.0
8198,575.4423451745213,0.026080872897865936,6.0
8199,575.7289870696868,0.026080872897865936,6.0
8200,575.8899603840215,0.026080872897865936,6.0
8201,576.0333118482083,0.026080872897865936,6.0
8202,576.1663592478744,0.026080872897865936,6.0
8203,576.2821679977831,0.026080872897865936,6.0
8204,576.4011381208484,0.026080872897865936,6.0
8205,576.5223868952452,0.026080872897865936,6.0
8206,576.6579991315976,0.026080872897865936,6.0
8207,576.755029249881,0.026080872897865936,6.0
8208,576.8469287332503,0.026080872897865936,6.0
8209,576.9252332631843,0.026080872897865936,6.0
8210,576.9926849268552,0.026080872897865936,6.0
8211,577.0542543434342,0.026080872897865936,6.0
8212,577.10938809801,0.026080872897865936,6.0
8213,577.1707654611208,0.026080872897865936,6.0
8214,577.2494637993419,0.026080872897865936,6.0
8215,577.4294657458626,0.026080872897865936,6.0
8216,577.6024253396189,0.026080872897865936,6.0
8217,577.7301273533125,0.026080872897865936,6.0
8218,577.8504956849763,0.026080872897865936,6.0
8219,577.9131648689711,0.026080872897865936,6.0
8220,578.3858555586347,0.026080872897865936,6.0
8221,579.0770098629511,0.026080872897865936,6.0
8222,579.4015280218719,0.026080872897865936,6.0
8223,579.6188021861776,0.026080872897865936,6.0
8224,579.8156523005142,0.026080872897865936,6.0
8225,579.9645670773515,0.026080872897865936,6.0
8226,580.0951068213536,0.026080872897865936,6.0
8227,580.1948232273786,0.026080872897865936,6.0
8228,580.3278117625164,0.026080872897865936,6.0
8229,580.4577597503185,0.026080872897865936,6.0
8230,580.6026598832508,0.026080872897865936,6.0
8231,580.7032999792364,0.026080872897865936,6.0
8232,580.7823660169208,0.026080872897865936,6.0
8233,580.8559969509053,0.026080872897865936,6.0
8234,580.9224619682719,0.026080872897865936,6.0
8235,580.9830747201158,0.026080872897865936,6.0
8236,581.0494188828608,0.026080872897865936,6.0
8237,581.084080484333,0.026080872897865936,6.0
8238,581.111989958585,0.026080872897865936,6.0
8239,581.1978470199278,0.026080872897865936,6.0
8240,581.3231772805559,0.026080872897865936,6.0
8241,581.5198327584651,0.026080872897865936,6.0
8242,581.7599970692354,0.026080872897865936,6.0
8243,582.3905502426986,0.026080872897865936,6.0
8244,582.9199222603663,0.026080872897865936,6.0
8245,583.342806110415,0.026080872897865936,6.0
8246,583.619704901434,0.026080872897865936,6.0
8247,583.7755645120209,0.026080872897865936,6.0
8248,583.9325384222492,0.026080872897865936,6.0
8249,584.0646259361484,0.026080872897865936,6.0
8250,584.1981124663898,0.026080872897865936,6.0
8251,584.2866479266896,0.026080872897865936,6.0
8252,584.3803470400136,0.026080872897865936,6.0
8253,584.5618329947861,0.026080872897865936,6.0
8254,584.6869173344832,0.026080872897865936,6.0
8255,584.7758520161777,0.026080872897865936,6.0
8256,584.8548123387657,0.026080872897865936,6.0
8257,584.9079531447538,0.026080872897865936,6.0
8258,584.9653563385708,0.026080872897865936,6.0
8259,585.007861342351,0.026080872897865936,6.0
8260,585.0552767729062,0.026080872897865936,6.0
8261,585.127547442257,0.026080872897865936,6.0
8262,585.1906216047552,0.026080872897865936,6.0
8263,585.3088793892707,0.026080872897865936,6.0
8264,585.3751048197975,0.026080872897865936,6.0
8265,585.8607873385727,0.026080872897865936,6.0
8266,586.4203182714492,0.026080872897865936,6.0
8267,587.0146707560458,0.026080872897865936,6.0
8268,587.6725511060458,0.027437335594890745,7.0
8269,588.3824812060459,0.028410588712836946,8.0
8270,588.9252264440513,0.028410588712836946,8.0
8271,589.1794621858454,0.028410588712836946,8.0
8272,589.3826658815798,0.028410588712836946,8.0
8273,589.520191956043,0.028410588712836946,8.0
8274,589.6388593684895,0.028410588712836946,8.0
8275,589.7328460664205,0.028410588712836946,8.0
8276,589.8247579780216,0.028410588712836946,8.0
8277,589.9472646546933,0.028410588712836946,8.0
8278,590.0824693268647,0.028410588712836946,8.0
8279,590.1864545687308,0.028410588712836946,8.0
8280,590.2607859771601,0.028410588712836946,8.0
8281,590.3220388598924,0.028410588712836946,8.0
8282,590.3976187520385,0.028410588712836946,8.0
8283,590.4442961677081,0.028410588712836946,8.0
8284,590.4836238814534,0.028410588712836946,8.0
8285,590.5666716517915,0.028410588712836946,8.0
8286,590.6071669719602,0.028410588712836946,8.0
8287,590.7033129407143,0.028410588712836946,8.0
8288,590.8540036432513,0.028410588712836946,8.0
8289,590.9528515633522,0.028410588712836946,8.0
8290,590.9968469846445,0.028410588712836946,8.0
8291,591.0325347530857,0.028410588712836946,8.0
8292,591.5774134684332,0.028410588712836946,8.0
8293,592.1891333631901,0.028410588712836946,8.0
8294,592.8973102637877,0.028410588712836946,8.0
8295,593.3470251338531,0.028410588712836946,8.0
8296,593.6041044899905,0.028410588712836946,8.0
8297,593.8024369451937,0.028410588712836946,8.0
8298,593.9709521346707,0.028410588712836946,8.0
8299,594.1236612602702,0.028410588712836946,8.0
8300,594.2621219061606,0.028410588712836946,8.0
8301,594.3976563050803,0.028410588712836946,8.0
8302,594.5401636024125,0.028410588712836946,8.0
8303,594.6647965331791,0.028410588712836946,8.0
8304,594.7510927297399,0.028410588712836946,8.0
8305,594.8203452858178,0.028410588712836946,8.0
8306,594.8952578612162,0.028410588712836946,8.0
8307,594.9544401770507,0.028410588712836946,8.0
8308,595.0120032472793,0.028410588712836946,8.0
8309,595.0713106801161,0.028410588712836946,8.0
8310,595.1258647802723,0.028410588712836946,8.0
8311,595.2188639952324,0.028410588712836946,8.0
8312,595.3520690501579,0.028410588712836946,8.0
8313,595.4003002593583,0.028410588712836946,8.0
8314,595.4702395814112,0.028410588712836946,8.0
8315,595.4686680086669,0.028410588712836946,8.0
8316,595.4775913076189,0.028410588712836946,8.0
8317,595.8595415074147,0.028410588712836946,8.0
8318,596.3699482959471,0.028410588712836946,8.0
8319,597.0454700997425,0.028410588712836946,8.0
8320,597.7247805235672,0.028410588712836946,8.0
8321,598.2289677656667,0.028410588712836946,8.0
8322,598.5457935868969,0.028410588712836946,8.0
8323,598.7679447078546,0.028410588712836946,8.0
8324,598.9855620048874,0.028410588712836946,8.0
8325,599.1347761863894,0.028410588712836946,8.0
8326,599.2881076865608,0.028410588712836946,8.0
8327,599.4020065492992,0.028410588712836946,8.0
8328,599.4881629550681,0.028410588712836946,8.0
8329,599.5784947645495,0.028410588712836946,8.0
8330,599.6431024459022,0.028410588712836946,8.0
8331,599.7002646652372,0.028410588712836946,8.0
8332,599.7530767840003,0.028410588712836946,8.0
8333,599.8404424777691,0.028410588712836946,8.0
8334,599.9225845347042,0.028410588712836946,8.0
8335,600.0488764152464,0.028410588712836946,8.0
8336,600.1811821306663,0.028410588712836946,8.0
8337,600.2677278859359,0.028410588712836946,8.0
8338,600.3160877002426,0.028410588712836946,8.0
8339,600.358658729049,0.028410588712836946,8.0
8340,600.4050496164155,0.028410588712836946,8.0
8341,600.4484756813088,0.028410588712836946,8.0
8342,600.4735541014464,0.028410588712836946,8.0
8343,600.5625725095717,0.028410588712836946,8.0
8344,600.7108339825828,0.028410588712836946,8.0
8345,600.8951911170977,0.028410588712836946,8.0
8346,601.0957421349373,0.028410588712836946,8.0
8347,601.2737535557425,0.028410588712836946,8.0
8348,601.4601537252195,0.028410588712836946,8.0
8349,601.6415578770996,0.028410588712836946,8.0
8350,601.779561363913,0.028410588712836946,8.0
8351,601.9103594119005,0.028410588712836946,8.0
8352,601.9919233841537,0.028410588712836946,8.0
8353,602.0653534206836,0.028410588712836946,8.0
8354,602.1403326165935,0.028410588712836946,8.0
8355,602.2105600284499,0.028410588712836946,8.0
8356,602.2641824923752,0.028410588712836946,8.0
8357,602.327770071999,0.028410588712836946,8.0
8358,602.3881734365067,0.028410588712836946,8.0
8359,602.5126946480457,0.028410588712836946,8.0
8360,602.6694032681911,0.028410588712836946,8.0
8361,602.7839134789831,0.028410588712836946,8.0
8362,602.8822635984803,0.028410588712836946,8.0
8363,602.9790478255786,0.028410588712836946,8.0
8364,603.0462198988268,0.028410588712836946,8.0
8365,603.254354838175,0.028410588712836946,8.0
8366,603.8438148377625,0.028410588712836946,8.0
8367,604.2959927227415,0.028410588712836946,8.0
8368,604.5542075609573,0.028410588712836946,8.0
8369,604.7597168426363,0.028410588712836946,8.0
8370,604.9452824768213,0.028410588712836946,8.0
8371,605.1229749712777,0.028410588712836946,8.0
8372,605.2964420568733,0.028410588712836946,8.0
8373,605.4959873933716,0.028410588712836946,8.0
8374,605.6801123212448,0.028410588712836946,8.0
8375,605.8148955351564,0.028410588712836946,8.0
8376,605.9401524442783,0.028410588712836946,8.0
8377,606.0504580502956,0.028410588712836946,8.0
8378,606.1550651458115,0.028410588712836946,8.0
8379,606.2506649300274,0.028410588712836946,8.0
8380,606.3455445749246,0.028410588712836946,8.0
8381,606.4279382066898,0.028410588712836946,8.0
8382,606.5112996800246,0.028410588712836946,8.0
8383,606.6373501889406,0.028410588712836946,8.0
8384,606.7847633142226,0.028410588712836946,8.0
8385,606.9650103978341,0.028410588712836946,8.0
8386,607.135772494467,0.028410588712836946,8.0
8387,607.2484081449317,0.028410588712836946,8.0
8388,607.2809209814125,0.028410588712836946,8.0
8389,607.3107692328533,0.028410588712836946,8.0
8390,607.4053698555919,0.028410588712836946,8.0
8391,607.549980106828,0.028410588712836946,8.0
8392,607.6669513645552,0.028410588712836946,8.0
8393,607.7708484209277,0.028410588712836946,8.0
8394,607.9051084339214,0.028410588712836946,8.0
8395,608.0521061689082,0.028410588712836946,8.0
8396,608.2046817988754,0.028410588712836946,8.0
8397,608.3678905065317,0.028410588712836946,8.0
8398,608.53313976455,0.028410588712836946,8.0
8399,608.6691041387954,0.028410588712836946,8.0
8400,608.7895590640869,0.028410588712836946,8.0
8401,608.8869876209427,0.028410588712836946,8.0
8402,608.9537274397879,0.028410588712836946,8.0
8403,609.0362939113235,0.028410588712836946,8.0
8404,609.1115918926268,0.028410588712836946,8.0
8405,609.1819890345483,0.028410588712836946,8.0
8406,609.2626351494653,0.028410588712836946,8.0
8407,609.3667820629145,0.028410588712836946,8.0
8408,609.5129834344563,0.028410588712836946,8.0
8409,610.0202189766702,0.028410588712836946,8.0
8410,610.5443372031851,0.028410588712836946,8.0
8411,610.9513846175631,0.028410588712836946,8.0
8412,611.3602944284984,0.028410588712836946,8.0
8413,611.6315047050002,0.028410588712836946,8.0
8414,611.8178217554307,0.028410588712836946,8.0
8415,611.9605227937415,0.028410588712836946,8.0
8416,612.0890493018711,0.028410588712836946,8.0
8417,612.1966377202853,0.028410588712836946,8.0
8418,612.3076858428007,0.028410588712836946,8.0
8419,612.4000510142728,0.028410588712836946,8.0
8420,612.5098054543602,0.028410588712836946,8.0
8421,612.6217249228448,0.028410588712836946,8.0
8422,612.7058109888749,0.028410588712836946,8.0
8423,612.7696756408009,0.028410588712836946,8.0
8424,612.8269173688531,0.028410588712836946,8.0
8425,612.873121556023,0.028410588712836946,8.0
8426,612.8964016959511,0.028410588712836946,8.0
8427,612.9139853212697,0.028410588712836946,8.0
8428,612.9432732412195,0.028410588712836946,8.0
8429,612.9777946182029,0.028410588712836946,8.0
8430,612.9762164689755,0.028410588712836946,8.0
8431,613.0017235488395,0.028410588712836946,8.0
8432,613.0252702918931,0.028410588712836946,8.0
8433,613.094917068883,0.028410588712836946,8.0
8434,613.5189152855428,0.028410588712836946,8.0
8435,614.081149736222,0.028410588712836946,8.0
8436,614.4061673090373,0.028410588712836946,8.0
8437,614.5817845541158,0.028410588712836946,8.0
8438,614.700961824355,0.028410588712836946,8.0
8439,614.7943938199144,0.028410588712836946,8.0
8440,614.9027457358609,0.028410588712836946,8.0
8441,615.0463023409087,0.028410588712836946,8.0
8442,615.2055061178941,0.028410588712836946,8.0
8443,615.3477847385439,0.028410588712836946,8.0
8444,615.5221949883212,0.028410588712836946,8.0
8445,615.6765328455634,0.028410588712836946,8.0
8446,615.8484920582846,0.028410588712836946,8.0
8447,615.9962506141443,0.028410588712836946,8.0
8448,616.1238771566112,0.028410588712836946,8.0
8449,616.2324474234711,0.028410588712836946,8.0
8450,616.3432298165783,0.028410588712836946,8.0
8451,616.4169027596121,0.028410588712836946,8.0
8452,616.4796866530638,0.028410588712836946,8.0
8453,616.5288477222497,0.028410588712836946,8.0
8454,616.628240049366,0.028410588712836946,8.0
8455,616.6858341727353,0.028410588712836946,8.0
8456,616.7569352751709,0.028410588712836946,8.0
8457,616.833542363917,0.028410588712836946,8.0
8458,616.9736052214126,0.028410588712836946,8.0
8459,617.1586050444306,0.028410588712836946,8.0
8460,617.3147190609437,0.028410588712836946,8.0
8461,617.4555242311179,0.028410588712836946,8.0
8462,617.5505221187581,0.028410588712836946,8.0
8463,617.6391151144145,0.028410588712836946,8.0
8464,617.7414012795182,0.028410588712836946,8.0
8465,617.8688461901666,0.028410588712836946,8.0
8466,617.9898738136641,0.028410588712836946,8.0
8467,618.154071276072,0.028410588712836946,8.0
8468,618.292132681996,0.028410588712836946,8.0
8469,618.4095728107595,0.028410588712836946,8.0
8470,618.5289044411181,0.028410588712836946,8.0
8471,618.6085000158824,0.028410588712836946,8.0
8472,618.7071758524679,0.028410588712836946,8.0
8473,618.775402931082,0.028410588712836946,8.0
8474,618.8436885340466,0.028410588712836946,8.0
8475,618.9115352608578,0.028410588712836946,8.0
8476,618.9734112933612,0.028410588712836946,8.0
8477,619.0352560682752,0.028410588712836946,8.0
8478,619.1073383910185,0.028410588712836946,8.0
8479,619.1924840722941,0.028410588712836946,8.0
8480,619.2630323822112,0.028410588712836946,8.0
8481,619.3619896184701,0.028410588712836946,8.0
8482,619.5417959187674,0.028410588712836946,8.0
8483,619.6901013446261,0.028410588712836946,8.0
8484,619.8262234938684,0.028410588712836946,8.0
8485,619.9758845650333,0.028410588712836946,8.0
8486,620.1041142529215,0.028410588712836946,8.0
8487,620.2303526491739,0.028410588712836946,8.0
8488,620.3235019405975,0.028410588712836946,8.0
8489,620.416632687389,0.028410588712836946,8.0
8490,620.4770584024536,0.028410588712836946,8.0
8491,620.5900594797201,0.028410588712836946,8.0
8492,620.6962143876061,0.028410588712836946,8.0
8493,620.8401354339643,0.028410588712836946,8.0
8494,620.9491933866121,0.028410588712836946,8.0
8495,621.0173627407385,0.028410588712836946,8.0
8496,621.0790939205331,0.028410588712836946,8.0
8497,621.1219752720667,0.028410588712836946,8.0
8498,621.1623779035474,0.028410588712836946,8.0
8499,621.1930100262107,0.028410588712836946,8.0
8500,621.2071076331807,0.028410588712836946,8.0
8501,621.2299070796875,0.028410588712836946,8.0
8502,621.2547078822763,0.028410588712836946,8.0
8503,621.3096084120899,0.028410588712836946,8.0
8504,621.4835534146193,0.028410588712836946,8.0
8505,621.6410188789313,0.028410588712836946,8.0
8506,621.7642113855846,0.028410588712836946,8.0
8507,621.9217879973073,0.028410588712836946,8.0
8508,622.0743819095089,0.028410588712836946,8.0
8509,622.4700862183618,0.028410588712836946,8.0
8510,622.714396276774,0.028410588712836946,8.0
8511,622.8676996203235,0.028410588712836946,8.0
8512,622.9910804109697,0.028410588712836946,8.0
8513,623.1203727402298,0.028410588712836946,8.0
8514,623.2538668196398,0.028410588712836946,8.0
8515,623.3952989541509,0.028410588712836946,8.0
8516,623.4992221037725,0.028410588712836946,8.0
8517,623.6126461936587,0.028410588712836946,8.0
8518,623.7203232300806,0.028410588712836946,8.0
8519,623.7930792920417,0.028410588712836946,8.0
8520,623.8603860735204,0.028410588712836946,8.0
8521,623.8980702576741,0.028410588712836946,8.0
8522,623.92550043466,0.028410588712836946,8.0
8523,623.9476982219486,0.028410588712836946,8.0
8524,623.9659452480066,0.028410588712836946,8.0
8525,623.9736710615921,0.028410588712836946,8.0
8526,623.970424900416,0.028410588712836946,8.0
8527,624.1249252676577,0.028410588712836946,8.0
8528,624.3949319940224,0.028410588712836946,8.0
8529,624.5659050849991,0.028410588712836946,8.0
8530,624.770134267636,0.028410588712836946,8.0
8531,625.0049873512013,0.028410588712836946,8.0
8532,625.1266359232129,0.028410588712836946,8.0
8533,625.4104200701536,0.028410588712836946,8.0
8534,625.588729469455,0.028410588712836946,8.0
8535,625.6978753636633,0.028410588712836946,8.0
8536,625.8415527774519,0.028410588712836946,8.0
8537,625.9411607959067,0.028410588712836946,8.0
8538,626.0552891290963,0.028410588712836946,8.0
8539,626.1692312393948,0.028410588712836946,8.0
8540,626.2910351683635,0.028410588712836946,8.0
8541,626.3985132037631,0.028410588712836946,8.0
8542,626.4914076264066,0.028410588712836946,8.0
8543,626.5716304665965,0.028410588712836946,8.0
8544,626.6789734126966,0.028410588712836946,8.0
8545,626.7814775019872,0.028410588712836946,8.0
8546,626.8779418608185,0.028410588712836946,8.0
8547,626.973315805997,0.028410588712836946,8.0
8548,627.0602941217941,0.028410588712836946,8.0
8549,627.1165692965493,0.028410588712836946,8.0
8550,627.1738733734182,0.028410588712836946,8.0
8551,627.2785109442087,0.028410588712836946,8.0
8552,627.4131533712757,0.028410588712836946,8.0
8553,627.5727407614588,0.028410588712836946,8.0
8554,627.7173341258397,0.028410588712836946,8.0
8555,628.027419422122,0.028410588712836946,8.0
8556,628.4867452793621,0.028410588712836946,8.0
8557,629.1110551680388,0.028410588712836946,8.0
8558,629.460814677946,0.028410588712836946,8.0
8559,629.670625304985,0.028410588712836946,8.0
8560,629.8302410126689,0.028410588712836946,8.0
8561,629.9521170653779,0.028410588712836946,8.0
8562,630.0989420039604,0.028410588712836946,8.0
8563,630.2577715110602,0.028410588712836946,8.0
8564,630.4211443966348,0.028410588712836946,8.0
8565,630.5840701464671,0.028410588712836946,8.0
8566,630.73851210272,0.028410588712836946,8.0
8567,630.8643285507168,0.028410588712836946,8.0
8568,630.9370912837143,0.028410588712836946,8.0
8569,630.9898147440964,0.028410588712836946,8.0
8570,631.0246275154849,0.028410588712836946,8.0
8571,631.0481031946182,0.028410588712836946,8.0
8572,631.0631638084461,0.028410588712836946,8.0
8573,631.0722742187361,0.028410588712836946,8.0
8574,631.0715360562833,0.028410588712836946,8.0
8575,631.128782416483,0.028410588712836946,8.0
8576,631.1884482490659,0.028410588712836946,8.0
8577,631.3676563385796,0.028410588712836946,8.0
8578,631.9928494008391,0.028410588712836946,8.0
8579,632.6208471407951,0.028410588712836946,8.0
8580,633.4504622507951,0.05763738772009892,9.0
8581,634.4901914807951,0.13536528407605808,10.0
8582,635.2567360207952,0.1401722283615207,11.0
8583,635.7237087333851,0.1401722283615207,11.0
8584,636.0519371379353,0.1401722283615207,11.0
8585,636.265067562729,0.1401722283615207,11.0
8586,636.468580427855,0.1401722283615207,11.0
8587,636.593234624208,0.1401722283615207,11.0
8588,636.7421538430699,0.1401722283615207,11.0
8589,636.8588725090998,0.1401722283615207,11.0
8590,636.9806967754258,0.1401722283615207,11.0
8591,637.0729197222454,0.1401722283615207,11.0
8592,637.136961085089,0.1401722283615207,11.0
8593,637.180067826372,0.1401722283615207,11.0
8594,637.2103081294538,0.1401722283615207,11.0
8595,637.234908833554,0.1401722283615207,11.0
8596,637.2472078188074,0.1401722283615207,11.0
8597,637.2584019350098,0.1401722283615207,11.0
8598,637.3185185350027,0.1401722283615207,11.0
8599,637.345515521348,0.1401722283615207,11.0
8600,637.3995088278688,0.1401722283615207,11.0
8601,637.4829958886168,0.1401722283615207,11.0
8602,637.6185946081579,0.1401722283615207,11.0
8603,637.7899503351174,0.1401722283615207,11.0
8604,637.9153896100736,0.1401722283615207,11.0
8605,638.0052937077745,0.1401722283615207,11.0
8606,638.228913625742,0.1401722283615207,11.0
8607,638.4032659063711,0.1401722283615207,11.0
8608,638.5982768391962,0.1401722283615207,11.0
8609,638.8184286250317,0.1401722283615207,11.0
8610,639.0540936763517,0.1401722283615207,11.0
8611,639.2094328103623,0.1401722283615207,11.0
8612,639.4233148220942,0.1401722283615207,11.0
8613,639.6248271703384,0.1401722283615207,11.0
8614,639.7449740564668,0.1401722283615207,11.0
8615,639.828364011081,0.1401722283615207,11.0
8616,639.8974647378658,0.1401722283615207,11.0
8617,639.9472447767947,0.1401722283615207,11.0
8618,639.9793013997464,0.1401722283615207,11.0
8619,640.000632194801,0.1401722283615207,11.0
8620,640.0113448396868,0.1401722283615207,11.0
8621,640.0134941958056,0.1401722283615207,11.0
8622,640.0257011890562,0.1401722283615207,11.0
8623,640.0669869255412,0.1401722283615207,11.0
8624,640.1209972141751,0.1401722283615207,11.0
8625,640.1600276605096,0.1401722283615207,11.0
8626,640.347965900967,0.1401722283615207,11.0
8627,640.5257695927411,0.1401722283615207,11.0
8628,640.7227423920349,0.1401722283615207,11.0
8629,640.8679895594188,0.1401722283615207,11.0
8630,641.0146104235979,0.1401722283615207,11.0
8631,641.1612648727975,0.1401722283615207,11.0
8632,641.3536781471087,0.1401722283615207,11.0
8633,641.5215997219892,0.1401722283615207,11.0
8634,641.6850995807987,0.1401722283615207,11.0
8635,641.8728779624005,0.1401722283615207,11.0
8636,642.0208920008588,0.1401722283615207,11.0
8637,642.1587686868471,0.1401722283615207,11.0
8638,642.2962247736572,0.1401722283615207,11.0
8639,642.3942413995809,0.1401722283615207,11.0
8640,642.4534544847941,0.1401722283615207,11.0
8641,642.4951273947702,0.1401722283615207,11.0
8642,642.523868031879,0.1401722283615207,11.0
8643,642.5466283293135,0.1401722283615207,11.0
8644,642.5597172503143,0.1401722283615207,11.0
8645,642.5609484487923,0.1401722283615207,11.0
8646,642.5717155239502,0.1401722283615207,11.0
8647,642.6012383227112,0.1401722283615207,11.0
8648,642.739470158543,0.1401722283615207,11.0
8649,642.7903694321701,0.1401722283615207,11.0
8650,642.8764876265195,0.1401722283615207,11.0
8651,642.9465545432377,0.1401722283615207,11.0
8652,642.9814112341381,0.1401722283615207,11.0
8653,643.0000666131391,0.1401722283615207,11.0
8654,643.0251480587369,0.1401722283615207,11.0
8655,643.1203396087286,0.1401722283615207,11.0
8656,643.2450756503686,0.1401722283615207,11.0
8657,643.3958389778276,0.1401722283615207,11.0
8658,643.5699356920483,0.1401722283615207,11.0
8659,643.7028298830727,0.1401722283615207,11.0
8660,643.8631536783472,0.1401722283615207,11.0
8661,644.0089746978864,0.1401722283615207,11.0
8662,644.1383078669577,0.1401722283615207,11.0
8663,644.2369927522844,0.1401722283615207,11.0
8664,644.3061241026041,0.1401722283615207,11.0
8665,644.3657187513896,0.1401722283615207,11.0
8666,644.4107553111567,0.1401722283615207,11.0
8667,644.4627101050799,0.1401722283615207,11.0
8668,644.5223267128986,0.1401722283615207,11.0
8669,644.5486200001862,0.1401722283615207,11.0
8670,644.5801440811281,0.1401722283615207,11.0
8671,644.639911241907,0.1401722283615207,11.0
8672,644.749306106225,0.1401722283615207,11.0
8673,644.8527963178464,0.1401722283615207,11.0
8674,644.9971899452007,0.1401722283615207,11.0
8675,645.0827750221819,0.1401722283615207,11.0
8676,645.1020297162456,0.1401722283615207,11.0
8677,645.4737787211515,0.1401722283615207,11.0
8678,645.7921843481788,0.1401722283615207,11.0
8679,646.090636708121,0.1401722283615207,11.0
8680,646.4705047918882,0.1401722283615207,11.0
8681,646.8050354632178,0.1401722283615207,11.0
8682,647.0528860688361,0.1401722283615207,11.0
8683,647.2947436874233,0.1401722283615207,11.0
8684,647.4730046478234,0.1401722283615207,11.0
8685,647.6477463734282,0.1401722283615207,11.0
8686,647.8170372157604,0.1401722283615207,11.0
8687,647.9299744818316,0.1401722283615207,11.0
8688,647.9984049385287,0.1401722283615207,11.0
8689,648.0399592006073,0.1401722283615207,11.0
8690,648.0691674032786,0.1401722283615207,11.0
8691,648.0965792344786,0.1401722283615207,11.0
8692,648.1254615827635,0.1401722283615207,11.0
8693,648.1463001221888,0.1401722283615207,11.0
8694,648.1756043279837,0.1401722283615207,11.0
8695,648.2318567654115,0.1401722283615207,11.0
8696,648.3076621550043,0.1401722283615207,11.0
8697,648.4135751796042,0.1401722283615207,11.0
8698,648.4807699490027,0.1401722283615207,11.0
8699,648.5931440607152,0.1401722283615207,11.0
8700,648.8097600107168,0.1401722283615207,11.0
8701,649.4950764887348,0.1401722283615207,11.0
8702,649.9704457889493,0.1401722283615207,11.0
8703,650.33350856432,0.1401722283615207,11.0
8704,650.5673929642321,0.1401722283615207,11.0
8705,650.7565886821704,0.1401722283615207,11.0
8706,650.9235862265615,0.1401722283615207,11.0
8707,651.0998045782384,0.1401722283615207,11.0
8708,651.2783320741721,0.1401722283615207,11.0
8709,651.4539258235953,0.1401722283615207,11.0
8710,651.6109182685233,0.1401722283615207,11.0
8711,651.765188418496,0.1401722283615207,11.0
8712,651.8457177539151,0.1401722283615207,11.0
8713,651.9164717577752,0.1401722283615207,11.0
8714,651.9727357707412,0.1401722283615207,11.0
8715,652.023545814097,0.1401722283615207,11.0
8716,652.0894501612033,0.1401722283615207,11.0
8717,652.1503587907712,0.1401722283615207,11.0
8718,652.1922560547617,0.1401722283615207,11.0
8719,652.263436446065,0.1401722283615207,11.0
8720,652.4119766366615,0.1401722283615207,11.0
8721,652.4863676345883,0.1401722283615207,11.0
8722,652.5101536566991,0.1401722283615207,11.0
8723,652.5087699500065,0.1401722283615207,11.0
8724,652.5004566990729,0.1401722283615207,11.0
8725,652.5414488204525,0.1401722283615207,11.0
8726,652.5625039461975,0.1401722283615207,11.0
8727,652.6526514875363,0.1401722283615207,11.0
8728,652.7820416760758,0.1401722283615207,11.0
8729,652.898705577985,0.1401722283615207,11.0
8730,653.0088526678579,0.1401722283615207,11.0
8731,653.1260776314246,0.1401722283615207,11.0
8732,653.2243079445407,0.1401722283615207,11.0
8733,653.3397544367714,0.1401722283615207,11.0
8734,653.449772037569,0.1401722283615207,11.0
8735,653.5440632143016,0.1401722283615207,11.0
