,cum_cost,cum_reward,n_interventions
0,0.05465534555014133,-0.05465534555014133,0
1,0.07919716645124673,-0.07919716645124673,0
2,0.0900314881749773,-0.0900314881749773,0
3,0.10414919865288734,-0.10414919865288734,0
4,0.11859834344027996,-0.11859834344027996,0
5,0.1289386808950901,-0.1289386808950901,0
6,0.14512394344468832,-0.14512394344468832,0
7,0.229105137848289,-0.229105137848289,0
8,0.32231444305838586,-0.32231444305838586,0
9,0.39814550277053834,-0.39814550277053834,0
10,0.6313822711181292,-0.6313822711181292,0
11,1.267254343821089,-1.267254343821089,0
12,2.0027274792480876,-2.0027274792480876,0
13,2.339816265166793,-2.339816265166793,0
14,2.5123181086741306,-2.5123181086741306,0
15,3.130494505464471,-3.130494505464471,0
16,3.3773436295254022,-3.3773436295254022,0
17,3.6270474139165003,-3.6270474139165003,0
18,3.709697412246774,-3.709697412246774,0
19,3.898169719505933,-3.898169719505933,0
20,4.002359360245345,-4.002359360245345,0
21,4.103464877226331,-4.103464877226331,0
22,4.226103548688125,-4.226103548688125,0
23,4.286392108624158,-4.286392108624158,0
24,4.314001102498314,-4.314001102498314,0
25,4.330170970173995,-4.330170970173995,0
26,4.34358959266524,-4.34358959266524,0
27,4.358001968390352,-4.358001968390352,0
28,4.368335618309065,-4.368335618309065,0
29,4.38891735276116,-4.38891735276116,0
30,4.423785026499101,-4.423785026499101,0
31,4.50907235403321,-4.50907235403321,0
32,4.587821969525868,-4.587821969525868,0
33,4.971936318532761,-4.971936318532761,0
34,5.766628146700732,-5.766628146700732,0
35,6.561650574327499,-6.561650574327499,0
36,7.393196124273105,-7.393196124273105,0
37,7.764950699618072,-7.764950699618072,0
38,8.03019396931825,-8.03019396931825,0
39,8.607878142200597,-8.607878142200597,0
40,8.81446343886214,-8.81446343886214,0
41,9.071258730146829,-9.071258730146829,0
42,9.214774495415808,-9.214774495415808,0
43,9.367264086078693,-9.367264086078693,0
44,9.448719301357777,-9.448719301357777,0
45,9.600142641846162,-9.600142641846162,0
46,9.683932981720902,-9.683932981720902,0
47,9.742264085613378,-9.742264085613378,0
48,9.771521493221988,-9.771521493221988,0
49,9.81836690173252,-9.81836690173252,0
50,9.85482384000742,-9.85482384000742,0
51,9.897062860527907,-9.897062860527907,0
52,9.927681505239578,-9.927681505239578,0
53,9.95534540572712,-9.95534540572712,0
54,10.025914647555181,-10.025914647555181,0
55,10.125927432278997,-10.125927432278997,0
56,10.267573626979496,-10.267573626979496,0
57,10.897376133424357,-10.897376133424357,0
58,11.605745743746814,-11.605745743746814,0
59,12.09581649844581,-12.09581649844581,0
60,12.320593954531752,-12.320593954531752,0
61,12.416892947123387,-12.416892947123387,0
62,12.433361280968938,-12.433361280968938,0
63,12.57830073205609,-12.57830073205609,0
64,12.662376818411476,-12.662376818411476,0
65,12.757038390788981,-12.757038390788981,0
66,12.842671509063308,-12.842671509063308,0
67,12.947875924349487,-12.947875924349487,0
68,13.047465514770261,-13.047465514770261,0
69,13.239619421250246,-13.239619421250246,0
70,13.36289779638634,-13.36289779638634,0
71,13.406622117457745,-13.406622117457745,0
72,13.666689792575138,-13.666689792575138,0
73,13.718506329335467,-13.718506329335467,0
74,13.76063117610655,-13.76063117610655,0
75,13.804558095041928,-13.804558095041928,0
76,13.875471589049114,-13.875471589049114,0
77,13.932817710195927,-13.932817710195927,0
78,13.975008622205973,-13.975008622205973,0
79,14.058634885199519,-14.058634885199519,0
80,14.23237089481442,-14.23237089481442,0
81,14.312292655609387,-14.312292655609387,0
82,14.40301407231601,-14.40301407231601,0
83,14.450921542685927,-14.450921542685927,0
84,14.515167646960904,-14.515167646960904,0
85,14.630185381969257,-14.630185381969257,0
86,14.702107396137496,-14.702107396137496,0
87,14.777439066771295,-14.777439066771295,0
88,14.920894398543862,-14.920894398543862,0
89,15.047620059032797,-15.047620059032797,0
90,15.244252644986378,-15.244252644986378,0
91,16.02646884940924,-16.02646884940924,0
92,16.698607733630066,-16.698607733630066,0
93,16.976722391429977,-16.976722391429977,0
94,17.077387442987607,-17.077387442987607,0
95,17.14292468372745,-17.14292468372745,0
96,17.165935475390228,-17.165935475390228,0
97,17.18766848483199,-17.18766848483199,0
98,17.20410645436508,-17.20410645436508,0
99,17.21722228124704,-17.21722228124704,0
100,17.2474215968681,-17.2474215968681,0
101,17.272475486639664,-17.272475486639664,0
102,17.299488751982572,-17.299488751982572,0
103,17.359148151328366,-17.359148151328366,0
104,17.452493583160514,-17.452493583160514,0
105,17.46519000574401,-17.46519000574401,0
106,17.74354407436122,-17.74354407436122,0
107,18.03323439699911,-18.03323439699911,0
108,18.077568554900907,-18.077568554900907,0
109,18.10398833880609,-18.10398833880609,0
110,18.107741117118927,-18.107741117118927,0
111,18.186874567096435,-18.186874567096435,0
112,18.396858144414,-18.396858144414,0
113,18.473324573434677,-18.473324573434677,0
114,18.564766939444777,-18.564766939444777,0
115,18.657388963536143,-18.657388963536143,0
116,18.783889080105244,-18.783889080105244,0
117,18.895194638416054,-18.895194638416054,0
118,19.062563690158083,-19.062563690158083,0
119,19.20698217949505,-19.20698217949505,0
120,19.286524396508586,-19.286524396508586,0
121,19.306012772151103,-19.306012772151103,0
122,19.326992510630454,-19.326992510630454,0
123,19.33968007909231,-19.33968007909231,0
124,19.363407586014624,-19.363407586014624,0
125,19.388085919985972,-19.388085919985972,0
126,19.458746070836987,-19.458746070836987,0
127,19.559721297487684,-19.559721297487684,0
128,19.632710286814486,-19.632710286814486,0
129,19.98236565284572,-19.98236565284572,0
130,20.22322390636813,-20.22322390636813,0
131,20.40828647252591,-20.40828647252591,0
132,20.616371748120756,-20.616371748120756,0
133,20.803240406843027,-20.803240406843027,0
134,20.92067687911518,-20.92067687911518,0
135,21.021924553540007,-21.021924553540007,0
136,21.112495371500213,-21.112495371500213,0
137,21.255194261294214,-21.255194261294214,0
138,21.375921592114373,-21.375921592114373,0
139,21.479211286518428,-21.479211286518428,0
140,21.663052559406914,-21.663052559406914,0
141,21.798996860576857,-21.798996860576857,0
142,21.903940960705054,-21.903940960705054,0
143,21.969884278527473,-21.969884278527473,0
144,22.021630439313448,-22.021630439313448,0
145,22.065598302923984,-22.065598302923984,0
146,22.116140140192858,-22.116140140192858,0
147,22.15771951610059,-22.15771951610059,0
148,22.210898425074525,-22.210898425074525,0
149,22.24790023687219,-22.24790023687219,0
150,22.332568583553815,-22.332568583553815,0
151,22.40920993440002,-22.40920993440002,0
152,22.59770517013885,-22.59770517013885,0
153,22.79775750243443,-22.79775750243443,0
154,22.985005476948697,-22.985005476948697,0
155,23.14596498563961,-23.14596498563961,0
156,23.252570466860917,-23.252570466860917,0
157,23.925368846860913,-23.925368846860913,0
158,24.720488351821036,-24.720488351821036,1
159,25.197913780617593,-25.197913780617593,2
160,25.472164688575436,-25.472164688575436,3
161,25.838386105706935,-25.838386105706935,4
162,25.99788083468677,-25.99788083468677,5
163,26.162065112620954,-26.162065112620954,6
164,26.273735399010146,-26.273735399010146,7
165,26.36512513959986,-26.36512513959986,8
166,26.472087643258284,-26.472087643258284,9
167,26.510465687524114,-26.510465687524114,10
168,26.574294503440417,-26.574294503440417,11
169,26.58512937477869,-26.58512937477869,12
170,26.61672078000051,-26.61672078000051,13
171,26.636374062935968,-26.636374062935968,14
172,26.699625836056235,-26.699625836056235,15
173,26.712575995940476,-26.712575995940476,16
174,26.779058725201523,-26.779058725201523,17
175,26.840420557956307,-26.840420557956307,18
176,26.927052544957018,-26.927052544957018,19
177,26.994658609563512,-26.994658609563512,20
178,27.13963449997424,-27.13963449997424,21
179,27.326187951817356,-27.326187951817356,22
180,27.490417244450146,-27.490417244450146,23
181,27.557665865630256,-27.557665865630256,24
182,27.92815437417016,-27.92815437417016,25
183,28.139064381245724,-28.139064381245724,26
184,28.357339429366252,-28.357339429366252,27
185,28.582790062090186,-28.582790062090186,28
186,28.807744547580405,-28.807744547580405,29
187,28.9573750419153,-28.9573750419153,30
188,29.06746127208903,-29.06746127208903,31
189,29.16979229304656,-29.16979229304656,32
190,29.293363278065815,-29.293363278065815,33
191,29.365511130112917,-29.365511130112917,34
192,29.421007779790077,-29.421007779790077,35
193,29.464596899438924,-29.464596899438924,36
194,29.48942001973837,-29.48942001973837,37
195,29.532998571630472,-29.532998571630472,38
196,29.581231799281237,-29.581231799281237,39
197,29.64351399488263,-29.64351399488263,40
198,29.68184316669116,-29.68184316669116,41
199,29.790896774419462,-29.790896774419462,42
200,29.883384787419796,-29.883384787419796,43
201,30.082796392365072,-30.082796392365072,44
202,30.26137606853531,-30.26137606853531,45
203,30.424594627594743,-30.424594627594743,46
204,30.60972443655119,-30.60972443655119,47
205,30.82390699907105,-30.82390699907105,48
206,30.975489673236495,-30.975489673236495,49
207,31.210701428943864,-31.210701428943864,50
208,31.374374492974184,-31.374374492974184,51
209,31.651775591598696,-31.651775591598696,52
210,31.81281261060029,-31.81281261060029,53
211,31.92711562366745,-31.92711562366745,54
212,32.04501916947808,-32.04501916947808,55
213,32.17071875636238,-32.17071875636238,56
214,32.261585443124076,-32.261585443124076,57
215,32.317093804890796,-32.317093804890796,58
216,32.333639859290955,-32.333639859290955,59
217,32.34395093609264,-32.34395093609264,60
218,32.358943854341085,-32.358943854341085,61
219,32.36766519293814,-32.36766519293814,62
220,32.37694378749306,-32.37694378749306,63
221,32.40487873678697,-32.40487873678697,64
222,32.42305798971595,-32.42305798971595,65
223,32.5008264642755,-32.5008264642755,66
224,32.61666566708963,-32.61666566708963,67
225,32.80528078150894,-32.80528078150894,68
226,32.961647874921496,-32.961647874921496,69
227,33.03851734402086,-33.03851734402086,70
228,33.118548561200505,-33.118548561200505,71
229,33.30139033468112,-33.30139033468112,72
230,33.601705851130454,-33.601705851130454,73
231,33.831819237131064,-33.831819237131064,74
232,34.0162646653552,-34.0162646653552,75
233,34.10353065987734,-34.10353065987734,76
234,34.24796564750013,-34.24796564750013,77
235,34.42876508790955,-34.42876508790955,78
236,34.57370130739701,-34.57370130739701,79
237,34.65936655150241,-34.65936655150241,80
238,34.754372810543245,-34.754372810543245,81
239,34.82807230580199,-34.82807230580199,82
240,34.869025518599926,-34.869025518599926,83
241,34.91621183869111,-34.91621183869111,84
242,34.926508019911225,-34.926508019911225,85
243,34.94715999946742,-34.94715999946742,86
244,34.97095009365152,-34.97095009365152,87
245,35.03735823342638,-35.03735823342638,88
246,35.058668806744315,-35.058668806744315,89
247,35.13142253780615,-35.13142253780615,90
248,35.21345466647174,-35.21345466647174,91
249,35.361411623489516,-35.361411623489516,92
250,35.495378964465715,-35.495378964465715,93
251,35.617710981736984,-35.617710981736984,94
252,35.73464680412627,-35.73464680412627,95
253,35.817842372886496,-35.817842372886496,96
254,35.98300720143957,-35.98300720143957,97
255,36.05728009263108,-36.05728009263108,98
256,36.19912899623853,-36.19912899623853,99
257,36.29785246919765,-36.29785246919765,100
258,36.402775670443866,-36.402775670443866,101
259,36.55759543565143,-36.55759543565143,102
260,36.66043267500237,-36.66043267500237,103
261,36.761175652577094,-36.761175652577094,104
262,36.870762199462966,-36.870762199462966,105
263,36.91743565526205,-36.91743565526205,106
264,37.004637493294695,-37.004637493294695,107
265,37.01440968543847,-37.01440968543847,108
266,37.02422035181199,-37.02422035181199,109
267,37.07606322451789,-37.07606322451789,110
268,37.09936046110684,-37.09936046110684,111
269,37.10808622826467,-37.10808622826467,112
270,37.15741393821005,-37.15741393821005,113
271,37.22959728959086,-37.22959728959086,114
272,37.3007604052817,-37.3007604052817,115
273,37.41812080025253,-37.41812080025253,116
274,37.529102942973495,-37.529102942973495,117
275,37.833016847929045,-37.833016847929045,118
276,38.433592122478906,-38.433592122478906,119
277,39.12565241116382,-39.12565241116382,120
278,39.76771948494669,-39.76771948494669,121
279,40.1513760863054,-40.1513760863054,122
280,40.30475630411099,-40.30475630411099,123
281,40.477209021112245,-40.477209021112245,124
282,40.62059157283834,-40.62059157283834,125
283,40.736439682521905,-40.736439682521905,126
284,40.81639169838625,-40.81639169838625,127
285,40.93121895435566,-40.93121895435566,128
286,41.02776976797028,-41.02776976797028,129
287,41.07392589586686,-41.07392589586686,130
288,41.09413041028864,-41.09413041028864,131
289,41.10443182824444,-41.10443182824444,132
290,41.114194735695875,-41.114194735695875,133
291,41.1229371189552,-41.1229371189552,134
292,41.13170213393939,-41.13170213393939,135
293,41.16278452462256,-41.16278452462256,136
294,41.174152324493654,-41.174152324493654,137
295,41.253125649411736,-41.253125649411736,138
296,41.3942756784036,-41.3942756784036,139
297,41.48478515951575,-41.48478515951575,140
298,42.09110547621548,-42.09110547621548,141
299,42.659942463133696,-42.659942463133696,142
300,42.75437996814939,-42.75437996814939,143
301,42.75306745562515,-42.75306745562515,144
302,42.76597365285314,-42.76597365285314,145
303,42.84702784318604,-42.84702784318604,146
304,42.98158373178465,-42.98158373178465,147
305,43.05946352590681,-43.05946352590681,148
306,43.15037493482836,-43.15037493482836,149
307,43.22153958947931,-43.22153958947931,150
308,43.34983767724655,-43.34983767724655,151
309,43.4557729591621,-43.4557729591621,152
310,43.54714153192079,-43.54714153192079,153
311,43.60005370656714,-43.60005370656714,154
312,43.62801615727282,-43.62801615727282,155
313,43.644025535210226,-43.644025535210226,156
314,43.654326055196066,-43.654326055196066,157
315,43.663534746193974,-43.663534746193974,158
316,43.676982607472794,-43.676982607472794,159
317,43.68513561556383,-43.68513561556383,160
318,43.69317180489597,-43.69317180489597,161
319,43.76932877608445,-43.76932877608445,162
320,43.85059659488943,-43.85059659488943,163
321,43.96707432238464,-43.96707432238464,164
322,44.002616871214784,-44.002616871214784,165
323,44.18977906977382,-44.18977906977382,166
324,44.28914129228308,-44.28914129228308,167
325,44.45819924849076,-44.45819924849076,168
326,44.476703499404756,-44.476703499404756,169
327,45.11066528305488,-45.11066528305488,170
328,45.95685775304066,-45.95685775304066,171
329,46.70148062257344,-46.70148062257344,172
330,47.027334370280734,-47.027334370280734,173
331,47.121884196234134,-47.121884196234134,174
332,47.22680014564807,-47.22680014564807,175
333,47.322866149576605,-47.322866149576605,176
334,47.41787729407846,-47.41787729407846,177
335,47.45831969228054,-47.45831969228054,178
336,47.46914128120148,-47.46914128120148,179
337,47.48152520753222,-47.48152520753222,180
338,47.491289941295996,-47.491289941295996,181
339,47.50155274599888,-47.50155274599888,182
340,47.51135963518229,-47.51135963518229,183
341,47.52219519911578,-47.52219519911578,184
342,47.53465885099777,-47.53465885099777,185
343,47.60832565587212,-47.60832565587212,186
344,47.682666896604694,-47.682666896604694,187
345,47.694749695651666,-47.694749695651666,188
346,47.70776288116374,-47.70776288116374,189
347,47.77491133892608,-47.77491133892608,190
348,47.78656619142401,-47.78656619142401,191
349,47.782525700018745,-47.782525700018745,192
350,47.776573932193564,-47.776573932193564,193
351,47.950807966230336,-47.950807966230336,194
352,48.09951851417415,-48.09951851417415,195
353,48.1956584257746,-48.1956584257746,196
354,48.36708607193199,-48.36708607193199,197
355,48.466838033097346,-48.466838033097346,198
356,48.65540175342897,-48.65540175342897,199
357,48.75613275785363,-48.75613275785363,200
358,48.8547756604188,-48.8547756604188,201
359,48.89833193612571,-48.89833193612571,202
360,48.94968287293188,-48.94968287293188,203
361,48.966738465253584,-48.966738465253584,204
362,48.97546558408629,-48.97546558408629,205
363,48.987291969564275,-48.987291969564275,206
364,48.99766725363172,-48.99766725363172,207
365,49.00750223520649,-49.00750223520649,208
366,49.0189046062565,-49.0189046062565,209
367,49.0760122069547,-49.0760122069547,210
368,49.12361648942478,-49.12361648942478,211
369,49.18732143067725,-49.18732143067725,212
370,49.284786052568386,-49.284786052568386,213
371,49.35176490890901,-49.35176490890901,214
372,49.34682105766355,-49.34682105766355,215
373,49.394485826419796,-49.394485826419796,216
374,49.55063974663204,-49.55063974663204,217
375,49.74026588727156,-49.74026588727156,218
376,49.846181752750475,-49.846181752750475,219
377,49.984435336338464,-49.984435336338464,220
378,50.11741317264607,-50.11741317264607,221
379,50.23484293460542,-50.23484293460542,222
380,50.30856690431989,-50.30856690431989,223
381,50.40413443040194,-50.40413443040194,224
382,50.505897803403286,-50.505897803403286,225
383,50.60661786520802,-50.60661786520802,226
384,50.66940256148149,-50.66940256148149,227
385,50.79141853409024,-50.79141853409024,228
386,50.80794354925777,-50.80794354925777,229
387,50.83641916922411,-50.83641916922411,230
388,50.86494121935631,-50.86494121935631,231
389,50.89709099284032,-50.89709099284032,232
390,50.94174734306435,-50.94174734306435,233
391,51.05454389332424,-51.05454389332424,234
392,51.15901193112566,-51.15901193112566,235
393,51.21165023652125,-51.21165023652125,236
394,51.27149733223947,-51.27149733223947,237
395,51.30451336897377,-51.30451336897377,238
396,51.40855710703418,-51.40855710703418,239
397,51.40467173278126,-51.40467173278126,240
398,51.39883204007603,-51.39883204007603,241
399,51.57339251848769,-51.57339251848769,242
400,51.785349513437815,-51.785349513437815,243
401,51.892322987455714,-51.892322987455714,244
402,51.99411403218255,-51.99411403218255,245
403,52.13903467870336,-52.13903467870336,246
404,52.242908503069884,-52.242908503069884,247
405,52.32182234853436,-52.32182234853436,248
406,52.40497458315396,-52.40497458315396,249
407,52.461004821172445,-52.461004821172445,250
408,52.48484649975519,-52.48484649975519,251
409,52.494628760526425,-52.494628760526425,252
410,52.510111163243636,-52.510111163243636,253
411,52.51830939307187,-52.51830939307187,254
412,52.52661231374291,-52.52661231374291,255
413,52.53595152975054,-52.53595152975054,256
414,52.54427456268331,-52.54427456268331,257
415,52.6388356084053,-52.6388356084053,258
416,52.707401658788626,-52.707401658788626,259
417,52.77193164274362,-52.77193164274362,260
418,52.881962621679236,-52.881962621679236,261
419,53.00549348255492,-53.00549348255492,262
420,53.15298845802264,-53.15298845802264,263
421,53.2158964063427,-53.2158964063427,264
422,53.30366558119501,-53.30366558119501,265
423,53.37377578391218,-53.37377578391218,266
424,53.44027769741226,-53.44027769741226,267
425,53.53168936855451,-53.53168936855451,268
426,53.61582469952933,-53.61582469952933,269
427,53.77323280681113,-53.77323280681113,270
428,53.934783405958186,-53.934783405958186,271
429,54.02772703458322,-54.02772703458322,272
430,54.12117372084449,-54.12117372084449,273
431,54.15954275055088,-54.15954275055088,274
432,54.185951436005155,-54.185951436005155,275
433,54.22379294972498,-54.22379294972498,276
434,54.24186754192554,-54.24186754192554,277
435,54.27862658883474,-54.27862658883474,278
436,54.29831692925338,-54.29831692925338,279
437,54.3345994386843,-54.3345994386843,280
438,54.35477546770781,-54.35477546770781,281
439,54.42937871069744,-54.42937871069744,282
440,54.51024045003806,-54.51024045003806,283
441,54.57763567767348,-54.57763567767348,284
442,54.57228419960465,-54.57228419960465,285
443,54.654188056264715,-54.654188056264715,286
444,54.74504707076167,-54.74504707076167,287
445,54.84723381941669,-54.84723381941669,288
446,55.03890727725336,-55.03890727725336,289
447,55.12414521207819,-55.12414521207819,290
448,55.83820401275644,-55.83820401275644,291
449,56.62122995224478,-56.62122995224478,292
450,57.342448102148026,-57.342448102148026,293
451,58.13365299905281,-58.13365299905281,294
452,58.83134777470187,-58.83134777470187,295
453,59.21013648722416,-59.21013648722416,296
454,59.350777137775495,-59.350777137775495,297
455,59.39121437994963,-59.39121437994963,298
456,59.405691259295295,-59.405691259295295,299
457,59.41599078720528,-59.41599078720528,300
458,59.42681994177608,-59.42681994177608,301
459,59.442289190312415,-59.442289190312415,302
460,59.45057780509608,-59.45057780509608,303
461,59.461459828065635,-59.461459828065635,304
462,59.49318194399665,-59.49318194399665,305
463,59.57981368064323,-59.57981368064323,306
464,59.6541050303012,-59.6541050303012,307
465,59.81143429158208,-59.81143429158208,308
466,59.95687158531837,-59.95687158531837,309
467,60.05438794786465,-60.05438794786465,310
468,60.11429063117576,-60.11429063117576,311
469,60.28178935098348,-60.28178935098348,312
470,60.402668914319314,-60.402668914319314,313
471,60.575231963479155,-60.575231963479155,314
472,60.71268864613029,-60.71268864613029,315
473,60.78577955812259,-60.78577955812259,316
474,60.87127346362229,-60.87127346362229,317
475,60.924454696362616,-60.924454696362616,318
476,61.021638628973975,-61.021638628973975,319
477,61.21591028927616,-61.21591028927616,320
478,61.30779515730774,-61.30779515730774,321
479,61.37317530111598,-61.37317530111598,322
480,61.401668150038034,-61.401668150038034,323
481,61.42651169375292,-61.42651169375292,324
482,61.43730922008058,-61.43730922008058,325
483,61.481881137989305,-61.481881137989305,326
484,61.51920470278679,-61.51920470278679,327
485,61.549224356110805,-61.549224356110805,328
486,61.558558836153004,-61.558558836153004,329
487,61.629733714277606,-61.629733714277606,330
488,61.91593071306152,-61.91593071306152,331
489,62.03390458330771,-62.03390458330771,332
490,62.17545493585191,-62.17545493585191,333
491,62.25180600722685,-62.25180600722685,334
492,62.99374526876529,-62.99374526876529,335
493,63.725831844852834,-63.725831844852834,336
494,64.02646239836218,-64.02646239836218,337
495,64.22594867468837,-64.22594867468837,338
496,64.44873928057021,-64.44873928057021,339
497,64.72455669468705,-64.72455669468705,340
498,64.87162241050618,-64.87162241050618,341
499,65.0674650837474,-65.0674650837474,342
500,65.22281016903489,-65.22281016903489,343
501,65.4253896791291,-65.4253896791291,344
502,65.59730192496414,-65.59730192496414,345
503,65.6377274714969,-65.6377274714969,346
504,65.701565664112,-65.701565664112,347
505,65.71240205197178,-65.71240205197178,348
506,65.72479047770504,-65.72479047770504,349
507,65.73657069857308,-65.73657069857308,350
508,65.74579124584213,-65.74579124584213,351
509,65.76248795197405,-65.76248795197405,352
510,65.79780126797077,-65.79780126797077,353
511,65.87197727144586,-65.87197727144586,354
512,65.93709332128532,-65.93709332128532,355
513,66.02429528868555,-66.02429528868555,356
514,66.17921455410026,-66.17921455410026,357
515,66.30752092795929,-66.30752092795929,358
516,66.37540543215296,-66.37540543215296,359
517,67.12057204671,-67.12057204671,360
518,67.97824092373668,-67.97824092373668,361
519,68.57813777497859,-68.57813777497859,362
520,68.77595132895541,-68.77595132895541,363
521,68.95723036484189,-68.95723036484189,364
522,69.1796317797367,-69.1796317797367,365
523,69.30488985980925,-69.30488985980925,366
524,69.40668916712443,-69.40668916712443,367
525,69.5256678958254,-69.5256678958254,368
526,69.60923817403749,-69.60923817403749,369
527,69.6678770135307,-69.6678770135307,370
528,69.73533540409295,-69.73533540409295,371
529,69.7773247166269,-69.7773247166269,372
530,69.82917650078265,-69.82917650078265,373
531,69.88155135220595,-69.88155135220595,374
532,69.89398952592684,-69.89398952592684,375
533,69.92141108300302,-69.92141108300302,376
534,69.97438125200765,-69.97438125200765,377
535,70.05854353107833,-70.05854353107833,378
536,70.17527712889334,-70.17527712889334,379
537,70.21078990808546,-70.21078990808546,380
538,70.34570585440717,-70.34570585440717,381
539,71.0063686782947,-71.0063686782947,382
540,71.48214759531217,-71.48214759531217,383
541,71.62073278232955,-71.62073278232955,384
542,71.76217004558681,-71.76217004558681,385
543,71.92795283763168,-71.92795283763168,386
544,72.09055757407664,-72.09055757407664,387
545,72.28330457222962,-72.28330457222962,388
546,72.46255081000535,-72.46255081000535,389
547,72.62358213327909,-72.62358213327909,390
548,72.76433874386287,-72.76433874386287,391
549,72.87600358900067,-72.87600358900067,392
550,72.97308978142412,-72.97308978142412,393
551,73.0151200471088,-73.0151200471088,394
552,73.07481914457557,-73.07481914457557,395
553,73.09862477771428,-73.09862477771428,396
554,73.1271045227807,-73.1271045227807,397
555,73.14674265852685,-73.14674265852685,398
556,73.18202618148054,-73.18202618148054,399
557,73.24901596721543,-73.24901596721543,400
558,73.31426069116385,-73.31426069116385,401
559,73.42569992265244,-73.42569992265244,402
560,73.48048297836827,-73.48048297836827,403
561,73.4866151243735,-73.4866151243735,404
562,73.51917204497438,-73.51917204497438,405
563,73.68066615907335,-73.68066615907335,406
564,73.76385629867254,-73.76385629867254,407
565,73.78491704551703,-73.78491704551703,408
566,73.81098393810065,-73.81098393810065,409
567,73.8852838239897,-73.8852838239897,410
568,74.06141896690694,-74.06141896690694,411
569,74.25521072914367,-74.25521072914367,412
570,74.40795995675953,-74.40795995675953,413
571,74.55914702086854,-74.55914702086854,414
572,74.64637759714545,-74.64637759714545,415
573,74.74038575746434,-74.74038575746434,416
574,74.8213620520362,-74.8213620520362,417
575,74.86753338045717,-74.86753338045717,418
576,74.89652895519475,-74.89652895519475,419
577,74.90994044500374,-74.90994044500374,420
578,74.92076547959103,-74.92076547959103,421
579,74.93211155793256,-74.93211155793256,422
580,74.94150464939068,-74.94150464939068,423
581,74.96172129966166,-74.96172129966166,424
582,74.98453125939453,-74.98453125939453,425
583,75.07794911174284,-75.07794911174284,426
584,75.12758310177333,-75.12758310177333,427
585,75.13528178822521,-75.13528178822521,428
586,75.21159643929515,-75.21159643929515,429
587,75.29239421298216,-75.29239421298216,430
588,75.76472262962564,-75.76472262962564,431
589,75.85277440597035,-75.85277440597035,432
590,75.85314763565896,-75.85314763565896,433
591,76.4444611648741,-76.4444611648741,434
592,76.52274932721113,-76.52274932721113,435
593,76.70975910912473,-76.70975910912473,436
594,76.85470350255288,-76.85470350255288,437
595,76.95651109785734,-76.95651109785734,438
596,77.08376211446424,-77.08376211446424,439
597,77.19073878516704,-77.19073878516704,440
598,77.28418657906727,-77.28418657906727,441
599,77.43426561660578,-77.43426561660578,442
600,77.44716501435411,-77.44716501435411,443
601,77.46005797205126,-77.46005797205126,444
602,77.47294138014436,-77.47294138014436,445
603,77.48478553350311,-77.48478553350311,446
604,77.5097201141067,-77.5097201141067,447
605,77.524742383425,-77.524742383425,448
606,77.5574263592534,-77.5574263592534,449
607,77.6269155541788,-77.6269155541788,450
608,77.78421931446894,-77.78421931446894,451
609,77.8747444298874,-77.8747444298874,452
610,78.3134205399553,-78.3134205399553,453
611,78.90680379177827,-78.90680379177827,454
612,79.13519173969397,-79.13519173969397,455
613,79.34043346237182,-79.34043346237182,456
614,79.45683359042073,-79.45683359042073,457
615,79.66564061736177,-79.66564061736177,458
616,79.89525091874027,-79.89525091874027,459
617,80.11812473119566,-80.11812473119566,460
618,80.4074315161557,-80.4074315161557,461
619,80.57210037477871,-80.57210037477871,462
620,80.74827570239508,-80.74827570239508,463
621,80.88953128689047,-80.88953128689047,464
622,81.07756881593134,-81.07756881593134,465
623,81.18451509637391,-81.18451509637391,466
624,81.2457341332666,-81.2457341332666,467
625,81.28929577191836,-81.28929577191836,468
626,81.33647117016957,-81.33647117016957,469
627,81.41792442630585,-81.41792442630585,470
628,81.46252239527796,-81.46252239527796,471
629,81.5616693982041,-81.5616693982041,472
630,81.62741193421174,-81.62741193421174,473
631,81.77455639120042,-81.77455639120042,474
632,82.01467646289066,-82.01467646289066,475
633,82.11186321259189,-82.11186321259189,476
634,82.1807242033161,-82.1807242033161,477
635,82.29732195416123,-82.29732195416123,478
636,82.90102875851889,-82.90102875851889,479
637,83.41554981244245,-83.41554981244245,480
638,83.54478735085071,-83.54478735085071,481
639,83.70070177491553,-83.70070177491553,482
640,83.79993742672201,-83.79993742672201,483
641,83.92725962368345,-83.92725962368345,484
642,84.09245697500938,-84.09245697500938,485
643,84.24110735883517,-84.24110735883517,486
644,84.47435917906645,-84.47435917906645,487
645,84.64163887410758,-84.64163887410758,488
646,84.72574243000739,-84.72574243000739,489
647,84.77190651080083,-84.77190651080083,490
648,84.80510146923268,-84.80510146923268,491
649,84.83721858059099,-84.83721858059099,492
650,84.8475556683253,-84.8475556683253,493
651,84.85884569317042,-84.85884569317042,494
652,84.86764953259903,-84.86764953259903,495
653,84.88487052575127,-84.88487052575127,496
654,84.95085852756601,-84.95085852756601,497
655,85.02863127700905,-85.02863127700905,498
656,85.20243908672111,-85.20243908672111,499
657,85.25501640448987,-85.25501640448987,500
658,85.36622487366667,-85.36622487366667,501
659,85.47787971152275,-85.47787971152275,502
660,85.52538528782428,-85.52538528782428,503
661,85.67969871357097,-85.67969871357097,504
662,85.95460886763438,-85.95460886763438,505
663,86.63367344683935,-86.63367344683935,506
664,86.84815327029892,-86.84815327029892,507
665,87.03938577991585,-87.03938577991585,508
666,87.13502381079319,-87.13502381079319,509
667,87.29350053743244,-87.29350053743244,510
668,87.42595883645807,-87.42595883645807,511
669,87.5350122072674,-87.5350122072674,512
670,87.64562194251239,-87.64562194251239,513
671,87.71204567714396,-87.71204567714396,514
672,87.76080300083056,-87.76080300083056,515
673,87.77992101857141,-87.77992101857141,516
674,87.79123320615386,-87.79123320615386,517
675,87.80047634135325,-87.80047634135325,518
676,87.81337972250753,-87.81337972250753,519
677,87.82223459881122,-87.82223459881122,520
678,87.85125109334749,-87.85125109334749,521
679,87.9312802787306,-87.9312802787306,522
680,87.97112831235829,-87.97112831235829,523
681,88.07949989577224,-88.07949989577224,524
682,88.0745537050956,-88.0745537050956,525
683,88.06926306380116,-88.06926306380116,526
684,88.06748384221014,-88.06748384221014,527
685,88.06704251487592,-88.06704251487592,528
686,88.07814419486328,-88.07814419486328,529
687,88.25994638522401,-88.25994638522401,530
688,88.40751872066409,-88.40751872066409,531
689,88.61062471061415,-88.61062471061415,532
690,88.69841283950768,-88.69841283950768,533
691,88.82726237733706,-88.82726237733706,534
692,88.93010365202038,-88.93010365202038,535
693,89.01735655659722,-89.01735655659722,536
694,89.0962648762994,-89.0962648762994,537
695,89.14398748742612,-89.14398748742612,538
696,89.17247640505587,-89.17247640505587,539
697,89.20771743003893,-89.20771743003893,540
698,89.22630814139265,-89.22630814139265,541
699,89.25271838701362,-89.25271838701362,542
700,89.26722907602365,-89.26722907602365,543
701,89.28432874069124,-89.28432874069124,544
702,89.30158374558202,-89.30158374558202,545
703,89.36702096677608,-89.36702096677608,546
704,89.42819484337744,-89.42819484337744,547
705,89.46189073269859,-89.46189073269859,548
706,89.85305962542128,-89.85305962542128,549
707,90.40779310281044,-90.40779310281044,550
708,91.10186654321159,-91.10186654321159,551
709,91.86402165717159,-91.86402165717159,552
710,92.56548957370744,-92.56548957370744,553
711,93.3255959754174,-93.3255959754174,554
712,93.72017202158366,-93.72017202158366,555
713,93.7849297145694,-93.7849297145694,556
714,93.91427541097453,-93.91427541097453,557
715,94.06388727805023,-94.06388727805023,558
716,94.14488889340666,-94.14488889340666,559
717,94.29082534151426,-94.29082534151426,560
718,94.39727487762137,-94.39727487762137,561
719,94.53955923050924,-94.53955923050924,562
720,94.58780753684968,-94.58780753684968,563
721,94.62928652702544,-94.62928652702544,564
722,94.64685594633043,-94.64685594633043,565
723,94.6597425970625,-94.6597425970625,566
724,94.6763414301938,-94.6763414301938,567
725,94.70635029516599,-94.70635029516599,568
726,94.76378006694925,-94.76378006694925,569
727,94.85978854949933,-94.85978854949933,570
728,95.09022367204702,-95.09022367204702,571
729,95.19144947853236,-95.19144947853236,572
730,95.19980983723795,-95.19980983723795,573
731,95.22514132859135,-95.22514132859135,574
732,95.24608757565184,-95.24608757565184,575
733,95.30610196096283,-95.30610196096283,576
734,95.48085899603076,-95.48085899603076,577
735,95.59253835167155,-95.59253835167155,578
736,95.71461649081236,-95.71461649081236,579
737,95.84080230142557,-95.84080230142557,580
738,95.99095100274187,-95.99095100274187,581
739,96.16444362792632,-96.16444362792632,582
740,96.27202894327118,-96.27202894327118,583
741,96.35926881919951,-96.35926881919951,584
742,96.43873014111823,-96.43873014111823,585
743,96.48489619376673,-96.48489619376673,586
744,96.51338664436406,-96.51338664436406,587
745,96.54030432003044,-96.54030432003044,588
746,96.56669369095535,-96.56669369095535,589
747,96.59047157282468,-96.59047157282468,590
748,96.61272843246677,-96.61272843246677,591
749,96.64350063264612,-96.64350063264612,592
750,96.66070630343084,-96.66070630343084,593
751,96.74800963053968,-96.74800963053968,594
752,96.93295507508107,-96.93295507508107,595
753,97.02866508444197,-97.02866508444197,596
754,97.11561509147013,-97.11561509147013,597
755,97.13454492223988,-97.13454492223988,598
756,97.1756126614837,-97.1756126614837,599
757,97.22607431140322,-97.22607431140322,600
758,97.24729321841474,-97.24729321841474,601
759,97.35947464695052,-97.35947464695052,602
760,97.49963051723383,-97.49963051723383,603
761,97.6705503967995,-97.6705503967995,604
762,97.80198563549983,-97.80198563549983,605
763,97.90535631018587,-97.90535631018587,606
764,98.10690366442402,-98.10690366442402,607
765,98.21854792202484,-98.21854792202484,608
766,98.3546056012529,-98.3546056012529,609
767,98.46156247130926,-98.46156247130926,610
768,98.51395735431605,-98.51395735431605,611
769,98.5538815920016,-98.5538815920016,612
770,98.58444572037688,-98.58444572037688,613
771,98.63938509664314,-98.63938509664314,614
772,98.67360332348127,-98.67360332348127,615
773,98.69286864648353,-98.69286864648353,616
774,98.71472170996425,-98.71472170996425,617
775,98.79012712988046,-98.79012712988046,618
776,99.02184224488542,-99.02184224488542,619
777,99.1341073152607,-99.1341073152607,620
778,99.24607042849068,-99.24607042849068,621
779,99.31542723979692,-99.31542723979692,622
780,99.36896074810475,-99.36896074810475,623
781,99.40547885500041,-99.40547885500041,624
782,99.44608988901939,-99.44608988901939,625
783,99.56918753426132,-99.56918753426132,626
784,99.77651464341757,-99.77651464341757,627
785,99.98226253245743,-99.98226253245743,628
786,100.09184004593337,-100.09184004593337,629
787,100.22071470130477,-100.22071470130477,630
788,100.31890632811982,-100.31890632811982,631
789,100.39420453921312,-100.39420453921312,632
790,100.471562526502,-100.471562526502,633
791,100.52083951809576,-100.52083951809576,634
792,100.53273336861537,-100.53273336861537,635
793,100.54980718914523,-100.54980718914523,636
794,100.57153731803392,-100.57153731803392,637
795,100.58593561739931,-100.58593561739931,638
796,100.62167885292759,-100.62167885292759,639
797,100.65393415357434,-100.65393415357434,640
798,100.71784225268537,-100.71784225268537,641
799,100.805178330452,-100.805178330452,642
800,100.88356205316822,-100.88356205316822,643
801,100.93130373528706,-100.93130373528706,644
802,100.97925100216311,-100.97925100216311,645
803,101.00316021271172,-101.00316021271172,646
804,100.98961440239913,-100.98961440239913,647
805,100.98171036265241,-100.98171036265241,648
806,100.98052205687657,-100.98052205687657,649
807,101.14001415360386,-101.14001415360386,650
808,101.20549176673433,-101.20549176673433,651
809,101.28391414066239,-101.28391414066239,652
810,101.35141931451182,-101.35141931451182,653
811,101.39659598199476,-101.39659598199476,654
812,101.46045920453382,-101.46045920453382,655
813,101.63288667947661,-101.63288667947661,656
814,101.77465713076195,-101.77465713076195,657
815,101.85406768916647,-101.85406768916647,658
816,101.87267414302444,-101.87267414302444,659
817,101.88401771162317,-101.88401771162317,660
818,101.93067314456404,-101.93067314456404,661
819,101.93891322755422,-101.93891322755422,662
820,101.99293577859682,-101.99293577859682,663
821,102.05839294982144,-102.05839294982144,664
822,102.09530750812262,-102.09530750812262,665
823,102.21173862224042,-102.21173862224042,666
824,102.29893902832748,-102.29893902832748,667
825,102.55423212254608,-102.55423212254608,668
826,102.55020820949167,-102.55020820949167,669
827,102.53931910743441,-102.53931910743441,670
828,102.58004323115226,-102.58004323115226,671
829,102.57297408696283,-102.57297408696283,672
830,102.62847525224268,-102.62847525224268,673
831,102.7884529714567,-102.7884529714567,674
832,102.9702069875575,-102.9702069875575,675
833,103.12908558992635,-103.12908558992635,676
834,103.27300130958011,-103.27300130958011,677
835,103.41796770163101,-103.41796770163101,678
836,103.51253238455584,-103.51253238455584,679
837,103.60703518387426,-103.60703518387426,680
838,103.7113907776644,-103.7113907776644,681
839,103.77835009530797,-103.77835009530797,682
840,103.82863149466958,-103.82863149466958,683
841,103.84466889388933,-103.84466889388933,684
842,103.85861490432984,-103.85861490432984,685
843,103.87046468433887,-103.87046468433887,686
844,103.87820583076926,-103.87820583076926,687
845,103.88749843727847,-103.88749843727847,688
846,103.93765404221448,-103.93765404221448,689
847,104.01295129276633,-104.01295129276633,690
848,104.05718214502188,-104.05718214502188,691
849,104.13919319757494,-104.13919319757494,692
850,104.21958739126967,-104.21958739126967,693
851,104.27785522266593,-104.27785522266593,694
852,104.26419724017849,-104.26419724017849,695
853,104.79900059152567,-104.79900059152567,696
854,105.52186359237525,-105.52186359237525,697
855,106.18307642605367,-106.18307642605367,698
856,106.31869304135566,-106.31869304135566,699
857,106.51868912274641,-106.51868912274641,700
858,106.69687280479877,-106.69687280479877,701
859,106.87143141056882,-106.87143141056882,702
860,106.95244764123711,-106.95244764123711,703
861,107.0412592096343,-107.0412592096343,704
862,107.10041883010297,-107.10041883010297,705
863,107.12943879100581,-107.12943879100581,706
864,107.15273446298353,-107.15273446298353,707
865,107.1749765898724,-107.1749765898724,708
866,107.18472992367909,-107.18472992367909,709
867,107.19764386421257,-107.19764386421257,710
868,107.20643775066445,-107.20643775066445,711
869,107.21624828425622,-107.21624828425622,712
870,107.22546567233563,-107.22546567233563,713
871,107.30797504705372,-107.30797504705372,714
872,107.38166684719278,-107.38166684719278,715
873,107.5348269943306,-107.5348269943306,716
874,107.61909035085279,-107.61909035085279,717
875,107.68985914871232,-107.68985914871232,718
876,107.73834819404522,-107.73834819404522,719
877,107.74778223110788,-107.74778223110788,720
878,107.81330765085364,-107.81330765085364,721
879,107.94112825991068,-107.94112825991068,722
880,108.08716717037233,-108.08716717037233,723
881,108.25340153269453,-108.25340153269453,724
882,108.3484793565003,-108.3484793565003,725
883,108.45443144068763,-108.45443144068763,726
884,108.53386501362257,-108.53386501362257,727
885,108.7296810839063,-108.7296810839063,728
886,108.81274043548213,-108.81274043548213,729
887,108.86617102809429,-108.86617102809429,730
888,108.87855680221506,-108.87855680221506,731
889,108.89041656594738,-108.89041656594738,732
890,108.90226004850584,-108.90226004850584,733
891,108.93226725817007,-108.93226725817007,734
892,108.94675438259812,-108.94675438259812,735
893,108.9549685025801,-108.9549685025801,736
894,108.987241563388,-108.987241563388,737
895,109.07347933329932,-109.07347933329932,738
896,109.25691403115835,-109.25691403115835,739
897,109.3754768503631,-109.3754768503631,740
898,109.42882560402145,-109.42882560402145,741
899,109.42628870069174,-109.42628870069174,742
900,109.42155527700123,-109.42155527700123,743
901,109.44293705644775,-109.44293705644775,744
902,109.43664345160664,-109.43664345160664,745
903,109.46416834082318,-109.46416834082318,746
904,109.57511053337602,-109.57511053337602,747
905,109.82598065174133,-109.82598065174133,748
906,110.064474450352,-110.064474450352,749
907,110.17355381089742,-110.17355381089742,750
908,110.29668424647247,-110.29668424647247,751
909,110.4088440203662,-110.4088440203662,752
910,110.51267992506239,-110.51267992506239,753
911,110.60403439824003,-110.60403439824003,754
912,110.64708692048391,-110.64708692048391,755
913,110.67817115884803,-110.67817115884803,756
914,110.70663650688046,-110.70663650688046,757
915,110.74754674571973,-110.74754674571973,758
916,110.78384016306822,-110.78384016306822,759
917,110.82283463882312,-110.82283463882312,760
918,110.86915645991526,-110.86915645991526,761
919,110.93574093129949,-110.93574093129949,762
920,111.05887010123799,-111.05887010123799,763
921,111.2747076577359,-111.2747076577359,764
922,111.53771695906622,-111.53771695906622,765
923,112.21700332727053,-112.21700332727053,766
924,112.7238962617307,-112.7238962617307,767
925,112.84758369219307,-112.84758369219307,768
926,112.87472505174308,-112.87472505174308,769
927,113.04929942858347,-113.04929942858347,770
928,113.12199016497993,-113.12199016497993,771
929,113.33242143177448,-113.33242143177448,772
930,113.45448800469129,-113.45448800469129,773
931,113.62125265134256,-113.62125265134256,774
932,113.71320309441138,-113.71320309441138,775
933,113.81239099330122,-113.81239099330122,776
934,113.8829880855866,-113.8829880855866,777
935,113.93434378485794,-113.93434378485794,778
936,113.97219829427424,-113.97219829427424,779
937,113.99809426337977,-113.99809426337977,780
938,114.01515494921358,-114.01515494921358,781
939,114.03843465601047,-114.03843465601047,782
940,114.11314196959916,-114.11314196959916,783
941,114.1566922565972,-114.1566922565972,784
942,114.19601931606647,-114.19601931606647,785
943,114.28337596488133,-114.28337596488133,786
944,114.36204896998254,-114.36204896998254,787
945,114.35903532789861,-114.35903532789861,788
946,114.51319211613938,-114.51319211613938,789
947,114.64018841923465,-114.64018841923465,790
948,114.80413428998108,-114.80413428998108,791
949,114.86680899166588,-114.86680899166588,792
950,114.86414248813914,-114.86414248813914,793
951,114.98847784062762,-114.98847784062762,794
952,115.1796540977394,-115.1796540977394,795
953,115.35678864478797,-115.35678864478797,796
954,115.49135159262934,-115.49135159262934,797
955,115.63211676756218,-115.63211676756218,798
956,115.77755322263968,-115.77755322263968,799
957,115.89647972754143,-115.89647972754143,800
958,116.02474670407224,-116.02474670407224,801
959,116.12025436933664,-116.12025436933664,802
960,116.14924700796371,-116.14924700796371,803
961,116.16166288613496,-116.16166288613496,804
962,116.17664016557818,-116.17664016557818,805
963,116.18643111641184,-116.18643111641184,806
964,116.19422253229578,-116.19422253229578,807
965,116.21290494937504,-116.21290494937504,808
966,116.23566082420686,-116.23566082420686,809
967,116.31103109177904,-116.31103109177904,810
968,116.35742063437895,-116.35742063437895,811
969,116.4249389775348,-116.4249389775348,812
970,116.61601162048316,-116.61601162048316,813
971,116.62867334387637,-116.62867334387637,814
972,116.68650737221525,-116.68650737221525,815
973,116.72467788756288,-116.72467788756288,816
974,116.72554491529043,-116.72554491529043,817
975,116.75954291623331,-116.75954291623331,818
976,116.81289030130428,-116.81289030130428,819
977,116.93029854899679,-116.93029854899679,820
978,117.01807636213174,-117.01807636213174,821
979,117.13031309349861,-117.13031309349861,822
980,117.25501090897187,-117.25501090897187,823
981,117.34017360096736,-117.34017360096736,824
982,117.55054028941277,-117.55054028941277,825
983,117.63723254652716,-117.63723254652716,826
984,117.7722375591995,-117.7722375591995,827
985,117.85735575116698,-117.85735575116698,828
986,117.88219289671137,-117.88219289671137,829
987,117.90495997333929,-117.90495997333929,830
988,117.95274155879314,-117.95274155879314,831
989,117.9703127917792,-117.9703127917792,832
990,118.0155143999672,-118.0155143999672,833
991,118.13253621125479,-118.13253621125479,834
992,118.31021151074225,-118.31021151074225,835
993,118.43170253051245,-118.43170253051245,836
994,118.59966060040875,-118.59966060040875,837
995,118.86857436478746,-118.86857436478746,838
996,119.72468285450157,-119.72468285450157,839
997,120.49957455195575,-120.49957455195575,840
998,120.94444671776138,-120.94444671776138,841
999,121.23163178488478,-121.23163178488478,842
1000,121.37292148829144,-121.37292148829144,843
1001,121.46742887823169,-121.46742887823169,844
1002,121.6445199484572,-121.6445199484572,845
1003,121.82275413042692,-121.82275413042692,846
1004,121.94945950328211,-121.94945950328211,847
1005,122.12615241452646,-122.12615241452646,848
1006,122.22017635610894,-122.22017635610894,849
1007,122.25908234248224,-122.25908234248224,850
1008,122.29018207533957,-122.29018207533957,851
1009,122.30050617359055,-122.30050617359055,852
1010,122.32376841791867,-122.32376841791867,853
1011,122.35637423514042,-122.35637423514042,854
1012,122.376584387087,-122.376584387087,855
1013,122.41086050582653,-122.41086050582653,856
1014,122.47057168451434,-122.47057168451434,857
1015,122.54833343156417,-122.54833343156417,858
1016,122.67899552616655,-122.67899552616655,859
1017,122.81431473156904,-122.81431473156904,860
1018,122.9432667695741,-122.9432667695741,861
1019,123.02500546218803,-123.02500546218803,862
1020,123.06226040986853,-123.06226040986853,863
1021,123.15231816176636,-123.15231816176636,864
1022,123.22512309266855,-123.22512309266855,865
1023,123.30201557284771,-123.30201557284771,866
1024,123.4074726188814,-123.4074726188814,867
1025,123.53681746214653,-123.53681746214653,868
1026,123.71299990895174,-123.71299990895174,869
1027,123.84704044144611,-123.84704044144611,870
1028,123.9696285665876,-123.9696285665876,871
1029,124.03919750242987,-124.03919750242987,872
1030,124.09729927111137,-124.09729927111137,873
1031,124.13306762122318,-124.13306762122318,874
1032,124.14961306539955,-124.14961306539955,875
1033,124.17081704324195,-124.17081704324195,876
1034,124.19721816805894,-124.19721816805894,877
1035,124.2095872632814,-124.2095872632814,878
1036,124.24898902881023,-124.24898902881023,879
1037,124.26608713961309,-124.26608713961309,880
1038,124.27751631548361,-124.27751631548361,881
1039,124.35808180659667,-124.35808180659667,882
1040,124.44484275169162,-124.44484275169162,883
1041,124.64357593234625,-124.64357593234625,884
1042,124.80160002251606,-124.80160002251606,885
1043,124.97645878223058,-124.97645878223058,886
1044,125.08061033145603,-125.08061033145603,887
1045,125.14674625234434,-125.14674625234434,888
1046,125.24239956892134,-125.24239956892134,889
1047,125.37644953016148,-125.37644953016148,890
1048,125.51776137929183,-125.51776137929183,891
1049,125.6336380199206,-125.6336380199206,892
1050,125.72297128514396,-125.72297128514396,893
1051,125.86166740666393,-125.86166740666393,894
1052,126.01696494147097,-126.01696494147097,895
1053,126.07507824502514,-126.07507824502514,896
1054,126.22100453580184,-126.22100453580184,897
1055,126.29366485440194,-126.29366485440194,898
1056,126.32786125688837,-126.32786125688837,899
1057,126.3423449612939,-126.3423449612939,900
1058,126.36926121306428,-126.36926121306428,901
1059,126.40550987074735,-126.40550987074735,902
1060,126.44076808577327,-126.44076808577327,903
1061,126.48688305307981,-126.48688305307981,904
1062,126.51913292148149,-126.51913292148149,905
1063,126.73811620022893,-126.73811620022893,906
1064,127.60937149762186,-127.60937149762186,907
1065,128.30600633932778,-128.30600633932778,908
1066,129.09408086255615,-129.09408086255615,909
1067,129.74451835722792,-129.74451835722792,910
1068,130.06303899285476,-130.06303899285476,911
1069,130.10995600551672,-130.10995600551672,912
1070,130.1563810476277,-130.1563810476277,913
1071,130.26720280115165,-130.26720280115165,914
1072,130.3959341988603,-130.3959341988603,915
1073,130.53709654345468,-130.53709654345468,916
1074,130.67626501384268,-130.67626501384268,917
1075,130.76151029858738,-130.76151029858738,918
1076,130.86382913151468,-130.86382913151468,919
1077,130.96978084974302,-130.96978084974302,920
1078,131.0746554198654,-131.0746554198654,921
1079,131.15458838646478,-131.15458838646478,922
1080,131.19087467805372,-131.19087467805372,923
1081,131.2250844702895,-131.2250844702895,924
1082,131.26082162962618,-131.26082162962618,925
1083,131.29792472516348,-131.29792472516348,926
1084,131.35371466991134,-131.35371466991134,927
1085,131.40878385901811,-131.40878385901811,928
1086,131.46793671618107,-131.46793671618107,929
1087,131.7000028459309,-131.7000028459309,930
1088,131.81853772549286,-131.81853772549286,931
1089,131.9550361195308,-131.9550361195308,932
1090,131.97789309590846,-131.97789309590846,933
1091,132.12275552991574,-132.12275552991574,934
1092,132.22556023602962,-132.22556023602962,935
1093,132.33730314045852,-132.33730314045852,936
1094,132.45522120590206,-132.45522120590206,937
1095,132.56018042025073,-132.56018042025073,938
1096,132.69885618749052,-132.69885618749052,939
1097,132.7492161348193,-132.7492161348193,940
1098,132.93154718881476,-132.93154718881476,941
1099,133.01985617513697,-133.01985617513697,942
1100,133.14089381205193,-133.14089381205193,943
1101,133.2442308960491,-133.2442308960491,944
1102,133.36678603315522,-133.36678603315522,945
1103,133.41294635092646,-133.41294635092646,946
1104,133.44922904533132,-133.44922904533132,947
1105,133.4844871646244,-133.4844871646244,948
1106,133.51190533579702,-133.51190533579702,949
1107,133.554906607687,-133.554906607687,950
1108,133.59810151980267,-133.59810151980267,951
1109,133.64487061425925,-133.64487061425925,952
1110,133.68704110153908,-133.68704110153908,953
1111,133.76958412007366,-133.76958412007366,954
1112,133.8943320702203,-133.8943320702203,955
1113,133.97171049474946,-133.97171049474946,956
1114,134.1909648605243,-134.1909648605243,957
1115,134.33227648121496,-134.33227648121496,958
1116,134.3885427085303,-134.3885427085303,959
1117,134.43475605961672,-134.43475605961672,960
1118,134.45396329362103,-134.45396329362103,961
1119,134.50001329947148,-134.50001329947148,962
1120,134.60836149811084,-134.60836149811084,963
1121,134.75434744431558,-134.75434744431558,964
1122,134.8519870507654,-134.8519870507654,965
1123,134.99020647892013,-134.99020647892013,966
1124,135.13771409104535,-135.13771409104535,967
1125,135.2223530273914,-135.2223530273914,968
1126,135.3012563102635,-135.3012563102635,969
1127,135.33857798966213,-135.33857798966213,970
1128,135.36655843194416,-135.36655843194416,971
1129,135.38050742449838,-135.38050742449838,972
1130,135.39237585960672,-135.39237585960672,973
1131,135.43123639004025,-135.43123639004025,974
1132,135.4451879522321,-135.4451879522321,975
1133,135.45758968331623,-135.45758968331623,976
1134,135.48916493801593,-135.48916493801593,977
1135,135.5698090431445,-135.5698090431445,978
1136,135.66800659531182,-135.66800659531182,979
1137,135.76275915375805,-135.76275915375805,980
1138,135.8612803822827,-135.8612803822827,981
1139,135.98032023581007,-135.98032023581007,982
1140,136.6597680157581,-136.6597680157581,983
1141,137.57442195757906,-137.57442195757906,984
1142,138.3099657776905,-138.3099657776905,985
1143,138.72529733281078,-138.72529733281078,986
1144,138.88945710733967,-138.88945710733967,987
1145,138.95336546526448,-138.95336546526448,988
1146,139.05621321871965,-139.05621321871965,989
1147,139.11075513164388,-139.11075513164388,990
1148,139.2260462413027,-139.2260462413027,991
1149,139.4265483369388,-139.4265483369388,992
1150,139.52674238531202,-139.52674238531202,993
1151,139.57704885672342,-139.57704885672342,994
1152,139.60244172125826,-139.60244172125826,995
1153,139.63040642516623,-139.63040642516623,996
1154,139.65004519170694,-139.65004519170694,997
1155,139.66499706630597,-139.66499706630597,998
1156,139.69559922459956,-139.69559922459956,999
1157,139.7220278274933,-139.7220278274933,1000
1158,139.7589018727622,-139.7589018727622,1001
1159,139.85690614745536,-139.85690614745536,1002
1160,140.01755153969904,-140.01755153969904,1003
1161,140.27909566092754,-140.27909566092754,1004
1162,140.34519476852836,-140.34519476852836,1005
1163,140.34163587288413,-140.34163587288413,1006
1164,140.32746439748115,-140.32746439748115,1007
1165,140.32225539971776,-140.32225539971776,1008
1166,140.36021150340792,-140.36021150340792,1009
1167,140.47289196251612,-140.47289196251612,1010
1168,140.5219104376696,-140.5219104376696,1011
1169,140.5862729399725,-140.5862729399725,1012
1170,140.74840209327013,-140.74840209327013,1013
1171,140.85178654147475,-140.85178654147475,1014
1172,140.95048580164774,-140.95048580164774,1015
1173,141.02420329502797,-141.02420329502797,1016
1174,141.10051351043126,-141.10051351043126,1017
1175,141.13160341242042,-141.13160341242042,1018
1176,141.14294154719846,-141.14294154719846,1019
1177,141.15792652653863,-141.15792652653863,1020
1178,141.16769177508252,-141.16769177508252,1021
1179,141.1784897648643,-141.1784897648643,1022
1180,141.1872188380102,-141.1872188380102,1023
1181,141.19603791716995,-141.19603791716995,1024
1182,141.20560885695775,-141.20560885695775,1025
1183,141.2914363406528,-141.2914363406528,1026
1184,141.340609923203,-141.340609923203,1027
1185,141.42999167311547,-141.42999167311547,1028
1186,141.42603631425595,-141.42603631425595,1029
1187,141.41622294494255,-141.41622294494255,1030
1188,141.76785066133627,-141.76785066133627,1031
1189,141.93841606735683,-141.93841606735683,1032
1190,141.92973154396418,-141.92973154396418,1033
1191,141.9420246295401,-141.9420246295401,1034
1192,141.95228439826738,-141.95228439826738,1035
1193,142.13619794462736,-142.13619794462736,1036
1194,142.71371300432983,-142.71371300432983,1037
1195,143.45043129150326,-143.45043129150326,1038
1196,144.24731303464347,-144.24731303464347,1039
1197,144.89601898980382,-144.89601898980382,1040
1198,145.63939369786334,-145.63939369786334,1041
1199,146.33246447570636,-146.33246447570636,1042
1200,146.8783501243239,-146.8783501243239,1043
1201,147.0290933787039,-147.0290933787039,1044
1202,147.04145412788878,-147.04145412788878,1045
1203,147.04965612961524,-147.04965612961524,1046
1204,147.06261675378488,-147.06261675378488,1047
1205,147.084921004895,-147.084921004895,1048
1206,147.09801218745656,-147.09801218745656,1049
1207,147.19869885372054,-147.19869885372054,1050
1208,147.27541728800574,-147.27541728800574,1051
1209,147.83812372086487,-147.83812372086487,1052
1210,148.28474577961492,-148.28474577961492,1053
1211,148.43852427201747,-148.43852427201747,1054
1212,148.52610591717456,-148.52610591717456,1055
1213,148.6057299342849,-148.6057299342849,1056
1214,148.66087820777116,-148.66087820777116,1057
1215,148.83942724380864,-148.83942724380864,1058
1216,149.0871136939799,-149.0871136939799,1059
1217,149.3110112727427,-149.3110112727427,1060
1218,149.47264785718903,-149.47264785718903,1061
1219,149.57523712912624,-149.57523712912624,1062
1220,149.71579320496875,-149.71579320496875,1063
1221,149.80758937393395,-149.80758937393395,1064
1222,149.91272051240108,-149.91272051240108,1065
1223,149.95277212937856,-149.95277212937856,1066
1224,149.9932389306231,-149.9932389306231,1067
1225,150.01548997572257,-150.01548997572257,1068
1226,150.04344391328502,-150.04344391328502,1069
1227,150.0640953109015,-150.0640953109015,1070
1228,150.09147009172145,-150.09147009172145,1071
1229,150.12390552748107,-150.12390552748107,1072
1230,150.2129584558132,-150.2129584558132,1073
1231,150.3100030458601,-150.3100030458601,1074
1232,150.40937184751007,-150.40937184751007,1075
1233,150.50687064486746,-150.50687064486746,1076
1234,150.52449394724096,-150.52449394724096,1077
1235,150.52079378062058,-150.52079378062058,1078
1236,150.5042323749788,-150.5042323749788,1079
1237,150.4829990186571,-150.4829990186571,1080
1238,150.53266745238426,-150.53266745238426,1081
1239,150.70501524519187,-150.70501524519187,1082
1240,150.80916531848246,-150.80916531848246,1083
1241,150.99102106846573,-150.99102106846573,1084
1242,151.1655600078096,-151.1655600078096,1085
1243,151.24142095220517,-151.24142095220517,1086
1244,151.32813123546802,-151.32813123546802,1087
1245,151.47772264307616,-151.47772264307616,1088
1246,151.59610865481875,-151.59610865481875,1089
1247,151.68228576903795,-151.68228576903795,1090
1248,151.75961577952188,-151.75961577952188,1091
1249,151.77250654559097,-151.77250654559097,1092
1250,151.78382069168384,-151.78382069168384,1093
1251,151.7936191814782,-151.7936191814782,1094
1252,151.80604918250145,-151.80604918250145,1095
1253,151.8159019528233,-151.8159019528233,1096
1254,151.82480397675195,-151.82480397675195,1097
1255,151.89082786230477,-151.89082786230477,1098
1256,151.9656790567458,-151.9656790567458,1099
1257,152.10178066108173,-152.10178066108173,1100
1258,152.18835353170306,-152.18835353170306,1101
1259,152.2962864683604,-152.2962864683604,1102
1260,152.3460863113853,-152.3460863113853,1103
1261,152.4014897952555,-152.4014897952555,1104
1262,152.5163234111266,-152.5163234111266,1105
1263,152.64365839630878,-152.64365839630878,1106
1264,152.7802505477298,-152.7802505477298,1107
1265,152.9225573099353,-152.9225573099353,1108
1266,153.06127117679426,-153.06127117679426,1109
1267,153.2062068817558,-153.2062068817558,1110
1268,153.30958671028455,-153.30958671028455,1111
1269,153.38231808441947,-153.38231808441947,1112
1270,153.4534307332799,-153.4534307332799,1113
1271,153.5021995036819,-153.5021995036819,1114
1272,153.51509910524618,-153.51509910524618,1115
1273,153.52540336425767,-153.52540336425767,1116
1274,153.53880882343105,-153.53880882343105,1117
1275,153.546997896001,-153.546997896001,1118
1276,153.5598896282463,-153.5598896282463,1119
1277,153.56810290555234,-153.56810290555234,1120
1278,153.57692155407605,-153.57692155407605,1121
1279,153.6672649623998,-153.6672649623998,1122
1280,153.85172929975755,-153.85172929975755,1123
1281,153.98153521515272,-153.98153521515272,1124
1282,154.06198490709332,-154.06198490709332,1125
1283,154.1045936338874,-154.1045936338874,1126
1284,154.11038559591248,-154.11038559591248,1127
1285,154.1166215969057,-154.1166215969057,1128
1286,154.13652565573483,-154.13652565573483,1129
1287,154.18118599051462,-154.18118599051462,1130
1288,154.3316489686655,-154.3316489686655,1131
1289,154.3929387149297,-154.3929387149297,1132
1290,154.60801005376257,-154.60801005376257,1133
1291,154.69890651439903,-154.69890651439903,1134
1292,154.86253200260697,-154.86253200260697,1135
1293,154.93468072816836,-154.93468072816836,1136
1294,155.0011082529602,-155.0011082529602,1137
1295,155.0405110524218,-155.0405110524218,1138
1296,155.0523697261906,-155.0523697261906,1139
1297,155.06891072081342,-155.06891072081342,1140
1298,155.0786714813712,-155.0786714813712,1141
1299,155.08890531659804,-155.08890531659804,1142
1300,155.09710565971395,-155.09710565971395,1143
1301,155.1054129050011,-155.1054129050011,1144
1302,155.11996653557802,-155.11996653557802,1145
1303,155.1760912069546,-155.1760912069546,1146
1304,155.2896739979787,-155.2896739979787,1147
1305,155.27605901785478,-155.27605901785478,1148
1306,155.2722567032446,-155.2722567032446,1149
1307,155.26993511030037,-155.26993511030037,1150
1308,155.2680292832994,-155.2680292832994,1151
1309,155.26615588294783,-155.26615588294783,1152
1310,155.26173158231109,-155.26173158231109,1153
1311,155.3864798686045,-155.3864798686045,1154
1312,155.43419964026066,-155.43419964026066,1155
1313,155.46439069567236,-155.46439069567236,1156
1314,155.5661800372477,-155.5661800372477,1157
1315,155.66592365706938,-155.66592365706938,1158
1316,155.79680624220703,-155.79680624220703,1159
1317,155.86843289636005,-155.86843289636005,1160
1318,155.9436969544903,-155.9436969544903,1161
1319,155.98309688310798,-155.98309688310798,1162
1320,155.99444054078404,-155.99444054078404,1163
1321,156.00889698047325,-156.00889698047325,1164
1322,156.01814522425752,-156.01814522425752,1165
1323,156.02634588027217,-156.02634588027217,1166
1324,156.0372291403412,-156.0372291403412,1167
1325,156.04403095089202,-156.04403095089202,1168
1326,156.08345750751556,-156.08345750751556,1169
1327,156.73490164872155,-156.73490164872155,1170
1328,157.49464741529462,-157.49464741529462,1171
1329,158.31311516009572,-158.31311516009572,1172
1330,159.09253340905332,-159.09253340905332,1173
1331,160.21072937936364,-160.21072937936364,1174
1332,160.80229269782544,-160.80229269782544,1175
1333,161.52973610129797,-161.52973610129797,1176
1334,161.81226674602567,-161.81226674602567,1177
1335,161.877159633477,-161.877159633477,1178
1336,162.0280500692778,-162.0280500692778,1179
1337,162.07168855163053,-162.07168855163053,1180
1338,162.1303522787377,-162.1303522787377,1181
1339,162.19372442038534,-162.19372442038534,1182
1340,162.2404330638895,-162.2404330638895,1183
1341,162.3042679818292,-162.3042679818292,1184
1342,162.35199233337897,-162.35199233337897,1185
1343,162.3732058112303,-162.3732058112303,1186
1344,162.39130192968477,-162.39130192968477,1187
1345,162.40835289696716,-162.40835289696716,1188
1346,162.41849557860456,-162.41849557860456,1189
1347,162.42797428013662,-162.42797428013662,1190
1348,162.43932508822073,-162.43932508822073,1191
1349,162.45581546483987,-162.45581546483987,1192
1350,162.46419529817916,-162.46419529817916,1193
1351,162.53225575546867,-162.53225575546867,1194
1352,162.5721270131327,-162.5721270131327,1195
1353,162.62366901893435,-162.62366901893435,1196
1354,162.63017244909298,-162.63017244909298,1197
1355,162.62824218944897,-162.62824218944897,1198
1356,162.69486441432414,-162.69486441432414,1199
1357,162.7057082782796,-162.7057082782796,1200
1358,162.72769801043333,-162.72769801043333,1201
1359,162.80456463599185,-162.80456463599185,1202
1360,162.90426105131112,-162.90426105131112,1203
1361,162.98108439452224,-162.98108439452224,1204
1362,163.02935734918634,-163.02935734918634,1205
1363,163.17426626644993,-163.17426626644993,1206
1364,163.31760141985816,-163.31760141985816,1207
1365,163.4224830839226,-163.4224830839226,1208
1366,163.50501747910639,-163.50501747910639,1209
1367,163.55117370384417,-163.55117370384417,1210
1368,163.5822589790952,-163.5822589790952,1211
1369,163.60243280651065,-163.60243280651065,1212
1370,163.6168826451816,-163.6168826451816,1213
1371,163.63079492297473,-163.63079492297473,1214
1372,163.64063101553373,-163.64063101553373,1215
1373,163.65095111039898,-163.65095111039898,1216
1374,163.66083153401445,-163.66083153401445,1217
1375,163.71999033001487,-163.71999033001487,1218
1376,163.7838156178861,-163.7838156178861,1219
1377,163.87680256557303,-163.87680256557303,1220
1378,163.97230140427743,-163.97230140427743,1221
1379,164.03768199369958,-164.03768199369958,1222
1380,164.10514363091806,-164.10514363091806,1223
1381,164.17005479457237,-164.17005479457237,1224
1382,164.2349342398794,-164.2349342398794,1225
1383,164.30548421657883,-164.30548421657883,1226
1384,164.4337909999159,-164.4337909999159,1227
1385,164.5485946562867,-164.5485946562867,1228
1386,164.62391968929336,-164.62391968929336,1229
1387,164.93353162257793,-164.93353162257793,1230
1388,165.11481996967757,-165.11481996967757,1231
1389,165.19841395305076,-165.19841395305076,1232
1390,165.354217160435,-165.354217160435,1233
1391,165.44246635714651,-165.44246635714651,1234
1392,165.48343029511457,-165.48343029511457,1235
1393,165.49321321530664,-165.49321321530664,1236
1394,165.50558227629776,-165.50558227629776,1237
1395,165.51585474221716,-165.51585474221716,1238
1396,165.52823599547253,-165.52823599547253,1239
1397,165.53645248927884,-165.53645248927884,1240
1398,165.54990788327018,-165.54990788327018,1241
1399,165.6080599487478,-165.6080599487478,1242
1400,165.72112167256876,-165.72112167256876,1243
1401,165.80316183743966,-165.80316183743966,1244
1402,165.858171955342,-165.858171955342,1245
1403,165.92511656047984,-165.92511656047984,1246
1404,165.95463962363525,-165.95463962363525,1247
1405,166.11568018093413,-166.11568018093413,1248
1406,166.1904079130789,-166.1904079130789,1249
1407,166.26196617657664,-166.26196617657664,1250
1408,166.3602826939474,-166.3602826939474,1251
1409,166.4875306397509,-166.4875306397509,1252
1410,166.56544468154058,-166.56544468154058,1253
1411,166.7369468009882,-166.7369468009882,1254
1412,166.81642152296797,-166.81642152296797,1255
1413,166.8725053424487,-166.8725053424487,1256
1414,166.9285486120052,-166.9285486120052,1257
1415,166.9752311276514,-166.9752311276514,1258
1416,166.9891699764818,-166.9891699764818,1259
1417,167.0031112190381,-167.0031112190381,1260
1418,167.01339836445635,-167.01339836445635,1261
1419,167.02210397152575,-167.02210397152575,1262
1420,167.03135308363503,-167.03135308363503,1263
1421,167.03910570239458,-167.03910570239458,1264
1422,167.05464117967136,-167.05464117967136,1265
1423,167.1138213160988,-167.1138213160988,1266
1424,167.16103132533965,-167.16103132533965,1267
1425,167.1973428961486,-167.1973428961486,1268
1426,167.3206339795699,-167.3206339795699,1269
1427,167.35898399569248,-167.35898399569248,1270
1428,167.44238026314125,-167.44238026314125,1271
1429,167.4564895908192,-167.4564895908192,1272
1430,167.52117942401605,-167.52117942401605,1273
1431,167.57461189072205,-167.57461189072205,1274
1432,167.61102215024724,-167.61102215024724,1275
1433,167.6276000757181,-167.6276000757181,1276
1434,167.65613892244474,-167.65613892244474,1277
1435,167.77299786457908,-167.77299786457908,1278
1436,167.7937288353306,-167.7937288353306,1279
1437,167.83521827138568,-167.83521827138568,1280
1438,167.90216847048777,-167.90216847048777,1281
1439,167.94260883973058,-167.94260883973058,1282
1440,167.96226409221416,-167.96226409221416,1283
1441,167.98347651086976,-167.98347651086976,1284
1442,167.99532106606404,-167.99532106606404,1285
1443,168.0050826231478,-168.0050826231478,1286
1444,168.02321139725356,-168.02321139725356,1287
1445,168.0319485231035,-168.0319485231035,1288
1446,168.04797624861078,-168.04797624861078,1289
1447,168.091848257116,-168.091848257116,1290
1448,168.24089925531638,-168.24089925531638,1291
1449,168.37971588488173,-168.37971588488173,1292
1450,168.37242144606287,-168.37242144606287,1293
1451,168.36065619045425,-168.36065619045425,1294
1452,168.3441453381545,-168.3441453381545,1295
1453,168.32377698435064,-168.32377698435064,1296
1454,168.30689759161444,-168.30689759161444,1297
1455,168.30595572664726,-168.30595572664726,1298
1456,168.35740980134372,-168.35740980134372,1299
1457,168.39003990927384,-168.39003990927384,1300
1458,168.45180693572263,-168.45180693572263,1301
1459,168.52761384902956,-168.52761384902956,1302
1460,168.58470393940004,-168.58470393940004,1303
1461,168.65321733910628,-168.65321733910628,1304
1462,168.75550381963916,-168.75550381963916,1305
1463,168.79074795804857,-168.79074795804857,1306
1464,168.80572636938612,-168.80572636938612,1307
1465,168.81603388948838,-168.81603388948838,1308
1466,168.82944150813762,-168.82944150813762,1309
1467,168.8511361775607,-168.8511361775607,1310
1468,168.87232441103325,-168.87232441103325,1311
1469,168.8848035584352,-168.8848035584352,1312
1470,168.9077828205999,-168.9077828205999,1313
1471,168.9679717021382,-168.9679717021382,1314
1472,168.99365246282727,-168.99365246282727,1315
1473,169.02245576740853,-169.02245576740853,1316
1474,169.13817764509903,-169.13817764509903,1317
1475,169.758323918369,-169.758323918369,1318
1476,170.32326369378296,-170.32326369378296,1319
1477,170.38358239912992,-170.38358239912992,1320
1478,170.70302898368178,-170.70302898368178,1321
1479,170.9689185500258,-170.9689185500258,1322
1480,171.03120709369483,-171.03120709369483,1323
1481,171.07424989888673,-171.07424989888673,1324
1482,171.13653752791984,-171.13653752791984,1325
1483,171.22069820970668,-171.22069820970668,1326
1484,171.28246970844398,-171.28246970844398,1327
1485,171.43204778294597,-171.43204778294597,1328
1486,171.54471314848158,-171.54471314848158,1329
1487,171.584110040912,-171.584110040912,1330
1488,171.631308641016,-171.631308641016,1331
1489,171.64577262421736,-171.64577262421736,1332
1490,171.6545133615054,-171.6545133615054,1333
1491,171.66741323305035,-171.66741323305035,1334
1492,171.67571942591943,-171.67571942591943,1335
1493,171.6855133159634,-171.6855133159634,1336
1494,171.69623391104986,-171.69623391104986,1337
1495,171.73760460275582,-171.73760460275582,1338
1496,171.7673160957274,-171.7673160957274,1339
1497,171.88948913400984,-171.88948913400984,1340
1498,171.8948940805124,-171.8948940805124,1341
1499,171.88727430353845,-171.88727430353845,1342
1500,171.93173327117978,-171.93173327117978,1343
1501,172.00564156247188,-172.00564156247188,1344
1502,172.01243429702137,-172.01243429702137,1345
1503,172.0670232280452,-172.0670232280452,1346
1504,172.13695110026956,-172.13695110026956,1347
1505,172.27401665538045,-172.27401665538045,1348
1506,172.35299643436673,-172.35299643436673,1349
1507,172.5005423972802,-172.5005423972802,1350
1508,172.65273412688552,-172.65273412688552,1351
1509,172.76025343831506,-172.76025343831506,1352
1510,172.86876867394813,-172.86876867394813,1353
1511,172.90505772319423,-172.90505772319423,1354
1512,172.94134367619557,-172.94134367619557,1355
1513,172.9516433443757,-172.9516433443757,1356
1514,172.9650657297938,-172.9650657297938,1357
1515,172.97380481369217,-172.97380481369217,1358
1516,172.984672788639,-172.984672788639,1359
1517,173.00642682059296,-173.00642682059296,1360
1518,173.02524404682356,-173.02524404682356,1361
1519,173.1093802877376,-173.1093802877376,1362
1520,173.17375433600384,-173.17375433600384,1363
1521,173.32526951838483,-173.32526951838483,1364
1522,173.44036452596657,-173.44036452596657,1365
1523,173.5515169934155,-173.5515169934155,1366
1524,173.63371334197217,-173.63371334197217,1367
1525,173.8102345093508,-173.8102345093508,1368
1526,174.0076669823335,-174.0076669823335,1369
1527,174.17294308912872,-174.17294308912872,1370
1528,174.42801689634948,-174.42801689634948,1371
1529,174.50031953984669,-174.50031953984669,1372
1530,174.6967040147959,-174.6967040147959,1373
1531,174.85852386952257,-174.85852386952257,1374
1532,175.02317787382836,-175.02317787382836,1375
1533,175.17848974554744,-175.17848974554744,1376
1534,175.30414759331373,-175.30414759331373,1377
1535,175.3471936757298,-175.3471936757298,1378
1536,175.3959418836095,-175.3959418836095,1379
1537,175.43689603524987,-175.43689603524987,1380
1538,175.47992081759045,-175.47992081759045,1381
1539,175.51203088253433,-175.51203088253433,1382
1540,175.5327592227488,-175.5327592227488,1383
1541,175.56019685450914,-175.56019685450914,1384
1542,175.63608791943042,-175.63608791943042,1385
1543,176.2307457711666,-176.2307457711666,1386
1544,176.75463812590843,-176.75463812590843,1387
1545,176.90163843857485,-176.90163843857485,1388
1546,177.32042161526002,-177.32042161526002,1389
1547,177.61035647028785,-177.61035647028785,1390
1548,177.5984009110494,-177.5984009110494,1391
1549,177.58614978982683,-177.58614978982683,1392
1550,177.7366434791277,-177.7366434791277,1393
1551,178.57817764038458,-178.57817764038458,1394
1552,179.36707869864603,-179.36707869864603,1395
1553,179.56557009583224,-179.56557009583224,1396
1554,179.63885046788118,-179.63885046788118,1397
1555,179.8196744329892,-179.8196744329892,1398
1556,179.91730591678586,-179.91730591678586,1399
1557,179.99363655639084,-179.99363655639084,1400
1558,180.06786445649593,-180.06786445649593,1401
1559,180.1706797916432,-180.1706797916432,1402
1560,180.18723309746397,-180.18723309746397,1403
1561,180.1990874418274,-180.1990874418274,1404
1562,180.2108186361519,-180.2108186361519,1405
1563,180.2198566854775,-180.2198566854775,1406
1564,180.2294851517557,-180.2294851517557,1407
1565,180.23785579228698,-180.23785579228698,1408
1566,180.259221595182,-180.259221595182,1409
1567,180.8346479973349,-180.8346479973349,1410
1568,181.69543668322834,-181.69543668322834,1411
1569,182.4094563949824,-182.4094563949824,1412
1570,183.21460944891567,-183.21460944891567,1413
1571,183.93214526891566,-183.93214526891566,1413
1572,184.22414296398208,-184.22414296398208,1414
1573,184.2793878767086,-184.2793878767086,1415
1574,184.27746108631752,-184.27746108631752,1416
1575,184.33190396907125,-184.33190396907125,1417
1576,184.41078914432367,-184.41078914432367,1418
1577,184.51594284537126,-184.51594284537126,1419
1578,184.60475182842157,-184.60475182842157,1420
1579,184.713297306215,-184.713297306215,1421
1580,184.81513566258147,-184.81513566258147,1422
1581,184.92573616137312,-184.92573616137312,1423
1582,185.00620682027215,-185.00620682027215,1424
1583,185.05808024976366,-185.05808024976366,1425
1584,185.08241188342083,-185.08241188342083,1426
1585,185.09219172834915,-185.09219172834915,1427
1586,185.10236576832517,-185.10236576832517,1428
1587,185.11547909597635,-185.11547909597635,1429
1588,185.12994434877265,-185.12994434877265,1430
1589,185.14029847803712,-185.14029847803712,1431
1590,185.17338654535806,-185.17338654535806,1432
1591,185.42232885200153,-185.42232885200153,1433
1592,185.55126049710395,-185.55126049710395,1434
1593,185.67304503588272,-185.67304503588272,1435
1594,185.7692701558579,-185.7692701558579,1436
1595,185.77237822936394,-185.77237822936394,1437
1596,185.76648223906335,-185.76648223906335,1438
1597,185.76373504418885,-185.76373504418885,1439
1598,185.8064140801749,-185.8064140801749,1440
1599,185.82970717750783,-185.82970717750783,1441
1600,185.85392209388155,-185.85392209388155,1442
1601,185.945320910746,-185.945320910746,1443
1602,186.03103389687897,-186.03103389687897,1444
1603,186.19571340254035,-186.19571340254035,1445
1604,186.3302497427613,-186.3302497427613,1446
1605,186.4299492241066,-186.4299492241066,1447
1606,186.5254736773513,-186.5254736773513,1448
1607,186.57786455661036,-186.57786455661036,1449
1608,186.59336342905596,-186.59336342905596,1450
1609,186.6036628416295,-186.6036628416295,1451
1610,186.61805711000707,-186.61805711000707,1452
1611,186.6256862788629,-186.6256862788629,1453
1612,186.6434097351638,-186.6434097351638,1454
1613,186.6672925449243,-186.6672925449243,1455
1614,186.7011566714772,-186.7011566714772,1456
1615,186.7682936183364,-186.7682936183364,1457
1616,186.80648084930493,-186.80648084930493,1458
1617,186.8651959313246,-186.8651959313246,1459
1618,186.9273052931636,-186.9273052931636,1460
1619,186.94118945049559,-186.94118945049559,1461
1620,186.93939161604447,-186.93939161604447,1462
1621,186.93418526556923,-186.93418526556923,1463
1622,187.94890552983188,-187.94890552983188,1464
1623,188.48673302416128,-188.48673302416128,1465
1624,188.7442101400762,-188.7442101400762,1466
1625,188.93407348418137,-188.93407348418137,1467
1626,189.12006471592963,-189.12006471592963,1468
1627,189.29775700581212,-189.29775700581212,1469
1628,189.50607453353808,-189.50607453353808,1470
1629,189.63122968624103,-189.63122968624103,1471
1630,189.74546072650722,-189.74546072650722,1472
1631,189.80668734183473,-189.80668734183473,1473
1632,189.84659892319965,-189.84659892319965,1474
1633,189.86157405110873,-189.86157405110873,1475
1634,189.87238390466266,-189.87238390466266,1476
1635,189.8816652857253,-189.8816652857253,1477
1636,189.89618362804597,-189.89618362804597,1478
1637,189.90706163902743,-189.90706163902743,1479
1638,189.91955837220578,-189.91955837220578,1480
1639,190.01261535211708,-190.01261535211708,1481
1640,190.08332506989865,-190.08332506989865,1482
1641,190.16398743965263,-190.16398743965263,1483
1642,190.379476118342,-190.379476118342,1484
1643,190.50036182573916,-190.50036182573916,1485
1644,191.1108342809924,-191.1108342809924,1486
1645,191.31145244694972,-191.31145244694972,1487
1646,191.35439853961904,-191.35439853961904,1488
1647,191.40344927270732,-191.40344927270732,1489
1648,191.45266225546195,-191.45266225546195,1490
1649,191.52493513329247,-191.52493513329247,1491
1650,191.61066081150665,-191.61066081150665,1492
1651,191.70472438142383,-191.70472438142383,1493
1652,191.87615477722198,-191.87615477722198,1494
1653,191.98574529022238,-191.98574529022238,1495
1654,192.07867854296867,-192.07867854296867,1496
1655,192.14718251953593,-192.14718251953593,1497
1656,192.1964532896586,-192.1964532896586,1498
1657,192.20831687760491,-192.20831687760491,1499
1658,192.23106807932334,-192.23106807932334,1500
1659,192.24860599337606,-192.24860599337606,1501
1660,192.2615355663742,-192.2615355663742,1502
1661,192.28896873620067,-192.28896873620067,1503
1662,192.30497601746686,-192.30497601746686,1504
1663,192.3807515360649,-192.3807515360649,1505
1664,192.5301938470221,-192.5301938470221,1506
1665,193.17456838418937,-193.17456838418937,1507
1666,193.7863588709672,-193.7863588709672,1508
1667,194.02918539741623,-194.02918539741623,1509
1668,194.15803377638076,-194.15803377638076,1510
1669,194.18600540559663,-194.18600540559663,1511
1670,194.22946755848955,-194.22946755848955,1512
1671,194.30368969850952,-194.30368969850952,1513
1672,194.41323793050918,-194.41323793050918,1514
1673,194.50573054913755,-194.50573054913755,1515
1674,194.58519266343578,-194.58519266343578,1516
1675,194.69221391511715,-194.69221391511715,1517
1676,194.78362885282377,-194.78362885282377,1518
1677,194.86931820336721,-194.86931820336721,1519
1678,194.97003834307444,-194.97003834307444,1520
1679,194.99698382224156,-194.99698382224156,1521
1680,195.0259920582286,-195.0259920582286,1522
1681,195.04044857308955,-195.04044857308955,1523
1682,195.050228061072,-195.050228061072,1524
1683,195.058401134209,-195.058401134209,1525
1684,195.0696009347812,-195.0696009347812,1526
1685,195.07812251393466,-195.07812251393466,1527
1686,195.120367510314,-195.120367510314,1528
1687,195.20363319911428,-195.20363319911428,1529
1688,195.2781538197719,-195.2781538197719,1530
1689,195.52044502169727,-195.52044502169727,1531
1690,195.68769277366889,-195.68769277366889,1532
1691,195.84559470016146,-195.84559470016146,1533
1692,196.03831038103633,-196.03831038103633,1534
1693,196.1887894934088,-196.1887894934088,1535
1694,196.30406702698295,-196.30406702698295,1536
1695,196.43442115075047,-196.43442115075047,1537
1696,196.54245746065115,-196.54245746065115,1538
1697,196.75854326012407,-196.75854326012407,1539
1698,196.89047912600225,-196.89047912600225,1540
1699,197.01361410110678,-197.01361410110678,1541
1700,197.21722647983373,-197.21722647983373,1542
1701,197.31329715596024,-197.31329715596024,1543
1702,197.38595871199652,-197.38595871199652,1544
1703,197.42484321343542,-197.42484321343542,1545
1704,197.45021310984853,-197.45021310984853,1546
1705,197.46310645103776,-197.46310645103776,1547
1706,197.47597661432286,-197.47597661432286,1548
1707,197.48522541868257,-197.48522541868257,1549
1708,197.4944649428201,-197.4944649428201,1550
1709,197.52393677937997,-197.52393677937997,1551
1710,197.53903454074418,-197.53903454074418,1552
1711,197.60498298892477,-197.60498298892477,1553
1712,197.67979781211392,-197.67979781211392,1554
1713,197.73647722808434,-197.73647722808434,1555
1714,198.4642055667712,-198.4642055667712,1556
1715,199.05221322048095,-199.05221322048095,1557
1716,199.20909525416712,-199.20909525416712,1558
1717,199.34230118350806,-199.34230118350806,1559
1718,199.50367551112708,-199.50367551112708,1560
1719,199.70258463607686,-199.70258463607686,1561
1720,199.89687665792076,-199.89687665792076,1562
1721,199.9717531725386,-199.9717531725386,1563
1722,200.0429111979501,-200.0429111979501,1564
1723,200.13279375250195,-200.13279375250195,1565
1724,200.3410970723972,-200.3410970723972,1566
1725,200.51613574015954,-200.51613574015954,1567
1726,200.56281760758387,-200.56281760758387,1568
1727,200.60534104185317,-200.60534104185317,1569
1728,200.62135388439472,-200.62135388439472,1570
1729,200.63476577559652,-200.63476577559652,1571
1730,200.64558710089173,-200.64558710089173,1572
1731,200.65326031138025,-200.65326031138025,1573
1732,200.6666966727754,-200.6666966727754,1574
1733,200.67478228107382,-200.67478228107382,1575
1734,200.69416553503132,-200.69416553503132,1576
1735,200.76494815271798,-200.76494815271798,1577
1736,200.83151247254742,-200.83151247254742,1578
1737,200.9889334848604,-200.9889334848604,1579
1738,201.01603400638982,-201.01603400638982,1580
1739,201.03122090897594,-201.03122090897594,1581
1740,201.01949805358538,-201.01949805358538,1582
1741,201.01040363888754,-201.01040363888754,1583
1742,201.00324600376769,-201.00324600376769,1584
1743,201.03585282090756,-201.03585282090756,1585
1744,201.09689861279819,-201.09689861279819,1586
1745,201.2238878683775,-201.2238878683775,1587
1746,201.36834531082448,-201.36834531082448,1588
1747,201.49093942296463,-201.49093942296463,1589
1748,201.61093813948244,-201.61093813948244,1590
1749,201.70750453652835,-201.70750453652835,1591
1750,201.78692380876367,-201.78692380876367,1592
1751,201.84710936032704,-201.84710936032704,1593
1752,201.88390934634828,-201.88390934634828,1594
1753,201.92694747640581,-201.92694747640581,1595
1754,201.94398404481382,-201.94398404481382,1596
1755,201.98335894955048,-201.98335894955048,1597
1756,202.00458525959195,-202.00458525959195,1598
1757,202.0341095249825,-202.0341095249825,1599
1758,202.06796801691866,-202.06796801691866,1600
1759,202.1311900527356,-202.1311900527356,1601
1760,202.1706852919972,-202.1706852919972,1602
1761,202.20511027049173,-202.20511027049173,1603
1762,202.1895240863351,-202.1895240863351,1604
1763,202.18419946444195,-202.18419946444195,1605
1764,202.17501756626575,-202.17501756626575,1606
1765,202.16470651603166,-202.16470651603166,1607
1766,202.2024918921548,-202.2024918921548,1608
1767,202.19814658846119,-202.19814658846119,1609
1768,202.38480971132628,-202.38480971132628,1610
1769,202.8782310810553,-202.8782310810553,1611
1770,203.08408568689683,-203.08408568689683,1612
1771,203.22434303014523,-203.22434303014523,1613
1772,203.32145961710782,-203.32145961710782,1614
1773,203.4242739783081,-203.4242739783081,1615
1774,203.53644497044093,-203.53644497044093,1616
1775,203.61273487488413,-203.61273487488413,1617
1776,203.65631408638768,-203.65631408638768,1618
1777,203.69467192121144,-203.69467192121144,1619
1778,203.71434154450944,-203.71434154450944,1620
1779,203.75063424468414,-203.75063424468414,1621
1780,203.77453442811998,-203.77453442811998,1622
1781,203.8000019577238,-203.8000019577238,1623
1782,203.82606144382618,-203.82606144382618,1624
1783,204.29009969193132,-204.29009969193132,1625
1784,205.06556664766396,-205.06556664766396,1626
1785,205.92045656155258,-205.92045656155258,1627
1786,206.79108647283638,-206.79108647283638,1628
1787,207.4350979238306,-207.4350979238306,1629
1788,207.53440490102275,-207.53440490102275,1630
1789,207.5156399224815,-207.5156399224815,1631
1790,207.50959251499123,-207.50959251499123,1632
1791,207.5058767570672,-207.5058767570672,1633
1792,207.52708370785973,-207.52708370785973,1634
1793,207.66636543639663,-207.66636543639663,1635
1794,207.8325993569308,-207.8325993569308,1636
1795,207.9146773799328,-207.9146773799328,1637
1796,208.03362919991153,-208.03362919991153,1638
1797,208.12034983795104,-208.12034983795104,1639
1798,208.22836379917356,-208.22836379917356,1640
1799,208.270364467884,-208.270364467884,1641
1800,208.30770492814423,-208.30770492814423,1642
1801,208.3252846892447,-208.3252846892447,1643
1802,208.33757741743622,-208.33757741743622,1644
1803,208.34553904575975,-208.34553904575975,1645
1804,208.35834996311155,-208.35834996311155,1646
1805,208.36710126861325,-208.36710126861325,1647
1806,208.40070729336148,-208.40070729336148,1648
1807,208.4510938296798,-208.4510938296798,1649
1808,208.78084878669156,-208.78084878669156,1650
1809,209.45294509808605,-209.45294509808605,1651
1810,210.33436576483567,-210.33436576483567,1652
1811,210.69688048933637,-210.69688048933637,1653
1812,210.8253210570441,-210.8253210570441,1654
1813,210.81895354713103,-210.81895354713103,1655
1814,210.8128186986422,-210.8128186986422,1656
1815,210.81690128296844,-210.81690128296844,1657
1816,210.82857348456866,-210.82857348456866,1658
1817,210.83001711314918,-210.83001711314918,1659
1818,210.87776690026197,-210.87776690026197,1660
1819,210.94842959019877,-210.94842959019877,1661
1820,211.02630953794122,-211.02630953794122,1662
1821,211.11303380116405,-211.11303380116405,1663
1822,211.18725887759794,-211.18725887759794,1664
1823,211.2318623916473,-211.2318623916473,1665
1824,211.24684032925478,-211.24684032925478,1666
1825,211.2581787332908,-211.2581787332908,1667
1826,211.2684719614895,-211.2684719614895,1668
1827,211.28287455323766,-211.28287455323766,1669
1828,211.2929949980451,-211.2929949980451,1670
1829,211.3052205043819,-211.3052205043819,1671
1830,211.35729132086553,-211.35729132086553,1672
1831,211.41431060783304,-211.41431060783304,1673
1832,211.5102933470376,-211.5102933470376,1674
1833,211.5998873544298,-211.5998873544298,1675
1834,211.60353103611916,-211.60353103611916,1676
1835,212.3445515333922,-212.3445515333922,1677
1836,212.521148022026,-212.521148022026,1678
1837,213.0690372320272,-213.0690372320272,1679
1838,213.06766677986735,-213.06766677986735,1680
1839,213.07832303870273,-213.07832303870273,1681
1840,213.0931644631857,-213.0931644631857,1682
1841,213.10335361605655,-213.10335361605655,1683
1842,213.1417593263059,-213.1417593263059,1684
1843,213.1916046865967,-213.1916046865967,1685
1844,213.2757318317599,-213.2757318317599,1686
1845,213.31566872924003,-213.31566872924003,1687
1846,213.37586024667795,-213.37586024667795,1688
1847,213.39915207655767,-213.39915207655767,1689
1848,213.40997671089954,-213.40997671089954,1690
1849,213.42650259409749,-213.42650259409749,1691
1850,213.4373020636716,-213.4373020636716,1692
1851,213.45384744157545,-213.45384744157545,1693
1852,213.46310625279372,-213.46310625279372,1694
1853,213.47348706740172,-213.47348706740172,1695
1854,213.48317121713652,-213.48317121713652,1696
1855,213.4816851410898,-213.4816851410898,1697
1856,213.4752189777552,-213.4752189777552,1698
1857,213.76089543848826,-213.76089543848826,1699
1858,213.7477677386219,-213.7477677386219,1700
1859,213.72057775144552,-213.72057775144552,1701
1860,213.70372735075287,-213.70372735075287,1702
1861,214.38230172561993,-214.38230172561993,1703
1862,215.38748302549078,-215.38748302549078,1704
1863,216.19356914239856,-216.19356914239856,1705
1864,216.27307166199185,-216.27307166199185,1706
1865,216.29606002154233,-216.29606002154233,1707
1866,216.31624634845932,-216.31624634845932,1708
1867,216.44091247808132,-216.44091247808132,1709
1868,216.5489129863493,-216.5489129863493,1710
1869,216.62469445100552,-216.62469445100552,1711
1870,216.67189431979767,-216.67189431979767,1712
1871,216.7128515876444,-216.7128515876444,1713
1872,216.7387483418201,-216.7387483418201,1714
1873,216.74956910775776,-216.74956910775776,1715
1874,216.76041226964196,-216.76041226964196,1716
1875,216.77230458247874,-216.77230458247874,1717
1876,216.78259361491232,-216.78259361491232,1718
1877,216.79753250980173,-216.79753250980173,1719
1878,216.80880519735362,-216.80880519735362,1720
1879,216.80896737345716,-216.80896737345716,1721
1880,216.8037254920839,-216.8037254920839,1722
1881,216.78226162270752,-216.78226162270752,1723
1882,216.89651802592127,-216.89651802592127,1724
1883,217.37874010969003,-217.37874010969003,1725
1884,218.11218143177217,-218.11218143177217,1726
1885,218.3788695783067,-218.3788695783067,1727
1886,218.36843874276383,-218.36843874276383,1728
1887,218.36492404220837,-218.36492404220837,1729
1888,218.3607550557317,-218.3607550557317,1730
1889,218.37330284825447,-218.37330284825447,1731
1890,218.43770122597124,-218.43770122597124,1732
1891,218.5348132902998,-218.5348132902998,1733
1892,218.58879591068154,-218.58879591068154,1734
1893,218.64484279212274,-218.64484279212274,1735
1894,218.69048426835064,-218.69048426835064,1736
1895,218.73975980127523,-218.73975980127523,1737
1896,218.76616971533537,-218.76616971533537,1738
1897,218.77698970802103,-218.77698970802103,1739
1898,218.79146920378133,-218.79146920378133,1740
1899,218.79971572595184,-218.79971572595184,1741
1900,218.81219827835866,-218.81219827835866,1742
1901,218.8220005906819,-218.8220005906819,1743
1902,218.87996443851395,-218.87996443851395,1744
1903,218.91293962309794,-218.91293962309794,1745
1904,218.93531040790296,-218.93531040790296,1746
1905,218.9351030465277,-218.9351030465277,1747
1906,218.93770955275156,-218.93770955275156,1748
1907,218.9315635444015,-218.9315635444015,1749
1908,218.91362397863952,-218.91362397863952,1750
1909,218.89314123232754,-218.89314123232754,1751
1910,218.87089535707986,-218.87089535707986,1752
1911,218.86245953564028,-218.86245953564028,1753
1912,218.886540134125,-218.886540134125,1754
1913,218.94079330554877,-218.94079330554877,1755
1914,219.0056883088088,-219.0056883088088,1756
1915,219.05654005529937,-219.05654005529937,1757
1916,219.1229949492949,-219.1229949492949,1758
1917,219.17904065550994,-219.17904065550994,1759
1918,219.2189683896373,-219.2189683896373,1760
1919,219.25785590612657,-219.25785590612657,1761
1920,219.27594972063667,-219.27594972063667,1762
1921,219.28936007603696,-219.28936007603696,1763
1922,219.3027576234487,-219.3027576234487,1764
1923,219.31308853584324,-219.31308853584324,1765
1924,219.32705610053426,-219.32705610053426,1766
1925,219.33479170362835,-219.33479170362835,1767
1926,219.3970909751996,-219.3970909751996,1768
1927,219.39604324289206,-219.39604324289206,1769
1928,219.39130289517757,-219.39130289517757,1770
1929,219.37508624790075,-219.37508624790075,1771
1930,219.35474413302498,-219.35474413302498,1772
1931,219.33265868421074,-219.33265868421074,1773
1932,219.30167220376455,-219.30167220376455,1774
1933,219.27052919909258,-219.27052919909258,1775
1934,219.23693828085834,-219.23693828085834,1776
1935,219.2235746368284,-219.2235746368284,1777
1936,219.21889625281202,-219.21889625281202,1778
1937,219.23044988696898,-219.23044988696898,1779
1938,219.2849457267308,-219.2849457267308,1780
1939,219.33528151775678,-219.33528151775678,1781
1940,219.39445573977864,-219.39445573977864,1782
1941,219.44529717738195,-219.44529717738195,1783
1942,219.49405769505182,-219.49405769505182,1784
1943,219.515274707957,-219.515274707957,1785
1944,219.52713559357335,-219.52713559357335,1786
1945,219.53846808125016,-219.53846808125016,1787
1946,219.55396537088004,-219.55396537088004,1788
1947,219.56433774551047,-219.56433774551047,1789
1948,219.57315685378742,-219.57315685378742,1790
1949,219.58405773893816,-219.58405773893816,1791
1950,219.6198986152601,-219.6198986152601,1792
1951,219.62839178576877,-219.62839178576877,1793
1952,219.62323018358444,-219.62323018358444,1794
1953,219.60454015619715,-219.60454015619715,1795
1954,219.57528090137512,-219.57528090137512,1796
1955,219.54017810276036,-219.54017810276036,1797
1956,219.50579627930145,-219.50579627930145,1798
1957,219.47404285175728,-219.47404285175728,1799
1958,219.81940656007092,-219.81940656007092,1800
1959,220.32557827590043,-220.32557827590043,1801
1960,220.3187023933527,-220.3187023933527,1802
1961,220.3148005275427,-220.3148005275427,1803
1962,220.34643204713012,-220.34643204713012,1804
1963,220.37495804304743,-220.37495804304743,1805
1964,220.40606042091122,-220.40606042091122,1806
1965,220.44287059500283,-220.44287059500283,1807
1966,220.4718798586344,-220.4718798586344,1808
1967,220.50868658507582,-220.50868658507582,1809
1968,220.52366543062666,-220.52366543062666,1810
1969,220.539676506288,-220.539676506288,1811
1970,220.5525810786283,-220.5525810786283,1812
1971,220.56189380233252,-220.56189380233252,1813
1972,220.56968919011484,-220.56968919011484,1814
1973,220.5780336926374,-220.5780336926374,1815
1974,220.58897160694812,-220.58897160694812,1816
1975,220.58943095629635,-220.58943095629635,1817
1976,220.5830755042511,-220.5830755042511,1818
1977,220.56282238116472,-220.56282238116472,1819
1978,220.53632380955816,-220.53632380955816,1820
1979,220.53611996642076,-220.53611996642076,1821
1980,220.85315216609558,-220.85315216609558,1822
1981,220.835192266312,-220.835192266312,1823
1982,220.80802845652428,-220.80802845652428,1824
1983,221.3075221641189,-221.3075221641189,1825
1984,221.2970700554463,-221.2970700554463,1826
1985,221.2928263452442,-221.2928263452442,1827
1986,221.30625815452422,-221.30625815452422,1828
1987,221.32800078046313,-221.32800078046313,1829
1988,221.35131717472635,-221.35131717472635,1830
1989,221.39020222466678,-221.39020222466678,1831
1990,221.42909260447888,-221.42909260447888,1832
1991,221.45758473820786,-221.45758473820786,1833
1992,221.47983939853663,-221.47983939853663,1834
1993,221.49637552306913,-221.49637552306913,1835
1994,221.50824894835023,-221.50824894835023,1836
1995,221.52014303891457,-221.52014303891457,1837
1996,221.52949510309475,-221.52949510309475,1838
1997,221.53833817355272,-221.53833817355272,1839
1998,221.54765795770666,-221.54765795770666,1840
1999,221.5600035273055,-221.5600035273055,1841
2000,221.55431886865463,-221.55431886865463,1842
2001,221.55350890011948,-221.55350890011948,1843
2002,221.52698747103176,-221.52698747103176,1844
2003,221.49697460510507,-221.49697460510507,1845
2004,221.47635023832035,-221.47635023832035,1846
2005,221.44641207838612,-221.44641207838612,1847
2006,221.4314323939947,-221.4314323939947,1848
2007,221.41760636725314,-221.41760636725314,1849
2008,221.41279460529884,-221.41279460529884,1850
2009,221.40905347465295,-221.40905347465295,1851
2010,221.42040611515986,-221.42040611515986,1852
2011,221.45722426514973,-221.45722426514973,1853
2012,221.49404118536782,-221.49404118536782,1854
2013,221.52410140545695,-221.52410140545695,1855
2014,221.57078352932385,-221.57078352932385,1856
2015,221.60706918923748,-221.60706918923748,1857
2016,221.6288056812152,-221.6288056812152,1858
2017,221.64794116618037,-221.64794116618037,1859
2018,221.6582560564847,-221.6582560564847,1860
2019,221.67065958136837,-221.67065958136837,1861
2020,221.68364225198184,-221.68364225198184,1862
2021,221.69193253411635,-221.69193253411635,1863
2022,221.70502195198665,-221.70502195198665,1864
2023,221.70365876111472,-221.70365876111472,1865
2024,221.69424836574996,-221.69424836574996,1866
2025,221.70792821793947,-221.70792821793947,1867
2026,222.73265759161245,-222.73265759161245,1868
2027,223.3213308534307,-223.3213308534307,1869
2028,223.45774284997327,-223.45774284997327,1870
2029,223.4260765675013,-223.4260765675013,1871
2030,223.39673576347215,-223.39673576347215,1872
2031,223.38061848160692,-223.38061848160692,1873
2032,223.39142293077316,-223.39142293077316,1874
2033,223.40507147339167,-223.40507147339167,1875
2034,223.44343505524222,-223.44343505524222,1876
2035,223.4812999546083,-223.4812999546083,1877
2036,223.5253947265199,-223.5253947265199,1878
2037,223.57779837718553,-223.57779837718553,1879
2038,223.64578832706675,-223.64578832706675,1880
2039,223.71116927728664,-223.71116927728664,1881
2040,223.75109216958236,-223.75109216958236,1882
2041,223.7806215615928,-223.7806215615928,1883
2042,223.79353702123257,-223.79353702123257,1884
2043,223.80492183411354,-223.80492183411354,1885
2044,223.81424388876698,-223.81424388876698,1886
2045,223.82277331443174,-223.82277331443174,1887
2046,223.832234171944,-223.832234171944,1888
2047,223.86504302439954,-223.86504302439954,1889
2048,223.88874932438307,-223.88874932438307,1890
2049,223.89362561266665,-223.89362561266665,1891
2050,223.90059665474948,-223.90059665474948,1892
2051,223.88414341320237,-223.88414341320237,1893
2052,223.86240969762864,-223.86240969762864,1894
2053,223.83251912433784,-223.83251912433784,1895
2054,223.8034544923952,-223.8034544923952,1896
2055,223.78487639825238,-223.78487639825238,1897
2056,223.78136642989602,-223.78136642989602,1898
2057,223.84731210357603,-223.84731210357603,1899
2058,223.86796479208238,-223.86796479208238,1900
2059,223.90999079330297,-223.90999079330297,1901
2060,223.96917361099355,-223.96917361099355,1902
2061,224.01587676329382,-224.01587676329382,1903
2062,224.06985179770552,-224.06985179770552,1904
2063,224.15030821451975,-224.15030821451975,1905
2064,224.19023366977808,-224.19023366977808,1906
2065,224.21976139702767,-224.21976139702767,1907
2066,224.2326551214245,-224.2326551214245,1908
2067,224.2439980787931,-224.2439980787931,1909
2068,224.25329578984415,-224.25329578984415,1910
2069,224.2621093909214,-224.2621093909214,1911
2070,224.53317094410025,-224.53317094410025,1912
2071,224.77706896955056,-224.77706896955056,1913
2072,224.79947672910637,-224.79947672910637,1914
2073,224.8012713527873,-224.8012713527873,1915
2074,224.80381251879945,-224.80381251879945,1916
2075,224.7893893020341,-224.7893893020341,1917
2076,224.7696447470137,-224.7696447470137,1918
2077,224.74065647145744,-224.74065647145744,1919
2078,224.71396278630164,-224.71396278630164,1920
2079,224.69418080484323,-224.69418080484323,1921
2080,224.70808415262263,-224.70808415262263,1922
2081,225.03004460547558,-225.03004460547558,1923
2082,225.05007550333522,-225.05007550333522,1924
2083,225.0920891514193,-225.0920891514193,1925
2084,225.15128359117733,-225.15128359117733,1926
2085,225.19798279149026,-225.19798279149026,1927
2086,225.25196145079724,-225.25196145079724,1928
2087,225.33241786761147,-225.33241786761147,1929
2088,225.35467677962728,-225.35467677962728,1930
2089,225.3825821351857,-225.3825821351857,1931
2090,225.3969065444932,-225.3969065444932,1932
2091,225.4068456475816,-225.4068456475816,1933
2092,225.4158022866128,-225.4158022866128,1934
2093,225.42416179967412,-225.42416179967412,1935
2094,225.43461225988898,-225.43461225988898,1936
2095,225.75556514625382,-225.75556514625382,1937
2096,226.56233218999856,-226.56233218999856,1938
2097,227.0668409591212,-227.0668409591212,1939
2098,228.20210678831546,-228.20210678831546,1940
2099,229.17272267935567,-229.17272267935567,1941
2100,229.55110175558715,-229.55110175558715,1942
2101,229.54908865787482,-229.54908865787482,1943
2102,229.56321284495525,-229.56321284495525,1944
2103,229.56202370570833,-229.56202370570833,1945
2104,229.58902986482013,-229.58902986482013,1946
2105,229.60040072939165,-229.60040072939165,1947
2106,229.62109815433737,-229.62109815433737,1948
2107,229.64804780039054,-229.64804780039054,1949
2108,229.6838668867945,-229.6838668867945,1950
2109,229.72483648398182,-229.72483648398182,1951
2110,229.76582459558895,-229.76582459558895,1952
2111,229.81718106732828,-229.81718106732828,1953
2112,229.84307564385176,-229.84307564385176,1954
2113,229.8642897227291,-229.8642897227291,1955
2114,229.8776324438211,-229.8776324438211,1956
2115,229.89235452857295,-229.89235452857295,1957
2116,229.90303680491945,-229.90303680491945,1958
2117,229.91484677788506,-229.91484677788506,1959
2118,229.92204606143582,-229.92204606143582,1960
2119,229.9617247956702,-229.9617247956702,1961
2120,229.9808503549416,-229.9808503549416,1962
2121,230.04105335555124,-230.04105335555124,1963
2122,230.62587787825575,-230.62587787825575,1964
2123,231.07638371565477,-231.07638371565477,1965
2124,231.13949500717234,-231.13949500717234,1966
2125,231.1358020639074,-231.1358020639074,1967
2126,231.1298716720852,-231.1298716720852,1968
2127,231.31183402684601,-231.31183402684601,1969
2128,231.66339168150645,-231.66339168150645,1970
2129,231.67213973291592,-231.67213973291592,1971
2130,231.7027138804643,-231.7027138804643,1972
2131,231.7218619313352,-231.7218619313352,1973
2132,231.75194063257982,-231.75194063257982,1974
2133,231.7897958402456,-231.7897958402456,1975
2134,231.8286919196757,-231.8286919196757,1976
2135,231.84990981409607,-231.84990981409607,1977
2136,231.88307989928975,-231.88307989928975,1978
2137,231.89494195133662,-231.89494195133662,1979
2138,231.90679891794727,-231.90679891794727,1980
2139,231.91708706596208,-231.91708706596208,1981
2140,231.92791703987118,-231.92791703987118,1982
2141,231.94120422493975,-231.94120422493975,1983
2142,231.9492084289335,-231.9492084289335,1984
2143,231.96561521251073,-231.96561521251073,1985
2144,231.9990219515533,-231.9990219515533,1986
2145,232.0303398150413,-232.0303398150413,1987
2146,232.03383125765555,-232.03383125765555,1988
2147,232.08933353236625,-232.08933353236625,1989
2148,232.29371190774404,-232.29371190774404,1990
2149,232.96466183556788,-232.96466183556788,1991
2150,233.31194029650266,-233.31194029650266,1992
2151,233.29240405109434,-233.29240405109434,1993
2152,233.29948223422022,-233.29948223422022,1994
2153,233.3023581692409,-233.3023581692409,1995
2154,233.30261797093988,-233.30261797093988,1996
2155,233.34255494270025,-233.34255494270025,1997
2156,233.3897551185199,-233.3897551185199,1998
2157,233.51647119736353,-233.51647119736353,1999
2158,233.57613776813224,-233.57613776813224,2000
2159,233.68101346640876,-233.68101346640876,2001
2160,233.81238215000056,-233.81238215000056,2002
2161,233.8507429127224,-233.8507429127224,2003
2162,233.86208561978822,-233.86208561978822,2004
2163,233.8760156390138,-233.8760156390138,2005
2164,233.88734948275453,-233.88734948275453,2006
2165,233.8977296994194,-233.8977296994194,2007
2166,233.90959456387742,-233.90959456387742,2008
2167,234.07367273112072,-234.07367273112072,2009
2168,234.77443413378413,-234.77443413378413,2010
2169,235.49207853168588,-235.49207853168588,2011
2170,235.52626062847617,-235.52626062847617,2012
2171,235.5036603919286,-235.5036603919286,2013
2172,235.4775397950187,-235.4775397950187,2014
2173,235.5039319997567,-235.5039319997567,2015
2174,236.1277787446446,-236.1277787446446,2016
2175,236.77147087117515,-236.77147087117515,2017
2176,237.37428629041557,-237.37428629041557,2018
2177,237.4288865494773,-237.4288865494773,2019
2178,237.4886107212912,-237.4886107212912,2020
2179,237.50253409119452,-237.50253409119452,2021
2180,237.52380688649805,-237.52380688649805,2022
2181,237.59552137782208,-237.59552137782208,2023
2182,237.63703933054967,-237.63703933054967,2024
2183,237.68529937166693,-237.68529937166693,2025
2184,237.72159060012316,-237.72159060012316,2026
2185,237.73293214747758,-237.73293214747758,2027
2186,237.74423555784716,-237.74423555784716,2028
2187,237.75799003131405,-237.75799003131405,2029
2188,237.7680510362196,-237.7680510362196,2030
2189,237.78140779744868,-237.78140779744868,2031
2190,237.78962336005577,-237.78962336005577,2032
2191,237.82194143751744,-237.82194143751744,2033
2192,237.86724909426127,-237.86724909426127,2034
2193,237.91816844405304,-237.91816844405304,2035
2194,238.32349174500584,-238.32349174500584,2036
2195,238.42905849697476,-238.42905849697476,2037
2196,238.42605310399952,-238.42605310399952,2038
2197,238.44152008804565,-238.44152008804565,2039
2198,238.48953570554005,-238.48953570554005,2040
2199,238.57026836383636,-238.57026836383636,2041
2200,238.62378045945673,-238.62378045945673,2042
2201,238.6526412391925,-238.6526412391925,2043
2202,238.712917244854,-238.712917244854,2044
2203,238.74556915274786,-238.74556915274786,2045
2204,238.7813677449685,-238.7813677449685,2046
2205,238.86755787987587,-238.86755787987587,2047
2206,238.9443765676621,-238.9443765676621,2048
2207,239.0211934264474,-239.0211934264474,2049
2208,239.06371320183888,-239.06371320183888,2050
2209,239.0932404985258,-239.0932404985258,2051
2210,239.10302120461327,-239.10302120461327,2052
2211,239.11591306967463,-239.11591306967463,2053
2212,239.1251761125543,-239.1251761125543,2054
2213,239.1354372404446,-239.1354372404446,2055
2214,239.14772668508857,-239.14772668508857,2056
2215,239.17405171782775,-239.17405171782775,2057
2216,239.19586081348936,-239.19586081348936,2058
2217,239.2797469190383,-239.2797469190383,2059
2218,239.99908203737152,-239.99908203737152,2060
2219,240.0222998266592,-240.0222998266592,2061
2220,240.01380606761643,-240.01380606761643,2062
2221,240.04921622538643,-240.04921622538643,2063
2222,240.04588248807474,-240.04588248807474,2064
2223,240.04549709077548,-240.04549709077548,2065
2224,240.0927414076187,-240.0927414076187,2066
2225,240.12249036139457,-240.12249036139457,2067
2226,240.18685809875595,-240.18685809875595,2068
2227,240.22368775633117,-240.22368775633117,2069
2228,240.28392640245966,-240.28392640245966,2070
2229,240.343104550737,-240.343104550737,2071
2230,240.41786676457156,-240.41786676457156,2072
2231,240.45935081595766,-240.45935081595766,2073
2232,240.49979666157793,-240.49979666157793,2074
2233,240.5319202985374,-240.5319202985374,2075
2234,240.5474142071955,-240.5474142071955,2076
2235,240.56136495136423,-240.56136495136423,2077
2236,240.57426706833508,-240.57426706833508,2078
2237,240.5833904961052,-240.5833904961052,2079
2238,240.594611554271,-240.594611554271,2080
2239,240.6200853821529,-240.6200853821529,2081
2240,240.69115260598835,-240.69115260598835,2082
2241,240.8211508300196,-240.8211508300196,2083
2242,240.8194677694379,-240.8194677694379,2084
2243,240.81801132445776,-240.81801132445776,2085
2244,240.8141346890285,-240.8141346890285,2086
2245,240.86155483023774,-240.86155483023774,2087
2246,240.94875374084862,-240.94875374084862,2088
2247,240.98548766132373,-240.98548766132373,2089
2248,241.12309346377026,-241.12309346377026,2090
2249,241.19213032910258,-241.19213032910258,2091
2250,241.2476528908215,-241.2476528908215,2092
2251,241.28969584258928,-241.28969584258928,2093
2252,241.35197733386786,-241.35197733386786,2094
2253,241.41842662349765,-241.41842662349765,2095
2254,241.4838277332276,-241.4838277332276,2096
2255,241.5419418359164,-241.5419418359164,2097
2256,241.58966248447513,-241.58966248447513,2098
2257,241.62231073642425,-241.62231073642425,2099
2258,241.63312826345887,-241.63312826345887,2100
2259,241.64808838972579,-241.64808838972579,2101
2260,241.65731321387412,-241.65731321387412,2102
2261,241.67181569241595,-241.67181569241595,2103
2262,241.68105586999337,-241.68105586999337,2104
2263,241.70632830118961,-241.70632830118961,2105
2264,241.7623728684578,-241.7623728684578,2106
2265,241.8170442786626,-241.8170442786626,2107
2266,241.82204045399638,-241.82204045399638,2108
2267,241.82066729287072,-241.82066729287072,2109
2268,241.83248836150182,-241.83248836150182,2110
2269,241.8285232396371,-241.8285232396371,2111
2270,241.92498802086894,-241.92498802086894,2112
2271,241.93763353118777,-241.93763353118777,2113
2272,241.9827562807029,-241.9827562807029,2114
2273,242.01334263624818,-242.01334263624818,2115
2274,242.05847935510243,-242.05847935510243,2116
2275,242.11817345935322,-242.11817345935322,2117
2276,242.17579154820453,-242.17579154820453,2118
2277,242.2360097949436,-242.2360097949436,2119
2278,242.3024554498629,-242.3024554498629,2120
2279,242.37459714803532,-242.37459714803532,2121
2280,242.42491660856118,-242.42491660856118,2122
2281,242.45548127762157,-242.45548127762157,2123
2282,242.47046081402044,-242.47046081402044,2124
2283,242.48126491311973,-242.48126491311973,2125
2284,242.49467153649186,-242.49467153649186,2126
2285,242.5029394813377,-242.5029394813377,2127
2286,242.5148575868507,-242.5148575868507,2128
2287,242.52364963328074,-242.52364963328074,2129
2288,242.54558503568902,-242.54558503568902,2130
2289,242.54495070723428,-242.54495070723428,2131
2290,242.53841304343305,-242.53841304343305,2132
2291,242.53126559688044,-242.53126559688044,2133
2292,242.51801208702182,-242.51801208702182,2134
2293,242.5075467481354,-242.5075467481354,2135
2294,242.49925539708795,-242.49925539708795,2136
2295,242.51293916985597,-242.51293916985597,2137
2296,242.5039557981075,-242.5039557981075,2138
2297,242.49743875217254,-242.49743875217254,2139
2298,242.53112913322482,-242.53112913322482,2140
2299,242.58354362542596,-242.58354362542596,2141
2300,242.62038793097827,-242.62038793097827,2142
2301,242.67437247153686,-242.67437247153686,2143
2302,242.7304274651903,-242.7304274651903,2144
2303,242.77035851330223,-242.77035851330223,2145
2304,242.80508648842115,-242.80508648842115,2146
2305,242.82422561608382,-242.82422561608382,2147
2306,242.835564825174,-242.835564825174,2148
2307,242.84484669845986,-242.84484669845986,2149
2308,242.85464334379037,-242.85464334379037,2150
2309,242.86658786404587,-242.86658786404587,2151
2310,242.87538050159534,-242.87538050159534,2152
2311,242.87551782834637,-242.87551782834637,2153
2312,242.87373392010656,-242.87373392010656,2154
2313,242.87543981346724,-242.87543981346724,2155
2314,242.85369192235436,-242.85369192235436,2156
2315,242.8366335603804,-242.8366335603804,2157
2316,242.81869044953058,-242.81869044953058,2158
2317,242.80172900837152,-242.80172900837152,2159
2318,242.78456292496512,-242.78456292496512,2160
2319,242.76737243621966,-242.76737243621966,2161
2320,242.7596036958065,-242.7596036958065,2162
2321,242.7544232326992,-242.7544232326992,2163
2322,242.74983430187956,-242.74983430187956,2164
2323,242.76068229759164,-242.76068229759164,2165
2324,242.77568372054074,-242.77568372054074,2166
2325,242.8940885561489,-242.8940885561489,2167
2326,242.92518780732993,-242.92518780732993,2168
2327,242.9812215357142,-242.9812215357142,2169
2328,243.11259178153682,-243.11259178153682,2170
2329,243.15095199398934,-243.15095199398934,2171
2330,243.16230842709544,-243.16230842709544,2172
2331,243.17626554700294,-243.17626554700294,2173
2332,243.18763808076793,-243.18763808076793,2174
2333,243.19801063065484,-243.19801063065484,2175
2334,243.20996845033864,-243.20996845033864,2176
2335,243.21979644441888,-243.21979644441888,2177
2336,243.2198239282669,-243.2198239282669,2178
2337,243.2707584724071,-243.2707584724071,2179
2338,243.2491003074979,-243.2491003074979,2180
2339,243.498498176969,-243.498498176969,2181
2340,243.460035900456,-243.460035900456,2182
2341,243.44319214927043,-243.44319214927043,2183
2342,243.41857064384868,-243.41857064384868,2184
2343,243.39085980055177,-243.39085980055177,2185
2344,243.39606380490864,-243.39606380490864,2186
2345,243.39043051495025,-243.39043051495025,2187
2346,243.41632321901704,-243.41632321901704,2188
2347,243.43023194817417,-243.43023194817417,2189
2348,243.45146280221985,-243.45146280221985,2190
2349,243.5231723057242,-243.5231723057242,2191
2350,243.56467831807277,-243.56467831807277,2192
2351,243.61293835919003,-243.61293835919003,2193
2352,243.6346806834925,-243.6346806834925,2194
2353,243.67356149908346,-243.67356149908346,2195
2354,243.68698135290808,-243.68698135290808,2196
2355,243.70353969239753,-243.70353969239753,2197
2356,243.71437785250384,-243.71437785250384,2198
2357,243.7231959196096,-243.7231959196096,2199
2358,243.7320218846397,-243.7320218846397,2200
2359,243.74024282083622,-243.74024282083622,2201
2360,243.864537767385,-243.864537767385,2202
2361,244.63752530074785,-244.63752530074785,2203
2362,245.28512694222002,-245.28512694222002,2204
2363,245.5801220622124,-245.5801220622124,2205
2364,245.70478487440332,-245.70478487440332,2206
2365,245.71929944310048,-245.71929944310048,2207
2366,245.71422331616247,-245.71422331616247,2208
2367,245.7121547837655,-245.7121547837655,2209
2368,245.72756133703643,-245.72756133703643,2210
2369,245.77123960047652,-245.77123960047652,2211
2370,245.8652274365689,-245.8652274365689,2212
2371,245.91295129688885,-245.91295129688885,2213
2372,245.95342363063895,-245.95342363063895,2214
2373,246.01153440478694,-246.01153440478694,2215
2374,246.07018835195262,-246.07018835195262,2216
2375,246.14180552447596,-246.14180552447596,2217
2376,246.18121708644884,-246.18121708644884,2218
2377,246.2284124653634,-246.2284124653634,2219
2378,246.24495071964787,-246.24495071964787,2220
2379,246.257822232869,-246.257822232869,2221
2380,246.27260453646443,-246.27260453646443,2222
2381,246.28107836344742,-246.28107836344742,2223
2382,246.29481289184812,-246.29481289184812,2224
2383,246.30431358931995,-246.30431358931995,2225
2384,246.3402094808633,-246.3402094808633,2226
2385,247.10748972294178,-247.10748972294178,2227
2386,247.97292734242964,-247.97292734242964,2228
2387,248.22761910377582,-248.22761910377582,2229
2388,248.25749357046809,-248.25749357046809,2230
2389,248.24849486967182,-248.24849486967182,2231
2390,248.52879596266106,-248.52879596266106,2232
2391,249.21822457242783,-249.21822457242783,2233
2392,249.30710509061817,-249.30710509061817,2234
2393,249.3024494011388,-249.3024494011388,2235
2394,249.3145790475752,-249.3145790475752,2236
2395,249.38932900904973,-249.38932900904973,2237
2396,249.44487689337018,-249.44487689337018,2238
2397,249.54301060457328,-249.54301060457328,2239
2398,249.6515575337694,-249.6515575337694,2240
2399,249.70499490160626,-249.70499490160626,2241
2400,249.74544326836886,-249.74544326836886,2242
2401,249.77757333212796,-249.77757333212796,2243
2402,249.79306962169846,-249.79306962169846,2244
2403,249.80701835989976,-249.80701835989976,2245
2404,249.81974560308467,-249.81974560308467,2246
2405,249.8286882811285,-249.8286882811285,2247
2406,249.8403385108316,-249.8403385108316,2248
2407,249.86558289456352,-249.86558289456352,2249
2408,249.93705372985562,-249.93705372985562,2250
2409,250.06710216077175,-250.06710216077175,2251
2410,250.0625807867517,-250.0625807867517,2252
2411,250.05610341689595,-250.05610341689595,2253
2412,250.04779832558535,-250.04779832558535,2254
2413,250.02987833892416,-250.02987833892416,2255
2414,250.02635826935295,-250.02635826935295,2256
2415,250.01757911264954,-250.01757911264954,2257
2416,250.07896295115182,-250.07896295115182,2258
2417,250.09131482905664,-250.09131482905664,2259
2418,250.09649293856015,-250.09649293856015,2260
2419,250.13855761276326,-250.13855761276326,2261
2420,250.20085705728346,-250.20085705728346,2262
2421,250.26731411747315,-250.26731411747315,2263
2422,250.33271807712472,-250.33271807712472,2264
2423,250.39083217981351,-250.39083217981351,2265
2424,250.42764134168888,-250.42764134168888,2266
2425,250.45613275664968,-250.45613275664968,2267
2426,250.47006792019096,-250.47006792019096,2268
2427,250.4798319720055,-250.4798319720055,2269
2428,250.48905679615385,-250.48905679615385,2270
2429,250.49941256357366,-250.49941256357366,2271
2430,250.51141960698882,-250.51141960698882,2272
2431,250.53826688842304,-250.53826688842304,2273
2432,250.56698475437742,-250.56698475437742,2274
2433,250.8926420809955,-250.8926420809955,2275
2434,251.7493434164192,-251.7493434164192,2276
2435,252.84327632826012,-252.84327632826012,2277
2436,253.93046826686407,-253.93046826686407,2278
2437,254.6982465579369,-254.6982465579369,2279
2438,254.74784887507036,-254.74784887507036,2280
2439,254.73419662640626,-254.73419662640626,2281
2440,254.74898175787965,-254.74898175787965,2282
2441,254.79100332576027,-254.79100332576027,2283
2442,254.82107149781686,-254.82107149781686,2284
2443,254.87765087356135,-254.87765087356135,2285
2444,254.9279991983729,-254.9279991983729,2286
2445,254.9559939345126,-254.9559939345126,2287
2446,255.00528997111888,-255.00528997111888,2288
2447,255.1668042928593,-255.1668042928593,2289
2448,255.2212763639658,-255.2212763639658,2290
2449,255.25651884353505,-255.25651884353505,2291
2450,255.2678551083118,-255.2678551083118,2292
2451,255.28388473835702,-255.28388473835702,2293
2452,255.2920531888702,-255.2920531888702,2294
2453,255.30317952330293,-255.30317952330293,2295
2454,255.31165832343245,-255.31165832343245,2296
2455,255.31828320487185,-255.31828320487185,2297
2456,255.35199229459238,-255.35199229459238,2298
2457,255.3538602315408,-255.3538602315408,2299
2458,255.34994115436533,-255.34994115436533,2300
2459,255.32986720938254,-255.32986720938254,2301
2460,255.3023514401692,-255.3023514401692,2302
2461,255.2709401962987,-255.2709401962987,2303
2462,255.2547201110812,-255.2547201110812,2304
2463,255.22806394489814,-255.22806394489814,2305
2464,255.22187449729023,-255.22187449729023,2306
2465,255.2199875308694,-255.2199875308694,2307
2466,255.2182881251598,-255.2182881251598,2308
2467,255.25870822194256,-255.25870822194256,2309
2468,255.2867858578453,-255.2867858578453,2310
2469,255.32257998728312,-255.32257998728312,2311
2470,255.39528725455037,-255.39528725455037,2312
2471,255.45444094310008,-255.45444094310008,2313
2472,255.49229284754446,-255.49229284754446,2314
2473,255.51610280403816,-255.51610280403816,2315
2474,255.52588882077845,-255.52588882077845,2316
2475,255.5372234758101,-255.5372234758101,2317
2476,255.54856940062618,-255.54856940062618,2318
2477,255.55791902292907,-255.55791902292907,2319
2478,255.57089602066685,-255.57089602066685,2320
2479,255.57980453376996,-255.57980453376996,2321
2480,255.57785552011174,-255.57785552011174,2322
2481,255.5714864138278,-255.5714864138278,2323
2482,255.61755942181483,-255.61755942181483,2324
2483,255.58475610999162,-255.58475610999162,2325
2484,255.5519500514549,-255.5519500514549,2326
2485,255.51805270130575,-255.51805270130575,2327
2486,255.49839745614565,-255.49839745614565,2328
2487,255.48090612715214,-255.48090612715214,2329
2488,255.50217924387732,-255.50217924387732,2330
2489,255.56740807921202,-255.56740807921202,2331
2490,255.56729738454777,-255.56729738454777,2332
2491,255.57711126073107,-255.57711126073107,2333
2492,255.59316044033167,-255.59316044033167,2334
2493,255.60713136045507,-255.60713136045507,2335
2494,255.62992528175445,-255.62992528175445,2336
2495,255.65530086575134,-255.65530086575134,2337
2496,255.6822339836161,-255.6822339836161,2338
2497,255.70812427763093,-255.70812427763093,2339
2498,255.7205033929513,-255.7205033929513,2340
2499,255.7292764223094,-255.7292764223094,2341
2500,255.74117431242254,-255.74117431242254,2342
2501,255.7572526958738,-255.7572526958738,2343
2502,255.76555213740778,-255.76555213740778,2344
2503,255.7906486087496,-255.7906486087496,2345
2504,255.7980454297758,-255.7980454297758,2346
2505,255.78762085256932,-255.78762085256932,2347
2506,255.76761076077435,-255.76761076077435,2348
2507,256.13635210709435,-256.13635210709435,2349
2508,256.60749919905464,-256.60749919905464,2350
2509,257.1566192446085,-257.1566192446085,2351
2510,257.66562530391633,-257.66562530391633,2352
2511,257.78475192164893,-257.78475192164893,2353
2512,257.7784487477846,-257.7784487477846,2354
2513,257.77277421376624,-257.77277421376624,2355
2514,257.7685856340299,-257.7685856340299,2356
2515,257.79343861626256,-257.79343861626256,2357
2516,257.8276455402583,-257.8276455402583,2358
2517,257.85822245260454,-257.85822245260454,2359
2518,257.89451980570595,-257.89451980570595,2360
2519,257.9126210619847,-257.9126210619847,2361
2520,257.94214885339886,-257.94214885339886,2362
2521,257.968039267495,-257.968039267495,2363
2522,257.9819796627824,-257.9819796627824,2364
2523,257.99853332421486,-257.99853332421486,2365
2524,258.0073255440346,-258.0073255440346,2366
2525,258.0167047124213,-258.0167047124213,2367
2526,258.02540182397655,-258.02540182397655,2368
2527,258.03394214802984,-258.03394214802984,2369
2528,258.02872618898925,-258.02872618898925,2370
2529,258.01752134876557,-258.01752134876557,2371
2530,257.991372937291,-257.991372937291,2372
2531,257.95552038016683,-257.95552038016683,2373
2532,257.92007921497407,-257.92007921497407,2374
2533,258.5939248242653,-258.5939248242653,2375
2534,258.80302590615156,-258.80302590615156,2376
2535,259.4182781751736,-259.4182781751736,2377
2536,259.90265526278404,-259.90265526278404,2378
2537,259.89996271888424,-259.89996271888424,2379
2538,259.89741585040076,-259.89741585040076,2380
2539,259.9238442655787,-259.9238442655787,2381
2540,259.9518128012884,-259.9518128012884,2382
2541,259.97927729932627,-259.97927729932627,2383
2542,260.02544298494195,-260.02544298494195,2384
2543,260.0497796607093,-260.0497796607093,2385
2544,260.0756789628787,-260.0756789628787,2386
2545,260.09897117647023,-260.09897117647023,2387
2546,260.10979430853274,-260.10979430853274,2388
2547,260.11960354255274,-260.11960354255274,2389
2548,260.1320361730546,-260.1320361730546,2390
2549,260.1408791751776,-260.1408791751776,2391
2550,260.15338728804073,-260.15338728804073,2392
2551,260.16274719516065,-260.16274719516065,2393
2552,260.1570428158137,-260.1570428158137,2394
2553,260.1439271773906,-260.1439271773906,2395
2554,260.2691385124368,-260.2691385124368,2396
2555,260.8221397316468,-260.8221397316468,2397
2556,261.25690872939657,-261.25690872939657,2398
2557,261.34193828361066,-261.34193828361066,2399
2558,261.3155625895608,-261.3155625895608,2400
2559,261.28692662852217,-261.28692662852217,2401
2560,261.27427367492277,-261.27427367492277,2402
2561,261.26503356111004,-261.26503356111004,2403
2562,261.25975475739824,-261.25975475739824,2404
2563,261.27631616140854,-261.27631616140854,2405
2564,261.2975357862146,-261.2975357862146,2406
2565,261.32032451794197,-261.32032451794197,2407
2566,261.34882592990544,-261.34882592990544,2408
2567,261.37212135012135,-261.37212135012135,2409
2568,261.39333738189515,-261.39333738189515,2410
2569,261.4202683175571,-261.4202683175571,2411
2570,261.43680349610764,-261.43680349610764,2412
2571,261.44973459087316,-261.44973459087316,2413
2572,261.46632600847613,-261.46632600847613,2414
2573,261.4745803572017,-261.4745803572017,2415
2574,261.48264375828325,-261.48264375828325,2416
2575,261.4938624392791,-261.4938624392791,2417
2576,261.4916988886734,-261.4916988886734,2418
2577,261.4878074627641,-261.4878074627641,2419
2578,261.4702635027333,-261.4702635027333,2420
2579,261.4564768390698,-261.4564768390698,2421
2580,261.4354374891299,-261.4354374891299,2422
2581,261.3928945644962,-261.3928945644962,2423
2582,261.35754129971195,-261.35754129971195,2424
2583,261.3238997783859,-261.3238997783859,2425
2584,261.3036068283149,-261.3036068283149,2426
2585,261.2895773395477,-261.2895773395477,2427
2586,261.2850695853245,-261.2850695853245,2428
2587,261.2953813488145,-261.2953813488145,2429
2588,261.3166001758374,-261.3166001758374,2430
2589,261.33262361496054,-261.33262361496054,2431
2590,261.3554094430232,-261.3554094430232,2432
2591,261.3839022390507,-261.3839022390507,2433
2592,261.40719868485684,-261.40719868485684,2434
2593,261.4175080874276,-261.4175080874276,2435
2594,261.4309266292861,-261.4309266292861,2436
2595,261.4402076861306,-261.4402076861306,2437
2596,261.4531307989092,-261.4531307989092,2438
2597,261.4640232806929,-261.4640232806929,2439
2598,261.47229510749287,-261.47229510749287,2440
2599,261.48473543262696,-261.48473543262696,2441
2600,261.4794101299436,-261.4794101299436,2442
2601,261.4651686877969,-261.4651686877969,2443
2602,261.43535270372826,-261.43535270372826,2444
2603,261.39866767311025,-261.39866767311025,2445
2604,261.3656792804666,-261.3656792804666,2446
2605,261.3316748437778,-261.3316748437778,2447
2606,261.30458114686064,-261.30458114686064,2448
2607,261.28021204094347,-261.28021204094347,2449
2608,261.26788747825486,-261.26788747825486,2450
2609,261.2583983658409,-261.2583983658409,2451
2610,261.2527119073289,-261.2527119073289,2452
2611,261.27029151577545,-261.27029151577545,2453
2612,261.2883990454762,-261.2883990454762,2454
2613,261.3054679684962,-261.3054679684962,2455
2614,261.3313610430154,-261.3313610430154,2456
2615,261.3588152433606,-261.3588152433606,2457
2616,261.379507221838,-261.379507221838,2458
2617,261.3996848973237,-261.3996848973237,2459
2618,261.4131045281849,-261.4131045281849,2460
2619,261.4249956576164,-261.4249956576164,2461
2620,261.43639321454145,-261.43639321454145,2462
2621,261.4447375640498,-261.4447375640498,2463
2622,261.45514963585066,-261.45514963585066,2464
2623,261.45323195031244,-261.45323195031244,2465
2624,261.4467800637664,-261.4467800637664,2466
2625,261.43682243907455,-261.43682243907455,2467
2626,261.43497510695295,-261.43497510695295,2468
2627,262.03279073910016,-262.03279073910016,2469
2628,262.5124089427684,-262.5124089427684,2470
2629,262.61484682200825,-262.61484682200825,2471
2630,262.6033757765638,-262.6033757765638,2472
2631,262.66499244674395,-262.66499244674395,2473
2632,262.9099713194494,-262.9099713194494,2474
2633,262.8996156914847,-262.8996156914847,2475
2634,262.89282025773366,-262.89282025773366,2476
2635,262.9088439677458,-262.9088439677458,2477
2636,262.9253901319101,-262.9253901319101,2478
2637,262.93933692983614,-262.93933692983614,2479
2638,262.96160012853875,-262.96160012853875,2480
2639,262.9864547357293,-262.9864547357293,2481
2640,263.0118289230393,-263.0118289230393,2482
2641,263.0382408330237,-263.0382408330237,2483
2642,263.05115709653785,-263.05115709653785,2484
2643,263.0609677820182,-263.0609677820182,2485
2644,263.0707933790073,-263.0707933790073,2486
2645,263.08213722229067,-263.08213722229067,2487
2646,263.09231515428706,-263.09231515428706,2488
2647,263.1080618438751,-263.1080618438751,2489
2648,263.1683777400083,-263.1683777400083,2490
2649,263.1549030224156,-263.1549030224156,2491
2650,263.1277496312448,-263.1277496312448,2492
2651,263.09722368937656,-263.09722368937656,2493
2652,263.0760462553695,-263.0760462553695,2494
2653,263.91811795741637,-263.91811795741637,2495
2654,264.12991160737016,-264.12991160737016,2496
2655,264.1205901259169,-264.1205901259169,2497
2656,264.1085221456886,-264.1085221456886,2498
2657,264.1001159146752,-264.1001159146752,2499
2658,264.0917254034491,-264.0917254034491,2500
2659,264.1041081355165,-264.1041081355165,2501
2660,264.1196092737406,-264.1196092737406,2502
2661,264.13563561884826,-264.13563561884826,2503
2662,264.1662174507147,-264.1662174507147,2504
2663,264.18847576295946,-264.18847576295946,2505
2664,264.2112512798651,-264.2112512798651,2506
2665,264.2272687702086,-264.2272687702086,2507
2666,264.2375698303423,-264.2375698303423,2508
2667,264.2489154621399,-264.2489154621399,2509
2668,264.2649668438956,-264.2649668438956,2510
2669,264.27441409106535,-264.27441409106535,2511
2670,264.2848135342411,-264.2848135342411,2512
2671,264.3833381146842,-264.3833381146842,2513
2672,264.3767822646897,-264.3767822646897,2514
2673,264.3686771699574,-264.3686771699574,2515
2674,264.3507743797111,-264.3507743797111,2516
2675,264.33767353934223,-264.33767353934223,2517
2676,264.579273303501,-264.579273303501,2518
2677,265.2469552877399,-265.2469552877399,2519
2678,265.78893485697796,-265.78893485697796,2520
2679,265.88181313410803,-265.88181313410803,2521
2680,265.8638736266318,-265.8638736266318,2522
2681,265.85391265802116,-265.85391265802116,2523
2682,265.85131002936356,-265.85131002936356,2524
2683,265.8834456247219,-265.8834456247219,2525
2684,265.89790914421894,-265.89790914421894,2526
2685,265.9175765058285,-265.9175765058285,2527
2686,265.93879695056893,-265.93879695056893,2528
2687,265.9761191872128,-265.9761191872128,2529
2688,265.9988921028944,-265.9988921028944,2530
2689,266.019590891272,-266.019590891272,2531
2690,266.0309221064533,-266.0309221064533,2532
2691,266.0412191957944,-266.0412191957944,2533
2692,266.0547733581403,-266.0547733581403,2534
2693,266.06668750330056,-266.06668750330056,2535
2694,266.07705326429834,-266.07705326429834,2536
2695,266.10236473251825,-266.10236473251825,2537
2696,266.0947607715569,-266.0947607715569,2538
2697,266.08031324649704,-266.08031324649704,2539
2698,266.0554249463738,-266.0554249463738,2540
2699,266.02095640185416,-266.02095640185416,2541
2700,265.9804085309751,-265.9804085309751,2542
2701,266.6387967354824,-266.6387967354824,2543
2702,266.81234485792066,-266.81234485792066,2544
2703,267.47164702316996,-267.47164702316996,2545
2704,267.9085416279848,-267.9085416279848,2546
2705,267.93263909457954,-267.93263909457954,2547
2706,267.9309713087478,-267.9309713087478,2548
2707,268.0238876187313,-268.0238876187313,2549
2708,268.0653827223283,-268.0653827223283,2550
2709,268.120897984971,-268.120897984971,2551
2710,268.17537994272175,-268.17537994272175,2552
2711,268.2277721663187,-268.2277721663187,2553
2712,268.2541829238489,-268.2541829238489,2554
2713,268.2681243708197,-268.2681243708197,2555
2714,268.2784235158729,-268.2784235158729,2556
2715,268.28823687547003,-268.28823687547003,2557
2716,268.29861005173836,-268.29861005173836,2558
2717,268.3079738746492,-268.3079738746492,2559
2718,268.31682558393123,-268.31682558393123,2560
2719,268.32673314711377,-268.32673314711377,2561
2720,268.3274468572016,-268.3274468572016,2562
2721,268.3275408704811,-268.3275408704811,2563
2722,268.5153813771525,-268.5153813771525,2564
2723,269.14559930019067,-269.14559930019067,2565
2724,269.62463916838766,-269.62463916838766,2566
2725,269.69507393463664,-269.69507393463664,2567
2726,269.66819928931056,-269.66819928931056,2568
2727,269.63805258903704,-269.63805258903704,2569
2728,269.6281806863284,-269.6281806863284,2570
2729,269.61869974200766,-269.61869974200766,2571
2730,269.6155236507973,-269.6155236507973,2572
2731,269.6253303982369,-269.6253303982369,2573
2732,269.6606107487713,-269.6606107487713,2574
2733,269.6917177082092,-269.6917177082092,2575
2734,269.7363258664575,-269.7363258664575,2576
2735,269.7897584925268,-269.7897584925268,2577
2736,269.84266858171395,-269.84266858171395,2578
2737,269.883108199927,-269.883108199927,2579
2738,269.90536074920396,-269.90536074920396,2580
2739,269.9161954068589,-269.9161954068589,2581
2740,269.9259890972118,-269.9259890972118,2582
2741,269.9347286145432,-269.9347286145432,2583
2742,269.94485359252377,-269.94485359252377,2584
2743,269.9539960848844,-269.9539960848844,2585
2744,269.94710044333954,-269.94710044333954,2586
2745,269.93552675007504,-269.93552675007504,2587
2746,269.90747053664086,-269.90747053664086,2588
2747,269.8746902129194,-269.8746902129194,2589
2748,269.8358522276505,-269.8358522276505,2590
2749,269.7992109399447,-269.7992109399447,2591
2750,269.7733769006856,-269.7733769006856,2592
2751,269.7489913129623,-269.7489913129623,2593
2752,269.7338385419843,-269.7338385419843,2594
2753,269.7264050970507,-269.7264050970507,2595
2754,269.7210874325185,-269.7210874325185,2596
2755,269.7859556016114,-269.7859556016114,2597
2756,269.8430389332396,-269.8430389332396,2598
2757,269.8642813768984,-269.8642813768984,2599
2758,269.89955355986643,-269.89955355986643,2600
2759,269.9504031320485,-269.9504031320485,2601
2760,269.98981048041526,-269.98981048041526,2602
2761,270.01102704177754,-270.01102704177754,2603
2762,270.02444557994056,-270.02444557994056,2604
2763,270.03686068634624,-270.03686068634624,2605
2764,270.0472100095277,-270.0472100095277,2606
2765,270.05606026060576,-270.05606026060576,2607
2766,270.06594379668667,-270.06594379668667,2608
2767,270.0641438608109,-270.0641438608109,2609
2768,270.07712123233773,-270.07712123233773,2610
2769,270.1309922494922,-270.1309922494922,2611
2770,270.1116201911588,-270.1116201911588,2612
2771,270.0913478868709,-270.0913478868709,2613
2772,270.0700062832501,-270.0700062832501,2614
2773,270.0348109061338,-270.0348109061338,2615
2774,270.0097508540682,-270.0097508540682,2616
2775,269.9882219358171,-269.9882219358171,2617
2776,269.9729601718178,-269.9729601718178,2618
2777,269.96188765715925,-269.96188765715925,2619
2778,269.981389980277,-269.981389980277,2620
2779,270.060809289617,-270.060809289617,2621
2780,270.0856825409809,-270.0856825409809,2622
2781,270.1240667991046,-270.1240667991046,2623
2782,270.17543300220143,-270.17543300220143,2624
2783,270.2153608023917,-270.2153608023917,2625
2784,270.2428142763068,-270.2428142763068,2626
2785,270.2551957629628,-270.2551957629628,2627
2786,270.2701893630854,-270.2701893630854,2628
2787,270.2851642621439,-270.2851642621439,2629
2788,270.2985863942526,-270.2985863942526,2630
2789,270.3087903513279,-270.3087903513279,2631
2790,270.31715370430965,-270.31715370430965,2632
2791,270.3259665088532,-270.3259665088532,2633
2792,270.31890011162926,-270.31890011162926,2634
2793,270.3071125973414,-270.3071125973414,2635
2794,270.29247292783816,-270.29247292783816,2636
2795,270.2806125889647,-270.2806125889647,2637
2796,270.8972359583959,-270.8972359583959,2638
2797,271.6547433491795,-271.6547433491795,2639
2798,272.0796862910194,-272.0796862910194,2640
2799,272.1434942851703,-272.1434942851703,2641
2800,272.13395103509845,-272.13395103509845,2642
2801,272.12900660109864,-272.12900660109864,2643
2802,272.12747275075685,-272.12747275075685,2644
2803,272.15494361202934,-272.15494361202934,2645
2804,272.17670008314155,-272.17670008314155,2646
2805,272.23846312139614,-272.23846312139614,2647
2806,272.29241709647107,-272.29241709647107,2648
2807,272.3385772525356,-272.3385772525356,2649
2808,272.3784998335535,-272.3784998335535,2650
2809,272.3872470129074,-272.3872470129074,2651
2810,272.40118814423806,-272.40118814423806,2652
2811,272.41100543293646,-272.41100543293646,2653
2812,272.42551057259703,-272.42551057259703,2654
2813,272.43742561574373,-272.43742561574373,2655
2814,272.44930999454164,-272.44930999454164,2656
2815,272.4775496299804,-272.4775496299804,2657
2816,272.4755103839277,-272.4755103839277,2658
2817,272.46635542011074,-272.46635542011074,2659
2818,272.4411489544428,-272.4411489544428,2660
2819,272.4099276893662,-272.4099276893662,2661
2820,272.3759353847387,-272.3759353847387,2662
2821,272.3481324202354,-272.3481324202354,2663
2822,272.32058349965405,-272.32058349965405,2664
2823,272.29162644031624,-272.29162644031624,2665
2824,272.2753002291748,-272.2753002291748,2666
2825,272.2663651902157,-272.2663651902157,2667
2826,272.26579735912384,-272.26579735912384,2668
2827,272.3041749459235,-272.3041749459235,2669
2828,272.34620364795626,-272.34620364795626,2670
2829,272.373685526534,-272.373685526534,2671
2830,272.46608978755324,-272.46608978755324,2672
2831,272.52524346588564,-272.52524346588564,2673
2832,272.5739934088916,-272.5739934088916,2674
2833,272.592092782439,-272.592092782439,2675
2834,272.6070772490417,-272.6070772490417,2676
2835,272.6184304001979,-272.6184304001979,2677
2836,272.630361950335,-272.630361950335,2678
2837,272.6386911090805,-272.6386911090805,2679
2838,272.6506712663619,-272.6506712663619,2680
2839,272.66004851037627,-272.66004851037627,2681
2840,272.65352106700396,-272.65352106700396,2682
2841,273.11094480177746,-273.11094480177746,2683
2842,273.0976583642751,-273.0976583642751,2684
2843,273.07346554225836,-273.07346554225836,2685
2844,273.04896253325404,-273.04896253325404,2686
2845,273.04160646050974,-273.04160646050974,2687
2846,273.0257800611096,-273.0257800611096,2688
2847,273.00428952348256,-273.00428952348256,2689
2848,272.9967654817581,-272.9967654817581,2690
2849,272.9937010306063,-272.9937010306063,2691
2850,272.98971792032023,-272.98971792032023,2692
2851,273.02137229806135,-273.02137229806135,2693
2852,273.0504064721596,-273.0504064721596,2694
2853,273.07945996982914,-273.07945996982914,2695
2854,273.12614885440973,-273.12614885440973,2696
2855,273.17751106345304,-273.17751106345304,2697
2856,273.2148348450334,-273.2148348450334,2698
2857,273.23605111723606,-273.23605111723606,2699
2858,273.2489493729438,-273.2489493729438,2700
2859,273.2603282851465,-273.2603282851465,2701
2860,273.27107051581146,-273.27107051581146,2702
2861,273.2802579659242,-273.2802579659242,2703
2862,273.29063217532797,-273.29063217532797,2704
2863,273.3025351628487,-273.3025351628487,2705
2864,273.3016238745575,-273.3016238745575,2706
2865,273.30669570790053,-273.30669570790053,2707
2866,273.3010773074081,-273.3010773074081,2708
2867,273.28869230866087,-273.28869230866087,2709
2868,273.2718688041762,-273.2718688041762,2710
2869,273.2380072172903,-273.2380072172903,2711
2870,273.2117574668637,-273.2117574668637,2712
2871,273.18245367894264,-273.18245367894264,2713
2872,273.1675423681791,-273.1675423681791,2714
2873,273.1594523783863,-273.1594523783863,2715
2874,273.1595144529776,-273.1595144529776,2716
2875,273.18957440507546,-273.18957440507546,2717
2876,273.2612142182265,-273.2612142182265,2718
2877,273.30011943945806,-273.30011943945806,2719
2878,273.33174179143504,-273.33174179143504,2720
2879,273.3794627436377,-273.3794627436377,2721
2880,273.41730719199796,-273.41730719199796,2722
2881,273.45307126722093,-273.45307126722093,2723
2882,273.468568255694,-273.468568255694,2724
2883,273.47680876517205,-273.47680876517205,2725
2884,273.4907607777181,-273.4907607777181,2726
2885,273.5016308016407,-273.5016308016407,2727
2886,273.51354575691465,-273.51354575691465,2728
2887,273.5384871089927,-273.5384871089927,2729
2888,273.5353839302709,-273.5353839302709,2730
2889,273.5256307895392,-273.5256307895392,2731
2890,273.5019181920751,-273.5019181920751,2732
2891,273.4733795690495,-273.4733795690495,2733
2892,273.43853134619525,-273.43853134619525,2734
2893,273.43296623683364,-273.43296623683364,2735
2894,273.3976029618479,-273.3976029618479,2736
2895,273.3671018721849,-273.3671018721849,2737
2896,273.3713262919595,-273.3713262919595,2738
2897,273.36572222869944,-273.36572222869944,2739
2898,273.36549648364377,-273.36549648364377,2740
2899,273.4324467478974,-273.4324467478974,2741
2900,273.46978903691064,-273.46978903691064,2742
2901,273.52167566696454,-273.52167566696454,2743
2902,273.5746123953392,-273.5746123953392,2744
2903,273.6166198265831,-273.6166198265831,2745
2904,273.66225761045183,-273.66225761045183,2746
2905,273.6891904218624,-273.6891904218624,2747
2906,273.70260549062226,-273.70260549062226,2748
2907,273.7176115525498,-273.7176115525498,2749
2908,273.7326452334525,-273.7326452334525,2750
2909,273.74097876509,-273.74097876509,2751
2910,273.7513789302921,-273.7513789302921,2752
2911,273.7659536195026,-273.7659536195026,2753
2912,273.7645691011473,-273.7645691011473,2754
2913,273.7544919380085,-273.7544919380085,2755
2914,274.022380730063,-274.022380730063,2756
2915,274.6895827284924,-274.6895827284924,2757
2916,274.6651945330453,-274.6651945330453,2758
2917,275.0474099930018,-275.0474099930018,2759
2918,275.0585041055245,-275.0585041055245,2760
2919,275.0322551052943,-275.0322551052943,2761
2920,275.0222758993204,-275.0222758993204,2762
2921,275.0154779325328,-275.0154779325328,2763
2922,275.0176804970716,-275.0176804970716,2764
2923,275.0545026273525,-275.0545026273525,2765
2924,275.0980776616976,-275.0980776616976,2766
2925,275.1302346116636,-275.1302346116636,2767
2926,275.1743284150751,-275.1743284150751,2768
2927,275.2303629983298,-275.2303629983298,2769
2928,275.26249481077195,-275.26249481077195,2770
2929,275.27903687356815,-275.27903687356815,2771
2930,275.29401351888276,-275.29401351888276,2772
2931,275.3053822971742,-275.3053822971742,2773
2932,275.32040726833577,-275.32040726833577,2774
2933,275.3296797121208,-275.3296797121208,2775
2934,275.3387315140969,-275.3387315140969,2776
2935,275.35284908040603,-275.35284908040603,2777
2936,275.45753283515813,-275.45753283515813,2778
2937,275.69680106158967,-275.69680106158967,2779
2938,276.4185975263192,-276.4185975263192,2780
2939,276.5128880657809,-276.5128880657809,2781
2940,276.50830948481655,-276.50830948481655,2782
2941,276.48499450362874,-276.48499450362874,2783
2942,276.46704403259497,-276.46704403259497,2784
2943,276.4500924650556,-276.4500924650556,2785
2944,276.4659142364462,-276.4659142364462,2786
2945,276.4657078855483,-276.4657078855483,2787
2946,276.4727558620328,-276.4727558620328,2788
2947,276.50333676144436,-276.50333676144436,2789
2948,276.53497522549037,-276.53497522549037,2790
2949,276.5655627715562,-276.5655627715562,2791
2950,276.6075739958979,-276.6075739958979,2792
2951,276.64802006449656,-276.64802006449656,2793
2952,276.6853422231595,-276.6853422231595,2794
2953,276.7081199624212,-276.7081199624212,2795
2954,276.7241362552027,-276.7241362552027,2796
2955,276.736492290495,-276.736492290495,2797
2956,276.7467119192819,-276.7467119192819,2798
2957,276.75583325073853,-276.75583325073853,2799
2958,276.76489902322623,-276.76489902322623,2800
2959,276.76588008070104,-276.76588008070104,2801
2960,276.7650166834091,-276.7650166834091,2802
2961,276.76398289305723,-276.76398289305723,2803
2962,276.738827159691,-276.738827159691,2804
2963,276.7084934545346,-276.7084934545346,2805
2964,276.66951149141426,-276.66951149141426,2806
2965,276.63600750110226,-276.63600750110226,2807
2966,276.61207130410264,-276.61207130410264,2808
2967,276.5936839220537,-276.5936839220537,2809
2968,276.5884813425104,-276.5884813425104,2810
2969,276.5899228481786,-276.5899228481786,2811
2970,276.5942047176848,-276.5942047176848,2812
2971,276.62478476012774,-276.62478476012774,2813
2972,276.6512108204381,-276.6512108204381,2814
2973,276.6989470164051,-276.6989470164051,2815
2974,276.75187024220554,-276.75187024220554,2816
2975,276.82349515216924,-276.82349515216924,2817
2976,276.87433077774295,-276.87433077774295,2818
2977,276.89918341147603,-276.89918341147603,2819
2978,276.9100180348525,-276.9100180348525,2820
2979,276.9213773066794,-276.9213773066794,2821
2980,276.93275283398634,-276.93275283398634,2822
2981,276.9452382819118,-276.9452382819118,2823
2982,276.95412654811423,-276.95412654811423,2824
2983,276.9671598378971,-276.9671598378971,2825
2984,277.0305638917282,-277.0305638917282,2826
2985,277.09701056150385,-277.09701056150385,2827
2986,277.1712760945125,-277.1712760945125,2828
2987,278.19281134033895,-278.19281134033895,2829
2988,278.62580819600817,-278.62580819600817,2830
2989,278.7388252927086,-278.7388252927086,2831
2990,278.8189739480769,-278.8189739480769,2832
2991,279.03068197561925,-279.03068197561925,2833
2992,279.8001812656635,-279.8001812656635,2834
2993,280.26557004407607,-280.26557004407607,2835
2994,280.3129891919618,-280.3129891919618,2836
2995,280.34408216909753,-280.34408216909753,2837
2996,280.373130634248,-280.373130634248,2838
2997,280.39230239344386,-280.39230239344386,2839
2998,280.4249719898898,-280.4249719898898,2840
2999,280.4690571780091,-280.4690571780091,2841
3000,280.5089800263583,-280.5089800263583,2842
3001,280.53383139502205,-280.53383139502205,2843
3002,280.54517410625897,-280.54517410625897,2844
3003,280.55961764567365,-280.55961764567365,2845
3004,280.57041104818234,-280.57041104818234,2846
3005,280.58021556726965,-280.58021556726965,2847
3006,280.59186687763867,-280.59186687763867,2848
3007,280.61634899482135,-280.61634899482135,2849
3008,280.6156341836602,-280.6156341836602,2850
3009,280.69403968452946,-280.69403968452946,2851
3010,280.68567180981165,-280.68567180981165,2852
3011,280.93177415941705,-280.93177415941705,2853
3012,280.91745449144065,-280.91745449144065,2854
3013,280.91760731806676,-280.91760731806676,2855
3014,280.954960224698,-280.954960224698,2856
3015,280.9502418081855,-280.9502418081855,2857
3016,281.30176083556387,-281.30176083556387,2858
3017,281.555383294482,-281.555383294482,2859
3018,281.5802298521697,-281.5802298521697,2860
3019,281.61911391376344,-281.61911391376344,2861
3020,281.66892099346563,-281.66892099346563,2862
3021,281.70470683506636,-281.70470683506636,2863
3022,281.7503590665412,-281.7503590665412,2864
3023,281.79859768311684,-281.79859768311684,2865
3024,281.8359256334959,-281.8359256334959,2866
3025,281.8571396060888,-281.8571396060888,2867
3026,281.87005096309474,-281.87005096309474,2868
3027,281.88140180486124,-281.88140180486124,2869
3028,281.89225574377156,-281.89225574377156,2870
3029,281.9015349926372,-281.9015349926372,2871
3030,281.9113790117665,-281.9113790117665,2872
3031,282.58793054531424,-282.58793054531424,2873
3032,283.0571758833084,-283.0571758833084,2874
3033,283.1006209066861,-283.1006209066861,2875
3034,283.1193477397103,-283.1193477397103,2876
3035,283.11838690729894,-283.11838690729894,2877
3036,283.11585006464776,-283.11585006464776,2878
3037,283.11019743108426,-283.11019743108426,2879
3038,283.1076254720587,-283.1076254720587,2880
3039,283.1001645167258,-283.1001645167258,2881
3040,283.0891457673428,-283.0891457673428,2882
3041,283.0821112913081,-283.0821112913081,2883
3042,283.0793846765234,-283.0793846765234,2884
3043,283.1094496279558,-283.1094496279558,2885
3044,283.1810885711941,-283.1810885711941,2886
3045,283.219993653034,-283.219993653034,2887
3046,283.25161525683495,-283.25161525683495,2888
3047,283.2993362090376,-283.2993362090376,2889
3048,283.33510223989924,-283.33510223989924,2890
3049,283.37606236407345,-283.37606236407345,2891
3050,283.40283824432584,-283.40283824432584,2892
3051,283.4128643929116,-283.4128643929116,2893
3052,283.423067535689,-283.423067535689,2894
3053,283.4335379660076,-283.4335379660076,2895
3054,283.4424789891527,-283.4424789891527,2896
3055,283.45711387447705,-283.45711387447705,2897
3056,283.45427671550567,-283.45427671550567,2898
3057,283.45395333318083,-283.45395333318083,2899
3058,283.4386545865752,-283.4386545865752,2900
3059,283.4063000046149,-283.4063000046149,2901
3060,283.366245009362,-283.366245009362,2902
3061,283.34887723300034,-283.34887723300034,2903
3062,283.5879030793401,-283.5879030793401,2904
3063,283.56067945813396,-283.56067945813396,2905
3064,283.5545770039194,-283.5545770039194,2906
3065,283.54764031107004,-283.54764031107004,2907
3066,283.5442652755512,-283.5442652755512,2908
3067,283.5691286179362,-283.5691286179362,2909
3068,283.59296061947157,-283.59296061947157,2910
3069,283.6874478692044,-283.6874478692044,2911
3070,283.7175223231309,-283.7175223231309,2912
3071,283.7403132766108,-283.7403132766108,2913
3072,283.7620532656013,-283.7620532656013,2914
3073,283.77235895098875,-283.77235895098875,2915
3074,283.7821407659552,-283.7821407659552,2916
3075,283.79870739975183,-283.79870739975183,2917
3076,283.8106036131027,-283.8106036131027,2918
3077,283.8210013531748,-283.8210013531748,2919
3078,283.8288455422502,-283.8288455422502,2920
3079,283.8333654952474,-283.8333654952474,2921
3080,283.82620162309206,-283.82620162309206,2922
3081,283.8162930084493,-283.8162930084493,2923
3082,283.79970982974027,-283.79970982974027,2924
3083,283.7891992514947,-283.7891992514947,2925
3084,283.77930252037123,-283.77930252037123,2926
3085,283.7572648131617,-283.7572648131617,2927
3086,283.74199346972097,-283.74199346972097,2928
3087,283.73848510684064,-283.73848510684064,2929
3088,283.77941504354277,-283.77941504354277,2930
3089,283.7736219870774,-283.7736219870774,2931
3090,283.7727606977122,-283.7727606977122,2932
3091,283.8137286191873,-283.8137286191873,2933
3092,283.88744768251286,-283.88744768251286,2934
3093,283.92478252873025,-283.92478252873025,2935
3094,283.97301644461265,-283.97301644461265,2936
3095,284.0238473068877,-284.0238473068877,2937
3096,284.0871532878842,-284.0871532878842,2938
3097,284.09901563410324,-284.09901563410324,2939
3098,284.10881254094653,-284.10881254094653,2940
3099,284.12381788382635,-284.12381788382635,2941
3100,284.1367744780433,-284.1367744780433,2942
3101,284.1471275205052,-284.1471275205052,2943
3102,284.15783377647415,-284.15783377647415,2944
3103,284.1546775256777,-284.1546775256777,2945
3104,284.15396067449797,-284.15396067449797,2946
3105,284.14938380248583,-284.14938380248583,2947
3106,284.13130871035423,-284.13130871035423,2948
3107,284.11232663910044,-284.11232663910044,2949
3108,284.1117528535478,-284.1117528535478,2950
3109,284.10569215664856,-284.10569215664856,2951
3110,284.09994384934345,-284.09994384934345,2952
3111,284.0950644399377,-284.0950644399377,2953
3112,284.08972804420927,-284.08972804420927,2954
3113,284.08907851279724,-284.08907851279724,2955
3114,284.09030671493235,-284.09030671493235,2956
3115,284.1271270333911,-284.1271270333911,2957
3116,284.1649886748685,-284.1649886748685,2958
3117,284.21223285952146,-284.21223285952146,2959
3118,284.26982640956356,-284.26982640956356,2960
3119,284.32898088567464,-284.32898088567464,2961
3120,284.3803345755331,-284.3803345755331,2962
3121,284.3953147009571,-284.3953147009571,2963
3122,284.41031635173096,-284.41031635173096,2964
3123,284.4216797211467,-284.4216797211467,2965
3124,284.43097072574034,-284.43097072574034,2966
3125,284.4429112662539,-284.4429112662539,2967
3126,284.45120644329535,-284.45120644329535,2968
3127,284.4470626793183,-284.4470626793183,2969
3128,284.4439489059569,-284.4439489059569,2970
3129,284.43479247576556,-284.43479247576556,2971
3130,284.75433451039595,-284.75433451039595,2972
3131,285.3449053858816,-285.3449053858816,2973
3132,285.69539248355636,-285.69539248355636,2974
3133,285.67815833345605,-285.67815833345605,2975
3134,285.66122240557286,-285.66122240557286,2976
3135,285.65190454459275,-285.65190454459275,2977
3136,285.6694509506411,-285.6694509506411,2978
3137,285.6759725200976,-285.6759725200976,2979
3138,285.75383019201865,-285.75383019201865,2980
3139,285.84001114860536,-285.84001114860536,2981
3140,285.87632577771257,-285.87632577771257,2982
3141,285.916285597593,-285.916285597593,2983
3142,285.9972655101746,-285.9972655101746,2984
3143,286.07824656964596,-286.07824656964596,2985
3144,286.1238832119072,-286.1238832119072,2986
3145,286.14821476796874,-286.14821476796874,2987
3146,286.16010271778975,-286.16010271778975,2988
3147,286.17302763883464,-286.17302763883464,2989
3148,286.18648580720946,-286.18648580720946,2990
3149,286.1967709392834,-286.1967709392834,2991
3150,286.20425021180625,-286.20425021180625,2992
3151,286.19957287688914,-286.19957287688914,2993
3152,286.21008396445507,-286.21008396445507,2994
3153,286.2046262537937,-286.2046262537937,2995
3154,286.18940070150916,-286.18940070150916,2996
3155,286.16195604727005,-286.16195604727005,2997
3156,286.1326860726335,-286.1326860726335,2998
3157,286.1288805482135,-286.1288805482135,2999
3158,286.11490263215114,-286.11490263215114,3000
3159,286.1024055709473,-286.1024055709473,3001
3160,286.0879656337078,-286.0879656337078,3002
3161,286.0839434224215,-286.0839434224215,3003
3162,286.07838276056077,-286.07838276056077,3004
3163,286.09910763627494,-286.09910763627494,3005
3164,286.1307609289014,-286.1307609289014,3006
3165,286.1811102907429,-286.1811102907429,3007
3166,286.2267709762419,-286.2267709762419,3008
3167,286.35606903866585,-286.35606903866585,3009
3168,286.39547304835514,-286.39547304835514,3010
3169,286.42448405357146,-286.42448405357146,3011
3170,286.4368919910049,-286.4368919910049,3012
3171,286.44825458548246,-286.44825458548246,3013
3172,286.46118406190016,-286.46118406190016,3014
3173,286.47056069974707,-286.47056069974707,3015
3174,286.48044652104005,-286.48044652104005,3016
3175,286.4914025242981,-286.4914025242981,3017
3176,286.48676329172616,-286.48676329172616,3018
3177,286.4725623826202,-286.4725623826202,3019
3178,286.7810489621964,-286.7810489621964,3020
3179,287.2205015374884,-287.2205015374884,3021
3180,287.70002907999486,-287.70002907999486,3022
3181,288.2016501849041,-288.2016501849041,3023
3182,288.50184312497083,-288.50184312497083,3024
3183,288.4808727333994,-288.4808727333994,3025
3184,288.46521556901763,-288.46521556901763,3026
3185,288.45488990645515,-288.45488990645515,3027
3186,288.50712515311426,-288.50712515311426,3028
3187,288.53508061853364,-288.53508061853364,3029
3188,288.55690773046973,-288.55690773046973,3030
3189,288.57918207331414,-288.57918207331414,3031
3190,288.6092708863515,-288.6092708863515,3032
3191,288.65387350870293,-288.65387350870293,3033
3192,288.68444469149375,-288.68444469149375,3034
3193,288.70618079403687,-288.70618079403687,3035
3194,288.7185603394746,-288.7185603394746,3036
3195,288.7335695852676,-288.7335695852676,3037
3196,288.7449680146442,-288.7449680146442,3038
3197,288.75631053449405,-288.75631053449405,3039
3198,288.76902776051935,-288.76902776051935,3040
3199,288.7797591313484,-288.7797591313484,3041
3200,288.77519208129905,-288.77519208129905,3042
3201,288.7600406159558,-288.7600406159558,3043
3202,288.73129973095575,-288.73129973095575,3044
3203,288.69507626109885,-288.69507626109885,3045
3204,288.65760197282947,-288.65760197282947,3046
3205,288.6518374919253,-288.6518374919253,3047
3206,288.62967389115147,-288.62967389115147,3048
3207,288.6122222626831,-288.6122222626831,3049
3208,288.6104589788131,-288.6104589788131,3050
3209,288.6087547321417,-288.6087547321417,3051
3210,288.63007557189934,-288.63007557189934,3052
3211,288.68298700948327,-288.68298700948327,3053
3212,288.7244855605034,-288.7244855605034,3054
3213,288.7649400961394,-288.7649400961394,3055
3214,288.8448834618681,-288.8448834618681,3056
3215,288.9180614599853,-288.9180614599853,3057
3216,288.96006512065475,-288.96006512065475,3058
3217,289.00154339406004,-289.00154339406004,3059
3218,289.03055193904225,-289.03055193904225,3060
3219,289.0419263587207,-289.0419263587207,3061
3220,289.0533279239528,-289.0533279239528,3062
3221,289.06583330322565,-289.06583330322565,3063
3222,289.0783283299385,-289.0783283299385,3064
3223,289.07622512895693,-289.07622512895693,3065
3224,289.089654594742,-289.089654594742,3066
3225,289.0845658114385,-289.0845658114385,3067
3226,289.0782325955143,-289.0782325955143,3068
3227,289.1181394069289,-289.1181394069289,3069
3228,289.114480953307,-289.114480953307,3070
3229,289.103753464383,-289.103753464383,3071
3230,289.0875483836854,-289.0875483836854,3072
3231,289.07195281422935,-289.07195281422935,3073
3232,289.0644852280063,-289.0644852280063,3074
3233,289.06446151243307,-289.06446151243307,3075
3234,289.0820830970831,-289.0820830970831,3076
3235,289.13398777951136,-289.13398777951136,3077
3236,289.16407240872917,-289.16407240872917,3078
3237,289.2154481513696,-289.2154481513696,3079
3238,289.3026838471325,-289.3026838471325,3080
3239,289.3441828906569,-289.3441828906569,3081
3240,289.3830698528927,-289.3830698528927,3082
3241,289.4203951261691,-289.4203951261691,3083
3242,289.44526951613045,-289.44526951613045,3084
3243,289.45403191178116,-289.45403191178116,3085
3244,289.4664467825512,-289.4664467825512,3086
3245,289.4757678384006,-289.4757678384006,3087
3246,289.48867943626533,-289.48867943626533,3088
3247,289.4871022958186,-289.4871022958186,3089
3248,289.483205936708,-289.483205936708,3090
3249,289.4752830108037,-289.4752830108037,3091
3250,289.451890070244,-289.451890070244,3092
3251,289.4244030277234,-289.4244030277234,3093
3252,289.3988110752585,-289.3988110752585,3094
3253,289.3708861435779,-289.3708861435779,3095
3254,289.3512964140641,-289.3512964140641,3096
3255,289.3378902662399,-289.3378902662399,3097
3256,289.3187853291703,-289.3187853291703,3098
3257,289.31835328108747,-289.31835328108747,3099
3258,289.3179241158397,-289.3179241158397,3100
3259,289.3469806065009,-289.3469806065009,3101
3260,289.3812006030694,-289.3812006030694,3102
3261,289.41439330318195,-289.41439330318195,3103
3262,289.44810160418405,-289.44810160418405,3104
3263,289.50830287564446,-289.50830287564446,3105
3264,289.54978518602104,-289.54978518602104,3106
3265,289.5606116103691,-289.5606116103691,3107
3266,289.5740437912157,-289.5740437912157,3108
3267,289.5854077918874,-289.5854077918874,3109
3268,289.5988624716859,-289.5988624716859,3110
3269,289.6134020865596,-289.6134020865596,3111
3270,289.62379438507554,-289.62379438507554,3112
3271,289.6450787126943,-289.6450787126943,3113
3272,289.64625269310994,-289.64625269310994,3114
3273,289.6386899728565,-289.6386899728565,3115
3274,289.61518795258445,-289.61518795258445,3116
3275,289.5974456489561,-289.5974456489561,3117
3276,289.5602516621951,-289.5602516621951,3118
3277,289.52159455690776,-289.52159455690776,3119
3278,289.48526707040537,-289.48526707040537,3120
3279,289.4550779328249,-289.4550779328249,3121
3280,289.4434716428111,-289.4434716428111,3122
3281,289.4363600974984,-289.4363600974984,3123
3282,289.435840938504,-289.435840938504,3124
3283,289.47004449833076,-289.47004449833076,3125
3284,289.5229888365836,-289.5229888365836,3126
3285,289.5780045970792,-289.5780045970792,3127
3286,289.62312998991155,-289.62312998991155,3128
3287,289.6802048972545,-289.6802048972545,3129
3288,289.70037817227006,-289.70037817227006,3130
3289,289.7106818209641,-289.7106818209641,3131
3290,289.7241019792599,-289.7241019792599,3132
3291,289.734945651398,-289.734945651398,3133
3292,289.7478982004978,-289.7478982004978,3134
3293,289.7598800772317,-289.7598800772317,3135
3294,289.769259189784,-289.769259189784,3136
3295,289.76654728510067,-289.76654728510067,3137
3296,289.7902260387375,-289.7902260387375,3138
3297,289.7848575513015,-289.7848575513015,3139
3298,289.7647666755716,-289.7647666755716,3140
3299,289.7441284523005,-289.7441284523005,3141
3300,289.71884709496885,-289.71884709496885,3142
3301,289.6920628670296,-289.6920628670296,3143
3302,289.6576838702542,-289.6576838702542,3144
3303,289.6368929170459,-289.6368929170459,3145
3304,289.71008628366894,-289.71008628366894,3146
3305,289.7239460652599,-289.7239460652599,3147
3306,289.75180499047383,-289.75180499047383,3148
3307,289.80785120842546,-289.80785120842546,3149
3308,289.89198072375336,-289.89198072375336,3150
3309,289.94022722227885,-289.94022722227885,3151
3310,289.991587159652,-289.991587159652,3152
3311,290.06008865466526,-290.06008865466526,3153
3312,290.1057226765209,-290.1057226765209,3154
3313,290.13005654869755,-290.13005654869755,3155
3314,290.1419436556676,-290.1419436556676,3156
3315,290.1548598659444,-290.1548598659444,3157
3316,290.16830772817826,-290.16830772817826,3158
3317,290.1787291720885,-290.1787291720885,3159
3318,290.1865210262848,-290.1865210262848,3160
3319,290.19692243414033,-290.19692243414033,3161
3320,290.2349662221299,-290.2349662221299,3162
3321,290.24670415786335,-290.24670415786335,3163
3322,290.2338596400911,-290.2338596400911,3164
3323,290.2087483759374,-290.2087483759374,3165
3324,290.17239267631146,-290.17239267631146,3166
3325,290.1347126014414,-290.1347126014414,3167
3326,290.1041575924497,-290.1041575924497,3168
3327,290.0817204081154,-290.0817204081154,3169
3328,290.0649888999517,-290.0649888999517,3170
3329,290.0589461681226,-290.0589461681226,3171
3330,290.0557084989463,-290.0557084989463,3172
3331,290.07642472975147,-290.07642472975147,3173
3332,290.10807079139175,-290.10807079139175,3174
3333,290.15841339760686,-290.15841339760686,3175
3334,290.2040710828957,-290.2040710828957,3176
3335,290.3333691453197,-290.3333691453197,3177
3336,290.39823355317947,-290.39823355317947,3178
3337,290.43763665191506,-290.43763665191506,3179
3338,290.4588516638891,-290.4588516638891,3180
3339,290.4717557923625,-290.4717557923625,3181
3340,290.48569635249845,-290.48569635249845,3182
3341,290.49664479397256,-290.49664479397256,3183
3342,290.51069045685165,-290.51069045685165,3184
3343,290.51961805688774,-290.51961805688774,3185
3344,290.5139200840076,-290.5139200840076,3186
3345,290.5003812101025,-290.5003812101025,3187
3346,290.47449577002453,-290.47449577002453,3188
3347,290.4385851154871,-290.4385851154871,3189
3348,290.39820067086123,-290.39820067086123,3190
3349,290.36424656265046,-290.36424656265046,3191
3350,290.32543418952645,-290.32543418952645,3192
3351,290.291534255564,-290.291534255564,3193
3352,290.2727414982112,-290.2727414982112,3194
3353,290.2615785946376,-290.2615785946376,3195
3354,290.30184092269326,-290.30184092269326,3196
3355,290.3334273847208,-290.3334273847208,3197
3356,290.35991936968446,-290.35991936968446,3198
3357,290.38688516150165,-290.38688516150165,3199
3358,290.4200961005939,-290.4200961005939,3200
3359,290.4662697893828,-290.4662697893828,3201
3360,290.50879437489704,-290.50879437489704,3202
3361,290.5440415366443,-290.5440415366443,3203
3362,290.5569416528172,-290.5569416528172,3204
3363,290.5667627868557,-290.5667627868557,3205
3364,290.57919741457647,-290.57919741457647,3206
3365,290.58857662888516,-290.58857662888516,3207
3366,290.60262708861933,-290.60262708861933,3208
3367,290.60124867219355,-290.60124867219355,3209
3368,290.5936365565106,-290.5936365565106,3210
3369,290.58097203117603,-290.58097203117603,3211
3370,291.0591822400504,-291.0591822400504,3212
3371,291.06842334555313,-291.06842334555313,3213
3372,291.02752824601913,-291.02752824601913,3214
3373,290.9931763965776,-290.9931763965776,3215
3374,290.985695979005,-290.985695979005,3216
3375,291.0023073756657,-291.0023073756657,3217
3376,290.9980870194157,-290.9980870194157,3218
3377,290.9987911142511,-290.9987911142511,3219
3378,291.01066325829146,-291.01066325829146,3220
3379,291.0407121007025,-291.0407121007025,3221
3380,291.0796077822415,-291.0796077822415,3222
3381,291.1096762593111,-291.1096762593111,3223
3382,291.15377944539335,-291.15377944539335,3224
3383,291.20773647604784,-291.20773647604784,3225
3384,291.2492195279034,-291.2492195279034,3226
3385,291.2870622880638,-291.2870622880638,3227
3386,291.3030947859583,-291.3030947859583,3228
3387,291.3181103074399,-291.3181103074399,3229
3388,291.3289861114132,-291.3289861114132,3230
3389,291.34079002202054,-291.34079002202054,3231
3390,291.353046933531,-291.353046933531,3232
3391,291.3865654982093,-291.3865654982093,3233
3392,292.21992747088996,-292.21992747088996,3234
3393,293.00934996775,-293.00934996775,3235
3394,293.0852358726033,-293.0852358726033,3236
3395,293.0482038347514,-293.0482038347514,3237
3396,293.0061387599479,-293.0061387599479,3238
3397,292.9739335858277,-292.9739335858277,3239
3398,292.93175395334083,-292.93175395334083,3240
3399,292.8977753630596,-292.8977753630596,3241
3400,292.87725348923175,-292.87725348923175,3242
3401,292.86718186175796,-292.86718186175796,3243
3402,292.861488857979,-292.861488857979,3244
3403,292.8863511506905,-292.8863511506905,3245
3404,292.90446920074305,-292.90446920074305,3246
3405,292.9262239743073,-292.9262239743073,3247
3406,292.9511034986371,-292.9511034986371,3248
3407,292.99051257918904,-292.99051257918904,3249
3408,293.0195296959098,-293.0195296959098,3250
3409,293.04697922534467,-293.04697922534467,3251
3410,293.0629928915183,-293.0629928915183,3252
3411,293.07572283884844,-293.07572283884844,3253
3412,293.0882911494546,-293.0882911494546,3254
3413,293.0965752715675,-293.0965752715675,3255
3414,293.10788690532496,-293.10788690532496,3256
3415,293.10555110494096,-293.10555110494096,3257
3416,293.1027735349818,-293.1027735349818,3258
3417,293.10156946810645,-293.10156946810645,3259
3418,293.07528298606036,-293.07528298606036,3260
3419,293.0463823202463,-293.0463823202463,3261
3420,293.0136366698672,-293.0136366698672,3262
3421,292.9726343370907,-292.9726343370907,3263
3422,292.9469504833409,-292.9469504833409,3264
3423,292.9195959367595,-292.9195959367595,3265
3424,292.9027091255763,-292.9027091255763,3266
3425,292.89265701618706,-292.89265701618706,3267
3426,292.8900402528921,-292.8900402528921,3268
3427,292.9102138772117,-292.9102138772117,3269
3428,292.94962888771175,-292.94962888771175,3270
3429,292.96773562216845,-292.96773562216845,3271
3430,292.99260406117367,-292.99260406117367,3272
3431,293.02629522282126,-293.02629522282126,3273
3432,293.06829884917437,-293.06829884917437,3274
3433,293.0973104712485,-293.0973104712485,3275
3434,293.10970722404915,-293.10970722404915,3276
3435,293.12782262441965,-293.12782262441965,3277
3436,293.1386547453193,-293.1386547453193,3278
3437,293.1495722581129,-293.1495722581129,3279
3438,293.15841212775183,-293.15841212775183,3280
3439,293.16831343885565,-293.16831343885565,3281
3440,293.1624159475819,-293.1624159475819,3282
3441,293.14854313609555,-293.14854313609555,3283
3442,293.11859005100405,-293.11859005100405,3284
3443,293.08132488455607,-293.08132488455607,3285
3444,293.0396681419527,-293.0396681419527,3286
3445,292.99573657934087,-292.99573657934087,3287
3446,292.95324550438363,-292.95324550438363,3288
3447,292.9201048857521,-292.9201048857521,3289
3448,292.89790708492086,-292.89790708492086,3290
3449,292.884540463565,-292.884540463565,3291
3450,292.87946589308893,-292.87946589308893,3292
3451,292.8996432950268,-292.8996432950268,3293
3452,292.9219015115326,-292.9219015115326,3294
3453,292.9457349110081,-292.9457349110081,3295
3454,292.9737202532042,-292.9737202532042,3296
3455,293.0172826603431,-293.0172826603431,3297
3456,293.0582516479341,-293.0582516479341,3298
3457,293.0820640355073,-293.0820640355073,3299
3458,293.10068236870836,-293.10068236870836,3300
3459,293.1120550309248,-293.1120550309248,3301
3460,293.1244947389104,-293.1244947389104,3302
3461,293.1359484318424,-293.1359484318424,3303
3462,293.15090159030837,-293.15090159030837,3304
3463,293.1628790349404,-293.1628790349404,3305
3464,293.1550827294471,-293.1550827294471,3306
3465,293.1388581341465,-293.1388581341465,3307
3466,293.1090941682689,-293.1090941682689,3308
3467,293.07105323875015,-293.07105323875015,3309
3468,293.02863546967245,-293.02863546967245,3310
3469,292.98509753387805,-292.98509753387805,3311
3470,292.9451323163636,-292.9451323163636,3312
3471,292.9121087639693,-292.9121087639693,3313
3472,292.8903484775706,-292.8903484775706,3314
3473,292.88110453498064,-292.88110453498064,3315
3474,292.8768157940656,-292.8768157940656,3316
3475,292.8933510934587,-292.8933510934587,3317
3476,292.9104242469249,-292.9104242469249,3318
3477,292.9415316983925,-292.9415316983925,3319
3478,292.9663973308067,-292.9663973308067,3320
3479,292.99126075798824,-292.99126075798824,3321
3480,293.0192319417964,-293.0192319417964,3322
3481,293.04460459212515,-293.04460459212515,3323
3482,293.05750374083107,-293.05750374083107,3324
3483,293.06732826615405,-293.06732826615405,3325
3484,293.081332232233,-293.081332232233,3326
3485,293.0912289663597,-293.0912289663597,3327
3486,293.10320387891323,-293.10320387891323,3328
3487,293.1151859541988,-293.1151859541988,3329
3488,293.10795413612067,-293.10795413612067,3330
3489,293.0916853953836,-293.0916853953836,3331
3490,293.4939724201455,-293.4939724201455,3332
3491,294.3609576706381,-294.3609576706381,3333
3492,294.46434894529233,-294.46434894529233,3334
3493,294.42099010674485,-294.42099010674485,3335
3494,294.38378559723935,-294.38378559723935,3336
3495,294.34739951979975,-294.34739951979975,3337
3496,294.3294559643035,-294.3294559643035,3338
3497,294.3235419596015,-294.3235419596015,3339
3498,294.3169705733928,-294.3169705733928,3340
3499,294.34130539917584,-294.34130539917584,3341
3500,294.37811392251285,-294.37811392251285,3342
3501,294.40973143388425,-294.40973143388425,3343
3502,294.4818801179409,-294.4818801179409,3344
3503,294.54518653121124,-294.54518653121124,3345
3504,294.58095116446793,-294.58095116446793,3346
3505,294.603207382642,-294.603207382642,3347
3506,294.61766444142734,-294.61766444142734,3348
3507,294.62852539788463,-294.62852539788463,3349
3508,294.6399299385404,-294.6399299385404,3350
3509,294.64864167376754,-294.64864167376754,3351
3510,294.65761482571264,-294.65761482571264,3352
3511,294.6534968296831,-294.6534968296831,3353
3512,294.64747830336773,-294.64747830336773,3354
3513,294.6413531100512,-294.6413531100512,3355
3514,294.61546719740875,-294.61546719740875,3356
3515,294.58116536472676,-294.58116536472676,3357
3516,294.53722626198817,-294.53722626198817,3358
3517,294.5087655247688,-294.5087655247688,3359
3518,294.47852110174114,-294.47852110174114,3360
3519,294.44637708811894,-294.44637708811894,3361
3520,294.42844684355805,-294.42844684355805,3362
3521,294.41687245774904,-294.41687245774904,3363
3522,294.41139659357555,-294.41139659357555,3364
3523,294.43316216522095,-294.43316216522095,3365
3524,294.45181266889836,-294.45181266889836,3366
3525,294.47929046570476,-294.47929046570476,3367
3526,294.4989652129488,-294.4989652129488,3368
3527,294.53577557230716,-294.53577557230716,3369
3528,294.5746589694682,-294.5746589694682,3370
3529,294.59639462113654,-294.59639462113654,3371
3530,294.61035778013576,-294.61035778013576,3372
3531,294.62017130886136,-294.62017130886136,3373
3532,294.63051776883134,-294.63051776883134,3374
3533,294.6409030787448,-294.6409030787448,3375
3534,294.64926528589154,-294.64926528589154,3376
3535,294.64753645314715,-294.64753645314715,3377
3536,294.81815521111923,-294.81815521111923,3378
3537,295.4734440297711,-295.4734440297711,3379
3538,296.0646817312054,-296.0646817312054,3380
3539,296.3769005713036,-296.3769005713036,3381
3540,296.3604498257483,-296.3604498257483,3382
3541,296.33241060255534,-296.33241060255534,3383
3542,296.37993356868526,-296.37993356868526,3384
3543,296.3695614400336,-296.3695614400336,3385
3544,296.3485232350639,-296.3485232350639,3386
3545,296.3375631039948,-296.3375631039948,3387
3546,296.3318838373337,-296.3318838373337,3388
3547,296.35101239583906,-296.35101239583906,3389
3548,296.37639604181646,-296.37639604181646,3390
3549,296.38775702879246,-296.38775702879246,3391
3550,296.4121018919223,-296.4121018919223,3392
3551,296.43800132803506,-296.43800132803506,3393
3552,296.46597184488627,-296.46597184488627,3394
3553,296.49134375226305,-296.49134375226305,3395
3554,296.51361252785034,-296.51361252785034,3396
3555,296.5254496237385,-296.5254496237385,3397
3556,296.53660357669736,-296.53660357669736,3398
3557,296.54674533747163,-296.54674533747163,3399
3558,296.5573462535237,-296.5573462535237,3400
3559,296.5526516499491,-296.5526516499491,3401
3560,296.54834534768713,-296.54834534768713,3402
3561,296.9100161760556,-296.9100161760556,3403
3562,297.51757535770986,-297.51757535770986,3404
3563,297.4990594027165,-297.4990594027165,3405
3564,297.4673976752929,-297.4673976752929,3406
3565,297.4204818613797,-297.4204818613797,3407
3566,297.3799055360915,-297.3799055360915,3408
3567,297.3487696478804,-297.3487696478804,3409
3568,297.33097566693937,-297.33097566693937,3410
3569,297.31981729453565,-297.31981729453565,3411
3570,297.31263259923486,-297.31263259923486,3412
3571,297.33593009926926,-297.33593009926926,3413
3572,297.3576660674056,-297.3576660674056,3414
3573,297.38824184079004,-297.38824184079004,3415
3574,297.4151820437688,-297.4151820437688,3416
3575,297.45875106357204,-297.45875106357204,3417
3576,297.4877627171729,-297.4877627171729,3418
3577,297.5152152603891,-297.5152152603891,3419
3578,297.5312607066974,-297.5312607066974,3420
3579,297.5441849154098,-297.5441849154098,3421
3580,297.5570079843438,-297.5570079843438,3422
3581,297.56448080403493,-297.56448080403493,3423
3582,297.5755112993139,-297.5755112993139,3424
3583,297.5738275337388,-297.5738275337388,3425
3584,297.57183207264643,-297.57183207264643,3426
3585,297.57101103217167,-297.57101103217167,3427
3586,297.56200678395743,-297.56200678395743,3428
3587,297.5457520370352,-297.5457520370352,3429
3588,297.52810435274716,-297.52810435274716,3430
3589,297.51564588716326,-297.51564588716326,3431
3590,297.50787086510445,-297.50787086510445,3432
3591,297.4975594061367,-297.4975594061367,3433
3592,297.4938753089216,-297.4938753089216,3434
3593,297.48781537341614,-297.48781537341614,3435
3594,297.485021809981,-297.485021809981,3436
3595,297.5051963703281,-297.5051963703281,3437
3596,297.5446168208617,-297.5446168208617,3438
3597,297.5627239189161,-297.5627239189161,3439
3598,297.58759336020626,-297.58759336020626,3440
3599,297.62128452185385,-297.62128452185385,3441
3600,297.6508176538971,-297.6508176538971,3442
3601,297.6777508570877,-297.6777508570877,3443
3602,297.69274375794345,-297.69274375794345,3444
3603,297.70254272949194,-297.70254272949194,3445
3604,297.7180507962961,-297.7180507962961,3446
3605,297.7268252063562,-297.7268252063562,3447
3606,297.7377037312255,-297.7377037312255,3448
3607,297.73954547817823,-297.73954547817823,3449
3608,297.73259098412126,-297.73259098412126,3450
3609,298.15043125098344,-298.15043125098344,3451
3610,298.85307226659677,-298.85307226659677,3452
3611,299.84086812439614,-299.84086812439614,3453
3612,300.4008778538315,-300.4008778538315,3454
3613,300.4497643228864,-300.4497643228864,3455
3614,300.46208474505704,-300.46208474505704,3456
3615,300.5023793034606,-300.5023793034606,3457
3616,300.8159825691676,-300.8159825691676,3458
3617,300.8292763938906,-300.8292763938906,3459
3618,300.8530850525309,-300.8530850525309,3460
3619,300.9418527582291,-300.9418527582291,3461
3620,301.00880096884646,-301.00880096884646,3462
3621,301.0586043095915,-301.0586043095915,3463
3622,301.1094521517953,-301.1094521517953,3464
3623,301.1966618459858,-301.1966618459858,3465
3624,301.2610045748395,-301.2610045748395,3466
3625,301.29261602646096,-301.29261602646096,3467
3626,301.30657244721294,-301.30657244721294,3468
3627,301.3241762833469,-301.3241762833469,3469
3628,301.33546049427946,-301.33546049427946,3470
3629,301.34343564135736,-301.34343564135736,3471
3630,301.3546244390915,-301.3546244390915,3472
3631,301.379025892404,-301.379025892404,3473
3632,301.39294253287323,-301.39294253287323,3474
3633,301.4017434168373,-301.4017434168373,3475
3634,301.4447491146835,-301.4447491146835,3476
3635,301.54444933087586,-301.54444933087586,3477
3636,301.54489238839807,-301.54489238839807,3478
3637,301.52857712527174,-301.52857712527174,3479
3638,301.5188624037432,-301.5188624037432,3480
3639,301.5079942258356,-301.5079942258356,3481
3640,301.5034142004601,-301.5034142004601,3482
3641,301.5002950983336,-301.5002950983336,3483
3642,301.51353451476825,-301.51353451476825,3484
3643,301.5482646610674,-301.5482646610674,3485
3644,301.64590665995274,-301.64590665995274,3486
3645,301.6806734591622,-301.6806734591622,3487
3646,301.72841746676295,-301.72841746676295,3488
3647,301.76679037174057,-301.76679037174057,3489
3648,301.8119168136207,-301.8119168136207,3490
3649,301.83832839694975,-301.83832839694975,3491
3650,301.8512245563624,-301.8512245563624,3492
3651,301.865693794291,-301.865693794291,3493
3652,301.8775650995846,-301.8775650995846,3494
3653,301.88995151954725,-301.88995151954725,3495
3654,301.90491953656885,-301.90491953656885,3496
3655,301.9339320483268,-301.9339320483268,3497
3656,301.9289976581538,-301.9289976581538,3498
3657,301.91548977133743,-301.91548977133743,3499
3658,301.888192488575,-301.888192488575,3500
3659,301.85658922898426,-301.85658922898426,3501
3660,301.83761283248526,-301.83761283248526,3502
3661,301.81103677598105,-301.81103677598105,3503
3662,301.785573645126,-301.785573645126,3504
3663,301.7608511038217,-301.7608511038217,3505
3664,301.75068440255933,-301.75068440255933,3506
3665,301.74301064830246,-301.74301064830246,3507
3666,301.7402111484844,-301.7402111484844,3508
3667,301.76873212236944,-301.76873212236944,3509
3668,301.7920362725692,-301.7920362725692,3510
3669,301.81379996269845,-301.81379996269845,3511
3670,301.8397065578379,-301.8397065578379,3512
3671,301.86976142711006,-301.86976142711006,3513
3672,301.91800020403406,-301.91800020403406,3514
3673,301.9490860846819,-301.9490860846819,3515
3674,301.9619824908827,-301.9619824908827,3516
3675,301.978549517624,-301.978549517624,3517
3676,301.99152263595255,-301.99152263595255,3518
3677,302.00298049304024,-302.00298049304024,3519
3678,302.01389963141406,-302.01389963141406,3520
3679,302.0208991405929,-302.0208991405929,3521
3680,302.0196568289823,-302.0196568289823,3522
3681,302.0456741716556,-302.0456741716556,3523
3682,302.07611182897267,-302.07611182897267,3524
3683,302.10082481763453,-302.10082481763453,3525
3684,302.11846514306603,-302.11846514306603,3526
3685,302.154585564002,-302.154585564002,3527
3686,302.1809719153908,-302.1809719153908,3528
3687,302.6516296400201,-302.6516296400201,3529
3688,303.4041835256974,-303.4041835256974,3530
3689,303.4430624303456,-303.4430624303456,3531
3690,303.45336738089213,-303.45336738089213,3532
3691,303.466786187016,-303.466786187016,3533
3692,303.475530083259,-303.475530083259,3534
3693,303.48793695903686,-303.48793695903686,3535
3694,303.50657030052145,-303.50657030052145,3536
3695,303.5823498322178,-303.5823498322178,3537
3696,303.6207190341649,-303.6207190341649,3538
3697,303.6492092118078,-303.6492092118078,3539
3698,303.6636856748603,-303.6636856748603,3540
3699,303.68386550745754,-303.68386550745754,3541
3700,303.69730751504824,-303.69730751504824,3542
3701,303.70758137029554,-303.70758137029554,3543
3702,303.71582169858567,-303.71582169858567,3544
3703,303.7111611804877,-303.7111611804877,3545
3704,304.0885885230724,-304.0885885230724,3546
3705,304.0798289873604,-304.0798289873604,3547
3706,304.61232047916377,-304.61232047916377,3548
3707,305.31301769535867,-305.31301769535867,3549
3708,305.8001095130604,-305.8001095130604,3550
3709,306.4342430578771,-306.4342430578771,3551
3710,306.4336335463858,-306.4336335463858,3552
3711,306.4235608226325,-306.4235608226325,3553
3712,306.42250985428797,-306.42250985428797,3554
3713,306.4199655875212,-306.4199655875212,3555
3714,306.4473980606093,-306.4473980606093,3556
3715,306.47222718198867,-306.47222718198867,3557
3716,306.51478432838144,-306.51478432838144,3558
3717,306.5422487986972,-306.5422487986972,3559
3718,306.5780369953574,-306.5780369953574,3560
3719,306.61432447328605,-306.61432447328605,3561
3720,306.6542550377304,-306.6542550377304,3562
3721,306.6931389530678,-306.6931389530678,3563
3722,306.7138621744879,-306.7138621744879,3564
3723,306.72825075234414,-306.72825075234414,3565
3724,306.73951526392744,-306.73951526392744,3566
3725,306.74946986080744,-306.74946986080744,3567
3726,306.7584336900089,-306.7584336900089,3568
3727,306.76895496968103,-306.76895496968103,3569
3728,306.76031454818724,-306.76031454818724,3570
3729,306.74518441726497,-306.74518441726497,3571
3730,306.7155436200317,-306.7155436200317,3572
3731,306.69102414461827,-306.69102414461827,3573
3732,306.65697544996897,-306.65697544996897,3574
3733,306.6267413787486,-306.6267413787486,3575
3734,306.59986302242476,-306.59986302242476,3576
3735,306.56815785582967,-306.56815785582967,3577
3736,306.55986477672894,-306.55986477672894,3578
3737,306.5497705738021,-306.5497705738021,3579
3738,306.5454526794121,-306.5454526794121,3580
3739,306.57551129886,-306.57551129886,3581
3740,306.60036950090046,-306.60036950090046,3582
3741,306.61744379517984,-306.61744379517984,3583
3742,306.6402401519366,-306.6402401519366,3584
3743,306.6942014835806,-306.6942014835806,3585
3744,306.72945386673894,-306.72945386673894,3586
3745,306.756386592399,-306.756386592399,3587
3746,306.7682482225889,-306.7682482225889,3588
3747,306.7806678947949,-306.7806678947949,3589
3748,306.7925901445304,-306.7925901445304,3590
3749,306.800411562224,-306.800411562224,3591
3750,306.8071579386981,-306.8071579386981,3592
3751,306.80259107345995,-306.80259107345995,3593
3752,306.8065142046017,-306.8065142046017,3594
3753,306.8016711940872,-306.8016711940872,3595
3754,306.7890747149162,-306.7890747149162,3596
3755,306.7751811358465,-306.7751811358465,3597
3756,306.7647896244284,-306.7647896244284,3598
3757,306.8044347114832,-306.8044347114832,3599
3758,306.8258304740095,-306.8258304740095,3600
3759,306.8375332570934,-306.8375332570934,3601
3760,306.85354859875105,-306.85354859875105,3602
3761,306.86230552383745,-306.86230552383745,3603
3762,306.87364124832095,-306.87364124832095,3604
3763,306.89173034710586,-306.89173034710586,3605
3764,306.91244864164565,-306.91244864164565,3606
3765,306.9284822777081,-306.9284822777081,3607
3766,306.9450414378079,-306.9450414378079,3608
3767,306.97301534990385,-306.97301534990385,3609
3768,307.0160581156869,-307.0160581156869,3610
3769,307.04454955566246,-307.04454955566246,3611
3770,307.05903281635284,-307.05903281635284,3612
3771,307.0719498071355,-307.0719498071355,3613
3772,307.0838244576121,-307.0838244576121,3614
3773,307.0941900381034,-307.0941900381034,3615
3774,307.1069801710228,-307.1069801710228,3616
3775,307.11835426275206,-307.11835426275206,3617
3776,307.11672652486993,-307.11672652486993,3618
3777,307.1126101107899,-307.1126101107899,3619
3778,307.9081576707918,-307.9081576707918,3620
3779,308.4200962806048,-308.4200962806048,3621
3780,308.4094810039352,-308.4094810039352,3622
3781,308.39691234061127,-308.39691234061127,3623
3782,308.3809012909889,-308.3809012909889,3624
3783,308.3655619056249,-308.3655619056249,3625
3784,308.3565403634546,-308.3565403634546,3626
3785,308.352396569495,-308.352396569495,3627
3786,308.3489059044323,-308.3489059044323,3628
3787,308.3695932339736,-308.3695932339736,3629
3788,308.3960032459185,-308.3960032459185,3630
3789,308.4099630566853,-308.4099630566853,3631
3790,308.43015337455375,-308.43015337455375,3632
3791,308.4700820750034,-308.4700820750034,3633
3792,308.5053306465902,-308.5053306465902,3634
3793,308.52966348758105,-308.52966348758105,3635
3794,308.5456806170475,-308.5456806170475,3636
3795,308.5601588632176,-308.5601588632176,3637
3796,308.5689227058992,-308.5689227058992,3638
3797,308.5780363602789,-308.5780363602789,3639
3798,308.5843899273565,-308.5843899273565,3640
3799,308.5812230681319,-308.5812230681319,3641
3800,308.829102360699,-308.829102360699,3642
3801,309.37715336576423,-309.37715336576423,3643
3802,309.95207712468084,-309.95207712468084,3644
3803,310.3925358658394,-310.3925358658394,3645
3804,310.62158415389257,-310.62158415389257,3646
3805,310.71356357084136,-310.71356357084136,3647
3806,310.67873848068865,-310.67873848068865,3648
3807,310.6474137711347,-310.6474137711347,3649
3808,310.6248481890578,-310.6248481890578,3650
3809,310.6113089170911,-310.6113089170911,3651
3810,310.6056605423582,-310.6056605423582,3652
3811,310.64609531977374,-310.64609531977374,3653
3812,310.6605668831777,-310.6605668831777,3654
3813,310.6698451220236,-310.6698451220236,3655
3814,310.6905537177038,-310.6905537177038,3656
3815,310.7320408738033,-310.7320408738033,3657
3816,310.7797614137448,-310.7797614137448,3658
3817,310.81381676524205,-310.81381676524205,3659
3818,310.8298579083761,-310.8298579083761,3660
3819,310.8489521447195,-310.8489521447195,3661
3820,310.8575112211289,-310.8575112211289,3662
3821,310.86772053727697,-310.86772053727697,3663
3822,310.87453752795335,-310.87453752795335,3664
3823,310.88258353202815,-310.88258353202815,3665
3824,310.87625476973767,-310.87625476973767,3666
3825,310.86169407188873,-310.86169407188873,3667
3826,311.0728266287642,-311.0728266287642,3668
3827,311.66037839125914,-311.66037839125914,3669
3828,312.44375641975205,-312.44375641975205,3670
3829,313.04834544788275,-313.04834544788275,3671
3830,313.03720386827735,-313.03720386827735,3672
3831,313.00299860385235,-313.00299860385235,3673
3832,312.98455139306054,-312.98455139306054,3674
3833,312.97451456849797,-312.97451456849797,3675
3834,312.9680282232203,-312.9680282232203,3676
3835,312.9933887533438,-312.9933887533438,3677
3836,313.02448121347567,-313.02448121347567,3678
3837,313.04779602915676,-313.04779602915676,3679
3838,313.1630780486114,-313.1630780486114,3680
3839,313.1920958953559,-313.1920958953559,3681
3840,313.2257931545254,-313.2257931545254,3682
3841,313.25376222215516,-313.25376222215516,3683
3842,313.2656269532551,-313.2656269532551,3684
3843,313.2764795451265,-313.2764795451265,3685
3844,313.2868407303322,-313.2868407303322,3686
3845,313.3013114616325,-313.3013114616325,3687
3846,313.3093465853001,-313.3093465853001,3688
3847,313.3200086762801,-313.3200086762801,3689
3848,313.3117639281524,-313.3117639281524,3690
3849,313.298257626289,-313.298257626289,3691
3850,313.26839193440054,-313.26839193440054,3692
3851,313.70408176835764,-313.70408176835764,3693
3852,314.23543334383714,-314.23543334383714,3694
3853,314.21582115438656,-314.21582115438656,3695
3854,314.1768606571546,-314.1768606571546,3696
3855,314.143896575442,-314.143896575442,3697
3856,314.1259892281287,-314.1259892281287,3698
3857,314.1115327528071,-314.1115327528071,3699
3858,314.1027827580367,-314.1027827580367,3700
3859,314.11472379182976,-314.11472379182976,3701
3860,314.1286657692998,-314.1286657692998,3702
3861,314.14368208342626,-314.14368208342626,3703
3862,314.16283471383167,-314.16283471383167,3704
3863,314.17937782284747,-314.17937782284747,3705
3864,314.2073496806187,-314.2073496806187,3706
3865,314.23219993972776,-314.23219993972776,3707
3866,314.2591330909799,-314.2591330909799,3708
3867,314.2762269236033,-314.2762269236033,3709
3868,314.28762755926266,-314.28762755926266,3710
3869,314.29960364723024,-314.29960364723024,3711
3870,314.30672776872325,-314.30672776872325,3712
3871,314.3157373742505,-314.3157373742505,3713
3872,314.3114045346877,-314.3114045346877,3714
3873,314.5169985964017,-314.5169985964017,3715
3874,315.18329697013195,-315.18329697013195,3716
3875,315.3169160023242,-315.3169160023242,3717
3876,315.3549067444202,-315.3549067444202,3718
3877,316.0608032380915,-316.0608032380915,3719
3878,316.4772016693019,-316.4772016693019,3720
3879,316.64157664804196,-316.64157664804196,3721
3880,316.6351978720073,-316.6351978720073,3722
3881,316.6296377585372,-316.6296377585372,3723
3882,316.6748284800415,-316.6748284800415,3724
3883,316.702798213962,-316.702798213962,3725
3884,316.7411552011184,-316.7411552011184,3726
3885,316.77952289595703,-316.77952289595703,3727
3886,316.82100652253985,-316.82100652253985,3728
3887,316.8630190567646,-316.8630190567646,3729
3888,316.8873579814156,-316.8873579814156,3730
3889,316.918968578163,-316.918968578163,3731
3890,316.9459017985126,-316.9459017985126,3732
3891,316.9619418427256,-316.9619418427256,3733
3892,316.9779239168131,-316.9779239168131,3734
3893,316.98594128153246,-316.98594128153246,3735
3894,316.9977369523689,-316.9977369523689,3736
3895,317.0172150304812,-317.0172150304812,3737
3896,317.546720519522,-317.546720519522,3738
3897,318.2259093283497,-318.2259093283497,3739
3898,318.93513224642504,-318.93513224642504,3740
3899,319.64391471365366,-319.64391471365366,3741
3900,320.33025523871515,-320.33025523871515,3742
3901,321.1500510961232,-321.1500510961232,3743
3902,321.3054349953838,-321.3054349953838,3744
3903,321.49110587948917,-321.49110587948917,3745
3904,321.47993415737324,-321.47993415737324,3746
3905,321.47425955155427,-321.47425955155427,3747
3906,321.47300746086376,-321.47300746086376,3748
3907,321.4916402728499,-321.4916402728499,3749
3908,321.5107970219466,-321.5107970219466,3750
3909,321.53149763065403,-321.53149763065403,3751
3910,321.56416014896797,-321.56416014896797,3752
3911,321.5999354999746,-321.5999354999746,3753
3912,321.6263530287284,-321.6263530287284,3754
3913,321.6506929732044,-321.6506929732044,3755
3914,321.6635897690714,-321.6635897690714,3756
3915,321.6774065305832,-321.6774065305832,3757
3916,321.68847748450963,-321.68847748450963,3758
3917,321.6982399215629,-321.6982399215629,3759
3918,321.71095801538326,-321.71095801538326,3760
3919,321.70794367560023,-321.70794367560023,3761
3920,321.6992231044934,-321.6992231044934,3762
3921,321.68632750273287,-321.68632750273287,3763
3922,321.66140128376253,-321.66140128376253,3764
3923,321.63159406698173,-321.63159406698173,3765
3924,321.5976842377108,-321.5976842377108,3766
3925,321.568425565077,-321.568425565077,3767
3926,321.5307548175562,-321.5307548175562,3768
3927,321.4994851142967,-321.4994851142967,3769
3928,321.4831027812829,-321.4831027812829,3770
3929,321.4717411528028,-321.4717411528028,3771
3930,321.4657925957138,-321.4657925957138,3772
3931,321.48545482097643,-321.48545482097643,3773
3932,321.51083892031136,-321.51083892031136,3774
3933,321.5284275497251,-321.5284275497251,3775
3934,321.5460189615421,-321.5460189615421,3776
3935,321.57139349433294,-321.57139349433294,3777
3936,321.6123580981908,-321.6123580981908,3778
3937,321.62577838423005,-321.62577838423005,3779
3938,321.6381777685286,-321.6381777685286,3780
3939,321.65215875507107,-321.65215875507107,3781
3940,321.6666686726859,-321.6666686726859,3782
3941,321.6786137974408,-321.6786137974408,3783
3942,321.6895242321037,-321.6895242321037,3784
3943,321.6896764481522,-321.6896764481522,3785
3944,321.6968218891161,-321.6968218891161,3786
3945,321.6992742302884,-321.6992742302884,3787
3946,321.6961312406099,-321.6961312406099,3788
3947,321.6907685592756,-321.6907685592756,3789
3948,321.685452157287,-321.685452157287,3790
3949,321.68539678980693,-321.68539678980693,3791
3950,321.6857433862402,-321.6857433862402,3792
3951,321.69378704150614,-321.69378704150614,3793
3952,321.6926026077301,-321.6926026077301,3794
3953,321.69197049461405,-321.69197049461405,3795
3954,321.6923029074146,-321.6923029074146,3796
3955,321.7296208285148,-321.7296208285148,3797
3956,321.76070981250444,-321.76070981250444,3798
3957,321.7788305305285,-321.7788305305285,3799
3958,321.81407681368705,-321.81407681368705,3800
3959,321.84880683220035,-321.84880683220035,3801
3960,321.87365942614036,-321.87365942614036,3802
3961,321.88344486836485,-321.88344486836485,3803
3962,321.89480519120514,-321.89480519120514,3804
3963,321.90719269858846,-321.90719269858846,3805
3964,321.92011372342466,-321.92011372342466,3806
3965,321.93719320386515,-321.93719320386515,3807
3966,321.9473874320156,-321.9473874320156,3808
3967,321.94693901030774,-321.94693901030774,3809
3968,321.94283904618385,-321.94283904618385,3810
3969,321.9337917203517,-321.9337917203517,3811
3970,321.932360429939,-321.932360429939,3812
3971,321.9115940508418,-321.9115940508418,3813
3972,321.8922940418451,-321.8922940418451,3814
3973,321.8885810031769,-321.8885810031769,3815
3974,321.88535876810397,-321.88535876810397,3816
3975,321.8837358076874,-321.8837358076874,3817
3976,321.89151344275086,-321.89151344275086,3818
3977,321.8943590743098,-321.8943590743098,3819
3978,321.8941709365404,-321.8941709365404,3820
3979,321.9122803521456,-321.9122803521456,3821
3980,321.9381865304729,-321.9381865304729,3822
3981,321.9557796236694,-321.9557796236694,3823
3982,321.9842717972703,-321.9842717972703,3824
3983,322.0236744293322,-322.0236744293322,3825
3984,322.05839683046497,-322.05839683046497,3826
3985,322.0785714268514,-322.0785714268514,3827
3986,322.0956567691035,-322.0956567691035,3828
3987,322.1137761830018,-322.1137761830018,3829
3988,322.1251731544656,-322.1251731544656,3830
3989,322.1355287029765,-322.1355287029765,3831
3990,322.1422344381354,-322.1422344381354,3832
3991,322.1413126597943,-322.1413126597943,3833
3992,322.13893131270544,-322.13893131270544,3834
3993,322.1364314192988,-322.1364314192988,3835
3994,322.1136014990716,-322.1136014990716,3836
3995,322.08649800388054,-322.08649800388054,3837
3996,322.0619569652734,-322.0619569652734,3838
3997,322.05452280582193,-322.05452280582193,3839
3998,322.3632336734695,-322.3632336734695,3840
3999,323.01071581725284,-323.01071581725284,3841
4000,323.35515363724403,-323.35515363724403,3842
4001,323.36442512784504,-323.36442512784504,3843
4002,323.37576020259456,-323.37576020259456,3844
4003,323.4073685941462,-323.4073685941462,3845
4004,323.4457432893079,-323.4457432893079,3846
4005,323.4789259015003,-323.4789259015003,3847
4006,323.5235314755388,-323.5235314755388,3848
4007,323.5546256077489,-323.5546256077489,3849
4008,323.60130775995924,-323.60130775995924,3850
4009,323.61836767918857,-323.61836767918857,3851
4010,323.6302461079479,-323.6302461079479,3852
4011,323.64108069610825,-323.64108069610825,3853
4012,323.65192445315864,-323.65192445315864,3854
4013,323.6623072180565,-323.6623072180565,3855
4014,323.67203695093184,-323.67203695093184,3856
4015,323.68397599895934,-323.68397599895934,3857
4016,323.6777363605961,-323.6777363605961,3858
4017,323.66900021274625,-323.66900021274625,3859
4018,323.6405812613094,-323.6405812613094,3860
4019,323.60443361115915,-323.60443361115915,3861
4020,323.56288458241306,-323.56288458241306,3862
4021,323.53774504142723,-323.53774504142723,3863
4022,323.51844214701686,-323.51844214701686,3864
4023,323.48973373073017,-323.48973373073017,3865
4024,323.46993929048153,-323.46993929048153,3866
4025,323.4564044582527,-323.4564044582527,3867
4026,323.4532459882794,-323.4532459882794,3868
4027,323.4926633376206,-323.4926633376206,3869
4028,323.5237570596544,-323.5237570596544,3870
4029,323.5652696344651,-323.5652696344651,3871
4030,323.5916878873673,-323.5916878873673,3872
4031,323.64460654712093,-323.64460654712093,3873
4032,323.68764542036394,-323.68764542036394,3874
4033,323.7109384467375,-323.7109384467375,3875
4034,323.7253969844979,-323.7253969844979,3876
4035,323.73624828296283,-323.73624828296283,3877
4036,323.7491897811141,-323.7491897811141,3878
4037,323.75855916204245,-323.75855916204245,3879
4038,323.7705421598324,-323.7705421598324,3880
4039,323.7840909174016,-323.7840909174016,3881
4040,323.7790925567141,-323.7790925567141,3882
4041,323.7648740085096,-323.7648740085096,3883
4042,323.9395497720239,-323.9395497720239,3884
4043,323.9139548578929,-323.9139548578929,3885
4044,323.87958330926034,-323.87958330926034,3886
4045,324.429897875452,-324.429897875452,3887
4046,324.94945429978577,-324.94945429978577,3888
4047,325.2802566901795,-325.2802566901795,3889
4048,326.00157741809977,-326.00157741809977,3890
4049,326.54300587772116,-326.54300587772116,3891
4050,326.54186782659525,-326.54186782659525,3892
4051,326.5713902523468,-326.5713902523468,3893
4052,326.6461502912471,-326.6461502912471,3894
4053,326.68089735787385,-326.68089735787385,3895
4054,326.7151190326191,-326.7151190326191,3896
4055,326.7649205750352,-326.7649205750352,3897
4056,326.80016617289874,-326.80016617289874,3898
4057,326.82709831568195,-326.82709831568195,3899
4058,326.84051563522297,-326.84051563522297,3900
4059,326.8508504324784,-326.8508504324784,3901
4060,326.86380770942344,-326.86380770942344,3902
4061,326.87570097353654,-326.87570097353654,3903
4062,326.88392067035494,-326.88392067035494,3904
4063,326.89616811395763,-326.89616811395763,3905
4064,326.9042305045522,-326.9042305045522,3906
4065,327.1378638838557,-327.1378638838557,3907
4066,327.62419309696423,-327.62419309696423,3908
4067,327.6531547637857,-327.6531547637857,3909
4068,327.8899450284153,-327.8899450284153,3910
4069,328.44457559181495,-328.44457559181495,3911
4070,329.32643238789456,-329.32643238789456,3912
4071,329.8629405596588,-329.8629405596588,3913
4072,329.8604179621023,-329.8604179621023,3914
4073,329.8583882225074,-329.8583882225074,3915
4074,329.85709546796085,-329.85709546796085,3916
4075,329.8939122774898,-329.8939122774898,3917
4076,329.93229748799615,-329.93229748799615,3918
4077,329.9722352923097,-329.9722352923097,3919
4078,329.9986660870414,-329.9986660870414,3920
4079,330.03599452020137,-330.03599452020137,3921
4080,330.07643598857834,-330.07643598857834,3922
4081,330.0986917177397,-330.0986917177397,3923
4082,330.1173086204528,-330.1173086204528,3924
4083,330.1281290814405,-330.1281290814405,3925
4084,330.1435745063926,-330.1435745063926,3926
4085,330.1547387371002,-330.1547387371002,3927
4086,330.1635176180786,-330.1635176180786,3928
4087,330.17250818449673,-330.17250818449673,3929
4088,330.1718387604799,-330.1718387604799,3930
4089,330.17186703441627,-330.17186703441627,3931
4090,330.17025510411827,-330.17025510411827,3932
4091,330.2374807303978,-330.2374807303978,3933
4092,330.23723209835964,-330.23723209835964,3934
4093,330.25421028827907,-330.25421028827907,3935
4094,330.2757782515634,-330.2757782515634,3936
4095,330.2864364496488,-330.2864364496488,3937
4096,330.30089393264996,-330.30089393264996,3938
4097,330.3096507270665,-330.3096507270665,3939
4098,330.3225681423245,-330.3225681423245,3940
4099,330.3354706450805,-330.3354706450805,3941
4100,330.37176832950075,-330.37176832950075,3942
4101,330.41586591275393,-330.41586591275393,3943
4102,330.4583954002577,-330.4583954002577,3944
4103,330.5159929072227,-330.5159929072227,3945
4104,330.5855306356146,-330.5855306356146,3946
4105,330.6036328804115,-330.6036328804115,3947
4106,330.61497553649866,-330.61497553649866,3948
4107,330.6258122580032,-330.6258122580032,3949
4108,330.64027871180036,-330.64027871180036,3950
4109,330.6490378263553,-330.6490378263553,3951
4110,330.65985040232937,-330.65985040232937,3952
4111,330.6701354092425,-330.6701354092425,3953
4112,330.705429837523,-330.705429837523,3954
4113,330.7183209201885,-330.7183209201885,3955
4114,330.71839942033114,-330.71839942033114,3956
4115,330.7140513967681,-330.7140513967681,3957
4116,330.7108958598384,-330.7108958598384,3958
4117,330.73055635906553,-330.73055635906553,3959
4118,330.75473504807997,-330.75473504807997,3960
4119,330.77542472463625,-330.77542472463625,3961
4120,330.78986825315224,-330.78986825315224,3962
4121,330.81939805133266,-330.81939805133266,3963
4122,330.83386133418975,-330.83386133418975,3964
4123,330.8639089957732,-330.8639089957732,3965
4124,330.9022937967735,-330.9022937967735,3966
4125,330.92927500579356,-330.92927500579356,3967
4126,330.9556998304197,-330.9556998304197,3968
4127,330.9857600467601,-330.9857600467601,3969
4128,331.0286485758579,-331.0286485758579,3970
4129,331.0451895621227,-331.0451895621227,3971
4130,331.05445067635804,-331.05445067635804,3972
4131,331.06163002094377,-331.06163002094377,3973
4132,331.0755601961507,-331.0755601961507,3974
4133,331.0910922437175,-331.0910922437175,3975
4134,331.1024522176583,-331.1024522176583,3976
4135,331.1273340311996,-331.1273340311996,3977
4136,331.12396932860827,-331.12396932860827,3978
4137,331.9161889171119,-331.9161889171119,3979
4138,332.83058025160017,-332.83058025160017,3980
4139,333.78166902916024,-333.78166902916024,3981
4140,333.78263579478914,-333.78263579478914,3982
4141,333.75207893850614,-333.75207893850614,3983
4142,333.7321560717602,-333.7321560717602,3984
4143,333.70783540261084,-333.70783540261084,3985
4144,333.69080592708127,-333.69080592708127,3986
4145,333.68177259564214,-333.68177259564214,3987
4146,333.6785233132839,-333.6785233132839,3988
4147,333.708574653496,-333.708574653496,3989
4148,333.74694240131805,-333.74694240131805,3990
4149,333.78221312443236,-333.78221312443236,3991
4150,333.81486781664705,-333.81486781664705,3992
4151,333.851156588476,-333.851156588476,3993
4152,333.89522944342144,-333.89522944342144,3994
4153,333.91332633124074,-333.91332633124074,3995
4154,333.9257058637395,-333.9257058637395,3996
4155,333.9355158038706,-333.9355158038706,3997
4156,333.9472332525153,-333.9472332525153,3998
4157,333.95563250988346,-333.95563250988346,3999
4158,333.96756338075886,-333.96756338075886,4000
4159,333.979227502668,-333.979227502668,4001
4160,333.9758046252207,-333.9758046252207,4002
4161,333.9681051924065,-333.9681051924065,4003
4162,333.95495425881427,-333.95495425881427,4004
4163,333.9460995899144,-333.9460995899144,4005
4164,333.94289056778496,-333.94289056778496,4006
4165,334.0988620800495,-334.0988620800495,4007
4166,335.01046048048283,-335.01046048048283,4008
4167,335.2186517781305,-335.2186517781305,4009
4168,335.2056497764357,-335.2056497764357,4010
4169,335.19518153598705,-335.19518153598705,4011
4170,335.21487320425905,-335.21487320425905,4012
4171,335.2407701724991,-335.2407701724991,4013
4172,335.2666735347371,-335.2666735347371,4014
4173,335.28635719553006,-335.28635719553006,4015
4174,335.30446407128994,-335.30446407128994,4016
4175,335.33971607318875,-335.33971607318875,4017
4176,335.36805562916527,-335.36805562916527,4018
4177,335.39862406586167,-335.39862406586167,4019
4178,335.41241126824826,-335.41241126824826,4020
4179,335.4243054370807,-335.4243054370807,4021
4180,335.4382791148035,-335.4382791148035,4022
4181,335.4486431474742,-335.4486431474742,4023
4182,335.46053236733417,-335.46053236733417,4024
4183,335.45503007011695,-335.45503007011695,4025
4184,335.4466676037373,-335.4466676037373,4026
4185,335.4558964857503,-335.4558964857503,4027
4186,335.4514880156272,-335.4514880156272,4028
4187,335.4434140366546,-335.4434140366546,4029
4188,335.4294262738216,-335.4294262738216,4030
4189,335.42227247381805,-335.42227247381805,4031
4190,335.41795816102064,-335.41795816102064,4032
4191,335.7451477650197,-335.7451477650197,4033
4192,336.477677709495,-336.477677709495,4034
4193,337.163746007262,-337.163746007262,4035
4194,337.25627582554915,-337.25627582554915,4036
4195,337.26813377898077,-337.26813377898077,4037
4196,337.28260362744214,-337.28260362744214,4038
4197,337.290835240362,-337.290835240362,4039
4198,337.3053141927316,-337.3053141927316,4040
4199,337.34612798409023,-337.34612798409023,4041
4200,337.3864221453293,-337.3864221453293,4042
4201,337.40348228723053,-337.40348228723053,4043
4202,337.4181900410099,-337.4181900410099,4044
4203,337.42682060135064,-337.42682060135064,4045
4204,337.43751704189003,-337.43751704189003,4046
4205,337.44572567325525,-337.44572567325525,4047
4206,337.4555732405746,-337.4555732405746,4048
4207,337.46627860547443,-337.46627860547443,4049
4208,337.4619774454331,-337.4619774454331,4050
4209,337.6379454487207,-337.6379454487207,4051
4210,337.6371834790443,-337.6371834790443,4052
4211,337.634600662267,-337.634600662267,4053
4212,337.63110263582314,-337.63110263582314,4054
4213,337.6108821357803,-337.6108821357803,4055
4214,337.5894988432459,-337.5894988432459,4056
4215,337.6176895573992,-337.6176895573992,4057
4216,337.5996246810576,-337.5996246810576,4058
4217,337.5925039035401,-337.5925039035401,4059
4218,337.5892229592574,-337.5892229592574,4060
4219,337.60938457595245,-337.60938457595245,4061
4220,337.6259343053466,-337.6259343053466,4062
4221,337.63714691604554,-337.63714691604554,4063
4222,337.65733214022,-337.65733214022,4064
4223,337.6842721627601,-337.6842721627601,4065
4224,337.7132802057397,-337.7132802057397,4066
4225,337.7407313235608,-337.7407313235608,4067
4226,337.7557077059474,-337.7557077059474,4068
4227,337.7691513480781,-337.7691513480781,4069
4228,337.7835826029418,-337.7835826029418,4070
4229,337.7943631087535,-337.7943631087535,4071
4230,337.8053530565288,-337.8053530565288,4072
4231,337.8135937387359,-337.8135937387359,4073
4232,337.8224563872969,-337.8224563872969,4074
4233,337.8205277514054,-337.8205277514054,4075
4234,337.8113331022704,-337.8113331022704,4076
4235,337.80395802476363,-337.80395802476363,4077
4236,338.0940363182915,-338.0940363182915,4078
4237,338.5768443515411,-338.5768443515411,4079
4238,339.16357779739474,-339.16357779739474,4080
4239,339.15920090057307,-339.15920090057307,4081
4240,339.1461995571828,-339.1461995571828,4082
4241,339.1372762416663,-339.1372762416663,4083
4242,339.13151526922246,-339.13151526922246,4084
4243,339.1480516712882,-339.1480516712882,4085
4244,339.15627799572957,-339.15627799572957,4086
4245,339.1655508326893,-339.1655508326893,4087
4246,339.19509308245637,-339.19509308245637,4088
4247,339.23241988992106,-339.23241988992106,4089
4248,339.27011602821733,-339.27011602821733,4090
4249,339.29652980427716,-339.29652980427716,4091
4250,339.3203426870377,-339.3203426870377,4092
4251,339.33584295142583,-339.33584295142583,4093
4252,339.3508358814263,-339.3508358814263,4094
4253,339.3606600107017,-339.3606600107017,4095
4254,339.37047303500873,-339.37047303500873,4096
4255,339.3683538506545,-339.3683538506545,4097
4256,339.365471448739,-339.365471448739,4098
4257,339.3651172786127,-339.3651172786127,4099
4258,339.375975745082,-339.375975745082,4100
4259,340.0280815192003,-340.0280815192003,4101
4260,340.0439587108346,-340.0439587108346,4102
4261,340.0755745120812,-340.0755745120812,4103
4262,340.11206925834546,-340.11206925834546,4104
4263,340.110608438379,-340.110608438379,4105
4264,340.0984362949464,-340.0984362949464,4106
4265,340.0934533366136,-340.0934533366136,4107
4266,340.09133098010545,-340.09133098010545,4108
4267,340.1073480227254,-340.1073480227254,4109
4268,340.1290891587742,-340.1290891587742,4110
4269,340.14460431501965,-340.14460431501965,4111
4270,340.1751837583621,-340.1751837583621,4112
4271,340.2130387927016,-340.2130387927016,4113
4272,340.23789570891887,-340.23789570891887,4114
4273,340.2674301514201,-340.2674301514201,4115
4274,340.27982836415646,-340.27982836415646,4116
4275,340.29274582800616,-340.29274582800616,4117
4276,340.30929468499863,-340.30929468499863,4118
4277,340.3211412732309,-340.3211412732309,4119
4278,340.3318118397287,-340.3318118397287,4120
4279,340.34298304775615,-340.34298304775615,4121
4280,340.3373770873267,-340.3373770873267,4122
4281,341.21388402687825,-341.21388402687825,4123
4282,341.7828585992954,-341.7828585992954,4124
4283,341.77352568454376,-341.77352568454376,4125
4284,341.7336787061268,-341.7336787061268,4126
4285,341.69267125585617,-341.69267125585617,4127
4286,341.6616573322429,-341.6616573322429,4128
4287,341.6352333059666,-341.6352333059666,4129
4288,341.624514790126,-341.624514790126,4130
4289,341.6166263719499,-341.6166263719499,4131
4290,341.6113516871125,-341.6113516871125,4132
4291,341.62737570535205,-341.62737570535205,4133
4292,341.6418476451962,-341.6418476451962,4134
4293,341.65059983765457,-341.65059983765457,4135
4294,341.6630004665279,-341.6630004665279,4136
4295,341.7003237808686,-341.7003237808686,4137
4296,341.73542131851565,-341.73542131851565,4138
4297,341.76391425838676,-341.76391425838676,4139
4298,341.7799331118242,-341.7799331118242,4140
4299,341.79338762999504,-341.79338762999504,4141
4300,341.8024825665251,-341.8024825665251,4142
4301,341.81091712483305,-341.81091712483305,4143
4302,341.8197506439403,-341.8197506439403,4144
4303,342.121198191743,-342.121198191743,4145
4304,342.76556429727276,-342.76556429727276,4146
4305,343.08470869315204,-343.08470869315204,4147
4306,343.09195937987306,-343.09195937987306,4148
4307,343.077681033679,-343.077681033679,4149
4308,343.06419659761883,-343.06419659761883,4150
4309,343.06121502150495,-343.06121502150495,4151
4310,343.049427225547,-343.049427225547,4152
4311,343.03939537452413,-343.03939537452413,4153
4312,343.0279391900938,-343.0279391900938,4154
4313,343.01885947324536,-343.01885947324536,4155
4314,343.01458091278744,-343.01458091278744,4156
4315,343.0337040507338,-343.0337040507338,4157
4316,343.05180889383195,-343.05180889383195,4158
4317,343.0609343999768,-343.0609343999768,4159
4318,343.07333239510416,-343.07333239510416,4160
4319,343.0970036086083,-343.0970036086083,4161
4320,343.1211924382695,-343.1211924382695,4162
4321,343.1465644177852,-343.1465644177852,4163
4322,343.15784493843466,-343.15784493843466,4164
4323,343.16830300706744,-343.16830300706744,4165
4324,343.17649765952365,-343.17649765952365,4166
4325,343.1856874573591,-343.1856874573591,4167
4326,343.19425401716177,-343.19425401716177,4168
4327,343.20483443290277,-343.20483443290277,4169
4328,343.1987895011414,-343.1987895011414,4170
4329,343.1841682191877,-343.1841682191877,4171
4330,343.15693651415125,-343.15693651415125,4172
4331,343.12234026978945,-343.12234026978945,4173
4332,343.0869088349509,-343.0869088349509,4174
4333,343.05210916131676,-343.05210916131676,4175
4334,343.04040036837847,-343.04040036837847,4176
4335,343.0257208361387,-343.0257208361387,4177
4336,343.0400245026519,-343.0400245026519,4178
4337,343.0486269433009,-343.0486269433009,4179
4338,343.0604845934695,-343.0604845934695,4180
4339,343.13573260636736,-343.13573260636736,4181
4340,343.1548700165867,-343.1548700165867,4182
4341,343.1682955876957,-343.1682955876957,4183
4342,343.18848454693415,-343.18848454693415,4184
4343,343.2142290421559,-343.2142290421559,4185
4344,343.2546727825451,-343.2546727825451,4186
4345,343.2764054499674,-343.2764054499674,4187
4346,343.28982441043786,-343.28982441043786,4188
4347,343.3006769611143,-343.3006769611143,4189
4348,343.314152408649,-343.314152408649,4190
4349,343.3240399323653,-343.3240399323653,4191
4350,343.339121336648,-343.339121336648,4192
4351,343.33660181592006,-343.33660181592006,4193
4352,343.33487477203425,-343.33487477203425,4194
4353,343.3278246130206,-343.3278246130206,4195
4354,343.30325347624097,-343.30325347624097,4196
4355,343.2755609595088,-343.2755609595088,4197
4356,343.2473963389916,-343.2473963389916,4198
4357,343.2436207707079,-343.2436207707079,4199
4358,343.2291897622673,-343.2291897622673,4200
4359,343.218816654221,-343.218816654221,4201
4360,343.21398619094975,-343.21398619094975,4202
4361,343.22949640364936,-343.22949640364936,4203
4362,343.2398089307057,-343.2398089307057,4204
4363,343.26465707767176,-343.26465707767176,4205
4364,343.2770375876173,-343.2770375876173,4206
4365,343.28476346473354,-343.28476346473354,4207
4366,343.3023505026597,-343.3023505026597,4208
4367,343.3308469755954,-343.3308469755954,4209
4368,343.37232719836686,-343.37232719836686,4210
4369,343.416405709038,-343.416405709038,4211
4370,343.43036188837385,-343.43036188837385,4212
4371,343.4420997349715,-343.4420997349715,4213
4372,343.45347300709795,-343.45347300709795,4214
4373,343.46320025654705,-343.46320025654705,4215
4374,343.4746393445228,-343.4746393445228,4216
4375,343.4824274397666,-343.4824274397666,4217
4376,343.47417447848113,-343.47417447848113,4218
4377,343.4610838721834,-343.4610838721834,4219
4378,343.44141793444675,-343.44141793444675,4220
4379,343.422308965584,-343.422308965584,4221
4380,343.4081640680971,-343.4081640680971,4222
4381,343.40524335619807,-343.40524335619807,4223
4382,343.45463073599507,-343.45463073599507,4224
4383,344.12145410798274,-344.12145410798274,4225
4384,344.17292892664597,-344.17292892664597,4226
4385,344.1868683251826,-344.1868683251826,4227
4386,344.20236058122765,-344.20236058122765,4228
4387,344.22876309850585,-344.22876309850585,4229
4388,344.24685439836645,-344.24685439836645,4230
4389,344.2556122038615,-344.2556122038615,4231
4390,344.2706199731755,-344.2706199731755,4232
4391,344.3084694512026,-344.3084694512026,4233
4392,344.3432016916919,-344.3432016916919,4234
4393,344.3680540173083,-344.3680540173083,4235
4394,344.37991485667044,-344.37991485667044,4236
4395,344.3918158989317,-344.3918158989317,4237
4396,344.40217019776793,-344.40217019776793,4238
4397,344.41410467986134,-344.41410467986134,4239
4398,344.42393354835747,-344.42393354835747,4240
4399,344.89000803631785,-344.89000803631785,4241
4400,345.705679283764,-345.705679283764,4242
4401,346.51542729277895,-346.51542729277895,4243
4402,347.62643813277896,-347.62643813277896,4243
4403,348.1309310008892,-348.1309310008892,4244
4404,348.12435535708806,-348.12435535708806,4245
4405,348.10631620607523,-348.10631620607523,4246
4406,348.0896152769132,-348.0896152769132,4247
4407,348.0853953669687,-348.0853953669687,4248
4408,348.069033885608,-348.069033885608,4249
4409,348.05650183596856,-348.05650183596856,4250
4410,348.04811161564464,-348.04811161564464,4251
4411,348.0729530890594,-348.0729530890594,4252
4412,348.088980903428,-348.088980903428,4253
4413,348.1195623156381,-348.1195623156381,4254
4414,348.1454688698404,-348.1454688698404,4255
4415,348.18279614877105,-348.18279614877105,4256
4416,348.22308979868865,-348.22308979868865,4257
4417,348.2526171004506,-348.2526171004506,4258
4418,348.2685281201934,-348.2685281201934,4259
4419,348.2816588257449,-348.2816588257449,4260
4420,348.2918350553294,-348.2918350553294,4261
4421,348.30256579836123,-348.30256579836123,4262
4422,348.31489241115327,-348.31489241115327,4263
4423,348.3246713022261,-348.3246713022261,4264
4424,348.31831607438926,-348.31831607438926,4265
4425,348.30674750921656,-348.30674750921656,4266
4426,348.28797963656405,-348.28797963656405,4267
4427,348.2624277616069,-348.2624277616069,4268
4428,348.2298407835112,-348.2298407835112,4269
4429,348.191168816421,-348.191168816421,4270
4430,348.16225389644524,-348.16225389644524,4271
4431,348.139713859871,-348.139713859871,4272
4432,348.13046552585973,-348.13046552585973,4273
4433,348.12463012938264,-348.12463012938264,4274
4434,348.12164828395123,-348.12164828395123,4275
4435,348.1437483741775,-348.1437483741775,4276
4436,348.15666008171576,-348.15666008171576,4277
4437,348.1742558829967,-348.1742558829967,4278
4438,348.2079584078248,-348.2079584078248,4279
4439,348.2473681161112,-348.2473681161112,4280
4440,348.27779158700315,-348.27779158700315,4281
4441,348.3118464293276,-348.3118464293276,4282
4442,348.3261566209134,-348.3261566209134,4283
4443,348.3344158406967,-348.3344158406967,4284
4444,348.34684535028947,-348.34684535028947,4285
4445,348.3551375941799,-348.3551375941799,4286
4446,348.3664063589729,-348.3664063589729,4287
4447,348.3757585070902,-348.3757585070902,4288
4448,348.3882515752498,-348.3882515752498,4289
4449,348.40401756341953,-348.40401756341953,4290
4450,348.4502282028467,-348.4502282028467,4291
4451,348.446922145072,-348.446922145072,4292
4452,348.4394943458504,-348.4394943458504,4293
4453,348.42069049465823,-348.42069049465823,4294
4454,348.40539575543147,-348.40539575543147,4295
4455,348.3912152807484,-348.3912152807484,4296
4456,348.37925429762305,-348.37925429762305,4297
4457,348.37095421281816,-348.37095421281816,4298
4458,348.368583153671,-348.368583153671,4299
4459,348.39499766374183,-348.39499766374183,4300
4460,348.4177819527033,-348.4177819527033,4301
4461,348.4390078977036,-348.4390078977036,4302
4462,348.46269478774116,-348.46269478774116,4303
4463,348.4948273106965,-348.4948273106965,4304
4464,348.51864249745375,-348.51864249745375,4305
4465,348.5305064033066,-348.5305064033066,4306
4466,348.5392472679471,-348.5392472679471,4307
4467,348.55214833416056,-348.55214833416056,4308
4468,348.56504493010556,-348.56504493010556,4309
4469,348.57950799637064,-348.57950799637064,4310
4470,348.5924102616999,-348.5924102616999,4311
4471,348.58941391790665,-348.58941391790665,4312
4472,348.582996731756,-348.582996731756,4313
4473,348.57102306138125,-348.57102306138125,4314
4474,348.9060448623439,-348.9060448623439,4315
4475,349.79238754759984,-349.79238754759984,4316
4476,349.8798471613011,-349.8798471613011,4317
4477,349.86294024123646,-349.86294024123646,4318
4478,349.84657203558135,-349.84657203558135,4319
4479,349.82882318089025,-349.82882318089025,4320
4480,349.81095524794046,-349.81095524794046,4321
4481,349.7963122805995,-349.7963122805995,4322
4482,349.78693581474965,-349.78693581474965,4323
4483,349.80191721407004,-349.80191721407004,4324
4484,349.8153517536923,-349.8153517536923,4325
4485,349.8235884330683,-349.8235884330683,4326
4486,349.933140024813,-349.933140024813,4327
4487,349.9527951039419,-349.9527951039419,4328
4488,349.97504862004126,-349.97504862004126,4329
4489,349.99767110930327,-349.99767110930327,4330
4490,350.02098487634237,-350.02098487634237,4331
4491,350.0302814936562,-350.0302814936562,4332
4492,350.04010945123883,-350.04010945123883,4333
4493,350.04726263607785,-350.04726263607785,4334
4494,350.06144045730696,-350.06144045730696,4335
4495,350.059688763038,-350.059688763038,4336
4496,350.0533457295196,-350.0533457295196,4337
4497,350.0472581929651,-350.0472581929651,4338
4498,350.03562818181683,-350.03562818181683,4339
4499,350.03001066913777,-350.03001066913777,4340
4500,350.02077286281894,-350.02077286281894,4341
4501,349.9762608274601,-349.9762608274601,4342
4502,349.94666909203977,-349.94666909203977,4343
4503,350.3625442373741,-350.3625442373741,4344
4504,350.3553978707177,-350.3553978707177,4345
4505,350.3481170822721,-350.3481170822721,4346
4506,350.34152817069116,-350.34152817069116,4347
4507,350.3524275658457,-350.3524275658457,4348
4508,350.3684419795454,-350.3684419795454,4349
4509,350.41046568024103,-350.41046568024103,4350
4510,350.43584405228813,-350.43584405228813,4351
4511,350.4736984367244,-350.4736984367244,4352
4512,350.5962367583515,-350.5962367583515,4353
4513,350.6242077578963,-350.6242077578963,4354
4514,350.6428405288748,-350.6428405288748,4355
4515,350.6568094079659,-350.6568094079659,4356
4516,350.66818499008804,-350.66818499008804,4357
4517,350.6759224773171,-350.6759224773171,4358
4518,350.68727094344706,-350.68727094344706,4359
4519,350.69692688445883,-350.69692688445883,4360
4520,350.68997534392315,-350.68997534392315,4361
4521,350.67658665124367,-350.67658665124367,4362
4522,350.65053402460217,-350.65053402460217,4363
4523,350.6310324521009,-350.6310324521009,4364
4524,350.60857402586083,-350.60857402586083,4365
4525,350.5853231120963,-350.5853231120963,4366
4526,350.57390062118066,-350.57390062118066,4367
4527,350.78011937801574,-350.78011937801574,4368
4528,350.7593164206858,-350.7593164206858,4369
4529,350.74489583625746,-350.74489583625746,4370
4530,350.7386549692657,-350.7386549692657,4371
4531,350.7520499667282,-350.7520499667282,4372
4532,350.7722135608496,-350.7722135608496,4373
4533,350.7774085563529,-350.7774085563529,4374
4534,350.79655724470746,-350.79655724470746,4375
4535,350.83183167226855,-350.83183167226855,4376
4536,350.8681208456145,-350.8681208456145,4377
4537,350.89557303249165,-350.89557303249165,4378
4538,350.9105500003499,-350.9105500003499,4379
4539,350.92764338456493,-350.92764338456493,4380
4540,350.94163480023406,-350.94163480023406,4381
4541,350.95723112309173,-350.95723112309173,4382
4542,350.9670587678258,-350.9670587678258,4383
4543,350.9625859657481,-350.9625859657481,4384
4544,350.9572086942435,-350.9572086942435,4385
4545,350.9481903493241,-350.9481903493241,4386
4546,350.92375660936676,-350.92375660936676,4387
4547,350.9006169518988,-350.9006169518988,4388
4548,351.73638428854633,-351.73638428854633,4389
4549,352.4648592725865,-352.4648592725865,4390
4550,352.5948339914526,-352.5948339914526,4391
4551,352.5655240880611,-352.5655240880611,4392
4552,352.55441744455317,-352.55441744455317,4393
4553,352.5438214550618,-352.5438214550618,4394
4554,352.53696239793175,-352.53696239793175,4395
4555,352.5467398435091,-352.5467398435091,4396
4556,352.558606532435,-352.558606532435,4397
4557,352.5710024000641,-352.5710024000641,4398
4558,352.62912336508026,-352.62912336508026,4399
4559,352.66697065834217,-352.66697065834217,4400
4560,352.7536608513011,-352.7536608513011,4401
4561,352.775916010222,-352.775916010222,4402
4562,352.78988711964837,-352.78988711964837,4403
4563,352.8007355715997,-352.8007355715997,4404
4564,352.8126361215278,-352.8126361215278,4405
4565,352.81990424884543,-352.81990424884543,4406
4566,352.8297604169994,-352.8297604169994,4407
4567,352.82783714791367,-352.82783714791367,4408
4568,352.81992067505587,-352.81992067505587,4409
4569,352.8095850813496,-352.8095850813496,4410
4570,352.78501363799995,-352.78501363799995,4411
4571,352.76149093207306,-352.76149093207306,4412
4572,352.7336955139509,-352.7336955139509,4413
4573,352.7729075038741,-352.7729075038741,4414
4574,352.84424349376707,-352.84424349376707,4415
4575,352.82348689998236,-352.82348689998236,4416
4576,352.81939231327215,-352.81939231327215,4417
4577,352.8179937936284,-352.8179937936284,4418
4578,352.81536491136313,-352.81536491136313,4419
4579,352.8355499362933,-352.8355499362933,4420
4580,352.84532608621964,-352.84532608621964,4421
4581,352.8666091111865,-352.8666091111865,4422
4582,352.89095272625616,-352.89095272625616,4423
4583,352.9272549041585,-352.9272549041585,4424
4584,352.9666579603325,-352.9666579603325,4425
4585,352.99255112149694,-352.99255112149694,4426
4586,353.0007882327795,-353.0007882327795,4427
4587,353.01112329076227,-353.01112329076227,4428
4588,353.02095108387977,-353.02095108387977,4429
4589,353.0292583311909,-353.0292583311909,4430
4590,353.04430756682575,-353.04430756682575,4431
4591,353.0560954388147,-353.0560954388147,4432
4592,353.069254061365,-353.069254061365,4433
4593,353.17871070358063,-353.17871070358063,4434
4594,353.16381614173423,-353.16381614173423,4435
4595,353.1447651899953,-353.1447651899953,4436
4596,353.1262767514599,-353.1262767514599,4437
4597,353.09819986028737,-353.09819986028737,4438
4598,353.0642159875208,-353.0642159875208,4439
4599,353.039707937693,-353.039707937693,4440
4600,353.0213908553584,-353.0213908553584,4441
4601,353.0087677612528,-353.0087677612528,4442
4602,353.00141722672794,-353.00141722672794,4443
4603,353.02158684751686,-353.02158684751686,4444
4604,353.0552808291531,-353.0552808291531,4445
4605,353.08104290739016,-353.08104290739016,4446
4606,353.1090297449989,-353.1090297449989,4447
4607,353.1505126245112,-353.1505126245112,4448
4608,353.1862796705495,-353.1862796705495,4449
4609,353.21216819578785,-353.21216819578785,4450
4610,353.2250646623154,-353.2250646623154,4451
4611,353.23796719568196,-353.23796719568196,4452
4612,353.24876372273457,-353.24876372273457,4453
4613,353.25754388130235,-353.25754388130235,4454
4614,353.26904411186405,-353.26904411186405,4455
4615,353.26693720698756,-353.26693720698756,4456
4616,353.9088644940998,-353.9088644940998,4457
4617,354.57107550083583,-354.57107550083583,4458
4618,355.16662864133065,-355.16662864133065,4459
4619,355.1794672972419,-355.1794672972419,4460
4620,355.1775389216223,-355.1775389216223,4461
4621,355.14791888995006,-355.14791888995006,4462
4622,355.1184070195704,-355.1184070195704,4463
4623,355.091383186516,-355.091383186516,4464
4624,355.07013029154047,-355.07013029154047,4465
4625,355.05941541788303,-355.05941541788303,4466
4626,355.05402991129057,-355.05402991129057,4467
4627,355.0814817391979,-355.0814817391979,4468
4628,355.1021918443399,-355.1021918443399,4469
4629,355.1218646870476,-355.1218646870476,4470
4630,355.14309609624024,-355.14309609624024,4471
4631,355.16847326619506,-355.16847326619506,4472
4632,355.19748674707324,-355.19748674707324,4473
4633,355.21766239203697,-355.21766239203697,4474
4634,355.2295388215728,-355.2295388215728,4475
4635,355.2386716661985,-355.2386716661985,4476
4636,355.2533505322435,-355.2533505322435,4477
4637,355.2622327704309,-355.2622327704309,4478
4638,355.2691772800622,-355.2691772800622,4479
4639,355.27902957151343,-355.27902957151343,4480
4640,355.2938002503363,-355.2938002503363,4481
4641,355.3059534161965,-355.3059534161965,4482
4642,355.30138174464196,-355.30138174464196,4483
4643,355.2937874494104,-355.2937874494104,4484
4644,355.2883960747421,-355.2883960747421,4485
4645,355.2750981180891,-355.2750981180891,4486
4646,355.2661788882034,-355.2661788882034,4487
4647,355.25855698640487,-355.25855698640487,4488
4648,355.25302873072735,-355.25302873072735,4489
4649,355.247172187041,-355.247172187041,4490
4650,355.2434789441656,-355.2434789441656,4491
4651,355.25897819760775,-355.25897819760775,4492
4652,355.28279523387283,-355.28279523387283,4493
4653,355.2925913080008,-355.2925913080008,4494
4654,355.3143350999076,-355.3143350999076,4495
4655,355.34750401045613,-355.34750401045613,4496
4656,355.38898243039296,-355.38898243039296,4497
4657,355.4216329947348,-355.4216329947348,4498
4658,355.44128743298785,-355.44128743298785,4499
4659,355.45574356698563,-355.45574356698563,4500
4660,355.4650032953433,-355.4650032953433,4501
4661,355.4753335601859,-355.4753335601859,4502
4662,355.48306974563064,-355.48306974563064,4503
4663,355.4918374565711,-355.4918374565711,4504
4664,355.489100552245,-355.489100552245,4505
4665,355.48574586611846,-355.48574586611846,4506
4666,355.47684862638295,-355.47684862638295,4507
4667,355.4693420796389,-355.4693420796389,4508
4668,355.4577279856795,-355.4577279856795,4509
4669,355.44314001371737,-355.44314001371737,4510
4670,355.4274875220577,-355.4274875220577,4511
4671,355.4104418647092,-355.4104418647092,4512
4672,355.4047410100416,-355.4047410100416,4513
4673,355.399332991982,-355.399332991982,4514
4674,355.4268239958545,-355.4268239958545,4515
4675,355.4464759320531,-355.4464759320531,4516
4676,355.46821128543075,-355.46821128543075,4517
4677,355.48684444676564,-355.48684444676564,4518
4678,355.51742942770653,-355.51742942770653,4519
4679,355.54593072018804,-355.54593072018804,4520
4680,355.5827411866282,-355.5827411866282,4521
4681,355.61175063614394,-355.61175063614394,4522
4682,355.6303683320945,-355.6303683320945,4523
4683,355.6438061789114,-355.6438061789114,4524
4684,355.65828552317083,-355.65828552317083,4525
4685,355.66810380205675,-355.66810380205675,4526
4686,355.6815483491562,-355.6815483491562,4527
4687,355.69188267556063,-355.69188267556063,4528
4688,355.7505511672886,-355.7505511672886,4529
4689,355.7494617229574,-355.7494617229574,4530
4690,355.74231792707644,-355.74231792707644,4531
4691,355.73009522895825,-355.73009522895825,4532
4692,355.71621361573386,-355.71621361573386,4533
4693,355.69134253715663,-355.69134253715663,4534
4694,355.67189399161316,-355.67189399161316,4535
4695,355.64987893835394,-355.64987893835394,4536
4696,355.6326582778274,-355.6326582778274,4537
4697,355.6196193007028,-355.6196193007028,4538
4698,355.61133289881826,-355.61133289881826,4539
4699,355.63567045967176,-355.63567045967176,4540
4700,355.6542886862453,-355.6542886862453,4541
4701,355.66720632986033,-355.66720632986033,4542
4702,355.6868761534123,-355.6868761534123,4543
4703,355.7268058893361,-355.7268058893361,4544
4704,355.75374049976654,-355.75374049976654,4545
4705,355.7806742396837,-355.7806742396837,4546
4706,355.7940928221931,-355.7940928221931,4547
4707,355.80594502479585,-355.80594502479585,4548
4708,355.81417013264405,-355.81417013264405,4549
4709,355.8235155503814,-355.8235155503814,4550
4710,355.82970734830855,-355.82970734830855,4551
4711,355.99846459221345,-355.99846459221345,4552
4712,356.6551017540804,-356.6551017540804,4553
4713,357.4613897074721,-357.4613897074721,4554
4714,357.885759380081,-357.885759380081,4555
4715,357.86013915147265,-357.86013915147265,4556
4716,357.8359506653612,-357.8359506653612,4557
4717,357.8164287156617,-357.8164287156617,4558
4718,357.800023915649,-357.800023915649,4559
4719,357.99712721287364,-357.99712721287364,4560
4720,358.6743190274489,-358.6743190274489,4561
4721,358.71209024513763,-358.71209024513763,4562
4722,358.7088266614642,-358.7088266614642,4563
4723,358.7248400332273,-358.7248400332273,4564
4724,358.7372349878738,-358.7372349878738,4565
4725,358.75533959431476,-358.75533959431476,4566
4726,358.78176789867405,-358.78176789867405,4567
4727,358.81909503650917,-358.81909503650917,4568
4728,358.857981273596,-358.857981273596,4569
4729,358.8807539568481,-358.8807539568481,4570
4730,358.89310640813954,-358.89310640813954,4571
4731,358.9063406887437,-358.9063406887437,4572
4732,358.9179622665713,-358.9179622665713,4573
4733,358.9300357141913,-358.9300357141913,4574
4734,358.94424604408647,-358.94424604408647,4575
4735,359.3237230048088,-359.3237230048088,4576
4736,359.33318226779363,-359.33318226779363,4577
4737,360.02015121294784,-360.02015121294784,4578
4738,361.05331984691503,-361.05331984691503,4579
4739,361.8571733918956,-361.8571733918956,4580
4740,361.92690912667155,-361.92690912667155,4581
4741,361.89788148815836,-361.89788148815836,4582
4742,361.8620811563706,-361.8620811563706,4583
4743,361.8365748392288,-361.8365748392288,4584
4744,361.8205891940071,-361.8205891940071,4585
4745,361.8126853080264,-361.8126853080264,4586
4746,361.8084095516756,-361.8084095516756,4587
4747,361.8259831415535,-361.8259831415535,4588
4748,361.84357023189,-361.84357023189,4589
4749,361.86584472857504,-361.86584472857504,4590
4750,361.8823959164001,-361.8823959164001,4591
4751,361.92388060770526,-361.92388060770526,4592
4752,361.96068692257666,-361.96068692257666,4593
4753,361.97462642378895,-361.97462642378895,4594
4754,361.98795796858633,-361.98795796858633,4595
4755,361.9960843898689,-361.9960843898689,4596
4756,362.0064598101403,-362.0064598101403,4597
4757,362.0127807328878,-362.0127807328878,4598
4758,362.0211149490424,-362.0211149490424,4599
4759,362.0282239398501,-362.0282239398501,4600
4760,362.06569527148315,-362.06569527148315,4601
4761,362.07942643826686,-362.07942643826686,4602
4762,362.07618583444514,-362.07618583444514,4603
4763,362.05639768959526,-362.05639768959526,4604
4764,362.0363456640174,-362.0363456640174,4605
4765,362.0015844216225,-362.0015844216225,4606
4766,361.97388754729786,-361.97388754729786,4607
4767,361.94692011568003,-361.94692011568003,4608
4768,361.92948608622055,-361.92948608622055,4609
4769,361.9185754249941,-361.9185754249941,4610
4770,361.9123643455407,-361.9123643455407,4611
4771,361.9288911593195,-361.9288911593195,4612
4772,361.9454467123561,-361.9454467123561,4613
4773,361.95524911555333,-361.95524911555333,4614
4774,361.9759520015536,-361.9759520015536,4615
4775,362.0143217651496,-362.0143217651496,4616
4776,362.05476063621995,-362.05476063621995,4617
4777,362.0816922696574,-362.0816922696574,4618
4778,362.090433545093,-362.090433545093,4619
4779,362.1007283079198,-362.1007283079198,4620
4780,362.10945850984893,-362.10945850984893,4621
4781,362.1182453857413,-362.1182453857413,4622
4782,362.1244686518008,-362.1244686518008,4623
4783,362.13433167089653,-362.13433167089653,4624
4784,362.1544707635908,-362.1544707635908,4625
4785,362.1601766819198,-362.1601766819198,4626
4786,362.1411247929226,-362.1411247929226,4627
4787,362.12717020562343,-362.12717020562343,4628
4788,362.1090700583824,-362.1090700583824,4629
4789,362.07481778226094,-362.07481778226094,4630
4790,362.05345530832886,-362.05345530832886,4631
4791,362.03296505233317,-362.03296505233317,4632
4792,362.02140928575955,-362.02140928575955,4633
4793,362.01177603526236,-362.01177603526236,4634
4794,362.0058127949783,-362.0058127949783,4635
4795,362.02598055559656,-362.02598055559656,4636
4796,362.04876113447614,-362.04876113447614,4637
4797,362.0585646326704,-362.0585646326704,4638
4798,362.09330761758304,-362.09330761758304,4639
4799,362.12024248585385,-362.12024248585385,4640
4800,362.1586077988736,-362.1586077988736,4641
4801,362.1798213806385,-362.1798213806385,4642
4802,362.18960397684117,-362.18960397684117,4643
4803,362.199899815298,-362.199899815298,4644
4804,362.214888582212,-362.214888582212,4645
4805,362.2226703776434,-362.2226703776434,4646
4806,362.234078074289,-362.234078074289,4647
4807,362.2297692496564,-362.2297692496564,4648
4808,362.2246424326129,-362.2246424326129,4649
4809,362.2167300593437,-362.2167300593437,4650
4810,362.19431962490677,-362.19431962490677,4651
4811,362.16955689310794,-362.16955689310794,4652
4812,362.1439801429106,-362.1439801429106,4653
4813,362.89648630408607,-362.89648630408607,4654
4814,362.98635150632003,-362.98635150632003,4655
4815,362.972117774548,-362.972117774548,4656
4816,362.9531181776801,-362.9531181776801,4657
4817,362.9455429711811,-362.9455429711811,4658
4818,362.93746176001326,-362.93746176001326,4659
4819,362.95400909460625,-362.95400909460625,4660
4820,362.97054686626205,-362.97054686626205,4661
4821,362.9819126724815,-362.9819126724815,4662
4822,363.0015793545603,-363.0015793545603,4663
4823,363.0300721923464,-363.0300721923464,4664
4824,363.05752287255854,-363.05752287255854,4665
4825,363.07458392151426,-363.07458392151426,4666
4826,363.0854267549215,-363.0854267549215,4667
4827,363.0962767799555,-363.0962767799555,4668
4828,363.10453161515863,-363.10453161515863,4669
4829,363.11386895716765,-363.11386895716765,4670
4830,363.1216478622933,-363.1216478622933,4671
4831,363.1175397549529,-363.1175397549529,4672
4832,363.11023673497635,-363.11023673497635,4673
4833,363.0998009932053,-363.0998009932053,4674
4834,363.07928041117435,-363.07928041117435,4675
4835,363.0514623325798,-363.0514623325798,4676
4836,363.02263727132737,-363.02263727132737,4677
4837,362.9783832652009,-362.9783832652009,4678
4838,362.9393898342676,-362.9393898342676,4679
4839,362.9093413319795,-362.9093413319795,4680
4840,362.8961882180112,-362.8961882180112,4681
4841,362.9132970893022,-362.9132970893022,4682
4842,362.9094883547599,-362.9094883547599,4683
4843,362.93745553999827,-362.93745553999827,4684
4844,362.96750969513994,-362.96750969513994,4685
4845,362.99601100402,-362.99601100402,4686
4846,363.02279957771594,-363.02279957771594,4687
4847,363.0585667845697,-363.0585667845697,4688
4848,363.0792635886319,-363.0792635886319,4689
4849,363.1077511512585,-363.1077511512585,4690
4850,363.1201545118428,-363.1201545118428,4691
4851,363.1310058265717,-363.1310058265717,4692
4852,363.14290653171645,-363.14290653171645,4693
4853,363.15483802094565,-363.15483802094565,4694
4854,363.1667813706514,-363.1667813706514,4695
4855,363.16372449850695,-363.16372449850695,4696
4856,363.15731595796063,-363.15731595796063,4697
4857,363.1451362402531,-363.1451362402531,4698
4858,363.1189752487735,-363.1189752487735,4699
4859,363.0892171892283,-363.0892171892283,4700
4860,363.0583855446067,-363.0583855446067,4701
4861,363.0128599298163,-363.0128599298163,4702
4862,362.9826443979081,-362.9826443979081,4703
4863,362.9462510584339,-362.9462510584339,4704
4864,362.9244326158961,-362.9244326158961,4705
4865,362.912350766857,-362.912350766857,4706
4866,362.90505860865795,-362.90505860865795,4707
4867,362.9132886384139,-362.9132886384139,4708
4868,362.9339989982078,-362.9339989982078,4709
4869,362.95210017312945,-362.95210017312945,4710
4870,362.9743727503566,-362.9743727503566,4711
4871,363.01310611160585,-363.01310611160585,4712
4872,363.0504311056859,-363.0504311056859,4713
4873,363.0815179277893,-363.0815179277893,4714
4874,363.0906523879555,-363.0906523879555,4715
4875,363.0994278976421,-363.0994278976421,4716
4876,363.11185755326983,-363.11185755326983,4717
4877,363.1205397097398,-363.1205397097398,4718
4878,363.1283350893663,-363.1283350893663,4719
4879,363.1370103748192,-363.1370103748192,4720
4880,363.1296657266022,-363.1296657266022,4721
4881,363.1170468412807,-363.1170468412807,4722
4882,363.0883999695273,-363.0883999695273,4723
4883,363.2053302150696,-363.2053302150696,4724
4884,363.5917063125257,-363.5917063125257,4725
4885,364.0383188378817,-364.0383188378817,4726
4886,364.57775372751667,-364.57775372751667,4727
4887,364.80182235933574,-364.80182235933574,4728
4888,364.78080942130737,-364.78080942130737,4729
4889,364.76700491150524,-364.76700491150524,4730
4890,364.7607133438308,-364.7607133438308,4731
4891,364.77516790592375,-364.77516790592375,4732
4892,364.79275465564893,-364.79275465564893,4733
4893,364.81190735628775,-364.81190735628775,4734
4894,364.82987714990975,-364.82987714990975,4735
4895,364.862377018868,-364.862377018868,4736
4896,364.8908686223836,-364.8908686223836,4737
4897,364.91728098693136,-364.91728098693136,4738
4898,364.92810198396415,-364.92810198396415,4739
4899,364.9420740807933,-364.9420740807933,4740
4900,364.95242688783736,-364.95242688783736,4741
4901,364.9654331277155,-364.9654331277155,4742
4902,364.9757664680806,-364.9757664680806,4743
4903,364.9837062878648,-364.9837062878648,4744
4904,364.97787106573173,-364.97787106573173,4745
4905,364.9643784729595,-364.9643784729595,4746
4906,364.93705869381375,-364.93705869381375,4747
4907,364.9047850154148,-364.9047850154148,4748
4908,364.86241426611946,-364.86241426611946,4749
4909,364.82955966118635,-364.82955966118635,4750
4910,364.79061440016073,-364.79061440016073,4751
4911,364.75421614532695,-364.75421614532695,4752
4912,364.7325850902627,-364.7325850902627,4753
4913,364.719279581243,-364.719279581243,4754
4914,364.71288275659793,-364.71288275659793,4755
4915,364.7303054689396,-364.7303054689396,4756
4916,364.7442545554922,-364.7442545554922,4757
4917,364.7670373323536,-364.7670373323536,4758
4918,364.7887870758173,-364.7887870758173,4759
4919,364.83026816121793,-364.83026816121793,4760
4920,364.8752398756353,-364.8752398756353,4761
4921,364.8905874039666,-364.8905874039666,4762
4922,364.89933405493366,-364.89933405493366,4763
4923,364.90602793964734,-364.90602793964734,4764
4924,364.91690519505886,-364.91690519505886,4765
4925,364.9262689567541,-364.9262689567541,4766
4926,364.9418807960374,-364.9418807960374,4767
4927,364.95251928854657,-364.95251928854657,4768
4928,364.9457964664896,-364.9457964664896,4769
4929,364.9320334766303,-364.9320334766303,4770
4930,364.92692399066374,-364.92692399066374,4771
4931,365.8340377015474,-365.8340377015474,4772
4932,366.614407795002,-366.614407795002,4773
4933,367.1764118898838,-367.1764118898838,4774
4934,367.8401085365304,-367.8401085365304,4775
4935,368.08506112865666,-368.08506112865666,4776
4936,368.0648766434543,-368.0648766434543,4777
4937,368.049934116527,-368.049934116527,4778
4938,368.04431644484924,-368.04431644484924,4779
4939,368.0582466223436,-368.0582466223436,4780
4940,368.0836325440232,-368.0836325440232,4781
4941,368.1090317275663,-368.1090317275663,4782
4942,368.12973736589294,-368.12973736589294,4783
4943,368.1705539787076,-368.1705539787076,4784
4944,368.20579522408957,-368.20579522408957,4785
4945,368.22856672768654,-368.22856672768654,4786
4946,368.24406111088865,-368.24406111088865,4787
4947,368.25439995648867,-368.25439995648867,4788
4948,368.26423715639993,-368.26423715639993,4789
4949,368.272533869098,-368.272533869098,4790
4950,368.27952915089327,-368.27952915089327,4791
4951,368.2863707375191,-368.2863707375191,4792
4952,368.28002355352567,-368.28002355352567,4793
4953,368.90369289902077,-368.90369289902077,4794
4954,368.8826932350491,-368.8826932350491,4795
4955,368.85139680676036,-368.85139680676036,4796
4956,368.8116523260049,-368.8116523260049,4797
4957,368.780335115704,-368.780335115704,4798
4958,368.74436570600807,-368.74436570600807,4799
4959,368.7122723501069,-368.7122723501069,4800
4960,368.6985571720558,-368.6985571720558,4801
4961,368.68532706757264,-368.68532706757264,4802
4962,368.6801934041223,-368.6801934041223,4803
4963,368.69138038394914,-368.69138038394914,4804
4964,368.71142181493263,-368.71142181493263,4805
4965,368.74356328261166,-368.74356328261166,4806
4966,368.7684288633619,-368.7684288633619,4807
4967,368.79729678287106,-368.79729678287106,4808
4968,368.82319017806765,-368.82319017806765,4809
4969,368.83193556862574,-368.83193556862574,4810
4970,368.84275723988856,-368.84275723988856,4811
4971,368.85205032991337,-368.85205032991337,4812
4972,368.86275051606924,-368.86275051606924,4813
4973,368.8760791609991,-368.8760791609991,4814
4974,368.8861244195616,-368.8861244195616,4815
4975,368.8954510231625,-368.8954510231625,4816
4976,368.88989413766046,-368.88989413766046,4817
4977,368.87757364612054,-368.87757364612054,4818
4978,368.8516431885689,-368.8516431885689,4819
4979,368.8180267947759,-368.8180267947759,4820
4980,368.7793006279971,-368.7793006279971,4821
4981,368.7432869191332,-368.7432869191332,4822
4982,368.7081333142104,-368.7081333142104,4823
4983,368.68502801601585,-368.68502801601585,4824
4984,368.80201982932545,-368.80201982932545,4825
4985,369.0984291186182,-369.0984291186182,4826
4986,369.096127088374,-369.096127088374,4827
4987,369.11303754360466,-369.11303754360466,4828
4988,369.13114874711073,-369.13114874711073,4829
4989,369.1497800637778,-369.1497800637778,4830
4990,369.1637219948625,-369.1637219948625,4831
4991,369.20000837818486,-369.20000837818486,4832
4992,369.2362882589755,-369.2362882589755,4833
4993,369.2454011777199,-369.2454011777199,4834
4994,369.25310794369443,-369.25310794369443,4835
4995,369.26225008385705,-369.26225008385705,4836
4996,369.27208299795836,-369.27208299795836,4837
4997,369.285599538517,-369.285599538517,4838
4998,369.542766495366,-369.542766495366,4839
4999,370.1975471034557,-370.1975471034557,4840
5000,370.45729231724596,-370.45729231724596,4841
5001,370.44823347174355,-370.44823347174355,4842
5002,370.4373524377204,-370.4373524377204,4843
5003,370.4313062559797,-370.4313062559797,4844
5004,370.4238843780172,-370.4238843780172,4845
5005,370.4416828975889,-370.4416828975889,4846
5006,370.83967614655745,-370.83967614655745,4847
5007,371.71392818896203,-371.71392818896203,4848
5008,371.97671369558174,-371.97671369558174,4849
5009,372.2037774323637,-372.2037774323637,4850
5010,372.20117746366856,-372.20117746366856,4851
5011,372.21822401420695,-372.21822401420695,4852
5012,372.24257015159134,-372.24257015159134,4853
5013,372.26432538784843,-372.26432538784843,4854
5014,372.28814236927695,-372.28814236927695,4855
5015,372.31648528097116,-372.31648528097116,4856
5016,372.3687236783839,-372.3687236783839,4857
5017,372.38156160237145,-372.38156160237145,4858
5018,372.3920207293145,-372.3920207293145,4859
5019,372.40122464166734,-372.40122464166734,4860
5020,372.4124985359818,-372.4124985359818,4861
5021,372.4230651827787,-372.4230651827787,4862
5022,372.4330201155006,-372.4330201155006,4863
5023,372.4511935693647,-372.4511935693647,4864
5024,372.46199190365,-372.46199190365,4865
5025,372.4787993748232,-372.4787993748232,4866
5026,372.489556093023,-372.489556093023,4867
5027,372.4826028020372,-372.4826028020372,4868
5028,372.46433600135,-372.46433600135,4869
5029,372.42875227744,-372.42875227744,4870
5030,372.390783363696,-372.390783363696,4871
5031,372.35868087134634,-372.35868087134634,4872
5032,372.36056709956443,-372.36056709956443,4873
5033,372.35052962290604,-372.35052962290604,4874
5034,372.3452840599493,-372.3452840599493,4875
5035,372.359740198096,-372.359740198096,4876
5036,372.3788781879865,-372.3788781879865,4877
5037,372.4068825107529,-372.4068825107529,4878
5038,372.44368939946634,-372.44368939946634,4879
5039,372.48569758092435,-372.48569758092435,4880
5040,372.5119570708302,-372.5119570708302,4881
5041,372.53628904081637,-372.53628904081637,4882
5042,372.5537137770172,-372.5537137770172,4883
5043,372.56453240137074,-372.56453240137074,4884
5044,372.576917073968,-372.576917073968,4885
5045,372.5851381527533,-372.5851381527533,4886
5046,372.5923825946822,-372.5923825946822,4887
5047,372.604302949028,-372.604302949028,4888
5048,372.6610271529156,-372.6610271529156,4889
5049,373.5581539454541,-373.5581539454541,4890
5050,374.5546030357895,-374.5546030357895,4891
5051,375.05092721039927,-375.05092721039927,4892
5052,375.2285836949902,-375.2285836949902,4893
5053,375.7770225939336,-375.7770225939336,4894
5054,375.73855099800204,-375.73855099800204,4895
5055,375.70418232250273,-375.70418232250273,4896
5056,375.6937010432628,-375.6937010432628,4897
5057,375.6881143872019,-375.6881143872019,4898
5058,375.71482010882403,-375.71482010882403,4899
5059,375.73604248966876,-375.73604248966876,4900
5060,375.7468844945962,-375.7468844945962,4901
5061,375.76291402622337,-375.76291402622337,4902
5062,375.784513637866,-375.784513637866,4903
5063,375.821693761691,-375.821693761691,4904
5064,375.86042751515976,-375.86042751515976,4905
5065,375.89864328468644,-375.89864328468644,4906
5066,375.92371349595567,-375.92371349595567,4907
5067,375.9355603279793,-375.9355603279793,4908
5068,375.9465521671228,-375.9465521671228,4909
5069,375.95495004721835,-375.95495004721835,4910
5070,375.9669594621616,-375.9669594621616,4911
5071,375.96392641245984,-375.96392641245984,4912
5072,375.9576287468818,-375.9576287468818,4913
5073,375.9486605204946,-375.9486605204946,4914
5074,375.9331200501283,-375.9331200501283,4915
5075,375.92083102881986,-375.92083102881986,4916
5076,375.9054465490473,-375.9054465490473,4917
5077,375.8904734316571,-375.8904734316571,4918
5078,375.8735292702899,-375.8735292702899,4919
5079,375.86275581011387,-375.86275581011387,4920
5080,375.86103686155843,-375.86103686155843,4921
5081,375.87706533237684,-375.87706533237684,4922
5082,375.89463840366403,-375.89463840366403,4923
5083,375.91688454932216,-375.91688454932216,4924
5084,375.93914389771163,-375.93914389771163,4925
5085,376.00401583245207,-376.00401583245207,4926
5086,376.03148774352417,-376.03148774352417,4927
5087,376.0761003989182,-376.0761003989182,4928
5088,376.1290171897854,-376.1290171897854,4929
5089,376.17138930618427,-376.17138930618427,4930
5090,376.1884644123162,-376.1884644123162,4931
5091,376.19983776166913,-376.19983776166913,4932
5092,376.21485132324807,-376.21485132324807,4933
5093,376.22884188025154,-376.22884188025154,4934
5094,376.23865864083336,-376.23865864083336,4935
5095,376.23527319928456,-376.23527319928456,4936
5096,376.2730663781091,-376.2730663781091,4937
5097,376.91117644905904,-376.91117644905904,4938
5098,377.75153669436446,-377.75153669436446,4939
5099,377.7202452248215,-377.7202452248215,4940
5100,377.6809518193374,-377.6809518193374,4941
5101,377.64046538962924,-377.64046538962924,4942
5102,377.60694041230994,-377.60694041230994,4943
5103,377.5730335203498,-377.5730335203498,4944
5104,377.9111645404658,-377.9111645404658,4945
5105,377.90029586319554,-377.90029586319554,4946
5106,377.8949324090021,-377.8949324090021,4947
5107,377.91717849693,-377.91717849693,4948
5108,377.9706255710111,-377.9706255710111,4949
5109,377.9970608330375,-377.9970608330375,4950
5110,378.03545159012714,-378.03545159012714,4951
5111,378.0738249847605,-378.0738249847605,4952
5112,378.115308840878,-378.115308840878,4953
5113,378.14795811288866,-378.14795811288866,4954
5114,378.1702357926367,-378.1702357926367,4955
5115,378.1805483969761,-378.1805483969761,4956
5116,378.1901891626588,-378.1901891626588,4957
5117,378.1965675906926,-378.1965675906926,4958
5118,378.20627956314013,-378.20627956314013,4959
5119,378.2030772454279,-378.2030772454279,4960
5120,378.66099342916016,-378.66099342916016,4961
5121,379.3218161276217,-379.3218161276217,4962
5122,379.40176092175716,-379.40176092175716,4963
5123,379.38483650383586,-379.38483650383586,4964
5124,379.35260733110056,-379.35260733110056,4965
5125,379.3414531122183,-379.3414531122183,4966
5126,379.3292945097511,-379.3292945097511,4967
5127,379.317035615047,-379.317035615047,4968
5128,379.3147991727097,-379.3147991727097,4969
5129,379.31100667706505,-379.31100667706505,4970
5130,379.3059206935927,-379.3059206935927,4971
5131,379.32299317673164,-379.32299317673164,4972
5132,379.33798154792055,-379.33798154792055,4973
5133,379.3545395086282,-379.3545395086282,4974
5134,379.3778515523843,-379.3778515523843,4975
5135,379.41986580580584,-379.41986580580584,4976
5136,379.44991854281244,-379.44991854281244,4977
5137,379.4784105161452,-379.4784105161452,4978
5138,379.4928880056498,-379.4928880056498,4979
5139,379.50361886037217,-379.50361886037217,4980
5140,379.5162593124529,-379.5162593124529,4981
5141,379.52572546041364,-379.52572546041364,4982
5142,379.5365238003643,-379.5365238003643,4983
5143,379.5455993232532,-379.5455993232532,4984
5144,379.54328916862187,-379.54328916862187,4985
5145,379.53846577663205,-379.53846577663205,4986
5146,379.53152087042326,-379.53152087042326,4987
5147,379.51893316336543,-379.51893316336543,4988
5148,379.4994977592586,-379.4994977592586,4989
5149,379.4736005961503,-379.4736005961503,4990
5150,379.45850738526815,-379.45850738526815,4991
5151,379.4401721684345,-379.4401721684345,4992
5152,379.4315672873992,-379.4315672873992,4993
5153,379.4204642899293,-379.4204642899293,4994
5154,379.41446734727043,-379.41446734727043,4995
5155,379.426324361307,-379.426324361307,4996
5156,379.44703400393234,-379.44703400393234,4997
5157,379.4630627710862,-379.4630627710862,4998
5158,379.49157107940255,-379.49157107940255,4999
5159,379.5294186870234,-379.5294186870234,5000
5160,379.5651853026692,-379.5651853026692,5001
5161,379.60080146964526,-379.60080146964526,5002
5162,379.6147402463789,-379.6147402463789,5003
5163,379.62402081381066,-379.62402081381066,5004
5164,379.635904433287,-379.635904433287,5005
5165,379.64259902424124,-379.64259902424124,5006
5166,379.653457899235,-379.653457899235,5007
5167,379.66107316495203,-379.66107316495203,5008
5168,379.6546824134829,-379.6546824134829,5009
5169,379.64372048568623,-379.64372048568623,5010
5170,379.6233981123347,-379.6233981123347,5011
5171,379.6005846285501,-379.6005846285501,5012
5172,379.573556681822,-379.573556681822,5013
5173,379.6274707665351,-379.6274707665351,5014
5174,380.16480737364293,-380.16480737364293,5015
5175,380.1561629575783,-380.1561629575783,5016
5176,380.139218682206,-380.139218682206,5017
5177,380.12442672477556,-380.12442672477556,5018
5178,380.1202670349755,-380.1202670349755,5019
5179,380.146678430511,-380.146678430511,5020
5180,380.17413574400047,-380.17413574400047,5021
5181,380.2125111009329,-380.2125111009329,5022
5182,380.2566126322574,-380.2566126322574,5023
5183,380.3105691860822,-380.3105691860822,5024
5184,380.34737643700447,-380.34737643700447,5025
5185,380.37534797602484,-380.37534797602484,5026
5186,380.38616681982785,-380.38616681982785,5027
5187,380.39442287595114,-380.39442287595114,5028
5188,380.4063291981981,-380.4063291981981,5029
5189,380.4151433036762,-380.4151433036762,5030
5190,380.42551509483957,-380.42551509483957,5031
5191,380.43900059508906,-380.43900059508906,5032
5192,380.43933226997274,-380.43933226997274,5033
5193,380.43936838265716,-380.43936838265716,5034
5194,380.4350335804168,-380.4350335804168,5035
5195,380.4310308003739,-380.4310308003739,5036
5196,380.4221812731536,-380.4221812731536,5037
5197,380.3897422964136,-380.3897422964136,5038
5198,380.36913103390697,-380.36913103390697,5039
5199,380.3602881368376,-380.3602881368376,5040
5200,380.3466422295131,-380.3466422295131,5041
5201,380.33983168076657,-380.33983168076657,5042
5202,380.3330666688695,-380.3330666688695,5043
5203,380.355329286324,-380.355329286324,5044
5204,380.53868464892776,-380.53868464892776,5045
5205,380.57031269155,-380.57031269155,5046
5206,380.6804016036862,-380.6804016036862,5047
5207,380.72173656481414,-380.72173656481414,5048
5208,380.7611385959864,-380.7611385959864,5049
5209,380.78495205150534,-380.78495205150534,5050
5210,380.79732965827867,-380.79732965827867,5051
5211,380.80868392836425,-380.80868392836425,5052
5212,380.82055437923646,-380.82055437923646,5053
5213,380.8272469567383,-380.8272469567383,5054
5214,380.8360143955808,-380.8360143955808,5055
5215,380.83393671600675,-380.83393671600675,5056
5216,380.8284586229848,-380.8284586229848,5057
5217,380.8203556838136,-380.8203556838136,5058
5218,380.79873592093855,-380.79873592093855,5059
5219,381.37283309059626,-381.37283309059626,5060
5220,381.4601468681463,-381.4601468681463,5061
5221,381.4557537257013,-381.4557537257013,5062
5222,381.43952062267266,-381.43952062267266,5063
5223,381.4252574405412,-381.4252574405412,5064
5224,381.4757989674677,-381.4757989674677,5065
5225,381.46983566667643,-381.46983566667643,5066
5226,381.46694728864253,-381.46694728864253,5067
5227,381.4887891550971,-381.4887891550971,5068
5228,381.5043011331965,-381.5043011331965,5069
5229,381.5785553545684,-381.5785553545684,5070
5230,381.604461704113,-381.604461704113,5071
5231,381.6459471454558,-381.6459471454558,5072
5232,381.6863903772429,-381.6863903772429,5073
5233,381.7278717234055,-381.7278717234055,5074
5234,381.74806095279337,-381.74806095279337,5075
5235,381.7635833604492,-381.7635833604492,5076
5236,381.7739244122879,-381.7739244122879,5077
5237,381.7811749038056,-381.7811749038056,5078
5238,381.7887731831552,-381.7887731831552,5079
5239,381.79561607584,-381.79561607584,5080
5240,381.789534361501,-381.789534361501,5081
5241,382.47310050752435,-382.47310050752435,5082
5242,383.1107556742806,-383.1107556742806,5083
5243,383.2073230957773,-383.2073230957773,5084
5244,383.2049715925126,-383.2049715925126,5085
5245,383.1834376823199,-383.1834376823199,5086
5246,383.1601352053236,-383.1601352053236,5087
5247,383.1406579515802,-383.1406579515802,5088
5248,383.1249269009179,-383.1249269009179,5089
5249,383.1141178480485,-383.1141178480485,5090
5250,383.1072370967393,-383.1072370967393,5091
5251,383.12324889468476,-383.12324889468476,5092
5252,383.136690971548,-383.136690971548,5093
5253,383.151164213742,-383.151164213742,5094
5254,383.198384867885,-383.198384867885,5095
5255,383.2263656518673,-383.2263656518673,5096
5256,383.25018923055967,-383.25018923055967,5097
5257,383.28075960064785,-383.28075960064785,5098
5258,383.2879440918564,-383.2879440918564,5099
5259,383.30243428067746,-383.30243428067746,5100
5260,383.31415944372566,-383.31415944372566,5101
5261,383.32986995810916,-383.32986995810916,5102
5262,383.3421562793821,-383.3421562793821,5103
5263,383.3485870511099,-383.3485870511099,5104
5264,383.3430086451455,-383.3430086451455,5105
5265,383.33146705044885,-383.33146705044885,5106
5266,383.3084289231712,-383.3084289231712,5107
5267,383.28306754041597,-383.28306754041597,5108
5268,383.255918274849,-383.255918274849,5109
5269,383.2288297537284,-383.2288297537284,5110
5270,383.20986720303836,-383.20986720303836,5111
5271,383.19171868266375,-383.19171868266375,5112
5272,383.1731318963868,-383.1731318963868,5113
5273,383.1587372396216,-383.1587372396216,5114
5274,383.1534174109462,-383.1534174109462,5115
5275,383.17880934629403,-383.17880934629403,5116
5276,383.1969099528593,-383.1969099528593,5117
5277,383.2150194754676,-383.2150194754676,5118
5278,383.23625332093104,-383.23625332093104,5119
5279,383.2574653112057,-383.2574653112057,5120
5280,383.27957468768614,-383.27957468768614,5121
5281,383.30390414764594,-383.30390414764594,5122
5282,383.31354276162403,-383.31354276162403,5123
5283,383.3295930718567,-383.3295930718567,5124
5284,383.3404613999284,-383.3404613999284,5125
5285,383.3472149060501,-383.3472149060501,5126
5286,383.3555120329623,-383.3555120329623,5127
5287,383.3638143658134,-383.3638143658134,5128
5288,383.3579220105271,-383.3579220105271,5129
5289,383.3506727366771,-383.3506727366771,5130
5290,383.32904636799293,-383.32904636799293,5131
5291,383.2979760134083,-383.2979760134083,5132
5292,383.2639254261115,-383.2639254261115,5133
5293,383.220736126297,-383.220736126297,5134
5294,383.1802142150924,-383.1802142150924,5135
5295,383.14543912006786,-383.14543912006786,5136
5296,383.12735139947523,-383.12735139947523,5137
5297,383.1142658830047,-383.1142658830047,5138
5298,383.10621661946453,-383.10621661946453,5139
5299,383.1165223290166,-383.1165223290166,5140
5300,383.12682708921966,-383.12682708921966,5141
5301,383.20728256003633,-383.20728256003633,5142
5302,383.2253909381985,-383.2253909381985,5143
5303,383.2471238706506,-383.2471238706506,5144
5304,383.2657480485728,-383.2657480485728,5145
5305,383.2890418954422,-383.2890418954422,5146
5306,383.30765694134294,-383.30765694134294,5147
5307,383.3190282748589,-383.3190282748589,5148
5308,383.32987685938656,-383.32987685938656,5149
5309,383.3381877593328,-383.3381877593328,5150
5310,383.3475408862014,-383.3475408862014,5151
5311,383.35691430258095,-383.35691430258095,5152
5312,383.35442253325124,-383.35442253325124,5153
5313,383.3484132007524,-383.3484132007524,5154
5314,383.32427335681155,-383.32427335681155,5155
5315,383.30615360788414,-383.30615360788414,5156
5316,383.28381200410126,-383.28381200410126,5157
5317,383.25649051266623,-383.25649051266623,5158
5318,383.2321028417857,-383.2321028417857,5159
5319,383.20745168990663,-383.20745168990663,5160
5320,383.205150971459,-383.205150971459,5161
5321,383.21699374754996,-383.21699374754996,5162
5322,383.22578950109545,-383.22578950109545,5163
5323,383.2340110895192,-383.2340110895192,5164
5324,383.2510878182661,-383.2510878182661,5165
5325,383.26554836240496,-383.26554836240496,5166
5326,383.2872914624879,-383.2872914624879,5167
5327,383.3116305473978,-383.3116305473978,5168
5328,383.3338874218879,-383.3338874218879,5169
5329,383.3634180487335,-383.3634180487335,5170
5330,383.37527795891594,-383.37527795891594,5171
5331,383.38819704337675,-383.38819704337675,5172
5332,383.40164349895673,-383.40164349895673,5173
5333,383.41360047481606,-383.41360047481606,5174
5334,383.42225994728324,-383.42225994728324,5175
5335,383.4284602190729,-383.4284602190729,5176
5336,383.4227610061056,-383.4227610061056,5177
5337,383.41279690538505,-383.41279690538505,5178
5338,384.2071448970892,-384.2071448970892,5179
5339,385.08724846952185,-385.08724846952185,5180
5340,385.280134930031,-385.280134930031,5181
5341,385.24948566913883,-385.24948566913883,5182
5342,385.2191079383278,-385.2191079383278,5183
5343,385.1919168516407,-385.1919168516407,5184
5344,385.1802238801596,-385.1802238801596,5185
5345,385.16932485147373,-385.16932485147373,5186
5346,385.1623214762132,-385.1623214762132,5187
5347,385.1726264314028,-385.1726264314028,5188
5348,385.1860490892348,-385.1860490892348,5189
5349,385.20986593730413,-385.20986593730413,5190
5350,385.28721361691134,-385.28721361691134,5191
5351,385.3281740928,-385.3281740928,5192
5352,385.37381418577326,-385.37381418577326,5193
5353,385.4090597253588,-385.4090597253588,5194
5354,385.4235216964815,-385.4235216964815,5195
5355,385.4354127861894,-385.4354127861894,5196
5356,385.44731164346445,-385.44731164346445,5197
5357,385.45849373432645,-385.45849373432645,5198
5358,385.46895547620653,-385.46895547620653,5199
5359,385.4869197824313,-385.4869197824313,5200
5360,385.48240887430313,-385.48240887430313,5201
5361,385.4734959028945,-385.4734959028945,5202
5362,385.44582312164374,-385.44582312164374,5203
5363,385.4151350236368,-385.4151350236368,5204
5364,385.37700747385213,-385.37700747385213,5205
5365,385.34014990156044,-385.34014990156044,5206
5366,385.3052108662735,-385.3052108662735,5207
5367,385.2746999538818,-385.2746999538818,5208
5368,385.25662721385197,-385.25662721385197,5209
5369,385.2475083065696,-385.2475083065696,5210
5370,385.2425340999636,-385.2425340999636,5211
5371,385.2882047902375,-385.2882047902375,5212
5372,385.3146225896608,-385.3146225896608,5213
5373,385.3576943511774,-385.3576943511774,5214
5374,385.41218676346097,-385.41218676346097,5215
5375,385.4500377731745,-385.4500377731745,5216
5376,385.4982767512713,-385.4982767512713,5217
5377,385.5272860361712,-385.5272860361712,5218
5378,385.5614888226663,-385.5614888226663,5219
5379,385.57337669188695,-385.57337669188695,5220
5380,385.58477075508074,-385.58477075508074,5221
5381,385.5951772550091,-385.5951772550091,5222
5382,385.602479488885,-385.602479488885,5223
5383,385.6108101243222,-385.6108101243222,5224
5384,385.6934779106327,-385.6934779106327,5225
5385,386.4437014028559,-386.4437014028559,5226
5386,386.4843190814551,-386.4843190814551,5227
5387,386.45312687331807,-386.45312687331807,5228
5388,386.41694077876394,-386.41694077876394,5229
5389,386.3764770246894,-386.3764770246894,5230
5390,386.3389997040557,-386.3389997040557,5231
5391,386.3064644440597,-386.3064644440597,5232
5392,386.4566497401046,-386.4566497401046,5233
5393,386.75245491565045,-386.75245491565045,5234
5394,386.7459138687065,-386.7459138687065,5235
5395,386.7572749711523,-386.7572749711523,5236
5396,386.7748630438264,-386.7748630438264,5237
5397,386.79714439285766,-386.79714439285766,5238
5398,386.8323995486537,-386.8323995486537,5239
5399,386.8666302186653,-386.8666302186653,5240
5400,386.9096718169125,-386.9096718169125,5241
5401,386.950117889228,-386.950117889228,5242
5402,386.97341183327694,-386.97341183327694,5243
5403,386.9863089166719,-386.9863089166719,5244
5404,386.9985168136539,-386.9985168136539,5245
5405,387.00663499290687,-387.00663499290687,5246
5406,387.01876133653207,-387.01876133653207,5247
5407,387.0271546107303,-387.0271546107303,5248
5408,387.0247647354575,-387.0247647354575,5249
5409,387.0157072335001,-387.0157072335001,5250
5410,386.9914394096185,-386.9914394096185,5251
5411,386.95880028739344,-386.95880028739344,5252
5412,387.12918676982554,-387.12918676982554,5253
5413,388.08902253622006,-388.08902253622006,5254
5414,388.32271295076623,-388.32271295076623,5255
5415,388.29761260902626,-388.29761260902626,5256
5416,388.2849764729516,-388.2849764729516,5257
5417,388.27250002944896,-388.27250002944896,5258
5418,388.268755603543,-388.268755603543,5259
5419,388.2775042787197,-388.2775042787197,5260
5420,388.3013189717394,-388.3013189717394,5261
5421,388.33331337739617,-388.33331337739617,5262
5422,388.3716979770296,-388.3716979770296,5263
5423,388.4079958830242,-388.4079958830242,5264
5424,388.4396103119464,-388.4396103119464,5265
5425,388.4639466839068,-388.4639466839068,5266
5426,388.4735782499732,-388.4735782499732,5267
5427,388.4839079885102,-388.4839079885102,5268
5428,388.49736776434133,-388.49736776434133,5269
5429,388.50933375136617,-388.50933375136617,5270
5430,388.5213089054605,-388.5213089054605,5271
5431,388.52799062806156,-388.52799062806156,5272
5432,388.5237746640505,-388.5237746640505,5273
5433,388.51181168416923,-388.51181168416923,5274
5434,388.4865044363233,-388.4865044363233,5275
5435,388.4538109355028,-388.4538109355028,5276
5436,388.412949660219,-388.412949660219,5277
5437,388.37812758357774,-388.37812758357774,5278
5438,388.34179637987523,-388.34179637987523,5279
5439,388.3083758947015,-388.3083758947015,5280
5440,388.29783289498215,-388.29783289498215,5281
5441,388.28868251495686,-388.28868251495686,5282
5442,388.28409882232717,-388.28409882232717,5283
5443,388.302206326273,-388.302206326273,5284
5444,388.3572087964991,-388.3572087964991,5285
5445,388.39143111598537,-388.39143111598537,5286
5446,388.4402005726743,-388.4402005726743,5287
5447,388.4816818892429,-388.4816818892429,5288
5448,388.51625740719595,-388.51625740719595,5289
5449,388.53487432286903,-388.53487432286903,5290
5450,388.5486652423526,-388.5486652423526,5291
5451,388.5548407188342,-388.5548407188342,5292
5452,388.5646676040149,-388.5646676040149,5293
5453,388.5787105437768,-388.5787105437768,5294
5454,388.58859577089476,-388.58859577089476,5295
5455,388.59901782507023,-388.59901782507023,5296
5456,388.60650434698596,-388.60650434698596,5297
5457,388.6172375809374,-388.6172375809374,5298
5458,388.60703480148095,-388.60703480148095,5299
5459,388.5973928650883,-388.5973928650883,5300
5460,388.57967023604675,-388.57967023604675,5301
5461,388.8459840648579,-388.8459840648579,5302
5462,388.82048996637224,-388.82048996637224,5303
5463,388.79044503395613,-388.79044503395613,5304
5464,388.77278224746334,-388.77278224746334,5305
5465,388.75975354245634,-388.75975354245634,5306
5466,388.7547037303313,-388.7547037303313,5307
5467,388.7749032224253,-388.7749032224253,5308
5468,388.79301912185076,-388.79301912185076,5309
5469,388.81165895352257,-388.81165895352257,5310
5470,388.85107180072964,-388.85107180072964,5311
5471,388.9069586404688,-388.9069586404688,5312
5472,388.9536305522289,-388.9536305522289,5313
5473,388.9804097375853,-388.9804097375853,5314
5474,388.9895249565175,-388.9895249565175,5315
5475,388.9972289371458,-388.9972289371458,5316
5476,389.0153266862339,-389.0153266862339,5317
5477,389.0230753460652,-389.0230753460652,5318
5478,389.0308191370222,-389.0308191370222,5319
5479,389.0283172040977,-389.0283172040977,5320
5480,389.0226087706465,-389.0226087706465,5321
5481,389.01343563719564,-389.01343563719564,5322
5482,388.9912355825601,-388.9912355825601,5323
5483,388.9641058871893,-388.9641058871893,5324
5484,388.93172984792807,-388.93172984792807,5325
5485,388.89003665113944,-388.89003665113944,5326
5486,388.8525524546782,-388.8525524546782,5327
5487,388.8205490011469,-388.8205490011469,5328
5488,388.8046502252261,-388.8046502252261,5329
5489,388.79499934689534,-388.79499934689534,5330
5490,388.78897394592,-388.78897394592,5331
5491,388.8039535536102,-388.8039535536102,5332
5492,388.82415013051883,-388.82415013051883,5333
5493,388.9451563336679,-388.9451563336679,5334
5494,388.9804231465636,-388.9804231465636,5335
5495,389.0291816210169,-389.0291816210169,5336
5496,389.0601181429803,-389.0601181429803,5337
5497,389.0870548695076,-389.0870548695076,5338
5498,389.0984121438545,-389.0984121438545,5339
5499,389.1144563287923,-389.1144563287923,5340
5500,389.1258362844255,-389.1258362844255,5341
5501,389.1325736909929,-389.1325736909929,5342
5502,389.14140349637813,-389.14140349637813,5343
5503,389.14919964241443,-389.14919964241443,5344
5504,389.1447888625215,-389.1447888625215,5345
5505,389.13222913011856,-389.13222913011856,5346
5506,389.1072737634914,-389.1072737634914,5347
5507,389.0744110068602,-389.0744110068602,5348
5508,389.0361843637436,-389.0361843637436,5349
5509,388.9965771712305,-388.9965771712305,5350
5510,388.9620436937582,-388.9620436937582,5351
5511,388.93088624497386,-388.93088624497386,5352
5512,388.9126106676248,-388.9126106676248,5353
5513,388.9295391950187,-388.9295391950187,5354
5514,388.92527790603833,-388.92527790603833,5355
5515,388.94025766281123,-388.94025766281123,5356
5516,388.9594396789638,-388.9594396789638,5357
5517,389.0445798489781,-389.0445798489781,5358
5518,389.07568597999835,-389.07568597999835,5359
5519,389.11197108642074,-389.11197108642074,5360
5520,389.17008553739623,-389.17008553739623,5361
5521,389.2020637152155,-389.2020637152155,5362
5522,389.213924017287,-389.213924017287,5363
5523,389.22217452973985,-389.22217452973985,5364
5524,389.23408107335825,-389.23408107335825,5365
5525,389.249157645012,-389.249157645012,5366
5526,389.25592502381545,-389.25592502381545,5367
5527,389.2652969131383,-389.2652969131383,5368
5528,389.26324409651096,-389.26324409651096,5369
5529,389.2541089270836,-389.2541089270836,5370
5530,389.22977593213324,-389.22977593213324,5371
5531,389.2004449380361,-389.2004449380361,5372
5532,389.16217842778525,-389.16217842778525,5373
5533,389.12168015259573,-389.12168015259573,5374
5534,389.0855126963717,-389.0855126963717,5375
5535,389.07356463173227,-389.07356463173227,5376
5536,389.05974711542,-389.05974711542,5377
5537,389.0489037283761,-389.0489037283761,5378
5538,389.0436851364296,-389.0436851364296,5379
5539,389.06541421055965,-389.06541421055965,5380
5540,389.09288074220086,-389.09288074220086,5381
5541,389.1286790214455,-389.1286790214455,5382
5542,389.1909631312732,-389.1909631312732,5383
5543,389.24440396253874,-389.24440396253874,5384
5544,389.28276614266576,-389.28276614266576,5385
5545,389.31956906867737,-389.31956906867737,5386
5546,389.3468728225158,-389.3468728225158,5387
5547,389.3571937311917,-389.3571937311917,5388
5548,389.3716958563891,-389.3716958563891,5389
5549,389.38937258708427,-389.38937258708427,5390
5550,389.39926390197564,-389.39926390197564,5391
5551,389.4096788842219,-389.4096788842219,5392
5552,389.4101184683177,-389.4101184683177,5393
5553,389.4054133972551,-389.4054133972551,5394
5554,389.39013898902147,-389.39013898902147,5395
5555,389.36598140139404,-389.36598140139404,5396
5556,389.3463978409129,-389.3463978409129,5397
5557,389.3063422640904,-389.3063422640904,5398
5558,389.27624488858254,-389.27624488858254,5399
5559,389.2465611588796,-389.2465611588796,5400
5560,389.2315185014424,-389.2315185014424,5401
5561,389.2224190364301,-389.2224190364301,5402
5562,389.21695791984985,-389.21695791984985,5403
5563,389.22572560367195,-389.22572560367195,5404
5564,389.24592368136683,-389.24592368136683,5405
5565,389.2614425985135,-389.2614425985135,5406
5566,389.2941129998079,-389.2941129998079,5407
5567,389.3314526791477,-389.3314526791477,5408
5568,389.3646196438389,-389.3646196438389,5409
5569,389.3998676275574,-389.3998676275574,5410
5570,389.41121451584655,-389.41121451584655,5411
5571,389.4194538623996,-389.4194538623996,5412
5572,389.4303013130225,-389.4303013130225,5413
5573,389.44432090703185,-389.44432090703185,5414
5574,389.45210266825774,-389.45210266825774,5415
5575,389.47026836579903,-389.47026836579903,5416
5576,389.4832752046414,-389.4832752046414,5417
5577,389.48165771176764,-389.48165771176764,5418
5578,389.46527496909687,-389.46527496909687,5419
5579,389.45512482445685,-389.45512482445685,5420
5580,389.43777884950094,-389.43777884950094,5421
5581,389.45517560532284,-389.45517560532284,5422
5582,389.4513420386085,-389.4513420386085,5423
5583,389.4570781750924,-389.4570781750924,5424
5584,389.48695780761176,-389.48695780761176,5425
5585,389.49830401670397,-389.49830401670397,5426
5586,389.5122327959745,-389.5122327959745,5427
5587,389.52721696745976,-389.52721696745976,5428
5588,389.5422040526097,-389.5422040526097,5429
5589,389.5733046778271,-389.5733046778271,5430
5590,389.6101325762276,-389.6101325762276,5431
5591,389.63706767545864,-389.63706767545864,5432
5592,389.6806272752555,-389.6806272752555,5433
5593,389.72054694786766,-389.72054694786766,5434
5594,389.7402029177192,-389.7402029177192,5435
5595,389.75309766776525,-389.75309766776525,5436
5596,389.7655015930757,-389.7655015930757,5437
5597,389.7779525957539,-389.7779525957539,5438
5598,389.78780286921375,-389.78780286921375,5439
5599,389.79606326652134,-389.79606326652134,5440
5600,389.7907194051879,-389.7907194051879,5441
5601,389.7799226676557,-389.7799226676557,5442
5602,389.75474064985406,-389.75474064985406,5443
5603,389.72377239519,-389.72377239519,5444
5604,389.68648680644094,-389.68648680644094,5445
5605,389.6528105089561,-389.6528105089561,5446
5606,389.6245302190103,-389.6245302190103,5447
5607,389.6079246856226,-389.6079246856226,5448
5608,389.59448532624975,-389.59448532624975,5449
5609,389.5855884031508,-389.5855884031508,5450
5610,389.5793041825655,-389.5793041825655,5451
5611,389.6020845292721,-389.6020845292721,5452
5612,389.6222583917726,-389.6222583917726,5453
5613,389.6362185486411,-389.6362185486411,5454
5614,389.6678474992677,-389.6678474992677,5455
5615,389.71141702385546,-389.71141702385546,5456
5616,389.7529026849921,-389.7529026849921,5457
5617,389.77048220204483,-389.77048220204483,5458
5618,389.7807868786957,-389.7807868786957,5459
5619,389.78955884628516,-389.78955884628516,5460
5620,389.80250144840215,-389.80250144840215,5461
5621,389.8108246513906,-389.8108246513906,5462
5622,389.81965920097355,-389.81965920097355,5463
5623,389.8295571777642,-389.8295571777642,5464
5624,389.8247554749074,-389.8247554749074,5465
5625,389.8130241222203,-389.8130241222203,5466
5626,389.78908012123486,-389.78908012123486,5467
5627,389.75806382317484,-389.75806382317484,5468
5628,389.7200966532395,-389.7200966532395,5469
5629,389.68123324145586,-389.68123324145586,5470
5630,389.64747517799543,-389.64747517799543,5471
5631,389.6152251276124,-389.6152251276124,5472
5632,389.59633733669483,-389.59633733669483,5473
5633,389.586213976502,-389.586213976502,5474
5634,389.5805292993527,-389.5805292993527,5475
5635,389.6339588887937,-389.6339588887937,5476
5636,389.66038379796845,-389.66038379796845,5477
5637,389.6785068911331,-389.6785068911331,5478
5638,389.70181212931163,-389.70181212931163,5479
5639,389.75368923070624,-389.75368923070624,5480
5640,389.77386384003023,-389.77386384003023,5481
5641,389.7945609194702,-389.7945609194702,5482
5642,389.80486117989994,-389.80486117989994,5483
5643,389.8131121343075,-389.8131121343075,5484
5644,389.8250197309991,-389.8250197309991,5485
5645,389.83853433009995,-389.83853433009995,5486
5646,389.84685306527797,-389.84685306527797,5487
5647,389.8583099120233,-389.8583099120233,5488
5648,389.85624163108815,-389.85624163108815,5489
5649,389.85267848905494,-389.85267848905494,5490
5650,389.8314045891327,-389.8314045891327,5491
5651,389.803906390083,-389.803906390083,5492
5652,389.77495318363174,-389.77495318363174,5493
5653,389.7488654617273,-389.7488654617273,5494
5654,389.72394050911987,-389.72394050911987,5495
5655,389.7017093124609,-389.7017093124609,5496
5656,389.69409488210863,-389.69409488210863,5497
5657,389.68582863807836,-389.68582863807836,5498
5658,389.67924104555715,-389.67924104555715,5499
5659,389.6942177203986,-389.6942177203986,5500
5660,389.70766669211554,-389.70766669211554,5501
5661,389.720053270003,-389.720053270003,5502
5662,389.7459617234192,-389.7459617234192,5503
5663,389.76873629288093,-389.76873629288093,5504
5664,389.79358652291995,-389.79358652291995,5505
5665,389.80544812764765,-389.80544812764765,5506
5666,389.81523284913357,-389.81523284913357,5507
5667,389.82710717447884,-389.82710717447884,5508
5668,389.84054804979286,-389.84054804979286,5509
5669,389.8498985869966,-389.8498985869966,5510
5670,389.86184488078635,-389.86184488078635,5511
5671,389.86912924251607,-389.86912924251607,5512
5672,389.863913369072,-389.863913369072,5513
5673,389.8544118928191,-389.8544118928191,5514
5674,389.8359888911341,-389.8359888911341,5515
5675,389.8201399485691,-389.8201399485691,5516
5676,389.80275020889496,-389.80275020889496,5517
5677,389.7692281949348,-389.7692281949348,5518
5678,389.7508529332672,-389.7508529332672,5519
5679,389.7301868328459,-389.7301868328459,5520
5680,389.71890567984155,-389.71890567984155,5521
5681,389.70983745057265,-389.70983745057265,5522
5682,389.7033368140729,-389.7033368140729,5523
5683,389.72091863981075,-389.72091863981075,5524
5684,389.7800681641873,-389.7800681641873,5525
5685,389.8194824601836,-389.8194824601836,5526
5686,389.86564063515243,-389.86564063515243,5527
5687,389.9121669821103,-389.9121669821103,5528
5688,389.95208733615357,-389.95208733615357,5529
5689,389.9788692938049,-389.9788692938049,5530
5690,389.9922884003296,-389.9922884003296,5531
5691,390.0104150064028,-390.0104150064028,5532
5692,390.02543497277657,-390.02543497277657,5533
5693,390.03476334879355,-390.03476334879355,5534
5694,390.0456328053084,-390.0456328053084,5535
5695,390.0538891230965,-390.0538891230965,5536
5696,390.049015044933,-390.049015044933,5537
5697,390.0395531981349,-390.0395531981349,5538
5698,390.0190205136993,-390.0190205136993,5539
5699,390.0036551015512,-390.0036551015512,5540
5700,389.992448312856,-389.992448312856,5541
5701,389.9674914543561,-389.9674914543561,5542
5702,389.95381243446957,-389.95381243446957,5543
5703,389.93910255390455,-389.93910255390455,5544
5704,389.9359930868584,-389.9359930868584,5545
5705,389.9345795876281,-389.9345795876281,5546
5706,389.9340943337769,-389.9340943337769,5547
5707,389.9589657532401,-389.9589657532401,5548
5708,389.9947497258147,-389.9947497258147,5549
5709,390.08717369226525,-390.08717369226525,5550
5710,390.1380224938972,-390.1380224938972,5551
5711,390.1861110569858,-390.1861110569858,5552
5712,390.2260393309293,-390.2260393309293,5553
5713,390.26284559019825,-390.26284559019825,5554
5714,390.28769751718545,-390.28769751718545,5555
5715,390.2995875632086,-390.2995875632086,5556
5716,390.31148762009593,-390.31148762009593,5557
5717,390.32603015848304,-390.32603015848304,5558
5718,390.3348084001218,-390.3348084001218,5559
5719,390.33259560396806,-390.33259560396806,5560
5720,390.32894436906054,-390.32894436906054,5561
5721,390.32122512512507,-390.32122512512507,5562
5722,390.3069900866259,-390.3069900866259,5563
5723,390.2922591909884,-390.2922591909884,5564
5724,390.2687217231243,-390.2687217231243,5565
5725,390.22701403216774,-390.22701403216774,5566
5726,390.19187849822373,-390.19187849822373,5567
5727,390.17966885228606,-390.17966885228606,5568
5728,390.1642714365724,-390.1642714365724,5569
5729,390.15153426203625,-390.15153426203625,5570
5730,390.1465124163463,-390.1465124163463,5571
5731,390.164625010955,-390.164625010955,5572
5732,390.1791167965258,-390.1791167965258,5573
5733,390.20035078617394,-390.20035078617394,5574
5734,390.2356180417624,-390.2356180417624,5575
5735,390.27399546453364,-390.27399546453364,5576
5736,390.3128811908541,-390.3128811908541,5577
5737,390.34656908119547,-390.34656908119547,5578
5738,390.3683233994036,-390.3683233994036,5579
5739,390.3796878284418,-390.3796878284418,5580
5740,390.39158585597056,-390.39158585597056,5581
5741,390.4014239092366,-390.4014239092366,5582
5742,390.4143692360885,-390.4143692360885,5583
5743,390.423705905433,-390.423705905433,5584
5744,390.43101544150096,-390.43101544150096,5585
5745,390.44179035110614,-390.44179035110614,5586
5746,390.4308616347144,-390.4308616347144,5587
5747,390.41902238969374,-390.41902238969374,5588
5748,390.41253017873953,-390.41253017873953,5589
5749,390.39389800146216,-390.39389800146216,5590
5750,390.3798162842542,-390.3798162842542,5591
5751,390.36822561798783,-390.36822561798783,5592
5752,390.36763468482013,-390.36763468482013,5593
5753,390.400364397536,-390.400364397536,5594
5754,390.3978741224418,-390.3978741224418,5595
5755,390.43156278100355,-390.43156278100355,5596
5756,390.45694261903975,-390.45694261903975,5597
5757,390.48388952158626,-390.48388952158626,5598
5758,390.5233098555649,-390.5233098555649,5599
5759,390.5646529253406,-390.5646529253406,5600
5760,390.59210748703975,-390.59210748703975,5601
5761,390.61473376827263,-390.61473376827263,5602
5762,390.6255545231193,-390.6255545231193,5603
5763,390.6343012544621,-390.6343012544621,5604
5764,390.65031872770555,-390.65031872770555,5605
5765,390.6580695004227,-390.6580695004227,5606
5766,390.66478214383176,-390.66478214383176,5607
5767,390.6639028218885,-390.6639028218885,5608
5768,390.66150596456555,-390.66150596456555,5609
5769,390.659300460991,-390.659300460991,5610
5770,390.640479498015,-390.640479498015,5611
5771,390.6150785752797,-390.6150785752797,5612
5772,390.58570655829743,-390.58570655829743,5613
5773,390.5526146673392,-390.5526146673392,5614
5774,390.5280183255959,-390.5280183255959,5615
5775,390.50189423849423,-390.50189423849423,5616
5776,390.4929036756802,-390.4929036756802,5617
5777,390.49185412811744,-390.49185412811744,5618
5778,390.4916549328265,-390.4916549328265,5619
5779,390.53210597618033,-390.53210597618033,5620
5780,390.5730840248508,-390.5730840248508,5621
5781,390.60470546049334,-390.60470546049334,5622
5782,390.6543642639173,-390.6543642639173,5623
5783,390.7008920349925,-390.7008920349925,5624
5784,390.76055654359794,-390.76055654359794,5625
5785,390.7828159594635,-390.7828159594635,5626
5786,390.7929808937007,-390.7929808937007,5627
5787,390.8069327424976,-390.8069327424976,5628
5788,390.8193310675995,-390.8193310675995,5629
5789,390.8297010013333,-390.8297010013333,5630
5790,390.8426899430117,-390.8426899430117,5631
5791,390.84057999261216,-390.84057999261216,5632
5792,390.835689363116,-390.835689363116,5633
5793,390.8299746601976,-390.8299746601976,5634
5794,390.8220620683222,-390.8220620683222,5635
5795,390.8086693643267,-390.8086693643267,5636
5796,390.7895754672597,-390.7895754672597,5637
5797,390.75821863408953,-390.75821863408953,5638
5798,390.7423805738411,-390.7423805738411,5639
5799,390.72007403452574,-390.72007403452574,5640
5800,390.71456061105295,-390.71456061105295,5641
5801,390.7110392989556,-390.7110392989556,5642
5802,390.71007871757405,-390.71007871757405,5643
5803,390.7375418873355,-390.7375418873355,5644
5804,390.76448527184453,-390.76448527184453,5645
5805,390.78366553808615,-390.78366553808615,5646
5806,390.81580643306336,-390.81580643306336,5647
5807,390.918087171011,-390.918087171011,5648
5808,390.9594208693663,-390.9594208693663,5649
5809,390.97232171613933,-390.97232171613933,5650
5810,390.98093133795993,-390.98093133795993,5651
5811,390.9933390234601,-390.9933390234601,5652
5812,391.00626870165644,-391.00626870165644,5653
5813,391.0181560078273,-391.0181560078273,5654
5814,391.02850438554947,-391.02850438554947,5655
5815,391.4018629678525,-391.4018629678525,5656
5816,391.4928216197987,-391.4928216197987,5657
5817,391.4843313132999,-391.4843313132999,5658
5818,391.46597910232765,-391.46597910232765,5659
5819,391.44933575600226,-391.44933575600226,5660
5820,391.4336330531716,-391.4336330531716,5661
5821,391.41402326746777,-391.41402326746777,5662
5822,391.39562132097865,-391.39562132097865,5663
5823,391.85394797145955,-391.85394797145955,5664
5824,392.4473204714392,-392.4473204714392,5665
5825,392.45571604065316,-392.45571604065316,5666
5826,392.46153007197677,-392.46153007197677,5667
5827,392.52065882163294,-392.52065882163294,5668
5828,392.5840264580255,-392.5840264580255,5669
5829,392.61565892621957,-392.61565892621957,5670
5830,392.66443433501473,-392.66443433501473,5671
5831,392.71994607115715,-392.71994607115715,5672
5832,392.7624644831047,-392.7624644831047,5673
5833,392.78679690142735,-392.78679690142735,5674
5834,392.80168957339487,-392.80168957339487,5675
5835,392.8149970426601,-392.8149970426601,5676
5836,392.8261579496671,-392.8261579496671,5677
5837,392.83921391112347,-392.83921391112347,5678
5838,392.8506908629705,-392.8506908629705,5679
5839,392.8646966301421,-392.8646966301421,5680
5840,392.8604368135937,-392.8604368135937,5681
5841,393.3218867814137,-393.3218867814137,5682
5842,394.03030433687155,-394.03030433687155,5683
5843,394.01906499267454,-394.01906499267454,5684
5844,393.99302630017337,-393.99302630017337,5685
5845,393.98813799814036,-393.98813799814036,5686
5846,394.23965812153176,-394.23965812153176,5687
5847,394.4000354253417,-394.4000354253417,5688
5848,394.3859412838551,-394.3859412838551,5689
5849,394.38342237096043,-394.38342237096043,5690
5850,394.3826337585229,-394.3826337585229,5691
5851,394.41166181511795,-394.41166181511795,5692
5852,394.44069596067965,-394.44069596067965,5693
5853,394.4711408384476,-394.4711408384476,5694
5854,394.5292648012153,-394.5292648012153,5695
5855,394.602818157921,-394.602818157921,5696
5856,394.633759533221,-394.633759533221,5697
5857,394.64702980064504,-394.64702980064504,5698
5858,394.6583723478333,-394.6583723478333,5699
5859,394.66921952317693,-394.66921952317693,5700
5860,394.6867156507183,-394.6867156507183,5701
5861,394.6972891871451,-394.6972891871451,5702
5862,394.7071882776093,-394.7071882776093,5703
5863,394.7222253027509,-394.7222253027509,5704
5864,394.71684835651865,-394.71684835651865,5705
5865,394.70865035428324,-394.70865035428324,5706
5866,394.6825377876262,-394.6825377876262,5707
5867,394.65489210763656,-394.65489210763656,5708
5868,394.62075030798087,-394.62075030798087,5709
5869,394.6095951481469,-394.6095951481469,5710
5870,394.5795843235796,-394.5795843235796,5711
5871,394.5629602246416,-394.5629602246416,5712
5872,394.54948977347436,-394.54948977347436,5713
5873,394.5398127447744,-394.5398127447744,5714
5874,394.5379872010258,-394.5379872010258,5715
5875,394.555580452074,-394.555580452074,5716
5876,394.59398838754953,-394.59398838754953,5717
5877,394.62354050738304,-394.62354050738304,5718
5878,394.6738678416402,-394.6738678416402,5719
5879,394.7106732876712,-394.7106732876712,5720
5880,394.7485129519419,-394.7485129519419,5721
5881,394.78012481505874,-394.78012481505874,5722
5882,394.80549480466397,-394.80549480466397,5723
5883,394.8187946722474,-394.8187946722474,5724
5884,394.83381756845586,-394.83381756845586,5725
5885,394.84629842906793,-394.84629842906793,5726
5886,394.86033736625114,-394.86033736625114,5727
5887,394.86903378488284,-394.86903378488284,5728
5888,395.3391209431977,-395.3391209431977,5729
5889,396.02560284737024,-396.02560284737024,5730
5890,396.13601520187706,-396.13601520187706,5731
5891,396.1699986973879,-396.1699986973879,5732
5892,396.14138381532194,-396.14138381532194,5733
5893,396.10670312556346,-396.10670312556346,5734
5894,396.0793618087391,-396.0793618087391,5735
5895,396.05501464880416,-396.05501464880416,5736
5896,396.0478099088762,-396.0478099088762,5737
5897,396.0433285907943,-396.0433285907943,5738
5898,396.03959896693647,-396.03959896693647,5739
5899,396.08629592551785,-396.08629592551785,5740
5900,396.11219629139987,-396.11219629139987,5741
5901,396.1417439816653,-396.1417439816653,5742
5902,396.1873958374718,-396.1873958374718,5743
5903,396.2398011822374,-396.2398011822374,5744
5904,396.27816653279905,-396.27816653279905,5745
5905,396.31965024979735,-396.31965024979735,5746
5906,396.34762008356756,-396.34762008356756,5747
5907,396.3619849013666,-396.3619849013666,5748
5908,396.38033988743683,-396.38033988743683,5749
5909,396.3918904795563,-396.3918904795563,5750
5910,396.4036892147042,-396.4036892147042,5751
5911,396.4141795295366,-396.4141795295366,5752
5912,396.4111141722134,-396.4111141722134,5753
5913,396.6541520494242,-396.6541520494242,5754
5914,397.23125507203645,-397.23125507203645,5755
5915,397.7368310201838,-397.7368310201838,5756
5916,397.72362940536334,-397.72362940536334,5757
5917,397.6854503725258,-397.6854503725258,5758
5918,397.6516813033136,-397.6516813033136,5759
5919,397.61934263625443,-397.61934263625443,5760
5920,397.60508586214456,-397.60508586214456,5761
5921,397.6219182285272,-397.6219182285272,5762
5922,397.6365401007737,-397.6365401007737,5763
5923,397.66763703909817,-397.66763703909817,5764
5924,397.6841947106189,-397.6841947106189,5765
5925,397.7080215415877,-397.7080215415877,5766
5926,397.74173344565963,-397.74173344565963,5767
5927,397.7998551536527,-397.7998551536527,5768
5928,397.84809508633884,-397.84809508633884,5769
5929,397.8729559839303,-397.8729559839303,5770
5930,397.8900140618321,-397.8900140618321,5771
5931,397.90241994718156,-397.90241994718156,5772
5932,397.91840912967535,-397.91840912967535,5773
5933,397.92906476451,-397.92906476451,5774
5934,397.9392798610645,-397.9392798610645,5775
5935,397.97084333711257,-397.97084333711257,5776
5936,397.9696542741516,-397.9696542741516,5777
5937,397.9652279197093,-397.9652279197093,5778
5938,397.9398980136064,-397.9398980136064,5779
5939,397.9076292023648,-397.9076292023648,5780
5940,397.8690177929368,-397.8690177929368,5781
5941,397.8290668261678,-397.8290668261678,5782
5942,397.79497274223166,-397.79497274223166,5783
5943,397.7673523731224,-397.7673523731224,5784
5944,397.760057260417,-397.760057260417,5785
5945,397.7557240672595,-397.7557240672595,5786
5946,397.7519729281311,-397.7519729281311,5787
5947,397.78409307655045,-397.78409307655045,5788
5948,397.8063713541379,-397.8063713541379,5789
5949,397.8463190759389,-397.8463190759389,5790
5950,397.89041446005615,-397.89041446005615,5791
5951,397.97399190146103,-397.97399190146103,5792
5952,398.02690418455273,-398.02690418455273,5793
5953,398.0522806685446,-398.0522806685446,5794
5954,398.06621539042635,-398.06621539042635,5795
5955,398.0796473385563,-398.0796473385563,5796
5956,398.0951911882089,-398.0951911882089,5797
5957,398.1061165096218,-398.1061165096218,5798
5958,398.1165412228754,-398.1165412228754,5799
5959,398.1571050214312,-398.1571050214312,5800
5960,398.15355863396934,-398.15355863396934,5801
5961,398.14326667619554,-398.14326667619554,5802
5962,398.1380739873215,-398.1380739873215,5803
5963,398.1220850908534,-398.1220850908534,5804
5964,398.10196114404613,-398.10196114404613,5805
5965,398.06478912130285,-398.06478912130285,5806
5966,398.0299117123293,-398.0299117123293,5807
5967,398.2745934267468,-398.2745934267468,5808
5968,398.6521534574535,-398.6521534574535,5809
5969,398.6467518793163,-398.6467518793163,5810
5970,398.642651057959,-398.642651057959,5811
5971,398.6628203880265,-398.6628203880265,5812
5972,398.68616102301894,-398.68616102301894,5813
5973,398.72611481273736,-398.72611481273736,5814
5974,398.77177592413295,-398.77177592413295,5815
5975,398.8309306712938,-398.8309306712938,5816
5976,398.8573445568124,-398.8573445568124,5817
5977,398.88323926608706,-398.88323926608706,5818
5978,398.8992503454179,-398.8992503454179,5819
5979,398.9116476229538,-398.9116476229538,5820
5980,398.92201743367946,-398.92201743367946,5821
5981,398.9318681205232,-398.9318681205232,5822
5982,398.94738920287944,-398.94738920287944,5823
5983,398.95625107417425,-398.95625107417425,5824
5984,398.95603956450276,-398.95603956450276,5825
5985,398.95469849087056,-398.95469849087056,5826
5986,398.9537533478121,-398.9537533478121,5827
5987,398.94209753519436,-398.94209753519436,5828
5988,398.9231000342279,-398.9231000342279,5829
5989,398.8974113765445,-398.8974113765445,5830
5990,398.8772181533973,-398.8772181533973,5831
5991,398.8601607368841,-398.8601607368841,5832
5992,398.8591161475835,-398.8591161475835,5833
5993,398.8720139460725,-398.8720139460725,5834
5994,398.8901120735406,-398.8901120735406,5835
5995,398.93056176520764,-398.93056176520764,5836
5996,398.9663608727258,-398.9663608727258,5837
5997,399.01356765414675,-399.01356765414675,5838
5998,399.06753745001134,-399.06753745001134,5839
5999,399.110951683018,-399.110951683018,5840
6000,399.15451346113304,-399.15451346113304,5841
6001,399.1855995964251,-399.1855995964251,5842
6002,399.19849836731663,-399.19849836731663,5843
6003,399.2093407572571,-399.2093407572571,5844
6004,399.2222498242554,-399.2222498242554,5845
6005,399.232579998334,-399.232579998334,5846
6006,399.24447968899267,-399.24447968899267,5847
6007,399.25642420874243,-399.25642420874243,5848
6008,399.27046201390186,-399.27046201390186,5849
6009,399.2694812099394,-399.2694812099394,5850
6010,399.262802991074,-399.262802991074,5851
6011,399.24928635782493,-399.24928635782493,5852
6012,399.2262123922382,-399.2262123922382,5853
6013,399.1921667846805,-399.1921667846805,5854
6014,399.16144957238515,-399.16144957238515,5855
6015,399.1368516544295,-399.1368516544295,5856
6016,399.1301592583175,-399.1301592583175,5857
6017,399.12545232199597,-399.12545232199597,5858
6018,399.172690878572,-399.172690878572,5859
6019,399.19808252158845,-399.19808252158845,5860
6020,399.2250299231402,-399.2250299231402,5861
6021,399.25458634274975,-399.25458634274975,5862
6022,399.31635119537503,-399.31635119537503,5863
6023,399.36822974763766,-399.36822974763766,5864
6024,399.412310432385,-399.412310432385,5865
6025,399.4371634511883,-399.4371634511883,5866
6026,399.4505819958184,-399.4505819958184,5867
6027,399.46140400948616,-399.46140400948616,5868
6028,399.4753577641575,-399.4753577641575,5869
6029,399.4893399882326,-399.4893399882326,5870
6030,399.4997010184501,-399.4997010184501,5871
6031,399.5099368655572,-399.5099368655572,5872
6032,400.0718357966272,-400.0718357966272,5873
6033,401.0600075996956,-401.0600075996956,5874
6034,401.8304955144398,-401.8304955144398,5875
6035,401.82127778621503,-401.82127778621503,5876
6036,401.78829370240896,-401.78829370240896,5877
6037,401.752910274041,-401.752910274041,5878
6038,401.7329100656747,-401.7329100656747,5879
6039,401.7023097796391,-401.7023097796391,5880
6040,401.6901450913026,-401.6901450913026,5881
6041,401.6795844239816,-401.6795844239816,5882
6042,401.6771035237155,-401.6771035237155,5883
6043,401.69522268897055,-401.69522268897055,5884
6044,401.7647809893115,-401.7647809893115,5885
6045,401.8135662778588,-401.8135662778588,5886
6046,401.8753279064563,-401.8753279064563,5887
6047,401.92356955151297,-401.92356955151297,5888
6048,401.96920614118534,-401.96920614118534,5889
6049,401.9956183446179,-401.9956183446179,5890
6050,402.0178741942685,-402.0178741942685,5891
6051,402.03377645657446,-402.03377645657446,5892
6052,402.0463560341765,-402.0463560341765,5893
6053,402.05711433329594,-402.05711433329594,5894
6054,402.07059443747374,-402.07059443747374,5895
6055,402.2305800557512,-402.2305800557512,5896
6056,402.8507710326118,-402.8507710326118,5897
6057,402.8403912991573,-402.8403912991573,5898
6058,402.8224166564229,-402.8224166564229,5899
6059,402.79870192354565,-402.79870192354565,5900
6060,402.77230538667385,-402.77230538667385,5901
6061,402.75510753158596,-402.75510753158596,5902
6062,402.7341853593579,-402.7341853593579,5903
6063,402.7125924532648,-402.7125924532648,5904
6064,402.7004215694265,-402.7004215694265,5905
6065,402.6948602880028,-402.6948602880028,5906
6066,402.6910632203989,-402.6910632203989,5907
6067,402.7247810013777,-402.7247810013777,5908
6068,402.76212498380477,-402.76212498380477,5909
6069,402.7994777359727,-402.7994777359727,5910
6070,402.837853734529,-402.837853734529,5911
6071,402.87726838301637,-402.87726838301637,5912
6072,402.9109596255596,-402.9109596255596,5913
6073,402.9472455609636,-402.9472455609636,5914
6074,402.9762172818718,-402.9762172818718,5915
6075,402.99154976087544,-402.99154976087544,5916
6076,403.00495101296485,-403.00495101296485,5917
6077,403.0179242642755,-403.0179242642755,5918
6078,403.0282900679253,-403.0282900679253,5919
6079,403.0508009698022,-403.0508009698022,5920
6080,403.047791161386,-403.047791161386,5921
6081,403.0402811389045,-403.0402811389045,5922
6082,403.0307078080415,-403.0307078080415,5923
6083,403.0141306963419,-403.0141306963419,5924
6084,402.99942038787924,-402.99942038787924,5925
6085,402.99138618291465,-402.99138618291465,5926
6086,402.98019752446857,-402.98019752446857,5927
6087,402.97070127035977,-402.97070127035977,5928
6088,402.9934254990412,-402.9934254990412,5929
6089,403.0333531373398,-403.0333531373398,5930
6090,403.08159589823515,-403.08159589823515,5931
6091,403.098145979929,-403.098145979929,5932
6092,403.1209332675586,-403.1209332675586,5933
6093,403.1551484000704,-403.1551484000704,5934
6094,403.1846956446165,-403.1846956446165,5935
6095,403.2339848521206,-403.2339848521206,5936
6096,403.2687164416175,-403.2687164416175,5937
6097,403.2837009743329,-403.2837009743329,5938
6098,403.2955615537929,-403.2955615537929,5939
6099,403.3048449513272,-403.3048449513272,5940
6100,403.32246540336376,-403.32246540336376,5941
6101,403.3328139018964,-403.3328139018964,5942
6102,403.34562454810197,-403.34562454810197,5943
6103,403.36323945478205,-403.36323945478205,5944
6104,403.395574739694,-403.395574739694,5945
6105,403.3883136258588,-403.3883136258588,5946
6106,403.37104243362876,-403.37104243362876,5947
6107,403.35138425864807,-403.35138425864807,5948
6108,403.3333127243994,-403.3333127243994,5949
6109,403.3258123900437,-403.3258123900437,5950
6110,403.7937639875303,-403.7937639875303,5951
6111,404.41042706984354,-404.41042706984354,5952
6112,405.1259272633841,-405.1259272633841,5953
6113,405.26002908060303,-405.26002908060303,5954
6114,405.27397261249627,-405.27397261249627,5955
6115,405.2931069211233,-405.2931069211233,5956
6116,405.314867798361,-405.314867798361,5957
6117,405.3563669249397,-405.3563669249397,5958
6118,405.4389052401769,-405.4389052401769,5959
6119,405.501542778125,-405.501542778125,5960
6120,405.5435385512708,-405.5435385512708,5961
6121,405.5640886265666,-405.5640886265666,5962
6122,405.57490709282257,-405.57490709282257,5963
6123,405.5899006195598,-405.5899006195598,5964
6124,405.6028225590233,-405.6028225590233,5965
6125,405.6122029507429,-405.6122029507429,5966
6126,405.6225655457921,-405.6225655457921,5967
6127,405.639678799889,-405.639678799889,5968
6128,405.6370002443468,-405.6370002443468,5969
6129,405.62719373498805,-405.62719373498805,5970
6130,405.6061061494872,-405.6061061494872,5971
6131,405.5757855640804,-405.5757855640804,5972
6132,405.5431442112956,-405.5431442112956,5973
6133,405.5145466646508,-405.5145466646508,5974
6134,405.48515351689514,-405.48515351689514,5975
6135,405.4768545997962,-405.4768545997962,5976
6136,405.4765486153461,-405.4765486153461,5977
6137,405.47586560699824,-405.47586560699824,5978
6138,405.4761564262221,-405.4761564262221,5979
6139,405.5171504142992,-405.5171504142992,5980
6140,405.5539869567682,-405.5539869567682,5981
6141,405.5965420937049,-405.5965420937049,5982
6142,405.6442736307631,-405.6442736307631,5983
6143,405.69496015095376,-405.69496015095376,5984
6144,405.7461666424547,-405.7461666424547,5985
6145,405.7653042843102,-405.7653042843102,5986
6146,405.7766437560725,-405.7766437560725,5987
6147,405.78852824604417,-405.78852824604417,5988
6148,405.7999149328504,-405.7999149328504,5989
6149,405.8082334997163,-405.8082334997163,5990
6150,405.81952615492855,-405.81952615492855,5991
6151,405.830975374512,-405.830975374512,5992
6152,405.8260865487339,-405.8260865487339,5993
6153,405.82008709247395,-405.82008709247395,5994
6154,405.79374405274547,-405.79374405274547,5995
6155,405.7617719485996,-405.7617719485996,5996
6156,405.72560361543333,-405.72560361543333,5997
6157,405.70495380279124,-405.70495380279124,5998
6158,405.6932244046638,-405.6932244046638,5999
6159,405.6881241902332,-405.6881241902332,6000
6160,405.7142299338477,-405.7142299338477,6001
6161,405.7318168753844,-405.7318168753844,6002
6162,405.74264877016026,-405.74264877016026,6003
6163,405.7649138301431,-405.7649138301431,6004
6164,405.78926905463385,-405.78926905463385,6005
6165,405.8453336016618,-405.8453336016618,6006
6166,405.8992966534977,-405.8992966534977,6007
6167,405.9283137039678,-405.9283137039678,6008
6168,405.9843441875289,-405.9843441875289,6009
6169,405.99984348449783,-405.99984348449783,6010
6170,406.0127415759292,-406.0127415759292,6011
6171,406.02670872295033,-406.02670872295033,6012
6172,406.04119686690666,-406.04119686690666,6013
6173,406.0516006635668,-406.0516006635668,6014
6174,406.0651243771165,-406.0651243771165,6015
6175,406.0765782452509,-406.0765782452509,6016
6176,406.1253467704456,-406.1253467704456,6017
6177,406.57904592621185,-406.57904592621185,6018
6178,407.2469286633306,-407.2469286633306,6019
6179,407.9443158273149,-407.9443158273149,6020
6180,408.4463783058673,-408.4463783058673,6021
6181,408.4741925139416,-408.4741925139416,6022
6182,408.48124852378993,-408.48124852378993,6023
6183,408.5250221221172,-408.5250221221172,6024
6184,408.54103508095795,-408.54103508095795,6025
6185,408.5617144187469,-408.5617144187469,6026
6186,408.5798311590667,-408.5798311590667,6027
6187,408.5917115059348,-408.5917115059348,6028
6188,408.60306136396036,-408.60306136396036,6029
6189,408.62639856846243,-408.62639856846243,6030
6190,408.66632330762013,-408.66632330762013,6031
6191,408.72132157264264,-408.72132157264264,6032
6192,408.760723964298,-408.760723964298,6033
6193,408.78401911614185,-408.78401911614185,6034
6194,408.79639876879617,-408.79639876879617,6035
6195,408.8077332897825,-408.8077332897825,6036
6196,408.82208975551436,-408.82208975551436,6037
6197,408.8357939309972,-408.8357939309972,6038
6198,408.8450071483869,-408.8450071483869,6039
6199,408.8559119614538,-408.8559119614538,6040
6200,408.8882514784212,-408.8882514784212,6041
6201,408.8810741892864,-408.8810741892864,6042
6202,408.85990805472073,-408.85990805472073,6043
6203,408.85864260060475,-408.85864260060475,6044
6204,409.628684327281,-409.628684327281,6045
6205,409.6227517672275,-409.6227517672275,6046
6206,409.5907732177582,-409.5907732177582,6047
6207,409.56693038191173,-409.56693038191173,6048
6208,409.5588389667867,-409.5588389667867,6049
6209,409.5544023477828,-409.5544023477828,6050
6210,409.55170266630046,-409.55170266630046,6051
6211,409.57707513059944,-409.57707513059944,6052
6212,409.59675559917906,-409.59675559917906,6053
6213,409.65525516744117,-409.65525516744117,6054
6214,409.7201342451471,-409.7201342451471,6055
6215,409.78292258413944,-409.78292258413944,6056
6216,409.82113516744454,-409.82113516744454,6057
6217,409.855861463867,-409.855861463867,6058
6218,409.89266652068727,-409.89266652068727,6059
6219,409.9050589577537,-409.9050589577537,6060
6220,409.91850146650387,-409.91850146650387,6061
6221,409.9319025898068,-409.9319025898068,6062
6222,409.94174436807276,-409.94174436807276,6063
6223,409.9513653506742,-409.9513653506742,6064
6224,409.9484737879139,-409.9484737879139,6065
6225,410.27719516884105,-410.27719516884105,6066
6226,411.331960458841,-411.331960458841,6066
6227,412.32145999401655,-412.32145999401655,6067
6228,412.6856063368679,-412.6856063368679,6068
6229,412.67386384394473,-412.67386384394473,6069
6230,412.66230512786217,-412.66230512786217,6070
6231,412.6556633097378,-412.6556633097378,6071
6232,412.6474389636285,-412.6474389636285,6072
6233,412.6424376265402,-412.6424376265402,6073
6234,412.64141752418817,-412.64141752418817,6074
6235,412.6917492680209,-412.6917492680209,6075
6236,412.7363820488992,-412.7363820488992,6076
6237,412.76073277468277,-412.76073277468277,6077
6238,412.80483136647035,-412.80483136647035,6078
6239,412.8323062203758,-412.8323062203758,6079
6240,412.85508338168273,-412.85508338168273,6080
6241,412.89708912289603,-412.89708912289603,6081
6242,412.9245411286484,-412.9245411286484,6082
6243,412.93746178457997,-412.93746178457997,6083
6244,412.9534172065735,-412.9534172065735,6084
6245,412.9639580412062,-412.9639580412062,6085
6246,412.9729259655789,-412.9729259655789,6086
6247,412.993298907352,-412.993298907352,6087
6248,412.992493472981,-412.992493472981,6088
6249,412.98692999119885,-412.98692999119885,6089
6250,412.98678382080413,-412.98678382080413,6090
6251,413.477989197794,-413.477989197794,6091
6252,414.0242995713836,-414.0242995713836,6092
6253,414.63172417515597,-414.63172417515597,6093
6254,415.0422016397112,-415.0422016397112,6094
6255,415.0392892743889,-415.0392892743889,6095
6256,415.0729871236389,-415.0729871236389,6096
6257,415.09629641440404,-415.09629641440404,6097
6258,415.1294654427159,-415.1294654427159,6098
6259,415.1616171113573,-415.1616171113573,6099
6260,415.19010927754005,-415.19010927754005,6100
6261,415.2289925743407,-415.2289925743407,6101
6262,415.2788074109354,-415.2788074109354,6102
6263,415.3265341068619,-415.3265341068619,6103
6264,415.356068544711,-415.356068544711,6104
6265,415.38300637132124,-415.38300637132124,6105
6266,415.3953853079132,-415.3953853079132,6106
6267,415.4082992085054,-415.4082992085054,6107
6268,415.42175764057254,-415.42175764057254,6108
6269,415.43160965938216,-415.43160965938216,6109
6270,415.4402536669107,-415.4402536669107,6110
6271,415.4550302631918,-415.4550302631918,6111
6272,415.4510668633415,-415.4510668633415,6112
6273,415.44028863835746,-415.44028863835746,6113
6274,415.41731144916815,-415.41731144916815,6114
6275,415.3984580285083,-415.3984580285083,6115
6276,415.37907172202046,-415.37907172202046,6116
6277,415.35715694174604,-415.35715694174604,6117
6278,415.3362840062272,-415.3362840062272,6118
6279,415.31353009267997,-415.31353009267997,6119
6280,415.30139670804294,-415.30139670804294,6120
6281,415.2931472243034,-415.2931472243034,6121
6282,415.2924370518193,-415.2924370518193,6122
6283,415.3105516243546,-415.3105516243546,6123
6284,415.3359476305169,-415.3359476305169,6124
6285,415.3602968586044,-415.3602968586044,6125
6286,415.38257020661945,-415.38257020661945,6126
6287,415.407424999344,-415.407424999344,6127
6288,415.4286437687467,-415.4286437687467,6128
6289,415.4425864395113,-415.4425864395113,6129
6290,415.4539268388891,-415.4539268388891,6130
6291,415.46321000477917,-415.46321000477917,6131
6292,415.48083665482517,-415.48083665482517,6132
6293,415.49383055634075,-415.49383055634075,6133
6294,415.5026267630022,-415.5026267630022,6134
6295,415.51506371882823,-415.51506371882823,6135
6296,415.5141191914188,-415.5141191914188,6136
6297,415.50346919773364,-415.50346919773364,6137
6298,415.48064166572595,-415.48064166572595,6138
6299,415.44977636687156,-415.44977636687156,6139
6300,415.4160008798368,-415.4160008798368,6140
6301,415.3935815133882,-415.3935815133882,6141
6302,415.37791446875747,-415.37791446875747,6142
6303,415.3646381233225,-415.3646381233225,6143
6304,415.363614880209,-415.363614880209,6144
6305,415.3786010496505,-415.3786010496505,6145
6306,415.393584640504,-415.393584640504,6146
6307,415.4142838750059,-415.4142838750059,6147
6308,415.4313510001984,-415.4313510001984,6148
6309,415.50141671670536,-415.50141671670536,6149
6310,415.53718525340724,-415.53718525340724,6150
6311,415.58438059957155,-415.58438059957155,6151
6312,415.6346888109402,-415.6346888109402,6152
6313,415.6574668146846,-415.6574668146846,6153
6314,415.665691746821,-415.665691746821,6154
6315,415.68120831408856,-415.68120831408856,6155
6316,415.6972692563721,-415.6972692563721,6156
6317,415.7081965908701,-415.7081965908701,6157
6318,416.01213116721414,-416.01213116721414,6158
6319,416.714885247868,-416.714885247868,6159
6320,417.45617880053544,-417.45617880053544,6160
6321,418.2567017463816,-418.2567017463816,6161
6322,418.94894693455,-418.94894693455,6162
6323,419.3171260948347,-419.3171260948347,6163
6324,419.3035875500628,-419.3035875500628,6164
6325,419.28646733088976,-419.28646733088976,6165
6326,419.273197444853,-419.273197444853,6166
6327,419.25992262531463,-419.25992262531463,6167
6328,419.2580478605618,-419.2580478605618,6168
6329,419.25724504327525,-419.25724504327525,6169
6330,419.2503967301877,-419.2503967301877,6170
6331,419.27108884602944,-419.27108884602944,6171
6332,419.2980455337576,-419.2980455337576,6172
6333,419.33332226988045,-419.33332226988045,6173
6334,419.36702328420824,-419.36702328420824,6174
6335,419.419417125571,-419.419417125571,6175
6336,419.4598612237368,-419.4598612237368,6176
6337,419.4862033055037,-419.4862033055037,6177
6338,419.50406669986995,-419.50406669986995,6178
6339,419.51472295739575,-419.51472295739575,6179
6340,419.52605621793055,-419.52605621793055,6180
6341,419.5401221934288,-419.5401221934288,6181
6342,419.55096895459843,-419.55096895459843,6182
6343,419.56307929013843,-419.56307929013843,6183
6344,419.56819432503465,-419.56819432503465,6184
6345,419.6235365420411,-419.6235365420411,6185
6346,419.61574856263394,-419.61574856263394,6186
6347,419.60523790198334,-419.60523790198334,6187
6348,419.5900046785127,-419.5900046785127,6188
6349,419.57619017649637,-419.57619017649637,6189
6350,419.56499671364304,-419.56499671364304,6190
6351,419.551825700641,-419.551825700641,6191
6352,419.54507378792897,-419.54507378792897,6192
6353,419.54082522539795,-419.54082522539795,6193
6354,419.56204278195224,-419.56204278195224,6194
6355,419.58637498763244,-419.58637498763244,6195
6356,419.6289177196425,-419.6289177196425,6196
6357,419.6818483188774,-419.6818483188774,6197
6358,419.7462081597557,-419.7462081597557,6198
6359,419.7960123020938,-419.7960123020938,6199
6360,419.8437283432481,-419.8437283432481,6200
6361,419.8691003514361,-419.8691003514361,6201
6362,419.88148330060363,-419.88148330060363,6202
6363,419.8938751056468,-419.8938751056468,6203
6364,419.907815714873,-419.907815714873,6204
6365,419.9171048423476,-419.9171048423476,6205
6366,419.93010679749585,-419.93010679749585,6206
6367,419.9415017456988,-419.9415017456988,6207
6368,419.9372765800597,-419.9372765800597,6208
6369,419.931861241216,-419.931861241216,6209
6370,419.9122861230334,-419.9122861230334,6210
6371,419.89104773070045,-419.89104773070045,6211
6372,419.9078090513298,-419.9078090513298,6212
6373,419.8887236391767,-419.8887236391767,6213
6374,419.8833764956588,-419.8833764956588,6214
6375,419.870412102293,-419.870412102293,6215
6376,419.87915326554804,-419.87915326554804,6216
6377,419.8863381679752,-419.8863381679752,6217
6378,419.8956101214752,-419.8956101214752,6218
6379,419.91217522287366,-419.91217522287366,6219
6380,419.93029603025127,-419.93029603025127,6220
6381,420.01961367691575,-420.01961367691575,6221
6382,420.07877722046607,-420.07877722046607,6222
6383,420.1394888324173,-420.1394888324173,6223
6384,420.16382440217245,-420.16382440217245,6224
6385,420.1876389487481,-420.1876389487481,6225
6386,420.21248811633524,-420.21248811633524,6226
6387,420.22541584364194,-420.22541584364194,6227
6388,420.2393863407303,-420.2393863407303,6228
6389,420.24976357447287,-420.24976357447287,6229
6390,420.2606556967598,-420.2606556967598,6230
6391,420.60911901043403,-420.60911901043403,6231
6392,421.3117165870876,-421.3117165870876,6232
6393,421.9409744925452,-421.9409744925452,6233
6394,421.92882222014936,-421.92882222014936,6234
6395,421.90782332119153,-421.90782332119153,6235
6396,421.884738986774,-421.884738986774,6236
6397,421.87889928418974,-421.87889928418974,6237
6398,421.8690402345237,-421.8690402345237,6238
6399,421.85842930544,-421.85842930544,6239
6400,421.8843013861949,-421.8843013861949,6240
6401,421.9011770028632,-421.9011770028632,6241
6402,421.9234667703516,-421.9234667703516,6242
6403,421.9421013134507,-421.9421013134507,6243
6404,421.96596373976195,-421.96596373976195,6244
6405,422.0069356186664,-422.0069356186664,6245
6406,422.045832973683,-422.045832973683,6246
6407,422.0805692347333,-422.0805692347333,6247
6408,422.1241293504951,-422.1241293504951,6248
6409,422.1609373165425,-422.1609373165425,6249
6410,422.2044130692825,-422.2044130692825,6250
6411,422.2149978031508,-422.2149978031508,6251
6412,422.22621697691994,-422.22621697691994,6252
6413,422.2390211077967,-422.2390211077967,6253
6414,422.2581279271678,-422.2581279271678,6254
6415,422.4546525547471,-422.4546525547471,6255
6416,423.08174195159904,-423.08174195159904,6256
6417,423.60675403412296,-423.60675403412296,6257
6418,424.68126762481626,-424.68126762481626,6258
6419,425.12439710553707,-425.12439710553707,6259
6420,425.12139521617325,-425.12139521617325,6260
6421,425.1282226303792,-425.1282226303792,6261
6422,425.12517904731635,-425.12517904731635,6262
6423,425.1231053760681,-425.1231053760681,6263
6424,425.1536677889637,-425.1536677889637,6264
6425,425.17799553078703,-425.17799553078703,6265
6426,425.1904847894674,-425.1904847894674,6266
6427,425.21170747925663,-425.21170747925663,6267
6428,425.23604753753494,-425.23604753753494,6268
6429,425.3170310936035,-425.3170310936035,6269
6430,425.44685601732,-425.44685601732,6270
6431,425.48888749996735,-425.48888749996735,6271
6432,425.5267332379809,-425.5267332379809,6272
6433,425.5515899184616,-425.5515899184616,6273
6434,425.5670411662223,-425.5670411662223,6274
6435,425.5776742977096,-425.5776742977096,6275
6436,425.5914497804797,-425.5914497804797,6276
6437,425.6021982999936,-425.6021982999936,6277
6438,425.6099567981413,-425.6099567981413,6278
6439,425.6211659842824,-425.6211659842824,6279
6440,425.68102636988493,-425.68102636988493,6280
6441,426.2912817330815,-426.2912817330815,6281
6442,427.18465253961614,-427.18465253961614,6282
6443,428.26854643062967,-428.26854643062967,6283
6444,429.0898484734723,-429.0898484734723,6284
6445,429.21906561823675,-429.21906561823675,6285
6446,429.21374285681117,-429.21374285681117,6286
6447,429.212619410117,-429.212619410117,6287
6448,429.2267500987555,-429.2267500987555,6288
6449,429.2972926976682,-429.2972926976682,6289
6450,429.3808707325957,-429.3808707325957,6290
6451,429.4515282107225,-429.4515282107225,6291
6452,429.4992673978659,-429.4992673978659,6292
6453,429.5594950975912,-429.5594950975912,6293
6454,429.64047934254387,-429.64047934254387,6294
6455,429.6933977921712,-429.6933977921712,6295
6456,429.71825091050994,-429.71825091050994,6296
6457,429.74362604880605,-429.74362604880605,6297
6458,429.75808591483326,-429.75808591483326,6298
6459,429.7720115961176,-429.7720115961176,6299
6460,429.78527781012957,-429.78527781012957,6300
6461,429.79476546404453,-429.79476546404453,6301
6462,429.80545329607696,-429.80545329607696,6302
6463,430.0744873962917,-430.0744873962917,6303
6464,430.76153279846943,-430.76153279846943,6304
6465,431.33718613817234,-431.33718613817234,6305
6466,431.5112580087752,-431.5112580087752,6306
6467,431.53361696626945,-431.53361696626945,6307
6468,431.529427553563,-431.529427553563,6308
6469,431.5142790407935,-431.5142790407935,6309
6470,431.49716440841485,-431.49716440841485,6310
6471,431.4866200841577,-431.4866200841577,6311
6472,431.5009203699251,-431.5009203699251,6312
6473,431.56215504605694,-431.56215504605694,6313
6474,431.6171627757987,-431.6171627757987,6314
6475,431.66492355708493,-431.66492355708493,6315
6476,431.7183877218627,-431.7183877218627,6316
6477,431.7972982146682,-431.7972982146682,6317
6478,431.86789347325345,-431.86789347325345,6318
6479,431.94626750301643,-431.94626750301643,6319
6480,432.00593699143343,-432.00593699143343,6320
6481,432.0214382317556,-432.0214382317556,6321
6482,432.03219693495623,-432.03219693495623,6322
6483,432.04436401049867,-432.04436401049867,6323
6484,432.0586707848645,-432.0586707848645,6324
6485,432.0677142166101,-432.0677142166101,6325
6486,432.0804272033335,-432.0804272033335,6326
6487,432.0900276805412,-432.0900276805412,6327
6488,432.1196297773265,-432.1196297773265,6328
6489,432.1188685203435,-432.1188685203435,6329
6490,432.1701193622645,-432.1701193622645,6330
6491,432.1593326789842,-432.1593326789842,6331
6492,432.2104408816509,-432.2104408816509,6332
6493,432.2049737783344,-432.2049737783344,6333
6494,432.1976874873859,-432.1976874873859,6334
6495,432.1884256998426,-432.1884256998426,6335
6496,432.1875511641794,-432.1875511641794,6336
6497,432.1968664253233,-432.1968664253233,6337
6498,432.23785124065614,-432.23785124065614,6338
6499,432.27311648266453,-432.27311648266453,6339
6500,432.32763732822303,-432.32763732822303,6340
6501,432.40553765409715,-432.40553765409715,6341
6502,432.46366089637894,-432.46366089637894,6342
6503,432.4983945336291,-432.4983945336291,6343
6504,432.52220798590844,-432.52220798590844,6344
6505,432.54966029927135,-432.54966029927135,6345
6506,432.57710793031436,-432.57710793031436,6346
6507,432.5915779998708,-432.5915779998708,6347
6508,432.6070827327016,-432.6070827327016,6348
6509,432.6174470679073,-432.6174470679073,6349
6510,432.63087595938106,-432.63087595938106,6350
6511,432.64960237916847,-432.64960237916847,6351
6512,432.67020540896084,-432.67020540896084,6352
6513,432.665418654716,-432.665418654716,6353
6514,432.6573958879055,-432.6573958879055,6354
6515,432.65712427665716,-432.65712427665716,6355
6516,432.65304002536635,-432.65304002536635,6356
6517,432.6484708558226,-432.6484708558226,6357
6518,432.94010979921063,-432.94010979921063,6358
6519,432.93738751736765,-432.93738751736765,6359
6520,432.95642184869627,-432.95642184869627,6360
6521,432.9875161644078,-432.9875161644078,6361
6522,433.0290319876874,-433.0290319876874,6362
6523,433.1105545630485,-433.1105545630485,6363
6524,433.17647915760995,-433.17647915760995,6364
6525,433.2340763067328,-433.2340763067328,6365
6526,433.30362548922574,-433.30362548922574,6366
6527,433.36694063966246,-433.36694063966246,6367
6528,433.4042670385155,-433.4042670385155,6368
6529,433.4296448861302,-433.4296448861302,6369
6530,433.4420228110959,-433.4420228110959,6370
6531,433.4544190215713,-433.4544190215713,6371
6532,433.4678637661435,-433.4678637661435,6372
6533,433.5785633877587,-433.5785633877587,6373
6534,434.19881607245117,-434.19881607245117,6374
6535,434.841791280589,-434.841791280589,6375
6536,434.9975626537012,-434.9975626537012,6376
6537,434.99016252431977,-434.99016252431977,6377
6538,434.96972712660585,-434.96972712660585,6378
6539,434.94423104126065,-434.94423104126065,6379
6540,434.937721822994,-434.937721822994,6380
6541,434.90621021223683,-434.90621021223683,6381
6542,434.89083836690736,-434.89083836690736,6382
6543,434.86914257741853,-434.86914257741853,6383
6544,434.8593262093355,-434.8593262093355,6384
6545,434.85385501043777,-434.85385501043777,6385
6546,434.86313904636864,-434.86313904636864,6386
6547,434.879193061581,-434.879193061581,6387
6548,434.8957703960372,-434.8957703960372,6388
6549,434.9881978991914,-434.9881978991914,6389
6550,435.0489236542371,-435.0489236542371,6390
6551,435.1070351247219,-435.1070351247219,6391
6552,435.13134570277725,-435.13134570277725,6392
6553,435.1549904336866,-435.1549904336866,6393
6554,435.1899904665455,-435.1899904665455,6394
6555,435.21305151110573,-435.21305151110573,6395
6556,435.2268344606696,-435.2268344606696,6396
6557,435.23595672049163,-435.23595672049163,6397
6558,435.24547283742646,-435.24547283742646,6398
6559,435.2574411747253,-435.2574411747253,6399
6560,435.2634538729558,-435.2634538729558,6400
6561,435.25808741151553,-435.25808741151553,6401
6562,435.2388935085315,-435.2388935085315,6402
6563,435.2177031082828,-435.2177031082828,6403
6564,435.186172343952,-435.186172343952,6404
6565,435.1580914553615,-435.1580914553615,6405
6566,435.1389597977213,-435.1389597977213,6406
6567,435.1274105560363,-435.1274105560363,6407
6568,435.1240996157913,-435.1240996157913,6408
6569,435.1230193640474,-435.1230193640474,6409
6570,435.1603800059289,-435.1603800059289,6410
6571,435.1972023131591,-435.1972023131591,6411
6572,435.2366511430677,-435.2366511430677,6412
6573,435.2822970808028,-435.2822970808028,6413
6574,435.3315796630663,-435.3315796630663,6414
6575,435.37931118320364,-435.37931118320364,6415
6576,435.41612479814506,-435.41612479814506,6416
6577,435.4435825013311,-435.4435825013311,6417
6578,435.45752323422147,-435.45752323422147,6418
6579,435.4699221497107,-435.4699221497107,6419
6580,435.4823292295203,-435.4823292295203,6420
6581,435.49325871598205,-435.49325871598205,6421
6582,435.5026097266936,-435.5026097266936,6422
6583,435.54263632832067,-435.54263632832067,6423
6584,435.60862399028576,-435.60862399028576,6424
6585,435.64857655936544,-435.64857655936544,6425
6586,435.68438480060706,-435.68438480060706,6426
6587,435.7426790783835,-435.7426790783835,6427
6588,435.74636578562445,-435.74636578562445,6428
6589,435.7696687113159,-435.7696687113159,6429
6590,435.76901107165213,-435.76901107165213,6430
6591,435.7663857328176,-435.7663857328176,6431
6592,435.80527554815563,-435.80527554815563,6432
6593,435.8623494447127,-435.8623494447127,6433
6594,435.9251427785817,-435.9251427785817,6434
6595,435.97807052768184,-435.97807052768184,6435
6596,436.03100430306273,-436.03100430306273,6436
6597,436.11199494081893,-436.11199494081893,6437
6598,436.17947317274934,-436.17947317274934,6438
6599,436.24486038936874,-436.24486038936874,6439
6600,436.2811472259423,-436.2811472259423,6440
6601,436.31431418508294,-436.31431418508294,6441
6602,436.34383533655665,-436.34383533655665,6442
6603,436.3546333200434,-436.3546333200434,6443
6604,436.3680513580838,-436.3680513580838,6444
6605,436.38255385021847,-436.38255385021847,6445
6606,436.39183286144015,-436.39183286144015,6446
6607,436.40165967614263,-436.40165967614263,6447
6608,436.40000721816335,-436.40000721816335,6448
6609,436.3987791055284,-436.3987791055284,6449
6610,436.37685489132474,-436.37685489132474,6450
6611,436.8582604657608,-436.8582604657608,6451
6612,436.94457603253124,-436.94457603253124,6452
6613,436.93244722524474,-436.93244722524474,6453
6614,436.92480636568195,-436.92480636568195,6454
6615,436.9190246874713,-436.9190246874713,6455
6616,436.91308302340315,-436.91308302340315,6456
6617,436.9099960963582,-436.9099960963582,6457
6618,436.9525469652252,-436.9525469652252,6458
6619,436.9867805463763,-436.9867805463763,6459
6620,437.0672738084024,-437.0672738084024,6460
6621,437.0926650721925,-437.0926650721925,6461
6622,437.126893232487,-437.126893232487,6462
6623,437.1725480745624,-437.1725480745624,6463
6624,437.19688254667415,-437.19688254667415,6464
6625,437.220700039891,-437.220700039891,6465
6626,437.24659380364346,-437.24659380364346,6466
6627,437.2579509380423,-437.2579509380423,6467
6628,437.2713884028865,-437.2713884028865,6468
6629,437.28229945734284,-437.28229945734284,6469
6630,437.293052774777,-437.293052774777,6470
6631,437.3026803477477,-437.3026803477477,6471
6632,437.3457062478116,-437.3457062478116,6472
6633,437.3685625624115,-437.3685625624115,6473
6634,437.3657008108045,-437.3657008108045,6474
6635,437.36596821522704,-437.36596821522704,6475
6636,437.36614758159806,-437.36614758159806,6476
6637,437.38511151824997,-437.38511151824997,6477
6638,437.40318497227565,-437.40318497227565,6478
6639,437.4217919968904,-437.4217919968904,6479
6640,437.4205238902944,-437.4205238902944,6480
6641,437.42483812331193,-437.42483812331193,6481
6642,437.4704719180081,-437.4704719180081,6482
6643,437.49794172030965,-437.49794172030965,6483
6644,437.5446392168113,-437.5446392168113,6484
6645,437.6245753074493,-437.6245753074493,6485
6646,437.68996860379076,-437.68996860379076,6486
6647,437.75899971065144,-437.75899971065144,6487
6648,437.79684311851645,-437.79684311851645,6488
6649,437.82325871311497,-437.82325871311497,6489
6650,437.83512000356217,-437.83512000356217,6490
6651,437.8459348187395,-437.8459348187395,6491
6652,437.86089952431655,-437.86089952431655,6492
6653,437.8696918901988,-437.8696918901988,6493
6654,437.88193717954005,-437.88193717954005,6494
6655,437.89330337928493,-437.89330337928493,6495
6656,437.91866034439295,-437.91866034439295,6496
6657,437.9622173063653,-437.9622173063653,6497
6658,438.0222478923685,-438.0222478923685,6498
6659,438.0412595668071,-438.0412595668071,6499
6660,438.06196935385475,-438.06196935385475,6500
6661,438.08369369302477,-438.08369369302477,6501
6662,438.11825544117255,-438.11825544117255,6502
6663,438.1612997317683,-438.1612997317683,6503
6664,438.18146361189184,-438.18146361189184,6504
6665,438.20527609792487,-438.20527609792487,6505
6666,438.2369083588233,-438.2369083588233,6506
6667,438.2836074970797,-438.2836074970797,6507
6668,438.3495562363676,-438.3495562363676,6508
6669,438.40301277603635,-438.40301277603635,6509
6670,438.4528298829766,-438.4528298829766,6510
6671,438.50522531414094,-438.50522531414094,6511
6672,438.54930465763965,-438.54930465763965,6512
6673,438.5871498207426,-438.5871498207426,6513
6674,438.60108684637964,-438.60108684637964,6514
6675,438.61242642803575,-438.61242642803575,6515
6676,438.625313701674,-438.625313701674,6516
6677,438.63560484694307,-438.63560484694307,6517
6678,438.6485132851681,-438.6485132851681,6518
6679,438.6614510815985,-438.6614510815985,6519
6680,438.68111285814365,-438.68111285814365,6520
6681,438.71168958608337,-438.71168958608337,6521
6682,438.71478266924447,-438.71478266924447,6522
6683,438.71510498235125,-438.71510498235125,6523
6684,438.7226819596451,-438.7226819596451,6524
6685,438.7371435859789,-438.7371435859789,6525
6686,438.7552420308219,-438.7552420308219,6526
6687,438.76290963035797,-438.76290963035797,6527
6688,438.76281157963115,-438.76281157963115,6528
6689,438.76620564544476,-438.76620564544476,6529
6690,438.7801633644579,-438.7801633644579,6530
6691,438.8195847716004,-438.8195847716004,6531
6692,438.91044966584474,-438.91044966584474,6532
6693,439.0023541923582,-439.0023541923582,6533
6694,439.05996942358604,-439.05996942358604,6534
6695,439.12639738291153,-439.12639738291153,6535
6696,439.15541135224447,-439.15541135224447,6536
6697,439.1787057101237,-439.1787057101237,6537
6698,439.18952594016116,-439.18952594016116,6538
6699,439.2034646600536,-439.2034646600536,6539
6700,439.2194762156391,-439.2194762156391,6540
6701,439.23083951578593,-439.23083951578593,6541
6702,439.24116409767544,-439.24116409767544,6542
6703,439.2561685925429,-439.2561685925429,6543
6704,439.29556417522303,-439.29556417522303,6544
6705,439.31531509788795,-439.31531509788795,6545
6706,439.3009509718235,-439.3009509718235,6546
6707,439.280047877192,-439.280047877192,6547
6708,439.26185527905784,-439.26185527905784,6548
6709,439.2372054487096,-439.2372054487096,6549
6710,439.21994399220097,-439.21994399220097,6550
6711,439.20319606623235,-439.20319606623235,6551
6712,439.25764617216595,-439.25764617216595,6552
6713,439.29915081168554,-439.29915081168554,6553
6714,439.3354736858733,-439.3354736858733,6554
6715,439.3660728400225,-439.3660728400225,6555
6716,439.401370485082,-439.401370485082,6556
6717,439.452740916061,-439.452740916061,6557
6718,439.51658372660825,-439.51658372660825,6558
6719,439.55234815425547,-439.55234815425547,6559
6720,439.59383011333637,-439.59383011333637,6560
6721,439.62855778210894,-439.62855778210894,6561
6722,439.6669185724919,-439.6669185724919,6562
6723,439.68033053336126,-439.68033053336126,6563
6724,439.6921941106354,-439.6921941106354,6564
6725,439.70570831308606,-439.70570831308606,6565
6726,439.7161107316434,-439.7161107316434,6566
6727,439.7446977155684,-439.7446977155684,6567
6728,439.75085843317515,-439.75085843317515,6568
6729,439.74789102735394,-439.74789102735394,6569
6730,439.73090898759676,-439.73090898759676,6570
6731,439.7117118177559,-439.7117118177559,6571
6732,439.68535292033795,-439.68535292033795,6572
6733,439.6619681752785,-439.6619681752785,6573
6734,439.64467569914586,-439.64467569914586,6574
6735,439.626992545381,-439.626992545381,6575
6736,439.6408650162082,-439.6408650162082,6576
6737,439.64842970034806,-439.64842970034806,6577
6738,439.67381377764264,-439.67381377764264,6578
6739,439.71220605998053,-439.71220605998053,6579
6740,439.77863728087584,-439.77863728087584,6580
6741,439.8253335337508,-439.8253335337508,6581
6742,439.8933259883138,-439.8933259883138,6582
6743,439.95613540346704,-439.95613540346704,6583
6744,439.9929432794531,-439.9929432794531,6584
6745,440.02039901682934,-440.02039901682934,6585
6746,440.0343368517807,-440.0343368517807,6586
6747,440.04672917253583,-440.04672917253583,6587
6748,440.0591415837822,-440.0591415837822,6588
6749,440.070065073457,-440.070065073457,6589
6750,440.07940977476665,-440.07940977476665,6590
6751,440.11943223307696,-440.11943223307696,6591
6752,440.18539078917513,-440.18539078917513,6592
6753,440.73102115871615,-440.73102115871615,6593
6754,441.4511003086915,-441.4511003086915,6594
6755,441.9170729708632,-441.9170729708632,6595
6756,442.74025541461697,-442.74025541461697,6596
6757,443.0697217728497,-443.0697217728497,6597
6758,443.1602730551571,-443.1602730551571,6598
6759,443.6325637559797,-443.6325637559797,6599
6760,443.6637880482678,-443.6637880482678,6600
6761,443.6877573311503,-443.6877573311503,6601
6762,443.7505411944574,-443.7505411944574,6602
6763,443.80348593189547,-443.80348593189547,6603
6764,443.85643160623374,-443.85643160623374,6604
6765,443.9374261481847,-443.9374261481847,6605
6766,444.0049079657116,-444.0049079657116,6606
6767,444.070295182331,-444.070295182331,6607
6768,444.12580717365086,-444.12580717365086,6608
6769,444.13611150271885,-444.13611150271885,6609
6770,444.14848546938686,-444.14848546938686,6610
6771,444.1613618853856,-444.1613618853856,6611
6772,444.1767376151344,-444.1767376151344,6612
6773,444.18730290507,-444.18730290507,6613
6774,444.1982328051501,-444.1982328051501,6614
6775,444.2089411686802,-444.2089411686802,6615
6776,444.32866606141243,-444.32866606141243,6616
6777,444.3380864859078,-444.3380864859078,6617
6778,444.33357975893523,-444.33357975893523,6618
6779,444.32133344281203,-444.32133344281203,6619
6780,444.3144922561095,-444.3144922561095,6620
6781,444.3083409088613,-444.3083409088613,6621
6782,444.3014744501357,-444.3014744501357,6622
6783,444.31737287735615,-444.31737287735615,6623
6784,444.3422384952102,-444.3422384952102,6624
6785,444.3519119389245,-444.3519119389245,6625
6786,444.37679650536774,-444.37679650536774,6626
6787,444.4136232226108,-444.4136232226108,6627
6788,444.4899595619761,-444.4899595619761,6628
6789,444.56006338593,-444.56006338593,6629
6790,444.6410413109879,-444.6410413109879,6630
6791,444.7360484278391,-444.7360484278391,6631
6792,444.7790857365807,-444.7790857365807,6632
6793,444.79614686310276,-444.79614686310276,6633
6794,444.80956686683584,-444.80956686683584,6634
6795,444.8219215273301,-444.8219215273301,6635
6796,444.83791736676073,-444.83791736676073,6636
6797,444.84731258144075,-444.84731258144075,6637
6798,444.85804191235536,-444.85804191235536,6638
6799,444.87102414764394,-444.87102414764394,6639
6800,444.88790876603525,-444.88790876603525,6640
6801,444.88522023753734,-444.88522023753734,6641
6802,444.8702099831035,-444.8702099831035,6642
6803,444.8482647083481,-444.8482647083481,6643
6804,444.8254055491444,-444.8254055491444,6644
6805,444.82245529846034,-444.82245529846034,6645
6806,444.8116926244266,-444.8116926244266,6646
6807,444.80067415990254,-444.80067415990254,6647
6808,444.7994734571191,-444.7994734571191,6648
6809,444.79960115951326,-444.79960115951326,6649
6810,444.9834563877885,-444.9834563877885,6650
6811,445.0457541631081,-445.0457541631081,6651
6812,445.19693472181524,-445.19693472181524,6652
6813,445.31015409374277,-445.31015409374277,6653
6814,445.42128096812155,-445.42128096812155,6654
6815,445.4934233308128,-445.4934233308128,6655
6816,445.55776558337425,-445.55776558337425,6656
6817,445.57638656516536,-445.57638656516536,6657
6818,445.59084387550047,-445.59084387550047,6658
6819,445.60583799890594,-445.60583799890594,6659
6820,445.61823416322125,-445.61823416322125,6660
6821,445.6296791507662,-445.6296791507662,6661
6822,445.63954250426946,-445.63954250426946,6662
6823,445.6546226543454,-445.6546226543454,6663
6824,445.71032359289643,-445.71032359289643,6664
6825,445.7444137798465,-445.7444137798465,6665
6826,445.7389882648538,-445.7389882648538,6666
6827,445.755969643772,-445.755969643772,6667
6828,445.7555290083117,-445.7555290083117,6668
6829,445.7917506933394,-445.7917506933394,6669
6830,445.82225905071095,-445.82225905071095,6670
6831,445.86174091754293,-445.86174091754293,6671
6832,445.9380041423691,-445.9380041423691,6672
6833,445.96970913165956,-445.96970913165956,6673
6834,446.1021583645119,-446.1021583645119,6674
6835,446.1826856222524,-446.1826856222524,6675
6836,446.28241028723954,-446.28241028723954,6676
6837,446.3509700772629,-446.3509700772629,6677
6838,446.4049355877008,-446.4049355877008,6678
6839,446.45474114792614,-446.45474114792614,6679
6840,446.51181199520215,-446.51181199520215,6680
6841,446.53406717403567,-446.53406717403567,6681
6842,446.54696802497483,-446.54696802497483,6682
6843,446.5593454883699,-446.5593454883699,6683
6844,446.5717161149404,-446.5717161149404,6684
6845,446.5831303104966,-446.5831303104966,6685
6846,446.59399196374164,-446.59399196374164,6686
6847,446.6095082273802,-446.6095082273802,6687
6848,446.65139007145024,-446.65139007145024,6688
6849,446.6514480075855,-446.6514480075855,6689
6850,446.6362053774805,-446.6362053774805,6690
6851,446.6251165057035,-446.6251165057035,6691
6852,446.606850707519,-446.606850707519,6692
6853,446.5940148025685,-446.5940148025685,6693
6854,446.5775397015374,-446.5775397015374,6694
6855,446.56522521422795,-446.56522521422795,6695
6856,446.59684514210517,-446.59684514210517,6696
6857,446.635276779672,-446.635276779672,6697
6858,446.71056529270163,-446.71056529270163,6698
6859,446.77493596890366,-446.77493596890366,6699
6860,446.86112592264845,-446.86112592264845,6700
6861,446.96291952375316,-446.96291952375316,6701
6862,447.06104982251367,-447.06104982251367,6702
6863,447.1576168419456,-447.1576168419456,6703
6864,447.19701998093154,-447.19701998093154,6704
6865,447.2249900884237,-447.2249900884237,6705
6866,447.2524388146202,-447.2524388146202,6706
6867,447.26897940350693,-447.26897940350693,6707
6868,447.2813712207362,-447.2813712207362,6708
6869,447.29126119968606,-447.29126119968606,6709
6870,447.3006073353648,-447.3006073353648,6710
6871,447.3109714442794,-447.3109714442794,6711
6872,447.3363916462813,-447.3363916462813,6712
6873,447.3398539629575,-447.3398539629575,6713
6874,447.33414113471724,-447.33414113471724,6714
6875,447.31931727633196,-447.31931727633196,6715
6876,447.3127420351525,-447.3127420351525,6716
6877,447.93617416196037,-447.93617416196037,6717
6878,448.1594394736545,-448.1594394736545,6718
6879,448.15444015255287,-448.15444015255287,6719
6880,448.2270945974789,-448.2270945974789,6720
6881,448.29301685259946,-448.29301685259946,6721
6882,448.3646655231244,-448.3646655231244,6722
6883,448.44516479215946,-448.44516479215946,6723
6884,448.5360800855979,-448.5360800855979,6724
6885,448.6305881802388,-448.6305881802388,6725
6886,448.6798869452399,-448.6798869452399,6726
6887,448.72865706057223,-448.72865706057223,6727
6888,448.77014320749805,-448.77014320749805,6728
6889,448.7975980939873,-448.7975980939873,6729
6890,448.8219307152941,-448.8219307152941,6730
6891,448.8519891780653,-448.8519891780653,6731
6892,448.8669769555346,-448.8669769555346,6732
6893,448.8763204726586,-448.8763204726586,6733
6894,448.8877452253478,-448.8877452253478,6734
6895,449.2768033045306,-449.2768033045306,6735
6896,449.94059592706117,-449.94059592706117,6736
6897,450.40338190119246,-450.40338190119246,6737
6898,450.4702600902458,-450.4702600902458,6738
6899,450.52827641149526,-450.52827641149526,6739
6900,450.5649479083749,-450.5649479083749,6740
6901,451.4818754353225,-451.4818754353225,6741
6902,452.2222653975182,-452.2222653975182,6742
6903,452.94834527239755,-452.94834527239755,6743
6904,453.0880680266696,-453.0880680266696,6744
6905,453.1456943582582,-453.1456943582582,6745
6906,453.2184086257156,-453.2184086257156,6746
6907,453.3155110755244,-453.3155110755244,6747
6908,453.41729773899266,-453.41729773899266,6748
6909,453.47334873184275,-453.47334873184275,6749
6910,453.5283488545806,-453.5283488545806,6750
6911,453.5973762602167,-453.5973762602167,6751
6912,453.6393924224629,-453.6393924224629,6752
6913,453.67152410616376,-453.67152410616376,6753
6914,453.7020033093206,-453.7020033093206,6754
6915,453.71257927580467,-453.71257927580467,6755
6916,453.7249211243123,-453.7249211243123,6756
6917,453.73604654827227,-453.73604654827227,6757
6918,453.74667223650636,-453.74667223650636,6758
6919,453.75718509374724,-453.75718509374724,6759
6920,453.8149155573218,-453.8149155573218,6760
6921,453.81748373490865,-453.81748373490865,6761
6922,453.81007440607925,-453.81007440607925,6762
6923,453.79635877479086,-453.79635877479086,6763
6924,453.77651120169014,-453.77651120169014,6764
6925,453.7683732262071,-453.7683732262071,6765
6926,453.76858729347003,-453.76858729347003,6766
6927,453.7743611558893,-453.7743611558893,6767
6928,453.841337904111,-453.841337904111,6768
6929,453.88599423169177,-453.88599423169177,6769
6930,453.9384091679473,-453.9384091679473,6770
6931,454.00225966534356,-454.00225966534356,6771
6932,454.0744352214298,-454.0744352214298,6772
6933,454.12840579423386,-454.12840579423386,6773
6934,454.2052405834177,-454.2052405834177,6774
6935,454.2529763457368,-454.2529763457368,6775
6936,454.26951753075923,-454.26951753075923,6776
6937,454.28554145307334,-454.28554145307334,6777
6938,454.2958436880155,-454.2958436880155,6778
6939,454.3103026590522,-454.3103026590522,6779
6940,454.322165806764,-454.322165806764,6780
6941,454.33205275186714,-454.33205275186714,6781
6942,454.34296016712176,-454.34296016712176,6782
6943,454.37986842718436,-454.37986842718436,6783
6944,454.39891246687233,-454.39891246687233,6784
6945,454.40000075549085,-454.40000075549085,6785
6946,454.3960464061983,-454.3960464061983,6786
6947,454.67887168537493,-454.67887168537493,6787
6948,455.26569883484444,-455.26569883484444,6788
6949,455.8852208535245,-455.8852208535245,6789
6950,456.5192290266636,-456.5192290266636,6790
6951,456.9032393884425,-456.9032393884425,6791
6952,456.96865469864235,-456.96865469864235,6792
6953,457.0351006498966,-457.0351006498966,6793
6954,457.07503539221034,-457.07503539221034,6794
6955,457.21061396610577,-457.21061396610577,6795
6956,457.31239985913265,-457.31239985913265,6796
6957,457.38559107578294,-457.38559107578294,6797
6958,457.45565927791495,-457.45565927791495,6798
6959,457.52363655834574,-457.52363655834574,6799
6960,457.5656387478877,-457.5656387478877,6800
6961,457.57905930243544,-457.57905930243544,6801
6962,457.5909138028761,-457.5909138028761,6802
6963,457.60122176222944,-457.60122176222944,6803
6964,457.6172663626638,-457.6172663626638,6804
6965,457.6276193870146,-457.6276193870146,6805
6966,457.6383953518058,-457.6383953518058,6806
6967,457.65354321187516,-457.65354321187516,6807
6968,457.6785487858569,-457.6785487858569,6808
6969,457.6777782092993,-457.6777782092993,6809
6970,457.6659620836388,-457.6659620836388,6810
6971,457.6454294933392,-457.6454294933392,6811
6972,457.6216403283888,-457.6216403283888,6812
6973,457.6125533855424,-457.6125533855424,6813
6974,457.59043959196987,-457.59043959196987,6814
6975,457.5715021578983,-457.5715021578983,6815
6976,457.58942443455214,-457.58942443455214,6816
6977,457.6132776032613,-457.6132776032613,6817
6978,457.8236664899186,-457.8236664899186,6818
6979,457.89324476796725,-457.89324476796725,6819
6980,458.022583237671,-458.022583237671,6820
6981,458.18308472433984,-458.18308472433984,6821
6982,458.2786154641279,-458.2786154641279,6822
6983,458.35491394402936,-458.35491394402936,6823
6984,458.4239297419853,-458.4239297419853,6824
6985,458.44462846903883,-458.44462846903883,6825
6986,458.457526830897,-458.457526830897,6826
6987,458.46991584650783,-458.46991584650783,6827
6988,458.48282986269976,-458.48282986269976,6828
6989,458.49686376746735,-458.49686376746735,6829
6990,458.5062068407501,-458.5062068407501,6830
6991,458.51714105420194,-458.51714105420194,6831
6992,458.55538036128763,-458.55538036128763,6832
6993,458.6418654985543,-458.6418654985543,6833
6994,459.20641586297745,-459.20641586297745,6834
6995,459.858649974615,-459.858649974615,6835
6996,460.3049312154811,-460.3049312154811,6836
6997,460.352550383935,-460.352550383935,6837
6998,460.34137351715697,-460.34137351715697,6838
6999,460.32818228443625,-460.32818228443625,6839
7000,460.36119338340546,-460.36119338340546,6840
7001,460.3965125233833,-460.3965125233833,6841
7002,460.5113413836152,-460.5113413836152,6842
7003,460.56170954072047,-460.56170954072047,6843
7004,460.6505368529692,-460.6505368529692,6844
7005,460.722733241168,-460.722733241168,6845
7006,460.7855353954087,-460.7855353954087,6846
7007,460.8608017002066,-460.8608017002066,6847
7008,460.91994861171816,-460.91994861171816,6848
7009,460.9442816423763,-460.9442816423763,6849
7010,460.97381253141333,-460.97381253141333,6850
7011,461.00022485799445,-461.00022485799445,6851
7012,461.011549049364,-461.011549049364,6852
7013,461.0201829381836,-461.0201829381836,6853
7014,461.02921675709194,-461.02921675709194,6854
7015,461.04019291506046,-461.04019291506046,6855
7016,461.08682056563555,-461.08682056563555,6856
7017,461.12527578340814,-461.12527578340814,6857
7018,461.12294617028124,-461.12294617028124,6858
7019,461.1158089951165,-461.1158089951165,6859
7020,461.1008909706865,-461.1008909706865,6860
7021,461.0857740946941,-461.0857740946941,6861
7022,461.0732656487688,-461.0732656487688,6862
7023,461.06023833640313,-461.06023833640313,6863
7024,461.11677868034513,-461.11677868034513,6864
7025,461.16610534777004,-461.16610534777004,6865
7026,461.20241083319087,-461.20241083319087,6866
7027,461.2330036937337,-461.2330036937337,6867
7028,461.3254489055955,-461.3254489055955,6868
7029,461.3945060047405,-461.3945060047405,6869
7030,461.4640574030747,-461.4640574030747,6870
7031,461.52114476681027,-461.52114476681027,6871
7032,461.5439328737738,-461.5439328737738,6872
7033,461.55787770967424,-461.55787770967424,6873
7034,461.56714299923584,-461.56714299923584,6874
7035,461.57796993403275,-461.57796993403275,6875
7036,461.59397461937266,-461.59397461937266,6876
7037,461.6027894564346,-461.6027894564346,6877
7038,461.6152479653484,-461.6152479653484,6878
7039,461.62355965063347,-461.62355965063347,6879
7040,461.70720867039626,-461.70720867039626,6880
7041,461.70735248132246,-461.70735248132246,6881
7042,461.7006151768653,-461.7006151768653,6882
7043,461.6906945938276,-461.6906945938276,6883
7044,461.68450403854933,-461.68450403854933,6884
7045,462.2900503614256,-462.2900503614256,6885
7046,462.51417173672206,-462.51417173672206,6886
7047,462.5030380916852,-462.5030380916852,6887
7048,462.556450844153,-462.556450844153,6888
7049,462.60991753331314,-462.60991753331314,6889
7050,462.6581686486128,-462.6581686486128,6890
7051,462.702812370234,-462.702812370234,6891
7052,462.7708348860266,-462.7708348860266,6892
7053,462.8253244154534,-462.8253244154534,6893
7054,462.8912373583061,-462.8912373583061,6894
7055,462.94830396417314,-462.94830396417314,6895
7056,462.97679197607505,-462.97679197607505,6896
7057,463.0089214880129,-463.0089214880129,6897
7058,463.02961390216825,-463.02961390216825,6898
7059,463.0409546140577,-463.0409546140577,6899
7060,463.0502052301335,-463.0502052301335,6900
7061,463.0611576802229,-463.0611576802229,6901
7062,463.06943779849337,-463.06943779849337,6902
7063,463.12036575101655,-463.12036575101655,6903
7064,463.1897809491434,-463.1897809491434,6904
7065,463.2117933194212,-463.2117933194212,6905
7066,463.2116863534356,-463.2116863534356,6906
7067,463.2151817306351,-463.2151817306351,6907
7068,463.2082720259087,-463.2082720259087,6908
7069,464.11256196955793,-464.11256196955793,6909
7070,464.756446717208,-464.756446717208,6910
7071,465.273000729988,-465.273000729988,6911
7072,465.3423944344598,-465.3423944344598,6912
7073,465.39740823687504,-465.39740823687504,6913
7074,465.45433662264935,-465.45433662264935,6914
7075,465.5446946699719,-465.5446946699719,6915
7076,465.61946214402224,-465.61946214402224,6916
7077,465.70200512847464,-465.70200512847464,6917
7078,465.8282022219309,-465.8282022219309,6918
7079,465.89515246431165,-465.89515246431165,6919
7080,465.93715616532774,-465.93715616532774,6920
7081,465.971881504629,-465.971881504629,6921
7082,466.0071156207178,-466.0071156207178,6922
7083,466.02985854518516,-466.02985854518516,6923
7084,466.0401824939831,-466.0401824939831,6924
7085,466.0489896989361,-466.0489896989361,6925
7086,466.0588229232171,-466.0588229232171,6926
7087,466.0671088525054,-466.0671088525054,6927
7088,466.13077903074867,-466.13077903074867,6928
7089,466.1864705815587,-466.1864705815587,6929
7090,466.2044899748055,-466.2044899748055,6930
7091,466.2461415452336,-466.2461415452336,6931
7092,466.296491733367,-466.296491733367,6932
7093,466.3184709837196,-466.3184709837196,6933
7094,466.3936672202212,-466.3936672202212,6934
7095,466.4269697844343,-466.4269697844343,6935
7096,466.52407912453924,-466.52407912453924,6936
7097,466.5905054299146,-466.5905054299146,6937
7098,466.63304702887564,-466.63304702887564,6938
7099,466.6896755603155,-466.6896755603155,6939
7100,466.75146058637625,-466.75146058637625,6940
7101,466.81531868615116,-466.81531868615116,6941
7102,466.91397331216245,-466.91397331216245,6942
7103,467.00535584291276,-467.00535584291276,6943
7104,467.04996690232826,-467.04996690232826,6944
7105,467.06391224892576,-467.06391224892576,6945
7106,467.07889303470466,-467.07889303470466,6946
7107,467.08918176919065,-467.08918176919065,6947
7108,467.1025708863346,-467.1025708863346,6948
7109,467.11291185504314,-467.11291185504314,6949
7110,467.1227212020995,-467.1227212020995,6950
7111,467.1335616081277,-467.1335616081277,6951
7112,467.19206819395094,-467.19206819395094,6952
7113,467.24449149811625,-467.24449149811625,6953
7114,467.41431699477454,-467.41431699477454,6954
7115,467.56673187459523,-467.56673187459523,6955
7116,468.2947779443838,-468.2947779443838,6956
7117,468.97555134397385,-468.97555134397385,6957
7118,469.24945463353356,-469.24945463353356,6958
7119,469.2971850826757,-469.2971850826757,6959
7120,469.34076116630257,-469.34076116630257,6960
7121,469.4009526707593,-469.4009526707593,6961
7122,469.45334574927045,-469.45334574927045,6962
7123,469.529684248027,-469.529684248027,6963
7124,469.62526393997354,-469.62526393997354,6964
7125,469.7332935963033,-469.7332935963033,6965
7126,469.8173983707174,-469.8173983707174,6966
7127,469.91552383620757,-469.91552383620757,6967
7128,469.9647955129626,-469.9647955129626,6968
7129,470.00315970511576,-470.00315970511576,6969
7130,470.01450061261414,-470.01450061261414,6970
7131,470.02531032111193,-470.02531032111193,6971
7132,470.03922419165343,-470.03922419165343,6972
7133,470.0500301979486,-470.0500301979486,6973
7134,470.0592391511431,-470.0592391511431,6974
7135,470.0704865294482,-470.0704865294482,6975
7136,470.139782433009,-470.139782433009,6976
7137,470.204935823958,-470.204935823958,6977
7138,470.5015065688532,-470.5015065688532,6978
7139,471.1876141192111,-471.1876141192111,6979
7140,471.38515333368326,-471.38515333368326,6980
7141,471.368428544448,-471.368428544448,6981
7142,471.3645009032406,-471.3645009032406,6982
7143,471.3603735554283,-471.3603735554283,6983
7144,471.4112158289164,-471.4112158289164,6984
7145,471.4496028389046,-471.4496028389046,6985
7146,471.60491684070405,-471.60491684070405,6986
7147,471.66098295814106,-471.66098295814106,6987
7148,471.7903452067764,-471.7903452067764,6988
7149,471.8547226249627,-471.8547226249627,6989
7150,471.9331339477255,-471.9331339477255,6990
7151,472.0026785482558,-472.0026785482558,6991
7152,472.0431231300273,-472.0431231300273,6992
7153,472.0669378916434,-472.0669378916434,6993
7154,472.0839952108116,-472.0839952108116,6994
7155,472.10207620976627,-472.10207620976627,6995
7156,472.1144250863498,-472.1144250863498,6996
7157,472.1273070335694,-472.1273070335694,6997
7158,472.14259984302873,-472.14259984302873,6998
7159,472.1731798315874,-472.1731798315874,6999
7160,472.2062623493275,-472.2062623493275,7000
7161,472.23577698646176,-472.23577698646176,7001
7162,472.2560901959088,-472.2560901959088,7002
7163,472.27971485411433,-472.27971485411433,7003
7164,472.2732180713768,-472.2732180713768,7004
7165,472.26881469066547,-472.26881469066547,7005
7166,472.2660092483699,-472.2660092483699,7006
7167,472.2639260672417,-472.2639260672417,7007
7168,472.32461676789063,-472.32461676789063,7008
7169,472.38905460985495,-472.38905460985495,7009
7170,472.4835447848355,-472.4835447848355,7010
7171,472.57547928135875,-472.57547928135875,7011
7172,472.74326375419344,-472.74326375419344,7012
7173,472.79932321000695,-472.79932321000695,7013
7174,472.8984964694597,-472.8984964694597,7014
7175,472.9576501250358,-472.9576501250358,7015
7176,472.9949792886875,-472.9949792886875,7016
7177,473.0130762107374,-473.0130762107374,7017
7178,473.02389490239506,-473.02389490239506,7018
7179,473.0341994722966,-473.0341994722966,7019
7180,473.04762981279816,-473.04762981279816,7020
7181,473.0559057629204,-473.0559057629204,7021
7182,473.0672809306432,-473.0672809306432,7022
7183,473.1308279649326,-473.1308279649326,7023
7184,473.8595284974678,-473.8595284974678,7024
7185,474.565082675427,-474.565082675427,7025
7186,475.0115462027351,-475.0115462027351,7026
7187,475.0114149737814,-475.0114149737814,7027
7188,474.99492718245165,-474.99492718245165,7028
7189,474.9777034549725,-474.9777034549725,7029
7190,474.9667071001766,-474.9667071001766,7030
7191,474.96290896441144,-474.96290896441144,7031
7192,474.99608802586766,-474.99608802586766,7032
7193,475.03871612556463,-475.03871612556463,7033
7194,475.0760484442189,-475.0760484442189,7034
7195,475.1337218439139,-475.1337218439139,7035
7196,475.2142062679467,-475.2142062679467,7036
7197,475.31963340278753,-475.31963340278753,7037
7198,475.391784506277,-475.391784506277,7038
7199,475.4649639335798,-475.4649639335798,7039
7200,475.49709047179573,-475.49709047179573,7040
7201,475.5245424441993,-475.5245424441993,7041
7202,475.5384663283445,-475.5384663283445,7042
7203,475.55170853899546,-475.55170853899546,7043
7204,475.5596412367948,-475.5596412367948,7044
7205,475.57279660179813,-475.57279660179813,7045
7206,475.5843558943966,-475.5843558943966,7046
7207,475.63992988328914,-475.63992988328914,7047
7208,475.6847128802221,-475.6847128802221,7048
7209,475.79511155158247,-475.79511155158247,7049
7210,475.793999575771,-475.793999575771,7050
7211,475.78365416662336,-475.78365416662336,7051
7212,475.78091888792125,-475.78091888792125,7052
7213,475.80055426394637,-475.80055426394637,7053
7214,475.7907924770381,-475.7907924770381,7054
7215,475.7850915204109,-475.7850915204109,7055
7216,475.85306721513615,-475.85306721513615,7056
7217,475.9252165252389,-475.9252165252389,7057
7218,475.9922048386411,-475.9922048386411,7058
7219,476.085160814977,-476.085160814977,7059
7220,476.16359083503835,-476.16359083503835,7060
7221,476.23003347963044,-476.23003347963044,7061
7222,476.30375286795453,-476.30375286795453,7062
7223,476.3436793422696,-476.3436793422696,7063
7224,476.37840919817376,-476.37840919817376,7064
7225,476.3939050504139,-476.3939050504139,7065
7226,476.4083551114915,-476.4083551114915,7066
7227,476.42020369172326,-476.42020369172326,7067
7228,476.43467582501313,-476.43467582501313,7068
7229,476.44501952928596,-476.44501952928596,7069
7230,476.4565244781545,-476.4565244781545,7070
7231,476.54277407648726,-476.54277407648726,7071
7232,476.6076152119336,-476.6076152119336,7072
7233,476.65119437477284,-476.65119437477284,7073
7234,477.2642933930178,-477.2642933930178,7074
7235,478.0502608967661,-478.0502608967661,7075
7236,478.4732052417209,-478.4732052417209,7076
7237,478.5710268071595,-478.5710268071595,7077
7238,478.57549947089257,-478.57549947089257,7078
7239,478.59345318555495,-478.59345318555495,7079
7240,478.64640630012417,-478.64640630012417,7080
7241,478.7222093231279,-478.7222093231279,7081
7242,478.78710444631866,-478.78710444631866,7082
7243,478.84318167181283,-478.84318167181283,7083
7244,478.8966364155062,-478.8966364155062,7084
7245,478.95789044763586,-478.95789044763586,7085
7246,479.07679756381424,-479.07679756381424,7086
7247,479.20713478095723,-479.20713478095723,7087
7248,479.24185919652035,-479.24185919652035,7088
7249,479.2672337274559,-479.2672337274559,7089
7250,479.280634189888,-479.280634189888,7090
7251,479.2929926397573,-479.2929926397573,7091
7252,479.3074969521822,-479.3074969521822,7092
7253,479.3161521934606,-479.3161521934606,7093
7254,479.3256624553543,-479.3256624553543,7094
7255,479.3434178208232,-479.3434178208232,7095
7256,479.4070221080748,-479.4070221080748,7096
7257,479.5923506120064,-479.5923506120064,7097
7258,479.6419189075273,-479.6419189075273,7098
7259,479.76338254953356,-479.76338254953356,7099
7260,479.80750618240995,-479.80750618240995,7100
7261,480.6219605730452,-480.6219605730452,7101
7262,481.3500214504301,-481.3500214504301,7102
7263,481.9567367124426,-481.9567367124426,7103
7264,482.1010271217389,-482.1010271217389,7104
7265,482.1459950694742,-482.1459950694742,7105
7266,482.18641932700945,-482.18641932700945,7106
7267,482.22015634745054,-482.22015634745054,7107
7268,482.29654303877993,-482.29654303877993,7108
7269,482.37494824573616,-482.37494824573616,7109
7270,482.42321956939367,-482.42321956939367,7110
7271,482.49276225651346,-482.49276225651346,7111
7272,482.52073480408046,-482.52073480408046,7112
7273,482.5336394429042,-482.5336394429042,7113
7274,482.5486152959908,-482.5486152959908,7114
7275,482.55890216095406,-482.55890216095406,7115
7276,482.56914963708437,-482.56914963708437,7116
7277,482.58566310154515,-482.58566310154515,7117
7278,482.5940050966966,-482.5940050966966,7118
7279,482.6453798363508,-482.6453798363508,7119
7280,482.72785571670266,-482.72785571670266,7120
7281,482.719167972935,-482.719167972935,7121
7282,482.7382542450084,-482.7382542450084,7122
7283,482.71723593601524,-482.71723593601524,7123
7284,482.69971493058915,-482.69971493058915,7124
7285,482.68227459011894,-482.68227459011894,7125
7286,482.6749891623359,-482.6749891623359,7126
7287,482.7035087867066,-482.7035087867066,7127
7288,482.74393560881816,-482.74393560881816,7128
7289,482.7875203743799,-482.7875203743799,7129
7290,482.83474482323595,-482.83474482323595,7130
7291,482.87416541771466,-482.87416541771466,7131
7292,482.92921037000286,-482.92921037000286,7132
7293,482.9629138136813,-482.9629138136813,7133
7294,483.0147979623733,-483.0147979623733,7134
7295,483.04069576783274,-483.04069576783274,7135
7296,483.0525554359471,-483.0525554359471,7136
7297,483.064935248527,-483.064935248527,7137
7298,483.0804284759818,-483.0804284759818,7138
7299,483.09382673133473,-483.09382673133473,7139
7300,483.105226431401,-483.105226431401,7140
7301,483.11564717021344,-483.11564717021344,7141
7302,483.12393495287176,-483.12393495287176,7142
7303,483.1749312489004,-483.1749312489004,7143
7304,483.2138407471941,-483.2138407471941,7144
7305,483.21348287018304,-483.21348287018304,7145
7306,483.6538801041662,-483.6538801041662,7146
7307,484.30264961746974,-484.30264961746974,7147
7308,485.17368390585244,-485.17368390585244,7148
7309,485.32985464805404,-485.32985464805404,7149
7310,485.8729769711282,-485.8729769711282,7150
7311,486.4068777822427,-486.4068777822427,7151
7312,486.4436895636051,-486.4436895636051,7152
7313,486.488830896188,-486.488830896188,7153
7314,486.5614920720665,-486.5614920720665,7154
7315,486.60560668562414,-486.60560668562414,7155
7316,486.6933446563394,-486.6933446563394,7156
7317,486.78055628762775,-486.78055628762775,7157
7318,486.85425264821737,-486.85425264821737,7158
7319,486.9014494060897,-486.9014494060897,7159
7320,486.92890083398044,-486.92890083398044,7160
7321,486.9532346172449,-486.9532346172449,7161
7322,486.96404743078824,-486.96404743078824,7162
7323,486.9758867931932,-486.9758867931932,7163
7324,486.98571182533163,-486.98571182533163,7164
7325,486.9938620383477,-486.9938620383477,7165
7326,487.004963297613,-487.004963297613,7166
7327,487.06609090787396,-487.06609090787396,7167
7328,487.14359624095454,-487.14359624095454,7168
7329,487.1285245605987,-487.1285245605987,7169
7330,487.1174920095892,-487.1174920095892,7170
7331,487.1029728848631,-487.1029728848631,7171
7332,487.08628098580607,-487.08628098580607,7172
7333,487.0694369193554,-487.0694369193554,7173
7334,487.063919807908,-487.063919807908,7174
7335,487.1100992847564,-487.1100992847564,7175
7336,487.13442006161347,-487.13442006161347,7176
7337,487.1998353172531,-487.1998353172531,7177
7338,487.2678506373915,-487.2678506373915,7178
7339,487.3301640913918,-487.3301640913918,7179
7340,487.39090422128686,-487.39090422128686,7180
7341,487.490080664382,-487.490080664382,7181
7342,487.5544401165921,-487.5544401165921,7182
7343,487.5782552787717,-487.5782552787717,7183
7344,487.59012131040924,-487.59012131040924,7184
7345,487.60042313074683,-487.60042313074683,7185
7346,487.6169459020893,-487.6169459020893,7186
7347,487.62981390462346,-487.62981390462346,7187
7348,487.64073224423305,-487.64073224423305,7188
7349,487.64907145034545,-487.64907145034545,7189
7350,487.6698466585701,-487.6698466585701,7190
7351,487.6999985680544,-487.6999985680544,7191
7352,487.7047349507729,-487.7047349507729,7192
7353,487.69831857555573,-487.69831857555573,7193
7354,487.6922445362043,-487.6922445362043,7194
7355,487.6858342618966,-487.6858342618966,7195
7356,488.4055820718168,-488.4055820718168,7196
7357,489.2857917802952,-489.2857917802952,7197
7358,489.7542158204279,-489.7542158204279,7198
7359,489.8559812603489,-489.8559812603489,7199
7360,489.88136626756904,-489.88136626756904,7200
7361,489.96494232011213,-489.96494232011213,7201
7362,490.02466898202726,-490.02466898202726,7202
7363,490.13426194596593,-490.13426194596593,7203
7364,490.2038280782056,-490.2038280782056,7204
7365,490.2385635365608,-490.2385635365608,7205
7366,490.28627736618046,-490.28627736618046,7206
7367,490.3111325143142,-490.3111325143142,7207
7368,490.3229955270782,-490.3229955270782,7208
7369,490.3338169601264,-490.3338169601264,7209
7370,490.34931895170513,-490.34931895170513,7210
7371,490.3622259966596,-490.3622259966596,7211
7372,490.37155991588145,-490.37155991588145,7212
7373,490.38137992012634,-490.38137992012634,7213
7374,490.4083543305122,-490.4083543305122,7214
7375,490.4252634490344,-490.4252634490344,7215
7376,490.4309502257905,-490.4309502257905,7216
7377,490.4208747337565,-490.4208747337565,7217
7378,490.40496157484625,-490.40496157484625,7218
7379,490.3898376601081,-490.3898376601081,7219
7380,490.38786775827737,-490.38786775827737,7220
7381,490.3842789736623,-490.3842789736623,7221
7382,490.3799304454873,-490.3799304454873,7222
7383,490.4224418867301,-490.4224418867301,7223
7384,490.4723060581999,-490.4723060581999,7224
7385,490.5231758332139,-490.5231758332139,7225
7386,490.55948399938785,-490.55948399938785,7226
7387,490.6035990222173,-490.6035990222173,7227
7388,490.6591217337164,-490.6591217337164,7228
7389,490.7177546439132,-490.7177546439132,7229
7390,490.75092053938533,-490.75092053938533,7230
7391,490.7783734339879,-490.7783734339879,7231
7392,490.80114824194953,-490.80114824194953,7232
7393,490.82443666158935,-490.82443666158935,7233
7394,490.8399404219864,-490.8399404219864,7234
7395,490.85338155795813,-490.85338155795813,7235
7396,490.86115319233204,-490.86115319233204,7236
7397,490.87258346286046,-490.87258346286046,7237
7398,490.911527786272,-490.911527786272,7238
7399,490.97069055938584,-490.97069055938584,7239
7400,491.0033337706165,-491.0033337706165,7240
7401,491.07133644918963,-491.07133644918963,7241
7402,491.1159194204714,-491.1159194204714,7242
7403,491.1521921823965,-491.1521921823965,7243
7404,491.22067862296694,-491.22067862296694,7244
7405,491.2658176319976,-491.2658176319976,7245
7406,491.3093962622994,-491.3093962622994,7246
7407,491.36127308781363,-491.36127308781363,7247
7408,491.39288820798475,-491.39288820798475,7248
7409,491.43542575044825,-491.43542575044825,7249
7410,491.46810488567286,-491.46810488567286,7250
7411,491.50128829361984,-491.50128829361984,7251
7412,491.52719561982985,-491.52719561982985,7252
7413,491.5541342244664,-491.5541342244664,7253
7414,491.5722419944267,-491.5722419944267,7254
7415,491.5939814583821,-491.5939814583821,7255
7416,491.61987738007133,-491.61987738007133,7256
7417,491.6327689493022,-491.6327689493022,7257
7418,491.646168744783,-491.646168744783,7258
7419,491.661667576963,-491.661667576963,7259
7420,491.67146689938505,-491.67146689938505,7260
7421,491.6828041955836,-491.6828041955836,7261
7422,491.6973034668601,-491.6973034668601,7262
7423,491.76113200007217,-491.76113200007217,7263
7424,491.76761180786855,-491.76761180786855,7264
7425,491.76132652099125,-491.76132652099125,7265
7426,491.7454277646457,-491.7454277646457,7266
7427,491.7316031338271,-491.7316031338271,7267
7428,491.7204868975852,-491.7204868975852,7268
7429,491.71197504529044,-491.71197504529044,7269
7430,491.7017069881334,-491.7017069881334,7270
7431,491.7421565608403,-491.7421565608403,7271
7432,491.7836507793317,-491.7836507793317,7272
7433,491.8630693774681,-491.8630693774681,7273
7434,491.91547181759876,-491.91547181759876,7274
7435,491.9860494982723,-491.9860494982723,7275
7436,492.04260309875303,-492.04260309875303,7276
7437,492.11994594102885,-492.11994594102885,7277
7438,492.1567497333259,-492.1567497333259,7278
7439,492.19511475116576,-492.19511475116576,7279
7440,492.21685244872475,-492.21685244872475,7280
7441,492.2365058940394,-492.2365058940394,7281
7442,492.2535501433822,-492.2535501433822,7282
7443,492.2711294285144,-492.2711294285144,7283
7444,492.2872324436973,-492.2872324436973,7284
7445,492.30385158818547,-492.30385158818547,7285
7446,492.3204775349501,-492.3204775349501,7286
7447,492.38745562404404,-492.38745562404404,7287
7448,492.4227219082693,-492.4227219082693,7288
7449,492.47967806326494,-492.47967806326494,7289
7450,492.51384821938547,-492.51384821938547,7290
7451,492.8154088502193,-492.8154088502193,7291
7452,493.5781959693088,-493.5781959693088,7292
7453,493.9297658234893,-493.9297658234893,7293
7454,493.9660810990228,-493.9660810990228,7294
7455,494.01016536868985,-494.01016536868985,7295
7456,494.0989585484366,-494.0989585484366,7296
7457,494.2064426026476,-494.2064426026476,7297
7458,494.2781091792719,-494.2781091792719,7298
7459,494.3279191253705,-494.3279191253705,7299
7460,494.3928107950488,-494.3928107950488,7300
7461,494.4602787902048,-494.4602787902048,7301
7462,494.5085213062186,-494.5085213062186,7302
7463,494.53597431210795,-494.53597431210795,7303
7464,494.5571924437634,-494.5571924437634,7304
7465,494.57840851583563,-494.57840851583563,7305
7466,494.59233809929066,-494.59233809929066,7306
7467,494.6093768394227,-494.6093768394227,7307
7468,494.62490209185086,-494.62490209185086,7308
7469,494.64091853140843,-494.64091853140843,7309
7470,494.6553459949785,-494.6553459949785,7310
7471,494.72830477667515,-494.72830477667515,7311
7472,494.8055457817991,-494.8055457817991,7312
7473,494.80542085456534,-494.80542085456534,7313
7474,494.8234238081081,-494.8234238081081,7314
7475,494.81660117377453,-494.81660117377453,7315
7476,495.5010867863192,-495.5010867863192,7316
7477,496.0989573739576,-496.0989573739576,7317
7478,496.76568217232045,-496.76568217232045,7318
7479,497.4302296885782,-497.4302296885782,7319
7480,497.75264725910256,-497.75264725910256,7320
7481,497.84455566205105,-497.84455566205105,7321
7482,497.93803047331886,-497.93803047331886,7322
7483,497.9972084502253,-497.9972084502253,7323
7484,498.06884320961956,-498.06884320961956,7324
7485,498.1051380668266,-498.1051380668266,7325
7486,498.16896847410555,-498.16896847410555,7326
7487,498.22032051456694,-498.22032051456694,7327
7488,498.23894078837435,-498.23894078837435,7328
7489,498.257558195748,-498.257558195748,7329
7490,498.27772164713315,-498.27772164713315,7330
7491,498.2957855513925,-498.2957855513925,7331
7492,498.3103078292916,-498.3103078292916,7332
7493,498.3274292035865,-498.3274292035865,7333
7494,498.3414300470499,-498.3414300470499,7334
7495,498.4046161709186,-498.4046161709186,7335
7496,498.44683956657394,-498.44683956657394,7336
7497,498.9470830817909,-498.9470830817909,7337
7498,499.55850745265496,-499.55850745265496,7338
7499,499.8324297507311,-499.8324297507311,7339
7500,499.92838677006296,-499.92838677006296,7340
7501,499.9256812206096,-499.9256812206096,7341
7502,499.9103280146772,-499.9103280146772,7342
7503,499.9612719565038,-499.9612719565038,7343
7504,499.9913492754385,-499.9913492754385,7344
7505,500.05521599646505,-500.05521599646505,7345
7506,500.1289124325196,-500.1289124325196,7346
7507,500.19329498206764,-500.19329498206764,7347
7508,500.27117774607296,-500.27117774607296,7348
7509,500.36462833019533,-500.36462833019533,7349
7510,500.42586230716284,-500.42586230716284,7350
7511,500.46942487986195,-500.46942487986195,7351
7512,500.48908445253693,-500.48908445253693,7352
7513,500.509780689432,-500.509780689432,7353
7514,500.528388862683,-500.528388862683,7354
7515,500.5459439427278,-500.5459439427278,7355
7516,500.56242588051543,-500.56242588051543,7356
7517,500.62601199680904,-500.62601199680904,7357
7518,500.6495162453072,-500.6495162453072,7358
7519,500.7219109098735,-500.7219109098735,7359
7520,500.76427490460884,-500.76427490460884,7360
7521,500.7645809788947,-500.7645809788947,7361
7522,500.8958468145061,-500.8958468145061,7362
7523,501.57163349998945,-501.57163349998945,7363
7524,502.10556600426787,-502.10556600426787,7364
7525,502.8967223564834,-502.8967223564834,7365
7526,503.391633917934,-503.391633917934,7366
7527,503.5053511637142,-503.5053511637142,7367
7528,503.56242863440997,-503.56242863440997,7368
7529,503.605494252954,-503.605494252954,7369
7530,503.658976551082,-503.658976551082,7370
7531,503.71088834018974,-503.71088834018974,7371
7532,503.78254258925034,-503.78254258925034,7372
7533,503.9508155665645,-503.9508155665645,7373
7534,504.01984380185576,-504.01984380185576,7374
7535,504.0852282803443,-504.0852282803443,7375
7536,504.1178659185501,-504.1178659185501,7376
7537,504.13698762489264,-504.13698762489264,7377
7538,504.15354972722787,-504.15354972722787,7378
7539,504.1716284760762,-504.1716284760762,7379
7540,504.1882479996135,-504.1882479996135,7380
7541,504.2068635389147,-504.2068635389147,7381
7542,504.2216868608838,-504.2216868608838,7382
7543,504.2939681489651,-504.2939681489651,7383
7544,504.479847280066,-504.479847280066,7384
7545,504.53199180193167,-504.53199180193167,7385
7546,504.6345600452403,-504.6345600452403,7386
7547,505.1409777595619,-505.1409777595619,7387
7548,505.91087546834086,-505.91087546834086,7388
7549,506.2688774578804,-506.2688774578804,7389
7550,506.45584781422053,-506.45584781422053,7390
7551,506.655344520443,-506.655344520443,7391
7552,506.8593166963144,-506.8593166963144,7392
7553,506.91622612389824,-506.91622612389824,7393
7554,506.99522067830856,-506.99522067830856,7394
7555,507.0518003695789,-507.0518003695789,7395
7556,507.10774968124366,-507.10774968124366,7396
7557,507.1778312470492,-507.1778312470492,7397
7558,507.24842244556976,-507.24842244556976,7398
7559,507.2810733878647,-507.2810733878647,7399
7560,507.3100850247748,-507.3100850247748,7400
7561,507.3214284198848,-507.3214284198848,7401
7562,507.33224123388595,-507.33224123388595,7402
7563,507.34716199533796,-507.34716199533796,7403
7564,507.3574813941848,-507.3574813941848,7404
7565,507.36894227117773,-507.36894227117773,7405
7566,507.41139504495476,-507.41139504495476,7406
7567,507.46202742219674,-507.46202742219674,7407
7568,507.4791469239157,-507.4791469239157,7408
7569,507.5734726378075,-507.5734726378075,7409
7570,507.57356424681035,-507.57356424681035,7410
7571,507.7846176452209,-507.7846176452209,7411
7572,508.1510392857759,-508.1510392857759,7412
7573,508.5250933641225,-508.5250933641225,7413
7574,508.5202354308226,-508.5202354308226,7414
7575,508.56646606340524,-508.56646606340524,7415
7576,508.60380365957695,-508.60380365957695,7416
7577,508.66660235587193,-508.66660235587193,7417
7578,508.9082269036162,-508.9082269036162,7418
7579,508.9850835020708,-508.9850835020708,7419
7580,509.05152633206376,-509.05152633206376,7420
7581,509.1418749814893,-509.1418749814893,7421
7582,509.1932294785221,-509.1932294785221,7422
7583,509.2378284818111,-509.2378284818111,7423
7584,509.26787898753435,-509.26787898753435,7424
7585,509.3010350242344,-509.3010350242344,7425
7586,509.3144360143771,-509.3144360143771,7426
7587,509.3278838517801,-509.3278838517801,7427
7588,509.3387488564383,-509.3387488564383,7428
7589,509.3485520812319,-509.3485520812319,7429
7590,509.36101786211384,-509.36101786211384,7430
7591,509.8525960191833,-509.8525960191833,7431
7592,509.8741149106187,-509.8741149106187,7432
7593,509.8919274397185,-509.8919274397185,7433
7594,509.89647398559435,-509.89647398559435,7434
7595,509.8831961518862,-509.8831961518862,7435
7596,510.26739323369696,-510.26739323369696,7436
7597,510.86375845771533,-510.86375845771533,7437
7598,511.0902336139115,-511.0902336139115,7438
7599,511.12512320510217,-511.12512320510217,7439
7600,511.16402293254026,-511.16402293254026,7440
7601,511.22167327005457,-511.22167327005457,7441
7602,511.28711029895913,-511.28711029895913,7442
7603,511.3587529234131,-511.3587529234131,7443
7604,511.4485867857827,-511.4485867857827,7444
7605,511.5025517186504,-511.5025517186504,7445
7606,511.5637988002506,-511.5637988002506,7446
7607,511.5870962068851,-511.5870962068851,7447
7608,511.6000040121232,-511.6000040121232,7448
7609,511.6165417458466,-511.6165417458466,7449
7610,511.63036675358865,-511.63036675358865,7450
7611,511.63899331061674,-511.63899331061674,7451
7612,511.6497398949276,-511.6497398949276,7452
7613,511.6600746624178,-511.6600746624178,7453
7614,511.69344123215967,-511.69344123215967,7454
7615,511.73163231830176,-511.73163231830176,7455
7616,511.72908856126037,-511.72908856126037,7456
7617,511.72140065239455,-511.72140065239455,7457
7618,511.7393977786021,-511.7393977786021,7458
7619,511.9043862133845,-511.9043862133845,7459
7620,511.903232905823,-511.903232905823,7460
7621,511.89087677799404,-511.89087677799404,7461
7622,511.8814926587134,-511.8814926587134,7462
7623,512.2365601692048,-512.2365601692048,7463
7624,512.9841289579347,-512.9841289579347,7464
7625,513.5036995100915,-513.5036995100915,7465
7626,513.617429045994,-513.617429045994,7466
7627,513.6885783847529,-513.6885783847529,7467
7628,513.7622883194607,-513.7622883194607,7468
7629,513.8443061239586,-513.8443061239586,7469
7630,513.897742117439,-513.897742117439,7470
7631,513.9335085584875,-513.9335085584875,7471
7632,513.9448496366599,-513.9448496366599,7472
7633,513.9561858108273,-513.9561858108273,7473
7634,513.9737474460574,-513.9737474460574,7474
7635,513.987720608684,-513.987720608684,7475
7636,513.9975682281466,-513.9975682281466,7476
7637,514.0079109620559,-514.0079109620559,7477
7638,514.017160269527,-514.017160269527,7478
7639,514.0856651325909,-514.0856651325909,7479
7640,514.159066703037,-514.159066703037,7480
7641,514.190388018095,-514.190388018095,7481
7642,514.189975990119,-514.189975990119,7482
7643,514.1981475247744,-514.1981475247744,7483
7644,514.1940352661701,-514.1940352661701,7484
7645,514.2052121828326,-514.2052121828326,7485
7646,514.1974428459573,-514.1974428459573,7486
7647,514.332667588758,-514.332667588758,7487
7648,514.4174098616775,-514.4174098616775,7488
7649,514.5498571895806,-514.5498571895806,7489
7650,514.5945035206289,-514.5945035206289,7490
7651,514.6271880787241,-514.6271880787241,7491
7652,514.6707802878323,-514.6707802878323,7492
7653,514.7023941219654,-514.7023941219654,7493
7654,514.7568656840689,-514.7568656840689,7494
7655,514.802505620037,-514.802505620037,7495
7656,514.8242418115782,-514.8242418115782,7496
7657,514.8381824476662,-514.8381824476662,7497
7658,514.8484709280245,-514.8484709280245,7498
7659,514.8628946524485,-514.8628946524485,7499
7660,514.8706419953295,-514.8706419953295,7500
7661,514.8841130527559,-514.8841130527559,7501
7662,514.907478654799,-514.907478654799,7502
7663,514.9770641021848,-514.9770641021848,7503
7664,515.0243131712202,-515.0243131712202,7504
7665,515.718339801249,-515.718339801249,7505
7666,516.554130842696,-516.554130842696,7506
7667,517.2630796046844,-517.2630796046844,7507
7668,518.0368330993308,-518.0368330993308,7508
7669,518.7158843803479,-518.7158843803479,7509
7670,519.0762230072525,-519.0762230072525,7510
7671,519.1595851284636,-519.1595851284636,7511
7672,519.2842285189762,-519.2842285189762,7512
7673,519.4239264738715,-519.4239264738715,7513
7674,519.5667245454738,-519.5667245454738,7514
7675,519.6383681396421,-519.6383681396421,7515
7676,519.715206505969,-519.715206505969,7516
7677,519.8242495023475,-519.8242495023475,7517
7678,519.8901585519801,-519.8901585519801,7518
7679,519.9290406897084,-519.9290406897084,7519
7680,519.9435035714947,-519.9435035714947,7520
7681,519.9553578763844,-519.9553578763844,7521
7682,519.9666835002771,-519.9666835002771,7522
7683,519.9821628713736,-519.9821628713736,7523
7684,519.9907759922812,-519.9907759922812,7524
7685,520.0028456801487,-520.0028456801487,7525
7686,520.0532195864868,-520.0532195864868,7526
7687,520.1528426817009,-520.1528426817009,7527
7688,520.1513646807375,-520.1513646807375,7528
7689,520.1676946248987,-520.1676946248987,7529
7690,520.1638857438927,-520.1638857438927,7530
7691,520.150630018006,-520.150630018006,7531
7692,520.135198523049,-520.135198523049,7532
7693,520.1264719858975,-520.1264719858975,7533
7694,520.1183780710379,-520.1183780710379,7534
7695,520.1952840240878,-520.1952840240878,7535
7696,520.2622520992204,-520.2622520992204,7536
7697,520.3292288397719,-520.3292288397719,7537
7698,520.4097445720325,-520.4097445720325,7538
7699,520.4798478113738,-520.4798478113738,7539
7700,520.5541035432799,-520.5541035432799,7540
7701,520.6293702742312,-520.6293702742312,7541
7702,520.69007971162,-520.69007971162,7542
7703,520.7315582854883,-520.7315582854883,7543
7704,520.7439429850488,-520.7439429850488,7544
7705,520.7583898032963,-520.7583898032963,7545
7706,520.7728165353225,-520.7728165353225,7546
7707,520.7857426245106,-520.7857426245106,7547
7708,520.7971857722754,-520.7971857722754,7548
7709,520.8054455519559,-520.8054455519559,7549
7710,520.8293797508637,-520.8293797508637,7550
7711,520.9197660000656,-520.9197660000656,7551
7712,521.0428775642895,-521.0428775642895,7552
7713,521.068754513403,-521.068754513403,7553
7714,521.0808747503463,-521.0808747503463,7554
7715,521.1482288908237,-521.1482288908237,7555
7716,521.2172517205498,-521.2172517205498,7556
7717,521.3210995696527,-521.3210995696527,7557
7718,521.3802661564285,-521.3802661564285,7558
7719,521.4680210333948,-521.4680210333948,7559
7720,521.619675411893,-521.619675411893,7560
7721,521.6949600493602,-521.6949600493602,7561
7722,521.8040259187851,-521.8040259187851,7562
7723,521.977524068984,-521.977524068984,7563
7724,522.1141253860957,-522.1141253860957,7564
7725,522.1940641336633,-522.1940641336633,7565
7726,522.2771190688047,-522.2771190688047,7566
7727,522.3134037016189,-522.3134037016189,7567
7728,522.3403359676165,-522.3403359676165,7568
7729,522.36986234622,-522.36986234622,7569
7730,522.3920900817225,-522.3920900817225,7570
7731,522.4013103425656,-522.4013103425656,7571
7732,522.412170059049,-522.412170059049,7572
7733,522.4230852112048,-522.4230852112048,7573
7734,522.4349821207117,-522.4349821207117,7574
7735,522.5294537895917,-522.5294537895917,7575
7736,522.5948564383798,-522.5948564383798,7576
7737,522.6663559267633,-522.6663559267633,7577
7738,522.6653128943173,-522.6653128943173,7578
7739,522.6585435517989,-522.6585435517989,7579
7740,523.2957740070038,-523.2957740070038,7580
7741,523.4008396171582,-523.4008396171582,7581
7742,523.7054138801287,-523.7054138801287,7582
7743,523.9623510464428,-523.9623510464428,7583
7744,524.7069921109135,-524.7069921109135,7584
7745,524.998489031699,-524.998489031699,7585
7746,525.171514294155,-525.171514294155,7586
7747,525.5768321095825,-525.5768321095825,7587
7748,526.0660353010398,-526.0660353010398,7588
7749,526.8088640952898,-526.8088640952898,7589
7750,527.5516320401371,-527.5516320401371,7590
7751,528.2684864192445,-528.2684864192445,7591
7752,528.9705038737031,-528.9705038737031,7592
7753,529.557133150946,-529.557133150946,7593
7754,529.6748594880138,-529.6748594880138,7594
7755,529.6866814118547,-529.6866814118547,7595
7756,529.6960226039902,-529.6960226039902,7596
7757,529.7068820598394,-529.7068820598394,7597
7758,529.7173398883847,-529.7173398883847,7598
7759,529.7929870952869,-529.7929870952869,7599
7760,529.8498795142744,-529.8498795142744,7600
7761,529.9168011249723,-529.9168011249723,7601
7762,530.2719542375994,-530.2719542375994,7602
7763,530.8745497033792,-530.8745497033792,7603
7764,530.9272766638937,-530.9272766638937,7604
7765,530.9199283142237,-530.9199283142237,7605
7766,530.9144989494769,-530.9144989494769,7606
7767,530.9924294135317,-530.9924294135317,7607
7768,531.0702831212695,-531.0702831212695,7608
7769,531.1605236971061,-531.1605236971061,7609
7770,531.3111754865829,-531.3111754865829,7610
7771,531.3979480383956,-531.3979480383956,7611
7772,531.5793758817624,-531.5793758817624,7612
7773,531.6582365376235,-531.6582365376235,7613
7774,531.745364366062,-531.745364366062,7614
7775,531.7652707935612,-531.7652707935612,7615
7776,531.7798747786998,-531.7798747786998,7616
7777,531.789681901,-531.789681901,7617
7778,531.8072426887254,-531.8072426887254,7618
7779,531.8180316688159,-531.8180316688159,7619
7780,531.8273549338651,-531.8273549338651,7620
7781,531.8370781986496,-531.8370781986496,7621
7782,531.8992036723785,-531.8992036723785,7622
7783,532.6211442326439,-532.6211442326439,7623
7784,533.2879800811763,-533.2879800811763,7624
7785,533.9849633012583,-533.9849633012583,7625
7786,534.6725129032378,-534.6725129032378,7626
7787,535.0294453707223,-535.0294453707223,7627
7788,535.1635276233533,-535.1635276233533,7628
7789,535.1587207236726,-535.1587207236726,7629
7790,535.233506453777,-535.233506453777,7630
7791,535.367529298339,-535.367529298339,7631
7792,535.5082547221124,-535.5082547221124,7632
7793,535.5981875603956,-535.5981875603956,7633
7794,535.703616459456,-535.703616459456,7634
7795,535.7955934389823,-535.7955934389823,7635
7796,535.8370914247132,-535.8370914247132,7636
7797,535.9087258265725,-535.9087258265725,7637
7798,535.953840527568,-535.953840527568,7638
7799,535.9812964217289,-535.9812964217289,7639
7800,536.0004321863529,-536.0004321863529,7640
7801,536.0122810520023,-536.0122810520023,7641
7802,536.0260432762078,-536.0260432762078,7642
7803,536.0350127204995,-536.0350127204995,7643
7804,536.0454350490386,-536.0454350490386,7644
7805,536.0552080497324,-536.0552080497324,7645
7806,536.0987566841861,-536.0987566841861,7646
7807,536.162597364002,-536.162597364002,7647
7808,536.2116459764509,-536.2116459764509,7648
7809,536.3370471128636,-536.3370471128636,7649
7810,536.9183267705445,-536.9183267705445,7650
7811,537.5431258005397,-537.5431258005397,7651
7812,538.1397097180931,-538.1397097180931,7652
7813,538.4441762780767,-538.4441762780767,7653
7814,538.4424370980892,-538.4424370980892,7654
7815,538.5832293360336,-538.5832293360336,7655
7816,538.7297209046798,-538.7297209046798,7656
7817,538.8507141197766,-538.8507141197766,7657
7818,538.96914496986,-538.96914496986,7658
7819,539.1332732473369,-539.1332732473369,7659
7820,539.2085491429937,-539.2085491429937,7660
7821,539.3118729212855,-539.3118729212855,7661
7822,539.3923251537929,-539.3923251537929,7662
7823,539.4312106848868,-539.4312106848868,7663
7824,539.4545023176676,-539.4545023176676,7664
7825,539.4694736125595,-539.4694736125595,7665
7826,539.4927415279997,-539.4927415279997,7666
7827,539.5066929359043,-539.5066929359043,7667
7828,539.5180580749012,-539.5180580749012,7668
7829,539.5282534206212,-539.5282534206212,7669
7830,539.5404523835314,-539.5404523835314,7670
7831,539.6833135078341,-539.6833135078341,7671
7832,539.7666793750026,-539.7666793750026,7672
7833,540.0194395248179,-540.0194395248179,7673
7834,540.6783593779603,-540.6783593779603,7674
7835,541.0974857235549,-541.0974857235549,7675
7836,541.2252800828792,-541.2252800828792,7676
7837,541.279195074407,-541.279195074407,7677
7838,541.2787163653311,-541.2787163653311,7678
7839,541.3399916140161,-541.3399916140161,7679
7840,541.5124955835621,-541.5124955835621,7680
7841,541.6548002848383,-541.6548002848383,7681
7842,541.7161055438194,-541.7161055438194,7682
7843,541.787777308913,-541.787777308913,7683
7844,541.88073291113,-541.88073291113,7684
7845,541.9575651844613,-541.9575651844613,7685
7846,542.0323028554642,-542.0323028554642,7686
7847,542.0665184427795,-542.0665184427795,7687
7848,542.0804609204422,-542.0804609204422,7688
7849,542.0928443926374,-542.0928443926374,7689
7850,542.1202608514269,-542.1202608514269,7690
7851,542.1357154123195,-542.1357154123195,7691
7852,542.1486562824971,-542.1486562824971,7692
7853,542.1608810542347,-542.1608810542347,7693
7854,542.1778831155794,-542.1778831155794,7694
7855,542.2503457596446,-542.2503457596446,7695
7856,542.395614626714,-542.395614626714,7696
7857,543.0666849027369,-543.0666849027369,7697
7858,543.7458657562546,-543.7458657562546,7698
7859,544.0233042257642,-544.0233042257642,7699
7860,544.077212816438,-544.077212816438,7700
7861,544.1374829618999,-544.1374829618999,7701
7862,544.1972289033113,-544.1972289033113,7702
7863,544.291221326613,-544.291221326613,7703
7864,544.424704025598,-544.424704025598,7704
7865,544.5992368612659,-544.5992368612659,7705
7866,544.7680539460531,-544.7680539460531,7706
7867,544.9010417448964,-544.9010417448964,7707
7868,545.0958311635846,-545.0958311635846,7708
7869,545.1996733406199,-545.1996733406199,7709
7870,545.346111161684,-545.346111161684,7710
7871,545.4141010850278,-545.4141010850278,7711
7872,545.4524642705766,-545.4524642705766,7712
7873,545.4736815705711,-545.4736815705711,7713
7874,545.5031942142335,-545.5031942142335,7714
7875,545.5248805130859,-545.5248805130859,7715
7876,545.5646495063305,-545.5646495063305,7716
7877,545.5913364646372,-545.5913364646372,7717
7878,545.6283772892403,-545.6283772892403,7718
7879,545.7526805937123,-545.7526805937123,7719
7880,545.7921942110655,-545.7921942110655,7720
7881,545.8480635198259,-545.8480635198259,7721
7882,545.847131709481,-545.847131709481,7722
7883,545.8633172995934,-545.8633172995934,7723
7884,546.3840935314936,-546.3840935314936,7724
7885,546.505571267467,-546.505571267467,7725
7886,546.5811144645895,-546.5811144645895,7726
7887,546.7520131974567,-546.7520131974567,7727
7888,546.9140880377448,-546.9140880377448,7728
7889,547.0211552825319,-547.0211552825319,7729
7890,547.1555318885647,-547.1555318885647,7730
7891,547.2698824018877,-547.2698824018877,7731
7892,547.3825972819432,-547.3825972819432,7732
7893,547.5041376793193,-547.5041376793193,7733
7894,547.6162935335003,-547.6162935335003,7734
7895,547.6681742852696,-547.6681742852696,7735
7896,547.7491397083849,-547.7491397083849,7736
7897,547.7594576791217,-547.7594576791217,7737
7898,547.7697376118323,-547.7697376118323,7738
7899,547.7784759404007,-547.7784759404007,7739
7900,547.7920110181516,-547.7920110181516,7740
7901,547.8028669933382,-547.8028669933382,7741
7902,547.8377300707327,-547.8377300707327,7742
7903,547.917552693791,-547.917552693791,7743
7904,547.9654879597632,-547.9654879597632,7744
7905,548.0215864652337,-548.0215864652337,7745
7906,548.0447728488288,-548.0447728488288,7746
7907,548.1468432021759,-548.1468432021759,7747
7908,548.3435976203141,-548.3435976203141,7748
7909,549.0135354939956,-549.0135354939956,7749
7910,549.6793508681124,-549.6793508681124,7750
7911,550.3402551186452,-550.3402551186452,7751
7912,550.6069437579697,-550.6069437579697,7752
7913,550.8007089233353,-550.8007089233353,7753
7914,550.9285081798562,-550.9285081798562,7754
7915,551.1363107821825,-551.1363107821825,7755
7916,551.2994080964232,-551.2994080964232,7756
7917,551.4256611052643,-551.4256611052643,7757
7918,551.5055974131465,-551.5055974131465,7758
7919,551.5408567204495,-551.5408567204495,7759
7920,551.5688226963285,-551.5688226963285,7760
7921,551.5775621058567,-551.5775621058567,7761
7922,551.5899172041647,-551.5899172041647,7762
7923,551.5991801938109,-551.5991801938109,7763
7924,551.6121367240621,-551.6121367240621,7764
7925,551.6256073513084,-551.6256073513084,7765
7926,551.6723478849683,-551.6723478849683,7766
7927,551.7522281956046,-551.7522281956046,7767
7928,551.8408824421862,-551.8408824421862,7768
7929,551.9955142157755,-551.9955142157755,7769
7930,552.1171656914345,-552.1171656914345,7770
7931,552.1425297956026,-552.1425297956026,7771
7932,552.2087469950344,-552.2087469950344,7772
7933,552.2068988192184,-552.2068988192184,7773
7934,552.2629553337031,-552.2629553337031,7774
7935,552.4887784396583,-552.4887784396583,7775
7936,552.6742872386507,-552.6742872386507,7776
7937,552.8784514714848,-552.8784514714848,7777
7938,553.0239569213295,-553.0239569213295,7778
7939,553.1751452433901,-553.1751452433901,7779
7940,553.3626689445465,-553.3626689445465,7780
7941,553.4545779081235,-553.4545779081235,7781
7942,553.5272358042016,-553.5272358042016,7782
7943,553.5822291532413,-553.5822291532413,7783
7944,553.6070769955486,-553.6070769955486,7784
7945,553.618410496286,-553.618410496286,7785
7946,553.6281661396267,-553.6281661396267,7786
7947,553.6389752130034,-553.6389752130034,7787
7948,553.650864984193,-553.650864984193,7788
7949,553.6601257059267,-553.6601257059267,7789
7950,553.6711173096907,-553.6711173096907,7790
7951,553.745450542577,-553.745450542577,7791
7952,553.8176768609469,-553.8176768609469,7792
7953,553.9611179918105,-553.9611179918105,7793
7954,554.0010302952629,-554.0010302952629,7794
7955,554.1354958309474,-554.1354958309474,7795
7956,554.1676533462222,-554.1676533462222,7796
7957,554.2114925535216,-554.2114925535216,7797
7958,554.3845120695969,-554.3845120695969,7798
7959,554.6411027793324,-554.6411027793324,7799
7960,554.8665828741103,-554.8665828741103,7800
7961,555.0764963798775,-555.0764963798775,7801
7962,555.2578059051178,-555.2578059051178,7802
7963,555.4152254121882,-555.4152254121882,7803
7964,555.549239804155,-555.549239804155,7804
7965,555.6593293298721,-555.6593293298721,7805
7966,555.7553763209879,-555.7553763209879,7806
7967,555.7958176156261,-555.7958176156261,7807
7968,555.8107964547014,-555.8107964547014,7808
7969,555.8205801149737,-555.8205801149737,7809
7970,555.8324240733814,-555.8324240733814,7810
7971,555.8432109142193,-555.8432109142193,7811
7972,555.8540296178631,-555.8540296178631,7812
7973,555.8633013464291,-555.8633013464291,7813
7974,555.9147218202263,-555.9147218202263,7814
7975,555.9816786918823,-555.9816786918823,7815
7976,556.1266629115579,-556.1266629115579,7816
7977,556.2923185419253,-556.2923185419253,7817
7978,556.3359200504713,-556.3359200504713,7818
7979,556.3755045620136,-556.3755045620136,7819
7980,556.4050229482946,-556.4050229482946,7820
7981,556.5705277652598,-556.5705277652598,7821
7982,556.7344516285041,-556.7344516285041,7822
7983,556.9469417562107,-556.9469417562107,7823
7984,557.1069832502975,-557.1069832502975,7824
7985,557.239473168004,-557.239473168004,7825
7986,557.3797512377741,-557.3797512377741,7826
7987,557.4873036012161,-557.4873036012161,7827
7988,557.5953334348523,-557.5953334348523,7828
7989,557.6960683061822,-557.6960683061822,7829
7990,557.7780813180865,-557.7780813180865,7830
7991,557.8200812680261,-557.8200812680261,7831
7992,557.8360992155759,-557.8360992155759,7832
7993,557.8775682127156,-557.8775682127156,7833
7994,557.8883619778981,-557.8883619778981,7834
7995,557.8976053305597,-557.8976053305597,7835
7996,557.9099470466995,-557.9099470466995,7836
7997,557.920840920256,-557.920840920256,7837
7998,557.970238043532,-557.970238043532,7838
7999,558.0486756529887,-558.0486756529887,7839
8000,558.2138403942491,-558.2138403942491,7840
8001,558.2788890693926,-558.2788890693926,7841
8002,558.3489741627568,-558.3489741627568,7842
8003,558.4719604508656,-558.4719604508656,7843
8004,558.5919025175128,-558.5919025175128,7844
8005,558.7349812005231,-558.7349812005231,7845
8006,558.8695487026741,-558.8695487026741,7846
8007,558.999438757153,-558.999438757153,7847
8008,559.1365707797194,-559.1365707797194,7848
8009,559.3687859315377,-559.3687859315377,7849
8010,559.5002160809505,-559.5002160809505,7850
8011,559.6576298895777,-559.6576298895777,7851
8012,559.7729251899071,-559.7729251899071,7852
8013,559.9037846149057,-559.9037846149057,7853
8014,560.0310290996999,-560.0310290996999,7854
8015,560.118752192179,-560.118752192179,7855
8016,560.144647860096,-560.144647860096,7856
8017,560.1746865892566,-560.1746865892566,7857
8018,560.2431552543865,-560.2431552543865,7858
8019,560.2939571188587,-560.2939571188587,7859
8020,560.3333733764395,-560.3333733764395,7860
8021,560.3879658778376,-560.3879658778376,7861
8022,560.4398969386849,-560.4398969386849,7862
8023,560.5193762719522,-560.5193762719522,7863
8024,560.654976139865,-560.654976139865,7864
8025,560.7018684708813,-560.7018684708813,7865
8026,560.8666132570382,-560.8666132570382,7866
8027,561.0782577655353,-561.0782577655353,7867
8028,561.2722189650585,-561.2722189650585,7868
8029,561.495918396133,-561.495918396133,7869
8030,561.6938715834385,-561.6938715834385,7870
8031,561.8086595542087,-561.8086595542087,7871
8032,561.9697485650865,-561.9697485650865,7872
8033,562.1427230600748,-562.1427230600748,7873
8034,562.4866057324996,-562.4866057324996,7874
8035,562.6414424591238,-562.6414424591238,7875
8036,562.8258850313462,-562.8258850313462,7876
8037,562.9390840557692,-562.9390840557692,7877
8038,563.0210961429647,-563.0210961429647,7878
8039,563.0662413478425,-563.0662413478425,7879
8040,563.0973422057941,-563.0973422057941,7880
8041,563.1102538308415,-563.1102538308415,7881
8042,563.1247260453724,-563.1247260453724,7882
8043,563.1474834812831,-563.1474834812831,7883
8044,563.1692494463755,-563.1692494463755,7884
8045,563.1879254152387,-563.1879254152387,7885
8046,563.2402846609606,-563.2402846609606,7886
8047,563.3103933822171,-563.3103933822171,7887
8048,563.5514051311065,-563.5514051311065,7888
8049,563.7477765443252,-563.7477765443252,7889
8050,563.9284768911391,-563.9284768911391,7890
8051,564.0672233692679,-564.0672233692679,7891
8052,564.3153905651561,-564.3153905651561,7892
8053,564.724670162811,-564.724670162811,7893
8054,565.4881125941928,-565.4881125941928,7894
8055,566.2119465779455,-566.2119465779455,7895
8056,567.0389982824065,-567.0389982824065,7896
8057,567.7789012441413,-567.7789012441413,7897
8058,568.2200335325424,-568.2200335325424,7898
8059,568.3984476498117,-568.3984476498117,7899
8060,568.5251820824396,-568.5251820824396,7900
8061,568.6539829936149,-568.6539829936149,7901
8062,568.7458674570884,-568.7458674570884,7902
8063,568.8096896268931,-568.8096896268931,7903
8064,568.8558490693099,-568.8558490693099,7904
8065,568.9030391416862,-568.9030391416862,7905
8066,568.9320276892889,-568.9320276892889,7906
8067,568.9573572293903,-568.9573572293903,7907
8068,568.9873422271876,-568.9873422271876,7908
8069,568.9992973641444,-568.9992973641444,7909
8070,569.0387741816743,-569.0387741816743,7910
8071,569.1373488696416,-569.1373488696416,7911
8072,569.1940722578357,-569.1940722578357,7912
8073,569.2157947298757,-569.2157947298757,7913
8074,569.3797004829307,-569.3797004829307,7914
8075,569.4920824993804,-569.4920824993804,7915
8076,569.8255974966572,-569.8255974966572,7916
8077,570.5422985706198,-570.5422985706198,7917
8078,570.6453119759923,-570.6453119759923,7918
8079,570.738589841211,-570.738589841211,7919
8080,570.8805941235196,-570.8805941235196,7920
8081,571.0583444241753,-571.0583444241753,7921
8082,571.2443612698305,-571.2443612698305,7922
8083,571.3612442708924,-571.3612442708924,7923
8084,571.4692783961407,-571.4692783961407,7924
8085,571.571059585305,-571.571059585305,7925
8086,571.6718030683958,-571.6718030683958,7926
8087,571.7158918611048,-571.7158918611048,7927
8088,571.8015494029023,-571.8015494029023,7928
8089,571.8742155665511,-571.8742155665511,7929
8090,571.9572353107181,-571.9572353107181,7930
8091,572.0969180370905,-572.0969180370905,7931
8092,572.1857544112496,-572.1857544112496,7932
8093,572.2979187704997,-572.2979187704997,7933
8094,572.3804397534998,-572.3804397534998,7934
8095,572.5388635009813,-572.5388635009813,7935
8096,572.6783859651832,-572.6783859651832,7936
8097,572.8238775567239,-572.8238775567239,7937
8098,572.9661839650936,-572.9661839650936,7938
8099,573.089600906107,-573.089600906107,7939
8100,573.2276926716382,-573.2276926716382,7940
8101,573.3861432497179,-573.3861432497179,7941
8102,573.527201238769,-573.527201238769,7942
8103,573.7069703198523,-573.7069703198523,7943
8104,573.898147262919,-573.898147262919,7944
8105,574.0659512604644,-574.0659512604644,7945
8106,574.2311510703277,-574.2311510703277,7946
8107,574.4270069474396,-574.4270069474396,7947
8108,574.6674956547082,-574.6674956547082,7948
8109,574.9152881909146,-574.9152881909146,7949
8110,575.0627631413408,-575.0627631413408,7950
8111,575.2538973897284,-575.2538973897284,7951
8112,575.2653059056885,-575.2653059056885,7952
8113,575.2974571033745,-575.2974571033745,7953
8114,575.3062512873777,-575.3062512873777,7954
8115,575.3227825933275,-575.3227825933275,7955
8116,575.3451027912706,-575.3451027912706,7956
8117,575.3720722578545,-575.3720722578545,7957
8118,575.3892221071386,-575.3892221071386,7958
8119,575.4952177513832,-575.4952177513832,7959
8120,575.7983515915162,-575.7983515915162,7960
8121,576.5329050184768,-576.5329050184768,7961
8122,577.3347448686998,-577.3347448686998,7962
8123,578.0354213033226,-578.0354213033226,7963
8124,578.4030659662297,-578.4030659662297,7964
8125,578.523272336798,-578.523272336798,7965
8126,578.6629332930543,-578.6629332930543,7966
8127,578.9212978208822,-578.9212978208822,7967
8128,579.1171185637137,-579.1171185637137,7968
8129,579.2127440392895,-579.2127440392895,7969
8130,579.3701779986327,-579.3701779986327,7970
8131,579.5317862232336,-579.5317862232336,7971
8132,579.7111217589478,-579.7111217589478,7972
8133,579.825883501522,-579.825883501522,7973
8134,579.9453606114058,-579.9453606114058,7974
8135,579.9868320235786,-579.9868320235786,7975
8136,579.9992144806383,-579.9992144806383,7976
8137,580.0095182716702,-580.0095182716702,7977
8138,580.021367322027,-580.021367322027,7978
8139,580.0336549324728,-580.0336549324728,7979
8140,580.0443036828204,-580.0443036828204,7980
8141,580.0538901601374,-580.0538901601374,7981
8142,580.0855685879332,-580.0855685879332,7982
8143,580.1678076757271,-580.1678076757271,7983
8144,580.3614352182014,-580.3614352182014,7984
8145,580.438972049733,-580.438972049733,7985
8146,580.450275246905,-580.450275246905,7986
8147,580.8724568749678,-580.8724568749678,7987
8148,581.6093129202502,-581.6093129202502,7988
8149,581.703932017641,-581.703932017641,7989
8150,581.6973171510089,-581.6973171510089,7990
8151,581.7903051528123,-581.7903051528123,7991
8152,581.9051028068887,-581.9051028068887,7992
8153,582.1305746483823,-582.1305746483823,7993
8154,582.3420206216485,-582.3420206216485,7994
8155,582.5036405054716,-582.5036405054716,7995
8156,582.6288187117216,-582.6288187117216,7996
8157,582.8069763665288,-582.8069763665288,7997
8158,582.9627727148252,-582.9627727148252,7998
8159,583.0764764652907,-583.0764764652907,7999
8160,583.1054856124185,-583.1054856124185,8000
8161,583.1339693304249,-583.1339693304249,8001
8162,583.1613938315306,-583.1613938315306,8002
8163,583.201781897546,-583.201781897546,8003
8164,583.2359972455107,-583.2359972455107,8004
8165,583.26775419331,-583.26775419331,8005
8166,583.3076845290861,-583.3076845290861,8006
8167,583.3993573298017,-583.3993573298017,8007
8168,583.6290669332099,-583.6290669332099,8008
8169,583.670344054641,-583.670344054641,8009
8170,583.7695256919285,-583.7695256919285,8010
8171,583.7695884750422,-583.7695884750422,8011
8172,583.8355547554979,-583.8355547554979,8012
8173,583.8418302190614,-583.8418302190614,8013
8174,583.9347613776947,-583.9347613776947,8014
8175,584.1207411483911,-584.1207411483911,8015
8176,584.2449224249085,-584.2449224249085,8016
8177,584.3841302545324,-584.3841302545324,8017
8178,584.4703914311891,-584.4703914311891,8018
8179,584.5893926619956,-584.5893926619956,8019
8180,584.6969690957673,-584.6969690957673,8020
8181,584.8044719169474,-584.8044719169474,8021
8182,584.9239149688545,-584.9239149688545,8022
8183,584.984620118747,-584.984620118747,8023
8184,585.0448188176798,-585.0448188176798,8024
8185,585.1013731286532,-585.1013731286532,8025
8186,585.1719424407926,-585.1719424407926,8026
8187,585.2590943258161,-585.2590943258161,8027
8188,585.3052768055708,-585.3052768055708,8028
8189,585.3864094837575,-585.3864094837575,8029
8190,585.4607042138678,-585.4607042138678,8030
8191,585.6263676905767,-585.6263676905767,8031
8192,585.7508694505483,-585.7508694505483,8032
8193,585.7913725049738,-585.7913725049738,8033
8194,585.8423232851753,-585.8423232851753,8034
8195,585.9267513826459,-585.9267513826459,8035
8196,585.9793491341527,-585.9793491341527,8036
8197,586.0655277116037,-586.0655277116037,8037
8198,586.5416877675605,-586.5416877675605,8038
8199,586.8735055579316,-586.8735055579316,8039
8200,586.9820719239582,-586.9820719239582,8040
8201,587.0906112495685,-587.0906112495685,8041
8202,587.2114914122777,-587.2114914122777,8042
8203,587.3164399337984,-587.3164399337984,8043
8204,587.428615210197,-587.428615210197,8044
8205,587.5454692435666,-587.5454692435666,8045
8206,587.6747680318211,-587.6747680318211,8046
8207,587.7474473958878,-587.7474473958878,8047
8208,587.8336523949191,-587.8336523949191,8048
8209,587.9000733755717,-587.9000733755717,8049
8210,587.9618294598781,-587.9618294598781,8050
8211,588.0064045014883,-588.0064045014883,8051
8212,588.0630783350094,-588.0630783350094,8052
8213,588.1275023248794,-588.1275023248794,8053
8214,588.219972020084,-588.219972020084,8054
8215,588.4412613961181,-588.4412613961181,8055
8216,588.6106247763124,-588.6106247763124,8056
8217,588.7195736658964,-588.7195736658964,8057
8218,588.8159961673333,-588.8159961673333,8058
8219,588.8904686742129,-588.8904686742129,8059
8220,589.5620318203372,-589.5620318203372,8060
8221,590.4327680664696,-590.4327680664696,8061
8222,590.6957329038713,-590.6957329038713,8062
8223,590.7939000165906,-590.7939000165906,8063
8224,590.9398520539079,-590.9398520539079,8064
8225,591.0478789964592,-591.0478789964592,8065
8226,591.1522797591518,-591.1522797591518,8066
8227,591.2333257578222,-591.2333257578222,8067
8228,591.3745989969967,-591.3745989969967,8068
8229,591.5049845803211,-591.5049845803211,8069
8230,591.6467765212695,-591.6467765212695,8070
8231,591.7220634051927,-591.7220634051927,8071
8232,591.7729051362426,-591.7729051362426,8072
8233,591.8320598034279,-591.8320598034279,8073
8234,591.8880570739739,-591.8880570739739,8074
8235,591.9393751849626,-591.9393751849626,8075
8236,592.0277235900136,-592.0277235900136,8076
8237,592.0698105110489,-592.0698105110489,8077
8238,592.1124124580267,-592.1124124580267,8078
8239,592.21356217364,-592.21356217364,8079
8240,592.3197048066538,-592.3197048066538,8080
8241,592.5545968799805,-592.5545968799805,8081
8242,592.8874263461965,-592.8874263461965,8082
8243,593.7239853489425,-593.7239853489425,8083
8244,594.3460574202029,-594.3460574202029,8084
8245,594.7087728822909,-594.7087728822909,8085
8246,594.8578532374287,-594.8578532374287,8086
8247,594.9128904465875,-594.9128904465875,8087
8248,595.0234799345939,-595.0234799345939,8088
8249,595.1315194996132,-595.1315194996132,8089
8250,595.2572223716131,-595.2572223716131,8090
8251,595.3346577378267,-595.3346577378267,8091
8252,595.420872588327,-595.420872588327,8092
8253,595.6426838830016,-595.6426838830016,8093
8254,595.7335521574835,-595.7335521574835,8094
8255,595.7864732662645,-595.7864732662645,8095
8256,595.845628122241,-595.845628122241,8096
8257,595.8830043680314,-595.8830043680314,8097
8258,595.9353931534273,-595.9353931534273,8098
8259,595.9669894715034,-595.9669894715034,8099
8260,596.0126149278267,-596.0126149278267,8100
8261,596.0971490218658,-596.0971490218658,8101
8262,596.1748793030026,-596.1748793030026,8102
8263,596.3029923981579,-596.3029923981579,8103
8264,596.4165363439383,-596.4165363439383,8104
8265,597.0788643816763,-597.0788643816763,8105
8266,597.8002851496472,-597.8002851496472,8106
8267,598.4823398122918,-598.4823398122918,8107
8268,599.1527620202585,-599.1527620202585,8108
8269,599.8628541404047,-599.8628541404047,8109
8270,600.3398705717984,-600.3398705717984,8110
8271,600.43286227595,-600.43286227595,8111
8272,600.5491570552181,-600.5491570552181,8112
8273,600.6129778748264,-600.6129778748264,8113
8274,600.7112462414736,-600.7112462414736,8114
8275,600.7881061655952,-600.7881061655952,8115
8276,600.8831634283215,-600.8831634283215,8116
8277,600.9953442794892,-600.9953442794892,8117
8278,601.1241260899802,-601.1241260899802,8118
8279,601.2097988421667,-601.2097988421667,8119
8280,601.2549064858208,-601.2549064858208,8120
8281,601.2984599022459,-601.2984599022459,8121
8282,601.3789193573648,-601.3789193573648,8122
8283,601.4141586060692,-601.4141586060692,8123
8284,601.4503890728782,-601.4503890728782,8124
8285,601.5097968345258,-601.5097968345258,8125
8286,601.579967553462,-601.579967553462,8126
8287,601.7128352561663,-601.7128352561663,8127
8288,601.9199262605212,-601.9199262605212,8128
8289,602.0496845853822,-602.0496845853822,8129
8290,602.1098647018086,-602.1098647018086,8130
8291,602.1839874485302,-602.1839874485302,8131
8292,602.8976279881613,-602.8976279881613,8132
8293,603.6038640806695,-603.6038640806695,8133
8294,604.3674318510539,-604.3674318510539,8134
8295,604.7242068558697,-604.7242068558697,8135
8296,604.8353208263333,-604.8353208263333,8136
8297,604.9583994057054,-604.9583994057054,8137
8298,605.0851287898322,-605.0851287898322,8138
8299,605.2259290269619,-605.2259290269619,8139
8300,605.3557993721,-605.3557993721,8140
8301,605.4814771174731,-605.4814771174731,8141
8302,605.6092232159506,-605.6092232159506,8142
8303,605.7172589468914,-605.7172589468914,8143
8304,605.774329833453,-605.774329833453,8144
8305,605.8251667506012,-605.8251667506012,8145
8306,605.8905408528351,-605.8905408528351,8146
8307,605.9387371770272,-605.9387371770272,8147
8308,605.9953101609083,-605.9953101609083,8148
8309,606.0717254967839,-606.0717254967839,8149
8310,606.1444913581564,-606.1444913581564,8150
8311,606.2534153005681,-606.2534153005681,8151
8312,606.3632272592943,-606.3632272592943,8152
8313,606.426609964387,-606.426609964387,8153
8314,606.5045679727559,-606.5045679727559,8154
8315,606.5544331528673,-606.5544331528673,8155
8316,606.6192767335492,-606.6192767335492,8156
8317,607.14052684982,-607.14052684982,8157
8318,607.7307370835994,-607.7307370835994,8158
8319,608.4853087686438,-608.4853087686438,8159
8320,609.2062761218577,-609.2062761218577,8160
8321,609.6512567815162,-609.6512567815162,8161
8322,609.8496306031122,-609.8496306031122,8162
8323,609.9784775392944,-609.9784775392944,8163
8324,610.1649979612683,-610.1649979612683,8164
8325,610.2595101843499,-610.2595101843499,8165
8326,610.3872683599551,-610.3872683599551,8166
8327,610.4620311213122,-610.4620311213122,8167
8328,610.5170256077404,-610.5170256077404,8168
8329,610.6000838421708,-610.6000838421708,8169
8330,610.6478124754751,-610.6478124754751,8170
8331,610.6960472268285,-610.6960472268285,8171
8332,610.7427972814295,-610.7427972814295,8172
8333,610.8435684372067,-610.8435684372067,8173
8334,610.9261730164307,-610.9261730164307,8174
8335,611.070600947663,-611.070600947663,8175
8336,611.1982599947908,-611.1982599947908,8176
8337,611.2458329861183,-611.2458329861183,8177
8338,611.3074147520311,-611.3074147520311,8178
8339,611.368170030442,-611.368170030442,8179
8340,611.4579515704245,-611.4579515704245,8180
8341,611.5541241008493,-611.5541241008493,8181
8342,611.6429102904192,-611.6429102904192,8182
8343,611.7812573801333,-611.7812573801333,8183
8344,611.9226230829979,-611.9226230829979,8184
8345,612.0832043916123,-612.0832043916123,8185
8346,612.2665671982157,-612.2665671982157,8186
8347,612.4359683924565,-612.4359683924565,8187
8348,612.6053010933734,-612.6053010933734,8188
8349,612.7761873075052,-612.7761873075052,8189
8350,612.8785093444291,-612.8785093444291,8190
8351,612.988590945066,-612.988590945066,8191
8352,613.0373555287023,-613.0373555287023,8192
8353,613.084019522862,-613.084019522862,8193
8354,613.158774739059,-613.158774739059,8194
8355,613.2257040718538,-613.2257040718538,8195
8356,613.2771674066969,-613.2771674066969,8196
8357,613.3405546329765,-613.3405546329765,8197
8358,613.3971807104914,-613.3971807104914,8198
8359,613.5419564646053,-613.5419564646053,8199
8360,613.7024549749552,-613.7024549749552,8200
8361,613.8021919300063,-613.8021919300063,8201
8362,613.8988418202257,-613.8988418202257,8202
8363,614.0074864520813,-614.0074864520813,8203
8364,614.073065997169,-614.073065997169,8204
8365,614.3607131546934,-614.3607131546934,8205
8366,615.1390047452651,-615.1390047452651,8206
8367,615.6376415693924,-615.6376415693924,8207
8368,615.8236948764721,-615.8236948764721,8208
8369,615.9795743405368,-615.9795743405368,8209
8370,616.1401339193611,-616.1401339193611,8210
8371,616.2991055317601,-616.2991055317601,8211
8372,616.4627826227246,-616.4627826227246,8212
8373,616.6549639345899,-616.6549639345899,8213
8374,616.8211619790895,-616.8211619790895,8214
8375,616.9130722910278,-616.9130722910278,8215
8376,617.0216036926031,-617.0216036926031,8216
8377,617.1202551411692,-617.1202551411692,8217
8378,617.2168160122354,-617.2168160122354,8218
8379,617.296709621067,-617.296709621067,8219
8380,617.3964307457705,-617.3964307457705,8220
8381,617.4837221641608,-617.4837221641608,8221
8382,617.5787659256684,-617.5787659256684,8222
8383,617.7263218996492,-617.7263218996492,8223
8384,617.8816022833201,-617.8816022833201,8224
8385,618.0579978175479,-618.0579978175479,8225
8386,618.2198992293381,-618.2198992293381,8226
8387,618.3567220783664,-618.3567220783664,8227
8388,618.420743244823,-618.420743244823,8228
8389,618.5042268863228,-618.5042268863228,8229
8390,618.6057346162252,-618.6057346162252,8230
8391,618.7210674539465,-618.7210674539465,8231
8392,618.8083243976008,-618.8083243976008,8232
8393,618.8945456185779,-618.8945456185779,8233
8394,619.0436867930275,-619.0436867930275,8234
8395,619.2089124725627,-619.2089124725627,8235
8396,619.3657905943317,-619.3657905943317,8236
8397,619.5263189947441,-619.5263189947441,8237
8398,619.6779926987913,-619.6779926987913,8238
8399,619.7964155123424,-619.7964155123424,8239
8400,619.897153600539,-619.897153600539,8240
8401,619.9760870898182,-619.9760870898182,8241
8402,620.0165393503103,-620.0165393503103,8242
8403,620.0995915483254,-620.0995915483254,8243
8404,620.175399589314,-620.175399589314,8244
8405,620.2496524379104,-620.2496524379104,8245
8406,620.3520056521199,-620.3520056521199,8246
8407,620.4756945380543,-620.4756945380543,8247
8408,620.6518476331433,-620.6518476331433,8248
8409,621.3138182338381,-621.3138182338381,8249
8410,621.9048103266274,-621.9048103266274,8250
8411,622.2757126717798,-622.2757126717798,8251
8412,622.6858008988794,-622.6858008988794,8252
8413,622.8896616205134,-622.8896616205134,8253
8414,623.0091471403367,-623.0091471403367,8254
8415,623.1067813821745,-623.1067813821745,8255
8416,623.2210545083416,-623.2210545083416,8256
8417,623.3254660667898,-623.3254660667898,8257
8418,623.4408082444468,-623.4408082444468,8258
8419,623.5244619185177,-623.5244619185177,8259
8420,623.6387558916985,-623.6387558916985,8260
8421,623.7478557271497,-623.7478557271497,8261
8422,623.8065306818522,-623.8065306818522,8262
8423,623.8371015822195,-623.8371015822195,8263
8424,623.8760190506607,-623.8760190506607,8264
8425,623.9055599294627,-623.9055599294627,8265
8426,623.9163904177767,-623.9163904177767,8266
8427,623.9277404552619,-623.9277404552619,8267
8428,623.9613257509367,-623.9613257509367,8268
8429,623.9750808026605,-623.9750808026605,8269
8430,623.9949999601806,-623.9949999601806,8270
8431,624.0729104002814,-624.0729104002814,8271
8432,624.1540152455688,-624.1540152455688,8272
8433,624.2755634941728,-624.2755634941728,8273
8434,624.8426380544611,-624.8426380544611,8274
8435,625.5167379832719,-625.5167379832719,8275
8436,625.7518831130102,-625.7518831130102,8276
8437,625.8044398384843,-625.8044398384843,8277
8438,625.8501014736821,-625.8501014736821,8278
8439,625.910861479369,-625.910861479369,8279
8440,626.0105538524551,-626.0105538524551,8280
8441,626.1741989680996,-626.1741989680996,8281
8442,626.3487657575555,-626.3487657575555,8282
8443,626.488493297251,-626.488493297251,8283
8444,626.6708057340678,-626.6708057340678,8284
8445,626.804280206966,-626.804280206966,8285
8446,626.9751568338831,-626.9751568338831,8286
8447,627.1070456708655,-627.1070456708655,8287
8448,627.2124318065054,-627.2124318065054,8288
8449,627.3022481232073,-627.3022481232073,8289
8450,627.4081394694666,-627.4081394694666,8290
8451,627.4584246799075,-627.4584246799075,8291
8452,627.5066738652852,-627.5066738652852,8292
8453,627.5495973608837,-627.5495973608837,8293
8454,627.6506257395796,-627.6506257395796,8294
8455,627.7266007474144,-627.7266007474144,8295
8456,627.859251850039,-627.859251850039,8296
8457,628.0199012879666,-628.0199012879666,8297
8458,628.2184666588153,-628.2184666588153,8298
8459,628.3679273622333,-628.3679273622333,8299
8460,628.4613437388331,-628.4613437388331,8300
8461,628.5765986750022,-628.5765986750022,8301
8462,628.6539753017635,-628.6539753017635,8302
8463,628.7511122293997,-628.7511122293997,8303
8464,628.8710991804181,-628.8710991804181,8304
8465,629.0248964071753,-629.0248964071753,8305
8466,629.1417582631053,-629.1417582631053,8306
8467,629.3381621298877,-629.3381621298877,8307
8468,629.4649250501661,-629.4649250501661,8308
8469,629.5693359455495,-629.5693359455495,8309
8470,629.672176093986,-629.672176093986,8310
8471,629.7220441860717,-629.7220441860717,8311
8472,629.8139506038636,-629.8139506038636,8312
8473,629.860123876323,-629.860123876323,8313
8474,629.9047087808201,-629.9047087808201,8314
8475,629.9721955542283,-629.9721955542283,8315
8476,630.029761330613,-630.029761330613,8316
8477,630.1050342191522,-630.1050342191522,8317
8478,630.18863589908,-630.18863589908,8318
8479,630.3066070915243,-630.3066070915243,8319
8480,630.3892228799564,-630.3892228799564,8320
8481,630.5040219327137,-630.5040219327137,8321
8482,630.7237804928067,-630.7237804928067,8322
8483,630.8536041491177,-630.8536041491177,8323
8484,630.9789461573488,-630.9789461573488,8324
8485,631.12756117834,-631.12756117834,8325
8486,631.256354688,-631.256354688,8326
8487,631.3799474186835,-631.3799474186835,8327
8488,631.4703913671063,-631.4703913671063,8328
8489,631.5571337140826,-631.5571337140826,8329
8490,631.6038879785566,-631.6038879785566,8330
8491,631.7290865959424,-631.7290865959424,8331
8492,631.8220211663332,-631.8220211663332,8332
8493,631.9851508662512,-631.9851508662512,8333
8494,632.06924603769,-632.06924603769,8334
8495,632.1076223882122,-632.1076223882122,8335
8496,632.1491222536545,-632.1491222536545,8336
8497,632.1739780252678,-632.1739780252678,8337
8498,632.2123519744265,-632.2123519744265,8338
8499,632.2351399708791,-632.2351399708791,8339
8500,632.2486104577102,-632.2486104577102,8340
8501,632.2770840207597,-632.2770840207597,8341
8502,632.3045444459523,-632.3045444459523,8342
8503,632.3872035023735,-632.3872035023735,8343
8504,632.6370424092069,-632.6370424092069,8344
8505,632.8209788520526,-632.8209788520526,8345
8506,632.9231659563216,-632.9231659563216,8346
8507,633.094098429648,-633.094098429648,8347
8508,633.2551514447799,-633.2551514447799,8348
8509,633.7719890810116,-633.7719890810116,8349
8510,633.9849710807458,-633.9849710807458,8350
8511,634.0617710272085,-634.0617710272085,8351
8512,634.1509459608441,-634.1509459608441,8352
8513,634.2636125910354,-634.2636125910354,8353
8514,634.4195208874028,-634.4195208874028,8354
8515,634.5686109016112,-634.5686109016112,8355
8516,634.6542979615507,-634.6542979615507,8356
8517,634.7472461917141,-634.7472461917141,8357
8518,634.8328954402825,-634.8328954402825,8358
8519,634.8790749673342,-634.8790749673342,8359
8520,634.9304322405249,-634.9304322405249,8360
8521,634.944370126257,-634.944370126257,8361
8522,634.9551855083663,-634.9551855083663,8362
8523,634.9674979471606,-634.9674979471606,8363
8524,634.9777414324037,-634.9777414324037,8364
8525,635.004791549003,-635.004791549003,8365
8526,635.0120555468643,-635.0120555468643,8366
8527,635.2785277460489,-635.2785277460489,8367
8528,635.6171108330698,-635.6171108330698,8368
8529,635.7520486728849,-635.7520486728849,8369
8530,636.0088379719505,-636.0088379719505,8370
8531,636.2950166287112,-636.2950166287112,8371
8532,636.4088433102087,-636.4088433102087,8372
8533,636.7057567451988,-636.7057567451988,8373
8534,636.807521089855,-636.807521089855,8374
8535,636.8636187242162,-636.8636187242162,8375
8536,637.0215649583735,-637.0215649583735,8376
8537,637.1020587339829,-637.1020587339829,8377
8538,637.2116688084157,-637.2116688084157,8378
8539,637.3134739886136,-637.3134739886136,8379
8540,637.4318841818189,-637.4318841818189,8380
8541,637.5269295219065,-637.5269295219065,8381
8542,637.5954361857644,-637.5954361857644,8382
8543,637.6561487038202,-637.6561487038202,8383
8544,637.7646538645192,-637.7646538645192,8384
8545,637.8632835894718,-637.8632835894718,8385
8546,637.9597913892994,-637.9597913892994,8386
8547,638.0395671083819,-638.0395671083819,8387
8548,638.1393115977611,-638.1393115977611,8388
8549,638.2265859558778,-638.2265859558778,8389
8550,638.3215900001594,-638.3215900001594,8390
8551,638.4692368982184,-638.4692368982184,8391
8552,638.6249214286704,-638.6249214286704,8392
8553,638.8018894404362,-638.8018894404362,8393
8554,638.9641432714585,-638.9641432714585,8394
8555,639.3370198722058,-639.3370198722058,8395
8556,639.888453129391,-639.888453129391,8396
8557,640.5976978335538,-640.5976978335538,8397
8558,640.845056178187,-640.845056178187,8398
8559,640.960373162753,-640.960373162753,8399
8560,641.0476068026704,-641.0476068026704,8400
8561,641.1338371132281,-641.1338371132281,8401
8562,641.2829256367777,-641.2829256367777,8402
8563,641.4480955153813,-641.4480955153813,8403
8564,641.6049291548289,-641.6049291548289,8404
8565,641.7654348151541,-641.7654348151541,8405
8566,641.9171009349817,-641.9171009349817,8406
8567,642.0355237485328,-642.0355237485328,8407
8568,642.0702739552206,-642.0702739552206,8408
8569,642.0998463340114,-642.0998463340114,8409
8570,642.1137993470728,-642.1137993470728,8410
8571,642.1241079794744,-642.1241079794744,8411
8572,642.1344472562564,-642.1344472562564,8412
8573,642.1447910434175,-642.1447910434175,8413
8574,642.1535534769065,-642.1535534769065,8414
8575,642.2313056175984,-642.2313056175984,8415
8576,642.3101532315995,-642.3101532315995,8416
8577,642.5408200469118,-642.5408200469118,8417
8578,643.3848803333904,-643.3848803333904,8418
8579,644.1653434024752,-644.1653434024752,8419
8580,645.0425210966571,-645.0425210966571,8420
8581,646.0823254334665,-646.0823254334665,8421
8582,646.8490137220324,-646.8490137220324,8422
8583,647.2170467418296,-647.2170467418296,8423
8584,647.4435136526903,-647.4435136526903,8424
8585,647.5728651596394,-647.5728651596394,8425
8586,647.7463962225561,-647.7463962225561,8426
8587,647.8186378382619,-647.8186378382619,8427
8588,647.9662192836041,-647.9662192836041,8428
8589,648.0503472211902,-648.0503472211902,8429
8590,648.149020070492,-648.149020070492,8430
8591,648.1972608380343,-648.1972608380343,8431
8592,648.2262728269104,-648.2262728269104,8432
8593,648.2407326864555,-648.2407326864555,8433
8594,648.2525771527393,-648.2525771527393,8434
8595,648.2628394288073,-648.2628394288073,8435
8596,648.2736367776453,-648.2736367776453,8436
8597,648.2863296521525,-648.2863296521525,8437
8598,648.349389967367,-648.349389967367,8438
8599,648.4256833110566,-648.4256833110566,8439
8600,648.5169354646843,-648.5169354646843,8440
8601,648.6445741342621,-648.6445741342621,8441
8602,648.8402856556052,-648.8402856556052,8442
8603,649.0992272025983,-649.0992272025983,8443
8604,649.2865370234136,-649.2865370234136,8444
8605,649.3714395920165,-649.3714395920165,8445
8606,649.5824148124866,-649.5824148124866,8446
8607,649.7029982388196,-649.7029982388196,8447
8608,649.8624351078048,-649.8624351078048,8448
8609,650.095202209611,-650.095202209611,8449
8610,650.325311553192,-650.325311553192,8450
8611,650.4468929413141,-650.4468929413141,8451
8612,650.668707541853,-650.668707541853,8452
8613,650.8619400166375,-650.8619400166375,8453
8614,650.9190173387756,-650.9190173387756,8454
8615,650.9542655646454,-650.9542655646454,8455
8616,650.9941851354125,-650.9941851354125,8456
8617,651.0216208581935,-651.0216208581935,8457
8618,651.0324112908359,-651.0324112908359,8458
8619,651.0453120524404,-651.0453120524404,8459
8620,651.0540512012706,-651.0540512012706,8460
8621,651.0638246051589,-651.0638246051589,8461
8622,651.0902181461167,-651.0902181461167,8462
8623,651.1618723779133,-651.1618723779133,8463
8624,651.2585761884651,-651.2585761884651,8464
8625,651.3261380508889,-651.3261380508889,8465
8626,651.5900181515699,-651.5900181515699,8466
8627,651.7848779060187,-651.7848779060187,8467
8628,651.9801276186264,-651.9801276186264,8468
8629,652.1125728348729,-652.1125728348729,8469
8630,652.2487188430621,-652.2487188430621,8470
8631,652.412358869141,-652.412358869141,8471
8632,652.631547233603,-652.631547233603,8472
8633,652.7973638604745,-652.7973638604745,8473
8634,652.9527433065806,-652.9527433065806,8474
8635,653.156918626111,-653.156918626111,8475
8636,653.2659927306271,-653.2659927306271,8476
8637,653.3568611908341,-653.3568611908341,8477
8638,653.4742184079762,-653.4742184079762,8478
8639,653.5401240225375,-653.5401240225375,8479
8640,653.5618638876879,-653.5618638876879,8480
8641,653.5757980086387,-653.5757980086387,8481
8642,653.5860796506278,-653.5860796506278,8482
8643,653.5973920517631,-653.5973920517631,8483
8644,653.6061416377927,-653.6061416377927,8484
8645,653.6159112754389,-653.6159112754389,8485
8646,653.6297839557341,-653.6297839557341,8486
8647,653.7009983191866,-653.7009983191866,8487
8648,653.9181015723707,-653.9181015723707,8488
8649,653.990054998835,-653.990054998835,8489
8650,654.0836600797238,-654.0836600797238,8490
8651,654.1414164098597,-654.1414164098597,8491
8652,654.1416222764652,-654.1416222764652,8492
8653,654.1516835076511,-654.1516835076511,8493
8654,654.1836978865022,-654.1836978865022,8494
8655,654.3182609120066,-654.3182609120066,8495
8656,654.473131922857,-654.473131922857,8496
8657,654.6435176054335,-654.6435176054335,8497
8658,654.8341787276069,-654.8341787276069,8498
8659,654.9344594079297,-654.9344594079297,8499
8660,655.0965386113293,-655.0965386113293,8500
8661,655.2300167509219,-655.2300167509219,8501
8662,655.3297051915424,-655.3297051915424,8502
8663,655.3904110665031,-655.3904110665031,8503
8664,655.4272152136951,-655.4272152136951,8504
8665,655.4681718645494,-655.4681718645494,8505
8666,655.4982022952885,-655.4982022952885,8506
8667,655.5474077165283,-655.5474077165283,8507
8668,655.5951235273155,-655.5951235273155,8508
8669,655.6211413222663,-655.6211413222663,8509
8670,655.6616594521587,-655.6616594521587,8510
8671,655.7536710784491,-655.7536710784491,8511
8672,655.863311918025,-655.863311918025,8512
8673,655.9568624025973,-655.9568624025973,8513
8674,656.1167770746092,-656.1167770746092,8514
8675,656.1787573728313,-656.1787573728313,8515
8676,656.1780585456293,-656.1780585456293,8516
8677,656.7173190331014,-656.7173190331014,8517
8678,657.125494524557,-657.125494524557,8518
8679,657.4610687858171,-657.4610687858171,8519
8680,657.8885464210688,-657.8885464210688,8520
8681,658.2198107064772,-658.2198107064772,8521
8682,658.4098194092956,-658.4098194092956,8522
8683,658.6394550581814,-658.6394550581814,8523
8684,658.766717042766,-658.766717042766,8524
8685,658.9100619951788,-658.9100619951788,8525
8686,659.0570376313055,-659.0570376313055,8526
8687,659.1234559017544,-659.1234559017544,8527
8688,659.1524857713388,-659.1524857713388,8528
8689,659.1654069041757,-659.1654069041757,8529
8690,659.1777776679369,-659.1777776679369,8530
8691,659.1942963785293,-659.1942963785293,8531
8692,659.2134770922728,-659.2134770922728,8532
8693,659.2258844271864,-659.2258844271864,8533
8694,659.2549710307486,-659.2549710307486,8534
8695,659.331962700464,-659.331962700464,8535
8696,659.4186119026417,-659.4186119026417,8536
8697,659.5096358538831,-659.5096358538831,8537
8698,659.6042263038808,-659.6042263038808,8538
8699,659.7647441158923,-659.7647441158923,8539
8700,660.0813531557997,-660.0813531557997,8540
8701,660.9590759760279,-660.9590759760279,8541
8702,661.5051990335157,-661.5051990335157,8542
8703,661.8628953329979,-661.8628953329979,8543
8704,662.016617155525,-662.016617155525,8544
8705,662.1215390332795,-662.1215390332795,8545
8706,662.2478124309861,-662.2478124309861,8546
8707,662.4031936202159,-662.4031936202159,8547
8708,662.5746350049957,-662.5746350049957,8548
8709,662.7356639364767,-662.7356639364767,8549
8710,662.8550942387104,-662.8550942387104,8550
8711,662.9859454135626,-662.9859454135626,8551
8712,663.013396554982,-663.013396554982,8552
8713,663.0600727002557,-663.0600727002557,8553
8714,663.098933378302,-663.098933378302,8554
8715,663.1393489842936,-663.1393489842936,8555
8716,663.2073624420741,-663.2073624420741,8556
8717,663.2623757159839,-663.2623757159839,8557
8718,663.2982034523174,-663.2982034523174,8558
8719,663.3744852976623,-663.3744852976623,8559
8720,663.5405245539846,-663.5405245539846,8560
8721,663.5941310379784,-663.5941310379784,8561
8722,663.6556698175327,-663.6556698175327,8562
8723,663.6825969561396,-663.6825969561396,8563
8724,663.7072498408636,-663.7072498408636,8564
8725,663.7855645746697,-663.7855645746697,8565
8726,663.7843688723887,-663.7843688723887,8566
8727,663.8558714533069,-663.8558714533069,8567
8728,663.9950777179716,-663.9950777179716,8568
8729,664.1176895901391,-664.1176895901391,8569
8730,664.2356337181989,-664.2356337181989,8570
8731,664.3566904682705,-664.3566904682705,8571
8732,664.4471285219782,-664.4471285219782,8572
8733,664.5499357990275,-664.5499357990275,8573
8734,664.6465318976925,-664.6465318976925,8574
8735,664.7072366323547,-664.7072366323547,8575
