,cum_cost,cum_reward,n_interventions
0,-0.004922274781570435,0.004922274781570435,0
1,-0.007350597570676805,0.007350597570676805,0
2,-0.00824339534977913,0.00824339534977913,0
3,-0.0043254049677121644,0.0043254049677121644,0
4,0.0008473275971460342,-0.0008473275971460342,0
5,0.004709356966603994,-0.004709356966603994,0
6,0.014914455312409402,-0.014914455312409402,0
7,0.083017061251899,-0.083017061251899,0
8,0.16361109636891247,-0.16361109636891247,0
9,0.22807031047807574,-0.22807031047807574,0
10,0.417750121804311,-0.417750121804311,0
11,0.9458221598501502,-0.9458221598501502,0
12,1.6055472888737023,-1.6055472888737023,0
13,1.9897799505999314,-1.9897799505999314,0
14,2.2218604358348357,-2.2218604358348357,0
15,2.7699475443830144,-2.7699475443830144,0
16,3.063751621071366,-3.063751621071366,0
17,3.3328727577290733,-3.3328727577290733,0
18,3.463013241891442,-3.463013241891442,0
19,3.648658983311251,-3.648658983311251,0
20,3.7714019571096165,-3.7714019571096165,0
21,3.881910085616332,-3.881910085616332,0
22,4.004897380882874,-4.004897380882874,0
23,4.080601556258322,-4.080601556258322,0
24,4.122699779137308,-4.122699779137308,0
25,4.14813327545972,-4.14813327545972,0
26,4.168400459370139,-4.168400459370139,0
27,4.185656427094514,-4.185656427094514,0
28,4.1932455654797,-4.1932455654797,0
29,4.210261906264127,-4.210261906264127,0
30,4.249251705322204,-4.249251705322204,0
31,4.315857936403093,-4.315857936403093,0
32,4.354725435633882,-4.354725435633882,0
33,4.628423580754505,-4.628423580754505,0
34,5.356723160575074,-5.356723160575074,0
35,6.114303284473528,-6.114303284473528,0
36,6.876794356272999,-6.876794356272999,0
37,7.300002474811604,-7.300002474811604,0
38,7.629018226117193,-7.629018226117193,0
39,8.17078913333541,-8.17078913333541,0
40,8.438329385030908,-8.438329385030908,0
41,8.71170907405626,-8.71170907405626,0
42,8.889099582608035,-8.889099582608035,0
43,9.051271994865099,-9.051271994865099,0
44,9.155181291228761,-9.155181291228761,0
45,9.303100898179055,-9.303100898179055,0
46,9.401156310995574,-9.401156310995574,0
47,9.471587331962716,-9.471587331962716,0
48,9.51287661609996,-9.51287661609996,0
49,9.561316836167354,-9.561316836167354,0
50,9.600898929712352,-9.600898929712352,0
51,9.641051721523171,-9.641051721523171,0
52,9.67425049624196,-9.67425049624196,0
53,9.711168335868228,-9.711168335868228,0
54,9.758726192251737,-9.758726192251737,0
55,9.80782145079004,-9.80782145079004,0
56,9.885672776604068,-9.885672776604068,0
57,10.414385048158348,-10.414385048158348,0
58,11.09329748109139,-11.09329748109139,0
59,11.590494342223955,-11.590494342223955,0
60,11.837172071238076,-11.837172071238076,0
61,11.981648715965202,-11.981648715965202,0
62,12.047964349006579,-12.047964349006579,0
63,12.188932265834111,-12.188932265834111,0
64,12.289545378542678,-12.289545378542678,0
65,12.388717207558933,-12.388717207558933,0
66,12.474411375005914,-12.474411375005914,0
67,12.57336220270715,-12.57336220270715,0
68,12.673082553415789,-12.673082553415789,0
69,12.843365849908247,-12.843365849908247,0
70,12.970136485824527,-12.970136485824527,0
71,13.032268337308011,-13.032268337308011,0
72,13.248791183570901,-13.248791183570901,0
73,13.327558390607066,-13.327558390607066,0
74,13.385142651502639,-13.385142651502639,0
75,13.433680431316619,-13.433680431316619,0
76,13.509794742126486,-13.509794742126486,0
77,13.564254433993256,-13.564254433993256,0
78,13.577031959028817,-13.577031959028817,0
79,13.608929030778715,-13.608929030778715,0
80,13.74022032062828,-13.74022032062828,0
81,13.83997794228285,-13.83997794228285,0
82,13.956461117432442,-13.956461117432442,0
83,14.018613678007583,-14.018613678007583,0
84,14.082414900198875,-14.082414900198875,0
85,14.178905553654335,-14.178905553654335,0
86,14.252698454375652,-14.252698454375652,0
87,14.325736867705917,-14.325736867705917,0
88,14.451436228262818,-14.451436228262818,0
89,14.568654075819618,-14.568654075819618,0
90,14.734256304423536,-14.734256304423536,0
91,15.391747664897316,-15.391747664897316,0
92,16.01595178285537,-16.01595178285537,0
93,16.341570117367795,-16.341570117367795,0
94,16.50921939421346,-16.50921939421346,0
95,16.620749232220334,-16.620749232220334,0
96,16.671929401254783,-16.671929401254783,0
97,16.703664388536982,-16.703664388536982,0
98,16.725147399465424,-16.725147399465424,0
99,16.74315458158065,-16.74315458158065,0
100,16.76473312755942,-16.76473312755942,0
101,16.781387649793636,-16.781387649793636,0
102,16.79692530609852,-16.79692530609852,0
103,16.84745398008663,-16.84745398008663,0
104,16.925931435107994,-16.925931435107994,0
105,16.946167434132537,-16.946167434132537,0
106,17.157471769647426,-17.157471769647426,0
107,17.411276626711793,-17.411276626711793,0
108,17.49328315342317,-17.49328315342317,0
109,17.537629120522276,-17.537629120522276,0
110,17.566384104467737,-17.566384104467737,0
111,17.63486124174116,-17.63486124174116,0
112,17.773045364183435,-17.773045364183435,0
113,17.814521525282874,-17.814521525282874,0
114,17.916696314136548,-17.916696314136548,0
115,18.029327880391374,-18.029327880391374,0
116,18.15221280048285,-18.15221280048285,0
117,18.26402734380084,-18.26402734380084,0
118,18.41655652481804,-18.41655652481804,0
119,18.55692446073259,-18.55692446073259,0
120,18.64703253677892,-18.64703253677892,0
121,18.682316007574588,-18.682316007574588,0
122,18.709224495803376,-18.709224495803376,0
123,18.725246379758936,-18.725246379758936,0
124,18.738683554747602,-18.738683554747602,0
125,18.762259058752257,-18.762259058752257,0
126,18.820184185750833,-18.820184185750833,0
127,18.89392176397777,-18.89392176397777,0
128,18.94127097122228,-18.94127097122228,0
129,19.22479018219954,-19.22479018219954,0
130,19.470431356956098,-19.470431356956098,0
131,19.662432644614213,-19.662432644614213,0
132,19.858683686694096,-19.858683686694096,0
133,20.030156863643647,-20.030156863643647,0
134,20.156947497833965,-20.156947497833965,0
135,20.268615816858734,-20.268615816858734,0
136,20.361736774180933,-20.361736774180933,0
137,20.489515858168804,-20.489515858168804,0
138,20.603446922794532,-20.603446922794532,0
139,20.699381032864007,-20.699381032864007,0
140,20.853985432606347,-20.853985432606347,0
141,20.987204590921095,-20.987204590921095,0
142,21.099351256002187,-21.099351256002187,0
143,21.176131926193587,-21.176131926193587,0
144,21.23366047894868,-21.23366047894868,0
145,21.2801621545885,-21.2801621545885,0
146,21.327883191342483,-21.327883191342483,0
147,21.363585726096268,-21.363585726096268,0
148,21.41223775027224,-21.41223775027224,0
149,21.445373048307285,-21.445373048307285,0
150,21.498769545285867,-21.498769545285867,0
151,21.55250614179515,-21.55250614179515,0
152,21.707116815522166,-21.707116815522166,0
153,21.880049439924164,-21.880049439924164,0
154,22.054088465822492,-22.054088465822492,0
155,22.213707401670078,-22.213707401670078,0
156,22.33114209537068,-22.33114209537068,0
157,22.88652707165893,-22.88652707165893,0
158,23.597540354001406,-23.597540354001406,0
159,24.103009919444183,-24.103009919444183,0
160,24.4353699434563,-24.4353699434563,0
161,24.80208274809811,-24.80208274809811,0
162,25.008362786521527,-25.008362786521527,0
163,25.196462663683906,-25.196462663683906,0
164,25.334345030459332,-25.334345030459332,0
165,25.4451340957713,-25.4451340957713,0
166,25.558269652277225,-25.558269652277225,0
167,25.616018523071418,-25.616018523071418,0
168,25.68337220777965,-25.68337220777965,0
169,25.70932469189317,-25.70932469189317,0
170,25.744026377089085,-25.744026377089085,0
171,25.769072157984002,-25.769072157984002,0
172,25.823905844483864,-25.823905844483864,0
173,25.838568336255495,-25.838568336255495,0
174,25.887889432654195,-25.887889432654195,0
175,25.937397722422677,-25.937397722422677,0
176,26.036630306884593,-26.036630306884593,0
177,26.109948887882364,-26.109948887882364,0
178,26.215569090763108,-26.215569090763108,0
179,26.336683271232936,-26.336683271232936,0
180,26.498655708974646,-26.498655708974646,0
181,26.599589372253046,-26.599589372253046,0
182,26.918179483016953,-26.918179483016953,0
183,27.13935231175762,-27.13935231175762,0
184,27.36860193810989,-27.36860193810989,0
185,27.597765819427018,-27.597765819427018,0
186,27.824974052267205,-27.824974052267205,0
187,27.99362845075637,-27.99362845075637,0
188,28.123562886840826,-28.123562886840826,0
189,28.23860302637761,-28.23860302637761,0
190,28.36481499124835,-28.36481499124835,0
191,28.45202717539555,-28.45202717539555,0
192,28.517576910973546,-28.517576910973546,0
193,28.56847823375762,-28.56847823375762,0
194,28.6027575495937,-28.6027575495937,0
195,28.645987079069666,-28.645987079069666,0
196,28.69105163804569,-28.69105163804569,0
197,28.74890982568491,-28.74890982568491,0
198,28.791629598646363,-28.791629598646363,0
199,28.882247835914356,-28.882247835914356,0
200,28.96183600756526,-28.96183600756526,0
201,29.139832088969577,-29.139832088969577,0
202,29.311525219009784,-29.311525219009784,0
203,29.463039012635253,-29.463039012635253,0
204,29.63461443510872,-29.63461443510872,0
205,29.84021486364369,-29.84021486364369,0
206,29.996717668313472,-29.996717668313472,0
207,30.215188385464838,-30.215188385464838,0
208,30.391443835034906,-30.391443835034906,0
209,30.65369592037164,-30.65369592037164,0
210,30.83384855384929,-30.83384855384929,0
211,30.966720699324636,-30.966720699324636,0
212,31.094276431919916,-31.094276431919916,0
213,31.224541952815567,-31.224541952815567,0
214,31.327256206116484,-31.327256206116484,0
215,31.398407141001027,-31.398407141001027,0
216,31.431942755733495,-31.431942755733495,0
217,31.450926911138968,-31.450926911138968,0
218,31.4701778346637,-31.4701778346637,0
219,31.482968378156123,-31.482968378156123,0
220,31.493937870131724,-31.493937870131724,0
221,31.516209691668887,-31.516209691668887,0
222,31.52831488244978,-31.52831488244978,0
223,31.58501115280556,-31.58501115280556,0
224,31.684784153283033,-31.684784153283033,0
225,31.84528673533558,-31.84528673533558,0
226,31.99638173850623,-31.99638173850623,0
227,32.08698908690565,-32.08698908690565,0
228,32.175297895223075,-32.175297895223075,0
229,32.33410902961863,-32.33410902961863,0
230,32.591927558564585,-32.591927558564585,0
231,32.819058638509674,-32.819058638509674,0
232,33.02002621139064,-33.02002621139064,0
233,33.13724403106978,-33.13724403106978,0
234,33.280649654421644,-33.280649654421644,0
235,33.45234423641226,-33.45234423641226,0
236,33.603759389411294,-33.603759389411294,0
237,33.70956450964701,-33.70956450964701,0
238,33.813298626871706,-33.813298626871706,0
239,33.89611450079112,-33.89611450079112,0
240,33.950065284594785,-33.950065284594785,0
241,34.00226027398614,-34.00226027398614,0
242,34.024436107636234,-34.024436107636234,0
243,34.04991438427599,-34.04991438427599,0
244,34.0745199195833,-34.0745199195833,0
245,34.126799345898,-34.126799345898,0
246,34.144250375409875,-34.144250375409875,0
247,34.20143619886947,-34.20143619886947,0
248,34.28131019021536,-34.28131019021536,0
249,34.41819710371444,-34.41819710371444,0
250,34.54163799398036,-34.54163799398036,0
251,34.650461559747335,-34.650461559747335,0
252,34.75834979481395,-34.75834979481395,0
253,34.85267240799161,-34.85267240799161,0
254,35.01076859828069,-35.01076859828069,0
255,35.10195101881488,-35.10195101881488,0
256,35.23016304536122,-35.23016304536122,0
257,35.33300649796238,-35.33300649796238,0
258,35.442037493361184,-35.442037493361184,0
259,35.587106557662686,-35.587106557662686,0
260,35.69802611444077,-35.69802611444077,0
261,35.80428141878132,-35.80428141878132,0
262,35.915084822057345,-35.915084822057345,0
263,35.978917525476376,-35.978917525476376,0
264,36.066870928293234,-36.066870928293234,0
265,36.093525171110024,-36.093525171110024,0
266,36.11105096596017,-36.11105096596017,0
267,36.158279377088625,-36.158279377088625,0
268,36.186270883032456,-36.186270883032456,0
269,36.19841503927006,-36.19841503927006,0
270,36.2356529901712,-36.2356529901712,0
271,36.2941247496742,-36.2941247496742,0
272,36.358336917487925,-36.358336917487925,0
273,36.461771447698986,-36.461771447698986,0
274,36.56669224351776,-36.56669224351776,0
275,36.82141240127197,-36.82141240127197,0
276,37.33536003944758,-37.33536003944758,0
277,37.96727401206494,-37.96727401206494,0
278,38.59201070908978,-38.59201070908978,0
279,39.02313789792622,-39.02313789792622,0
280,39.24780763354284,-39.24780763354284,0
281,39.45067445952392,-39.45067445952392,0
282,39.615226951576005,-39.615226951576005,0
283,39.74833682788332,-39.74833682788332,0
284,39.84580879913254,-39.84580879913254,0
285,39.96041985270057,-39.96041985270057,0
286,40.065070448142535,-40.065070448142535,0
287,40.128528022798086,-40.128528022798086,0
288,40.160551767119344,-40.160551767119344,0
289,40.180729990792756,-40.180729990792756,0
290,40.19782364371676,-40.19782364371676,0
291,40.20893386959495,-40.20893386959495,0
292,40.21574706693531,-40.21574706693531,0
293,40.24328982864013,-40.24328982864013,0
294,40.25708922193088,-40.25708922193088,0
295,40.32722503755003,-40.32722503755003,0
296,40.44130900349218,-40.44130900349218,0
297,40.49823352812173,-40.49823352812173,0
298,40.98172521123469,-40.98172521123469,0
299,41.49167535634039,-41.49167535634039,0
300,41.662693389974855,-41.662693389974855,0
301,41.73247020865482,-41.73247020865482,0
302,41.78113154893112,-41.78113154893112,0
303,41.86532158367447,-41.86532158367447,0
304,41.99196800993636,-41.99196800993636,0
305,42.081439715807186,-42.081439715807186,0
306,42.17266551550196,-42.17266551550196,0
307,42.247367804365496,-42.247367804365496,0
308,42.366288367562156,-42.366288367562156,0
309,42.47534169985741,-42.47534169985741,0
310,42.57259523268369,-42.57259523268369,0
311,42.63762075099639,-42.63762075099639,0
312,42.678279040955225,-42.678279040955225,0
313,42.70307145361351,-42.70307145361351,0
314,42.719931631234914,-42.719931631234914,0
315,42.73488019570681,-42.73488019570681,0
316,42.74382704712608,-42.74382704712608,0
317,42.76029491336457,-42.76029491336457,0
318,42.768316474860804,-42.768316474860804,0
319,42.80741902661002,-42.80741902661002,0
320,42.844894490812436,-42.844894490812436,0
321,42.96411924401577,-42.96411924401577,0
322,43.04274778493231,-43.04274778493231,0
323,43.20333463707432,-43.20333463707432,0
324,43.305025708513384,-43.305025708513384,0
325,43.45187916106711,-43.45187916106711,0
326,43.49597644478814,-43.49597644478814,0
327,44.01220201823099,-44.01220201823099,0
328,44.75848820287063,-44.75848820287063,0
329,45.46906686864846,-45.46906686864846,0
330,45.86775265771539,-45.86775265771539,0
331,46.05010193386008,-46.05010193386008,0
332,46.19556104242885,-46.19556104242885,0
333,46.3153198280844,-46.3153198280844,0
334,46.42325133101138,-46.42325133101138,0
335,46.48357589128516,-46.48357589128516,0
336,46.511404152708444,-46.511404152708444,0
337,46.53188141087293,-46.53188141087293,0
338,46.548498287901126,-46.548498287901126,0
339,46.562676760567356,-46.562676760567356,0
340,46.57012766694971,-46.57012766694971,0
341,46.57955894859771,-46.57955894859771,0
342,46.59017577554553,-46.59017577554553,0
343,46.649820774284436,-46.649820774284436,0
344,46.71388677430747,-46.71388677430747,0
345,46.72614876783052,-46.72614876783052,0
346,46.757597043968616,-46.757597043968616,0
347,46.8220660151745,-46.8220660151745,0
348,46.81995377311596,-46.81995377311596,0
349,46.80708749423359,-46.80708749423359,0
350,46.79531419663404,-46.79531419663404,0
351,46.961105813474965,-46.961105813474965,0
352,47.12918328848393,-47.12918328848393,0
353,47.24190434557094,-47.24190434557094,0
354,47.39966261317482,-47.39966261317482,0
355,47.50872853204356,-47.50872853204356,0
356,47.68334351603604,-47.68334351603604,0
357,47.800817752042235,-47.800817752042235,0
358,47.90866566030479,-47.90866566030479,0
359,47.969704637818054,-47.969704637818054,0
360,48.02812541785138,-48.02812541785138,0
361,48.05677402650333,-48.05677402650333,0
362,48.0751429850543,-48.0751429850543,0
363,48.09134476339661,-48.09134476339661,0
364,48.09598785357038,-48.09598785357038,0
365,48.10765357911954,-48.10765357911954,0
366,48.12174664834147,-48.12174664834147,0
367,48.16908513230778,-48.16908513230778,0
368,48.211279110578666,-48.211279110578666,0
369,48.265911169209126,-48.265911169209126,0
370,48.36364449542468,-48.36364449542468,0
371,48.429156275728616,-48.429156275728616,0
372,48.42645242818512,-48.42645242818512,0
373,48.456968751931974,-48.456968751931974,0
374,48.58056554158243,-48.58056554158243,0
375,48.75231076917613,-48.75231076917613,0
376,48.86728153249435,-48.86728153249435,0
377,49.00006855338073,-49.00006855338073,0
378,49.13110290601145,-49.13110290601145,0
379,49.2544452397467,-49.2544452397467,0
380,49.34273048273486,-49.34273048273486,0
381,49.44097194130973,-49.44097194130973,0
382,49.543916973804095,-49.543916973804095,0
383,49.64656594105928,-49.64656594105928,0
384,49.71908355021949,-49.71908355021949,0
385,49.832045778706046,-49.832045778706046,0
386,49.87000569122949,-49.87000569122949,0
387,49.9055638276408,-49.9055638276408,0
388,49.93572678438181,-49.93572678438181,0
389,49.968943185926086,-49.968943185926086,0
390,50.01126642775608,-50.01126642775608,0
391,50.10252372996658,-50.10252372996658,0
392,50.19999687473002,-50.19999687473002,0
393,50.26609292118462,-50.26609292118462,0
394,50.33322813823711,-50.33322813823711,0
395,50.35792649524717,-50.35792649524717,0
396,50.4387433631137,-50.4387433631137,0
397,50.438628561458856,-50.438628561458856,0
398,50.43516870822132,-50.43516870822132,0
399,50.57112891649005,-50.57112891649005,0
400,50.756016500110135,-50.756016500110135,0
401,50.87732565437842,-50.87732565437842,0
402,50.98743223811175,-50.98743223811175,0
403,51.12379534052586,-51.12379534052586,0
404,51.23454406946995,-51.23454406946995,0
405,51.32169995942071,-51.32169995942071,0
406,51.405999214366965,-51.405999214366965,0
407,51.472580471715325,-51.472580471715325,0
408,51.51175302914135,-51.51175302914135,0
409,51.53226627722122,-51.53226627722122,0
410,51.553566442447774,-51.553566442447774,0
411,51.56566682885528,-51.56566682885528,0
412,51.56807421725584,-51.56807421725584,0
413,51.575554462918916,-51.575554462918916,0
414,51.585187687425126,-51.585187687425126,0
415,51.66316414914174,-51.66316414914174,0
416,51.729328218157924,-51.729328218157924,0
417,51.78963904172974,-51.78963904172974,0
418,51.901141612502045,-51.901141612502045,0
419,52.01986681200673,-52.01986681200673,0
420,52.14768716285068,-52.14768716285068,0
421,52.209211012602296,-52.209211012602296,0
422,52.29593375090769,-52.29593375090769,0
423,52.37249737610496,-52.37249737610496,0
424,52.439705496563555,-52.439705496563555,0
425,52.526016976991954,-52.526016976991954,0
426,52.61098788165308,-52.61098788165308,0
427,52.75054062489397,-52.75054062489397,0
428,52.902568195714785,-52.902568195714785,0
429,53.00942934085725,-53.00942934085725,0
430,53.11085041202969,-53.11085041202969,0
431,53.166023037717125,-53.166023037717125,0
432,53.2039830799148,-53.2039830799148,0
433,53.24510548359772,-53.24510548359772,0
434,53.27186997890431,-53.27186997890431,0
435,53.308397444568,-53.308397444568,0
436,53.32739521506149,-53.32739521506149,0
437,53.35919566971214,-53.35919566971214,0
438,53.381856939586285,-53.381856939586285,0
439,53.44303979558353,-53.44303979558353,0
440,53.51102627568884,-53.51102627568884,0
441,53.56921414025822,-53.56921414025822,0
442,53.56792309855886,-53.56792309855886,0
443,53.63633766819774,-53.63633766819774,0
444,53.722466127137345,-53.722466127137345,0
445,53.817780416651594,-53.817780416651594,0
446,53.98518744034763,-53.98518744034763,0
447,54.08534590533536,-54.08534590533536,0
448,54.667751058199826,-54.667751058199826,0
449,55.36712834307122,-55.36712834307122,0
450,56.06134603307049,-56.06134603307049,0
451,56.82687712855171,-56.82687712855171,0
452,57.53308528331772,-57.53308528331772,0
453,57.98714700231907,-57.98714700231907,0
454,58.21647870018626,-58.21647870018626,0
455,58.32230687716558,-58.32230687716558,0
456,58.37521505045466,-58.37521505045466,0
457,58.40580352935904,-58.40580352935904,0
458,58.428002597036766,-58.428002597036766,0
459,58.44884908281347,-58.44884908281347,0
460,58.455002174706344,-58.455002174706344,0
461,58.46680242269536,-58.46680242269536,0
462,58.49573641817148,-58.49573641817148,0
463,58.57649877625615,-58.57649877625615,0
464,58.64189343701319,-58.64189343701319,0
465,58.77629487267122,-58.77629487267122,0
466,58.909824537880226,-58.909824537880226,0
467,59.022166821766604,-59.022166821766604,0
468,59.09546912632431,-59.09546912632431,0
469,59.220274333177166,-59.220274333177166,0
470,59.30748352175053,-59.30748352175053,0
471,59.4574206643853,-59.4574206643853,0
472,59.57889765045837,-59.57889765045837,0
473,59.65125788025645,-59.65125788025645,0
474,59.76014035311401,-59.76014035311401,0
475,59.85367305318664,-59.85367305318664,0
476,59.965020861325804,-59.965020861325804,0
477,60.14397397903749,-60.14397397903749,0
478,60.25290532714717,-60.25290532714717,0
479,60.332782424780724,-60.332782424780724,0
480,60.37697198691547,-60.37697198691547,0
481,60.411558071355174,-60.411558071355174,0
482,60.43230957739819,-60.43230957739819,0
483,60.472821715481885,-60.472821715481885,0
484,60.508354813269236,-60.508354813269236,0
485,60.537726603988446,-60.537726603988446,0
486,60.54649996737215,-60.54649996737215,0
487,60.599097298265825,-60.599097298265825,0
488,60.83101180102017,-60.83101180102017,0
489,60.96089412194265,-60.96089412194265,0
490,61.10009393463853,-61.10009393463853,0
491,61.18805879340486,-61.18805879340486,0
492,61.79370322720881,-61.79370322720881,0
493,62.457251533412055,-62.457251533412055,0
494,62.821505188071235,-62.821505188071235,0
495,63.07627748433221,-63.07627748433221,0
496,63.32348434013758,-63.32348434013758,0
497,63.594018551981904,-63.594018551981904,0
498,63.76094115367828,-63.76094115367828,0
499,63.9559453764619,-63.9559453764619,0
500,64.12508991072734,-64.12508991072734,0
501,64.32445860170769,-64.32445860170769,0
502,64.5040926803657,-64.5040926803657,0
503,64.57976330829905,-64.57976330829905,0
504,64.65415304790534,-64.65415304790534,0
505,64.68149928292485,-64.68149928292485,0
506,64.70422865442416,-64.70422865442416,0
507,64.72809364373217,-64.72809364373217,0
508,64.73740324948544,-64.73740324948544,0
509,64.74348071720249,-64.74348071720249,0
510,64.76615272051517,-64.76615272051517,0
511,64.85073506852578,-64.85073506852578,0
512,64.91544181115788,-64.91544181115788,0
513,64.95944296743158,-64.95944296743158,0
514,65.05575274010262,-65.05575274010262,0
515,65.19061367383422,-65.19061367383422,0
516,65.29141433572383,-65.29141433572383,0
517,65.90914681064272,-65.90914681064272,0
518,66.67737460897905,-66.67737460897905,0
519,67.28515712945803,-67.28515712945803,0
520,67.57609497567435,-67.57609497567435,0
521,67.80250379467202,-67.80250379467202,0
522,68.0315020427933,-68.0315020427933,0
523,68.18364682510186,-68.18364682510186,0
524,68.3102815148038,-68.3102815148038,0
525,68.43969590888113,-68.43969590888113,0
526,68.53801195584045,-68.53801195584045,0
527,68.6110267794784,-68.6110267794784,0
528,68.68369757769511,-68.68369757769511,0
529,68.73494712066487,-68.73494712066487,0
530,68.79004160526762,-68.79004160526762,0
531,68.84263596231897,-68.84263596231897,0
532,68.8586275437478,-68.8586275437478,0
533,68.89357339354119,-68.89357339354119,0
534,68.93857043932975,-68.93857043932975,0
535,69.00636094381676,-69.00636094381676,0
536,69.1293432862542,-69.1293432862542,0
537,69.17608489895305,-69.17608489895305,0
538,69.26647444382654,-69.26647444382654,0
539,69.78011460383748,-69.78011460383748,0
540,70.22675200596285,-70.22675200596285,0
541,70.44132755370373,-70.44132755370373,0
542,70.62457247796951,-70.62457247796951,0
543,70.79656096358444,-70.79656096358444,0
544,70.96713388911236,-70.96713388911236,0
545,71.1601086651881,-71.1601086651881,0
546,71.34081841861611,-71.34081841861611,0
547,71.50816726199011,-71.50816726199011,0
548,71.65828609047367,-71.65828609047367,0
549,71.7817215651813,-71.7817215651813,0
550,71.88898586543989,-71.88898586543989,0
551,71.94799383664984,-71.94799383664984,0
552,72.01193301229472,-72.01193301229472,0
553,72.04908975302104,-72.04908975302104,0
554,72.08447584561709,-72.08447584561709,0
555,72.10887529921574,-72.10887529921574,0
556,72.13697622438812,-72.13697622438812,0
557,72.19550275570776,-72.19550275570776,0
558,72.2721454256862,-72.2721454256862,0
559,72.37098133087945,-72.37098133087945,0
560,72.39766157122398,-72.39766157122398,0
561,72.39554006705656,-72.39554006705656,0
562,72.44299955826725,-72.44299955826725,0
563,72.58956589722943,-72.58956589722943,0
564,72.67754553325223,-72.67754553325223,0
565,72.71475363518697,-72.71475363518697,0
566,72.74578208386824,-72.74578208386824,0
567,72.8124015488851,-72.8124015488851,0
568,72.96095286750317,-72.96095286750317,0
569,73.13792945462315,-73.13792945462315,0
570,73.29242602407894,-73.29242602407894,0
571,73.44680866469781,-73.44680866469781,0
572,73.55278309065775,-73.55278309065775,0
573,73.65498932219963,-73.65498932219963,0
574,73.74395332884704,-73.74395332884704,0
575,73.80341982275654,-73.80341982275654,0
576,73.84439379680475,-73.84439379680475,0
577,73.86706320072282,-73.86706320072282,0
578,73.88237936727403,-73.88237936727403,0
579,73.89362470839069,-73.89362470839069,0
580,73.8954928133461,-73.8954928133461,0
581,73.9184195931069,-73.9184195931069,0
582,73.946475820077,-73.946475820077,0
583,74.0263751107865,-74.0263751107865,0
584,74.0684668875586,-74.0684668875586,0
585,74.07920003695845,-74.07920003695845,0
586,74.1485853747609,-74.1485853747609,0
587,74.22350180554025,-74.22350180554025,0
588,74.606164362427,-74.606164362427,0
589,74.72502219148072,-74.72502219148072,0
590,74.75750868598763,-74.75750868598763,0
591,75.23759566308273,-75.23759566308273,0
592,75.37640209045288,-75.37640209045288,0
593,75.56887187869565,-75.56887187869565,0
594,75.72686912699173,-75.72686912699173,0
595,75.84469028238917,-75.84469028238917,0
596,75.97524403988902,-75.97524403988902,0
597,76.09018350098049,-76.09018350098049,0
598,76.19183651352323,-76.19183651352323,0
599,76.33298561604911,-76.33298561604911,0
600,76.37372549425959,-76.37372549425959,0
601,76.40105581909496,-76.40105581909496,0
602,76.42288471564659,-76.42288471564659,0
603,76.4373863983242,-76.4373863983242,0
604,76.45537891343302,-76.45537891343302,0
605,76.47283050369457,-76.47283050369457,0
606,76.50487234943353,-76.50487234943353,0
607,76.57404741498321,-76.57404741498321,0
608,76.70414666773587,-76.70414666773587,0
609,76.77016145123383,-76.77016145123383,0
610,77.15880057245172,-77.15880057245172,0
611,77.69463669288042,-77.69463669288042,0
612,77.92948705135376,-77.92948705135376,0
613,78.15272329073935,-78.15272329073935,0
614,78.30693300550223,-78.30693300550223,0
615,78.5103612473748,-78.5103612473748,0
616,78.7354014413946,-78.7354014413946,0
617,78.95685048981852,-78.95685048981852,0
618,79.23186465483377,-79.23186465483377,0
619,79.41566141164265,-79.41566141164265,0
620,79.59538718350618,-79.59538718350618,0
621,79.75200293729456,-79.75200293729456,0
622,79.94036288785435,-79.94036288785435,0
623,80.06605930207164,-80.06605930207164,0
624,80.14710597589398,-80.14710597589398,0
625,80.20466271810969,-80.20466271810969,0
626,80.25938514945156,-80.25938514945156,0
627,80.33839672073844,-80.33839672073844,0
628,80.38466452375188,-80.38466452375188,0
629,80.47778504464874,-80.47778504464874,0
630,80.54700249068688,-80.54700249068688,0
631,80.6607356045162,-80.6607356045162,0
632,80.84162321393795,-80.84162321393795,0
633,80.9483534273722,-80.9483534273722,0
634,81.05411508344719,-81.05411508344719,0
635,81.17041583896517,-81.17041583896517,0
636,81.6778131112321,-81.6778131112321,0
637,82.15385073287095,-82.15385073287095,0
638,82.34303914115023,-82.34303914115023,0
639,82.51962711978801,-82.51962711978801,0
640,82.64545532805909,-82.64545532805909,0
641,82.78472004939675,-82.78472004939675,0
642,82.94454248141226,-82.94454248141226,0
643,83.09188491790232,-83.09188491790232,0
644,83.30630426982343,-83.30630426982343,0
645,83.48522694215879,-83.48522694215879,0
646,83.59749336557955,-83.59749336557955,0
647,83.66553551962838,-83.66553551962838,0
648,83.71235611473524,-83.71235611473524,0
649,83.75161497431272,-83.75161497431272,0
650,83.77113946580926,-83.77113946580926,0
651,83.78870004843783,-83.78870004843783,0
652,83.79347390672008,-83.79347390672008,0
653,83.80181123388655,-83.80181123388655,0
654,83.8547324078145,-83.8547324078145,0
655,83.94478361407927,-83.94478361407927,0
656,84.09472133090485,-84.09472133090485,0
657,84.12906792039132,-84.12906792039132,0
658,84.20694845687129,-84.20694845687129,0
659,84.32640600907366,-84.32640600907366,0
660,84.40225190221507,-84.40225190221507,0
661,84.54178512858529,-84.54178512858529,0
662,84.78133024641097,-84.78133024641097,0
663,85.36243846586898,-85.36243846586898,0
664,85.6235241991891,-85.6235241991891,0
665,85.83563138037722,-85.83563138037722,0
666,85.96352669071452,-85.96352669071452,0
667,86.12912647440294,-86.12912647440294,0
668,86.27507909441343,-86.27507909441343,0
669,86.39671425004633,-86.39671425004633,0
670,86.51330377539665,-86.51330377539665,0
671,86.5940479018067,-86.5940479018067,0
672,86.65483251170178,-86.65483251170178,0
673,86.68857336413866,-86.68857336413866,0
674,86.70937912044131,-86.70937912044131,0
675,86.72375424343386,-86.72375424343386,0
676,86.73291838134794,-86.73291838134794,0
677,86.7381494421616,-86.7381494421616,0
678,86.76275894021823,-86.76275894021823,0
679,86.82746579207503,-86.82746579207503,0
680,86.86887751109344,-86.86887751109344,0
681,86.96343752052076,-86.96343752052076,0
682,86.96568353227815,-86.96568353227815,0
683,86.95856705298003,-86.95856705298003,0
684,86.94992148317962,-86.94992148317962,0
685,86.9472488838529,-86.9472488838529,0
686,86.97597471547058,-86.97597471547058,0
687,87.12879185977832,-87.12879185977832,0
688,87.26935067278727,-87.26935067278727,0
689,87.45447513684925,-87.45447513684925,0
690,87.56146663465861,-87.56146663465861,0
691,87.68974888475063,-87.68974888475063,0
692,87.79953295276154,-87.79953295276154,0
693,87.89565378484676,-87.89565378484676,0
694,87.98259284091363,-87.98259284091363,0
695,88.04283139977778,-88.04283139977778,0
696,88.08224373777415,-88.08224373777415,0
697,88.12186921159818,-88.12186921159818,0
698,88.14818893251247,-88.14818893251247,0
699,88.1736748739155,-88.1736748739155,0
700,88.1884567218953,-88.1884567218953,0
701,88.20644592584291,-88.20644592584291,0
702,88.22028166889301,-88.22028166889301,0
703,88.27814651687613,-88.27814651687613,0
704,88.34096500405715,-88.34096500405715,0
705,88.37710879750063,-88.37710879750063,0
706,88.69640369976025,-88.69640369976025,0
707,89.17001115657892,-89.17001115657892,0
708,89.797890252224,-89.797890252224,0
709,90.50229480574352,-90.50229480574352,0
710,91.18845141317406,-91.18845141317406,0
711,91.9343386826197,-91.9343386826197,0
712,92.39981208703003,-92.39981208703003,0
713,92.57140821977399,-92.57140821977399,0
714,92.73629110557636,-92.73629110557636,0
715,92.89811533441386,-92.89811533441386,0
716,93.00325161476047,-93.00325161476047,0
717,93.146861720985,-93.146861720985,0
718,93.26162134036926,-93.26162134036926,0
719,93.3997503050186,-93.3997503050186,0
720,93.46792737676566,-93.46792737676566,0
721,93.5214165605681,-93.5214165605681,0
722,93.55228661703872,-93.55228661703872,0
723,93.57210207042209,-93.57210207042209,0
724,93.58684587834496,-93.58684587834496,0
725,93.6225872164797,-93.6225872164797,0
726,93.67845380433286,-93.67845380433286,0
727,93.75116188356087,-93.75116188356087,0
728,93.92254616657924,-93.92254616657924,0
729,94.00149254200326,-94.00149254200326,0
730,94.01119476692247,-94.01119476692247,0
731,94.02968433871972,-94.02968433871972,0
732,94.05042132623366,-94.05042132623366,0
733,94.12483720786787,-94.12483720786787,0
734,94.31061102194177,-94.31061102194177,0
735,94.4374502740665,-94.4374502740665,0
736,94.56052396573475,-94.56052396573475,0
737,94.68766221946268,-94.68766221946268,0
738,94.83253104688959,-94.83253104688959,0
739,94.99466926624235,-94.99466926624235,0
740,95.11122971088713,-95.11122971088713,0
741,95.21046601183575,-95.21046601183575,0
742,95.30058141554643,-95.30058141554643,0
743,95.3609427256478,-95.3609427256478,0
744,95.40197058467653,-95.40197058467653,0
745,95.43637527851025,-95.43637527851025,0
746,95.46703636515379,-95.46703636515379,0
747,95.49402259179942,-95.49402259179942,0
748,95.51308759609667,-95.51308759609667,0
749,95.53212573905738,-95.53212573905738,0
750,95.54761203133671,-95.54761203133671,0
751,95.62649576520492,-95.62649576520492,0
752,95.7872582799748,-95.7872582799748,0
753,95.89050274403368,-95.89050274403368,0
754,95.98146828466982,-95.98146828466982,0
755,96.00659216084169,-96.00659216084169,0
756,96.04438482532682,-96.04438482532682,0
757,96.09313502228302,-96.09313502228302,0
758,96.11967154182703,-96.11967154182703,0
759,96.21380243055137,-96.21380243055137,0
760,96.3367002250007,-96.3367002250007,0
761,96.4938478777691,-96.4938478777691,0
762,96.63007677488217,-96.63007677488217,0
763,96.74242299886551,-96.74242299886551,0
764,96.92664933624975,-96.92664933624975,0
765,97.05265254401796,-97.05265254401796,0
766,97.19030271116856,-97.19030271116856,0
767,97.30473371344078,-97.30473371344078,0
768,97.37400565001799,-97.37400565001799,0
769,97.42508675958427,-97.42508675958427,0
770,97.46511089239499,-97.46511089239499,0
771,97.5210986009631,-97.5210986009631,0
772,97.55576028522357,-97.55576028522357,0
773,97.57354917440712,-97.57354917440712,0
774,97.59295453537543,-97.59295453537543,0
775,97.65798134864693,-97.65798134864693,0
776,97.85257046812599,-97.85257046812599,0
777,97.97262760900293,-97.97262760900293,0
778,98.09184746485018,-98.09184746485018,0
779,98.17194950303809,-98.17194950303809,0
780,98.23073144370788,-98.23073144370788,0
781,98.2664303039297,-98.2664303039297,0
782,98.30268530049071,-98.30268530049071,0
783,98.4110653647362,-98.4110653647362,0
784,98.59013178682437,-98.59013178682437,0
785,98.77967526994341,-98.77967526994341,0
786,98.90421358441537,-98.90421358441537,0
787,99.03602100322615,-99.03602100322615,0
788,99.1426037291028,-99.1426037291028,0
789,99.23083768420582,-99.23083768420582,0
790,99.31687984274517,-99.31687984274517,0
791,99.37718914694211,-99.37718914694211,0
792,99.40182598676527,-99.40182598676527,0
793,99.42450342396177,-99.42450342396177,0
794,99.45070030199405,-99.45070030199405,0
795,99.47335931164433,-99.47335931164433,0
796,99.5015511123559,-99.5015511123559,0
797,99.524511873155,-99.524511873155,0
798,99.57396110964274,-99.57396110964274,0
799,99.65180499069433,-99.65180499069433,0
800,99.72819852979444,-99.72819852979444,0
801,99.78122920555799,-99.78122920555799,0
802,99.83637311726964,-99.83637311726964,0
803,99.86520628843743,-99.86520628843743,0
804,99.85590564071661,-99.85590564071661,0
805,99.84604723394277,-99.84604723394277,0
806,99.84210729889267,-99.84210729889267,0
807,99.9659392402957,-99.9659392402957,0
808,100.03771706705648,-100.03771706705648,0
809,100.11651095699335,-100.11651095699335,0
810,100.1879817944642,-100.1879817944642,0
811,100.23962477175903,-100.23962477175903,0
812,100.30346902169833,-100.30346902169833,0
813,100.45265022764343,-100.45265022764343,0
814,100.59026551595561,-100.59026551595561,0
815,100.68232383814387,-100.68232383814387,0
816,100.7217644233992,-100.7217644233992,0
817,100.74546017444793,-100.74546017444793,0
818,100.79040827590141,-100.79040827590141,0
819,100.80416636107803,-100.80416636107803,0
820,100.84536092910257,-100.84536092910257,0
821,100.90515965732914,-100.90515965732914,0
822,100.94635019742849,-100.94635019742849,0
823,101.045900006528,-101.045900006528,0
824,101.13278970474201,-101.13278970474201,0
825,101.35240187256527,-101.35240187256527,0
826,101.38945048234139,-101.38945048234139,0
827,101.38244230001062,-101.38244230001062,0
828,101.40504636080327,-101.40504636080327,0
829,101.39876923471685,-101.39876923471685,0
830,101.43767233298412,-101.43767233298412,0
831,101.56876500528888,-101.56876500528888,0
832,101.73702767608101,-101.73702767608101,0
833,101.89327630000425,-101.89327630000425,0
834,102.0313648106577,-102.0313648106577,0
835,102.16906715959072,-102.16906715959072,0
836,102.27576169588613,-102.27576169588613,0
837,102.38210385683252,-102.38210385683252,0
838,102.49060708037773,-102.49060708037773,0
839,102.56788832690907,-102.56788832690907,0
840,102.62876972585562,-102.62876972585562,0
841,102.65612722616201,-102.65612722616201,0
842,102.6765566718806,-102.6765566718806,0
843,102.69152490648791,-102.69152490648791,0
844,102.70180187162322,-102.70180187162322,0
845,102.71035334909853,-102.71035334909853,0
846,102.73860769956873,-102.73860769956873,0
847,102.81064689444977,-102.81064689444977,0
848,102.86795609308666,-102.86795609308666,0
849,102.94176002978669,-102.94176002978669,0
850,103.02224780960124,-103.02224780960124,0
851,103.0791852723726,-103.0791852723726,0
852,103.06902648244748,-103.06902648244748,0
853,103.47752577171053,-103.47752577171053,0
854,104.10256203784544,-104.10256203784544,0
855,104.72640341637425,-104.72640341637425,0
856,104.96165899334939,-104.96165899334939,0
857,105.1950735951067,-105.1950735951067,0
858,105.39431005145846,-105.39431005145846,0
859,105.57829456064145,-105.57829456064145,0
860,105.68647605083919,-105.68647605083919,0
861,105.7884714130225,-105.7884714130225,0
862,105.86312230909233,-105.86312230909233,0
863,105.9077472438579,-105.9077472438579,0
864,105.94039276326036,-105.94039276326036,0
865,105.96908110820527,-105.96908110820527,0
866,105.9859211323389,-105.9859211323389,0
867,105.99789614142568,-105.99789614142568,0
868,106.00488907795072,-106.00488907795072,0
869,106.01678309463517,-106.01678309463517,0
870,106.02571436068072,-106.02571436068072,0
871,106.08760040526566,-106.08760040526566,0
872,106.16886557230863,-106.16886557230863,0
873,106.31274720086692,-106.31274720086692,0
874,106.37749335975775,-106.37749335975775,0
875,106.40418624204699,-106.40418624204699,0
876,106.4380666871157,-106.4380666871157,0
877,106.48296385122747,-106.48296385122747,0
878,106.56334046117928,-106.56334046117928,0
879,106.67405395518087,-106.67405395518087,0
880,106.80839493518013,-106.80839493518013,0
881,106.96785778158443,-106.96785778158443,0
882,107.0781730451071,-107.0781730451071,0
883,107.18942922238533,-107.18942922238533,0
884,107.27999773697344,-107.27999773697344,0
885,107.45430458554357,-107.45430458554357,0
886,107.55311592403886,-107.55311592403886,0
887,107.62187510986188,-107.62187510986188,0
888,107.65172909296615,-107.65172909296615,0
889,107.67273141725423,-107.67273141725423,0
890,107.69140945155544,-107.69140945155544,0
891,107.72071275720836,-107.72071275720836,0
892,107.73416633521849,-107.73416633521849,0
893,107.7446655513618,-107.7446655513618,0
894,107.76680832457734,-107.76680832457734,0
895,107.8350497923118,-107.8350497923118,0
896,107.98920799371584,-107.98920799371584,0
897,108.1068542914848,-108.1068542914848,0
898,108.18160750396405,-108.18160750396405,0
899,108.18814903075447,-108.18814903075447,0
900,108.18432003066111,-108.18432003066111,0
901,108.19156760477593,-108.19156760477593,0
902,108.1863766191794,-108.1863766191794,0
903,108.20877209294179,-108.20877209294179,0
904,108.30322052632614,-108.30322052632614,0
905,108.51178200926006,-108.51178200926006,0
906,108.72554015621137,-108.72554015621137,0
907,108.8535216222214,-108.8535216222214,0
908,108.9875993182097,-108.9875993182097,0
909,109.10979058604433,-109.10979058604433,0
910,109.22209019657166,-109.22209019657166,0
911,109.3200638398218,-109.3200638398218,0
912,109.37644220412164,-109.37644220412164,0
913,109.41811373231475,-109.41811373231475,0
914,109.45489773569946,-109.45489773569946,0
915,109.49867919528948,-109.49867919528948,0
916,109.52976633343995,-109.52976633343995,0
917,109.56215364127355,-109.56215364127355,0
918,109.60013557967412,-109.60013557967412,0
919,109.66027978932057,-109.66027978932057,0
920,109.77824737001546,-109.77824737001546,0
921,109.97017800016552,-109.97017800016552,0
922,110.20886327381997,-110.20886327381997,0
923,110.78983126608199,-110.78983126608199,0
924,111.28877251603089,-111.28877251603089,0
925,111.47987559494399,-111.47987559494399,0
926,111.54837830902564,-111.54837830902564,0
927,111.70860529826312,-111.70860529826312,0
928,111.80402045655796,-111.80402045655796,0
929,111.99798426793551,-111.99798426793551,0
930,112.13142141201965,-112.13142141201965,0
931,112.29224703678466,-112.29224703678466,0
932,112.39934038250317,-112.39934038250317,0
933,112.50684596786782,-112.50684596786782,0
934,112.59059792829119,-112.59059792829119,0
935,112.65323336105466,-112.65323336105466,0
936,112.69936622762516,-112.69936622762516,0
937,112.7323058588947,-112.7323058588947,0
938,112.75551606396631,-112.75551606396631,0
939,112.78147805888497,-112.78147805888497,0
940,112.84524962221407,-112.84524962221407,0
941,112.8870821981706,-112.8870821981706,0
942,112.93030953911325,-112.93030953911325,0
943,112.9977954247987,-112.9977954247987,0
944,113.04151514476038,-113.04151514476038,0
945,113.03569350462409,-113.03569350462409,0
946,113.19511383549107,-113.19511383549107,0
947,113.3305874976473,-113.3305874976473,0
948,113.48560529553671,-113.48560529553671,0
949,113.55836953805004,-113.55836953805004,0
950,113.56853337594157,-113.56853337594157,0
951,113.67167134722808,-113.67167134722808,0
952,113.83874355825446,-113.83874355825446,0
953,114.00933642688105,-114.00933642688105,0
954,114.15225333170632,-114.15225333170632,0
955,114.29587089108219,-114.29587089108219,0
956,114.44283823436007,-114.44283823436007,0
957,114.56947064694684,-114.56947064694684,0
958,114.7003013160313,-114.7003013160313,0
959,114.8070912879963,-114.8070912879963,0
960,114.85652421804025,-114.85652421804025,0
961,114.88017858452234,-114.88017858452234,0
962,114.90172104516056,-114.90172104516056,0
963,114.91578641308409,-114.91578641308409,0
964,114.92107011723229,-114.92107011723229,0
965,114.94071140186914,-114.94071140186914,0
966,114.96774885558709,-114.96774885558709,0
967,115.02927929781661,-115.02927929781661,0
968,115.067271394743,-115.067271394743,0
969,115.11796472423458,-115.11796472423458,0
970,115.2825274560546,-115.2825274560546,0
971,115.32865176243092,-115.32865176243092,0
972,115.38602126032843,-115.38602126032843,0
973,115.41660676991212,-115.41660676991212,0
974,115.42274978780057,-115.42274978780057,0
975,115.45711285540011,-115.45711285540011,0
976,115.50743859179902,-115.50743859179902,0
977,115.60900678781566,-115.60900678781566,0
978,115.69597846160445,-115.69597846160445,0
979,115.80026842697477,-115.80026842697477,0
980,115.91846307630685,-115.91846307630685,0
981,116.0141478458774,-116.0141478458774,0
982,116.20230213714446,-116.20230213714446,0
983,116.3068889475213,-116.3068889475213,0
984,116.43995567215347,-116.43995567215347,0
985,116.53605599994297,-116.53605599994297,0
986,116.58163627797386,-116.58163627797386,0
987,116.6130679954194,-116.6130679954194,0
988,116.6561377550546,-116.6561377550546,0
989,116.6850178245542,-116.6850178245542,0
990,116.725902320814,-116.725902320814,0
991,116.81742996685693,-116.81742996685693,0
992,116.97213058586505,-116.97213058586505,0
993,117.09671313245428,-117.09671313245428,0
994,117.2558823064906,-117.2558823064906,0
995,117.49632378785854,-117.49632378785854,0
996,118.22817606372041,-118.22817606372041,0
997,118.94427193204167,-118.94427193204167,0
998,119.42520288390874,-119.42520288390874,0
999,119.76714279924192,-119.76714279924192,0
1000,119.9659789389245,-119.9659789389245,0
1001,120.1009940969935,-120.1009940969935,0
1002,120.27627451451451,-120.27627451451451,0
1003,120.44952059254977,-120.44952059254977,0
1004,120.58651012365772,-120.58651012365772,0
1005,120.75618722970455,-120.75618722970455,0
1006,120.86636486844942,-120.86636486844942,0
1007,120.93181134686442,-120.93181134686442,0
1008,120.97859817236386,-120.97859817236386,0
1009,121.00106749690065,-121.00106749690065,0
1010,121.03034204649539,-121.03034204649539,0
1011,121.06486181772867,-121.06486181772867,0
1012,121.08060200632062,-121.08060200632062,0
1013,121.10888603015384,-121.10888603015384,0
1014,121.15997572521445,-121.15997572521445,0
1015,121.24032867055911,-121.24032867055911,0
1016,121.35593981521775,-121.35593981521775,0
1017,121.44299673835435,-121.44299673835435,0
1018,121.52740598776893,-121.52740598776893,0
1019,121.62873883705748,-121.62873883705748,0
1020,121.70733555008472,-121.70733555008472,0
1021,121.80452825112381,-121.80452825112381,0
1022,121.88604354056966,-121.88604354056966,0
1023,121.96338803245023,-121.96338803245023,0
1024,122.06041823888395,-122.06041823888395,0
1025,122.17981966576535,-122.17981966576535,0
1026,122.33750707086224,-122.33750707086224,0
1027,122.47439049377184,-122.47439049377184,0
1028,122.60588687703184,-122.60588687703184,0
1029,122.69417891079603,-122.69417891079603,0
1030,122.76570055243538,-122.76570055243538,0
1031,122.81294536006419,-122.81294536006419,0
1032,122.83933318817938,-122.83933318817938,0
1033,122.86556432097053,-122.86556432097053,0
1034,122.89341866014215,-122.89341866014215,0
1035,122.90948020906067,-122.90948020906067,0
1036,122.9414355539895,-122.9414355539895,0
1037,122.95851187458089,-122.95851187458089,0
1038,122.96744559867332,-122.96744559867332,0
1039,123.02872657954786,-123.02872657954786,0
1040,123.109392931593,-123.109392931593,0
1041,123.27774625992596,-123.27774625992596,0
1042,123.43139975304945,-123.43139975304945,0
1043,123.59712971351473,-123.59712971351473,0
1044,123.71547850035401,-123.71547850035401,0
1045,123.79509620723883,-123.79509620723883,0
1046,123.88751606858771,-123.88751606858771,0
1047,124.00946309164631,-124.00946309164631,0
1048,124.14178572612336,-124.14178572612336,0
1049,124.26089979608868,-124.26089979608868,0
1050,124.36024383068172,-124.36024383068172,0
1051,124.49343104498294,-124.49343104498294,0
1052,124.64323946977966,-124.64323946977966,0
1053,124.72323123831238,-124.72323123831238,0
1054,124.85909678843028,-124.85909678843028,0
1055,124.94411159218299,-124.94411159218299,0
1056,124.99353394502853,-124.99353394502853,0
1057,125.01900321386081,-125.01900321386081,0
1058,125.05100938902605,-125.05100938902605,0
1059,125.08883719525726,-125.08883719525726,0
1060,125.12167943353323,-125.12167943353323,0
1061,125.16643513713268,-125.16643513713268,0
1062,125.19357208518629,-125.19357208518629,0
1063,125.36201755581301,-125.36201755581301,0
1064,126.08287871337984,-126.08287871337984,0
1065,126.73514191156086,-126.73514191156086,0
1066,127.49081146090089,-127.49081146090089,0
1067,128.1481062341086,-128.1481062341086,0
1068,128.53720345999358,-128.53720345999358,0
1069,128.6738449662531,-128.6738449662531,0
1070,128.76418796900757,-128.76418796900757,0
1071,128.88585998405262,-128.88585998405262,0
1072,129.01201834765246,-129.01201834765246,0
1073,129.15051309313378,-129.15051309313378,0
1074,129.29093485941863,-129.29093485941863,0
1075,129.3870388488146,-129.3870388488146,0
1076,129.49059093171218,-129.49059093171218,0
1077,129.60056326313548,-129.60056326313548,0
1078,129.70968948718024,-129.70968948718024,0
1079,129.7973547831518,-129.7973547831518,0
1080,129.84722290972914,-129.84722290972914,0
1081,129.88818285689493,-129.88818285689493,0
1082,129.93153039409387,-129.93153039409387,0
1083,129.98719338325444,-129.98719338325444,0
1084,130.0347397204915,-130.0347397204915,0
1085,130.0489194256489,-130.0489194256489,0
1086,130.07238798447375,-130.07238798447375,0
1087,130.25782128490928,-130.25782128490928,0
1088,130.36137016088176,-130.36137016088176,0
1089,130.5151058357386,-130.5151058357386,0
1090,130.59286029418575,-130.59286029418575,0
1091,130.73864988791686,-130.73864988791686,0
1092,130.847838233375,-130.847838233375,0
1093,130.953827192812,-130.953827192812,0
1094,131.06603416301155,-131.06603416301155,0
1095,131.1736315309353,-131.1736315309353,0
1096,131.30829793500496,-131.30829793500496,0
1097,131.37851372815686,-131.37851372815686,0
1098,131.53747374056874,-131.53747374056874,0
1099,131.6348167948312,-131.6348167948312,0
1100,131.75347629455499,-131.75347629455499,0
1101,131.86269644941726,-131.86269644941726,0
1102,131.98479557607007,-131.98479557607007,0
1103,132.04913827327442,-132.04913827327442,0
1104,132.09678000149736,-132.09678000149736,0
1105,132.13707384151888,-132.13707384151888,0
1106,132.17286923053075,-132.17286923053075,0
1107,132.21291021286603,-132.21291021286603,0
1108,132.24552744626857,-132.24552744626857,0
1109,132.28524525405697,-132.28524525405697,0
1110,132.33121298966557,-132.33121298966557,0
1111,132.4104815001382,-132.4104815001382,0
1112,132.52010469056432,-132.52010469056432,0
1113,132.5991982220378,-132.5991982220378,0
1114,132.78789114911964,-132.78789114911964,0
1115,132.92834158026525,-132.92834158026525,0
1116,132.99934272395677,-132.99934272395677,0
1117,133.05796109587618,-133.05796109587618,0
1118,133.09057633912124,-133.09057633912124,0
1119,133.13558145885898,-133.13558145885898,0
1120,133.22753151619165,-133.22753151619165,0
1121,133.3597507306705,-133.3597507306705,0
1122,133.4591270603593,-133.4591270603593,0
1123,133.58743308747933,-133.58743308747933,0
1124,133.73081122581615,-133.73081122581615,0
1125,133.83080870299415,-133.83080870299415,0
1126,133.91909297248915,-133.91909297248915,0
1127,133.9713242445296,-133.9713242445296,0
1128,134.00851426126226,-134.00851426126226,0
1129,134.02982129542804,-134.02982129542804,0
1130,134.04674531479017,-134.04674531479017,0
1131,134.08297328184727,-134.08297328184727,0
1132,134.09840644177342,-134.09840644177342,0
1133,134.11190846988484,-134.11190846988484,0
1134,134.1384478781124,-134.1384478781124,0
1135,134.19340659818994,-134.19340659818994,0
1136,134.28081187215057,-134.28081187215057,0
1137,134.36935901154192,-134.36935901154192,0
1138,134.47192229374932,-134.47192229374932,0
1139,134.58822874302874,-134.58822874302874,0
1140,135.15043656961896,-135.15043656961896,0
1141,135.9536169227076,-135.9536169227076,0
1142,136.66652310557785,-136.66652310557785,0
1143,137.14085662436398,-137.14085662436398,0
1144,137.38555989978224,-137.38555989978224,0
1145,137.50838517220242,-137.50838517220242,0
1146,137.63202488724826,-137.63202488724826,0
1147,137.7101055702564,-137.7101055702564,0
1148,137.82396970280547,-137.82396970280547,0
1149,138.004845295784,-138.004845295784,0
1150,138.1204977779859,-138.1204977779859,0
1151,138.18996806103277,-138.18996806103277,0
1152,138.2293272615071,-138.2293272615071,0
1153,138.26494196975108,-138.26494196975108,0
1154,138.2925418472721,-138.2925418472721,0
1155,138.31233946249392,-138.31233946249392,0
1156,138.33604585389944,-138.33604585389944,0
1157,138.36291952347574,-138.36291952347574,0
1158,138.39465557756822,-138.39465557756822,0
1159,138.49244713988114,-138.49244713988114,0
1160,138.6379241609762,-138.6379241609762,0
1161,138.84018042084466,-138.84018042084466,0
1162,138.87067355315236,-138.87067355315236,0
1163,138.86595287844196,-138.86595287844196,0
1164,138.86115973796714,-138.86115973796714,0
1165,138.86995373236542,-138.86995373236542,0
1166,138.91260491454952,-138.91260491454952,0
1167,139.01514470812452,-139.01514470812452,0
1168,139.0773531635353,-139.0773531635353,0
1169,139.14184767124755,-139.14184767124755,0
1170,139.27292443246964,-139.27292443246964,0
1171,139.37556046068062,-139.37556046068062,0
1172,139.48086958759083,-139.48086958759083,0
1173,139.56555667473404,-139.56555667473404,0
1174,139.64683986210758,-139.64683986210758,0
1175,139.69176807291456,-139.69176807291456,0
1176,139.71512120118211,-139.71512120118211,0
1177,139.73494884012965,-139.73494884012965,0
1178,139.7498676228681,-139.7498676228681,0
1179,139.7626223199594,-139.7626223199594,0
1180,139.7716882488279,-139.7716882488279,0
1181,139.7755352306695,-139.7755352306695,0
1182,139.7747114668959,-139.7747114668959,0
1183,139.83966911964953,-139.83966911964953,0
1184,139.90202251309879,-139.90202251309879,0
1185,139.98812773844173,-139.98812773844173,0
1186,139.9980483355262,-139.9980483355262,0
1187,139.98927556728358,-139.98927556728358,0
1188,140.2501848148674,-140.2501848148674,0
1189,140.41545004578296,-140.41545004578296,0
1190,140.4222337461257,-140.4222337461257,0
1191,140.44230979393032,-140.44230979393032,0
1192,140.45688151092668,-140.45688151092668,0
1193,140.6054112206042,-140.6054112206042,0
1194,141.07795172312362,-141.07795172312362,0
1195,141.72951607702126,-141.72951607702126,0
1196,142.47448159572144,-142.47448159572144,0
1197,143.1305602505067,-143.1305602505067,0
1198,143.8568107894386,-143.8568107894386,0
1199,144.55207100470062,-144.55207100470062,0
1200,145.1310838874946,-145.1310838874946,0
1201,145.3871776813759,-145.3871776813759,0
1202,145.48403288905016,-145.48403288905016,0
1203,145.53308039188104,-145.53308039188104,0
1204,145.56222027497947,-145.56222027497947,0
1205,145.5913310826802,-145.5913310826802,0
1206,145.60705388967338,-145.60705388967338,0
1207,145.702713286445,-145.702713286445,0
1208,145.78637804601777,-145.78637804601777,0
1209,146.22971313600888,-146.22971313600888,0
1210,146.63235015278093,-146.63235015278093,0
1211,146.8487714903722,-146.8487714903722,0
1212,146.98846786243274,-146.98846786243274,0
1213,147.09480124680286,-147.09480124680286,0
1214,147.15842804639968,-147.15842804639968,0
1215,147.29342856337465,-147.29342856337465,0
1216,147.48200071350055,-147.48200071350055,0
1217,147.67711007571882,-147.67711007571882,0
1218,147.84409844021548,-147.84409844021548,0
1219,147.95426319106664,-147.95426319106664,0
1220,148.07896337164743,-148.07896337164743,0
1221,148.1870734704558,-148.1870734704558,0
1222,148.3265751142998,-148.3265751142998,0
1223,148.4128561192741,-148.4128561192741,0
1224,148.47366891993144,-148.47366891993144,0
1225,148.50930608835816,-148.50930608835816,0
1226,148.54469583523377,-148.54469583523377,0
1227,148.5707691653079,-148.5707691653079,0
1228,148.60651707955546,-148.60651707955546,0
1229,148.6376700274247,-148.6376700274247,0
1230,148.6884137692278,-148.6884137692278,0
1231,148.75116572041512,-148.75116572041512,0
1232,148.85225058477783,-148.85225058477783,0
1233,148.95864896946387,-148.95864896946387,0
1234,148.99957318190093,-148.99957318190093,0
1235,149.00230924672792,-149.00230924672792,0
1236,148.98852787522827,-148.98852787522827,0
1237,148.96788475696528,-148.96788475696528,0
1238,148.98143803497936,-148.98143803497936,0
1239,149.11727603763805,-149.11727603763805,0
1240,149.22196430306894,-149.22196430306894,0
1241,149.38851118146218,-149.38851118146218,0
1242,149.55609756757084,-149.55609756757084,0
1243,149.65276065558544,-149.65276065558544,0
1244,149.7491752245036,-149.7491752245036,0
1245,149.8904343828312,-149.8904343828312,0
1246,150.01241621914758,-150.01241621914758,0
1247,150.10820571796256,-150.10820571796256,0
1248,150.1927322763887,-150.1927322763887,0
1249,150.22589165955088,-150.22589165955088,0
1250,150.24784484360802,-150.24784484360802,0
1251,150.26055368351203,-150.26055368351203,0
1252,150.26899601036325,-150.26899601036325,0
1253,150.27876121122912,-150.27876121122912,0
1254,150.28521935059234,-150.28521935059234,0
1255,150.33714781979725,-150.33714781979725,0
1256,150.41116531472193,-150.41116531472193,0
1257,150.53905207185562,-150.53905207185562,0
1258,150.64509310856982,-150.64509310856982,0
1259,150.73997053325544,-150.73997053325544,0
1260,150.79291173220963,-150.79291173220963,0
1261,150.84111556627616,-150.84111556627616,0
1262,150.93634816620207,-150.93634816620207,0
1263,151.0473018301882,-151.0473018301882,0
1264,151.18093450701068,-151.18093450701068,0
1265,151.3220763059631,-151.3220763059631,0
1266,151.45593307116,-151.45593307116,0
1267,151.59596110463298,-151.59596110463298,0
1268,151.70738260861583,-151.70738260861583,0
1269,151.79237619531293,-151.79237619531293,0
1270,151.87324873971826,-151.87324873971826,0
1271,151.93392333188157,-151.93392333188157,0
1272,151.96109275175252,-151.96109275175252,0
1273,151.97912377921128,-151.97912377921128,0
1274,151.99744256819048,-151.99744256819048,0
1275,152.00991682612002,-152.00991682612002,0
1276,152.0226453632169,-152.0226453632169,0
1277,152.02869783639716,-152.02869783639716,0
1278,152.0320339135243,-152.0320339135243,0
1279,152.1014337442581,-152.1014337442581,0
1280,152.25063598122904,-152.25063598122904,0
1281,152.38052920817907,-152.38052920817907,0
1282,152.47405617700537,-152.47405617700537,0
1283,152.52751640549926,-152.52751640549926,0
1284,152.54419118405772,-152.54419118405772,0
1285,152.55511103413517,-152.55511103413517,0
1286,152.57388316793495,-152.57388316793495,0
1287,152.6119055686905,-152.6119055686905,0
1288,152.73233932430276,-152.73233932430276,0
1289,152.80152309305305,-152.80152309305305,0
1290,152.98587192305726,-152.98587192305726,0
1291,153.09052755452134,-153.09052755452134,0
1292,153.24440891184406,-153.24440891184406,0
1293,153.33575606898083,-153.33575606898083,0
1294,153.41387620053754,-153.41387620053754,0
1295,153.4654176707061,-153.4654176707061,0
1296,153.4899099597755,-153.4899099597755,0
1297,153.51163933749956,-153.51163933749956,0
1298,153.52806133270857,-153.52806133270857,0
1299,153.54418903293885,-153.54418903293885,0
1300,153.55106160465706,-153.55106160465706,0
1301,153.55086391758297,-153.55086391758297,0
1302,153.55581211100636,-153.55581211100636,0
1303,153.60100305320947,-153.60100305320947,0
1304,153.69794261639615,-153.69794261639615,0
1305,153.69131381644303,-153.69131381644303,0
1306,153.68945027629434,-153.68945027629434,0
1307,153.68773760852164,-153.68773760852164,0
1308,153.68466768089016,-153.68466768089016,0
1309,153.68176922270538,-153.68176922270538,0
1310,153.67702595309262,-153.67702595309262,0
1311,153.76708930493322,-153.76708930493322,0
1312,153.813636490777,-153.813636490777,0
1313,153.84728863328772,-153.84728863328772,0
1314,153.93441527983458,-153.93441527983458,0
1315,154.029286651486,-154.029286651486,0
1316,154.15134035032793,-154.15134035032793,0
1317,154.23433564242387,-154.23433564242387,0
1318,154.3147396190981,-154.3147396190981,0
1319,154.36518009940713,-154.36518009940713,0
1320,154.38875838545897,-154.38875838545897,0
1321,154.4089848603028,-154.4089848603028,0
1322,154.4236217395702,-154.4236217395702,0
1323,154.43473993881088,-154.43473993881088,0
1324,154.4401265429741,-154.4401265429741,0
1325,154.4467934367838,-154.4467934367838,0
1326,154.48308142356007,-154.48308142356007,0
1327,155.00151548175995,-155.00151548175995,0
1328,155.6723525999329,-155.6723525999329,0
1329,156.43032948980226,-156.43032948980226,0
1330,157.19801626156314,-157.19801626156314,0
1331,158.24355183494728,-158.24355183494728,0
1332,158.89293543089565,-158.89293543089565,0
1333,159.61837856776495,-159.61837856776495,0
1334,160.0014128294329,-160.0014128294329,0
1335,160.1593939477731,-160.1593939477731,0
1336,160.33056377663627,-160.33056377663627,0
1337,160.4094298610128,-160.4094298610128,0
1338,160.48275673994422,-160.48275673994422,0
1339,160.55287132019643,-160.55287132019643,0
1340,160.60832844514866,-160.60832844514866,0
1341,160.67458933467674,-160.67458933467674,0
1342,160.72764411318738,-160.72764411318738,0
1343,160.75792063986458,-160.75792063986458,0
1344,160.7813491418719,-160.7813491418719,0
1345,160.8021244427407,-160.8021244427407,0
1346,160.83214587919,-160.83214587919,0
1347,160.84618628368247,-160.84618628368247,0
1348,160.84262775491322,-160.84262775491322,0
1349,160.83845512797643,-160.83845512797643,0
1350,160.8371811410562,-160.8371811410562,0
1351,160.87853173300144,-160.87853173300144,0
1352,160.88962160682797,-160.88962160682797,0
1353,160.9263540768978,-160.9263540768978,0
1354,160.95891780562675,-160.95891780562675,0
1355,160.97238000852923,-160.97238000852923,0
1356,161.06594260974487,-161.06594260974487,0
1357,161.09198348045163,-161.09198348045163,0
1358,161.12047903572935,-161.12047903572935,0
1359,161.19033582151494,-161.19033582151494,0
1360,161.27999236673895,-161.27999236673895,0
1361,161.35717961836286,-161.35717961836286,0
1362,161.41097101365145,-161.41097101365145,0
1363,161.53562683340317,-161.53562683340317,0
1364,161.67048477424441,-161.67048477424441,0
1365,161.78063411750222,-161.78063411750222,0
1366,161.87097927077122,-161.87097927077122,0
1367,161.92991732519246,-161.92991732519246,0
1368,161.97131812193643,-161.97131812193643,0
1369,161.99893957221983,-161.99893957221983,0
1370,162.01988803274278,-162.01988803274278,0
1371,162.03699597135392,-162.03699597135392,0
1372,162.0446230545562,-162.0446230545562,0
1373,162.05591638498362,-162.05591638498362,0
1374,162.06526016823318,-162.06526016823318,0
1375,162.1176781671983,-162.1176781671983,0
1376,162.17738344139812,-162.17738344139812,0
1377,162.25722287365627,-162.25722287365627,0
1378,162.34831680819096,-162.34831680819096,0
1379,162.41761312641734,-162.41761312641734,0
1380,162.48309528660442,-162.48309528660442,0
1381,162.54282435841498,-162.54282435841498,0
1382,162.60798843270894,-162.60798843270894,0
1383,162.67930845560167,-162.67930845560167,0
1384,162.7892613951622,-162.7892613951622,0
1385,162.89388584198704,-162.89388584198704,0
1386,162.97403201965056,-162.97403201965056,0
1387,163.23240932747245,-163.23240932747245,0
1388,163.42017262872787,-163.42017262872787,0
1389,163.5314263449569,-163.5314263449569,0
1390,163.68452635040012,-163.68452635040012,0
1391,163.78758037876543,-163.78758037876543,0
1392,163.84714123574065,-163.84714123574065,0
1393,163.87382973142826,-163.87382973142826,0
1394,163.8958026028343,-163.8958026028343,0
1395,163.91182597002333,-163.91182597002333,0
1396,163.92496326202104,-163.92496326202104,0
1397,163.932944533441,-163.932944533441,0
1398,163.9423485997969,-163.9423485997969,0
1399,163.98636060656895,-163.98636060656895,0
1400,164.07998520655818,-164.07998520655818,0
1401,164.1601758658706,-164.1601758658706,0
1402,164.2207028148325,-164.2207028148325,0
1403,164.28911432109004,-164.28911432109004,0
1404,164.32756001695992,-164.32756001695992,0
1405,164.45758055227688,-164.45758055227688,0
1406,164.54226829406528,-164.54226829406528,0
1407,164.6181178267631,-164.6181178267631,0
1408,164.69985270718598,-164.69985270718598,0
1409,164.81247643587474,-164.81247643587474,0
1410,164.90162252755024,-164.90162252755024,0
1411,165.05363356163667,-165.05363356163667,0
1412,165.14482137358763,-165.14482137358763,0
1413,165.21676397331024,-165.21676397331024,0
1414,165.28313554528083,-165.28313554528083,0
1415,165.33774267925796,-165.33774267925796,0
1416,165.36318854960453,-165.36318854960453,0
1417,165.3830364718451,-165.3830364718451,0
1418,165.39861507066493,-165.39861507066493,0
1419,165.41182557932953,-165.41182557932953,0
1420,165.42035226911435,-165.42035226911435,0
1421,165.42309755993165,-165.42309755993165,0
1422,165.4338717354581,-165.4338717354581,0
1423,165.48102907072015,-165.48102907072015,0
1424,165.52865025568272,-165.52865025568272,0
1425,165.56582727673683,-165.56582727673683,0
1426,165.66316204647734,-165.66316204647734,0
1427,165.70918922735987,-165.70918922735987,0
1428,165.78746014018344,-165.78746014018344,0
1429,165.81306999581716,-165.81306999581716,0
1430,165.87198222084373,-165.87198222084373,0
1431,165.92602366736782,-165.92602366736782,0
1432,165.9627931287394,-165.9627931287394,0
1433,165.98573547924786,-165.98573547924786,0
1434,166.01817279497854,-166.01817279497854,0
1435,166.11513304516302,-166.11513304516302,0
1436,166.14862855077496,-166.14862855077496,0
1437,166.1933434679526,-166.1933434679526,0
1438,166.25649511477857,-166.25649511477857,0
1439,166.30122185179013,-166.30122185179013,0
1440,166.3279135371944,-166.3279135371944,0
1441,166.35250015279294,-166.35250015279294,0
1442,166.36953519264188,-166.36953519264188,0
1443,166.38191437528369,-166.38191437528369,0
1444,166.39551980748575,-166.39551980748575,0
1445,166.40745235243568,-166.40745235243568,0
1446,166.42190107005317,-166.42190107005317,0
1447,166.45462290825662,-166.45462290825662,0
1448,166.5746930166854,-166.5746930166854,0
1449,166.6989189196165,-166.6989189196165,0
1450,166.7007042249535,-166.7007042249535,0
1451,166.69267124555037,-166.69267124555037,0
1452,166.67833132504015,-166.67833132504015,0
1453,166.6598421124387,-166.6598421124387,0
1454,166.64376891307856,-166.64376891307856,0
1455,166.63973132795348,-166.63973132795348,0
1456,166.666242171158,-166.666242171158,0
1457,166.69560884432212,-166.69560884432212,0
1458,166.74938402330022,-166.74938402330022,0
1459,166.81485814086452,-166.81485814086452,0
1460,166.87131217240588,-166.87131217240588,0
1461,166.9380110055033,-166.9380110055033,0
1462,167.03151323159284,-167.03151323159284,0
1463,167.0785402128299,-167.0785402128299,0
1464,167.1042785281599,-167.1042785281599,0
1465,167.120917309879,-167.120917309879,0
1466,167.1378749054434,-167.1378749054434,0
1467,167.16213778331513,-167.16213778331513,0
1468,167.180827651522,-167.180827651522,0
1469,167.18809585149114,-167.18809585149114,0
1470,167.20039958385598,-167.20039958385598,0
1471,167.25272218331872,-167.25272218331872,0
1472,167.29094537704822,-167.29094537704822,0
1473,167.32344161597095,-167.32344161597095,0
1474,167.42770115863476,-167.42770115863476,0
1475,167.92824809657063,-167.92824809657063,0
1476,168.44339449230748,-168.44339449230748,0
1477,168.5829782576865,-168.5829782576865,0
1478,168.88117070192308,-168.88117070192308,0
1479,169.1482422669431,-169.1482422669431,0
1480,169.25816346813966,-169.25816346813966,0
1481,169.33087530469325,-169.33087530469325,0
1482,169.40143651692844,-169.40143651692844,0
1483,169.48145823013476,-169.48145823013476,0
1484,169.54846125707644,-169.54846125707644,0
1485,169.6825184800159,-169.6825184800159,0
1486,169.79684845150894,-169.79684845150894,0
1487,169.85412445018554,-169.85412445018554,0
1488,169.90775463941316,-169.90775463941316,0
1489,169.9331529483384,-169.9331529483384,0
1490,169.9494720781868,-169.9494720781868,0
1491,169.96545111906588,-169.96545111906588,0
1492,169.971633077898,-169.971633077898,0
1493,169.9862269328631,-169.9862269328631,0
1494,170.00824717727465,-170.00824717727465,0
1495,170.04137940366485,-170.04137940366485,0
1496,170.04088764785774,-170.04088764785774,0
1497,170.11186908838877,-170.11186908838877,0
1498,170.14273635999285,-170.14273635999285,0
1499,170.13950779876927,-170.13950779876927,0
1500,170.16619832166185,-170.16619832166185,0
1501,170.23858178683955,-170.23858178683955,0
1502,170.26621206864988,-170.26621206864988,0
1503,170.31914684849104,-170.31914684849104,0
1504,170.3855691367439,-170.3855691367439,0
1505,170.50551993381757,-170.50551993381757,0
1506,170.58358516105795,-170.58358516105795,0
1507,170.71326437573248,-170.71326437573248,0
1508,170.85895510926395,-170.85895510926395,0
1509,170.97505256434374,-170.97505256434374,0
1510,171.0887932910988,-171.0887932910988,0
1511,171.14558944691345,-171.14558944691345,0
1512,171.19211400887428,-171.19211400887428,0
1513,171.21382154869548,-171.21382154869548,0
1514,171.2323386257596,-171.2323386257596,0
1515,171.24549347531823,-171.24549347531823,0
1516,171.25593025146767,-171.25593025146767,0
1517,171.27819870957097,-171.27819870957097,0
1518,171.29261826634487,-171.29261826634487,0
1519,171.36491238964595,-171.36491238964595,0
1520,171.43046550993208,-171.43046550993208,0
1521,171.55500187078226,-171.55500187078226,0
1522,171.66341235404937,-171.66341235404937,0
1523,171.7727479746299,-171.7727479746299,0
1524,171.8650643404721,-171.8650643404721,0
1525,172.01637549163902,-172.01637549163902,0
1526,172.1946363555976,-172.1946363555976,0
1527,172.35920287206838,-172.35920287206838,0
1528,172.59104397539247,-172.59104397539247,0
1529,172.68730349516596,-172.68730349516596,0
1530,172.87062970867677,-172.87062970867677,0
1531,173.03543347596343,-173.03543347596343,0
1532,173.2033476725713,-173.2033476725713,0
1533,173.36440255931083,-173.36440255931083,0
1534,173.5006750252056,-173.5006750252056,0
1535,173.56885952417082,-173.56885952417082,0
1536,173.629422477654,-173.629422477654,0
1537,173.67810557536816,-173.67810557536816,0
1538,173.72581913667528,-173.72581913667528,0
1539,173.76103226535832,-173.76103226535832,0
1540,173.7849981848153,-173.7849981848153,0
1541,173.81523500814907,-173.81523500814907,0
1542,173.8749394180783,-173.8749394180783,0
1543,174.34605783987917,-174.34605783987917,0
1544,174.82532940215924,-174.82532940215924,0
1545,175.03361157556827,-175.03361157556827,0
1546,175.4147198814184,-175.4147198814184,0
1547,175.71142713025247,-175.71142713025247,0
1548,175.72807393797865,-175.72807393797865,0
1549,175.7251919031309,-175.7251919031309,0
1550,175.8436781564365,-175.8436781564365,0
1551,176.55099485003572,-176.55099485003572,0
1552,177.2687385353575,-177.2687385353575,0
1553,177.55763877972973,-177.55763877972973,0
1554,177.69908487615297,-177.69908487615297,0
1555,177.88876405957043,-177.88876405957043,0
1556,178.01534378894723,-178.01534378894723,0
1557,178.1127804261374,-178.1127804261374,0
1558,178.197433217171,-178.197433217171,0
1559,178.29825458848435,-178.29825458848435,0
1560,178.3346722431177,-178.3346722431177,0
1561,178.36000809209114,-178.36000809209114,0
1562,178.39055011692085,-178.39055011692085,0
1563,178.40363151123583,-178.40363151123583,0
1564,178.40025423530622,-178.40025423530622,0
1565,178.397300420219,-178.397300420219,0
1566,178.41662138935243,-178.41662138935243,0
1567,178.88443232119147,-178.88443232119147,0
1568,179.6256551812275,-179.6256551812275,0
1569,180.3483623966707,-180.3483623966707,0
1570,181.1845023291901,-181.1845023291901,0
1571,181.88499808923245,-181.88499808923245,0
1572,182.18334440356773,-182.18334440356773,0
1573,182.26704079949457,-182.26704079949457,0
1574,182.34022648691504,-182.34022648691504,0
1575,182.44722833569793,-182.44722833569793,0
1576,182.53402979807262,-182.53402979807262,0
1577,182.63545303604124,-182.63545303604124,0
1578,182.73327787601903,-182.73327787601903,0
1579,182.83937886661346,-182.83937886661346,0
1580,182.9394883312162,-182.9394883312162,0
1581,183.05051276677824,-183.05051276677824,0
1582,183.14073320779625,-183.14073320779625,0
1583,183.20396735672486,-183.20396735672486,0
1584,183.24053808957783,-183.24053808957783,0
1585,183.26038273369355,-183.26038273369355,0
1586,183.28935994448736,-183.28935994448736,0
1587,183.31123970260694,-183.31123970260694,0
1588,183.30935655239506,-183.30935655239506,0
1589,183.3035065699377,-183.3035065699377,0
1590,183.30854986746698,-183.30854986746698,0
1591,183.50415068572508,-183.50415068572508,0
1592,183.6150740246724,-183.6150740246724,0
1593,183.7667657730309,-183.7667657730309,0
1594,183.9090079918909,-183.9090079918909,0
1595,183.94613367937555,-183.94613367937555,0
1596,183.94346662178108,-183.94346662178108,0
1597,183.9416144222398,-183.9416144222398,0
1598,183.96793697872732,-183.96793697872732,0
1599,183.9913661302538,-183.9913661302538,0
1600,184.01380226972705,-184.01380226972705,0
1601,184.09047133855466,-184.09047133855466,0
1602,184.16868483784594,-184.16868483784594,0
1603,184.31079832983303,-184.31079832983303,0
1604,184.44280855470205,-184.44280855470205,0
1605,184.55145721687092,-184.55145721687092,0
1606,184.65380757680492,-184.65380757680492,0
1607,184.72000863713768,-184.72000863713768,0
1608,184.75077881763488,-184.75077881763488,0
1609,184.7706223103125,-184.7706223103125,0
1610,184.79486666427175,-184.79486666427175,0
1611,184.80546485629074,-184.80546485629074,0
1612,184.81143603017856,-184.81143603017856,0
1613,184.82551338626502,-184.82551338626502,0
1614,184.85348165683692,-184.85348165683692,0
1615,184.908685616268,-184.908685616268,0
1616,184.95684616579868,-184.95684616579868,0
1617,185.01532749778946,-185.01532749778946,0
1618,185.07818678514272,-185.07818678514272,0
1619,185.0956556744367,-185.0956556744367,0
1620,185.0970903468827,-185.0970903468827,0
1621,185.09227036772322,-185.09227036772322,0
1622,185.91848744446966,-185.91848744446966,0
1623,186.42809543234233,-186.42809543234233,0
1624,186.72929053706756,-186.72929053706756,0
1625,186.95668546752594,-186.95668546752594,0
1626,187.1628389352172,-187.1628389352172,0
1627,187.35181144431795,-187.35181144431795,0
1628,187.5600920681885,-187.5600920681885,0
1629,187.70801955442198,-187.70801955442198,0
1630,187.83674092472924,-187.83674092472924,0
1631,187.91766946160547,-187.91766946160547,0
1632,187.9729823058853,-187.9729823058853,0
1633,188.00160124175264,-188.00160124175264,0
1634,188.0207923131618,-188.0207923131618,0
1635,188.03127412712365,-188.03127412712365,0
1636,188.04466582377785,-188.04466582377785,0
1637,188.05792073848943,-188.05792073848943,0
1638,188.07075270295618,-188.07075270295618,0
1639,188.1437577581267,-188.1437577581267,0
1640,188.21116017016925,-188.21116017016925,0
1641,188.31816129247593,-188.31816129247593,0
1642,188.51034155645047,-188.51034155645047,0
1643,188.5833932126033,-188.5833932126033,0
1644,189.08364930722718,-189.08364930722718,0
1645,189.3332481996091,-189.3332481996091,0
1646,189.4255310281278,-189.4255310281278,0
1647,189.49402369439701,-189.49402369439701,0
1648,189.55010653340906,-189.55010653340906,0
1649,189.62056468054485,-189.62056468054485,0
1650,189.70366951749534,-189.70366951749534,0
1651,189.79726594250516,-189.79726594250516,0
1652,189.9515788596558,-189.9515788596558,0
1653,190.06963844943388,-190.06963844943388,0
1654,190.17219334069236,-190.17219334069236,0
1655,190.25213409753923,-190.25213409753923,0
1656,190.31167293233514,-190.31167293233514,0
1657,190.33723600559523,-190.33723600559523,0
1658,190.36686037083876,-190.36686037083876,0
1659,190.3888773048571,-190.3888773048571,0
1660,190.40128470604188,-190.40128470604188,0
1661,190.42555316460047,-190.42555316460047,0
1662,190.4424659262748,-190.4424659262748,0
1663,190.50997184259296,-190.50997184259296,0
1664,190.63269323227348,-190.63269323227348,0
1665,191.14397015200532,-191.14397015200532,0
1666,191.69438143032826,-191.69438143032826,0
1667,192.0089615036759,-192.0089615036759,0
1668,192.19171711097115,-192.19171711097115,0
1669,192.26613410565923,-192.26613410565923,0
1670,192.3286638154122,-192.3286638154122,0
1671,192.40641697068196,-192.40641697068196,0
1672,192.5068253564682,-192.5068253564682,0
1673,192.59377467412583,-192.59377467412583,0
1674,192.67319863976135,-192.67319863976135,0
1675,192.77569612440058,-192.77569612440058,0
1676,192.86874936870387,-192.86874936870387,0
1677,192.95831850514875,-192.95831850514875,0
1678,193.0595098718476,-193.0595098718476,0
1679,193.10418806580347,-193.10418806580347,0
1680,193.14204627739815,-193.14204627739815,0
1681,193.16443092707343,-193.16443092707343,0
1682,193.18037292103028,-193.18037292103028,0
1683,193.19425233956386,-193.19425233956386,0
1684,193.21643592674442,-193.21643592674442,0
1685,193.2208998241473,-193.2208998241473,0
1686,193.22554141217722,-193.22554141217722,0
1687,193.25775013466043,-193.25775013466043,0
1688,193.33269704590333,-193.33269704590333,0
1689,193.55702960411742,-193.55702960411742,0
1690,193.73564407401287,-193.73564407401287,0
1691,193.90131690667405,-193.90131690667405,0
1692,194.08531709205215,-194.08531709205215,0
1693,194.23699002106798,-194.23699002106798,0
1694,194.36175989306003,-194.36175989306003,0
1695,194.494925863335,-194.494925863335,0
1696,194.60825095838305,-194.60825095838305,0
1697,194.8014849176024,-194.8014849176024,0
1698,194.94038168183093,-194.94038168183093,0
1699,195.06809686829664,-195.06809686829664,0
1700,195.25752383694535,-195.25752383694535,0
1701,195.37370134612078,-195.37370134612078,0
1702,195.4620979659757,-195.4620979659757,0
1703,195.5174545363068,-195.5174545363068,0
1704,195.5544164762084,-195.5544164762084,0
1705,195.57698913993212,-195.57698913993212,0
1706,195.59613790595733,-195.59613790595733,0
1707,195.6077803416554,-195.6077803416554,0
1708,195.61923232626415,-195.61923232626415,0
1709,195.64265143945897,-195.64265143945897,0
1710,195.6495902288333,-195.6495902288333,0
1711,195.69667371660626,-195.69667371660626,0
1712,195.76255528531036,-195.76255528531036,0
1713,195.81607056124338,-195.81607056124338,0
1714,196.403608628713,-196.403608628713,0
1715,196.94708818355372,-196.94708818355372,0
1716,197.18224328063562,-197.18224328063562,0
1717,197.35349648203874,-197.35349648203874,0
1718,197.52133431555737,-197.52133431555737,0
1719,197.71891940520104,-197.71891940520104,0
1720,197.91353897596875,-197.91353897596875,0
1721,198.01169332789266,-198.01169332789266,0
1722,198.0970250928415,-198.0970250928415,0
1723,198.1937489256557,-198.1937489256557,0
1724,198.37843446969077,-198.37843446969077,0
1725,198.55090745174405,-198.55090745174405,0
1726,198.62720385625107,-198.62720385625107,0
1727,198.68580908504418,-198.68580908504418,0
1728,198.71697148963827,-198.71697148963827,0
1729,198.7384630399404,-198.7384630399404,0
1730,198.75437326440735,-198.75437326440735,0
1731,198.76596971248384,-198.76596971248384,0
1732,198.77735200359777,-198.77735200359777,0
1733,198.80168192402033,-198.80168192402033,0
1734,198.81968700426353,-198.81968700426353,0
1735,198.84667785454843,-198.84667785454843,0
1736,198.8743981089369,-198.8743981089369,0
1737,199.01981548051336,-199.01981548051336,0
1738,199.08038360654314,-199.08038360654314,0
1739,199.10686071450166,-199.10686071450166,0
1740,199.09757765378038,-199.09757765378038,0
1741,199.08874857509218,-199.08874857509218,0
1742,199.0826543036107,-199.0826543036107,0
1743,199.11400386933767,-199.11400386933767,0
1744,199.16684397376375,-199.16684397376375,0
1745,199.26313656809293,-199.26313656809293,0
1746,199.38583343130992,-199.38583343130992,0
1747,199.50946780483787,-199.50946780483787,0
1748,199.6343258499301,-199.6343258499301,0
1749,199.73937659631187,-199.73937659631187,0
1750,199.8276464345843,-199.8276464345843,0
1751,199.8970410969172,-199.8970410969172,0
1752,199.94398499664354,-199.94398499664354,0
1753,199.99075636003363,-199.99075636003363,0
1754,200.0173625903494,-200.0173625903494,0
1755,200.05602232637028,-200.05602232637028,0
1756,200.07853987587646,-200.07853987587646,0
1757,200.10666314028072,-200.10666314028072,0
1758,200.13175094021167,-200.13175094021167,0
1759,200.18099410806602,-200.18099410806602,0
1760,200.22831086338263,-200.22831086338263,0
1761,200.26696991842286,-200.26696991842286,0
1762,200.25847493516088,-200.25847493516088,0
1763,200.25280134848342,-200.25280134848342,0
1764,200.24328204001552,-200.24328204001552,0
1765,200.23250606777393,-200.23250606777393,0
1766,200.24347259509386,-200.24347259509386,0
1767,200.23921234405748,-200.23921234405748,0
1768,200.37763914623724,-200.37763914623724,0
1769,200.78038793756247,-200.78038793756247,0
1770,201.0074356615536,-201.0074356615536,0
1771,201.1739825580913,-201.1739825580913,0
1772,201.29551568283597,-201.29551568283597,0
1773,201.40971644424002,-201.40971644424002,0
1774,201.52608766923908,-201.52608766923908,0
1775,201.6134684330911,-201.6134684330911,0
1776,201.6699598359725,-201.6699598359725,0
1777,201.71649431127528,-201.71649431127528,0
1778,201.74434856396724,-201.74434856396724,0
1779,201.78113184888528,-201.78113184888528,0
1780,201.80467894215877,-201.80467894215877,0
1781,201.83070535584022,-201.83070535584022,0
1782,201.85743699076372,-201.85743699076372,0
1783,202.22866055730603,-202.22866055730603,0
1784,202.90011229520042,-202.90011229520042,0
1785,203.69043675309499,-203.69043675309499,0
1786,204.52821880957865,-204.52821880957865,0
1787,205.20004974463234,-205.20004974463234,0
1788,205.42899195048318,-205.42899195048318,0
1789,205.42793786566938,-205.42793786566938,0
1790,205.42304028425318,-205.42304028425318,0
1791,205.42069528507375,-205.42069528507375,0
1792,205.45469939931928,-205.45469939931928,0
1793,205.57299980167787,-205.57299980167787,0
1794,205.72366311099717,-205.72366311099717,0
1795,205.81603824754384,-205.81603824754384,0
1796,205.9324201282672,-205.9324201282672,0
1797,206.02754851811596,-206.02754851811596,0
1798,206.13608441178891,-206.13608441178891,0
1799,206.1945483542883,-206.1945483542883,0
1800,206.24085377423117,-206.24085377423117,0
1801,206.26776464997045,-206.26776464997045,0
1802,206.2969482262191,-206.2969482262191,0
1803,206.31603249841962,-206.31603249841962,0
1804,206.3154235701716,-206.3154235701716,0
1805,206.31044216892695,-206.31044216892695,0
1806,206.30951797520294,-206.30951797520294,0
1807,206.32829867594495,-206.32829867594495,0
1808,206.61010947733035,-206.61010947733035,0
1809,207.25212625342166,-207.25212625342166,0
1810,208.09839606205213,-208.09839606205213,0
1811,208.49993194537623,-208.49993194537623,0
1812,208.69707153656177,-208.69707153656177,0
1813,208.73291666163954,-208.73291666163954,0
1814,208.73084051007734,-208.73084051007734,0
1815,208.7345795405765,-208.7345795405765,0
1816,208.74640957509254,-208.74640957509254,0
1817,208.7516120622473,-208.7516120622473,0
1818,208.79018283021426,-208.79018283021426,0
1819,208.84994440409943,-208.84994440409943,0
1820,208.9223825937644,-208.9223825937644,0
1821,209.00592263699957,-209.00592263699957,0
1822,209.08215907258534,-209.08215907258534,0
1823,209.13548252970546,-209.13548252970546,0
1824,209.16196532860883,-209.16196532860883,0
1825,209.18057625163095,-209.18057625163095,0
1826,209.19453280013937,-209.19453280013937,0
1827,209.21537718502935,-209.21537718502935,0
1828,209.2315238342281,-209.2315238342281,0
1829,209.23593696116993,-209.23593696116993,0
1830,209.25355886297794,-209.25355886297794,0
1831,209.25647744677727,-209.25647744677727,0
1832,209.34335631571327,-209.34335631571327,0
1833,209.47556594938325,-209.47556594938325,0
1834,209.51152376001707,-209.51152376001707,0
1835,210.10839524386728,-210.10839524386728,0
1836,210.32813804452059,-210.32813804452059,0
1837,210.81327723712116,-210.81327723712116,0
1838,210.9007841904945,-210.9007841904945,0
1839,210.95268996526707,-210.95268996526707,0
1840,210.98400638087742,-210.98400638087742,0
1841,211.00207674415458,-211.00207674415458,0
1842,211.03745195481648,-211.03745195481648,0
1843,211.08213875566312,-211.08213875566312,0
1844,211.15679198315794,-211.15679198315794,0
1845,211.20447423288806,-211.20447423288806,0
1846,211.26469833050987,-211.26469833050987,0
1847,211.2965421079938,-211.2965421079938,0
1848,211.31442360616236,-211.31442360616236,0
1849,211.3344289068703,-211.3344289068703,0
1850,211.34856968224108,-211.34856968224108,0
1851,211.36338801657075,-211.36338801657075,0
1852,211.37337016287694,-211.37337016287694,0
1853,211.37979658771943,-211.37979658771943,0
1854,211.40647230396632,-211.40647230396632,0
1855,211.40605868250995,-211.40605868250995,0
1856,211.39436145546364,-211.39436145546364,0
1857,211.60598163201806,-211.60598163201806,0
1858,211.59674553086245,-211.59674553086245,0
1859,211.57801104291946,-211.57801104291946,0
1860,211.5667029185093,-211.5667029185093,0
1861,212.09049731633854,-212.09049731633854,0
1862,212.95789526689717,-212.95789526689717,0
1863,213.72933099110836,-213.72933099110836,0
1864,213.94932030435177,-213.94932030435177,0
1865,214.04984274695065,-214.04984274695065,0
1866,214.1100313459083,-214.1100313459083,0
1867,214.2294860447884,-214.2294860447884,0
1868,214.34000445542438,-214.34000445542438,0
1869,214.42594984765515,-214.42594984765515,0
1870,214.48500509865255,-214.48500509865255,0
1871,214.53332000953523,-214.53332000953523,0
1872,214.56621584005217,-214.56621584005217,0
1873,214.5842635205711,-214.5842635205711,0
1874,214.59700163395522,-214.59700163395522,0
1875,214.61014818523392,-214.61014818523392,0
1876,214.62732985334986,-214.62732985334986,0
1877,214.64951558856728,-214.64951558856728,0
1878,214.64860753757094,-214.64860753757094,0
1879,214.65185697727156,-214.65185697727156,0
1880,214.6615122868814,-214.6615122868814,0
1881,214.64361487033412,-214.64361487033412,0
1882,214.70127009236188,-214.70127009236188,0
1883,215.04405592759014,-215.04405592759014,0
1884,215.69117060922596,-215.69117060922596,0
1885,216.02452588370613,-216.02452588370613,0
1886,216.06978223816586,-216.06978223816586,0
1887,216.09176747328468,-216.09176747328468,0
1888,216.0901903983149,-216.0901903983149,0
1889,216.0994980680381,-216.0994980680381,0
1890,216.15269675345033,-216.15269675345033,0
1891,216.23798544700108,-216.23798544700108,0
1892,216.29661772213686,-216.29661772213686,0
1893,216.3551868759351,-216.3551868759351,0
1894,216.40556901199508,-216.40556901199508,0
1895,216.4565788519756,-216.4565788519756,0
1896,216.48916684816456,-216.48916684816456,0
1897,216.50663911270715,-216.50663911270715,0
1898,216.52181138386936,-216.52181138386936,0
1899,216.53272993768766,-216.53272993768766,0
1900,216.54083792740872,-216.54083792740872,0
1901,216.56028820968572,-216.56028820968572,0
1902,216.62218747311547,-216.62218747311547,0
1903,216.6563759993983,-216.6563759993983,0
1904,216.66037795898734,-216.66037795898734,0
1905,216.65060958651162,-216.65060958651162,0
1906,216.65995721184348,-216.65995721184348,0
1907,216.67787278318093,-216.67787278318093,0
1908,216.66493875722128,-216.66493875722128,0
1909,216.64611510447352,-216.64611510447352,0
1910,216.62434889593865,-216.62434889593865,0
1911,216.61258245520804,-216.61258245520804,0
1912,216.61208524138306,-216.61208524138306,0
1913,216.64717826719436,-216.64717826719436,0
1914,216.70253456214638,-216.70253456214638,0
1915,216.75143100531943,-216.75143100531943,0
1916,216.81245611560593,-216.81245611560593,0
1917,216.8690521804058,-216.8690521804058,0
1918,216.91407542465976,-216.91407542465976,0
1919,216.95594795759342,-216.95594795759342,0
1920,216.98047216070293,-216.98047216070293,0
1921,216.99954166480933,-216.99954166480933,0
1922,217.01535134054566,-217.01535134054566,0
1923,217.02468684866142,-217.02468684866142,0
1924,217.03525176530678,-217.03525176530678,0
1925,217.04525557584063,-217.04525557584063,0
1926,217.09535241484488,-217.09535241484488,0
1927,217.09502555746496,-217.09502555746496,0
1928,217.0927608043156,-217.0927608043156,0
1929,217.07993208185655,-217.07993208185655,0
1930,217.06394821841957,-217.06394821841957,0
1931,217.04400016202766,-217.04400016202766,0
1932,217.01521550137892,-217.01521550137892,0
1933,216.98376787908953,-216.98376787908953,0
1934,216.94938008655123,-216.94938008655123,0
1935,216.93130627023461,-216.93130627023461,0
1936,216.92216463634063,-216.92216463634063,0
1937,216.92069919699796,-216.92069919699796,0
1938,216.95718426424284,-216.95718426424284,0
1939,216.99932724429738,-216.99932724429738,0
1940,217.05218292411791,-217.05218292411791,0
1941,217.1025783247722,-217.1025783247722,0
1942,217.15205915028568,-217.15205915028568,0
1943,217.18015905867554,-217.18015905867554,0
1944,217.19761181835244,-217.19761181835244,0
1945,217.21330643102883,-217.21330643102883,0
1946,217.22739269810327,-217.22739269810327,0
1947,217.23611703634063,-217.23611703634063,0
1948,217.24281087482103,-217.24281087482103,0
1949,217.25812182187732,-217.25812182187732,0
1950,217.2925865643794,-217.2925865643794,0
1951,217.30594852497723,-217.30594852497723,0
1952,217.30318506081468,-217.30318506081468,0
1953,217.28825420266264,-217.28825420266264,0
1954,217.2643771046882,-217.2643771046882,0
1955,217.2327276544572,-217.2327276544572,0
1956,217.19913562517226,-217.19913562517226,0
1957,217.16631976835853,-217.16631976835853,0
1958,217.3906139078979,-217.3906139078979,0
1959,217.79931030635817,-217.79931030635817,0
1960,217.8395913773813,-217.8395913773813,0
1961,217.853076137425,-217.853076137425,0
1962,217.89039570790504,-217.89039570790504,0
1963,217.92228454248612,-217.92228454248612,0
1964,217.95568789244348,-217.95568789244348,0
1965,217.9934324959431,-217.9934324959431,0
1966,218.02470647544214,-218.02470647544214,0
1967,218.06040151385002,-218.06040151385002,0
1968,218.07993809643463,-218.07993809643463,0
1969,218.09886650423695,-218.09886650423695,0
1970,218.11215209138686,-218.11215209138686,0
1971,218.12042967821785,-218.12042967821785,0
1972,218.12620242081854,-218.12620242081854,0
1973,218.1357602588229,-218.1357602588229,0
1974,218.15127624136824,-218.15127624136824,0
1975,218.16097382228864,-218.16097382228864,0
1976,218.15729826736657,-218.15729826736657,0
1977,218.14336060700035,-218.14336060700035,0
1978,218.12066910048225,-218.12066910048225,0
1979,218.1114706050426,-218.1114706050426,0
1980,218.3185969638806,-218.3185969638806,0
1981,218.31054497136975,-218.31054497136975,0
1982,218.29378371752844,-218.29378371752844,0
1983,218.6689361354497,-218.6689361354497,0
1984,218.67862803811724,-218.67862803811724,0
1985,218.68154701152062,-218.68154701152062,0
1986,218.70083838499514,-218.70083838499514,0
1987,218.72310787273142,-218.72310787273142,0
1988,218.74581893382037,-218.74581893382037,0
1989,218.7813127291405,-218.7813127291405,0
1990,218.8185653154081,-218.8185653154081,0
1991,218.8485326170714,-218.8485326170714,0
1992,218.8730843308628,-218.8730843308628,0
1993,218.89222116922798,-218.89222116922798,0
1994,218.90506125583087,-218.90506125583087,0
1995,218.91675048567066,-218.91675048567066,0
1996,218.924445624835,-218.924445624835,0
1997,218.93598442820706,-218.93598442820706,0
1998,218.95344722514122,-218.95344722514122,0
1999,218.97689221450625,-218.97689221450625,0
2000,218.973456102674,-218.973456102674,0
2001,218.96643001503216,-218.96643001503216,0
2002,218.94746000103802,-218.94746000103802,0
2003,218.92265565179605,-218.92265565179605,0
2004,218.8960208943376,-218.8960208943376,0
2005,218.86787738207653,-218.86787738207653,0
2006,218.85287013276516,-218.85287013276516,0
2007,218.83650527309936,-218.83650527309936,0
2008,218.82802218211066,-218.82802218211066,0
2009,218.82203902832407,-218.82203902832407,0
2010,218.82234297245182,-218.82234297245182,0
2011,218.8463885530474,-218.8463885530474,0
2012,218.87650929906374,-218.87650929906374,0
2013,218.9048549633386,-218.9048549633386,0
2014,218.94693151350194,-218.94693151350194,0
2015,218.98336084450713,-218.98336084450713,0
2016,219.00847881189804,-219.00847881189804,0
2017,219.02995077270236,-219.02995077270236,0
2018,219.04235337140395,-219.04235337140395,0
2019,219.0553929268344,-219.0553929268344,0
2020,219.06655677534187,-219.06655677534187,0
2021,219.07870123851805,-219.07870123851805,0
2022,219.0905095297626,-219.0905095297626,0
2023,219.09366444894556,-219.09366444894556,0
2024,219.08750672001216,-219.08750672001216,0
2025,219.09411381812657,-219.09411381812657,0
2026,219.92692461943565,-219.92692461943565,0
2027,220.48186547748728,-220.48186547748728,0
2028,220.69617879307557,-220.69617879307557,0
2029,220.68582629067117,-220.68582629067117,0
2030,220.66559486223332,-220.66559486223332,0
2031,220.6512728122721,-220.6512728122721,0
2032,220.64991660302218,-220.64991660302218,0
2033,220.65445138176153,-220.65445138176153,0
2034,220.6840412107971,-220.6840412107971,0
2035,220.7160927008746,-220.7160927008746,0
2036,220.755384228516,-220.755384228516,0
2037,220.80377334943043,-220.80377334943043,0
2038,220.86630573637925,-220.86630573637925,0
2039,220.92982301514633,-220.92982301514633,0
2040,220.9745419129152,-220.9745419129152,0
2041,221.0088657501771,-221.0088657501771,0
2042,221.02653063105936,-221.02653063105936,0
2043,221.03986910852385,-221.03986910852385,0
2044,221.0520160137302,-221.0520160137302,0
2045,221.08912130916434,-221.08912130916434,0
2046,221.11132675492095,-221.11132675492095,0
2047,221.1098621648654,-221.1098621648654,0
2048,221.10519221785668,-221.10519221785668,0
2049,221.150834306429,-221.150834306429,0
2050,221.18549472885954,-221.18549472885954,0
2051,221.17324482659586,-221.17324482659586,0
2052,221.15277073711837,-221.15277073711837,0
2053,221.12399355558358,-221.12399355558358,0
2054,221.09401670183223,-221.09401670183223,0
2055,221.07257251563928,-221.07257251563928,0
2056,221.06421138406301,-221.06421138406301,0
2057,221.10141778796458,-221.10141778796458,0
2058,221.11810314466265,-221.11810314466265,0
2059,221.15305880869528,-221.15305880869528,0
2060,221.20348052710946,-221.20348052710946,0
2061,221.24918204906118,-221.24918204906118,0
2062,221.30177818145285,-221.30177818145285,0
2063,221.37608109196398,-221.37608109196398,0
2064,221.42266565368973,-221.42266565368973,0
2065,221.4580806279678,-221.4580806279678,0
2066,221.4785374072776,-221.4785374072776,0
2067,221.49276770817542,-221.49276770817542,0
2068,221.5028057441179,-221.5028057441179,0
2069,221.51102346009233,-221.51102346009233,0
2070,221.7228387814584,-221.7228387814584,0
2071,221.94315908891457,-221.94315908891457,0
2072,222.00693688729862,-222.00693688729862,0
2073,222.0373356577399,-222.0373356577399,0
2074,222.05737323475986,-222.05737323475986,0
2075,222.04834790402492,-222.04834790402492,0
2076,222.03172139149012,-222.03172139149012,0
2077,222.00457565147408,-222.00457565147408,0
2078,221.97710675811365,-221.97710675811365,0
2079,221.95477351017846,-221.95477351017846,0
2080,221.9518761045054,-221.9518761045054,0
2081,222.18743971425792,-222.18743971425792,0
2082,222.23587352573603,-222.23587352573603,0
2083,222.28756420027895,-222.28756420027895,0
2084,222.34540607011306,-222.34540607011306,0
2085,222.39491117623064,-222.39491117623064,0
2086,222.44986219297482,-222.44986219297482,0
2087,222.52535907044464,-222.52535907044464,0
2088,222.55905276526033,-222.55905276526033,0
2089,222.59890398422627,-222.59890398422627,0
2090,222.6219415990225,-222.6219415990225,0
2091,222.62158136993656,-222.62158136993656,0
2092,222.6204827948116,-222.6204827948116,0
2093,222.6304524570647,-222.6304524570647,0
2094,222.65054402409692,-222.65054402409692,0
2095,222.90534805177057,-222.90534805177057,0
2096,223.5840442277254,-223.5840442277254,0
2097,224.09197659039717,-224.09197659039717,0
2098,225.1155002565481,-225.1155002565481,0
2099,226.06379586146434,-226.06379586146434,0
2100,226.55523420502985,-226.55523420502985,0
2101,226.66472376874844,-226.66472376874844,0
2102,226.71343784184253,-226.71343784184253,0
2103,226.7345257305931,-226.7345257305931,0
2104,226.77922915055711,-226.77922915055711,0
2105,226.7967457442873,-226.7967457442873,0
2106,226.81903967209797,-226.81903967209797,0
2107,226.8436197361704,-226.8436197361704,0
2108,226.87424807443833,-226.87424807443833,0
2109,226.9128798546302,-226.9128798546302,0
2110,226.9534673771924,-226.9534673771924,0
2111,227.00242087730535,-227.00242087730535,0
2112,227.03338974658845,-227.03338974658845,0
2113,227.0583932581018,-227.0583932581018,0
2114,227.08386350770994,-227.08386350770994,0
2115,227.11248227920814,-227.11248227920814,0
2116,227.1122834690954,-227.1122834690954,0
2117,227.10815462693677,-227.10815462693677,0
2118,227.10682850005006,-227.10682850005006,0
2119,227.10990193142243,-227.10990193142243,0
2120,227.10348772352006,-227.10348772352006,0
2121,227.197519304283,-227.197519304283,0
2122,227.74477394538948,-227.74477394538948,0
2123,228.16735865380687,-228.16735865380687,0
2124,228.29279436540648,-228.29279436540648,0
2125,228.3222583065399,-228.3222583065399,0
2126,228.3215070130496,-228.3215070130496,0
2127,228.46700111946447,-228.46700111946447,0
2128,228.76276070318937,-228.76276070318937,0
2129,228.82235461376382,-228.82235461376382,0
2130,228.87322296936603,-228.87322296936603,0
2131,228.90443964759322,-228.90443964759322,0
2132,228.93717526995172,-228.93717526995172,0
2133,228.97509663151897,-228.97509663151897,0
2134,229.01445103571857,-229.01445103571857,0
2135,229.0402803118526,-229.0402803118526,0
2136,229.07296717011437,-229.07296717011437,0
2137,229.0894276923314,-229.0894276923314,0
2138,229.10448423967637,-229.10448423967637,0
2139,229.11646187700472,-229.11646187700472,0
2140,229.12748906496995,-229.12748906496995,0
2141,229.15248708622798,-229.15248708622798,0
2142,229.1634478963494,-229.1634478963494,0
2143,229.16107318961573,-229.16107318961573,0
2144,229.16096781753055,-229.16096781753055,0
2145,229.20184807794305,-229.20184807794305,0
2146,229.22806089546214,-229.22806089546214,0
2147,229.28738203610214,-229.28738203610214,0
2148,229.4413717908855,-229.4413717908855,0
2149,229.980318232689,-229.980318232689,0
2150,230.33231354528272,-230.33231354528272,0
2151,230.3525685889039,-230.3525685889039,0
2152,230.39328668265307,-230.39328668265307,0
2153,230.41413257891315,-230.41413257891315,0
2154,230.4226583696269,-230.4226583696269,0
2155,230.45859754144186,-230.45859754144186,0
2156,230.502054537062,-230.502054537062,0
2157,230.60749827406664,-230.60749827406664,0
2158,230.67254213839317,-230.67254213839317,0
2159,230.7698330951549,-230.7698330951549,0
2160,230.89104271316424,-230.89104271316424,0
2161,230.94568542004131,-230.94568542004131,0
2162,230.97167148215462,-230.97167148215462,0
2163,230.9932272254086,-230.9932272254086,0
2164,231.00876019914523,-231.00876019914523,0
2165,231.013783757315,-231.013783757315,0
2166,231.03441526486566,-231.03441526486566,0
2167,231.1682194392427,-231.1682194392427,0
2168,231.77391241504367,-231.77391241504367,0
2169,232.4172826758098,-232.4172826758098,0
2170,232.50080331588788,-232.50080331588788,0
2171,232.49206831856446,-232.49206831856446,0
2172,232.48227425774385,-232.48227425774385,0
2173,232.5179155300804,-232.5179155300804,0
2174,233.00166588979656,-233.00166588979656,0
2175,233.56768183145422,-233.56768183145422,0
2176,234.14562032624363,-234.14562032624363,0
2177,234.3074553328065,-234.3074553328065,0
2178,234.41519288339484,-234.41519288339484,0
2179,234.46549117361883,-234.46549117361883,0
2180,234.50050417639886,-234.50050417639886,0
2181,234.56306690223948,-234.56306690223948,0
2182,234.61080961027645,-234.61080961027645,0
2183,234.66440633256698,-234.66440633256698,0
2184,234.70633795195096,-234.70633795195096,0
2185,234.7263938315123,-234.7263938315123,0
2186,234.74653350107602,-234.74653350107602,0
2187,234.77466566630792,-234.77466566630792,0
2188,234.78347681831923,-234.78347681831923,0
2189,234.7802606130355,-234.7802606130355,0
2190,234.7725081666139,-234.7725081666139,0
2191,234.81826930711784,-234.81826930711784,0
2192,234.90087663894252,-234.90087663894252,0
2193,234.97147119644535,-234.97147119644535,0
2194,235.31169587954793,-235.31169587954793,0
2195,235.39357536933667,-235.39357536933667,0
2196,235.38652330428437,-235.38652330428437,0
2197,235.40620624969884,-235.40620624969884,0
2198,235.47761780934974,-235.47761780934974,0
2199,235.57658648715227,-235.57658648715227,0
2200,235.6391242948401,-235.6391242948401,0
2201,235.67875794174802,-235.67875794174802,0
2202,235.73451076258195,-235.73451076258195,0
2203,235.77211468881038,-235.77211468881038,0
2204,235.8090927323497,-235.8090927323497,0
2205,235.88400234933567,-235.88400234933567,0
2206,235.9586406845452,-235.9586406845452,0
2207,236.0346838237088,-236.0346838237088,0
2208,236.08461858652777,-236.08461858652777,0
2209,236.12083472381428,-236.12083472381428,0
2210,236.13922754303582,-236.13922754303582,0
2211,236.1555853327546,-236.1555853327546,0
2212,236.16798783504572,-236.16798783504572,0
2213,236.18279277425628,-236.18279277425628,0
2214,236.19949300472254,-236.19949300472254,0
2215,236.20370262345975,-236.20370262345975,0
2216,236.2165730326899,-236.2165730326899,0
2217,236.29804378479272,-236.29804378479272,0
2218,236.88175192266507,-236.88175192266507,0
2219,236.98267071391436,-236.98267071391436,0
2220,236.98800567639168,-236.98800567639168,0
2221,237.02981178435203,-237.02981178435203,0
2222,237.02992926973963,-237.02992926973963,0
2223,237.02976055372167,-237.02976055372167,0
2224,237.07005079861003,-237.07005079861003,0
2225,237.10025127931186,-237.10025127931186,0
2226,237.15491632543095,-237.15491632543095,0
2227,237.19106634997152,-237.19106634997152,0
2228,237.2447568329169,-237.2447568329169,0
2229,237.30169358506043,-237.30169358506043,0
2230,237.3729842934387,-237.3729842934387,0
2231,237.42160508303022,-237.42160508303022,0
2232,237.46613071700642,-237.46613071700642,0
2233,237.50233326303007,-237.50233326303007,0
2234,237.52413062934173,-237.52413062934173,0
2235,237.53984775294816,-237.53984775294816,0
2236,237.55675102795672,-237.55675102795672,0
2237,237.5806292840134,-237.5806292840134,0
2238,237.60008554295308,-237.60008554295308,0
2239,237.59800750044175,-237.59800750044175,0
2240,237.65804225288454,-237.65804225288454,0
2241,237.7973698683566,-237.7973698683566,0
2242,237.79884202123796,-237.79884202123796,0
2243,237.79868325274538,-237.79868325274538,0
2244,237.79549621706346,-237.79549621706346,0
2245,237.83153523704462,-237.83153523704462,0
2246,237.89799056430257,-237.89799056430257,0
2247,237.93561787921922,-237.93561787921922,0
2248,238.05048618157133,-238.05048618157133,0
2249,238.1240834100904,-238.1240834100904,0
2250,238.1834152416893,-238.1834152416893,0
2251,238.22945931073127,-238.22945931073127,0
2252,238.28972973824241,-238.28972973824241,0
2253,238.35436987546856,-238.35436987546856,0
2254,238.41919129605884,-238.41919129605884,0
2255,238.47953850044354,-238.47953850044354,0
2256,238.53104617475944,-238.53104617475944,0
2257,238.56915208635152,-238.56915208635152,0
2258,238.58839231343183,-238.58839231343183,0
2259,238.60801587932835,-238.60801587932835,0
2260,238.62187493393498,-238.62187493393498,0
2261,238.6294580036543,-238.6294580036543,0
2262,238.6347701800517,-238.6347701800517,0
2263,238.65926480672854,-238.65926480672854,0
2264,238.71607151004034,-238.71607151004034,0
2265,238.7676648996998,-238.7676648996998,0
2266,238.77933297925466,-238.77933297925466,0
2267,238.77822190734236,-238.77822190734236,0
2268,238.78490734114126,-238.78490734114126,0
2269,238.78103633750828,-238.78103633750828,0
2270,238.8497844317119,-238.8497844317119,0
2271,238.87160123999737,-238.87160123999737,0
2272,238.91669314123948,-238.91669314123948,0
2273,238.94990330561154,-238.94990330561154,0
2274,238.99172779269358,-238.99172779269358,0
2275,239.04557087315274,-239.04557087315274,0
2276,239.1003553601563,-239.1003553601563,0
2277,239.15827956575117,-239.15827956575117,0
2278,239.22291538596193,-239.22291538596193,0
2279,239.293916141411,-239.293916141411,0
2280,239.34908272580637,-239.34908272580637,0
2281,239.38667004401088,-239.38667004401088,0
2282,239.40912023777287,-239.40912023777287,0
2283,239.42577616255818,-239.42577616255818,0
2284,239.4409318042574,-239.4409318042574,0
2285,239.4460959956937,-239.4460959956937,0
2286,239.4565004007002,-239.4565004007002,0
2287,239.46825271129057,-239.46825271129057,0
2288,239.48936201763306,-239.48936201763306,0
2289,239.4907553799688,-239.4907553799688,0
2290,239.48538782081846,-239.48538782081846,0
2291,239.4782059529055,-239.4782059529055,0
2292,239.46563961233235,-239.46563961233235,0
2293,239.4551037271835,-239.4551037271835,0
2294,239.44592641367186,-239.44592641367186,0
2295,239.44595916953432,-239.44595916953432,0
2296,239.43755326694523,-239.43755326694523,0
2297,239.43071974296504,-239.43071974296504,0
2298,239.45058191489412,-239.45058191489412,0
2299,239.49222399144642,-239.49222399144642,0
2300,239.5258317570389,-239.5258317570389,0
2301,239.5741897050381,-239.5741897050381,0
2302,239.62801860431122,-239.62801860431122,0
2303,239.6717910222958,-239.6717910222958,0
2304,239.709993557627,-239.709993557627,0
2305,239.7344740253813,-239.7344740253813,0
2306,239.75038163562832,-239.75038163562832,0
2307,239.76097492907,-239.76097492907,0
2308,239.77283541652125,-239.77283541652125,0
2309,239.78310133795873,-239.78310133795873,0
2310,239.7962953197734,-239.7962953197734,0
2311,239.79813149181894,-239.79813149181894,0
2312,239.79730823503647,-239.79730823503647,0
2313,239.79893308637128,-239.79893308637128,0
2314,239.78197700874014,-239.78197700874014,0
2315,239.76517363566253,-239.76517363566253,0
2316,239.74724297479904,-239.74724297479904,0
2317,239.73036775811428,-239.73036775811428,0
2318,239.7134420232331,-239.7134420232331,0
2319,239.69494222657664,-239.69494222657664,0
2320,239.68404753208267,-239.68404753208267,0
2321,239.67652286400795,-239.67652286400795,0
2322,239.67025035039364,-239.67025035039364,0
2323,239.67110889953346,-239.67110889953346,0
2324,239.67984139227013,-239.67984139227013,0
2325,239.7704827676975,-239.7704827676975,0
2326,239.8084995143665,-239.8084995143665,0
2327,239.8628112432812,-239.8628112432812,0
2328,239.97569215386747,-239.97569215386747,0
2329,240.0261040936379,-240.0261040936379,0
2330,240.04852005327004,-240.04852005327004,0
2331,240.06839514707025,-240.06839514707025,0
2332,240.08409824904993,-240.08409824904993,0
2333,240.0945065851158,-240.0945065851158,0
2334,240.10976973720972,-240.10976973720972,0
2335,240.12525162374695,-240.12525162374695,0
2336,240.13075238938478,-240.13075238938478,0
2337,240.17121161146963,-240.17121161146963,0
2338,240.15487632181726,-240.15487632181726,0
2339,240.33746865739425,-240.33746865739425,0
2340,240.3120592573359,-240.3120592573359,0
2341,240.29583822170625,-240.29583822170625,0
2342,240.27331315082876,-240.27331315082876,0
2343,240.24674516672104,-240.24674516672104,0
2344,240.2430499602244,-240.2430499602244,0
2345,240.23577578619114,-240.23577578619114,0
2346,240.24283356094065,-240.24283356094065,0
2347,240.25465794615636,-240.25465794615636,0
2348,240.2718778085902,-240.2718778085902,0
2349,240.32364923436128,-240.32364923436128,0
2350,240.36411845992282,-240.36411845992282,0
2351,240.41381287733304,-240.41381287733304,0
2352,240.44266923534101,-240.44266923534101,0
2353,240.48115527437204,-240.48115527437204,0
2354,240.50020375163615,-240.50020375163615,0
2355,240.51698885450628,-240.51698885450628,0
2356,240.531345723583,-240.531345723583,0
2357,240.5397115144265,-240.5397115144265,0
2358,240.55316562743263,-240.55316562743263,0
2359,240.57219244487203,-240.57219244487203,0
2360,240.6603043492094,-240.6603043492094,0
2361,241.2964537332692,-241.2964537332692,0
2362,241.91377278794695,-241.91377278794695,0
2363,242.25668849616446,-242.25668849616446,0
2364,242.43944038447995,-242.43944038447995,0
2365,242.50139109398927,-242.50139109398927,0
2366,242.5043404016613,-242.5043404016613,0
2367,242.50340652865214,-242.50340652865214,0
2368,242.5177234596076,-242.5177234596076,0
2369,242.55244062210843,-242.55244062210843,0
2370,242.62827048184755,-242.62827048184755,0
2371,242.67661953988883,-242.67661953988883,0
2372,242.71969759879136,-242.71969759879136,0
2373,242.77522974519428,-242.77522974519428,0
2374,242.83198898790033,-242.83198898790033,0
2375,242.90005738047373,-242.90005738047373,0
2376,242.945382253346,-242.945382253346,0
2377,242.99382754786657,-242.99382754786657,0
2378,243.01823886727868,-243.01823886727868,0
2379,243.0393336127687,-243.0393336127687,0
2380,243.0729976282808,-243.0729976282808,0
2381,243.08167694650348,-243.08167694650348,0
2382,243.0771183919826,-243.0771183919826,0
2383,243.07044254568828,-243.07044254568828,0
2384,243.105500225181,-243.105500225181,0
2385,243.75827868689763,-243.75827868689763,0
2386,244.5318987123485,-244.5318987123485,0
2387,244.87119080006818,-244.87119080006818,0
2388,244.98879591969614,-244.98879591969614,0
2389,245.00373631698048,-245.00373631698048,0
2390,245.2299672005268,-245.2299672005268,0
2391,245.80516421292097,-245.80516421292097,0
2392,245.9702888180739,-245.9702888180739,0
2393,246.01229408226814,-246.01229408226814,0
2394,246.04905693085422,-246.04905693085422,0
2395,246.1216186984103,-246.1216186984103,0
2396,246.17980103781989,-246.17980103781989,0
2397,246.26928479343235,-246.26928479343235,0
2398,246.3709477185128,-246.3709477185128,0
2399,246.43512724981358,-246.43512724981358,0
2400,246.4847279861265,-246.4847279861265,0
2401,246.52343668985012,-246.52343668985012,0
2402,246.54624355961573,-246.54624355961573,0
2403,246.56385757937957,-246.56385757937957,0
2404,246.59909496659273,-246.59909496659273,0
2405,246.61329967292093,-246.61329967292093,0
2406,246.61069507804632,-246.61069507804632,0
2407,246.60398974173964,-246.60398974173964,0
2408,246.66720382303382,-246.66720382303382,0
2409,246.82045717915022,-246.82045717915022,0
2410,246.83755707146628,-246.83755707146628,0
2411,246.8317988460681,-246.8317988460681,0
2412,246.81692697899206,-246.81692697899206,0
2413,246.80124644378245,-246.80124644378245,0
2414,246.81098862937796,-246.81098862937796,0
2415,246.8023081042061,-246.8023081042061,0
2416,246.83738522034113,-246.83738522034113,0
2417,246.84733293186406,-246.84733293186406,0
2418,246.85032090648815,-246.85032090648815,0
2419,246.88281736449844,-246.88281736449844,0
2420,246.93712400889441,-246.93712400889441,0
2421,247.00004799603792,-247.00004799603792,0
2422,247.064277607158,-247.064277607158,0
2423,247.12433000570303,-247.12433000570303,0
2424,247.16734872946452,-247.16734872946452,0
2425,247.20096849080886,-247.20096849080886,0
2426,247.22144804533275,-247.22144804533275,0
2427,247.23684641995118,-247.23684641995118,0
2428,247.24999052573784,-247.24999052573784,0
2429,247.2532062137878,-247.2532062137878,0
2430,247.25953989035446,-247.25953989035446,0
2431,247.28624109014243,-247.28624109014243,0
2432,247.31283071988747,-247.31283071988747,0
2433,247.57571145223957,-247.57571145223957,0
2434,248.29560139085987,-248.29560139085987,0
2435,249.28523492767494,-249.28523492767494,0
2436,250.31734813271785,-250.31734813271785,0
2437,251.1109039158586,-251.1109039158586,0
2438,251.33054546264307,-251.33054546264307,0
2439,251.36965666714903,-251.36965666714903,0
2440,251.4182440844884,-251.4182440844884,0
2441,251.46774337543482,-251.46774337543482,0
2442,251.50323011923982,-251.50323011923982,0
2443,251.55532615981667,-251.55532615981667,0
2444,251.60468064588403,-251.60468064588403,0
2445,251.63807319629018,-251.63807319629018,0
2446,251.68566476433793,-251.68566476433793,0
2447,251.82042770976588,-251.82042770976588,0
2448,251.8868158898935,-251.8868158898935,0
2449,251.93270150539198,-251.93270150539198,0
2450,251.95542922052485,-251.95542922052485,0
2451,251.9743577534131,-251.9743577534131,0
2452,251.99357062222495,-251.99357062222495,0
2453,252.014683477937,-252.014683477937,0
2454,252.01948770832482,-252.01948770832482,0
2455,252.01383462907597,-252.01383462907597,0
2456,252.01096122578107,-252.01096122578107,0
2457,252.00479281391577,-252.00479281391577,0
2458,252.0017031688057,-252.0017031688057,0
2459,251.99676883300515,-251.99676883300515,0
2460,251.98209029113823,-251.98209029113823,0
2461,251.95215325978845,-251.95215325978845,0
2462,251.93188926755732,-251.93188926755732,0
2463,251.905892732514,-251.905892732514,0
2464,251.89602784325112,-251.89602784325112,0
2465,251.89104200389173,-251.89104200389173,0
2466,251.88842918459977,-251.88842918459977,0
2467,251.9152516977185,-251.9152516977185,0
2468,251.93181875293,-251.93181875293,0
2469,251.96076435249893,-251.96076435249893,0
2470,252.02471663448478,-252.02471663448478,0
2471,252.08363451213955,-252.08363451213955,0
2472,252.1266218396014,-252.1266218396014,0
2473,252.1564354766749,-252.1564354766749,0
2474,252.17239526178003,-252.17239526178003,0
2475,252.18728155260416,-252.18728155260416,0
2476,252.1986290506803,-252.1986290506803,0
2477,252.2035276301569,-252.2035276301569,0
2478,252.21858713434855,-252.21858713434855,0
2479,252.2293274759481,-252.2293274759481,0
2480,252.22831905528392,-252.22831905528392,0
2481,252.22521638357907,-252.22521638357907,0
2482,252.25952072177827,-252.25952072177827,0
2483,252.23506100241661,-252.23506100241661,0
2484,252.20536227936304,-252.20536227936304,0
2485,252.1727760693466,-252.1727760693466,0
2486,252.1501870775576,-252.1501870775576,0
2487,252.13001058880909,-252.13001058880909,0
2488,252.12842433555326,-252.12842433555326,0
2489,252.16727767284056,-252.16727767284056,0
2490,252.16747217683115,-252.16747217683115,0
2491,252.1741708949668,-252.1741708949668,0
2492,252.18600891198818,-252.18600891198818,0
2493,252.19889587844503,-252.19889587844503,0
2494,252.2200602332494,-252.2200602332494,0
2495,252.24485035544038,-252.24485035544038,0
2496,252.27112495143783,-252.27112495143783,0
2497,252.29679727182724,-252.29679727182724,0
2498,252.3120321701859,-252.3120321701859,0
2499,252.32040139727442,-252.32040139727442,0
2500,252.33268749584528,-252.33268749584528,0
2501,252.3489012132212,-252.3489012132212,0
2502,252.36151991852768,-252.36151991852768,0
2503,252.38012020655307,-252.38012020655307,0
2504,252.39494300871465,-252.39494300871465,0
2505,252.3898612270647,-252.3898612270647,0
2506,252.37338690386244,-252.37338690386244,0
2507,252.64940151828793,-252.64940151828793,0
2508,253.04155794781084,-253.04155794781084,0
2509,253.5295628882161,-253.5295628882161,0
2510,254.00996260385057,-254.00996260385057,0
2511,254.20642917818506,-254.20642917818506,0
2512,254.25147752348627,-254.25147752348627,0
2513,254.25852496771927,-254.25852496771927,0
2514,254.257559041384,-254.257559041384,0
2515,254.28138009586806,-254.28138009586806,0
2516,254.31226977344176,-254.31226977344176,0
2517,254.34118159225548,-254.34118159225548,0
2518,254.3748550216707,-254.3748550216707,0
2519,254.39643975079358,-254.39643975079358,0
2520,254.4255525049022,-254.4255525049022,0
2521,254.4516240975286,-254.4516240975286,0
2522,254.46844887776479,-254.46844887776479,0
2523,254.48367515351038,-254.48367515351038,0
2524,254.49352880743632,-254.49352880743632,0
2525,254.50082112233662,-254.50082112233662,0
2526,254.52363869807212,-254.52363869807212,0
2527,254.54476310852397,-254.54476310852397,0
2528,254.53753988983158,-254.53753988983158,0
2529,254.52055267819648,-254.52055267819648,0
2530,254.49082391543618,-254.49082391543618,0
2531,254.45624313532892,-254.45624313532892,0
2532,254.4274462006213,-254.4274462006213,0
2533,254.9829332846946,-254.9829332846946,0
2534,255.19811345531429,-255.19811345531429,0
2535,255.72220062515152,-255.72220062515152,0
2536,256.18801173272846,-256.18801173272846,0
2537,256.2775291325872,-256.2775291325872,0
2538,256.3141517057391,-256.3141517057391,0
2539,256.3579581425539,-256.3579581425539,0
2540,256.39503406850866,-256.39503406850866,0
2541,256.42663650564947,-256.42663650564947,0
2542,256.4702622263304,-256.4702622263304,0
2543,256.4986611426034,-256.4986611426034,0
2544,256.5262409532053,-256.5262409532053,0
2545,256.55115739097516,-256.55115739097516,0
2546,256.5657103844603,-256.5657103844603,0
2547,256.57494779297673,-256.57494779297673,0
2548,256.58650001874906,-256.58650001874906,0
2549,256.5947191654585,-256.5947191654585,0
2550,256.609162348415,-256.609162348415,0
2551,256.6270412917821,-256.6270412917821,0
2552,256.6351423513561,-256.6351423513561,0
2553,256.62632205818613,-256.62632205818613,0
2554,256.6883250800503,-256.6883250800503,0
2555,257.1273019619963,-257.1273019619963,0
2556,257.5122206009277,-257.5122206009277,0
2557,257.61567300361037,-257.61567300361037,0
2558,257.60926673932806,-257.60926673932806,0
2559,257.593249144744,-257.593249144744,0
2560,257.58224673604883,-257.58224673604883,0
2561,257.57269919174126,-257.57269919174126,0
2562,257.56611994815154,-257.56611994815154,0
2563,257.57178764468324,-257.57178764468324,0
2564,257.58644934054615,-257.58644934054615,0
2565,257.60524690199,-257.60524690199,0
2566,257.6301084728366,-257.6301084728366,0
2567,257.65326589016246,-257.65326589016246,0
2568,257.6749567539606,-257.6749567539606,0
2569,257.70059626695695,-257.70059626695695,0
2570,257.7187428692372,-257.7187428692372,0
2571,257.7303742083358,-257.7303742083358,0
2572,257.7454192397304,-257.7454192397304,0
2573,257.75963284963285,-257.75963284963285,0
2574,257.78240688606854,-257.78240688606854,0
2575,257.7955600295956,-257.7955600295956,0
2576,257.787766628219,-257.787766628219,0
2577,257.77700570626513,-257.77700570626513,0
2578,257.76601125380654,-257.76601125380654,0
2579,257.7593579159321,-257.7593579159321,0
2580,257.7417749328141,-257.7417749328141,0
2581,257.703830376614,-257.703830376614,0
2582,257.6690648191662,-257.6690648191662,0
2583,257.63426756224163,-257.63426756224163,0
2584,257.6105593046975,-257.6105593046975,0
2585,257.59279567008366,-257.59279567008366,0
2586,257.5842731734574,-257.5842731734574,0
2587,257.58316737904056,-257.58316737904056,0
2588,257.5936070214278,-257.5936070214278,0
2589,257.60489249148975,-257.60489249148975,0
2590,257.6229761244427,-257.6229761244427,0
2591,257.64789981441186,-257.64789981441186,0
2592,257.67053343386806,-257.67053343386806,0
2593,257.68321202383066,-257.68321202383066,0
2594,257.69737918271557,-257.69737918271557,0
2595,257.706204970545,-257.706204970545,0
2596,257.7191040711013,-257.7191040711013,0
2597,257.72708345032254,-257.72708345032254,0
2598,257.7409226139279,-257.7409226139279,0
2599,257.75563827540157,-257.75563827540157,0
2600,257.75061061535075,-257.75061061535075,0
2601,257.7400712382313,-257.7400712382313,0
2602,257.7151758291004,-257.7151758291004,0
2603,257.6839035030651,-257.6839035030651,0
2604,257.65223084618003,-257.65223084618003,0
2605,257.6188211954823,-257.6188211954823,0
2606,257.58969187330956,-257.58969187330956,0
2607,257.56247468526,-257.56247468526,0
2608,257.5457306211123,-257.5457306211123,0
2609,257.53264422543435,-257.53264422543435,0
2610,257.52410859761795,-257.52410859761795,0
2611,257.5268276198973,-257.5268276198973,0
2612,257.535841711863,-257.535841711863,0
2613,257.5482184815128,-257.5482184815128,0
2614,257.5699947740615,-257.5699947740615,0
2615,257.5949618592762,-257.5949618592762,0
2616,257.61585234563915,-257.61585234563915,0
2617,257.6358687199374,-257.6358687199374,0
2618,257.6507241946758,-257.6507241946758,0
2619,257.6606614316268,-257.6606614316268,0
2620,257.67160472018975,-257.67160472018975,0
2621,257.67798571038605,-257.67798571038605,0
2622,257.6930472432338,-257.6930472432338,0
2623,257.6951394152486,-257.6951394152486,0
2624,257.6911274284477,-257.6911274284477,0
2625,257.68380703712575,-257.68380703712575,0
2626,257.68129475430464,-257.68129475430464,0
2627,258.14799813988793,-258.14799813988793,0
2628,258.57543014617784,-258.57543014617784,0
2629,258.73543655801996,-258.73543655801996,0
2630,258.743173955243,-258.743173955243,0
2631,258.8028453571988,-258.8028453571988,0
2632,259.0027363057241,-259.0027363057241,0
2633,259.00172193180384,-259.00172193180384,0
2634,258.9987969577359,-258.9987969577359,0
2635,259.01500198939266,-259.01500198939266,0
2636,259.0309649572018,-259.0309649572018,0
2637,259.04508394775456,-259.04508394775456,0
2638,259.06536583971587,-259.06536583971587,0
2639,259.0886967103324,-259.0886967103324,0
2640,259.1130832039878,-259.1130832039878,0
2641,259.13864695090996,-259.13864695090996,0
2642,259.1526050165867,-259.1526050165867,0
2643,259.1640998333979,-259.1640998333979,0
2644,259.1750789591486,-259.1750789591486,0
2645,259.19220265485563,-259.19220265485563,0
2646,259.2170238926956,-259.2170238926956,0
2647,259.2392196329903,-259.2392196329903,0
2648,259.2598487041288,-259.2598487041288,0
2649,259.24262660844437,-259.24262660844437,0
2650,259.221573990942,-259.221573990942,0
2651,259.19860576714314,-259.19860576714314,0
2652,259.17687352820565,-259.17687352820565,0
2653,259.82715743789805,-259.82715743789805,0
2654,260.06409507239624,-260.06409507239624,0
2655,260.0983345145636,-260.0983345145636,0
2656,260.09394240266045,-260.09394240266045,0
2657,260.08804632557775,-260.08804632557775,0
2658,260.08100208816757,-260.08100208816757,0
2659,260.0871947124311,-260.0871947124311,0
2660,260.0981808228146,-260.0981808228146,0
2661,260.1109872386044,-260.1109872386044,0
2662,260.13596932046863,-260.13596932046863,0
2663,260.1576632527604,-260.1576632527604,0
2664,260.18034186688084,-260.18034186688084,0
2665,260.19776924242944,-260.19776924242944,0
2666,260.21005046435585,-260.21005046435585,0
2667,260.221577548619,-260.221577548619,0
2668,260.23488135157214,-260.23488135157214,0
2669,260.2384849173975,-260.2384849173975,0
2670,260.25345888905696,-260.25345888905696,0
2671,260.341285315587,-260.341285315587,0
2672,260.3486670091827,-260.3486670091827,0
2673,260.34727900633635,-260.34727900633635,0
2674,260.3231283728705,-260.3231283728705,0
2675,260.3070325804036,-260.3070325804036,0
2676,260.5382710932935,-260.5382710932935,0
2677,261.0748442759473,-261.0748442759473,0
2678,261.56058435600227,-261.56058435600227,0
2679,261.72375386739526,-261.72375386739526,0
2680,261.72111714064926,-261.72111714064926,0
2681,261.7165879891599,-261.7165879891599,0
2682,261.71512555230885,-261.71512555230885,0
2683,261.74057193603926,-261.74057193603926,0
2684,261.7553221982698,-261.7553221982698,0
2685,261.77363393133464,-261.77363393133464,0
2686,261.7939009781166,-261.7939009781166,0
2687,261.8273121718586,-261.8273121718586,0
2688,261.85117937114114,-261.85117937114114,0
2689,261.87247936197724,-261.87247936197724,0
2690,261.88768054578816,-261.88768054578816,0
2691,261.8992445146256,-261.8992445146256,0
2692,261.90719731742337,-261.90719731742337,0
2693,261.9184769662911,-261.9184769662911,0
2694,261.93705068889966,-261.93705068889966,0
2695,261.9715981601254,-261.9715981601254,0
2696,261.96848125258043,-261.96848125258043,0
2697,261.9525872113596,-261.9525872113596,0
2698,261.9223613958708,-261.9223613958708,0
2699,261.8827254743771,-261.8827254743771,0
2700,261.8496395975573,-261.8496395975573,0
2701,262.388316052244,-262.388316052244,0
2702,262.577069090822,-262.577069090822,0
2703,263.13048008637446,-263.13048008637446,0
2704,263.5578376800678,-263.5578376800678,0
2705,263.6731273583299,-263.6731273583299,0
2706,263.71753286452315,-263.71753286452315,0
2707,263.81430149441866,-263.81430149441866,0
2708,263.86868011054895,-263.86868011054895,0
2709,263.92736587432734,-263.92736587432734,0
2710,263.9838861356563,-263.9838861356563,0
2711,264.03824964201107,-264.03824964201107,0
2712,264.0718529131811,-264.0718529131811,0
2713,264.09209993295184,-264.09209993295184,0
2714,264.10682996119385,-264.10682996119385,0
2715,264.11534921931064,-264.11534921931064,0
2716,264.12494899162255,-264.12494899162255,0
2717,264.13379352166686,-264.13379352166686,0
2718,264.1471600920926,-264.1471600920926,0
2719,264.16252216904695,-264.16252216904695,0
2720,264.19139399715584,-264.19139399715584,0
2721,264.2095484897058,-264.2095484897058,0
2722,264.3336682881935,-264.3336682881935,0
2723,264.84759946728906,-264.84759946728906,0
2724,265.27739179445933,-265.27739179445933,0
2725,265.37623220759923,-265.37623220759923,0
2726,265.3704543074623,-265.3704543074623,0
2727,265.3528388881759,-265.3528388881759,0
2728,265.3431802135775,-265.3431802135775,0
2729,265.3334540415292,-265.3334540415292,0
2730,265.3286671200399,-265.3286671200399,0
2731,265.3304027983638,-265.3304027983638,0
2732,265.3547204487776,-265.3547204487776,0
2733,265.3820428731586,-265.3820428731586,0
2734,265.4225227245983,-265.4225227245983,0
2735,265.4720507976729,-265.4720507976729,0
2736,265.5229493958071,-265.5229493958071,0
2737,265.565036463974,-265.565036463974,0
2738,265.5922911886803,-265.5922911886803,0
2739,265.60704130415996,-265.60704130415996,0
2740,265.6204745849422,-265.6204745849422,0
2741,265.633675015402,-265.633675015402,0
2742,265.6558214569587,-265.6558214569587,0
2743,265.6618235941747,-265.6618235941747,0
2744,265.649085368717,-265.649085368717,0
2745,265.6318111993396,-265.6318111993396,0
2746,265.6115165639535,-265.6115165639535,0
2747,265.58897359837187,-265.58897359837187,0
2748,265.5547284240611,-265.5547284240611,0
2749,265.5192416977371,-265.5192416977371,0
2750,265.4912688416431,-265.4912688416431,0
2751,265.46451791322784,-265.46451791322784,0
2752,265.44605124416245,-265.44605124416245,0
2753,265.43460276469267,-265.43460276469267,0
2754,265.4266009672451,-265.4266009672451,0
2755,265.465202238971,-265.465202238971,0
2756,265.5089067594344,-265.5089067594344,0
2757,265.5306041380389,-265.5306041380389,0
2758,265.5627418220327,-265.5627418220327,0
2759,265.6091887083745,-265.6091887083745,0
2760,265.6498237229145,-265.6498237229145,0
2761,265.6761477749138,-265.6761477749138,0
2762,265.69394126395827,-265.69394126395827,0
2763,265.7053904313254,-265.7053904313254,0
2764,265.7173639521894,-265.7173639521894,0
2765,265.7245739303857,-265.7245739303857,0
2766,265.7393011414303,-265.7393011414303,0
2767,265.739105877828,-265.739105877828,0
2768,265.7582466900418,-265.7582466900418,0
2769,265.8102742816937,-265.8102742816937,0
2770,265.7962495974719,-265.7962495974719,0
2771,265.7788865271657,-265.7788865271657,0
2772,265.7585221736121,-265.7585221736121,0
2773,265.72554489239286,-265.72554489239286,0
2774,265.6995256802819,-265.6995256802819,0
2775,265.6756429514681,-265.6756429514681,0
2776,265.65690206321324,-265.65690206321324,0
2777,265.6424209216382,-265.6424209216382,0
2778,265.64184554384025,-265.64184554384025,0
2779,265.69820011103536,-265.69820011103536,0
2780,265.7220467533464,-265.7220467533464,0
2781,265.7562646399922,-265.7562646399922,0
2782,265.80325778919683,-265.80325778919683,0
2783,265.8442138187886,-265.8442138187886,0
2784,265.87513638802847,-265.87513638802847,0
2785,265.8928349386458,-265.8928349386458,0
2786,265.9084568545517,-265.9084568545517,0
2787,265.92685818613575,-265.92685818613575,0
2788,265.9408959668807,-265.9408959668807,0
2789,265.94792505241656,-265.94792505241656,0
2790,265.95618695258105,-265.95618695258105,0
2791,265.96964215724626,-265.96964215724626,0
2792,265.96453674306525,-265.96453674306525,0
2793,265.9560519903032,-265.9560519903032,0
2794,265.94368607898184,-265.94368607898184,0
2795,265.93299094151274,-265.93299094151274,0
2796,266.4023131267002,-266.4023131267002,0
2797,267.05503376377004,-267.05503376377004,0
2798,267.49570191001334,-267.49570191001334,0
2799,267.6399397105178,-267.6399397105178,0
2800,267.6548593863657,-267.6548593863657,0
2801,267.65656302380467,-267.65656302380467,0
2802,267.6582742858115,-267.6582742858115,0
2803,267.6823996832761,-267.6823996832761,0
2804,267.70321816589626,-267.70321816589626,0
2805,267.75565444156643,-267.75565444156643,0
2806,267.80751744632687,-267.80751744632687,0
2807,267.8544425762893,-267.8544425762893,0
2808,267.89587525152206,-267.89587525152206,0
2809,267.91252609996616,-267.91252609996616,0
2810,267.92940389803096,-267.92940389803096,0
2811,267.9384190009291,-267.9384190009291,0
2812,267.95329424571787,-267.95329424571787,0
2813,267.9678042833089,-267.9678042833089,0
2814,267.98565337105134,-267.98565337105134,0
2815,268.0288713557047,-268.0288713557047,0
2816,268.0304198439677,-268.0304198439677,0
2817,268.0158562078128,-268.0158562078128,0
2818,267.98356405137025,-267.98356405137025,0
2819,267.95184716985,-267.95184716985,0
2820,267.9263541159395,-267.9263541159395,0
2821,267.90320112477843,-267.90320112477843,0
2822,267.8772402871625,-267.8772402871625,0
2823,267.84854055616773,-267.84854055616773,0
2824,267.8296534085653,-267.8296534085653,0
2825,267.81760250620397,-267.81760250620397,0
2826,267.8130972394808,-267.8130972394808,0
2827,267.8334697009902,-267.8334697009902,0
2828,267.86440750554897,-267.86440750554897,0
2829,267.8898574472832,-267.8898574472832,0
2830,267.9672009259864,-267.9672009259864,0
2831,268.02688951080887,-268.02688951080887,0
2832,268.07821879217613,-268.07821879217613,0
2833,268.10450286652076,-268.10450286652076,0
2834,268.1239744199257,-268.1239744199257,0
2835,268.13842095822326,-268.13842095822326,0
2836,268.14941187980753,-268.14941187980753,0
2837,268.1558348244467,-268.1558348244467,0
2838,268.1712391644469,-268.1712391644469,0
2839,268.1869424891804,-268.1869424891804,0
2840,268.1840652530846,-268.1840652530846,0
2841,268.542106717462,-268.542106717462,0
2842,268.5419064879686,-268.5419064879686,0
2843,268.5267410004283,-268.5267410004283,0
2844,268.5068877170264,-268.5068877170264,0
2845,268.49765270340237,-268.49765270340237,0
2846,268.48180606007554,-268.48180606007554,0
2847,268.46027513304085,-268.46027513304085,0
2848,268.4491338213755,-268.4491338213755,0
2849,268.44285485631076,-268.44285485631076,0
2850,268.4373740693328,-268.4373740693328,0
2851,268.45298961741275,-268.45298961741275,0
2852,268.47290402213565,-268.47290402213565,0
2853,268.49792343403766,-268.49792343403766,0
2854,268.53980871850246,-268.53980871850246,0
2855,268.5883174936645,-268.5883174936645,0
2856,268.62744206088496,-268.62744206088496,0
2857,268.65334008569613,-268.65334008569613,0
2858,268.6705686285877,-268.6705686285877,0
2859,268.68095284918235,-268.68095284918235,0
2860,268.7056158347972,-268.7056158347972,0
2861,268.7228492675448,-268.7228492675448,0
2862,268.7205699192498,-268.7205699192498,0
2863,268.7352111358048,-268.7352111358048,0
2864,268.7512442194069,-268.7512442194069,0
2865,268.75583112098866,-268.75583112098866,0
2866,268.7502447290432,-268.7502447290432,0
2867,268.7396544867893,-268.7396544867893,0
2868,268.72446598949307,-268.72446598949307,0
2869,268.69403015956175,-268.69403015956175,0
2870,268.6673082294299,-268.6673082294299,0
2871,268.63773164778223,-268.63773164778223,0
2872,268.619465623665,-268.619465623665,0
2873,268.60772054529025,-268.60772054529025,0
2874,268.60426205461783,-268.60426205461783,0
2875,268.6197882630679,-268.6197882630679,0
2876,268.67239671429513,-268.67239671429513,0
2877,268.7090642105849,-268.7090642105849,0
2878,268.7421132438674,-268.7421132438674,0
2879,268.7873698612625,-268.7873698612625,0
2880,268.8263057007756,-268.8263057007756,0
2881,268.86300967586254,-268.86300967586254,0
2882,268.8837195460891,-268.8837195460891,0
2883,268.8945409691282,-268.8945409691282,0
2884,268.91051556093953,-268.91051556093953,0
2885,268.92057832600824,-268.92057832600824,0
2886,268.93481343918694,-268.93481343918694,0
2887,268.95731963374055,-268.95731963374055,0
2888,268.9548681567387,-268.9548681567387,0
2889,268.94791682695995,-268.94791682695995,0
2890,268.92872342083353,-268.92872342083353,0
2891,268.9044306862933,-268.9044306862933,0
2892,268.87244382131996,-268.87244382131996,0
2893,268.8609097696547,-268.8609097696547,0
2894,268.82854428130247,-268.82854428130247,0
2895,268.79778640913366,-268.79778640913366,0
2896,268.7913055253074,-268.7913055253074,0
2897,268.7827049129032,-268.7827049129032,0
2898,268.7798291450493,-268.7798291450493,0
2899,268.8268768192317,-268.8268768192317,0
2900,268.8600131609251,-268.8600131609251,0
2901,268.905507508838,-268.905507508838,0
2902,268.9546331823478,-268.9546331823478,0
2903,268.99826145742327,-268.99826145742327,0
2904,269.04449093065466,-269.04449093065466,0
2905,269.0758545011224,-269.0758545011224,0
2906,269.095002973737,-269.095002973737,0
2907,269.1093662480869,-269.1093662480869,0
2908,269.1246561673135,-269.1246561673135,0
2909,269.13244950383563,-269.13244950383563,0
2910,269.14798216200296,-269.14798216200296,0
2911,269.1661723990929,-269.1661723990929,0
2912,269.17042821659516,-269.17042821659516,0
2913,269.163623682744,-269.163623682744,0
2914,269.36267384375634,-269.36267384375634,0
2915,269.9210312197119,-269.9210312197119,0
2916,269.920180119936,-269.920180119936,0
2917,270.2348937999864,-270.2348937999864,0
2918,270.2934516036383,-270.2934516036383,0
2919,270.27828195529554,-270.27828195529554,0
2920,270.2697398808069,-270.2697398808069,0
2921,270.26294535165096,-270.26294535165096,0
2922,270.26198714963806,-270.26198714963806,0
2923,270.2885335350826,-270.2885335350826,0
2924,270.32485954492813,-270.32485954492813,0
2925,270.3553508304952,-270.3553508304952,0
2926,270.3963575923007,-270.3963575923007,0
2927,270.44890738554545,-270.44890738554545,0
2928,270.48473752386263,-270.48473752386263,0
2929,270.50667338021594,-270.50667338021594,0
2930,270.5251271713939,-270.5251271713939,0
2931,270.5364220630811,-270.5364220630811,0
2932,270.5511846778967,-270.5511846778967,0
2933,270.56712525343323,-270.56712525343323,0
2934,270.58932626009926,-270.58932626009926,0
2935,270.6056091856391,-270.6056091856391,0
2936,270.66001479846295,-270.66001479846295,0
2937,270.8603181255098,-270.8603181255098,0
2938,271.50613776502354,-271.50613776502354,0
2939,271.64952833186135,-271.64952833186135,0
2940,271.70060932009505,-271.70060932009505,0
2941,271.68662381527975,-271.68662381527975,0
2942,271.67116087740374,-271.67116087740374,0
2943,271.65416873245454,-271.65416873245454,0
2944,271.65306531087504,-271.65306531087504,0
2945,271.6507752661324,-271.6507752661324,0
2946,271.65206881642445,-271.65206881642445,0
2947,271.6742636611213,-271.6742636611213,0
2948,271.6995530411484,-271.6995530411484,0
2949,271.7275568311807,-271.7275568311807,0
2950,271.76655823127663,-271.76655823127663,0
2951,271.8061865813598,-271.8061865813598,0
2952,271.84370457584424,-271.84370457584424,0
2953,271.86967147796935,-271.86967147796935,0
2954,271.8891003153144,-271.8891003153144,0
2955,271.9066955697599,-271.9066955697599,0
2956,271.923154867635,-271.923154867635,0
2957,271.93773795891656,-271.93773795891656,0
2958,271.9431194742727,-271.9431194742727,0
2959,271.9360207124673,-271.9360207124673,0
2960,271.9333052206,-271.9333052206,0
2961,271.95768990205744,-271.95768990205744,0
2962,271.9385515356916,-271.9385515356916,0
2963,271.913450956456,-271.913450956456,0
2964,271.87749835323234,-271.87749835323234,0
2965,271.8432376256141,-271.8432376256141,0
2966,271.816813423395,-271.816813423395,0
2967,271.7956352559391,-271.7956352559391,0
2968,271.7863306321193,-271.7863306321193,0
2969,271.7831348367386,-271.7831348367386,0
2970,271.78214986601347,-271.78214986601347,0
2971,271.80250078276066,-271.80250078276066,0
2972,271.8236533338682,-271.8236533338682,0
2973,271.8632262758736,-271.8632262758736,0
2974,271.91110563654536,-271.91110563654536,0
2975,271.9760963382753,-271.9760963382753,0
2976,272.02851662591024,-272.02851662591024,0
2977,272.06029146391944,-272.06029146391944,0
2978,272.0768056270572,-272.0768056270572,0
2979,272.0915648977663,-272.0915648977663,0
2980,272.1049652317763,-272.1049652317763,0
2981,272.11371512116506,-272.11371512116506,0
2982,272.12495036888464,-272.12495036888464,0
2983,272.14199085385997,-272.14199085385997,0
2984,272.2028899035919,-272.2028899035919,0
2985,272.2751879650939,-272.2751879650939,0
2986,272.34788907268734,-272.34788907268734,0
2987,273.18694533022796,-273.18694533022796,0
2988,273.62500172079683,-273.62500172079683,0
2989,273.80958153705603,-273.80958153705603,0
2990,273.92760735084846,-273.92760735084846,0
2991,274.1232312871183,-274.1232312871183,0
2992,274.76659918135636,-274.76659918135636,0
2993,275.2287583663213,-275.2287583663213,0
2994,275.37041707387084,-275.37041707387084,0
2995,275.4494651684815,-275.4494651684815,0
2996,275.5009503762245,-275.5009503762245,0
2997,275.5337118523099,-275.5337118523099,0
2998,275.5717721995411,-275.5717721995411,0
2999,275.61710223105285,-275.61710223105285,0
3000,275.6588188244801,-275.6588188244801,0
3001,275.68784682394386,-275.68784682394386,0
3002,275.704405633636,-275.704405633636,0
3003,275.7223441688792,-275.7223441688792,0
3004,275.7359020272526,-275.7359020272526,0
3005,275.7436436147401,-275.7436436147401,0
3006,275.77999431405806,-275.77999431405806,0
3007,275.80062370361014,-275.80062370361014,0
3008,275.7910451270289,-275.7910451270289,0
3009,275.829170466643,-275.829170466643,0
3010,275.82898682376515,-275.82898682376515,0
3011,276.0557945437134,-276.0557945437134,0
3012,276.04576523923447,-276.04576523923447,0
3013,276.03927976354856,-276.03927976354856,0
3014,276.04748570318856,-276.04748570318856,0
3015,276.0596358767793,-276.0596358767793,0
3016,276.35357812684106,-276.35357812684106,0
3017,276.5915110008857,-276.5915110008857,0
3018,276.6641864596292,-276.6641864596292,0
3019,276.7231709428188,-276.7231709428188,0
3020,276.77910885239567,-276.77910885239567,0
3021,276.82056811299526,-276.82056811299526,0
3022,276.8674866422581,-276.8674866422581,0
3023,276.9165342578725,-276.9165342578725,0
3024,276.95678744240394,-276.95678744240394,0
3025,276.98329710435667,-276.98329710435667,0
3026,276.9999950141042,-276.9999950141042,0
3027,277.0146916446716,-277.0146916446716,0
3028,277.0283851189414,-277.0283851189414,0
3029,277.038641248931,-277.038641248931,0
3030,277.05225394429476,-277.05225394429476,0
3031,277.5882923301746,-277.5882923301746,0
3032,278.01868853074285,-278.01868853074285,0
3033,278.1427924027139,-278.1427924027139,0
3034,278.213428403168,-278.213428403168,0
3035,278.2389890608414,-278.2389890608414,0
3036,278.2405205026885,-278.2405205026885,0
3037,278.2327427134752,-278.2327427134752,0
3038,278.22628616037787,-278.22628616037787,0
3039,278.2208314025375,-278.2208314025375,0
3040,278.21220130668894,-278.21220130668894,0
3041,278.20504634835333,-278.20504634835333,0
3042,278.20138850999587,-278.20138850999587,0
3043,278.22162871319483,-278.22162871319483,0
3044,278.2771214434645,-278.2771214434645,0
3045,278.31526363883427,-278.31526363883427,0
3046,278.3490007191905,-278.3490007191905,0
3047,278.39461271296335,-278.39461271296335,0
3048,278.4321446659684,-278.4321446659684,0
3049,278.47268721962007,-278.47268721962007,0
3050,278.5217163551855,-278.5217163551855,0
3051,278.53895419102133,-278.53895419102133,0
3052,278.5353813367001,-278.5353813367001,0
3053,278.53135966815967,-278.53135966815967,0
3054,278.5531913072516,-278.5531913072516,0
3055,278.5826828993682,-278.5826828993682,0
3056,278.5815588215646,-278.5815588215646,0
3057,278.58108363810504,-278.58108363810504,0
3058,278.56870553578773,-278.56870553578773,0
3059,278.540672256693,-278.540672256693,0
3060,278.5052378720004,-278.5052378720004,0
3061,278.4846930929622,-278.4846930929622,0
3062,278.6466118271484,-278.6466118271484,0
3063,278.62856967802423,-278.62856967802423,0
3064,278.622350782352,-278.622350782352,0
3065,278.6144545037675,-278.6144545037675,0
3066,278.60988165339245,-278.60988165339245,0
3067,278.6253094912591,-278.6253094912591,0
3068,278.6437669391468,-278.6437669391468,0
3069,278.718231289669,-278.718231289669,0
3070,278.7523941301406,-278.7523941301406,0
3071,278.77929218333725,-278.77929218333725,0
3072,278.8044057799568,-278.8044057799568,0
3073,278.819357320917,-278.819357320917,0
3074,278.83167676830533,-278.83167676830533,0
3075,278.8448303349599,-278.8448303349599,0
3076,278.85860102990614,-278.85860102990614,0
3077,278.8673754769488,-278.8673754769488,0
3078,278.8772221981561,-278.8772221981561,0
3079,278.8838063558523,-278.8838063558523,0
3080,278.8800877181068,-278.8800877181068,0
3081,278.8751421766305,-278.8751421766305,0
3082,278.86064496158394,-278.86064496158394,0
3083,278.84604981123573,-278.84604981123573,0
3084,278.83531439427435,-278.83531439427435,0
3085,278.81706187181857,-278.81706187181857,0
3086,278.80024386243343,-278.80024386243343,0
3087,278.79233789282785,-278.79233789282785,0
3088,278.80821513833763,-278.80821513833763,0
3089,278.8023716926517,-278.8023716926517,0
3090,278.7996181170957,-278.7996181170957,0
3091,278.8289808062104,-278.8289808062104,0
3092,278.8900918596608,-278.8900918596608,0
3093,278.92946917903635,-278.92946917903635,0
3094,278.97680347502506,-278.97680347502506,0
3095,279.02655803252264,-279.02655803252264,0
3096,279.08577902652485,-279.08577902652485,0
3097,279.1073681061911,-279.1073681061911,0
3098,279.12171950016216,-279.12171950016216,0
3099,279.13742964610424,-279.13742964610424,0
3100,279.1515027701658,-279.1515027701658,0
3101,279.1645283278367,-279.1645283278367,0
3102,279.1816937915777,-279.1816937915777,0
3103,279.1801945758462,-279.1801945758462,0
3104,279.1784913184324,-279.1784913184324,0
3105,279.1748270990239,-279.1748270990239,0
3106,279.16008460066394,-279.16008460066394,0
3107,279.14308718867653,-279.14308718867653,0
3108,279.13873963933474,-279.13873963933474,0
3109,279.13091548874274,-279.13091548874274,0
3110,279.1248237613024,-279.1248237613024,0
3111,279.11908126647774,-279.11908126647774,0
3112,279.11254936649703,-279.11254936649703,0
3113,279.10913203764926,-279.10913203764926,0
3114,279.10813847683903,-279.10813847683903,0
3115,279.13579144689584,-279.13579144689584,0
3116,279.16666070741724,-279.16666070741724,0
3117,279.20671594451557,-279.20671594451557,0
3118,279.26029164652914,-279.26029164652914,0
3119,279.31819077884353,-279.31819077884353,0
3120,279.370236971842,-279.370236971842,0
3121,279.39389600745125,-279.39389600745125,0
3122,279.41130726008316,-279.41130726008316,0
3123,279.42688701079067,-279.42688701079067,0
3124,279.4392749534925,-279.4392749534925,0
3125,279.4497584996464,-279.4497584996464,0
3126,279.46249738462467,-279.46249738462467,0
3127,279.46073577612384,-279.46073577612384,0
3128,279.4591168799229,-279.4591168799229,0
3129,279.45021051881866,-279.45021051881866,0
3130,279.6825735807079,-279.6825735807079,0
3131,280.171481212083,-280.171481212083,0
3132,280.52220945207023,-280.52220945207023,0
3133,280.5424915348673,-280.5424915348673,0
3134,280.53605095436507,-280.53605095436507,0
3135,280.5295540692505,-280.5295540692505,0
3136,280.5422068467049,-280.5422068467049,0
3137,280.54697814636125,-280.54697814636125,0
3138,280.60737449087225,-280.60737449087225,0
3139,280.6812614941577,-280.6812614941577,0
3140,280.7213618409806,-280.7213618409806,0
3141,280.762354833983,-280.762354833983,0
3142,280.83581678357353,-280.83581678357353,0
3143,280.91360009039937,-280.91360009039937,0
3144,280.96598074098307,-280.96598074098307,0
3145,280.9987172828993,-280.9987172828993,0
3146,281.0153318934142,-281.0153318934142,0
3147,281.03262785348966,-281.03262785348966,0
3148,281.0484267821733,-281.0484267821733,0
3149,281.0666769271096,-281.0666769271096,0
3150,281.08764547918264,-281.08764547918264,0
3151,281.0814396081049,-281.0814396081049,0
3152,281.0757655386751,-281.0757655386751,0
3153,281.06725248979427,-281.06725248979427,0
3154,281.06032539605366,-281.06032539605366,0
3155,281.0413018717208,-281.0413018717208,0
3156,281.01377404871783,-281.01377404871783,0
3157,281.0058636772042,-281.0058636772042,0
3158,280.9903872104532,-280.9903872104532,0
3159,280.9756354199094,-280.9756354199094,0
3160,280.9599657872263,-280.9599657872263,0
3161,280.95360842457865,-280.95360842457865,0
3162,280.94754540649257,-280.94754540649257,0
3163,280.95620250495307,-280.95620250495307,0
3164,280.9766908655686,-280.9766908655686,0
3165,281.01765693997254,-281.01765693997254,0
3166,281.0613957372144,-281.0613957372144,0
3167,281.17085803418445,-281.17085803418445,0
3168,281.2212445662736,-281.2212445662736,0
3169,281.25804459427644,-281.25804459427644,0
3170,281.27592673072945,-281.27592673072945,0
3171,281.2933802997562,-281.2933802997562,0
3172,281.30923934704174,-281.30923934704174,0
3173,281.3173810367914,-281.3173810367914,0
3174,281.3307893117581,-281.3307893117581,0
3175,281.34631325224996,-281.34631325224996,0
3176,281.3456830860025,-281.3456830860025,0
3177,281.33359867538167,-281.33359867538167,0
3178,281.55836984478304,-281.55836984478304,0
3179,281.92112577064603,-281.92112577064603,0
3180,282.3571638241624,-282.3571638241624,0
3181,282.8316928588609,-282.8316928588609,0
3182,283.163054325578,-283.163054325578,0
3183,283.16704911884085,-283.16704911884085,0
3184,283.1611555922495,-283.1611555922495,0
3185,283.15380491765836,-283.15380491765836,0
3186,283.1920906980858,-283.1920906980858,0
3187,283.21902980666346,-283.21902980666346,0
3188,283.23680346399425,-283.23680346399425,0
3189,283.2582895075971,-283.2582895075971,0
3190,283.2886369500015,-283.2886369500015,0
3191,283.33071787246365,-283.33071787246365,0
3192,283.3634573291584,-283.3634573291584,0
3193,283.38816289752555,-283.38816289752555,0
3194,283.4042822299434,-283.4042822299434,0
3195,283.41763217383004,-283.41763217383004,0
3196,283.42909959727103,-283.42909959727103,0
3197,283.4475631370149,-283.4475631370149,0
3198,283.4725869444039,-283.4725869444039,0
3199,283.47515552666954,-283.47515552666954,0
3200,283.46543163535404,-283.46543163535404,0
3201,283.44694438427945,-283.44694438427945,0
3202,283.4180685203003,-283.4180685203003,0
3203,283.3879891891442,-283.3879891891442,0
3204,283.3598343779608,-283.3598343779608,0
3205,283.3532737051886,-283.3532737051886,0
3206,283.3314730850473,-283.3314730850473,0
3207,283.31112205704545,-283.31112205704545,0
3208,283.30465793674824,-283.30465793674824,0
3209,283.30038245449447,-283.30038245449447,0
3210,283.3103374474168,-283.3103374474168,0
3211,283.3511101447646,-283.3511101447646,0
3212,283.38744837320854,-283.38744837320854,0
3213,283.425203111726,-283.425203111726,0
3214,283.49494912800674,-283.49494912800674,0
3215,283.564860474136,-283.564860474136,0
3216,283.6124069182964,-283.6124069182964,0
3217,283.65687290826077,-283.65687290826077,0
3218,283.69019777917595,-283.69019777917595,0
3219,283.70478788097876,-283.70478788097876,0
3220,283.71787943674,-283.71787943674,0
3221,283.72955999861415,-283.72955999861415,0
3222,283.7472760137091,-283.7472760137091,0
3223,283.74720481522473,-283.74720481522473,0
3224,283.7707828056341,-283.7707828056341,0
3225,283.76794227444236,-283.76794227444236,0
3226,283.7613255122319,-283.7613255122319,0
3227,283.7909151438189,-283.7909151438189,0
3228,283.78792155247845,-283.78792155247845,0
3229,283.77783999301977,-283.77783999301977,0
3230,283.76213411421116,-283.76213411421116,0
3231,283.7454377018878,-283.7454377018878,0
3232,283.7354052553868,-283.7354052553868,0
3233,283.7323191188662,-283.7323191188662,0
3234,283.7400495784796,-283.7400495784796,0
3235,283.7782785507262,-283.7782785507262,0
3236,283.80521296446943,-283.80521296446943,0
3237,283.8509290896545,-283.8509290896545,0
3238,283.92680267288154,-283.92680267288154,0
3239,283.97365668153225,-283.97365668153225,0
3240,284.0169647275339,-284.0169647275339,0
3241,284.05720025840816,-284.05720025840816,0
3242,284.0841564626319,-284.0841564626319,0
3243,284.10025986679574,-284.10025986679574,0
3244,284.1152944560529,-284.1152944560529,0
3245,284.1280807953901,-284.1280807953901,0
3246,284.14629415742195,-284.14629415742195,0
3247,284.14551028739754,-284.14551028739754,0
3248,284.14090734639836,-284.14090734639836,0
3249,284.1333771652673,-284.1333771652673,0
3250,284.11366900092946,-284.11366900092946,0
3251,284.0898277106924,-284.0898277106924,0
3252,284.0658050973268,-284.0658050973268,0
3253,284.0385880442451,-284.0385880442451,0
3254,284.0174098935785,-284.0174098935785,0
3255,284.00043935004976,-284.00043935004976,0
3256,283.98004411850997,-283.98004411850997,0
3257,283.97459481454746,-283.97459481454746,0
3258,283.97159235902114,-283.97159235902114,0
3259,283.9868926475298,-283.9868926475298,0
3260,284.01352551221066,-284.01352551221066,0
3261,284.0437759776436,-284.0437759776436,0
3262,284.0752252388563,-284.0752252388563,0
3263,284.1284348025635,-284.1284348025635,0
3264,284.17155808081844,-284.17155808081844,0
3265,284.19056811463025,-284.19056811463025,0
3266,284.2060938763072,-284.2060938763072,0
3267,284.219575261868,-284.219575261868,0
3268,284.2333408700911,-284.2333408700911,0
3269,284.2453209812728,-284.2453209812728,0
3270,284.25983459120573,-284.25983459120573,0
3271,284.2857770453005,-284.2857770453005,0
3272,284.29416383394073,-284.29416383394073,0
3273,284.2894819180316,-284.2894819180316,0
3274,284.2699423958721,-284.2699423958721,0
3275,284.2515209702217,-284.2515209702217,0
3276,284.2185757004469,-284.2185757004469,0
3277,284.1819167349911,-284.1819167349911,0
3278,284.1457764422235,-284.1457764422235,0
3279,284.11330507570955,-284.11330507570955,0
3280,284.09638955771186,-284.09638955771186,0
3281,284.08513414503483,-284.08513414503483,0
3282,284.081141542339,-284.081141542339,0
3283,284.1009828858208,-284.1009828858208,0
3284,284.1393975561612,-284.1393975561612,0
3285,284.1861830811884,-284.1861830811884,0
3286,284.2310833921288,-284.2310833921288,0
3287,284.28572314005334,-284.28572314005334,0
3288,284.31322313292765,-284.31322313292765,0
3289,284.32930603792045,-284.32930603792045,0
3290,284.3450465463036,-284.3450465463036,0
3291,284.3552324662286,-284.3552324662286,0
3292,284.3673387969393,-284.3673387969393,0
3293,284.3769536491864,-284.3769536491864,0
3294,284.3905323944829,-284.3905323944829,0
3295,284.38954766959387,-284.38954766959387,0
3296,284.4090019131755,-284.4090019131755,0
3297,284.4064942666802,-284.4064942666802,0
3298,284.3910353905002,-284.3910353905002,0
3299,284.3738112074921,-284.3738112074921,0
3300,284.3500472128754,-284.3500472128754,0
3301,284.3228585580478,-284.3228585580478,0
3302,284.289227386685,-284.289227386685,0
3303,284.2649617054088,-284.2649617054088,0
3304,284.295468680608,-284.295468680608,0
3305,284.29668859840405,-284.29668859840405,0
3306,284.31434223519886,-284.31434223519886,0
3307,284.3588882674017,-284.3588882674017,0
3308,284.4292972484882,-284.4292972484882,0
3309,284.4803545081732,-284.4803545081732,0
3310,284.5335954951448,-284.5335954951448,0
3311,284.5989754924399,-284.5989754924399,0
3312,284.6482160673791,-284.6482160673791,0
3313,284.6791006665419,-284.6791006665419,0
3314,284.6948877023083,-284.6948877023083,0
3315,284.71278722062794,-284.71278722062794,0
3316,284.7285985400555,-284.7285985400555,0
3317,284.7365680642753,-284.7365680642753,0
3318,284.74885951978587,-284.74885951978587,0
3319,284.76351727213415,-284.76351727213415,0
3320,284.7971658550113,-284.7971658550113,0
3321,284.816066957115,-284.816066957115,0
3322,284.80664267516767,-284.80664267516767,0
3323,284.78816340621944,-284.78816340621944,0
3324,284.7547471358324,-284.7547471358324,0
3325,284.71689959868587,-284.71689959868587,0
3326,284.6839893011753,-284.6839893011753,0
3327,284.6585352848155,-284.6585352848155,0
3328,284.6390296881623,-284.6390296881623,0
3329,284.628547186159,-284.628547186159,0
3330,284.6229195489804,-284.6229195489804,0
3331,284.63202595198436,-284.63202595198436,0
3332,284.65316896276283,-284.65316896276283,0
3333,284.6935002622285,-284.6935002622285,0
3334,284.73646758731434,-284.73646758731434,0
3335,284.8455348608341,-284.8455348608341,0
3336,284.9151839461171,-284.9151839461171,0
3337,284.9627016519287,-284.9627016519287,0
3338,284.9924231030498,-284.9924231030498,0
3339,285.0115207719875,-285.0115207719875,0
3340,285.029099225995,-285.029099225995,0
3341,285.034560526103,-285.034560526103,0
3342,285.0515712026464,-285.0515712026464,0
3343,285.06299003723535,-285.06299003723535,0
3344,285.0596789353903,-285.0596789353903,0
3345,285.05060509196915,-285.05060509196915,0
3346,285.02899813778254,-285.02899813778254,0
3347,284.9975568563311,-284.9975568563311,0
3348,284.9593109374939,-284.9593109374939,0
3349,284.92461639998396,-284.92461639998396,0
3350,284.885628810956,-284.885628810956,0
3351,284.84975331644404,-284.84975331644404,0
3352,284.8266880913123,-284.8266880913123,0
3353,284.8111257073308,-284.8111257073308,0
3354,284.82220151623903,-284.82220151623903,0
3355,284.8409801878223,-284.8409801878223,0
3356,284.8567240044928,-284.8567240044928,0
3357,284.8778751446864,-284.8778751446864,0
3358,284.9089469967323,-284.9089469967323,0
3359,284.95223815492164,-284.95223815492164,0
3360,284.99473683078605,-284.99473683078605,0
3361,285.0317310578738,-285.0317310578738,0
3362,285.0505985604209,-285.0505985604209,0
3363,285.06080758892705,-285.06080758892705,0
3364,285.0739652399529,-285.0739652399529,0
3365,285.0827156268077,-285.0827156268077,0
3366,285.1006211526236,-285.1006211526236,0
3367,285.10102285790447,-285.10102285790447,0
3368,285.0965083222409,-285.0965083222409,0
3369,285.08670194522915,-285.08670194522915,0
3370,285.45805589688894,-285.45805589688894,0
3371,285.5122502289265,-285.5122502289265,0
3372,285.484689668909,-285.484689668909,0
3373,285.4555979368706,-285.4555979368706,0
3374,285.443740499098,-285.443740499098,0
3375,285.44092085267994,-285.44092085267994,0
3376,285.4352930859463,-285.4352930859463,0
3377,285.4338375450124,-285.4338375450124,0
3378,285.4398899526848,-285.4398899526848,0
3379,285.46371403539183,-285.46371403539183,0
3380,285.49599821865905,-285.49599821865905,0
3381,285.5236054127894,-285.5236054127894,0
3382,285.56307898285064,-285.56307898285064,0
3383,285.61345139538093,-285.61345139538093,0
3384,285.65646144295295,-285.65646144295295,0
3385,285.69584814593173,-285.69584814593173,0
3386,285.7160367159628,-285.7160367159628,0
3387,285.733113887839,-285.733113887839,0
3388,285.7465797201799,-285.7465797201799,0
3389,285.770613152689,-285.770613152689,0
3390,285.7991515853058,-285.7991515853058,0
3391,285.80435784014577,-285.80435784014577,0
3392,286.47817510784904,-286.47817510784904,0
3393,287.2306468910294,-287.2306468910294,0
3394,287.410163608491,-287.410163608491,0
3395,287.39291149315045,-287.39291149315045,0
3396,287.3596891089336,-287.3596891089336,0
3397,287.32957109225157,-287.32957109225157,0
3398,287.2908272200066,-287.2908272200066,0
3399,287.2563417490642,-287.2563417490642,0
3400,287.23280774323393,-287.23280774323393,0
3401,287.2185710885295,-287.2185710885295,0
3402,287.20991204492293,-287.20991204492293,0
3403,287.2173658508495,-287.2173658508495,0
3404,287.2266279933931,-287.2266279933931,0
3405,287.2422951518901,-287.2422951518901,0
3406,287.26335590506733,-287.26335590506733,0
3407,287.2981810604209,-287.2981810604209,0
3408,287.32766464048035,-287.32766464048035,0
3409,287.3558052220271,-287.3558052220271,0
3410,287.37534364085377,-287.37534364085377,0
3411,287.41092675525357,-287.41092675525357,0
3412,287.4291798077762,-287.4291798077762,0
3413,287.42521008832796,-287.42521008832796,0
3414,287.41677180034236,-287.41677180034236,0
3415,287.42404474986296,-287.42404474986296,0
3416,287.45232870804375,-287.45232870804375,0
3417,287.4570126129656,-287.4570126129656,0
3418,287.43562024970777,-287.43562024970777,0
3419,287.41075456684734,-287.41075456684734,0
3420,287.38029016745435,-287.38029016745435,0
3421,287.34098806613446,-287.34098806613446,0
3422,287.3122874794952,-287.3122874794952,0
3423,287.28250066735745,-287.28250066735745,0
3424,287.26163018639653,-287.26163018639653,0
3425,287.24770291431787,-287.24770291431787,0
3426,287.2415015464415,-287.2415015464415,0
3427,287.2472556410392,-287.2472556410392,0
3428,287.2733114949559,-287.2733114949559,0
3429,287.28898238333227,-287.28898238333227,0
3430,287.3108983438782,-287.3108983438782,0
3431,287.3413535957526,-287.3413535957526,0
3432,287.3797736398409,-287.3797736398409,0
3433,287.4099187156753,-287.4099187156753,0
3434,287.42512555136625,-287.42512555136625,0
3435,287.44486405240553,-287.44486405240553,0
3436,287.4595077455987,-287.4595077455987,0
3437,287.464568301384,-287.464568301384,0
3438,287.47826586470023,-287.47826586470023,0
3439,287.49163024174015,-287.49163024174015,0
3440,287.4881373709244,-287.4881373709244,0
3441,287.47822070424263,-287.47822070424263,0
3442,287.4531374701855,-287.4531374701855,0
3443,287.41982254584923,-287.41982254584923,0
3444,287.38046667530654,-287.38046667530654,0
3445,287.337603520463,-287.337603520463,0
3446,287.2947353677194,-287.2947353677194,0
3447,287.25842284014556,-287.25842284014556,0
3448,287.2320055629039,-287.2320055629039,0
3449,287.21389073908307,-287.21389073908307,0
3450,287.2048205048007,-287.2048205048007,0
3451,287.20770737132625,-287.20770737132625,0
3452,287.2192323608648,-287.2192323608648,0
3453,287.23556947603464,-287.23556947603464,0
3454,287.2588772448127,-287.2588772448127,0
3455,287.2970410585659,-287.2970410585659,0
3456,287.3357007753058,-287.3357007753058,0
3457,287.3623263729982,-287.3623263729982,0
3458,287.38362017929376,-287.38362017929376,0
3459,287.3949694492483,-287.3949694492483,0
3460,287.4074399257006,-287.4074399257006,0
3461,287.41810228986134,-287.41810228986134,0
3462,287.4360386210504,-287.4360386210504,0
3463,287.4548289959602,-287.4548289959602,0
3464,287.45027846506594,-287.45027846506594,0
3465,287.43763596258816,-287.43763596258816,0
3466,287.4128760513941,-287.4128760513941,0
3467,287.37921859703863,-287.37921859703863,0
3468,287.3392208977996,-287.3392208977996,0
3469,287.29657849842755,-287.29657849842755,0
3470,287.2554564256329,-287.2554564256329,0
3471,287.2191968415641,-287.2191968415641,0
3472,287.19296313606606,-287.19296313606606,0
3473,287.17821786985587,-287.17821786985587,0
3474,287.1700618897479,-287.1700618897479,0
3475,287.1707608504059,-287.1707608504059,0
3476,287.17769628677667,-287.17769628677667,0
3477,287.1993406987493,-287.1993406987493,0
3478,287.22112039832757,-287.22112039832757,0
3479,287.2448432779267,-287.2448432779267,0
3480,287.2717681329104,-287.2717681329104,0
3481,287.2972320279058,-287.2972320279058,0
3482,287.3128813360576,-287.3128813360576,0
3483,287.32084986871433,-287.32084986871433,0
3484,287.33389555578367,-287.33389555578367,0
3485,287.34350435167744,-287.34350435167744,0
3486,287.35971014517486,-287.35971014517486,0
3487,287.3778127231828,-287.3778127231828,0
3488,287.37366009229345,-287.37366009229345,0
3489,287.3612348172595,-287.3612348172595,0
3490,287.6729788369605,-287.6729788369605,0
3491,288.40654584983037,-288.40654584983037,0
3492,288.59126565788205,-288.59126565788205,0
3493,288.5697486056127,-288.5697486056127,0
3494,288.54120404359435,-288.54120404359435,0
3495,288.50788522783296,-288.50788522783296,0
3496,288.4874902781916,-288.4874902781916,0
3497,288.4772172539547,-288.4772172539547,0
3498,288.4684581388898,-288.4684581388898,0
3499,288.4775902226267,-288.4775902226267,0
3500,288.5032017757516,-288.5032017757516,0
3501,288.5294180797727,-288.5294180797727,0
3502,288.5888031712873,-288.5888031712873,0
3503,288.64810585157386,-288.64810585157386,0
3504,288.6884478301293,-288.6884478301293,0
3505,288.71598193685577,-288.71598193685577,0
3506,288.7349684958183,-288.7349684958183,0
3507,288.74526774566795,-288.74526774566795,0
3508,288.75709286939724,-288.75709286939724,0
3509,288.77719419371664,-288.77719419371664,0
3510,288.8021272012552,-288.8021272012552,0
3511,288.7987821287259,-288.7987821287259,0
3512,288.78248443799487,-288.78248443799487,0
3513,288.77649197791555,-288.77649197791555,0
3514,288.76424996234675,-288.76424996234675,0
3515,288.7353495686269,-288.7353495686269,0
3516,288.69481577202004,-288.69481577202004,0
3517,288.6636397896527,-288.6636397896527,0
3518,288.6314868036186,-288.6314868036186,0
3519,288.5977981151452,-288.5977981151452,0
3520,288.5760179797122,-288.5760179797122,0
3521,288.5605624027358,-288.5605624027358,0
3522,288.551688267323,-288.551688267323,0
3523,288.554427701399,-288.554427701399,0
3524,288.562271455422,-288.562271455422,0
3525,288.58289619170716,-288.58289619170716,0
3526,288.6019111496284,-288.6019111496284,0
3527,288.6348590362591,-288.6348590362591,0
3528,288.6713454329255,-288.6713454329255,0
3529,288.695726658632,-288.695726658632,0
3530,288.7105139885043,-288.7105139885043,0
3531,288.72322041249237,-288.72322041249237,0
3532,288.73540954015755,-288.73540954015755,0
3533,288.7451365941278,-288.7451365941278,0
3534,288.75537351230184,-288.75537351230184,0
3535,288.75466705357684,-288.75466705357684,0
3536,288.8971484831855,-288.8971484831855,0
3537,289.4411990915236,-289.4411990915236,0
3538,289.9854659200535,-289.9854659200535,0
3539,290.33306457315257,-290.33306457315257,0
3540,290.35558608721567,-290.35558608721567,0
3541,290.33946544512634,-290.33946544512634,0
3542,290.3705516924559,-290.3705516924559,0
3543,290.3619446345707,-290.3619446345707,0
3544,290.34452896838656,-290.34452896838656,0
3545,290.3327622975856,-290.3327622975856,0
3546,290.32559144339234,-290.32559144339234,0
3547,290.33313502744375,-290.33313502744375,0
3548,290.34954704670633,-290.34954704670633,0
3549,290.3584125276342,-290.3584125276342,0
3550,290.37873634770045,-290.37873634770045,0
3551,290.4027497763524,-290.4027497763524,0
3552,290.4294638274213,-290.4294638274213,0
3553,290.45460755204397,-290.45460755204397,0
3554,290.47585994959303,-290.47585994959303,0
3555,290.4950641222148,-290.4950641222148,0
3556,290.5205494167432,-290.5205494167432,0
3557,290.52627105160445,-290.52627105160445,0
3558,290.5228861680944,-290.5228861680944,0
3559,290.5104274754498,-290.5104274754498,0
3560,290.50630591598656,-290.50630591598656,0
3561,290.8332875770762,-290.8332875770762,0
3562,291.37373764628205,-291.37373764628205,0
3563,291.3785858874468,-291.3785858874468,0
3564,291.35943313503475,-291.35943313503475,0
3565,291.3230616062093,-291.3230616062093,0
3566,291.28583304420994,-291.28583304420994,0
3567,291.2532084732598,-291.2532084732598,0
3568,291.2316626309386,-291.2316626309386,0
3569,291.21664800521233,-291.21664800521233,0
3570,291.20674438672984,-291.20674438672984,0
3571,291.21258469219106,-291.21258469219106,0
3572,291.2247630943816,-291.2247630943816,0
3573,291.2476765236607,-291.2476765236607,0
3574,291.27097365262784,-291.27097365262784,0
3575,291.30861784906944,-291.30861784906944,0
3576,291.3383201455044,-291.3383201455044,0
3577,291.3665720886814,-291.3665720886814,0
3578,291.3829876658109,-291.3829876658109,0
3579,291.39952123745024,-291.39952123745024,0
3580,291.4250358934196,-291.4250358934196,0
3581,291.4421097987661,-291.4421097987661,0
3582,291.44178799238273,-291.44178799238273,0
3583,291.4321347315162,-291.4321347315162,0
3584,291.4308987375375,-291.4308987375375,0
3585,291.45772727215774,-291.45772727215774,0
3586,291.45235542116666,-291.45235542116666,0
3587,291.4404116527226,-291.4404116527226,0
3588,291.4238844826184,-291.4238844826184,0
3589,291.41037162413045,-291.41037162413045,0
3590,291.40004298337476,-291.40004298337476,0
3591,291.3877738024181,-291.3877738024181,0
3592,291.3810232865942,-291.3810232865942,0
3593,291.37306846364095,-291.37306846364095,0
3594,291.36841504841425,-291.36841504841425,0
3595,291.3783019223457,-291.3783019223457,0
3596,291.40661300744176,-291.40661300744176,0
3597,291.4236654234506,-291.4236654234506,0
3598,291.44641563275167,-291.44641563275167,0
3599,291.47731360613454,-291.47731360613454,0
3600,291.5064379880663,-291.5064379880663,0
3601,291.5337200013738,-291.5337200013738,0
3602,291.55020841546315,-291.55020841546315,0
3603,291.5633713038722,-291.5633713038722,0
3604,291.5801767179471,-291.5801767179471,0
3605,291.5893947037592,-291.5893947037592,0
3606,291.60017421123547,-291.60017421123547,0
3607,291.6044756727246,-291.6044756727246,0
3608,291.60031382635356,-291.60031382635356,0
3609,291.92111635989573,-291.92111635989573,0
3610,292.5159501838304,-292.5159501838304,0
3611,293.3960411217057,-293.3960411217057,0
3612,293.98586033635166,-293.98586033635166,0
3613,294.16626518345754,-294.16626518345754,0
3614,294.2493289821913,-294.2493289821913,0
3615,294.31522120905606,-294.31522120905606,0
3616,294.57519520525665,-294.57519520525665,0
3617,294.6294703988009,-294.6294703988009,0
3618,294.6722419390863,-294.6722419390863,0
3619,294.7553377086335,-294.7553377086335,0
3620,294.82361292911287,-294.82361292911287,0
3621,294.8775357466614,-294.8775357466614,0
3622,294.93005479842907,-294.93005479842907,0
3623,295.0101364647902,-295.0101364647902,0
3624,295.076379146652,-295.076379146652,0
3625,295.1163433025776,-295.1163433025776,0
3626,295.1371509378674,-295.1371509378674,0
3627,295.1583663739364,-295.1583663739364,0
3628,295.1833612747424,-295.1833612747424,0
3629,295.2017379027281,-295.2017379027281,0
3630,295.20321555609564,-295.20321555609564,0
3631,295.2011955648187,-295.2011955648187,0
3632,295.19319589573286,-295.19319589573286,0
3633,295.19891178243023,-295.19891178243023,0
3634,295.289586471607,-295.289586471607,0
3635,295.4005366540693,-295.4005366540693,0
3636,295.4133722675803,-295.4133722675803,0
3637,295.3977246457962,-295.3977246457962,0
3638,295.38874594003556,-295.38874594003556,0
3639,295.37978558856327,-295.37978558856327,0
3640,295.3735850337464,-295.3735850337464,0
3641,295.3689282117158,-295.3689282117158,0
3642,295.37515198325394,-295.37515198325394,0
3643,295.40353676338145,-295.40353676338145,0
3644,295.4798693444829,-295.4798693444829,0
3645,295.51774296583113,-295.51774296583113,0
3646,295.56605550704955,-295.56605550704955,0
3647,295.60833089827105,-295.60833089827105,0
3648,295.653806263369,-295.653806263369,0
3649,295.6849230132633,-295.6849230132633,0
3650,295.7039810454661,-295.7039810454661,0
3651,295.71955362470084,-295.71955362470084,0
3652,295.7342249755947,-295.7342249755947,0
3653,295.74914169668546,-295.74914169668546,0
3654,295.7642117582565,-295.7642117582565,0
3655,295.7887012792599,-295.7887012792599,0
3656,295.78274047506096,-295.78274047506096,0
3657,295.77224366124045,-295.77224366124045,0
3658,295.7497993663458,-295.7497993663458,0
3659,295.72230259318206,-295.72230259318206,0
3660,295.70178193732147,-295.70178193732147,0
3661,295.6765302944695,-295.6765302944695,0
3662,295.6513190854821,-295.6513190854821,0
3663,295.62573426931783,-295.62573426931783,0
3664,295.6115514610227,-295.6115514610227,0
3665,295.6000178130393,-295.6000178130393,0
3666,295.5943271857984,-295.5943271857984,0
3667,295.6097967732887,-295.6097967732887,0
3668,295.62695658054105,-295.62695658054105,0
3669,295.64501715192614,-295.64501715192614,0
3670,295.6685299659909,-295.6685299659909,0
3671,295.6972067916605,-295.6972067916605,0
3672,295.74050651421345,-295.74050651421345,0
3673,295.7730415486231,-295.7730415486231,0
3674,295.79125214015653,-295.79125214015653,0
3675,295.8060081051918,-295.8060081051918,0
3676,295.81836572837705,-295.81836572837705,0
3677,295.8288893319189,-295.8288893319189,0
3678,295.84683056740846,-295.84683056740846,0
3679,295.86175958800044,-295.86175958800044,0
3680,295.8681727256496,-295.8681727256496,0
3681,295.88888770744495,-295.88888770744495,0
3682,295.9181121944255,-295.9181121944255,0
3683,295.9478112238669,-295.9478112238669,0
3684,295.96559978246586,-295.96559978246586,0
3685,295.995968924008,-295.995968924008,0
3686,296.019755520262,-296.019755520262,0
3687,296.3812577760945,-296.3812577760945,0
3688,297.01868191559976,-297.01868191559976,0
3689,297.15469551148584,-297.15469551148584,0
3690,297.21883566461463,-297.21883566461463,0
3691,297.2589498290434,-297.2589498290434,0
3692,297.2816071366156,-297.2816071366156,0
3693,297.29853698454156,-297.29853698454156,0
3694,297.3182561987497,-297.3182561987497,0
3695,297.38204497251945,-297.38204497251945,0
3696,297.42305921012866,-297.42305921012866,0
3697,297.4551383572741,-297.4551383572741,0
3698,297.4733753868414,-297.4733753868414,0
3699,297.4965038609529,-297.4965038609529,0
3700,297.512903391304,-297.512903391304,0
3701,297.5281931387882,-297.5281931387882,0
3702,297.5360049239351,-297.5360049239351,0
3703,297.53192607128994,-297.53192607128994,0
3704,297.81688530618317,-297.81688530618317,0
3705,297.8253481261117,-297.8253481261117,0
3706,298.27834544297485,-298.27834544297485,0
3707,298.92265911054903,-298.92265911054903,0
3708,299.37255829834174,-299.37255829834174,0
3709,299.93564061988906,-299.93564061988906,0
3710,300.04904758103663,-300.04904758103663,0
3711,300.0947080334795,-300.0947080334795,0
3712,300.12142562783896,-300.12142562783896,0
3713,300.1271066117777,-300.1271066117777,0
3714,300.1573256646386,-300.1573256646386,0
3715,300.1829641495295,-300.1829641495295,0
3716,300.21808930104845,-300.21808930104845,0
3717,300.2448775651129,-300.2448775651129,0
3718,300.2795431273979,-300.2795431273979,0
3719,300.3157192100394,-300.3157192100394,0
3720,300.35446526268237,-300.35446526268237,0
3721,300.39290762087785,-300.39290762087785,0
3722,300.41531549680644,-300.41531549680644,0
3723,300.44434074684824,-300.44434074684824,0
3724,300.46242031205486,-300.46242031205486,0
3725,300.4692838045488,-300.4692838045488,0
3726,300.4841014422962,-300.4841014422962,0
3727,300.48289119461367,-300.48289119461367,0
3728,300.4674899610527,-300.4674899610527,0
3729,300.44738648084785,-300.44738648084785,0
3730,300.41967216097675,-300.41967216097675,0
3731,300.40094851036514,-300.40094851036514,0
3732,300.37694857529954,-300.37694857529954,0
3733,300.3488081688047,-300.3488081688047,0
3734,300.3215318430009,-300.3215318430009,0
3735,300.2907473058987,-300.2907473058987,0
3736,300.2774871590732,-300.2774871590732,0
3737,300.2652383673376,-300.2652383673376,0
3738,300.2586219964579,-300.2586219964579,0
3739,300.2741748203004,-300.2741748203004,0
3740,300.2921827778365,-300.2921827778365,0
3741,300.3065440141359,-300.3065440141359,0
3742,300.3260081905741,-300.3260081905741,0
3743,300.37140933036386,-300.37140933036386,0
3744,300.4071240296459,-300.4071240296459,0
3745,300.43635519608614,-300.43635519608614,0
3746,300.45295140552963,-300.45295140552963,0
3747,300.4638278529875,-300.4638278529875,0
3748,300.47643840173083,-300.47643840173083,0
3749,300.4838059093688,-300.4838059093688,0
3750,300.49902178176427,-300.49902178176427,0
3751,300.4968697572743,-300.4968697572743,0
3752,300.50066306580914,-300.50066306580914,0
3753,300.4981727749014,-300.4981727749014,0
3754,300.4875200571006,-300.4875200571006,0
3755,300.4756218098174,-300.4756218098174,0
3756,300.46535661184043,-300.46535661184043,0
3757,300.4842555124177,-300.4842555124177,0
3758,300.4972483828541,-300.4972483828541,0
3759,300.5011725578492,-300.5011725578492,0
3760,300.50863005302176,-300.50863005302176,0
3761,300.51184148873415,-300.51184148873415,0
3762,300.5207133397408,-300.5207133397408,0
3763,300.5353089253263,-300.5353089253263,0
3764,300.5513469995325,-300.5513469995325,0
3765,300.565428018257,-300.565428018257,0
3766,300.5813620240202,-300.5813620240202,0
3767,300.6070681967185,-300.6070681967185,0
3768,300.64538717370885,-300.64538717370885,0
3769,300.67460018650877,-300.67460018650877,0
3770,300.69047327178026,-300.69047327178026,0
3771,300.70748359760626,-300.70748359760626,0
3772,300.72245689871085,-300.72245689871085,0
3773,300.73230738045214,-300.73230738045214,0
3774,300.74745381094726,-300.74745381094726,0
3775,300.7632628152281,-300.7632628152281,0
3776,300.7661750187979,-300.7661750187979,0
3777,300.7623717799614,-300.7623717799614,0
3778,301.38271327386633,-301.38271327386633,0
3779,301.84992447542135,-301.84992447542135,0
3780,301.9083256515514,-301.9083256515514,0
3781,301.907354974444,-301.907354974444,0
3782,301.8977565232601,-301.8977565232601,0
3783,301.88542038742986,-301.88542038742986,0
3784,301.87647131221127,-301.87647131221127,0
3785,301.8712716284508,-301.8712716284508,0
3786,301.86711832518534,-301.86711832518534,0
3787,301.87959377828975,-301.87959377828975,0
3788,301.8992361038442,-301.8992361038442,0
3789,301.9108138444065,-301.9108138444065,0
3790,301.92824469242834,-301.92824469242834,0
3791,301.9628236384354,-301.9628236384354,0
3792,301.99657069254164,-301.99657069254164,0
3793,302.02265829881947,-302.02265829881947,0
3794,302.0414289732577,-302.0414289732577,0
3795,302.05575431753334,-302.05575431753334,0
3796,302.06697338264775,-302.06697338264775,0
3797,302.09819861278487,-302.09819861278487,0
3798,302.1141844283934,-302.1141844283934,0
3799,302.1049329272871,-302.1049329272871,0
3800,302.271150578878,-302.271150578878,0
3801,302.7684803884784,-302.7684803884784,0
3802,303.3045235043034,-303.3045235043034,0
3803,303.73273548352023,-303.73273548352023,0
3804,304.0048736928879,-304.0048736928879,0
3805,304.14184978807145,-304.14184978807145,0
3806,304.12427709569636,-304.12427709569636,0
3807,304.1001910529534,-304.1001910529534,0
3808,304.07913114470944,-304.07913114470944,0
3809,304.06419418354415,-304.06419418354415,0
3810,304.0563190011401,-304.0563190011401,0
3811,304.07809579161034,-304.07809579161034,0
3812,304.0871708160661,-304.0871708160661,0
3813,304.0940117009958,-304.0940117009958,0
3814,304.1110244241321,-304.1110244241321,0
3815,304.1459574020342,-304.1459574020342,0
3816,304.1888460537758,-304.1888460537758,0
3817,304.2236460569961,-304.2236460569961,0
3818,304.2421970577896,-304.2421970577896,0
3819,304.2702015550503,-304.2702015550503,0
3820,304.2907002639462,-304.2907002639462,0
3821,304.2944293480916,-304.2944293480916,0
3822,304.2906146647364,-304.2906146647364,0
3823,304.28501238122027,-304.28501238122027,0
3824,304.2766896230957,-304.2766896230957,0
3825,304.2671445378114,-304.2671445378114,0
3826,304.4392621068758,-304.4392621068758,0
3827,304.94770446783207,-304.94770446783207,0
3828,305.6621507274859,-305.6621507274859,0
3829,306.25098906970396,-306.25098906970396,0
3830,306.33581999767824,-306.33581999767824,0
3831,306.3192499567877,-306.3192499567877,0
3832,306.30563587320205,-306.30563587320205,0
3833,306.2960528165444,-306.2960528165444,0
3834,306.2892644320475,-306.2892644320475,0
3835,306.3032248972389,-306.3032248972389,0
3836,306.3250883398526,-306.3250883398526,0
3837,306.34366015228727,-306.34366015228727,0
3838,306.4347986411531,-306.4347986411531,0
3839,306.4725087334267,-306.4725087334267,0
3840,306.50968194046385,-306.50968194046385,0
3841,306.54096904337837,-306.54096904337837,0
3842,306.55832396414496,-306.55832396414496,0
3843,306.5691702551053,-306.5691702551053,0
3844,306.5799758682358,-306.5799758682358,0
3845,306.6002419126196,-306.6002419126196,0
3846,306.6224242181514,-306.6224242181514,0
3847,306.63081475173965,-306.63081475173965,0
3848,306.61773005424425,-306.61773005424425,0
3849,306.5969205316187,-306.5969205316187,0
3850,306.56732988128437,-306.56732988128437,0
3851,306.9682668454386,-306.9682668454386,0
3852,307.4731445238049,-307.4731445238049,0
3853,307.46906438575536,-307.46906438575536,0
3854,307.44134857621543,-307.44134857621543,0
3855,307.4118012465561,-307.4118012465561,0
3856,307.3921956129487,-307.3921956129487,0
3857,307.3760483755888,-307.3760483755888,0
3858,307.36488751605236,-307.36488751605236,0
3859,307.36321610217027,-307.36321610217027,0
3860,307.36760636148944,-307.36760636148944,0
3861,307.37840190172085,-307.37840190172085,0
3862,307.3941418564112,-307.3941418564112,0
3863,307.4102077172226,-307.4102077172226,0
3864,307.43560234737635,-307.43560234737635,0
3865,307.45954782411627,-307.45954782411627,0
3866,307.4851553668017,-307.4851553668017,0
3867,307.5001871753596,-307.5001871753596,0
3868,307.5134039783237,-307.5134039783237,0
3869,307.52411297275074,-307.52411297275074,0
3870,307.54998929206823,-307.54998929206823,0
3871,307.5733364218735,-307.5733364218735,0
3872,307.5673967593798,-307.5673967593798,0
3873,307.6918698165231,-307.6918698165231,0
3874,308.26755020503276,-308.26755020503276,0
3875,308.48270223557637,-308.48270223557637,0
3876,308.5615916668577,-308.5615916668577,0
3877,309.13941329656916,-309.13941329656916,0
3878,309.5457797533093,-309.5457797533093,0
3879,309.75773817717806,-309.75773817717806,0
3880,309.793600004439,-309.793600004439,0
3881,309.7961145637844,-309.7961145637844,0
3882,309.8395888840762,-309.8395888840762,0
3883,309.87207998149955,-309.87207998149955,0
3884,309.9101575362959,-309.9101575362959,0
3885,309.94770573982055,-309.94770573982055,0
3886,309.9874111575824,-309.9874111575824,0
3887,310.02787120234035,-310.02787120234035,0
3888,310.0557917899979,-310.0557917899979,0
3889,310.0877384461041,-310.0877384461041,0
3890,310.1159043083581,-310.1159043083581,0
3891,310.1328848438663,-310.1328848438663,0
3892,310.15779984487597,-310.15779984487597,0
3893,310.18085291185076,-310.18085291185076,0
3894,310.1888316876215,-310.1888316876215,0
3895,310.1850135753563,-310.1850135753563,0
3896,310.6384187678954,-310.6384187678954,0
3897,311.26751807180466,-311.26751807180466,0
3898,311.88680152941095,-311.88680152941095,0
3899,312.54061571333347,-312.54061571333347,0
3900,313.2514728455594,-313.2514728455594,0
3901,314.05881891145265,-314.05881891145265,0
3902,314.33140740586873,-314.33140740586873,0
3903,314.55428785984,-314.55428785984,0
3904,314.57457882019855,-314.57457882019855,0
3905,314.57809796230134,-314.57809796230134,0
3906,314.58203583737793,-314.58203583737793,0
3907,314.6011799126596,-314.6011799126596,0
3908,314.62027936543353,-314.62027936543353,0
3909,314.64113626467224,-314.64113626467224,0
3910,314.670582091389,-314.670582091389,0
3911,314.7037381207455,-314.7037381207455,0
3912,314.7311972483211,-314.7311972483211,0
3913,314.75670174532075,-314.75670174532075,0
3914,314.7733475934751,-314.7733475934751,0
3915,314.80263304069,-314.80263304069,0
3916,314.8190482806743,-314.8190482806743,0
3917,314.8168549794326,-314.8168549794326,0
3918,314.8120190441949,-314.8120190441949,0
3919,314.80396399615756,-314.80396399615756,0
3920,314.7946417136192,-314.7946417136192,0
3921,314.77881115840734,-314.77881115840734,0
3922,314.75187903690426,-314.75187903690426,0
3923,314.72819281440525,-314.72819281440525,0
3924,314.70563187991354,-314.70563187991354,0
3925,314.67998850353723,-314.67998850353723,0
3926,314.64777972809964,-314.64777972809964,0
3927,314.61656184774586,-314.61656184774586,0
3928,314.59711404354675,-314.59711404354675,0
3929,314.5827718235684,-314.5827718235684,0
3930,314.5740595580249,-314.5740595580249,0
3931,314.5779017202183,-314.5779017202183,0
3932,314.5927009331234,-314.5927009331234,0
3933,314.6063232373634,-314.6063232373634,0
3934,314.62190606411724,-314.62190606411724,0
3935,314.64474423166405,-314.64474423166405,0
3936,314.6806569951102,-314.6806569951102,0
3937,314.69790654641577,-314.69790654641577,0
3938,314.71057293018515,-314.71057293018515,0
3939,314.72395848711136,-314.72395848711136,0
3940,314.73932869177605,-314.73932869177605,0
3941,314.7517739306693,-314.7517739306693,0
3942,314.7671510926372,-314.7671510926372,0
3943,314.77206359450923,-314.77206359450923,0
3944,314.78457445395316,-314.78457445395316,0
3945,314.7933443839611,-314.7933443839611,0
3946,314.79126794752955,-314.79126794752955,0
3947,314.78804449015354,-314.78804449015354,0
3948,314.7830256312175,-314.7830256312175,0
3949,314.7813457224029,-314.7813457224029,0
3950,314.7801417075296,-314.7801417075296,0
3951,314.7795413236907,-314.7795413236907,0
3952,314.7767666978681,-314.7767666978681,0
3953,314.77424914101596,-314.77424914101596,0
3954,314.7733816364615,-314.7733816364615,0
3955,314.80173195458286,-314.80173195458286,0
3956,314.8283173436893,-314.8283173436893,0
3957,314.8457356556996,-314.8457356556996,0
3958,314.8773667912776,-314.8773667912776,0
3959,314.9108466006549,-314.9108466006549,0
3960,314.9370712527099,-314.9370712527099,0
3961,314.95080516151353,-314.95080516151353,0
3962,314.9621923852286,-314.9621923852286,0
3963,314.9770068025648,-314.9770068025648,0
3964,314.9905195416376,-314.9905195416376,0
3965,315.00697428644133,-315.00697428644133,0
3966,315.0178381490604,-315.0178381490604,0
3967,315.0178324586178,-315.0178324586178,0
3968,315.015043759935,-315.015043759935,0
3969,315.0073182867424,-315.0073182867424,0
3970,315.0037990036802,-315.0037990036802,0
3971,314.9857652478025,-314.9857652478025,0
3972,314.9674471734856,-314.9674471734856,0
3973,314.9612215967005,-314.9612215967005,0
3974,314.95696922017845,-314.95696922017845,0
3975,314.95388984421095,-314.95388984421095,0
3976,314.95384750694365,-314.95384750694365,0
3977,314.95350910532767,-314.95350910532767,0
3978,314.95288782865464,-314.95288782865464,0
3979,314.9660195945352,-314.9660195945352,0
3980,314.9863641596746,-314.9863641596746,0
3981,315.0031882069251,-315.0031882069251,0
3982,315.0295301522383,-315.0295301522383,0
3983,315.06535700609703,-315.06535700609703,0
3984,315.09917092517554,-315.09917092517554,0
3985,315.12185059198606,-315.12185059198606,0
3986,315.1385036837995,-315.1385036837995,0
3987,315.158202837559,-315.158202837559,0
3988,315.1716827014132,-315.1716827014132,0
3989,315.18450319671706,-315.18450319671706,0
3990,315.1972786942091,-315.1972786942091,0
3991,315.19636558248277,-315.19636558248277,0
3992,315.1963022494735,-315.1963022494735,0
3993,315.19445246961703,-315.19445246961703,0
3994,315.17490761762707,-315.17490761762707,0
3995,315.1494636434682,-315.1494636434682,0
3996,315.124619117119,-315.124619117119,0
3997,315.11349401574154,-315.11349401574154,0
3998,315.33407581454503,-315.33407581454503,0
3999,315.8629092317063,-315.8629092317063,0
4000,316.2130516648981,-316.2130516648981,0
4001,316.3020359561184,-316.3020359561184,0
4002,316.3529530375621,-316.3529530375621,0
4003,316.39940194711687,-316.39940194711687,0
4004,316.4423635928583,-316.4423635928583,0
4005,316.4787126447612,-316.4787126447612,0
4006,316.52289616668395,-316.52289616668395,0
4007,316.55708872412214,-316.55708872412214,0
4008,316.6014735067531,-316.6014735067531,0
4009,316.62429656258576,-316.62429656258576,0
4010,316.63913522056964,-316.63913522056964,0
4011,316.6530728708547,-316.6530728708547,0
4012,316.6657703881672,-316.6657703881672,0
4013,316.67215742024405,-316.67215742024405,0
4014,316.6848467486585,-316.6848467486585,0
4015,316.70247236882744,-316.70247236882744,0
4016,316.70048938462713,-316.70048938462713,0
4017,316.6950623010531,-316.6950623010531,0
4018,316.67073614550054,-316.67073614550054,0
4019,316.6326910379615,-316.6326910379615,0
4020,316.5856222677646,-316.5856222677646,0
4021,316.5543057488487,-316.5543057488487,0
4022,316.53762744249417,-316.53762744249417,0
4023,316.51264006259703,-316.51264006259703,0
4024,316.4922895761807,-316.4922895761807,0
4025,316.4771061888249,-316.4771061888249,0
4026,316.4707169098586,-316.4707169098586,0
4027,316.49241931424444,-316.49241931424444,0
4028,316.51557029429875,-316.51557029429875,0
4029,316.5494355531324,-316.5494355531324,0
4030,316.5762623868131,-316.5762623868131,0
4031,316.62387459080566,-316.62387459080566,0
4032,316.66647356397135,-316.66647356397135,0
4033,316.6939847947145,-316.6939847947145,0
4034,316.7126241461345,-316.7126241461345,0
4035,316.7234293840977,-316.7234293840977,0
4036,316.73749201541347,-316.73749201541347,0
4037,316.74419744364707,-316.74419744364707,0
4038,316.7591468564394,-316.7591468564394,0
4039,316.7780534480038,-316.7780534480038,0
4040,316.7765443507711,-316.7765443507711,0
4041,316.76662169857383,-316.76662169857383,0
4042,316.8923659082591,-316.8923659082591,0
4043,316.87425381849374,-316.87425381849374,0
4044,316.845825840985,-316.845825840985,0
4045,317.25936431363294,-317.25936431363294,0
4046,317.70966608128,-317.70966608128,0
4047,318.0389347202974,-318.0389347202974,0
4048,318.67513417487487,-318.67513417487487,0
4049,319.2080077501867,-319.2080077501867,0
4050,319.3241661496285,-319.3241661496285,0
4051,319.40588600182855,-319.40588600182855,0
4052,319.4943399880806,-319.4943399880806,0
4053,319.5447207515181,-319.5447207515181,0
4054,319.5879868046907,-319.5879868046907,0
4055,319.6395545394032,-319.6395545394032,0
4056,319.6792582508614,-319.6792582508614,0
4057,319.7103204500285,-319.7103204500285,0
4058,319.72908091537664,-319.72908091537664,0
4059,319.73964425876017,-319.73964425876017,0
4060,319.7525280988324,-319.7525280988324,0
4061,319.7693118131262,-319.7693118131262,0
4062,319.7883756001789,-319.7883756001789,0
4063,319.78867151925573,-319.78867151925573,0
4064,319.8216266979415,-319.8216266979415,0
4065,320.02460976653913,-320.02460976653913,0
4066,320.41239560932667,-320.41239560932667,0
4067,320.457196079976,-320.457196079976,0
4068,320.6684482132758,-320.6684482132758,0
4069,321.13789138197666,-321.13789138197666,0
4070,321.9227429485212,-321.9227429485212,0
4071,322.508499237629,-322.508499237629,0
4072,322.6266159602543,-322.6266159602543,0
4073,322.67119596610644,-322.67119596610644,0
4074,322.6922819138522,-322.6922819138522,0
4075,322.7351911894881,-322.7351911894881,0
4076,322.7750335331542,-322.7750335331542,0
4077,322.81501331767794,-322.81501331767794,0
4078,322.84505320275787,-322.84505320275787,0
4079,322.88243391491176,-322.88243391491176,0
4080,322.9224480817068,-322.9224480817068,0
4081,322.94839933860663,-322.94839933860663,0
4082,322.96969629996227,-322.96969629996227,0
4083,322.983672054938,-322.983672054938,0
4084,323.0056428203348,-323.0056428203348,0
4085,323.0254270980143,-323.0254270980143,0
4086,323.02521142294853,-323.02521142294853,0
4087,323.0223559486157,-323.0223559486157,0
4088,323.03116110464043,-323.03116110464043,0
4089,323.0420836270636,-323.0420836270636,0
4090,323.0356551213779,-323.0356551213779,0
4091,323.0440102849061,-323.0440102849061,0
4092,323.04161946298547,-323.04161946298547,0
4093,323.1053989533323,-323.1053989533323,0
4094,323.1552451981046,-323.1552451981046,0
4095,323.1694576186194,-323.1694576186194,0
4096,323.18275652838776,-323.18275652838776,0
4097,323.1894501911276,-323.1894501911276,0
4098,323.2000970977151,-323.2000970977151,0
4099,323.21237435163647,-323.21237435163647,0
4100,323.24189838493015,-323.24189838493015,0
4101,323.27975547668984,-323.27975547668984,0
4102,323.31972252074183,-323.31972252074183,0
4103,323.3729410600265,-323.3729410600265,0
4104,323.4375859988816,-323.4375859988816,0
4105,323.46489423654504,-323.46489423654504,0
4106,323.4825308776247,-323.4825308776247,0
4107,323.4955039375429,-323.4955039375429,0
4108,323.512072415844,-323.512072415844,0
4109,323.5229621017798,-323.5229621017798,0
4110,323.5373245945548,-323.5373245945548,0
4111,323.548386718621,-323.548386718621,0
4112,323.57550297351565,-323.57550297351565,0
4113,323.58914458624963,-323.58914458624963,0
4114,323.5910967579712,-323.5910967579712,0
4115,323.5873545221391,-323.5873545221391,0
4116,323.58414346009556,-323.58414346009556,0
4117,323.59732706679245,-323.59732706679245,0
4118,323.6170571017065,-323.6170571017065,0
4119,323.63662956480874,-323.63662956480874,0
4120,323.65203699132616,-323.65203699132616,0
4121,323.67717131800975,-323.67717131800975,0
4122,323.69209464748593,-323.69209464748593,0
4123,323.7186848536815,-323.7186848536815,0
4124,323.75099919704127,-323.75099919704127,0
4125,323.77580588374735,-323.77580588374735,0
4126,323.80321005001036,-323.80321005001036,0
4127,323.8344794605246,-323.8344794605246,0
4128,323.87481673200557,-323.87481673200557,0
4129,323.89587624456846,-323.89587624456846,0
4130,323.9092226928784,-323.9092226928784,0
4131,323.91962052815205,-323.91962052815205,0
4132,323.9329681333853,-323.9329681333853,0
4133,323.94486154477755,-323.94486154477755,0
4134,323.9565267115077,-323.9565267115077,0
4135,323.97981859252815,-323.97981859252815,0
4136,323.9783629323475,-323.9783629323475,0
4137,324.6018521107853,-324.6018521107853,0
4138,325.4019660535268,-325.4019660535268,0
4139,326.28401515633135,-326.28401515633135,0
4140,326.4581115216023,-326.4581115216023,0
4141,326.45131378923907,-326.45131378923907,0
4142,326.44117637439103,-326.44117637439103,0
4143,326.42278433187374,-326.42278433187374,0
4144,326.40716172122336,-326.40716172122336,0
4145,326.3970341341117,-326.3970341341117,0
4146,326.3920066133117,-326.3920066133117,0
4147,326.4101478290356,-326.4101478290356,0
4148,326.4392641406123,-326.4392641406123,0
4149,326.4690699539981,-326.4690699539981,0
4150,326.5001408930473,-326.5001408930473,0
4151,326.5357212068869,-326.5357212068869,0
4152,326.57779051685293,-326.57779051685293,0
4153,326.6003480744404,-326.6003480744404,0
4154,326.6163714959254,-326.6163714959254,0
4155,326.62551469509117,-326.62551469509117,0
4156,326.65943041784254,-326.65943041784254,0
4157,326.6760223135956,-326.6760223135956,0
4158,326.6722139524989,-326.6722139524989,0
4159,326.6669522336938,-326.6669522336938,0
4160,326.65443960166954,-326.65443960166954,0
4161,326.66234100084694,-326.66234100084694,0
4162,326.66172187519555,-326.66172187519555,0
4163,326.6541570386275,-326.6541570386275,0
4164,326.64960438948407,-326.64960438948407,0
4165,326.75390476660306,-326.75390476660306,0
4166,327.4945205766275,-327.4945205766275,0
4167,327.7476762786162,-327.7476762786162,0
4168,327.77078155385834,-327.77078155385834,0
4169,327.76777675023914,-327.76777675023914,0
4170,327.79015630600503,-327.79015630600503,0
4171,327.8188523359375,-327.8188523359375,0
4172,327.84518071654946,-327.84518071654946,0
4173,327.8655414419985,-327.8655414419985,0
4174,327.88515156145024,-327.88515156145024,0
4175,327.9178909935604,-327.9178909935604,0
4176,327.9465611322175,-327.9465611322175,0
4177,327.97661988774587,-327.97661988774587,0
4178,327.9939909139739,-327.9939909139739,0
4179,328.00495666537347,-328.00495666537347,0
4180,328.0203989762145,-328.0203989762145,0
4181,328.0322581933443,-328.0322581933443,0
4182,328.0494663293844,-328.0494663293844,0
4183,328.0461528792439,-328.0461528792439,0
4184,328.03810693435645,-328.03810693435645,0
4185,328.0602751014104,-328.0602751014104,0
4186,328.0570266566683,-328.0570266566683,0
4187,328.0403715646568,-328.0403715646568,0
4188,328.024289234596,-328.024289234596,0
4189,328.03552930390975,-328.03552930390975,0
4190,328.03053956004675,-328.03053956004675,0
4191,328.2643227813823,-328.2643227813823,0
4192,328.8643336917749,-328.8643336917749,0
4193,329.48811313203583,-329.48811313203583,0
4194,329.684575342969,-329.684575342969,0
4195,329.76471124702533,-329.76471124702533,0
4196,329.8117504068522,-329.8117504068522,0
4197,329.8373755538822,-329.8373755538822,0
4198,329.85911629941353,-329.85911629941353,0
4199,329.89813651263313,-329.89813651263313,0
4200,329.93782050297426,-329.93782050297426,0
4201,329.9598123224519,-329.9598123224519,0
4202,329.9748250239772,-329.9748250239772,0
4203,329.98687737318994,-329.98687737318994,0
4204,330.00177844346535,-330.00177844346535,0
4205,330.0165214284162,-330.0165214284162,0
4206,330.0238244211973,-330.0238244211973,0
4207,330.0335266171202,-330.0335266171202,0
4208,330.0310585421378,-330.0310585421378,0
4209,330.1647267731855,-330.1647267731855,0
4210,330.1903066226468,-330.1903066226468,0
4211,330.1968378339163,-330.1968378339163,0
4212,330.1905234012455,-330.1905234012455,0
4213,330.16439927301514,-330.16439927301514,0
4214,330.13619264803253,-330.13619264803253,0
4215,330.16452094752077,-330.16452094752077,0
4216,330.1555055404437,-330.1555055404437,0
4217,330.14930998918106,-330.14930998918106,0
4218,330.1459042598074,-330.1459042598074,0
4219,330.1592866136728,-330.1592866136728,0
4220,330.1708056296926,-330.1708056296926,0
4221,330.17953290902994,-330.17953290902994,0
4222,330.19696687696376,-330.19696687696376,0
4223,330.2213781721982,-330.2213781721982,0
4224,330.2487016587527,-330.2487016587527,0
4225,330.27550540039255,-330.27550540039255,0
4226,330.2929914316707,-330.2929914316707,0
4227,330.3055559233953,-330.3055559233953,0
4228,330.3267337005514,-330.3267337005514,0
4229,330.3404371310414,-330.3404371310414,0
4230,330.3440127182949,-330.3440127182949,0
4231,330.3512840432985,-330.3512840432985,0
4232,330.3588518251599,-330.3588518251599,0
4233,330.358024678388,-330.358024678388,0
4234,330.3521033664023,-330.3521033664023,0
4235,330.3460074628048,-330.3460074628048,0
4236,330.5633566679668,-330.5633566679668,0
4237,330.9593612458082,-330.9593612458082,0
4238,331.48628265351454,-331.48628265351454,0
4239,331.56605664897415,-331.56605664897415,0
4240,331.5650848993249,-331.5650848993249,0
4241,331.5609207209078,-331.5609207209078,0
4242,331.55696739515764,-331.55696739515764,0
4243,331.57011748835157,-331.57011748835157,0
4244,331.57773615322003,-331.57773615322003,0
4245,331.58556976975075,-331.58556976975075,0
4246,331.60923452070887,-331.60923452070887,0
4247,331.64209352724276,-331.64209352724276,0
4248,331.677439486073,-331.677439486073,0
4249,331.70505662716374,-331.70505662716374,0
4250,331.72999017914333,-331.72999017914333,0
4251,331.7479115830523,-331.7479115830523,0
4252,331.76278864839713,-331.76278864839713,0
4253,331.7725391718241,-331.7725391718241,0
4254,331.7861790439164,-331.7861790439164,0
4255,331.7894580091204,-331.7894580091204,0
4256,331.78774405755644,-331.78774405755644,0
4257,331.7856388640558,-331.7856388640558,0
4258,331.78282611466256,-331.78282611466256,0
4259,332.2850852470551,-332.2850852470551,0
4260,332.37606804171327,-332.37606804171327,0
4261,332.4661089135922,-332.4661089135922,0
4262,332.5177535206553,-332.5177535206553,0
4263,332.52087059090115,-332.52087059090115,0
4264,332.51115260929924,-332.51115260929924,0
4265,332.5055623906802,-332.5055623906802,0
4266,332.502470512514,-332.502470512514,0
4267,332.51075333915844,-332.51075333915844,0
4268,332.52562089046796,-332.52562089046796,0
4269,332.5383330130814,-332.5383330130814,0
4270,332.56392621313563,-332.56392621313563,0
4271,332.5975834675426,-332.5975834675426,0
4272,332.62344452476384,-332.62344452476384,0
4273,332.65239592008385,-332.65239592008385,0
4274,332.66698392981016,-332.66698392981016,0
4275,332.6824960528056,-332.6824960528056,0
4276,332.7007712682375,-332.7007712682375,0
4277,332.716877799326,-332.716877799326,0
4278,332.74517183115034,-332.74517183115034,0
4279,332.7588906773691,-332.7588906773691,0
4280,332.7478373743376,-332.7478373743376,0
4281,333.4565078932335,-333.4565078932335,0
4282,333.9991498889703,-333.9991498889703,0
4283,334.0504053906699,-334.0504053906699,0
4284,334.02867278460747,-334.02867278460747,0
4285,333.9971904196033,-333.9971904196033,0
4286,333.9697483696863,-333.9697483696863,0
4287,333.94335427111025,-333.94335427111025,0
4288,333.9293283992942,-333.9293283992942,0
4289,333.918628744598,-333.918628744598,0
4290,333.91127044939964,-333.91127044939964,0
4291,333.9141991162903,-333.9141991162903,0
4292,333.92118516841595,-333.92118516841595,0
4293,333.92705941490476,-333.92705941490476,0
4294,333.936852585085,-333.936852585085,0
4295,333.9675744849805,-333.9675744849805,0
4296,333.9997935665973,-333.9997935665973,0
4297,334.02790032765824,-334.02790032765824,0
4298,334.0466007534219,-334.0466007534219,0
4299,334.0588443656089,-334.0588443656089,0
4300,334.0952575566091,-334.0952575566091,0
4301,334.1123892426237,-334.1123892426237,0
4302,334.1089463577396,-334.1089463577396,0
4303,334.3149582373645,-334.3149582373645,0
4304,334.90555941955745,-334.90555941955745,0
4305,335.26286634345394,-335.26286634345394,0
4306,335.33550380242104,-335.33550380242104,0
4307,335.3321258583504,-335.3321258583504,0
4308,335.32255581648246,-335.32255581648246,0
4309,335.31886612473556,-335.31886612473556,0
4310,335.3077439918974,-335.3077439918974,0
4311,335.29667574056276,-335.29667574056276,0
4312,335.28427100011896,-335.28427100011896,0
4313,335.27367275782177,-335.27367275782177,0
4314,335.2677023819848,-335.2677023819848,0
4315,335.27565656010097,-335.27565656010097,0
4316,335.28636878977466,-335.28636878977466,0
4317,335.29255358633003,-335.29255358633003,0
4318,335.30256533229334,-335.30256533229334,0
4319,335.322751937927,-335.322751937927,0
4320,335.3451836884446,-335.3451836884446,0
4321,335.3694172237106,-335.3694172237106,0
4322,335.3902121688669,-335.3902121688669,0
4323,335.4108868285764,-335.4108868285764,0
4324,335.410672147026,-335.410672147026,0
4325,335.40533158726544,-335.40533158726544,0
4326,335.4033819715639,-335.4033819715639,0
4327,335.43928049520395,-335.43928049520395,0
4328,335.43915746749116,-335.43915746749116,0
4329,335.4273617994624,-335.4273617994624,0
4330,335.40378126550826,-335.40378126550826,0
4331,335.3717661101845,-335.3717661101845,0
4332,335.3383610151402,-335.3383610151402,0
4333,335.30435866185854,-335.30435866185854,0
4334,335.2884489430757,-335.2884489430757,0
4335,335.2716102911235,-335.2716102911235,0
4336,335.2699015432308,-335.2699015432308,0
4337,335.2689804719719,-335.2689804719719,0
4338,335.2736710507095,-335.2736710507095,0
4339,335.33009434999514,-335.33009434999514,0
4340,335.3517640396159,-335.3517640396159,0
4341,335.3669476881593,-335.3669476881593,0
4342,335.3860547393985,-335.3860547393985,0
4343,335.41030319807953,-335.41030319807953,0
4344,335.446656916234,-335.446656916234,0
4345,335.4705897243701,-335.4705897243701,0
4346,335.4870099331837,-335.4870099331837,0
4347,335.49677241344205,-335.49677241344205,0
4348,335.5096154994556,-335.5096154994556,0
4349,335.5189776134804,-335.5189776134804,0
4350,335.5372104718841,-335.5372104718841,0
4351,335.5368593940469,-335.5368593940469,0
4352,335.5367328305854,-335.5367328305854,0
4353,335.53289381702075,-335.53289381702075,0
4354,335.51266834927884,-335.51266834927884,0
4355,335.487437963799,-335.487437963799,0
4356,335.45846688103114,-335.45846688103114,0
4357,335.4486477466229,-335.4486477466229,0
4358,335.4328020403998,-335.4328020403998,0
4359,335.42053109647475,-335.42053109647475,0
4360,335.4127799147591,-335.4127799147591,0
4361,335.41454451512527,-335.41454451512527,0
4362,335.421564496506,-335.421564496506,0
4363,335.4413507749357,-335.4413507749357,0
4364,335.45292829907993,-335.45292829907993,0
4365,335.4598724518203,-335.4598724518203,0
4366,335.47493294865507,-335.47493294865507,0
4367,335.50021308598565,-335.50021308598565,0
4368,335.53700926127397,-335.53700926127397,0
4369,335.5778976545693,-335.5778976545693,0
4370,335.59528533805326,-335.59528533805326,0
4371,335.6104625911068,-335.6104625911068,0
4372,335.6239504811362,-335.6239504811362,0
4373,335.6320956752989,-335.6320956752989,0
4374,335.64648185808215,-335.64648185808215,0
4375,335.6605863411814,-335.6605863411814,0
4376,335.65705412665983,-335.65705412665983,0
4377,335.64587607774547,-335.64587607774547,0
4378,335.6276605664157,-335.6276605664157,0
4379,335.6088471473051,-335.6088471473051,0
4380,335.59375230874366,-335.59375230874366,0
4381,335.5878669621095,-335.5878669621095,0
4382,335.61035353419516,-335.61035353419516,0
4383,336.1276396138949,-336.1276396138949,0
4384,336.23627766301684,-336.23627766301684,0
4385,336.28760427127344,-336.28760427127344,0
4386,336.3226723414373,-336.3226723414373,0
4387,336.3565395253223,-336.3565395253223,0
4388,336.3796627887028,-336.3796627887028,0
4389,336.3912629069259,-336.3912629069259,0
4390,336.40535049601016,-336.40535049601016,0
4391,336.4384753019763,-336.4384753019763,0
4392,336.4720806356063,-336.4720806356063,0
4393,336.49861092945775,-336.49861092945775,0
4394,336.51420107892864,-336.51420107892864,0
4395,336.5242505706855,-336.5242505706855,0
4396,336.53587960901956,-336.53587960901956,0
4397,336.549192933964,-336.549192933964,0
4398,336.56585018583746,-336.56585018583746,0
4399,336.9352756235541,-336.9352756235541,0
4400,337.6347230283479,-337.6347230283479,0
4401,338.3830615102809,-338.3830615102809,0
4402,339.45861929954833,-339.45861929954833,0
4403,340.00655450611475,-340.00655450611475,0
4404,340.0741421299821,-340.0741421299821,0
4405,340.07340807368297,-340.07340807368297,0
4406,340.0694449349791,-340.0694449349791,0
4407,340.06699358682795,-340.06699358682795,0
4408,340.05414809828665,-340.05414809828665,0
4409,340.04259529610823,-340.04259529610823,0
4410,340.0340949342756,-340.0340949342756,0
4411,340.04674305667123,-340.04674305667123,0
4412,340.05662582339585,-340.05662582339585,0
4413,340.079421097121,-340.079421097121,0
4414,340.1025294597708,-340.1025294597708,0
4415,340.1363316845508,-340.1363316845508,0
4416,340.17424764412556,-340.17424764412556,0
4417,340.2049067374406,-340.2049067374406,0
4418,340.2367927817427,-340.2367927817427,0
4419,340.2610566126559,-340.2610566126559,0
4420,340.25967623334964,-340.25967623334964,0
4421,340.2544885292213,-340.2544885292213,0
4422,340.2501035459365,-340.2501035459365,0
4423,340.24501578795184,-340.24501578795184,0
4424,340.2396101113073,-340.2396101113073,0
4425,340.2543971145271,-340.2543971145271,0
4426,340.2444703246765,-340.2444703246765,0
4427,340.22276672621865,-340.22276672621865,0
4428,340.19280239377025,-340.19280239377025,0
4429,340.1566901381606,-340.1566901381606,0
4430,340.12797339380325,-340.12797339380325,0
4431,340.1031693804391,-340.1031693804391,0
4432,340.08961638638056,-340.08961638638056,0
4433,340.08002004798766,-340.08002004798766,0
4434,340.0742464526011,-340.0742464526011,0
4435,340.0827394240515,-340.0827394240515,0
4436,340.08962073538174,-340.08962073538174,0
4437,340.1018240751128,-340.1018240751128,0
4438,340.1289172610238,-340.1289172610238,0
4439,340.16412921310143,-340.16412921310143,0
4440,340.19475234898096,-340.19475234898096,0
4441,340.22812724917753,-340.22812724917753,0
4442,340.2464823503234,-340.2464823503234,0
4443,340.2548464860137,-340.2548464860137,0
4444,340.2678654797975,-340.2678654797975,0
4445,340.2785375729731,-340.2785375729731,0
4446,340.29233920206406,-340.29233920206406,0
4447,340.3054725618318,-340.3054725618318,0
4448,340.3205386065834,-340.3205386065834,0
4449,340.3461657483076,-340.3461657483076,0
4450,340.3897843693706,-340.3897843693706,0
4451,340.3896636548008,-340.3896636548008,0
4452,340.3830353468943,-340.3830353468943,0
4453,340.36590290783,-340.36590290783,0
4454,340.3499139982109,-340.3499139982109,0
4455,340.33440377786854,-340.33440377786854,0
4456,340.3206983940359,-340.3206983940359,0
4457,340.3104362910318,-340.3104362910318,0
4458,340.3056450457547,-340.3056450457547,0
4459,340.31844717410735,-340.31844717410735,0
4460,340.33397651711954,-340.33397651711954,0
4461,340.351230905339,-340.351230905339,0
4462,340.37176552278675,-340.37176552278675,0
4463,340.40103641001343,-340.40103641001343,0
4464,340.4257904130217,-340.4257904130217,0
4465,340.4407785290563,-340.4407785290563,0
4466,340.45178234091816,-340.45178234091816,0
4467,340.4647238011544,-340.4647238011544,0
4468,340.47759951167455,-340.47759951167455,0
4469,340.4911020489399,-340.4911020489399,0
4470,340.5042358954792,-340.5042358954792,0
4471,340.5011903843545,-340.5011903843545,0
4472,340.49528643693,-340.49528643693,0
4473,340.48570946751454,-340.48570946751454,0
4474,340.73723359104724,-340.73723359104724,0
4475,341.47558830349504,-341.47558830349504,0
4476,341.6561183066234,-341.6561183066234,0
4477,341.66001043863963,-341.66001043863963,0
4478,341.6522376472793,-341.6522376472793,0
4479,341.6379346434484,-341.6379346434484,0
4480,341.6211411274519,-341.6211411274519,0
4481,341.6059833531398,-341.6059833531398,0
4482,341.59528039694266,-341.59528039694266,0
4483,341.59619096223616,-341.59619096223616,0
4484,341.60141472487317,-341.60141472487317,0
4485,341.60633461624207,-341.60633461624207,0
4486,341.6908019636358,-341.6908019636358,0
4487,341.7188715264375,-341.7188715264375,0
4488,341.7446396668324,-341.7446396668324,0
4489,341.7686944544604,-341.7686944544604,0
4490,341.79043795413304,-341.79043795413304,0
4491,341.8025535919907,-341.8025535919907,0
4492,341.8142852616043,-341.8142852616043,0
4493,341.8314459010341,-341.8314459010341,0
4494,341.86127828719617,-341.86127828719617,0
4495,341.86000021075375,-341.86000021075375,0
4496,341.8448151930284,-341.8448151930284,0
4497,341.8376737842683,-341.8376737842683,0
4498,341.83656381527754,-341.83656381527754,0
4499,341.82981759465673,-341.82981759465673,0
4500,341.8206921305825,-341.8206921305825,0
4501,341.78229771411793,-341.78229771411793,0
4502,341.75352834971886,-341.75352834971886,0
4503,342.03980682220526,-342.03980682220526,0
4504,342.0422836034376,-342.0422836034376,0
4505,342.0387324587447,-342.0387324587447,0
4506,342.03348334633034,-342.03348334633034,0
4507,342.0352106327952,-342.0352106327952,0
4508,342.0468283848565,-342.0468283848565,0
4509,342.0820166839178,-342.0820166839178,0
4510,342.10701158729086,-342.10701158729086,0
4511,342.1413895475721,-342.1413895475721,0
4512,342.24248453554287,-342.24248453554287,0
4513,342.2819314064707,-342.2819314064707,0
4514,342.30661016428695,-342.30661016428695,0
4515,342.32576932305244,-342.32576932305244,0
4516,342.3417303129469,-342.3417303129469,0
4517,342.3527363554102,-342.3527363554102,0
4518,342.3700247572468,-342.3700247572468,0
4519,342.38035959414066,-342.38035959414066,0
4520,342.37231961411084,-342.37231961411084,0
4521,342.36254214392653,-342.36254214392653,0
4522,342.34257204460664,-342.34257204460664,0
4523,342.3271210263615,-342.3271210263615,0
4524,342.29902535388527,-342.29902535388527,0
4525,342.2757315807513,-342.2757315807513,0
4526,342.26437367566683,-342.26437367566683,0
4527,342.39600580052604,-342.39600580052604,0
4528,342.3818488004143,-342.3818488004143,0
4529,342.3688866785342,-342.3688866785342,0
4530,342.3615830490935,-342.3615830490935,0
4531,342.3670981441095,-342.3670981441095,0
4532,342.3792335834838,-342.3792335834838,0
4533,342.3790239165951,-342.3790239165951,0
4534,342.39361906620053,-342.39361906620053,0
4535,342.42515769401007,-342.42515769401007,0
4536,342.45929190899676,-342.45929190899676,0
4537,342.48783895987367,-342.48783895987367,0
4538,342.5063432237433,-342.5063432237433,0
4539,342.52120215940397,-342.52120215940397,0
4540,342.536039538123,-342.536039538123,0
4541,342.5506144859662,-342.5506144859662,0
4542,342.57053164580987,-342.57053164580987,0
4543,342.5680736397726,-342.5680736397726,0
4544,342.56413660315576,-342.56413660315576,0
4545,342.5570269376623,-342.5570269376623,0
4546,342.53684346488285,-342.53684346488285,0
4547,342.51436317190615,-342.51436317190615,0
4548,343.1558660329295,-343.1558660329295,0
4549,343.79555806715797,-343.79555806715797,0
4550,344.02059164301414,-344.02059164301414,0
4551,344.0118936036683,-344.0118936036683,0
4552,344.0063994736036,-344.0063994736036,0
4553,343.99799633783573,-343.99799633783573,0
4554,343.99162470279884,-343.99162470279884,0
4555,343.99550987230253,-343.99550987230253,0
4556,344.00221660061317,-344.00221660061317,0
4557,344.01062350436814,-344.01062350436814,0
4558,344.0559280334104,-344.0559280334104,0
4559,344.09242593978024,-344.09242593978024,0
4560,344.1669078240403,-344.1669078240403,0
4561,344.19774098856715,-344.19774098856715,0
4562,344.21546093854386,-344.21546093854386,0
4563,344.231387073735,-344.231387073735,0
4564,344.2458940162245,-344.2458940162245,0
4565,344.25299277612373,-344.25299277612373,0
4566,344.26837603085056,-344.26837603085056,0
4567,344.2867716037716,-344.2867716037716,0
4568,344.28206961515815,-344.28206961515815,0
4569,344.26709273929845,-344.26709273929845,0
4570,344.2339220062073,-344.2339220062073,0
4571,344.2167516600429,-344.2167516600429,0
4572,344.19828101015986,-344.19828101015986,0
4573,344.1994117956721,-344.1994117956721,0
4574,344.242031224694,-344.242031224694,0
4575,344.2256195139821,-344.2256195139821,0
4576,344.2201213203302,-344.2201213203302,0
4577,344.21700903920646,-344.21700903920646,0
4578,344.2135023007492,-344.2135023007492,0
4579,344.2245740403454,-344.2245740403454,0
4580,344.23014653847827,-344.23014653847827,0
4581,344.243614670552,-344.243614670552,0
4582,344.26474212329856,-344.26474212329856,0
4583,344.29831340402444,-344.29831340402444,0
4584,344.3355797861063,-344.3355797861063,0
4585,344.36341326684925,-344.36341326684925,0
4586,344.37533884101066,-344.37533884101066,0
4587,344.3867786625745,-344.3867786625745,0
4588,344.39823341467087,-344.39823341467087,0
4589,344.40604280354336,-344.40604280354336,0
4590,344.42554238963675,-344.42554238963675,0
4591,344.441721588266,-344.441721588266,0
4592,344.4607797143298,-344.4607797143298,0
4593,344.56426904732893,-344.56426904732893,0
4594,344.5519616141258,-344.5519616141258,0
4595,344.53515780711206,-344.53515780711206,0
4596,344.5181782893342,-344.5181782893342,0
4597,344.49255792820236,-344.49255792820236,0
4598,344.4600082551298,-344.4600082551298,0
4599,344.43377288728345,-344.43377288728345,0
4600,344.41303399777024,-344.41303399777024,0
4601,344.3976585138929,-344.3976585138929,0
4602,344.3877729964981,-344.3877729964981,0
4603,344.3919135218175,-344.3919135218175,0
4604,344.41258370003163,-344.41258370003163,0
4605,344.4320436602999,-344.4320436602999,0
4606,344.45648325623864,-344.45648325623864,0
4607,344.4939149259678,-344.4939149259678,0
4608,344.52900696306244,-344.52900696306244,0
4609,344.5568621715425,-344.5568621715425,0
4610,344.5736762406378,-344.5736762406378,0
4611,344.58816519996816,-344.58816519996816,0
4612,344.60287004984593,-344.60287004984593,0
4613,344.60632650099325,-344.60632650099325,0
4614,344.6136733539013,-344.6136733539013,0
4615,344.61301940177196,-344.61301940177196,0
4616,345.11803119259514,-345.11803119259514,0
4617,345.70867043444093,-345.70867043444093,0
4618,346.2896428051419,-346.2896428051419,0
4619,346.42428413723485,-346.42428413723485,0
4620,346.4785420421514,-346.4785420421514,0
4621,346.46048898294686,-346.46048898294686,0
4622,346.4366191946207,-346.4366191946207,0
4623,346.4107239308111,-346.4107239308111,0
4624,346.388351148773,-346.388351148773,0
4625,346.37413520438946,-346.37413520438946,0
4626,346.36576072614037,-346.36576072614037,0
4627,346.3761441331654,-346.3761441331654,0
4628,346.3881779150697,-346.3881779150697,0
4629,346.4027851609747,-346.4027851609747,0
4630,346.4212894636801,-346.4212894636801,0
4631,346.44488878844527,-346.44488878844527,0
4632,346.47216153146087,-346.47216153146087,0
4633,346.4934900923653,-346.4934900923653,0
4634,346.50627201917723,-346.50627201917723,0
4635,346.5346310529427,-346.5346310529427,0
4636,346.554954784776,-346.554954784776,0
4637,346.5513522016857,-346.5513522016857,0
4638,346.54451740238864,-346.54451740238864,0
4639,346.5425578241271,-346.5425578241271,0
4640,346.57393508568,-346.57393508568,0
4641,346.61710474240124,-346.61710474240124,0
4642,346.61625708057676,-346.61625708057676,0
4643,346.6124111240517,-346.6124111240517,0
4644,346.6086085814586,-346.6086085814586,0
4645,346.5968707612813,-346.5968707612813,0
4646,346.58758309399065,-346.58758309399065,0
4647,346.57786222836353,-346.57786222836353,0
4648,346.57000003415493,-346.57000003415493,0
4649,346.56224319315254,-346.56224319315254,0
4650,346.55694406541306,-346.55694406541306,0
4651,346.56310065953477,-346.56310065953477,0
4652,346.57932040894946,-346.57932040894946,0
4653,346.58760694933613,-346.58760694933613,0
4654,346.6057315502472,-346.6057315502472,0
4655,346.634864590976,-346.634864590976,0
4656,346.67226051093814,-346.67226051093814,0
4657,346.7043264062572,-346.7043264062572,0
4658,346.7267713972904,-346.7267713972904,0
4659,346.7441313542608,-346.7441313542608,0
4660,346.7558271985518,-346.7558271985518,0
4661,346.7641315602455,-346.7641315602455,0
4662,346.7731221871111,-346.7731221871111,0
4663,346.78475201272687,-346.78475201272687,0
4664,346.7825506285737,-346.7825506285737,0
4665,346.7803690119099,-346.7803690119099,0
4666,346.7729109644342,-346.7729109644342,0
4667,346.766014092627,-346.766014092627,0
4668,346.75488253766594,-346.75488253766594,0
4669,346.7407159534691,-346.7407159534691,0
4670,346.72574962316503,-346.72574962316503,0
4671,346.70855863646767,-346.70855863646767,0
4672,346.7001029578809,-346.7001029578809,0
4673,346.6925784438648,-346.6925784438648,0
4674,346.7042878739744,-346.7042878739744,0
4675,346.71886637285724,-346.71886637285724,0
4676,346.73620024458086,-346.73620024458086,0
4677,346.7518673898626,-346.7518673898626,0
4678,346.7778090235082,-346.7778090235082,0
4679,346.8048255562351,-346.8048255562351,0
4680,346.839283302465,-346.839283302465,0
4681,346.8690284237755,-346.8690284237755,0
4682,346.8903650135959,-346.8903650135959,0
4683,346.9045017424843,-346.9045017424843,0
4684,346.9206881070306,-346.9206881070306,0
4685,346.93211511485987,-346.93211511485987,0
4686,346.94847091992347,-346.94847091992347,0
4687,346.9603779757039,-346.9603779757039,0
4688,347.00918575776166,-347.00918575776166,0
4689,347.01333476488895,-347.01333476488895,0
4690,347.0080729230879,-347.0080729230879,0
4691,346.9988909448348,-346.9988909448348,0
4692,346.98596377737925,-346.98596377737925,0
4693,346.96367970265027,-346.96367970265027,0
4694,346.9435068892483,-346.9435068892483,0
4695,346.92060041993,-346.92060041993,0
4696,346.90175007603966,-346.90175007603966,0
4697,346.88682242513556,-346.88682242513556,0
4698,346.87654752110507,-346.87654752110507,0
4699,346.88399106877165,-346.88399106877165,0
4700,346.89440459651337,-346.89440459651337,0
4701,346.903375355707,-346.903375355707,0
4702,346.9191164632282,-346.9191164632282,0
4703,346.95265979280015,-346.95265979280015,0
4704,346.9795090501233,-346.9795090501233,0
4705,347.00636447490666,-347.00636447490666,0
4706,347.02286440894665,-347.02286440894665,0
4707,347.03786099154166,-347.03786099154166,0
4708,347.0458457157469,-347.0458457157469,0
4709,347.05146299972284,-347.05146299972284,0
4710,347.06007794561174,-347.06007794561174,0
4711,347.1923395458683,-347.1923395458683,0
4712,347.72583605820984,-347.72583605820984,0
4713,348.4440141972628,-348.4440141972628,0
4714,348.90670138839005,-348.90670138839005,0
4715,348.9273617086514,-348.9273617086514,0
4716,348.91748657883346,-348.91748657883346,0
4717,348.90410145369947,-348.90410145369947,0
4718,348.8903188226129,-348.8903188226129,0
4719,349.0224104957818,-349.0224104957818,0
4720,349.5631293986805,-349.5631293986805,0
4721,349.6699406126811,-349.6699406126811,0
4722,349.70152190421646,-349.70152190421646,0
4723,349.73517819568366,-349.73517819568366,0
4724,349.7561445088409,-349.7561445088409,0
4725,349.7769182293484,-349.7769182293484,0
4726,349.8027215396127,-349.8027215396127,0
4727,349.83751261109336,-349.83751261109336,0
4728,349.8749120565188,-349.8749120565188,0
4729,349.9006422433327,-349.9006422433327,0
4730,349.9203999307002,-349.9203999307002,0
4731,349.9479120303891,-349.9479120303891,0
4732,349.9585369587977,-349.9585369587977,0
4733,349.95466650277416,-349.95466650277416,0
4734,349.9484598834064,-349.9484598834064,0
4735,350.25367160000206,-350.25367160000206,0
4736,350.34371925812724,-350.34371925812724,0
4737,350.94735728705643,-350.94735728705643,0
4738,351.8621510688068,-351.8621510688068,0
4739,352.6707141158812,-352.6707141158812,0
4740,352.8429503094149,-352.8429503094149,0
4741,352.82634106850236,-352.82634106850236,0
4742,352.8032179407827,-352.8032179407827,0
4743,352.7880403058492,-352.7880403058492,0
4744,352.77267664159587,-352.77267664159587,0
4745,352.76320976841635,-352.76320976841635,0
4746,352.7572942817534,-352.7572942817534,0
4747,352.7639569410276,-352.7639569410276,0
4748,352.7743281046843,-352.7743281046843,0
4749,352.7906746980239,-352.7906746980239,0
4750,352.80594741476574,-352.80594741476574,0
4751,352.84152580714687,-352.84152580714687,0
4752,352.876361345981,-352.876361345981,0
4753,352.8945652937572,-352.8945652937572,0
4754,352.91996836498186,-352.91996836498186,0
4755,352.93053705033867,-352.93053705033867,0
4756,352.93980725739374,-352.93980725739374,0
4757,352.9538416590188,-352.9538416590188,0
4758,352.95165990796175,-352.95165990796175,0
4759,352.94321929516144,-352.94321929516144,0
4760,352.9407326167568,-352.9407326167568,0
4761,353.0014765270863,-353.0014765270863,0
4762,353.0330961161567,-353.0330961161567,0
4763,353.0205002688103,-353.0205002688103,0
4764,353.00391892462966,-353.00391892462966,0
4765,352.97215380427093,-352.97215380427093,0
4766,352.9443247251651,-352.9443247251651,0
4767,352.91584577308276,-352.91584577308276,0
4768,352.8953461295231,-352.8953461295231,0
4769,352.8809771051696,-352.8809771051696,0
4770,352.87192203147094,-352.87192203147094,0
4771,352.87364860719924,-352.87364860719924,0
4772,352.8803416837947,-352.8803416837947,0
4773,352.88574829937,-352.88574829937,0
4774,352.90235350907034,-352.90235350907034,0
4775,352.93481504859636,-352.93481504859636,0
4776,352.9716773165417,-352.9716773165417,0
4777,352.9997437489164,-352.9997437489164,0
4778,353.01325192695816,-353.01325192695816,0
4779,353.0264070922656,-353.0264070922656,0
4780,353.0363837480501,-353.0363837480501,0
4781,353.0417652510617,-353.0417652510617,0
4782,353.0440632600591,-353.0440632600591,0
4783,353.0572351102034,-353.0572351102034,0
4784,353.07537556851577,-353.07537556851577,0
4785,353.09255506471965,-353.09255506471965,0
4786,353.0784375819881,-353.0784375819881,0
4787,353.0670995025749,-353.0670995025749,0
4788,353.0505640507677,-353.0505640507677,0
4789,353.01905896564193,-353.01905896564193,0
4790,352.9966662522287,-352.9966662522287,0
4791,352.9741110363148,-352.9741110363148,0
4792,352.95920612581597,-352.95920612581597,0
4793,352.9467069243638,-352.9467069243638,0
4794,352.93851957063464,-352.93851957063464,0
4795,352.944504611084,-352.944504611084,0
4796,352.9574370687764,-352.9574370687764,0
4797,352.9636652136246,-352.9636652136246,0
4798,352.9908973795833,-352.9908973795833,0
4799,353.0167392361367,-353.0167392361367,0
4800,353.0520058825447,-353.0520058825447,0
4801,353.0754117055247,-353.0754117055247,0
4802,353.08895744993396,-353.08895744993396,0
4803,353.1013888907643,-353.1013888907643,0
4804,353.1146351539174,-353.1146351539174,0
4805,353.1184590163001,-353.1184590163001,0
4806,353.1338158163181,-353.1338158163181,0
4807,353.13116162904305,-353.13116162904305,0
4808,353.12625207506716,-353.12625207506716,0
4809,353.1213417844563,-353.1213417844563,0
4810,353.10235355253377,-353.10235355253377,0
4811,353.08097629068754,-353.08097629068754,0
4812,353.0558337065903,-353.0558337065903,0
4813,353.6266098220083,-353.6266098220083,0
4814,353.7590447265786,-353.7590447265786,0
4815,353.75620308187075,-353.75620308187075,0
4816,353.7430700797382,-353.7430700797382,0
4817,353.7354604058037,-353.7354604058037,0
4818,353.727694278309,-353.727694278309,0
4819,353.7347513880559,-353.7347513880559,0
4820,353.7454327976419,-353.7454327976419,0
4821,353.7538113820847,-353.7538113820847,0
4822,353.77025957661976,-353.77025957661976,0
4823,353.7958726699664,-353.7958726699664,0
4824,353.82194487184273,-353.82194487184273,0
4825,353.84035701304566,-353.84035701304566,0
4826,353.8511370849593,-353.8511370849593,0
4827,353.8637027162105,-353.8637027162105,0
4828,353.87399278453546,-353.87399278453546,0
4829,353.8816254282856,-353.8816254282856,0
4830,353.8936328611911,-353.8936328611911,0
4831,353.89126474575505,-353.89126474575505,0
4832,353.88987336319656,-353.88987336319656,0
4833,353.8841423690154,-353.8841423690154,0
4834,353.8574662569384,-353.8574662569384,0
4835,353.8296453197788,-353.8296453197788,0
4836,353.8073576910938,-353.8073576910938,0
4837,353.76536306936407,-353.76536306936407,0
4838,353.72677879267366,-353.72677879267366,0
4839,353.69408498432296,-353.69408498432296,0
4840,353.6758036761532,-353.6758036761532,0
4841,353.6724149594688,-353.6724149594688,0
4842,353.66671908977696,-353.66671908977696,0
4843,353.6814391529503,-353.6814391529503,0
4844,353.7028289930661,-353.7028289930661,0
4845,353.72645445643286,-353.72645445643286,0
4846,353.75135068065157,-353.75135068065157,0
4847,353.78428631479323,-353.78428631479323,0
4848,353.8070219903028,-353.8070219903028,0
4849,353.8346508962141,-353.8346508962141,0
4850,353.84805723048396,-353.84805723048396,0
4851,353.8609282450896,-353.8609282450896,0
4852,353.87442629404825,-353.87442629404825,0
4853,353.88600224358424,-353.88600224358424,0
4854,353.90114119671614,-353.90114119671614,0
4855,353.8996775360726,-353.8996775360726,0
4856,353.89421814307997,-353.89421814307997,0
4857,353.88485077176887,-353.88485077176887,0
4858,353.8633417493169,-353.8633417493169,0
4859,353.83774467473313,-353.83774467473313,0
4860,353.8083695457974,-353.8083695457974,0
4861,353.7647937714405,-353.7647937714405,0
4862,353.7310177693979,-353.7310177693979,0
4863,353.6936474915536,-353.6936474915536,0
4864,353.66810222144466,-353.66810222144466,0
4865,353.65162250199853,-353.65162250199853,0
4866,353.64108340688745,-353.64108340688745,0
4867,353.6395359312072,-353.6395359312072,0
4868,353.648597671296,-353.648597671296,0
4869,353.6610435713534,-353.6610435713534,0
4870,353.67895026128474,-353.67895026128474,0
4871,353.7119505386358,-353.7119505386358,0
4872,353.746849181953,-353.746849181953,0
4873,353.77794242832255,-353.77794242832255,0
4874,353.7900201917798,-353.7900201917798,0
4875,353.80115403719054,-353.80115403719054,0
4876,353.8140455591027,-353.8140455591027,0
4877,353.8226327942844,-353.8226327942844,0
4878,353.83532077944534,-353.83532077944534,0
4879,353.8501455209161,-353.8501455209161,0
4880,353.84427747249134,-353.84427747249134,0
4881,353.83516882777485,-353.83516882777485,0
4882,353.81079610657184,-353.81079610657184,0
4883,353.8873471757614,-353.8873471757614,0
4884,354.1904083632036,-354.1904083632036,0
4885,354.57777860690027,-354.57777860690027,0
4886,355.06244819902275,-355.06244819902275,0
4887,355.3241214309892,-355.3241214309892,0
4888,355.32284520587194,-355.32284520587194,0
4889,355.3166449797587,-355.3166449797587,0
4890,355.312704255543,-355.312704255543,0
4891,355.3250307245098,-355.3250307245098,0
4892,355.33945652910785,-355.33945652910785,0
4893,355.35532155732795,-355.35532155732795,0
4894,355.37178232188194,-355.37178232188194,0
4895,355.40120577460544,-355.40120577460544,0
4896,355.42930281617913,-355.42930281617913,0
4897,355.4556019691573,-355.4556019691573,0
4898,355.4699476125467,-355.4699476125467,0
4899,355.48179032440254,-355.48179032440254,0
4900,355.49301670801054,-355.49301670801054,0
4901,355.50356252035215,-355.50356252035215,0
4902,355.5241114119004,-355.5241114119004,0
4903,355.54571554725766,-355.54571554725766,0
4904,355.54100712323293,-355.54100712323293,0
4905,355.52370703549036,-355.52370703549036,0
4906,355.4932014334819,-355.4932014334819,0
4907,355.4589514689288,-355.4589514689288,0
4908,355.4230700993093,-355.4230700993093,0
4909,355.397817812267,-355.397817812267,0
4910,355.36286926225284,-355.36286926225284,0
4911,355.32577397479855,-355.32577397479855,0
4912,355.3004608258923,-355.3004608258923,0
4913,355.2829854790948,-355.2829854790948,0
4914,355.2729462650307,-355.2729462650307,0
4915,355.2729605931807,-355.2729605931807,0
4916,355.2774483554355,-355.2774483554355,0
4917,355.2922846520716,-355.2922846520716,0
4918,355.3100125403554,-355.3100125403554,0
4919,355.3452505728736,-355.3452505728736,0
4920,355.3862053186906,-355.3862053186906,0
4921,355.40628128830656,-355.40628128830656,0
4922,355.4187291180462,-355.4187291180462,0
4923,355.42506760441927,-355.42506760441927,0
4924,355.4347407588473,-355.4347407588473,0
4925,355.4430920822863,-355.4430920822863,0
4926,355.46060030977793,-355.46060030977793,0
4927,355.4776180747013,-355.4776180747013,0
4928,355.47393483944165,-355.47393483944165,0
4929,355.46365186828973,-355.46365186828973,0
4930,355.4576682959434,-355.4576682959434,0
4931,356.1880322229163,-356.1880322229163,0
4932,356.8883755404739,-356.8883755404739,0
4933,357.44790389788847,-357.44790389788847,0
4934,358.0832534392552,-358.0832534392552,0
4935,358.40001986803236,-358.40001986803236,0
4936,358.4161473544082,-358.4161473544082,0
4937,358.4111197712305,-358.4111197712305,0
4938,358.40863242056275,-358.40863242056275,0
4939,358.4231554614285,-358.4231554614285,0
4940,358.44415676786406,-358.44415676786406,0
4941,358.4659735642996,-358.4659735642996,0
4942,358.48693807465804,-358.48693807465804,0
4943,358.5240962565817,-358.5240962565817,0
4944,358.55881642964135,-358.55881642964135,0
4945,358.584076612774,-358.584076612774,0
4946,358.6022649976216,-358.6022649976216,0
4947,358.611620751051,-358.611620751051,0
4948,358.62183467961773,-358.62183467961773,0
4949,358.63216138881774,-358.63216138881774,0
4950,358.6648922540377,-358.6648922540377,0
4951,358.68372581757257,-358.68372581757257,0
4952,358.67031489319965,-358.67031489319965,0
4953,359.15530021075665,-359.15530021075665,0
4954,359.1423190995319,-359.1423190995319,0
4955,359.11810692921574,-359.11810692921574,0
4956,359.0883429475047,-359.0883429475047,0
4957,359.06804602177647,-359.06804602177647,0
4958,359.0367440001177,-359.0367440001177,0
4959,359.0039919611055,-359.0039919611055,0
4960,358.98553437926284,-358.98553437926284,0
4961,358.96923671491106,-358.96923671491106,0
4962,358.96090254607003,-358.96090254607003,0
4963,358.9604245144094,-358.9604245144094,0
4964,358.9697846016965,-358.9697846016965,0
4965,358.99267092499286,-358.99267092499286,0
4966,359.0146685263374,-359.0146685263374,0
4967,359.04151336873707,-359.04151336873707,0
4968,359.0672467041848,-359.0672467041848,0
4969,359.07985179589025,-359.07985179589025,0
4970,359.0921124821047,-359.0921124821047,0
4971,359.09945409947125,-359.09945409947125,0
4972,359.1281423690821,-359.1281423690821,0
4973,359.14943627740433,-359.14943627740433,0
4974,359.14598722645553,-359.14598722645553,0
4975,359.15854991627606,-359.15854991627606,0
4976,359.1584724391616,-359.1584724391616,0
4977,359.1483641411082,-359.1483641411082,0
4978,359.12560425943735,-359.12560425943735,0
4979,359.0959779518045,-359.0959779518045,0
4980,359.0595113499728,-359.0595113499728,0
4981,359.0230457439859,-359.0230457439859,0
4982,358.987198282952,-358.987198282952,0
4983,358.96019555082216,-358.96019555082216,0
4984,359.01772574629234,-359.01772574629234,0
4985,359.23851896842393,-359.23851896842393,0
4986,359.25896480511625,-359.25896480511625,0
4987,359.28672426764297,-359.28672426764297,0
4988,359.3094261712981,-359.3094261712981,0
4989,359.33014766912413,-359.33014766912413,0
4990,359.3469738645888,-359.3469738645888,0
4991,359.3796532950034,-359.3796532950034,0
4992,359.4139879472788,-359.4139879472788,0
4993,359.4280987396739,-359.4280987396739,0
4994,359.43837998460896,-359.43837998460896,0
4995,359.445716588994,-359.445716588994,0
4996,359.4550618691397,-359.4550618691397,0
4997,359.46607096584967,-359.46607096584967,0
4998,359.6710860652681,-359.6710860652681,0
4999,360.2193181783788,-360.2193181783788,0
5000,360.5132598368747,-360.5132598368747,0
5001,360.55703378101805,-360.55703378101805,0
5002,360.5557477999715,-360.5557477999715,0
5003,360.5572417820762,-360.5572417820762,0
5004,360.5523174008412,-360.5523174008412,0
5005,360.5516850919845,-360.5516850919845,0
5006,360.833750444355,-360.833750444355,0
5007,361.5661563717035,-361.5661563717035,0
5008,361.88974668443456,-361.88974668443456,0
5009,362.146791198985,-362.146791198985,0
5010,362.2047226058299,-362.2047226058299,0
5011,362.25166595976503,-362.25166595976503,0
5012,362.28761811682523,-362.28761811682523,0
5013,362.3150770189025,-362.3150770189025,0
5014,362.34254575885666,-362.34254575885666,0
5015,362.3722831245085,-362.3722831245085,0
5016,362.4195419035468,-362.4195419035468,0
5017,362.4454521990922,-362.4454521990922,0
5018,362.46978638532113,-362.46978638532113,0
5019,362.46979282493453,-362.46979282493453,0
5020,362.4649288366122,-362.4649288366122,0
5021,362.4639959248715,-362.4639959248715,0
5022,362.5019447380952,-362.5019447380952,0
5023,362.5332781698168,-362.5332781698168,0
5024,362.5528664728048,-362.5528664728048,0
5025,362.57689463429574,-362.57689463429574,0
5026,362.5988821380273,-362.5988821380273,0
5027,362.58865812027324,-362.58865812027324,0
5028,362.56312758584846,-362.56312758584846,0
5029,362.5261961152574,-362.5261961152574,0
5030,362.4969491006584,-362.4969491006584,0
5031,362.4677112082136,-362.4677112082136,0
5032,362.46426902756764,-362.46426902756764,0
5033,362.4539995418732,-362.4539995418732,0
5034,362.4475352519707,-362.4475352519707,0
5035,362.4527074629322,-362.4527074629322,0
5036,362.46441807091804,-362.46441807091804,0
5037,362.4845572186142,-362.4845572186142,0
5038,362.51621233693794,-362.51621233693794,0
5039,362.5551615875704,-362.5551615875704,0
5040,362.58348119354685,-362.58348119354685,0
5041,362.6090877027784,-362.6090877027784,0
5042,362.62884796223716,-362.62884796223716,0
5043,362.64212094514687,-362.64212094514687,0
5044,362.6549707235048,-362.6549707235048,0
5045,362.66424608231983,-362.66424608231983,0
5046,362.66703701907517,-362.66703701907517,0
5047,362.6795283330107,-362.6795283330107,0
5048,362.7202381026747,-362.7202381026747,0
5049,363.45291370041633,-363.45291370041633,0
5050,364.34467943333203,-364.34467943333203,0
5051,364.90175478633125,-364.90175478633125,0
5052,365.16697207254555,-365.16697207254555,0
5053,365.66709281211763,-365.66709281211763,0
5054,365.6577175561203,-365.6577175561203,0
5055,365.6361919403633,-365.6361919403633,0
5056,365.6271682079917,-365.6271682079917,0
5057,365.6208038176147,-365.6208038176147,0
5058,365.63343344465784,-365.63343344465784,0
5059,365.6492722632627,-365.6492722632627,0
5060,365.6588584488515,-365.6588584488515,0
5061,365.67320066768366,-365.67320066768366,0
5062,365.692629498048,-365.692629498048,0
5063,365.72520307374464,-365.72520307374464,0
5064,365.76133330925217,-365.76133330925217,0
5065,365.7981359745199,-365.7981359745199,0
5066,365.8256728283868,-365.8256728283868,0
5067,365.8432422694644,-365.8432422694644,0
5068,365.8794490079794,-365.8794490079794,0
5069,365.8922918518654,-365.8922918518654,0
5070,365.88842827589883,-365.88842827589883,0
5071,365.8739113372566,-365.8739113372566,0
5072,365.86730780134747,-365.86730780134747,0
5073,365.8644411173678,-365.8644411173678,0
5074,365.8475479563998,-365.8475479563998,0
5075,365.84242033121814,-365.84242033121814,0
5076,365.8358483975124,-365.8358483975124,0
5077,365.820346944626,-365.820346944626,0
5078,365.8021465324734,-365.8021465324734,0
5079,365.787852799772,-365.787852799772,0
5080,365.7824090292472,-365.7824090292472,0
5081,365.7846419723025,-365.7846419723025,0
5082,365.79476992341574,-365.79476992341574,0
5083,365.81153904257104,-365.81153904257104,0
5084,365.8297718325687,-365.8297718325687,0
5085,365.8813418734426,-365.8813418734426,0
5086,365.90996415782365,-365.90996415782365,0
5087,365.9514744589257,-365.9514744589257,0
5088,366.00151582970835,-366.00151582970835,0
5089,366.0451292267333,-366.0451292267333,0
5090,366.06683373312217,-366.06683373312217,0
5091,366.08243993071784,-366.08243993071784,0
5092,366.0999346311749,-366.0999346311749,0
5093,366.11559637582644,-366.11559637582644,0
5094,366.1316649577833,-366.1316649577833,0
5095,366.12994682087964,-366.12994682087964,0
5096,366.15931808264094,-366.15931808264094,0
5097,366.6604925590815,-366.6604925590815,0
5098,367.3919695705757,-367.3919695705757,0
5099,367.4066766209865,-367.4066766209865,0
5100,367.3849169473539,-367.3849169473539,0
5101,367.35241490473896,-367.35241490473896,0
5102,367.32064903704907,-367.32064903704907,0
5103,367.2875471108103,-367.2875471108103,0
5104,367.5174488888278,-367.5174488888278,0
5105,367.5138399391535,-367.5138399391535,0
5106,367.51065067780155,-367.51065067780155,0
5107,367.5304753837717,-367.5304753837717,0
5108,367.57483062621253,-367.57483062621253,0
5109,367.60109591915176,-367.60109591915176,0
5110,367.6362978372066,-367.6362978372066,0
5111,367.67441657732235,-367.67441657732235,0
5112,367.7157556773538,-367.7157556773538,0
5113,367.7500566205646,-367.7500566205646,0
5114,367.7733500215383,-367.7733500215383,0
5115,367.7903881747361,-367.7903881747361,0
5116,367.81788516698276,-367.81788516698276,0
5117,367.83052604616455,-367.83052604616455,0
5118,367.8304378826836,-367.8304378826836,0
5119,367.8162312717914,-367.8162312717914,0
5120,368.2097286726408,-368.2097286726408,0
5121,368.8518639802407,-368.8518639802407,0
5122,368.9863760464323,-368.9863760464323,0
5123,368.9845514667183,-368.9845514667183,0
5124,368.9613715967223,-368.9613715967223,0
5125,368.9457699426219,-368.9457699426219,0
5126,368.93346451465806,-368.93346451465806,0
5127,368.92249703523197,-368.92249703523197,0
5128,368.9164655211313,-368.9164655211313,0
5129,368.9100422449113,-368.9100422449113,0
5130,368.90396729704105,-368.90396729704105,0
5131,368.91163410777244,-368.91163410777244,0
5132,368.92145426923344,-368.92145426923344,0
5133,368.9341659910149,-368.9341659910149,0
5134,368.9535827889198,-368.9535827889198,0
5135,368.98955475033006,-368.98955475033006,0
5136,369.0198420377711,-369.0198420377711,0
5137,369.049008417294,-369.049008417294,0
5138,369.0651030638707,-369.0651030638707,0
5139,369.09116281072414,-369.09116281072414,0
5140,369.1120796354275,-369.1120796354275,0
5141,369.1109181341532,-369.1109181341532,0
5142,369.104709712012,-369.104709712012,0
5143,369.1128631255457,-369.1128631255457,0
5144,369.14384083585526,-369.14384083585526,0
5145,369.1417738920203,-369.1417738920203,0
5146,369.1363276376398,-369.1363276376398,0
5147,369.1247160947023,-369.1247160947023,0
5148,369.10663567983505,-369.10663567983505,0
5149,369.08190675609166,-369.08190675609166,0
5150,369.06481265429477,-369.06481265429477,0
5151,369.04588643321557,-369.04588643321557,0
5152,369.0347654150009,-369.0347654150009,0
5153,369.0222919662676,-369.0222919662676,0
5154,369.01450799859896,-369.01450799859896,0
5155,369.0145833756659,-369.0145833756659,0
5156,369.02550180867235,-369.02550180867235,0
5157,369.0369148229698,-369.0369148229698,0
5158,369.05995027769035,-369.05995027769035,0
5159,369.0933083596214,-369.0933083596214,0
5160,369.12744075809815,-369.12744075809815,0
5161,369.1620480022745,-369.1620480022745,0
5162,369.1804453163659,-369.1804453163659,0
5163,369.19141334659344,-369.19141334659344,0
5164,369.2043109603212,-369.2043109603212,0
5165,369.2133526467887,-369.2133526467887,0
5166,369.22504232914883,-369.22504232914883,0
5167,369.23384692206486,-369.23384692206486,0
5168,369.22893038762976,-369.22893038762976,0
5169,369.2204626368352,-369.2204626368352,0
5170,369.2039860224064,-369.2039860224064,0
5171,369.1832995078203,-369.1832995078203,0
5172,369.157443370572,-369.157443370572,0
5173,369.1677109968412,-369.1677109968412,0
5174,369.57722683316524,-369.57722683316524,0
5175,369.59869672730866,-369.59869672730866,0
5176,369.59011601731015,-369.59011601731015,0
5177,369.5785957973513,-369.5785957973513,0
5178,369.5737920148294,-369.5737920148294,0
5179,369.5904746955149,-369.5904746955149,0
5180,369.6115471980967,-369.6115471980967,0
5181,369.6429565312778,-369.6429565312778,0
5182,369.68159383260115,-369.68159383260115,0
5183,369.73129391546723,-369.73129391546723,0
5184,369.77036365868685,-369.77036365868685,0
5185,369.80148958992476,-369.80148958992476,0
5186,369.8179207053056,-369.8179207053056,0
5187,369.8265690341727,-369.8265690341727,0
5188,369.8389097446425,-369.8389097446425,0
5189,369.8490868521885,-369.8490868521885,0
5190,369.8634277432556,-369.8634277432556,0
5191,369.88087183316935,-369.88087183316935,0
5192,369.8880353409742,-369.8880353409742,0
5193,369.9046624430474,-369.9046624430474,0
5194,369.9018314045238,-369.9018314045238,0
5195,369.89060538480936,-369.89060538480936,0
5196,369.88211245308713,-369.88211245308713,0
5197,369.8595952526251,-369.8595952526251,0
5198,369.8388184109502,-369.8388184109502,0
5199,369.82567489745406,-369.82567489745406,0
5200,369.8102869749944,-369.8102869749944,0
5201,369.8004081131802,-369.8004081131802,0
5202,369.79203934768447,-369.79203934768447,0
5203,369.7998238149762,-369.7998238149762,0
5204,369.936028250187,-369.936028250187,0
5205,369.97888360726597,-369.97888360726597,0
5206,370.0766268264979,-370.0766268264979,0
5207,370.1288973019306,-370.1288973019306,0
5208,370.1746738849246,-370.1746738849246,0
5209,370.20518526685,-370.20518526685,0
5210,370.2237408287613,-370.2237408287613,0
5211,370.2370527880076,-370.2370527880076,0
5212,370.251320715052,-370.251320715052,0
5213,370.25930059973945,-370.25930059973945,0
5214,370.2695357430242,-370.2695357430242,0
5215,370.26807610798096,-370.26807610798096,0
5216,370.2618363347477,-370.2618363347477,0
5217,370.2561430337925,-370.2561430337925,0
5218,370.2388470979074,-370.2388470979074,0
5219,370.67988308574394,-370.67988308574394,0
5220,370.800146727852,-370.800146727852,0
5221,370.81895575390854,-370.81895575390854,0
5222,370.8098155136362,-370.8098155136362,0
5223,370.7985711825394,-370.7985711825394,0
5224,370.8260167604377,-370.8260167604377,0
5225,370.8191004697533,-370.8191004697533,0
5226,370.8152358219033,-370.8152358219033,0
5227,370.8282235466336,-370.8282235466336,0
5228,370.84073124574866,-370.84073124574866,0
5229,370.9005012055161,-370.9005012055161,0
5230,370.93091158780857,-370.93091158780857,0
5231,370.97182333432755,-370.97182333432755,0
5232,371.0122033475032,-371.0122033475032,0
5233,371.05325133844957,-371.05325133844957,0
5234,371.07670403840586,-371.07670403840586,0
5235,371.09565044298574,-371.09565044298574,0
5236,371.10900367411796,-371.10900367411796,0
5237,371.1176276243967,-371.1176276243967,0
5238,371.14563264694254,-371.14563264694254,0
5239,371.16694442208535,-371.16694442208535,0
5240,371.1560742690232,-371.1560742690232,0
5241,371.6900985467361,-371.6900985467361,0
5242,372.2883274354983,-372.2883274354983,0
5243,372.4623348282811,-372.4623348282811,0
5244,372.5074926328511,-372.5074926328511,0
5245,372.49458107171836,-372.49458107171836,0
5246,372.4761785015149,-372.4761785015149,0
5247,372.45801462927636,-372.45801462927636,0
5248,372.4422134087537,-372.4422134087537,0
5249,372.4296869264572,-372.4296869264572,0
5250,372.42045743808126,-372.42045743808126,0
5251,372.4229362918146,-372.4229362918146,0
5252,372.4299339590881,-372.4299339590881,0
5253,372.4396541251081,-372.4396541251081,0
5254,372.4760420700213,-372.4760420700213,0
5255,372.50355980132383,-372.50355980132383,0
5256,372.52855409337946,-372.52855409337946,0
5257,372.5583353276701,-372.5583353276701,0
5258,372.5706646117647,-372.5706646117647,0
5259,372.58301917027717,-372.58301917027717,0
5260,372.6156141943761,-372.6156141943761,0
5261,372.6379740029655,-372.6379740029655,0
5262,372.63538483640025,-372.63538483640025,0
5263,372.62842380226914,-372.62842380226914,0
5264,372.6251004191511,-372.6251004191511,0
5265,372.62030241555095,-372.62030241555095,0
5266,372.60230055933454,-372.60230055933454,0
5267,372.58034916486207,-372.58034916486207,0
5268,372.5551652167941,-372.5551652167941,0
5269,372.52863020052695,-372.52863020052695,0
5270,372.50850338386937,-372.50850338386937,0
5271,372.4882994305942,-372.4882994305942,0
5272,372.467965610424,-372.467965610424,0
5273,372.45150729744125,-372.45150729744125,0
5274,372.4431761043973,-372.4431761043973,0
5275,372.44975519067356,-372.44975519067356,0
5276,372.45958282708773,-372.45958282708773,0
5277,372.4730532119658,-372.4730532119658,0
5278,372.4907723533585,-372.4907723533585,0
5279,372.5109092652823,-372.5109092652823,0
5280,372.53233803901736,-372.53233803901736,0
5281,372.55548041942313,-372.55548041942313,0
5282,372.5673747864038,-372.5673747864038,0
5283,372.58026597117436,-372.58026597117436,0
5284,372.5918363980514,-372.5918363980514,0
5285,372.5989917555385,-372.5989917555385,0
5286,372.6126500066325,-372.6126500066325,0
5287,372.6260712260823,-372.6260712260823,0
5288,372.62274468299466,-372.62274468299466,0
5289,372.6176648092527,-372.6176648092527,0
5290,372.5990541873017,-372.5990541873017,0
5291,372.57082358319815,-372.57082358319815,0
5292,372.5386500100462,-372.5386500100462,0
5293,372.49800179830675,-372.49800179830675,0
5294,372.4582691459206,-372.4582691459206,0
5295,372.42154218340704,-372.42154218340704,0
5296,372.3985677148996,-372.3985677148996,0
5297,372.38130759883137,-372.38130759883137,0
5298,372.36990348406533,-372.36990348406533,0
5299,372.36857641813356,-372.36857641813356,0
5300,372.3698635229676,-372.3698635229676,0
5301,372.4282676803349,-372.4282676803349,0
5302,372.4492344156764,-372.4492344156764,0
5303,372.4719706455557,-372.4719706455557,0
5304,372.4915158269788,-372.4915158269788,0
5305,372.51414698193196,-372.51414698193196,0
5306,372.53363330473695,-372.53363330473695,0
5307,372.54411610131854,-372.54411610131854,0
5308,372.5573745329091,-372.5573745329091,0
5309,372.56332538668926,-372.56332538668926,0
5310,372.5754576733815,-372.5754576733815,0
5311,372.58968050890013,-372.58968050890013,0
5312,372.58847172895264,-372.58847172895264,0
5313,372.5849878621364,-372.5849878621364,0
5314,372.56564845158437,-372.56564845158437,0
5315,372.5500555037497,-372.5500555037497,0
5316,372.5287715789641,-372.5287715789641,0
5317,372.5021571099996,-372.5021571099996,0
5318,372.47679507049486,-372.47679507049486,0
5319,372.45036258777515,-372.45036258777515,0
5320,372.44295200628966,-372.44295200628966,0
5321,372.4411432346958,-372.4411432346958,0
5322,372.4399664155105,-372.4399664155105,0
5323,372.4417384231848,-372.4417384231848,0
5324,372.45436350805716,-372.45436350805716,0
5325,372.4668822289372,-372.4668822289372,0
5326,372.48526551169687,-372.48526551169687,0
5327,372.50707581373143,-372.50707581373143,0
5328,372.52866703496403,-372.52866703496403,0
5329,372.55615223291255,-372.55615223291255,0
5330,372.57104732636225,-372.57104732636225,0
5331,372.58332577118443,-372.58332577118443,0
5332,372.5970590824259,-372.5970590824259,0
5333,372.6049230479161,-372.6049230479161,0
5334,372.62053304683997,-372.62053304683997,0
5335,372.634167188889,-372.634167188889,0
5336,372.6300880718091,-372.6300880718091,0
5337,372.62237358782073,-372.62237358782073,0
5338,373.2471341090331,-373.2471341090331,0
5339,374.0277483454164,-374.0277483454164,0
5340,374.3088374343746,-374.3088374343746,0
5341,374.3019668867553,-374.3019668867553,0
5342,374.28150281764374,-374.28150281764374,0
5343,374.258418682878,-374.258418682878,0
5344,374.24588195188585,-374.24588195188585,0
5345,374.2342489704657,-374.2342489704657,0
5346,374.22592841169256,-374.22592841169256,0
5347,374.2258242828679,-374.2258242828679,0
5348,374.2324530768879,-374.2324530768879,0
5349,374.2495618585622,-374.2495618585622,0
5350,374.31009154975817,-374.31009154975817,0
5351,374.35135560115043,-374.35135560115043,0
5352,374.3961700071785,-374.3961700071785,0
5353,374.43308971819715,-374.43308971819715,0
5354,374.45307425306606,-374.45307425306606,0
5355,374.4657626073285,-374.4657626073285,0
5356,374.4797479042534,-374.4797479042534,0
5357,374.51580383795806,-374.51580383795806,0
5358,374.5355553470782,-374.5355553470782,0
5359,374.5339584540104,-374.5339584540104,0
5360,374.51747589670964,-374.51747589670964,0
5361,374.5114944570936,-374.5114944570936,0
5362,374.4967156263407,-374.4967156263407,0
5363,374.4721619243009,-374.4721619243009,0
5364,374.43701497146714,-374.43701497146714,0
5365,374.40084569409015,-374.40084569409015,0
5366,374.36555667152294,-374.36555667152294,0
5367,374.3330080380962,-374.3330080380962,0
5368,374.31113011710914,-374.31113011710914,0
5369,374.29787912396625,-374.29787912396625,0
5370,374.28963810180875,-374.28963810180875,0
5371,374.3105662568901,-374.3105662568901,0
5372,374.32816841223695,-374.32816841223695,0
5373,374.3623440385814,-374.3623440385814,0
5374,374.4095081862381,-374.4095081862381,0
5375,374.44857075124236,-374.44857075124236,0
5376,374.49542337954483,-374.49542337954483,0
5377,374.5281011633442,-374.5281011633442,0
5378,374.56303983128305,-374.56303983128305,0
5379,374.57752997297405,-374.57752997297405,0
5380,374.5908250383827,-374.5908250383827,0
5381,374.60024776757706,-374.60024776757706,0
5382,374.61260457678,-374.61260457678,0
5383,374.62740762779003,-374.62740762779003,0
5384,374.70049597272487,-374.70049597272487,0
5385,375.31182539706384,-375.31182539706384,0
5386,375.4273336326333,-375.4273336326333,0
5387,375.4127118194931,-375.4127118194931,0
5388,375.38541824305815,-375.38541824305815,0
5389,375.3495616703424,-375.3495616703424,0
5390,375.3133307505123,-375.3133307505123,0
5391,375.2791908910523,-375.2791908910523,0
5392,375.35512266374076,-375.35512266374076,0
5393,375.57772752224815,-375.57772752224815,0
5394,375.5856811592637,-375.5856811592637,0
5395,375.60851506305147,-375.60851506305147,0
5396,375.6303755093963,-375.6303755093963,0
5397,375.6535287789747,-375.6535287789747,0
5398,375.6860147228869,-375.6860147228869,0
5399,375.7189019484112,-375.7189019484112,0
5400,375.75992674092913,-375.75992674092913,0
5401,375.80019117263333,-375.80019117263333,0
5402,375.82732139575353,-375.82732139575353,0
5403,375.84530718408513,-375.84530718408513,0
5404,375.87691000088296,-375.87691000088296,0
5405,375.8928646219561,-375.8928646219561,0
5406,375.8884752315588,-375.8884752315588,0
5407,375.89142268313566,-375.89142268313566,0
5408,375.91097430515,-375.91097430515,0
5409,375.90420142114976,-375.90420142114976,0
5410,375.8841801926684,-375.8841801926684,0
5411,375.8573076765049,-375.8573076765049,0
5412,375.9662163260498,-375.9662163260498,0
5413,376.7430830031467,-376.7430830031467,0
5414,376.9874035743488,-376.9874035743488,0
5415,376.9827383252681,-376.9827383252681,0
5416,376.97941099135244,-376.97941099135244,0
5417,376.97034343796025,-376.97034343796025,0
5418,376.96646462011665,-376.96646462011665,0
5419,376.9705152790761,-376.9705152790761,0
5420,376.98775043269285,-376.98775043269285,0
5421,377.01317924729494,-377.01317924729494,0
5422,377.0458763949665,-377.0458763949665,0
5423,377.0803091601008,-377.0803091601008,0
5424,377.11267803602726,-377.11267803602726,0
5425,377.13928730027493,-377.13928730027493,0
5426,377.15352286968783,-377.15352286968783,0
5427,377.16352553656,-377.16352553656,0
5428,377.1768090015636,-377.1768090015636,0
5429,377.1866976183353,-377.1866976183353,0
5430,377.2012955324139,-377.2012955324139,0
5431,377.22079811013936,-377.22079811013936,0
5432,377.2266498714586,-377.2266498714586,0
5433,377.2183811158698,-377.2183811158698,0
5434,377.1848437925599,-377.1848437925599,0
5435,377.15234840326667,-377.15234840326667,0
5436,377.1246324517352,-377.1246324517352,0
5437,377.0905454630085,-377.0905454630085,0
5438,377.05327996920556,-377.05327996920556,0
5439,377.01774341321817,-377.01774341321817,0
5440,377.0012676348413,-377.0012676348413,0
5441,376.9880881411041,-376.9880881411041,0
5442,376.9801275639863,-376.9801275639863,0
5443,376.98273355105545,-376.98273355105545,0
5444,377.02018055300766,-377.02018055300766,0
5445,377.04967114336466,-377.04967114336466,0
5446,377.0927211520974,-377.0927211520974,0
5447,377.1337601099785,-377.1337601099785,0
5448,377.1698385278157,-377.1698385278157,0
5449,377.19262749973126,-377.19262749973126,0
5450,377.2093909804717,-377.2093909804717,0
5451,377.21627594446136,-377.21627594446136,0
5452,377.2263372640523,-377.2263372640523,0
5453,377.23765989340086,-377.23765989340086,0
5454,377.2513267602784,-377.2513267602784,0
5455,377.26641958115016,-377.26641958115016,0
5456,377.28363323293894,-377.28363323293894,0
5457,377.3019678149558,-377.3019678149558,0
5458,377.2944862667154,-377.2944862667154,0
5459,377.28758816100105,-377.28758816100105,0
5460,377.2712577564718,-377.2712577564718,0
5461,377.4543448010164,-377.4543448010164,0
5462,377.43762011421614,-377.43762011421614,0
5463,377.41243722329244,-377.41243722329244,0
5464,377.39429881769485,-377.39429881769485,0
5465,377.379180622797,-377.379180622797,0
5466,377.37139961151536,-377.37139961151536,0
5467,377.3762384843735,-377.3762384843735,0
5468,377.38603984860623,-377.38603984860623,0
5469,377.4002096883681,-377.4002096883681,0
5470,377.4328651258361,-377.4328651258361,0
5471,377.48182249946365,-377.48182249946365,0
5472,377.527524544502,-377.527524544502,0
5473,377.5581809956689,-377.5581809956689,0
5474,377.5729804709051,-377.5729804709051,0
5475,377.58383364698443,-377.58383364698443,0
5476,377.601094656712,-377.601094656712,0
5477,377.60634132922087,-377.60634132922087,0
5478,377.61739750633365,-377.61739750633365,0
5479,377.61546464723676,-377.61546464723676,0
5480,377.61201305787665,-377.61201305787665,0
5481,377.60640027886194,-377.60640027886194,0
5482,377.5830030610889,-377.5830030610889,0
5483,377.56029596656106,-377.56029596656106,0
5484,377.5325596819089,-377.5325596819089,0
5485,377.4932900804239,-377.4932900804239,0
5486,377.45556694666124,-377.45556694666124,0
5487,377.4213038597926,-377.4213038597926,0
5488,377.4003733450951,-377.4003733450951,0
5489,377.3864489306907,-377.3864489306907,0
5490,377.3773947092073,-377.3773947092073,0
5491,377.37717054574733,-377.37717054574733,0
5492,377.38542165126523,-377.38542165126523,0
5493,377.47519877758526,-377.47519877758526,0
5494,377.51540521044996,-377.51540521044996,0
5495,377.5650315615605,-377.5650315615605,0
5496,377.60068408871126,-377.60068408871126,0
5497,377.6302871221973,-377.6302871221973,0
5498,377.6451028056293,-377.6451028056293,0
5499,377.66283225440696,-377.66283225440696,0
5500,377.67637879216585,-377.67637879216585,0
5501,377.6837981698799,-377.6837981698799,0
5502,377.6959900179731,-377.6959900179731,0
5503,377.7080931860709,-377.7080931860709,0
5504,377.7050395086588,-377.7050395086588,0
5505,377.69584697243863,-377.69584697243863,0
5506,377.67520995653354,-377.67520995653354,0
5507,377.64693853636976,-377.64693853636976,0
5508,377.6112426011364,-377.6112426011364,0
5509,377.5721579294069,-377.5721579294069,0
5510,377.5362589713039,-377.5362589713039,0
5511,377.50248663940687,-377.50248663940687,0
5512,377.48059732762607,-377.48059732762607,0
5513,377.4767600902375,-377.4767600902375,0
5514,377.4693303381272,-377.4693303381272,0
5515,377.47156920026833,-377.47156920026833,0
5516,377.48390730960034,-377.48390730960034,0
5517,377.54958200127345,-377.54958200127345,0
5518,377.58382566200186,-377.58382566200186,0
5519,377.62108981033464,-377.62108981033464,0
5520,377.6743403892832,-377.6743403892832,0
5521,377.70990491513055,-377.70990491513055,0
5522,377.7284851477371,-377.7284851477371,0
5523,377.7384418196608,-377.7384418196608,0
5524,377.7506915585415,-377.7506915585415,0
5525,377.76372633756034,-377.76372633756034,0
5526,377.77503585270466,-377.77503585270466,0
5527,377.79060787028703,-377.79060787028703,0
5528,377.79037263721074,-377.79037263721074,0
5529,377.78419241381243,-377.78419241381243,0
5530,377.7642615688309,-377.7642615688309,0
5531,377.7385708331486,-377.7385708331486,0
5532,377.70363003916543,-377.70363003916543,0
5533,377.66416266402103,-377.66416266402103,0
5534,377.6261355579893,-377.6261355579893,0
5535,377.60694307944453,-377.60694307944453,0
5536,377.59045759092606,-377.59045759092606,0
5537,377.57713752530725,-377.57713752530725,0
5538,377.56863662573073,-377.56863662573073,0
5539,377.5750925055955,-377.5750925055955,0
5540,377.5932854265768,-377.5932854265768,0
5541,377.6201393908291,-377.6201393908291,0
5542,377.67170012810465,-377.67170012810465,0
5543,377.72317617374887,-377.72317617374887,0
5544,377.76470282123887,-377.76470282123887,0
5545,377.8030103589993,-377.8030103589993,0
5546,377.8329216351815,-377.8329216351815,0
5547,377.8467866083803,-377.8467866083803,0
5548,377.8620379152456,-377.8620379152456,0
5549,377.87729477425546,-377.87729477425546,0
5550,377.8918773849254,-377.8918773849254,0
5551,377.90819388945243,-377.90819388945243,0
5552,377.9162839308851,-377.9162839308851,0
5553,377.91408319551016,-377.91408319551016,0
5554,377.90305577916564,-377.90305577916564,0
5555,377.8827110019692,-377.8827110019692,0
5556,377.8625415736282,-377.8625415736282,0
5557,377.8252143434373,-377.8252143434373,0
5558,377.7945292927553,-377.7945292927553,0
5559,377.7633861159484,-377.7633861159484,0
5560,377.7443333541849,-377.7443333541849,0
5561,377.73131926242746,-377.73131926242746,0
5562,377.72278130203705,-377.72278130203705,0
5563,377.72144197496016,-377.72144197496016,0
5564,377.7302778768658,-377.7302778768658,0
5565,377.7413357989812,-377.7413357989812,0
5566,377.76732159573834,-377.76732159573834,0
5567,377.8004074109841,-377.8004074109841,0
5568,377.8333444080353,-377.8333444080353,0
5569,377.867785215615,-377.867785215615,0
5570,377.88385697375685,-377.88385697375685,0
5571,377.8940164895813,-377.8940164895813,0
5572,377.90585464170994,-377.90585464170994,0
5573,377.9168448505343,-377.9168448505343,0
5574,377.9282435315449,-377.9282435315449,0
5575,377.9508229243813,-377.9508229243813,0
5576,377.9627632278069,-377.9627632278069,0
5577,377.9673230176845,-377.9673230176845,0
5578,377.9545100946108,-377.9545100946108,0
5579,377.9462210998284,-377.9462210998284,0
5580,377.9304468639733,-377.9304468639733,0
5581,377.9305087194194,-377.9305087194194,0
5582,377.92556352308645,-377.92556352308645,0
5583,377.9240860092423,-377.9240860092423,0
5584,377.9412350585962,-377.9412350585962,0
5585,377.9475690007507,-377.9475690007507,0
5586,377.95810732267904,-377.95810732267904,0
5587,377.9700045681375,-377.9700045681375,0
5588,377.9825331729645,-377.9825331729645,0
5589,378.0076691324174,-378.0076691324174,0
5590,378.0395429712517,-378.0395429712517,0
5591,378.06722974610454,-378.06722974610454,0
5592,378.10790057558523,-378.10790057558523,0
5593,378.14677527446037,-378.14677527446037,0
5594,378.17050886874904,-378.17050886874904,0
5595,378.18708134935054,-378.18708134935054,0
5596,378.19924247691415,-378.19924247691415,0
5597,378.20813766240343,-378.20813766240343,0
5598,378.22242180666103,-378.22242180666103,0
5599,378.23851146575424,-378.23851146575424,0
5600,378.2360552696341,-378.2360552696341,0
5601,378.22713344117716,-378.22713344117716,0
5602,378.2045205289169,-378.2045205289169,0
5603,378.17574709220605,-378.17574709220605,0
5604,378.13988045887805,-378.13988045887805,0
5605,378.1058137085197,-378.1058137085197,0
5606,378.07569943255083,-378.07569943255083,0
5607,378.05541360999615,-378.05541360999615,0
5608,378.0402928180292,-378.0402928180292,0
5609,378.0295322243732,-378.0295322243732,0
5610,378.02137864448304,-378.02137864448304,0
5611,378.02949672027796,-378.02949672027796,0
5612,378.04256240824435,-378.04256240824435,0
5613,378.0528682894924,-378.0528682894924,0
5614,378.07762389578807,-378.07762389578807,0
5615,378.1155362103131,-378.1155362103131,0
5616,378.1552111567277,-378.1552111567277,0
5617,378.1774074980912,-378.1774074980912,0
5618,378.1915999690107,-378.1915999690107,0
5619,378.20009215453956,-378.20009215453956,0
5620,378.2129649787793,-378.2129649787793,0
5621,378.21961852812666,-378.21961852812666,0
5622,378.2333295138873,-378.2333295138873,0
5623,378.2475047258696,-378.2475047258696,0
5624,378.24546253566274,-378.24546253566274,0
5625,378.2368023106125,-378.2368023106125,0
5626,378.2169815882407,-378.2169815882407,0
5627,378.18954674427283,-378.18954674427283,0
5628,378.1530106358172,-378.1530106358172,0
5629,378.11484922175566,-378.11484922175566,0
5630,378.08007130574794,-378.08007130574794,0
5631,378.04607806486484,-378.04607806486484,0
5632,378.0231880656474,-378.0231880656474,0
5633,378.0087090190941,-378.0087090190941,0
5634,377.999892652002,-377.999892652002,0
5635,378.02831325714214,-378.02831325714214,0
5636,378.04591541662404,-378.04591541662404,0
5637,378.06049336819405,-378.06049336819405,0
5638,378.08162123004274,-378.08162123004274,0
5639,378.12646561076207,-378.12646561076207,0
5640,378.15040315620763,-378.15040315620763,0
5641,378.1725783516218,-378.1725783516218,0
5642,378.1860715632192,-378.1860715632192,0
5643,378.19374819766523,-378.19374819766523,0
5644,378.2049740327029,-378.2049740327029,0
5645,378.2163084851662,-378.2163084851662,0
5646,378.22904963616406,-378.22904963616406,0
5647,378.2445998820974,-378.2445998820974,0
5648,378.2446264376977,-378.2446264376977,0
5649,378.24312429487895,-378.24312429487895,0
5650,378.2260467727534,-378.2260467727534,0
5651,378.2024780854788,-378.2024780854788,0
5652,378.17530810571895,-378.17530810571895,0
5653,378.148821699989,-378.148821699989,0
5654,378.1228137093041,-378.1228137093041,0
5655,378.09813763174463,-378.09813763174463,0
5656,378.08542825199396,-378.08542825199396,0
5657,378.0740652815587,-378.0740652815587,0
5658,378.0656598464455,-378.0656598464455,0
5659,378.06730199285323,-378.06730199285323,0
5660,378.07210023588226,-378.07210023588226,0
5661,378.0804730170212,-378.0804730170212,0
5662,378.101405370273,-378.101405370273,0
5663,378.12274677439757,-378.12274677439757,0
5664,378.14657122584345,-378.14657122584345,0
5665,378.1604810577001,-378.1604810577001,0
5666,378.17153602894564,-378.17153602894564,0
5667,378.1821166211098,-378.1821166211098,0
5668,378.19526653155043,-378.19526653155043,0
5669,378.1999008923167,-378.1999008923167,0
5670,378.2151439975804,-378.2151439975804,0
5671,378.22807741779553,-378.22807741779553,0
5672,378.2257487663545,-378.2257487663545,0
5673,378.2185583288924,-378.2185583288924,0
5674,378.2029986566384,-378.2029986566384,0
5675,378.1887143124097,-378.1887143124097,0
5676,378.1711810034833,-378.1711810034833,0
5677,378.1398138192606,-378.1398138192606,0
5678,378.11928807720665,-378.11928807720665,0
5679,378.09703605550146,-378.09703605550146,0
5680,378.0827691599219,-378.0827691599219,0
5681,378.07110664843543,-378.07110664843543,0
5682,378.06261333848727,-378.06261333848727,0
5683,378.06616984521577,-378.06616984521577,0
5684,378.10727725553795,-378.10727725553795,0
5685,378.14137914127247,-378.14137914127247,0
5686,378.18360211313023,-378.18360211313023,0
5687,378.2282559925829,-378.2282559925829,0
5688,378.26840059074806,-378.26840059074806,0
5689,378.29811393841715,-378.29811393841715,0
5690,378.31605035830086,-378.31605035830086,0
5691,378.332665019023,-378.332665019023,0
5692,378.34859686686275,-378.34859686686275,0
5693,378.3601902399288,-378.3601902399288,0
5694,378.3768320951308,-378.3768320951308,0
5695,378.39067804335593,-378.39067804335593,0
5696,378.3862683893609,-378.3862683893609,0
5697,378.37976618143415,-378.37976618143415,0
5698,378.36201614014976,-378.36201614014976,0
5699,378.3483315733989,-378.3483315733989,0
5700,378.33593551361287,-378.33593551361287,0
5701,378.3125269627813,-378.3125269627813,0
5702,378.2973639902216,-378.2973639902216,0
5703,378.2811656872646,-378.2811656872646,0
5704,378.2744867684522,-378.2744867684522,0
5705,378.26959327596785,-378.26959327596785,0
5706,378.2668934847293,-378.2668934847293,0
5707,378.281384182906,-378.281384182906,0
5708,378.30833459358297,-378.30833459358297,0
5709,378.3822666335603,-378.3822666335603,0
5710,378.43407981816034,-378.43407981816034,0
5711,378.48406121244454,-378.48406121244454,0
5712,378.5266060360293,-378.5266060360293,0
5713,378.5653809754768,-378.5653809754768,0
5714,378.59415526965137,-378.59415526965137,0
5715,378.6084909002334,-378.6084909002334,0
5716,378.62274349029485,-378.62274349029485,0
5717,378.6362910047409,-378.6362910047409,0
5718,378.6546982830062,-378.6546982830062,0
5719,378.65430714911884,-378.65430714911884,0
5720,378.65072172912176,-378.65072172912176,0
5721,378.6450380971552,-378.6450380971552,0
5722,378.63200637009527,-378.63200637009527,0
5723,378.6193134070251,-378.6193134070251,0
5724,378.5969673445097,-378.5969673445097,0
5725,378.55879658556313,-378.55879658556313,0
5726,378.523528150606,-378.523528150606,0
5727,378.50570817794375,-378.50570817794375,0
5728,378.48876308701745,-378.48876308701745,0
5729,378.47409835994046,-378.47409835994046,0
5730,378.4657417331669,-378.4657417331669,0
5731,378.4681724717398,-378.4681724717398,0
5732,378.4760103652854,-378.4760103652854,0
5733,378.4920993412875,-378.4920993412875,0
5734,378.5210482188444,-378.5210482188444,0
5735,378.5557853134297,-378.5557853134297,0
5736,378.5934770609085,-378.5934770609085,0
5737,378.62774033594883,-378.62774033594883,0
5738,378.65067672813456,-378.65067672813456,0
5739,378.6660566163283,-378.6660566163283,0
5740,378.68019538439154,-378.68019538439154,0
5741,378.6920254976697,-378.6920254976697,0
5742,378.70904252851534,-378.70904252851534,0
5743,378.71969938215227,-378.71969938215227,0
5744,378.7256677931791,-378.7256677931791,0
5745,378.74287099772437,-378.74287099772437,0
5746,378.7363655726193,-378.7363655726193,0
5747,378.7274585087455,-378.7274585087455,0
5748,378.7192510942044,-378.7192510942044,0
5749,378.701882219129,-378.701882219129,0
5750,378.6872422424755,-378.6872422424755,0
5751,378.67373115813535,-378.67373115813535,0
5752,378.6692902105441,-378.6692902105441,0
5753,378.6828306401477,-378.6828306401477,0
5754,378.68016040553437,-378.68016040553437,0
5755,378.7034878845411,-378.7034878845411,0
5756,378.7244664129313,-378.7244664129313,0
5757,378.74799466142315,-378.74799466142315,0
5758,378.7823093896631,-378.7823093896631,0
5759,378.82099843020706,-378.82099843020706,0
5760,378.8509112065379,-378.8509112065379,0
5761,378.87607840923,-378.87607840923,0
5762,378.8908203620771,-378.8908203620771,0
5763,378.90172492393526,-378.90172492393526,0
5764,378.9171802649289,-378.9171802649289,0
5765,378.9219759623251,-378.9219759623251,0
5766,378.9314817465569,-378.9314817465569,0
5767,378.93173706756767,-378.93173706756767,0
5768,378.9300717812766,-378.9300717812766,0
5769,378.9286724805159,-378.9286724805159,0
5770,378.9132907722958,-378.9132907722958,0
5771,378.8916022133623,-378.8916022133623,0
5772,378.8638848136759,-378.8638848136759,0
5773,378.8312192555678,-378.8312192555678,0
5774,378.80485068702745,-378.80485068702745,0
5775,378.77786086512947,-378.77786086512947,0
5776,378.7649072316373,-378.7649072316373,0
5777,378.7597818867985,-378.7597818867985,0
5778,378.7571062314052,-378.7571062314052,0
5779,378.7823625445656,-378.7823625445656,0
5780,378.8143156662199,-378.8143156662199,0
5781,378.84343267379035,-378.84343267379035,0
5782,378.8877538358926,-378.8877538358926,0
5783,378.93297556000437,-378.93297556000437,0
5784,378.9888523971741,-378.9888523971741,0
5785,379.01733575004823,-379.01733575004823,0
5786,379.0324339907258,-379.0324339907258,0
5787,379.0494407389506,-379.0494407389506,0
5788,379.0640302827887,-379.0640302827887,0
5789,379.0713217130536,-379.0713217130536,0
5790,379.08588412573954,-379.08588412573954,0
5791,379.08510876348464,-379.08510876348464,0
5792,379.0818564587993,-379.0818564587993,0
5793,379.0787579978153,-379.0787579978153,0
5794,379.07165500752245,-379.07165500752245,0
5795,379.0610082993913,-379.0610082993913,0
5796,379.04306800756086,-379.04306800756086,0
5797,379.0135984262184,-379.0135984262184,0
5798,378.9943085156202,-378.9943085156202,0
5799,378.9710129719048,-378.9710129719048,0
5800,378.96144603564693,-378.96144603564693,0
5801,378.9549384533785,-378.9549384533785,0
5802,378.9517933564749,-378.9517933564749,0
5803,378.9677789221433,-378.9677789221433,0
5804,378.9873215833326,-378.9873215833326,0
5805,379.0030435897419,-379.0030435897419,0
5806,379.03166053597056,-379.03166053597056,0
5807,379.11674719951236,-379.11674719951236,0
5808,379.16345489045955,-379.16345489045955,0
5809,379.18569652304336,-379.18569652304336,0
5810,379.1985249095319,-379.1985249095319,0
5811,379.21268785037313,-379.21268785037313,0
5812,379.2273568755589,-379.2273568755589,0
5813,379.24205607202913,-379.24205607202913,0
5814,379.2539316144241,-379.2539316144241,0
5815,379.54531922922206,-379.54531922922206,0
5816,379.6556561663471,-379.6556561663471,0
5817,379.6618100974307,-379.6618100974307,0
5818,379.65051616873313,-379.65051616873313,0
5819,379.6379812551158,-379.6379812551158,0
5820,379.6229981620799,-379.6229981620799,0
5821,379.60396425015773,-379.60396425015773,0
5822,379.584616292158,-379.584616292158,0
5823,379.91497363680753,-379.91497363680753,0
5824,380.41291228943544,-380.41291228943544,0
5825,380.5050790186989,-380.5050790186989,0
5826,380.555221758354,-380.555221758354,0
5827,380.6236857717566,-380.6236857717566,0
5828,380.6856593613585,-380.6856593613585,0
5829,380.72478529885956,-380.72478529885956,0
5830,380.7761911824399,-380.7761911824399,0
5831,380.83217124233767,-380.83217124233767,0
5832,380.8776986777021,-380.8776986777021,0
5833,380.90750969529785,-380.90750969529785,0
5834,380.9371729632988,-380.9371729632988,0
5835,380.9534065438974,-380.9534065438974,0
5836,380.95215285361263,-380.95215285361263,0
5837,380.95572148621466,-380.95572148621466,0
5838,380.9796776899567,-380.9796776899567,0
5839,381.00259767624124,-381.00259767624124,0
5840,381.00041503754767,-381.00041503754767,0
5841,381.3583894656697,-381.3583894656697,0
5842,381.99682129419006,-381.99682129419006,0
5843,382.0392290676581,-382.0392290676581,0
5844,382.02129241664505,-382.02129241664505,0
5845,382.0119696570236,-382.0119696570236,0
5846,382.22503123543066,-382.22503123543066,0
5847,382.4033921951543,-382.4033921951543,0
5848,382.39829597332425,-382.39829597332425,0
5849,382.3970773085657,-382.3970773085657,0
5850,382.397130237399,-382.397130237399,0
5851,382.42203927595295,-382.42203927595295,0
5852,382.4473477872949,-382.4473477872949,0
5853,382.4753384121399,-382.4753384121399,0
5854,382.526529539039,-382.526529539039,0
5855,382.5934882491861,-382.5934882491861,0
5856,382.63124340784435,-382.63124340784435,0
5857,382.65215816391714,-382.65215816391714,0
5858,382.66779576221757,-382.66779576221757,0
5859,382.67832657611217,-382.67832657611217,0
5860,382.70764920585236,-382.70764920585236,0
5861,382.7262565787355,-382.7262565787355,0
5862,382.7299426205834,-382.7299426205834,0
5863,382.7247278122764,-382.7247278122764,0
5864,382.7233743675371,-382.7233743675371,0
5865,382.7282510038673,-382.7282510038673,0
5866,382.7059615550706,-382.7059615550706,0
5867,382.6747629832272,-382.6747629832272,0
5868,382.64069044631935,-382.64069044631935,0
5869,382.62600528387594,-382.62600528387594,0
5870,382.599892234086,-382.599892234086,0
5871,382.58107248267504,-382.58107248267504,0
5872,382.5659742124031,-382.5659742124031,0
5873,382.55441402451396,-382.55441402451396,0
5874,382.55000640510883,-382.55000640510883,0
5875,382.5547892584791,-382.5547892584791,0
5876,382.5789603131222,-382.5789603131222,0
5877,382.6043709949532,-382.6043709949532,0
5878,382.6493481514475,-382.6493481514475,0
5879,382.6871381683779,-382.6871381683779,0
5880,382.7249812364875,-382.7249812364875,0
5881,382.7574544237461,-382.7574544237461,0
5882,382.78485978477494,-382.78485978477494,0
5883,382.79914380779735,-382.79914380779735,0
5884,382.81563521981406,-382.81563521981406,0
5885,382.8263935572038,-382.8263935572038,0
5886,382.8451110003172,-382.8451110003172,0
5887,382.8601833189002,-382.8601833189002,0
5888,383.2404737902353,-383.2404737902353,0
5889,383.83437164250586,-383.83437164250586,0
5890,384.01789450249714,-384.01789450249714,0
5891,384.10650563299595,-384.10650563299595,0
5892,384.09082609847627,-384.09082609847627,0
5893,384.0637273502017,-384.0637273502017,0
5894,384.03798632596414,-384.03798632596414,0
5895,384.0130542592312,-384.0130542592312,0
5896,384.00186179705645,-384.00186179705645,0
5897,383.99401590128974,-383.99401590128974,0
5898,383.988068990703,-383.988068990703,0
5899,384.015521520912,-384.015521520912,0
5900,384.0359513181602,-384.0359513181602,0
5901,384.06158623875564,-384.06158623875564,0
5902,384.1010696786501,-384.1010696786501,0
5903,384.14888922437774,-384.14888922437774,0
5904,384.1886857245656,-384.1886857245656,0
5905,384.2302282990963,-384.2302282990963,0
5906,384.26115826512614,-384.26115826512614,0
5907,384.29128542197975,-384.29128542197975,0
5908,384.31800102230426,-384.31800102230426,0
5909,384.3170372813115,-384.3170372813115,0
5910,384.3118265757151,-384.3118265757151,0
5911,384.31700891938465,-384.31700891938465,0
5912,384.3327429818719,-384.3327429818719,0
5913,384.53434987811835,-384.53434987811835,0
5914,385.02422724918733,-385.02422724918733,0
5915,385.5019109805303,-385.5019109805303,0
5916,385.54397583349436,-385.54397583349436,0
5917,385.5212681937632,-385.5212681937632,0
5918,385.49377728328756,-385.49377728328756,0
5919,385.46364958505364,-385.46364958505364,0
5920,385.44658531203055,-385.44658531203055,0
5921,385.4444368090386,-385.4444368090386,0
5922,385.44754194198066,-385.44754194198066,0
5923,385.4691780403906,-385.4691780403906,0
5924,385.48321973372396,-385.48321973372396,0
5925,385.50388858929546,-385.50388858929546,0
5926,385.53311999004416,-385.53311999004416,0
5927,385.5835538508279,-385.5835538508279,0
5928,385.6307499030818,-385.6307499030818,0
5929,385.6604772869536,-385.6604772869536,0
5930,385.68195549427827,-385.68195549427827,0
5931,385.69558004251235,-385.69558004251235,0
5932,385.7185460899065,-385.7185460899065,0
5933,385.7383674951863,-385.7383674951863,0
5934,385.74604325560466,-385.74604325560466,0
5935,385.74993302371985,-385.74993302371985,0
5936,385.7416907588322,-385.7416907588322,0
5937,385.75388675652437,-385.75388675652437,0
5938,385.739475910416,-385.739475910416,0
5939,385.7129337249721,-385.7129337249721,0
5940,385.6778455175426,-385.6778455175426,0
5941,385.6392428368581,-385.6392428368581,0
5942,385.60278758507894,-385.60278758507894,0
5943,385.5716690744123,-385.5716690744123,0
5944,385.55825723191623,-385.55825723191623,0
5945,385.5500842888891,-385.5500842888891,0
5946,385.5441887908777,-385.5441887908777,0
5947,385.5610191933794,-385.5610191933794,0
5948,385.5751193735813,-385.5751193735813,0
5949,385.605777950645,-385.605777950645,0
5950,385.6449850442465,-385.6449850442465,0
5951,385.71753439135153,-385.71753439135153,0
5952,385.77210232026147,-385.77210232026147,0
5953,385.80450566039485,-385.80450566039485,0
5954,385.82542178447346,-385.82542178447346,0
5955,385.8404415332264,-385.8404415332264,0
5956,385.8556714806461,-385.8556714806461,0
5957,385.8630566541228,-385.8630566541228,0
5958,385.8773572116953,-385.8773572116953,0
5959,385.91699735913954,-385.91699735913954,0
5960,385.9166050040738,-385.9166050040738,0
5961,385.9100480910496,-385.9100480910496,0
5962,385.90561198950354,-385.90561198950354,0
5963,385.8933662057808,-385.8933662057808,0
5964,385.8745962000701,-385.8745962000701,0
5965,385.8396716775178,-385.8396716775178,0
5966,385.80500512420815,-385.80500512420815,0
5967,385.9514519848466,-385.9514519848466,0
5968,386.25189337209974,-386.25189337209974,0
5969,386.27936446076706,-386.27936446076706,0
5970,386.28493916433996,-386.28493916433996,0
5971,386.3095190498384,-386.3095190498384,0
5972,386.3311623691161,-386.3311623691161,0
5973,386.3660130886105,-386.3660130886105,0
5974,386.409511569927,-386.409511569927,0
5975,386.46550492394886,-386.46550492394886,0
5976,386.4980022896922,-386.4980022896922,0
5977,386.52686951678385,-386.52686951678385,0
5978,386.547661583033,-386.547661583033,0
5979,386.56031850575715,-386.56031850575715,0
5980,386.57017459258884,-386.57017459258884,0
5981,386.5809595725632,-386.5809595725632,0
5982,386.6038339566869,-386.6038339566869,0
5983,386.61301172685404,-386.61301172685404,0
5984,386.61247441029036,-386.61247441029036,0
5985,386.61332580837967,-386.61332580837967,0
5986,386.6218656202394,-386.6218656202394,0
5987,386.61551466614696,-386.61551466614696,0
5988,386.5940051127509,-386.5940051127509,0
5989,386.5639631699136,-386.5639631699136,0
5990,386.5442358883905,-386.5442358883905,0
5991,386.5288500030062,-386.5288500030062,0
5992,386.5242707180729,-386.5242707180729,0
5993,386.52420677356946,-386.52420677356946,0
5994,386.53326693437486,-386.53326693437486,0
5995,386.5618866160465,-386.5618866160465,0
5996,386.59125875451866,-386.59125875451866,0
5997,386.6331398865167,-386.6331398865167,0
5998,386.68322387569134,-386.68322387569134,0
5999,386.7273573100078,-386.7273573100078,0
6000,386.7714498869494,-386.7714498869494,0
6001,386.80592603797896,-386.80592603797896,0
6002,386.8245818620435,-386.8245818620435,0
6003,386.8370164301128,-386.8370164301128,0
6004,386.8522660731958,-386.8522660731958,0
6005,386.86391404395806,-386.86391404395806,0
6006,386.8751033683755,-386.8751033683755,0
6007,386.8866050561493,-386.8866050561493,0
6008,386.9008953689472,-386.9008953689472,0
6009,386.9072643340473,-386.9072643340473,0
6010,386.90267135047975,-386.90267135047975,0
6011,386.89254563967665,-386.89254563967665,0
6012,386.8718888796878,-386.8718888796878,0
6013,386.83981366594725,-386.83981366594725,0
6014,386.8085232179713,-386.8085232179713,0
6015,386.78189195727543,-386.78189195727543,0
6016,386.7705348821426,-386.7705348821426,0
6017,386.76281929794163,-386.76281929794163,0
6018,386.7855758829989,-386.7855758829989,0
6019,386.8049627269806,-386.8049627269806,0
6020,386.8281309161255,-386.8281309161255,0
6021,386.8545396679357,-386.8545396679357,0
6022,386.9072636950123,-386.9072636950123,0
6023,386.9578611417685,-386.9578611417685,0
6024,387.0034204299549,-387.0034204299549,0
6025,387.03335980450726,-387.03335980450726,0
6026,387.0520242813899,-387.0520242813899,0
6027,387.0660612395697,-387.0660612395697,0
6028,387.0792872488689,-387.0792872488689,0
6029,387.0916072059513,-387.0916072059513,0
6030,387.1031947012822,-387.1031947012822,0
6031,387.1154592782689,-387.1154592782689,0
6032,387.5554359906005,-387.5554359906005,0
6033,388.4091612657111,-388.4091612657111,0
6034,389.154426890887,-389.154426890887,0
6035,389.28017435909874,-389.28017435909874,0
6036,389.26801166416135,-389.26801166416135,0
6037,389.2428399643884,-389.2428399643884,0
6038,389.2236879711071,-389.2236879711071,0
6039,389.1946533957279,-389.1946533957279,0
6040,389.1797817884536,-389.1797817884536,0
6041,389.16739446431046,-389.16739446431046,0
6042,389.16216003457436,-389.16216003457436,0
6043,389.1666328206777,-389.1666328206777,0
6044,389.2155106960343,-389.2155106960343,0
6045,389.25827969146076,-389.25827969146076,0
6046,389.314664198191,-389.314664198191,0
6047,389.3642820092531,-389.3642820092531,0
6048,389.41149339673655,-389.41149339673655,0
6049,389.4428538067958,-389.4428538067958,0
6050,389.4683816188602,-389.4683816188602,0
6051,389.5011831288711,-389.5011831288711,0
6052,389.5260967107409,-389.5260967107409,0
6053,389.52450659187343,-389.52450659187343,0
6054,389.5187679366492,-389.5187679366492,0
6055,389.60853021297316,-389.60853021297316,0
6056,390.18842752427025,-390.18842752427025,0
6057,390.24286404786886,-390.24286404786886,0
6058,390.23565045293935,-390.23565045293935,0
6059,390.21840428752006,-390.21840428752006,0
6060,390.19513188016964,-390.19513188016964,0
6061,390.17782829124405,-390.17782829124405,0
6062,390.1563851382904,-390.1563851382904,0
6063,390.13390414578356,-390.13390414578356,0
6064,390.11884616709017,-390.11884616709017,0
6065,390.10928080352704,-390.10928080352704,0
6066,390.10290913250776,-390.10290913250776,0
6067,390.1196699141927,-390.1196699141927,0
6068,390.1468186340795,-390.1468186340795,0
6069,390.1788675427477,-390.1788675427477,0
6070,390.2148662706137,-390.2148662706137,0
6071,390.2531656619676,-390.2531656619676,0
6072,390.28777617556347,-390.28777617556347,0
6073,390.3240919409449,-390.3240919409449,0
6074,390.35901193871626,-390.35901193871626,0
6075,390.3887479769316,-390.3887479769316,0
6076,390.402177097787,-390.402177097787,0
6077,390.3984383139015,-390.3984383139015,0
6078,390.41224481717893,-390.41224481717893,0
6079,390.4558210865231,-390.4558210865231,0
6080,390.4556994240125,-390.4556994240125,0
6081,390.44941300675464,-390.44941300675464,0
6082,390.4411024683107,-390.4411024683107,0
6083,390.42634170135375,-390.42634170135375,0
6084,390.41203224066965,-390.41203224066965,0
6085,390.40259024649913,-390.40259024649913,0
6086,390.39069083457605,-390.39069083457605,0
6087,390.3795808447866,-390.3795808447866,0
6088,390.38207068148324,-390.38207068148324,0
6089,390.4056501327365,-390.4056501327365,0
6090,390.44286754859894,-390.44286754859894,0
6091,390.4607376158562,-390.4607376158562,0
6092,390.4824910220376,-390.4824910220376,0
6093,390.51329902366456,-390.51329902366456,0
6094,390.5415389860098,-390.5415389860098,0
6095,390.5854176975115,-390.5854176975115,0
6096,390.62137549027415,-390.62137549027415,0
6097,390.64182391107545,-390.64182391107545,0
6098,390.6575508807826,-390.6575508807826,0
6099,390.6669022962512,-390.6669022962512,0
6100,390.6830690944458,-390.6830690944458,0
6101,390.6957410062667,-390.6957410062667,0
6102,390.7097131940977,-390.7097131940977,0
6103,390.7319633803042,-390.7319633803042,0
6104,390.76331183462565,-390.76331183462565,0
6105,390.7587827083065,-390.7587827083065,0
6106,390.74426687006826,-390.74426687006826,0
6107,390.72689725538953,-390.72689725538953,0
6108,390.7092634315747,-390.7092634315747,0
6109,390.69881380169846,-390.69881380169846,0
6110,391.04090633968354,-391.04090633968354,0
6111,391.55913897057945,-391.55913897057945,0
6112,392.20916068978454,-392.20916068978454,0
6113,392.44185578113974,-392.44185578113974,0
6114,392.5298154574215,-392.5298154574215,0
6115,392.5840511978548,-392.5840511978548,0
6116,392.6213540332443,-392.6213540332443,0
6117,392.6660458208954,-392.6660458208954,0
6118,392.7415267375265,-392.7415267375265,0
6119,392.80594975957683,-392.80594975957683,0
6120,392.85357704956823,-392.85357704956823,0
6121,392.88157765696906,-392.88157765696906,0
6122,392.8987235898813,-392.8987235898813,0
6123,392.91468372161506,-392.91468372161506,0
6124,392.9290429451217,-392.9290429451217,0
6125,392.9357528288956,-392.9357528288956,0
6126,392.95013524022295,-392.95013524022295,0
6127,392.9726150809253,-392.9726150809253,0
6128,392.972395414001,-392.972395414001,0
6129,392.96691615238905,-392.96691615238905,0
6130,392.948361788086,-392.948361788086,0
6131,392.9148159280844,-392.9148159280844,0
6132,392.87518572925126,-392.87518572925126,0
6133,392.8395702406681,-392.8395702406681,0
6134,392.8134485910465,-392.8134485910465,0
6135,392.8080431462713,-392.8080431462713,0
6136,392.8064779153209,-392.8064779153209,0
6137,392.80534411248925,-392.80534411248925,0
6138,392.80454610324125,-392.80454610324125,0
6139,392.83277957029077,-392.83277957029077,0
6140,392.8627066853473,-392.8627066853473,0
6141,392.9011631254871,-392.9011631254871,0
6142,392.94705506365,-392.94705506365,0
6143,392.996898660473,-392.996898660473,0
6144,393.04727132643956,-393.04727132643956,0
6145,393.07333457269056,-393.07333457269056,0
6146,393.0903796823836,-393.0903796823836,0
6147,393.1024991871644,-393.1024991871644,0
6148,393.11442267185686,-393.11442267185686,0
6149,393.1219917551417,-393.1219917551417,0
6150,393.1357532698969,-393.1357532698969,0
6151,393.1525510578185,-393.1525510578185,0
6152,393.15028530486325,-393.15028530486325,0
6153,393.1465065876724,-393.1465065876724,0
6154,393.1251629263885,-393.1251629263885,0
6155,393.09761059108354,-393.09761059108354,0
6156,393.0619173725608,-393.0619173725608,0
6157,393.037964346013,-393.037964346013,0
6158,393.02274082885936,-393.02274082885936,0
6159,393.013467126256,-393.013467126256,0
6160,393.0197807200983,-393.0197807200983,0
6161,393.02672088613747,-393.02672088613747,0
6162,393.0332036400582,-393.0332036400582,0
6163,393.04987993924715,-393.04987993924715,0
6164,393.0693898985319,-393.0693898985319,0
6165,393.1146223113744,-393.1146223113744,0
6166,393.1647883031664,-393.1647883031664,0
6167,393.1987461347569,-393.1987461347569,0
6168,393.2508561527322,-393.2508561527322,0
6169,393.2737253266649,-393.2737253266649,0
6170,393.2910963258961,-393.2910963258961,0
6171,393.30429128493796,-393.30429128493796,0
6172,393.32030199988606,-393.32030199988606,0
6173,393.32718860037687,-393.32718860037687,0
6174,393.34403797593217,-393.34403797593217,0
6175,393.3612367707535,-393.3612367707535,0
6176,393.4161534143934,-393.4161534143934,0
6177,393.7812600128876,-393.7812600128876,0
6178,394.3566029024258,-394.3566029024258,0
6179,394.9971947776781,-394.9971947776781,0
6180,395.5049855101444,-395.5049855101444,0
6181,395.6416222491575,-395.6416222491575,0
6182,395.7031579483871,-395.7031579483871,0
6183,395.7668643521503,-395.7668643521503,0
6184,395.80002612205925,-395.80002612205925,0
6185,395.8280334347199,-395.8280334347199,0
6186,395.8480293067899,-395.8480293067899,0
6187,395.8620765677722,-395.8620765677722,0
6188,395.8746868962324,-395.8746868962324,0
6189,395.89464185104526,-395.89464185104526,0
6190,395.9300354186871,-395.9300354186871,0
6191,395.9800043373417,-395.9800043373417,0
6192,396.02018705147844,-396.02018705147844,0
6193,396.0474992477561,-396.0474992477561,0
6194,396.0645014852903,-396.0645014852903,0
6195,396.0793694205288,-396.0793694205288,0
6196,396.10347150629417,-396.10347150629417,0
6197,396.12266980765344,-396.12266980765344,0
6198,396.1211369786809,-396.1211369786809,0
6199,396.1157603178449,-396.1157603178449,0
6200,396.1134144296917,-396.1134144296917,0
6201,396.10777670768414,-396.10777670768414,0
6202,396.0970573533116,-396.0970573533116,0
6203,396.10095292470334,-396.10095292470334,0
6204,396.7079090349721,-396.7079090349721,0
6205,396.76372707252915,-396.76372707252915,0
6206,396.74649494590983,-396.74649494590983,0
6207,396.7284435276378,-396.7284435276378,0
6208,396.7202817651381,-396.7202817651381,0
6209,396.7151273955748,-396.7151273955748,0
6210,396.71176620983323,-396.71176620983323,0
6211,396.72689645594585,-396.72689645594585,0
6212,396.7405165463947,-396.7405165463947,0
6213,396.7862847100126,-396.7862847100126,0
6214,396.8438701562433,-396.8438701562433,0
6215,396.9042411003035,-396.9042411003035,0
6216,396.9471384319927,-396.9471384319927,0
6217,396.98466019384216,-396.98466019384216,0
6218,397.02221051510804,-397.02221051510804,0
6219,397.0398746464179,-397.0398746464179,0
6220,397.05587535215363,-397.05587535215363,0
6221,397.0658034053186,-397.0658034053186,0
6222,397.0824739069973,-397.0824739069973,0
6223,397.11491558140244,-397.11491558140244,0
6224,397.12346824526736,-397.12346824526736,0
6225,397.35555112791087,-397.35555112791087,0
6226,398.25610654065827,-398.25610654065827,0
6227,399.2305395805944,-399.2305395805944,0
6228,399.64148166093014,-399.64148166093014,0
6229,399.69429422373423,-399.69429422373423,0
6230,399.6930360815569,-399.6930360815569,0
6231,399.68957992985736,-399.68957992985736,0
6232,399.6831822842142,-399.6831822842142,0
6233,399.67800345620725,-399.67800345620725,0
6234,399.6756422851427,-399.6756422851427,0
6235,399.70925269871316,-399.70925269871316,0
6236,399.7457548298252,-399.7457548298252,0
6237,399.77183268767027,-399.77183268767027,0
6238,399.8120505955436,-399.8120505955436,0
6239,399.8411385159359,-399.8411385159359,0
6240,399.8668395628958,-399.8668395628958,0
6241,399.9060637255354,-399.9060637255354,0
6242,399.9352752866549,-399.9352752866549,0
6243,399.9506084540619,-399.9506084540619,0
6244,399.9775471335774,-399.9775471335774,0
6245,400.0065768815882,-400.0065768815882,0
6246,400.01194848851765,-400.01194848851765,0
6247,400.0067558404533,-400.0067558404533,0
6248,399.99199782615005,-399.99199782615005,0
6249,399.99641908052956,-399.99641908052956,0
6250,400.0373631334147,-400.0373631334147,0
6251,400.43597126091754,-400.43597126091754,0
6252,400.90939728513973,-400.90939728513973,0
6253,401.4707541380151,-401.4707541380151,0
6254,401.90240229222485,-401.90240229222485,0
6255,401.9925710752159,-401.9925710752159,0
6256,402.0646594438236,-402.0646594438236,0
6257,402.10809772194233,-402.10809772194233,0
6258,402.1497715311678,-402.1497715311678,0
6259,402.18566817798677,-402.18566817798677,0
6260,402.2176498242641,-402.2176498242641,0
6261,402.25599729495707,-402.25599729495707,0
6262,402.30140455770874,-402.30140455770874,0
6263,402.3473623944503,-402.3473623944503,0
6264,402.3809921639732,-402.3809921639732,0
6265,402.4106016502394,-402.4106016502394,0
6266,402.4281249182462,-402.4281249182462,0
6267,402.4418536404118,-402.4418536404118,0
6268,402.45507349973434,-402.45507349973434,0
6269,402.4643607606816,-402.4643607606816,0
6270,402.48849072667565,-402.48849072667565,0
6271,402.5096242079948,-402.5096242079948,0
6272,402.50206893983125,-402.50206893983125,0
6273,402.4843872149197,-402.4843872149197,0
6274,402.45826088692064,-402.45826088692064,0
6275,402.44181985343937,-402.44181985343937,0
6276,402.4289948231008,-402.4289948231008,0
6277,402.4120302686706,-402.4120302686706,0
6278,402.39107605734637,-402.39107605734637,0
6279,402.3685976608375,-402.3685976608375,0
6280,402.3545413410354,-402.3545413410354,0
6281,402.3444832073175,-402.3444832073175,0
6282,402.34112100947607,-402.34112100947607,0
6283,402.34784012808325,-402.34784012808325,0
6284,402.36484893337547,-402.36484893337547,0
6285,402.3853170219768,-402.3853170219768,0
6286,402.4063737789209,-402.4063737789209,0
6287,402.4306073854264,-402.4306073854264,0
6288,402.4523764269002,-402.4523764269002,0
6289,402.4680428111028,-402.4680428111028,0
6290,402.4810544338503,-402.4810544338503,0
6291,402.4893858675919,-402.4893858675919,0
6292,402.5039157850386,-402.5039157850386,0
6293,402.5149051624434,-402.5149051624434,0
6294,402.532663165106,-402.532663165106,0
6295,402.54981446475773,-402.54981446475773,0
6296,402.55106677189235,-402.55106677189235,0
6297,402.5429211447887,-402.5429211447887,0
6298,402.5230847033363,-402.5230847033363,0
6299,402.49606529183666,-402.49606529183666,0
6300,402.46431727366735,-402.46431727366735,0
6301,402.4405632862216,-402.4405632862216,0
6302,402.4221435500181,-402.4221435500181,0
6303,402.40599970746183,-402.40599970746183,0
6304,402.40059873846843,-402.40059873846843,0
6305,402.400415773739,-402.400415773739,0
6306,402.40660320808365,-402.40660320808365,0
6307,402.42109369842666,-402.42109369842666,0
6308,402.4352200543532,-402.4352200543532,0
6309,402.49099279171224,-402.49099279171224,0
6310,402.5275253742578,-402.5275253742578,0
6311,402.5727765901243,-402.5727765901243,0
6312,402.6212257145318,-402.6212257145318,0
6313,402.6487779795737,-402.6487779795737,0
6314,402.6628535804067,-402.6628535804067,0
6315,402.6780548883161,-402.6780548883161,0
6316,402.69321473704815,-402.69321473704815,0
6317,402.7024274863313,-402.7024274863313,0
6318,402.9445888678048,-402.9445888678048,0
6319,403.53577640141543,-403.53577640141543,0
6320,404.22075470187565,-404.22075470187565,0
6321,404.9847440699393,-404.9847440699393,0
6322,405.6760171393932,-405.6760171393932,0
6323,406.11375733477973,-406.11375733477973,0
6324,406.1737764017462,-406.1737764017462,0
6325,406.1693731823913,-406.1693731823913,0
6326,406.16056862394754,-406.16056862394754,0
6327,406.1492265574915,-406.1492265574915,0
6328,406.14636073669897,-406.14636073669897,0
6329,406.1445738467507,-406.1445738467507,0
6330,406.13770464556364,-406.13770464556364,0
6331,406.14914869173646,-406.14914869173646,0
6332,406.1689590823124,-406.1689590823124,0
6333,406.1972982724143,-406.1972982724143,0
6334,406.22893250161053,-406.22893250161053,0
6335,406.2770959344177,-406.2770959344177,0
6336,406.31783033982384,-406.31783033982384,0
6337,406.355331254614,-406.355331254614,0
6338,406.3873318864427,-406.3873318864427,0
6339,406.3898566153848,-406.3898566153848,0
6340,406.3857076385341,-406.3857076385341,0
6341,406.38146567075074,-406.38146567075074,0
6342,406.3790903921716,-406.3790903921716,0
6343,406.3786732415666,-406.3786732415666,0
6344,406.40805449864666,-406.40805449864666,0
6345,406.4995876815517,-406.4995876815517,0
6346,406.5008161657071,-406.5008161657071,0
6347,406.493982511736,-406.493982511736,0
6348,406.4805854193746,-406.4805854193746,0
6349,406.46637006447514,-406.46637006447514,0
6350,406.4547179185086,-406.4547179185086,0
6351,406.4409450344575,-406.4409450344575,0
6352,406.43240815716223,-406.43240815716223,0
6353,406.4258899742134,-406.4258899742134,0
6354,406.4347223677803,-406.4347223677803,0
6355,406.4511651847908,-406.4511651847908,0
6356,406.4836474999998,-406.4836474999998,0
6357,406.5283862195559,-406.5283862195559,0
6358,406.5862476806448,-406.5862476806448,0
6359,406.63669488107894,-406.63669488107894,0
6360,406.68570299933765,-406.68570299933765,0
6361,406.7168678646624,-406.7168678646624,0
6362,406.7350086188704,-406.7350086188704,0
6363,406.74928128385324,-406.74928128385324,0
6364,406.7661581081085,-406.7661581081085,0
6365,406.77585722939585,-406.77585722939585,0
6366,406.78656678232767,-406.78656678232767,0
6367,406.7996874324572,-406.7996874324572,0
6368,406.7975479674502,-406.7975479674502,0
6369,406.79355990885824,-406.79355990885824,0
6370,406.77716400201956,-406.77716400201956,0
6371,406.7579483314687,-406.7579483314687,0
6372,406.7566369570008,-406.7566369570008,0
6373,406.7405704520271,-406.7405704520271,0
6374,406.73243563199185,-406.73243563199185,0
6375,406.7195400863602,-406.7195400863602,0
6376,406.71838914423347,-406.71838914423347,0
6377,406.7182107149147,-406.7182107149147,0
6378,406.7212050047247,-406.7212050047247,0
6379,406.7314661235016,-406.7314661235016,0
6380,406.74542474876324,-406.74542474876324,0
6381,406.8153426086709,-406.8153426086709,0
6382,406.8725378235043,-406.8725378235043,0
6383,406.93294358226507,-406.93294358226507,0
6384,406.9656926286397,-406.9656926286397,0
6385,406.9938377609666,-406.9938377609666,0
6386,407.0206885394562,-407.0206885394562,0
6387,407.0347865028967,-407.0347865028967,0
6388,407.0507310699486,-407.0507310699486,0
6389,407.0605494842047,-407.0605494842047,0
6390,407.07608252599056,-407.07608252599056,0
6391,407.35588588104036,-407.35588588104036,0
6392,407.95026342881664,-407.95026342881664,0
6393,408.53628998981293,-408.53628998981293,0
6394,408.6098896264372,-408.6098896264372,0
6395,408.6048992334765,-408.6048992334765,0
6396,408.58862033211796,-408.58862033211796,0
6397,408.582747951306,-408.582747951306,0
6398,408.57250623678584,-408.57250623678584,0
6399,408.5615167232713,-408.5615167232713,0
6400,408.57476063541424,-408.57476063541424,0
6401,408.58625336885433,-408.58625336885433,0
6402,408.6005889814612,-408.6005889814612,0
6403,408.61420248033494,-408.61420248033494,0
6404,408.6342752280287,-408.6342752280287,0
6405,408.67080125163227,-408.67080125163227,0
6406,408.7083189621911,-408.7083189621911,0
6407,408.74305653648895,-408.74305653648895,0
6408,408.78479534348,-408.78479534348,0
6409,408.822269529796,-408.822269529796,0
6410,408.87403979045615,-408.87403979045615,0
6411,408.8995557639397,-408.8995557639397,0
6412,408.9010248101544,-408.9010248101544,0
6413,408.89660533437103,-408.89660533437103,0
6414,408.89270201385307,-408.89270201385307,0
6415,409.08090454839794,-409.08090454839794,0
6416,409.65060370868827,-409.65060370868827,0
6417,410.13139299174367,-410.13139299174367,0
6418,411.08305528866464,-411.08305528866464,0
6419,411.58960180297356,-411.58960180297356,0
6420,411.702686090212,-411.702686090212,0
6421,411.7654431466897,-411.7654431466897,0
6422,411.77843406615654,-411.77843406615654,0
6423,411.7808364096901,-411.7808364096901,0
6424,411.8107078505815,-411.8107078505815,0
6425,411.8358134702435,-411.8358134702435,0
6426,411.8489949245699,-411.8489949245699,0
6427,411.8693954349432,-411.8693954349432,0
6428,411.8924331339279,-411.8924331339279,0
6429,411.95889790036694,-411.95889790036694,0
6430,412.0685637826289,-412.0685637826289,0
6431,412.1204344413596,-412.1204344413596,0
6432,412.1656582743261,-412.1656582743261,0
6433,412.1981873701857,-412.1981873701857,0
6434,412.22457413531725,-412.22457413531725,0
6435,412.2501777113398,-412.2501777113398,0
6436,412.2577038895221,-412.2577038895221,0
6437,412.25555974160716,-412.25555974160716,0
6438,412.2523333945992,-412.2523333945992,0
6439,412.246458827014,-412.246458827014,0
6440,412.2895148810008,-412.2895148810008,0
6441,412.8709478348302,-412.8709478348302,0
6442,413.6614573943564,-413.6614573943564,0
6443,414.63653171127135,-414.63653171127135,0
6444,415.4477834646437,-415.4477834646437,0
6445,415.72366761494834,-415.72366761494834,0
6446,415.80098381269636,-415.80098381269636,0
6447,415.83885208080494,-415.83885208080494,0
6448,415.8746134176672,-415.8746134176672,0
6449,415.94411936989934,-415.94411936989934,0
6450,416.0189982140809,-416.0189982140809,0
6451,416.08336297311683,-416.08336297311683,0
6452,416.135575695856,-416.135575695856,0
6453,416.1973311968033,-416.1973311968033,0
6454,416.2743418860581,-416.2743418860581,0
6455,416.33253113135254,-416.33253113135254,0
6456,416.36691238188797,-416.36691238188797,0
6457,416.3967755244068,-416.3967755244068,0
6458,416.4160998980953,-416.4160998980953,0
6459,416.43422877777016,-416.43422877777016,0
6460,416.4639550680464,-416.4639550680464,0
6461,416.47828857162744,-416.47828857162744,0
6462,416.47614265703083,-416.47614265703083,0
6463,416.66357014593297,-416.66357014593297,0
6464,417.21741754812166,-417.21741754812166,0
6465,417.7430541164262,-417.7430541164262,0
6466,418.00588992261106,-418.00588992261106,0
6467,418.12367627912084,-418.12367627912084,0
6468,418.15379431122614,-418.15379431122614,0
6469,418.1445749622776,-418.1445749622776,0
6470,418.13026842912603,-418.13026842912603,0
6471,418.1190748808481,-418.1190748808481,0
6472,418.1205565564177,-418.1205565564177,0
6473,418.1671510799436,-418.1671510799436,0
6474,418.21528735526067,-418.21528735526067,0
6475,418.2586941108775,-418.2586941108775,0
6476,418.30899974293453,-418.30899974293453,0
6477,418.38183887360816,-418.38183887360816,0
6478,418.4517501125398,-418.4517501125398,0
6479,418.52825917658544,-418.52825917658544,0
6480,418.59135385056356,-418.59135385056356,0
6481,418.6188660396965,-418.6188660396965,0
6482,418.6441369512256,-418.6441369512256,0
6483,418.66957493976395,-418.66957493976395,0
6484,418.6759345863375,-418.6759345863375,0
6485,418.6710795439596,-418.6710795439596,0
6486,418.66591792552873,-418.66591792552873,0
6487,418.6907541196549,-418.6907541196549,0
6488,418.73518424736625,-418.73518424736625,0
6489,418.7507612752921,-418.7507612752921,0
6490,418.79866598090763,-418.79866598090763,0
6491,418.794158860154,-418.794158860154,0
6492,418.83378171189986,-418.83378171189986,0
6493,418.8294357043374,-418.8294357043374,0
6494,418.8216488426658,-418.8216488426658,0
6495,418.8120191585748,-418.8120191585748,0
6496,418.8095702299154,-418.8095702299154,0
6497,418.81219369796185,-418.81219369796185,0
6498,418.84219214409444,-418.84219214409444,0
6499,418.87202860250056,-418.87202860250056,0
6500,418.9173787332526,-418.9173787332526,0
6501,418.98510415835267,-418.98510415835267,0
6502,419.045289303054,-419.045289303054,0
6503,419.08788707902363,-419.08788707902363,0
6504,419.11799079451544,-419.11799079451544,0
6505,419.1476250385834,-419.1476250385834,0
6506,419.17618039268535,-419.17618039268535,0
6507,419.1934911071481,-419.1934911071481,0
6508,419.2108905346867,-419.2108905346867,0
6509,419.22176067561935,-419.22176067561935,0
6510,419.2396828873949,-419.2396828873949,0
6511,419.25784964455727,-419.25784964455727,0
6512,419.2779296781727,-419.2779296781727,0
6513,419.273976547491,-419.273976547491,0
6514,419.2670737903489,-419.2670737903489,0
6515,419.26682207560884,-419.26682207560884,0
6516,419.26275511493577,-419.26275511493577,0
6517,419.2585674283402,-419.2585674283402,0
6518,419.4718517472604,-419.4718517472604,0
6519,419.4887200153421,-419.4887200153421,0
6520,419.5159859099534,-419.5159859099534,0
6521,419.5482694161893,-419.5482694161893,0
6522,419.5852687785894,-419.5852687785894,0
6523,419.65450826034277,-419.65450826034277,0
6524,419.7193726972352,-419.7193726972352,0
6525,419.7794131153517,-419.7794131153517,0
6526,419.84689854696944,-419.84689854696944,0
6527,419.910284702056,-419.910284702056,0
6528,419.954070802364,-419.954070802364,0
6529,419.9857496003099,-419.9857496003099,0
6530,420.0047007377036,-420.0047007377036,0
6531,420.01890363988286,-420.01890363988286,0
6532,420.0334563983884,-420.0334563983884,0
6533,420.1213628643466,-420.1213628643466,0
6534,420.6222884491101,-420.6222884491101,0
6535,421.19793049021706,-421.19793049021706,0
6536,421.43164869956826,-421.43164869956826,0
6537,421.48009069381203,-421.48009069381203,0
6538,421.47012638454527,-421.47012638454527,0
6539,421.447634360228,-421.447634360228,0
6540,421.4392907418235,-421.4392907418235,0
6541,421.4135152329273,-421.4135152329273,0
6542,421.3967857052519,-421.3967857052519,0
6543,421.3755739919047,-421.3755739919047,0
6544,421.36324153028613,-421.36324153028613,0
6545,421.3554282077272,-421.3554282077272,0
6546,421.3550355084699,-421.3550355084699,0
6547,421.3623901271804,-421.3623901271804,0
6548,421.3735752051045,-421.3735752051045,0
6549,421.44583767245274,-421.44583767245274,0
6550,421.504724476523,-421.504724476523,0
6551,421.5633074750831,-421.5633074750831,0
6552,421.59889587604175,-421.59889587604175,0
6553,421.64077246884676,-421.64077246884676,0
6554,421.6740759992406,-421.6740759992406,0
6555,421.67304124293605,-421.67304124293605,0
6556,421.66797281970395,-421.66797281970395,0
6557,421.6838222570353,-421.6838222570353,0
6558,421.7240149040549,-421.7240149040549,0
6559,421.75231254606734,-421.75231254606734,0
6560,421.7701027797405,-421.7701027797405,0
6561,421.7665159802466,-421.7665159802466,0
6562,421.7512722961812,-421.7512722961812,0
6563,421.7325936777539,-421.7325936777539,0
6564,421.7037267050058,-421.7037267050058,0
6565,421.67604369610734,-421.67604369610734,0
6566,421.65365969322465,-421.65365969322465,0
6567,421.6385220164372,-421.6385220164372,0
6568,421.6318211209452,-421.6318211209452,0
6569,421.62837337762824,-421.62837337762824,0
6570,421.6483397416939,-421.6483397416939,0
6571,421.6743465973865,-421.6743465973865,0
6572,421.7078053677421,-421.7078053677421,0
6573,421.7507731890366,-421.7507731890366,0
6574,421.79823526936497,-421.79823526936497,0
6575,421.8442925669989,-421.8442925669989,0
6576,421.88273876613647,-421.88273876613647,0
6577,421.9137967403841,-421.9137967403841,0
6578,421.933150717909,-421.933150717909,0
6579,421.9469530225606,-421.9469530225606,0
6580,421.9608959775591,-421.9608959775591,0
6581,421.9689283973519,-421.9689283973519,0
6582,421.98258626312037,-421.98258626312037,0
6583,422.0204143545384,-422.0204143545384,0
6584,422.08341541003387,-422.08341541003387,0
6585,422.13267835728556,-422.13267835728556,0
6586,422.17582952775797,-422.17582952775797,0
6587,422.23054174991864,-422.23054174991864,0
6588,422.2396318967315,-422.2396318967315,0
6589,422.2593005710173,-422.2593005710173,0
6590,422.2581084608597,-422.2581084608597,0
6591,422.2549092911826,-422.2549092911826,0
6592,422.281372799982,-422.281372799982,0
6593,422.32732632627346,-422.32732632627346,0
6594,422.38234031320354,-422.38234031320354,0
6595,422.4326760184276,-422.4326760184276,0
6596,422.4836836377412,-422.4836836377412,0
6597,422.55691531549684,-422.55691531549684,0
6598,422.6240286231543,-422.6240286231543,0
6599,422.6904374442182,-422.6904374442182,0
6600,422.73428697419666,-422.73428697419666,0
6601,422.7719090070521,-422.7719090070521,0
6602,422.8054284280375,-422.8054284280375,0
6603,422.8235689202527,-422.8235689202527,0
6604,422.838011319883,-422.838011319883,0
6605,422.8489097333846,-422.8489097333846,0
6606,422.86047451449366,-422.86047451449366,0
6607,422.8713137755612,-422.8713137755612,0
6608,422.86984493027046,-422.86984493027046,0
6609,422.8688681663508,-422.8688681663508,0
6610,422.850549009374,-422.850549009374,0
6611,423.21369290536126,-423.21369290536126,0
6612,423.3258895763436,-423.3258895763436,0
6613,423.3237480999588,-423.3237480999588,0
6614,423.3191885725418,-423.3191885725418,0
6615,423.3143424968769,-423.3143424968769,0
6616,423.3090353772505,-423.3090353772505,0
6617,423.30556309006795,-423.30556309006795,0
6618,423.33434361211664,-423.33434361211664,0
6619,423.3621715746984,-423.3621715746984,0
6620,423.4282465743072,-423.4282465743072,0
6621,423.4605766182177,-423.4605766182177,0
6622,423.4964294658579,-423.4964294658579,0
6623,423.5402574855533,-423.5402574855533,0
6624,423.5695584998803,-423.5695584998803,0
6625,423.596062388958,-423.596062388958,0
6626,423.62256584025806,-423.62256584025806,0
6627,423.6361699837082,-423.6361699837082,0
6628,423.6516557571691,-423.6516557571691,0
6629,423.6584387959002,-423.6584387959002,0
6630,423.68649294804936,-423.68649294804936,0
6631,423.7105484065144,-423.7105484065144,0
6632,423.7279832558998,-423.7279832558998,0
6633,423.74234682487577,-423.74234682487577,0
6634,423.75072134520116,-423.75072134520116,0
6635,423.75170154867885,-423.75170154867885,0
6636,423.75121872861115,-423.75121872861115,0
6637,423.76744042216654,-423.76744042216654,0
6638,423.78061110114436,-423.78061110114436,0
6639,423.7946003292213,-423.7946003292213,0
6640,423.7927005480465,-423.7927005480465,0
6641,423.79240121017943,-423.79240121017943,0
6642,423.8280891603119,-423.8280891603119,0
6643,423.85490464555687,-423.85490464555687,0
6644,423.89556762954805,-423.89556762954805,0
6645,423.96503805153475,-423.96503805153475,0
6646,424.02838498186617,-424.02838498186617,0
6647,424.0951961557517,-424.0951961557517,0
6648,424.13965435528416,-424.13965435528416,0
6649,424.1722284100771,-424.1722284100771,0
6650,424.19058656656193,-424.19058656656193,0
6651,424.205910083204,-424.205910083204,0
6652,424.2217741261968,-424.2217741261968,0
6653,424.22782108638256,-424.22782108638256,0
6654,424.24202193422457,-424.24202193422457,0
6655,424.25455512704735,-424.25455512704735,0
6656,424.28048113083736,-424.28048113083736,0
6657,424.31709434212473,-424.31709434212473,0
6658,424.368915448701,-424.368915448701,0
6659,424.38998635386724,-424.38998635386724,0
6660,424.4137563391291,-424.4137563391291,0
6661,424.4393714052621,-424.4393714052621,0
6662,424.4714427602991,-424.4714427602991,0
6663,424.50948679840434,-424.50948679840434,0
6664,424.532302037693,-424.532302037693,0
6665,424.555690842469,-424.555690842469,0
6666,424.5829146299613,-424.5829146299613,0
6667,424.62236211774024,-424.62236211774024,0
6668,424.67940846246904,-424.67940846246904,0
6669,424.73203280733424,-424.73203280733424,0
6670,424.7833894755549,-424.7833894755549,0
6671,424.8369150922234,-424.8369150922234,0
6672,424.8835968953879,-424.8835968953879,0
6673,424.9239652272987,-424.9239652272987,0
6674,424.9448482511579,-424.9448482511579,0
6675,424.9606405280378,-424.9606405280378,0
6676,424.9759010959816,-424.9759010959816,0
6677,424.98775761290926,-424.98775761290926,0
6678,424.99839190545896,-424.99839190545896,0
6679,425.0083892273471,-425.0083892273471,0
6680,425.02630698520244,-425.02630698520244,0
6681,425.05451902987755,-425.05451902987755,0
6682,425.06097372284864,-425.06097372284864,0
6683,425.0621453279546,-425.0621453279546,0
6684,425.0681648423185,-425.0681648423185,0
6685,425.08231698702616,-425.08231698702616,0
6686,425.1000646575397,-425.1000646575397,0
6687,425.10847584325995,-425.10847584325995,0
6688,425.10841532241545,-425.10841532241545,0
6689,425.1096261308389,-425.1096261308389,0
6690,425.12097586351837,-425.12097586351837,0
6691,425.1530090491144,-425.1530090491144,0
6692,425.2273196866407,-425.2273196866407,0
6693,425.3098061582397,-425.3098061582397,0
6694,425.37083533828786,-425.37083533828786,0
6695,425.4381306136639,-425.4381306136639,0
6696,425.47689075274087,-425.47689075274087,0
6697,425.5064462174339,-425.5064462174339,0
6698,425.52339043015127,-425.52339043015127,0
6699,425.53975528594475,-425.53975528594475,0
6700,425.55667068993023,-425.55667068993023,0
6701,425.5667395223632,-425.5667395223632,0
6702,425.57882731801584,-425.57882731801584,0
6703,425.59414120618857,-425.59414120618857,0
6704,425.6301292017446,-425.6301292017446,0
6705,425.6494487207529,-425.6494487207529,0
6706,425.63769041308296,-425.63769041308296,0
6707,425.61950900384,-425.61950900384,0
6708,425.601779543553,-425.601779543553,0
6709,425.5790916923042,-425.5790916923042,0
6710,425.56082930488475,-425.56082930488475,0
6711,425.5438918761776,-425.5438918761776,0
6712,425.571565468384,-425.571565468384,0
6713,425.5976939140338,-425.5976939140338,0
6714,425.62531084787935,-425.62531084787935,0
6715,425.6530461145911,-425.6530461145911,0
6716,425.6857720829061,-425.6857720829061,0
6717,425.7330002902917,-425.7330002902917,0
6718,425.79282855808,-425.79282855808,0
6719,425.833821948003,-425.833821948003,0
6720,425.87649861571407,-425.87649861571407,0
6721,425.91301255501645,-425.91301255501645,0
6722,425.95156699115296,-425.95156699115296,0
6723,425.9716828442744,-425.9716828442744,0
6724,425.98572328032,-425.98572328032,0
6725,425.99344524477794,-425.99344524477794,0
6726,426.00665539000573,-426.00665539000573,0
6727,426.03674768663245,-426.03674768663245,0
6728,426.0505992212012,-426.0505992212012,0
6729,426.05006339806584,-426.05006339806584,0
6730,426.03660118056615,-426.03660118056615,0
6731,426.02096865983293,-426.02096865983293,0
6732,425.995660463691,-425.995660463691,0
6733,425.971309321613,-425.971309321613,0
6734,425.95068641711106,-425.95068641711106,0
6735,425.93139353050043,-425.93139353050043,0
6736,425.92994514146613,-425.92994514146613,0
6737,425.9296053856407,-425.9296053856407,0
6738,425.94547577246703,-425.94547577246703,0
6739,425.9744758223529,-425.9744758223529,0
6740,426.02991867816627,-426.02991867816627,0
6741,426.0759703042786,-426.0759703042786,0
6742,426.1378439349378,-426.1378439349378,0
6743,426.1982865997583,-426.1982865997583,0
6744,426.2410285393587,-426.2410285393587,0
6745,426.27417229986327,-426.27417229986327,0
6746,426.29457018877815,-426.29457018877815,0
6747,426.3086840339068,-426.3086840339068,0
6748,426.32256437564155,-426.32256437564155,0
6749,426.3296833931265,-426.3296833931265,0
6750,426.343925956041,-426.343925956041,0
6751,426.38154599336724,-426.38154599336724,0
6752,426.4460303302851,-426.4460303302851,0
6753,426.8865527822247,-426.8865527822247,0
6754,427.5174048310439,-427.5174048310439,0
6755,427.99424039684,-427.99424039684,0
6756,428.7394393176886,-428.7394393176886,0
6757,429.1350715648355,-429.1350715648355,0
6758,429.3031683738967,-429.3031683738967,0
6759,429.7257333780674,-429.7257333780674,0
6760,429.83450073341857,-429.83450073341857,0
6761,429.8970620921477,-429.8970620921477,0
6762,429.9716217116227,-429.9716217116227,0
6763,430.0313923977179,-430.0313923977179,0
6764,430.0868782051513,-430.0868782051513,0
6765,430.1632442655908,-430.1632442655908,0
6766,430.23242796669876,-430.23242796669876,0
6767,430.2998968776228,-430.2998968776228,0
6768,430.3589853715923,-430.3589853715923,0
6769,430.3815505822515,-430.3815505822515,0
6770,430.400675793781,-430.400675793781,0
6771,430.4178145291063,-430.4178145291063,0
6772,430.445403585097,-430.445403585097,0
6773,430.4588025140367,-430.4588025140367,0
6774,430.4559639726061,-430.4559639726061,0
6775,430.45195008827017,-430.45195008827017,0
6776,430.530973219748,-430.530973219748,0
6777,430.5305838039941,-430.5305838039941,0
6778,430.5323355536917,-430.5323355536917,0
6779,430.5289286103444,-430.5289286103444,0
6780,430.52026188585984,-430.52026188585984,0
6781,430.5162768170806,-430.5162768170806,0
6782,430.5137677759531,-430.5137677759531,0
6783,430.5185092521615,-430.5185092521615,0
6784,430.53897465004405,-430.53897465004405,0
6785,430.5484206966597,-430.5484206966597,0
6786,430.5692357004267,-430.5692357004267,0
6787,430.60042431644155,-430.60042431644155,0
6788,430.66326978013933,-430.66326978013933,0
6789,430.7280955903346,-430.7280955903346,0
6790,430.80614811103806,-430.80614811103806,0
6791,430.8973061669246,-430.8973061669246,0
6792,430.9501909420523,-430.9501909420523,0
6793,430.9780932642394,-430.9780932642394,0
6794,430.9980097076376,-430.9980097076376,0
6795,431.01710105809434,-431.01710105809434,0
6796,431.0324200471487,-431.0324200471487,0
6797,431.03577931290664,-431.03577931290664,0
6798,431.04724610128335,-431.04724610128335,0
6799,431.06564972108987,-431.06564972108987,0
6800,431.0843539287084,-431.0843539287084,0
6801,431.08349808148756,-431.08349808148756,0
6802,431.07100911484093,-431.07100911484093,0
6803,431.0525820762213,-431.0525820762213,0
6804,431.02932684174885,-431.02932684174885,0
6805,431.0224094398854,-431.0224094398854,0
6806,431.01068847462386,-431.01068847462386,0
6807,430.9995430954315,-430.9995430954315,0
6808,430.99588284820084,-430.99588284820084,0
6809,430.99385809528326,-430.99385809528326,0
6810,431.1303831609841,-431.1303831609841,0
6811,431.19497039508354,-431.19497039508354,0
6812,431.32389524848674,-431.32389524848674,0
6813,431.4366395595173,-431.4366395595173,0
6814,431.55058797616357,-431.55058797616357,0
6815,431.6340693523824,-431.6340693523824,0
6816,431.70578203804655,-431.70578203804655,0
6817,431.738591005346,-431.738591005346,0
6818,431.76156066953405,-431.76156066953405,0
6819,431.77951158940914,-431.77951158940914,0
6820,431.79512385239207,-431.79512385239207,0
6821,431.80349563670853,-431.80349563670853,0
6822,431.8172889106766,-431.8172889106766,0
6823,431.8361318917517,-431.8361318917517,0
6824,431.8923296061582,-431.8923296061582,0
6825,431.93074507861854,-431.93074507861854,0
6826,431.92683535156567,-431.92683535156567,0
6827,431.94158863144423,-431.94158863144423,0
6828,431.9411378935915,-431.9411378935915,0
6829,431.974799434674,-431.974799434674,0
6830,431.9978017287229,-431.9978017287229,0
6831,432.0240198325363,-432.0240198325363,0
6832,432.0830602937384,-432.0830602937384,0
6833,432.11546882087254,-432.11546882087254,0
6834,432.22153552552356,-432.22153552552356,0
6835,432.30170358113685,-432.30170358113685,0
6836,432.39702132143043,-432.39702132143043,0
6837,432.47192041213464,-432.47192041213464,0
6838,432.53484639948033,-432.53484639948033,0
6839,432.59134038840205,-432.59134038840205,0
6840,432.64995106273057,-432.64995106273057,0
6841,432.6810578480882,-432.6810578480882,0
6842,432.7008506454108,-432.7008506454108,0
6843,432.71722192777975,-432.71722192777975,0
6844,432.73226593259636,-432.73226593259636,0
6845,432.7405043442931,-432.7405043442931,0
6846,432.75388117333927,-432.75388117333927,0
6847,432.7712859785393,-432.7712859785393,0
6848,432.80866196530803,-432.80866196530803,0
6849,432.8107470666044,-432.8107470666044,0
6850,432.79831060605017,-432.79831060605017,0
6851,432.7870272757784,-432.7870272757784,0
6852,432.7699985992361,-432.7699985992361,0
6853,432.7565189424218,-432.7565189424218,0
6854,432.7405169253756,-432.7405169253756,0
6855,432.7266957449354,-432.7266957449354,0
6856,432.73817818494337,-432.73817818494337,0
6857,432.76385959125923,-432.76385959125923,0
6858,432.82425192722087,-432.82425192722087,0
6859,432.8852319750177,-432.8852319750177,0
6860,432.963912116267,-432.963912116267,0
6861,433.0572246613339,-433.0572246613339,0
6862,433.15317161961286,-433.15317161961286,0
6863,433.25018282003765,-433.25018282003765,0
6864,433.3033010356325,-433.3033010356325,0
6865,433.34084628298154,-433.34084628298154,0
6866,433.37341205135976,-433.37341205135976,0
6867,433.3948048858926,-433.3948048858926,0
6868,433.4103731082887,-433.4103731082887,0
6869,433.41763186820214,-433.41763186820214,0
6870,433.430384295812,-433.430384295812,0
6871,433.4474761501591,-433.4474761501591,0
6872,433.47282169732256,-433.47282169732256,0
6873,433.48244998939236,-433.48244998939236,0
6874,433.47789724791767,-433.47789724791767,0
6875,433.4666655875465,-433.4666655875465,0
6876,433.4579526191737,-433.4579526191737,0
6877,433.9353219221628,-433.9353219221628,0
6878,434.1609159471948,-434.1609159471948,0
6879,434.1952655808156,-434.1952655808156,0
6880,434.2784889265502,-434.2784889265502,0
6881,434.3503132596141,-434.3503132596141,0
6882,434.4218417565785,-434.4218417565785,0
6883,434.4980065061047,-434.4980065061047,0
6884,434.5836729782343,-434.5836729782343,0
6885,434.67736655384437,-434.67736655384437,0
6886,434.7387277956065,-434.7387277956065,0
6887,434.79359629770175,-434.79359629770175,0
6888,434.8402102199236,-434.8402102199236,0
6889,434.87387561152,-434.87387561152,0
6890,434.90225195960255,-434.90225195960255,0
6891,434.9320766110273,-434.9320766110273,0
6892,434.951624077122,-434.951624077122,0
6893,434.96137951395804,-434.96137951395804,0
6894,434.9742476248887,-434.9742476248887,0
6895,435.2820645977343,-435.2820645977343,0
6896,435.89058770201717,-435.89058770201717,0
6897,436.34032730615144,-436.34032730615144,0
6898,436.4419073480521,-436.4419073480521,0
6899,436.53034517713866,-436.53034517713866,0
6900,436.61502630340897,-436.61502630340897,0
6901,437.3789312287497,-437.3789312287497,0
6902,438.0498119962236,-438.0498119962236,0
6903,438.74547010328877,-438.74547010328877,0
6904,439.0014148321194,-439.0014148321194,0
6905,439.1297080660636,-439.1297080660636,0
6906,439.2324298197507,-439.2324298197507,0
6907,439.3403844455079,-439.3403844455079,0
6908,439.44716857313466,-439.44716857313466,0
6909,439.51653861209985,-439.51653861209985,0
6910,439.5794458326902,-439.5794458326902,0
6911,439.64909412925454,-439.64909412925454,0
6912,439.6971363623729,-439.6971363623729,0
6913,439.73517536840575,-439.73517536840575,0
6914,439.7802333438024,-439.7802333438024,0
6915,439.80450235007277,-439.80450235007277,0
6916,439.80414529128996,-439.80414529128996,0
6917,439.79878691954315,-439.79878691954315,0
6918,439.7963696599225,-439.7963696599225,0
6919,439.8277141685557,-439.8277141685557,0
6920,439.9228260266292,-439.9228260266292,0
6921,439.9328090897141,-439.9328090897141,0
6922,439.9179177248,-439.9179177248,0
6923,439.89664454846843,-439.89664454846843,0
6924,439.8760453595936,-439.8760453595936,0
6925,439.87197615415107,-439.87197615415107,0
6926,439.8954641398761,-439.8954641398761,0
6927,439.90235606209643,-439.90235606209643,0
6928,439.9556744513329,-439.9556744513329,0
6929,439.9971500426387,-439.9971500426387,0
6930,440.04837387134967,-440.04837387134967,0
6931,440.10940150650094,-440.10940150650094,0
6932,440.1768302004784,-440.1768302004784,0
6933,440.23335658670356,-440.23335658670356,0
6934,440.3064668514558,-440.3064668514558,0
6935,440.3592671689928,-440.3592671689928,0
6936,440.3865874765715,-440.3865874765715,0
6937,440.40851508844503,-440.40851508844503,0
6938,440.42310835537563,-440.42310835537563,0
6939,440.4390638216237,-440.4390638216237,0
6940,440.4518974905945,-440.4518974905945,0
6941,440.4583793820826,-440.4583793820826,0
6942,440.46947005167675,-440.46947005167675,0
6943,440.50428842789364,-440.50428842789364,0
6944,440.53218128112644,-440.53218128112644,0
6945,440.5422919205139,-440.5422919205139,0
6946,440.539937605576,-440.539937605576,0
6947,440.75476408221584,-440.75476408221584,0
6948,441.23360383523925,-441.23360383523925,0
6949,441.7898841877342,-441.7898841877342,0
6950,442.3876230405178,-442.3876230405178,0
6951,442.81038611695504,-442.81038611695504,0
6952,442.96751550561174,-442.96751550561174,0
6953,443.0777392835288,-443.0777392835288,0
6954,443.1453112699746,-443.1453112699746,0
6955,443.2701498077789,-443.2701498077789,0
6956,443.37498635876926,-443.37498635876926,0
6957,443.4585272792645,-443.4585272792645,0
6958,443.53529201369975,-443.53529201369975,0
6959,443.60723876818463,-443.60723876818463,0
6960,443.657050486581,-443.657050486581,0
6961,443.6810977699641,-443.6810977699641,0
6962,443.69965685891253,-443.69965685891253,0
6963,443.711922570183,-443.711922570183,0
6964,443.7280256805794,-443.7280256805794,0
6965,443.73850985800505,-443.73850985800505,0
6966,443.7595797615086,-443.7595797615086,0
6967,443.7837293603175,-443.7837293603175,0
6968,443.7934198413905,-443.7934198413905,0
6969,443.786575413719,-443.786575413719,0
6970,443.7685507178773,-443.7685507178773,0
6971,443.7461192796858,-443.7461192796858,0
6972,443.7262674373779,-443.7262674373779,0
6973,443.72159900818184,-443.72159900818184,0
6974,443.70509693588474,-443.70509693588474,0
6975,443.68772104402296,-443.68772104402296,0
6976,443.6872769120298,-443.6872769120298,0
6977,443.69878496786333,-443.69878496786333,0
6978,443.85991209415334,-443.85991209415334,0
6979,443.93809836493296,-443.93809836493296,0
6980,444.0564955688476,-444.0564955688476,0
6981,444.20502781866475,-444.20502781866475,0
6982,444.3118866881695,-444.3118866881695,0
6983,444.3992098690732,-444.3992098690732,0
6984,444.4753319354811,-444.4753319354811,0
6985,444.51057137679356,-444.51057137679356,0
6986,444.53298274375476,-444.53298274375476,0
6987,444.54965430473146,-444.54965430473146,0
6988,444.56488407258973,-444.56488407258973,0
6989,444.5753137144821,-444.5753137144821,0
6990,444.58824482890077,-444.58824482890077,0
6991,444.60250293487854,-444.60250293487854,0
6992,444.6425645487594,-444.6425645487594,0
6993,444.7196577187526,-444.7196577187526,0
6994,445.17128790681846,-445.17128790681846,0
6995,445.7529448960078,-445.7529448960078,0
6996,446.2040349955678,-446.2040349955678,0
6997,446.34242373018014,-446.34242373018014,0
6998,446.34655000403154,-446.34655000403154,0
6999,446.3379218488302,-446.3379218488302,0
7000,446.3664006036896,-446.3664006036896,0
7001,446.3993082918889,-446.3993082918889,0
7002,446.4889914181268,-446.4889914181268,0
7003,446.5436410461295,-446.5436410461295,0
7004,446.62691342461164,-446.62691342461164,0
7005,446.70044565060533,-446.70044565060533,0
7006,446.768565006727,-446.768565006727,0
7007,446.8450735592811,-446.8450735592811,0
7008,446.90870003438175,-446.90870003438175,0
7009,446.9431866195002,-446.9431866195002,0
7010,446.97655689566653,-446.97655689566653,0
7011,447.0056840700295,-447.0056840700295,0
7012,447.02421339050244,-447.02421339050244,0
7013,447.045254817291,-447.045254817291,0
7014,447.05683999050876,-447.05683999050876,0
7015,447.0541226741969,-447.0541226741969,0
7016,447.0531277832223,-447.0531277832223,0
7017,447.0790904867119,-447.0790904867119,0
7018,447.1011538970991,-447.1011538970991,0
7019,447.10697538015165,-447.10697538015165,0
7020,447.0961489011299,-447.0961489011299,0
7021,447.08218666148673,-447.08218666148673,0
7022,447.06817362622206,-447.06817362622206,0
7023,447.0537481009596,-447.0537481009596,0
7024,447.08617396268346,-447.08617396268346,0
7025,447.123822174776,-447.123822174776,0
7026,447.1569267092238,-447.1569267092238,0
7027,447.1875108339493,-447.1875108339493,0
7028,447.26355687171383,-447.26355687171383,0
7029,447.3299865355652,-447.3299865355652,0
7030,447.3999965218192,-447.3999965218192,0
7031,447.4602764079917,-447.4602764079917,0
7032,447.49245021687136,-447.49245021687136,0
7033,447.51399410797455,-447.51399410797455,0
7034,447.5286744168718,-447.5286744168718,0
7035,447.54156132049246,-447.54156132049246,0
7036,447.559522244411,-447.559522244411,0
7037,447.5661247432809,-447.5661247432809,0
7038,447.5768291820716,-447.5768291820716,0
7039,447.58765218677587,-447.58765218677587,0
7040,447.6554069840539,-447.6554069840539,0
7041,447.67030644269323,-447.67030644269323,0
7042,447.6661921245011,-447.6661921245011,0
7043,447.6596647974693,-447.6596647974693,0
7044,447.6518601179058,-447.6518601179058,0
7045,448.1140580411769,-448.1140580411769,0
7046,448.3376639763709,-448.3376639763709,0
7047,448.3537936286107,-448.3537936286107,0
7048,448.4204455278687,-448.4204455278687,0
7049,448.47747831665794,-448.47747831665794,0
7050,448.52762397796045,-448.52762397796045,0
7051,448.5733710844084,-448.5733710844084,0
7052,448.63634911015913,-448.63634911015913,0
7053,448.69315404640076,-448.69315404640076,0
7054,448.75870915613785,-448.75870915613785,0
7055,448.81811683255836,-448.81811683255836,0
7056,448.85419019069957,-448.85419019069957,0
7057,448.88900740895934,-448.88900740895934,0
7058,448.91372944084657,-448.91372944084657,0
7059,448.9300614190839,-448.9300614190839,0
7060,448.94253611146604,-448.94253611146604,0
7061,448.94831578732544,-448.94831578732544,0
7062,448.9590177419252,-448.9590177419252,0
7063,449.00391934350404,-449.00391934350404,0
7064,449.08433640098343,-449.08433640098343,0
7065,449.11837272201006,-449.11837272201006,0
7066,449.11233342463214,-449.11233342463214,0
7067,449.11127237477206,-449.11127237477206,0
7068,449.11007093729677,-449.11007093729677,0
7069,449.8412911817321,-449.8412911817321,0
7070,450.4155143267862,-450.4155143267862,0
7071,450.9268288838306,-450.9268288838306,0
7072,451.09966672937054,-451.09966672937054,0
7073,451.2064694887641,-451.2064694887641,0
7074,451.2881793886917,-451.2881793886917,0
7075,451.38177950223013,-451.38177950223013,0
7076,451.4618013546324,-451.4618013546324,0
7077,451.54631035172315,-451.54631035172315,0
7078,451.66318096059126,-451.66318096059126,0
7079,451.7395441363183,-451.7395441363183,0
7080,451.792858557586,-451.792858557586,0
7081,451.83520192633785,-451.83520192633785,0
7082,451.8753645067615,-451.8753645067615,0
7083,451.90428666541015,-451.90428666541015,0
7084,451.9164446911295,-451.9164446911295,0
7085,451.92391326433795,-451.92391326433795,0
7086,451.9357994140475,-451.9357994140475,0
7087,451.94667061508613,-451.94667061508613,0
7088,452.0264025351419,-452.0264025351419,0
7089,452.0865066535966,-452.0865066535966,0
7090,452.0826461369165,-452.0826461369165,0
7091,452.08364914215304,-452.08364914215304,0
7092,452.13618848893674,-452.13618848893674,0
7093,452.18144174487253,-452.18144174487253,0
7094,452.2629700622504,-452.2629700622504,0
7095,452.29816555011627,-452.29816555011627,0
7096,452.38105542210445,-452.38105542210445,0
7097,452.44822726557436,-452.44822726557436,0
7098,452.4952487294139,-452.4952487294139,0
7099,452.5472756750013,-452.5472756750013,0
7100,452.60660093138796,-452.60660093138796,0
7101,452.6715335840269,-452.6715335840269,0
7102,452.7628296354997,-452.7628296354997,0
7103,452.8516919158679,-452.8516919158679,0
7104,452.9063674930205,-452.9063674930205,0
7105,452.93349552625733,-452.93349552625733,0
7106,452.9552236361322,-452.9552236361322,0
7107,452.9716180340486,-452.9716180340486,0
7108,452.98746142302883,-452.98746142302883,0
7109,452.994850135003,-452.994850135003,0
7110,453.00432467337157,-453.00432467337157,0
7111,453.0162973786831,-453.0162973786831,0
7112,453.06388916497843,-453.06388916497843,0
7113,453.11180953410474,-453.11180953410474,0
7114,453.25195725545393,-453.25195725545393,0
7115,453.39418230200124,-453.39418230200124,0
7116,453.99110536007476,-453.99110536007476,0
7117,454.61224339675573,-454.61224339675573,0
7118,454.94574589177546,-454.94574589177546,0
7119,455.0764191600731,-455.0764191600731,0
7120,455.16055769724363,-455.16055769724363,0
7121,455.23717762710976,-455.23717762710976,0
7122,455.29917943682267,-455.29917943682267,0
7123,455.37137222096163,-455.37137222096163,0
7124,455.4582266623535,-455.4582266623535,0
7125,455.56108454775324,-455.56108454775324,0
7126,455.65082787366634,-455.65082787366634,0
7127,455.7490517681187,-455.7490517681187,0
7128,455.80980712565855,-455.80980712565855,0
7129,455.8563975267795,-455.8563975267795,0
7130,455.87828025230715,-455.87828025230715,0
7131,455.8960916858118,-455.8960916858118,0
7132,455.9128336788006,-455.9128336788006,0
7133,455.9263806557314,-455.9263806557314,0
7134,455.93602464410066,-455.93602464410066,0
7135,455.9553572840222,-455.9553572840222,0
7136,456.0083319036256,-456.0083319036256,0
7137,456.03399695955966,-456.03399695955966,0
7138,456.23971219414716,-456.23971219414716,0
7139,456.849996523679,-456.849996523679,0
7140,457.11252847429864,-457.11252847429864,0
7141,457.1214021546634,-457.1214021546634,0
7142,457.130551012168,-457.130551012168,0
7143,457.1294908871935,-457.1294908871935,0
7144,457.1745838599152,-457.1745838599152,0
7145,457.21048294287806,-457.21048294287806,0
7146,457.3353821970323,-457.3353821970323,0
7147,457.39888079007903,-457.39888079007903,0
7148,457.51382077174804,-457.51382077174804,0
7149,457.5874198050003,-457.5874198050003,0
7150,457.66877194524335,-457.66877194524335,0
7151,457.7434026049024,-457.7434026049024,0
7152,457.79375529996554,-457.79375529996554,0
7153,457.826192193782,-457.826192193782,0
7154,457.8492867936055,-457.8492867936055,0
7155,457.87199745430985,-457.87199745430985,0
7156,457.8880738284961,-457.8880738284961,0
7157,457.9028123311655,-457.9028123311655,0
7158,457.9270082843743,-457.9270082843743,0
7159,457.9429794442611,-457.9429794442611,0
7160,457.94051067602544,-457.94051067602544,0
7161,457.9670577891205,-457.9670577891205,0
7162,458.0160692131637,-458.0160692131637,0
7163,458.0561578908784,-458.0561578908784,0
7164,458.0518013724956,-458.0518013724956,0
7165,458.0480564696561,-458.0480564696561,0
7166,458.04385007466846,-458.04385007466846,0
7167,458.0399943641303,-458.0399943641303,0
7168,458.0835662562427,-458.0835662562427,0
7169,458.13733325771227,-458.13733325771227,0
7170,458.2194870272879,-458.2194870272879,0
7171,458.3058583806404,-458.3058583806404,0
7172,458.4518433306791,-458.4518433306791,0
7173,458.52471873240086,-458.52471873240086,0
7174,458.6235593855518,-458.6235593855518,0
7175,458.69240772187146,-458.69240772187146,0
7176,458.73975663556206,-458.73975663556206,0
7177,458.76772646514087,-458.76772646514087,0
7178,458.7858065666936,-458.7858065666936,0
7179,458.79897295665455,-458.79897295665455,0
7180,458.81348699641126,-458.81348699641126,0
7181,458.8207501298368,-458.8207501298368,0
7182,458.83474997902414,-458.83474997902414,0
7183,458.8856937858738,-458.8856937858738,0
7184,459.46586134792767,-459.46586134792767,0
7185,460.10065159544223,-460.10065159544223,0
7186,460.5678391813562,-460.5678391813562,0
7187,460.68093562422115,-460.68093562422115,0
7188,460.6784342700562,-460.6784342700562,0
7189,460.66767739722,-460.66767739722,0
7190,460.65735124438993,-460.65735124438993,0
7191,460.65224335566273,-460.65224335566273,0
7192,460.6736209857203,-460.6736209857203,0
7193,460.7046999028998,-460.7046999028998,0
7194,460.7392692497399,-460.7392692497399,0
7195,460.79114875339434,-460.79114875339434,0
7196,460.86277112607445,-460.86277112607445,0
7197,460.95934784120413,-460.95934784120413,0
7198,461.0361950129794,-461.0361950129794,0
7199,461.112284643927,-461.112284643927,0
7200,461.1554359565752,-461.1554359565752,0
7201,461.1894505508865,-461.1894505508865,0
7202,461.21156976182556,-461.21156976182556,0
7203,461.24676533019897,-461.24676533019897,0
7204,461.2571914961562,-461.2571914961562,0
7205,461.2529522668499,-461.2529522668499,0
7206,461.2469172850672,-461.2469172850672,0
7207,461.2839089866212,-461.2839089866212,0
7208,461.3563404773861,-461.3563404773861,0
7209,461.4789935113104,-461.4789935113104,0
7210,461.49731768493587,-461.49731768493587,0
7211,461.49225823263356,-461.49225823263356,0
7212,461.48784626495416,-461.48784626495416,0
7213,461.49491230096845,-461.49491230096845,0
7214,461.48597465903424,-461.48597465903424,0
7215,461.4798974588565,-461.4798974588565,0
7216,461.52957247136817,-461.52957247136817,0
7217,461.58848698959525,-461.58848698959525,0
7218,461.6475096861644,-461.6475096861644,0
7219,461.7296126176788,-461.7296126176788,0
7220,461.8064351884282,-461.8064351884282,0
7221,461.87629994806787,-461.87629994806787,0
7222,461.9511050809434,-461.9511050809434,0
7223,461.99998906329785,-461.99998906329785,0
7224,462.0408546058214,-462.0408546058214,0
7225,462.0641256705255,-462.0641256705255,0
7226,462.08390840353184,-462.08390840353184,0
7227,462.09799407313255,-462.09799407313255,0
7228,462.11303823975703,-462.11303823975703,0
7229,462.12114225513363,-462.12114225513363,0
7230,462.12846446301114,-462.12846446301114,0
7231,462.19932058240323,-462.19932058240323,0
7232,462.2677721947158,-462.2677721947158,0
7233,462.31575815539884,-462.31575815539884,0
7234,462.80301217238997,-462.80301217238997,0
7235,463.49948967238714,-463.49948967238714,0
7236,463.94822036414655,-463.94822036414655,0
7237,464.12837419763594,-464.12837419763594,0
7238,464.1889001424188,-464.1889001424188,0
7239,464.23122351609095,-464.23122351609095,0
7240,464.2883641008649,-464.2883641008649,0
7241,464.36072247689316,-464.36072247689316,0
7242,464.42633693084935,-464.42633693084935,0
7243,464.484381947702,-464.484381947702,0
7244,464.5401477937778,-464.5401477937778,0
7245,464.6015826201436,-464.6015826201436,0
7246,464.70771683254105,-464.70771683254105,0
7247,464.8292153326291,-464.8292153326291,0
7248,464.8817626444193,-464.8817626444193,0
7249,464.91829155645553,-464.91829155645553,0
7250,464.94253080126305,-464.94253080126305,0
7251,464.95921756379903,-464.95921756379903,0
7252,464.9727914165876,-464.9727914165876,0
7253,464.9931891304793,-464.9931891304793,0
7254,465.00958552545615,-465.00958552545615,0
7255,465.00800068802386,-465.00800068802386,0
7256,465.01614009684977,-465.01614009684977,0
7257,465.16181005220625,-465.16181005220625,0
7258,465.25716903807603,-465.25716903807603,0
7259,465.3891839786455,-465.3891839786455,0
7260,465.44635465905174,-465.44635465905174,0
7261,466.105606662402,-466.105606662402,0
7262,466.7624060569849,-466.7624060569849,0
7263,467.36181464281543,-467.36181464281543,0
7264,467.6088680652072,-467.6088680652072,0
7265,467.7270129962321,-467.7270129962321,0
7266,467.8039273835964,-467.8039273835964,0
7267,467.8516547339729,-467.8516547339729,0
7268,467.92193375706233,-467.92193375706233,0
7269,468.00059581262633,-468.00059581262633,0
7270,468.0592236710981,-468.0592236710981,0
7271,468.12942976522027,-468.12942976522027,0
7272,468.1675282283766,-468.1675282283766,0
7273,468.1889646548851,-468.1889646548851,0
7274,468.2082187541453,-468.2082187541453,0
7275,468.22314061459076,-468.22314061459076,0
7276,468.23853396527596,-468.23853396527596,0
7277,468.251298276906,-468.251298276906,0
7278,468.25231002260506,-468.25231002260506,0
7279,468.28995721387486,-468.28995721387486,0
7280,468.383930883845,-468.383930883845,0
7281,468.37811801748154,-468.37811801748154,0
7282,468.3743869238588,-468.3743869238588,0
7283,468.34667346077896,-468.34667346077896,0
7284,468.33099516685735,-468.33099516685735,0
7285,468.3193646430883,-468.3193646430883,0
7286,468.31539729925083,-468.31539729925083,0
7287,468.33834096157045,-468.33834096157045,0
7288,468.37337638148193,-468.37337638148193,0
7289,468.4105107752058,-468.4105107752058,0
7290,468.4524223847537,-468.4524223847537,0
7291,468.4909928797132,-468.4909928797132,0
7292,468.540810562236,-468.540810562236,0
7293,468.57819914451034,-468.57819914451034,0
7294,468.62915138253146,-468.62915138253146,0
7295,468.6607448792855,-468.6607448792855,0
7296,468.6790698228702,-468.6790698228702,0
7297,468.6944197093174,-468.6944197093174,0
7298,468.7114870843532,-468.7114870843532,0
7299,468.72625529252724,-468.72625529252724,0
7300,468.73336760207076,-468.73336760207076,0
7301,468.74197677647896,-468.74197677647896,0
7302,468.75409058222965,-468.75409058222965,0
7303,468.7977052335481,-468.7977052335481,0
7304,468.8414962994046,-468.8414962994046,0
7305,468.8538259974858,-468.8538259974858,0
7306,469.2027649582203,-469.2027649582203,0
7307,469.75225537537204,-469.75225537537204,0
7308,470.52987100065536,-470.52987100065536,0
7309,470.7872986595166,-470.7872986595166,0
7310,471.2879779349907,-471.2879779349907,0
7311,471.8062439444976,-471.8062439444976,0
7312,471.9489221278407,-471.9489221278407,0
7313,472.043039298662,-472.043039298662,0
7314,472.1332853285386,-472.1332853285386,0
7315,472.19194741700295,-472.19194741700295,0
7316,472.27736591217587,-472.27736591217587,0
7317,472.36477000372736,-472.36477000372736,0
7318,472.4418451506655,-472.4418451506655,0
7319,472.49657990245504,-472.49657990245504,0
7320,472.53237168154885,-472.53237168154885,0
7321,472.56167332854193,-472.56167332854193,0
7322,472.5794580236358,-472.5794580236358,0
7323,472.5945734006534,-472.5945734006534,0
7324,472.6018487504767,-472.6018487504767,0
7325,472.6211059090134,-472.6211059090134,0
7326,472.6399370360033,-472.6399370360033,0
7327,472.6783302640193,-472.6783302640193,0
7328,472.7140774066871,-472.7140774066871,0
7329,472.69453430614965,-472.69453430614965,0
7330,472.68684915589444,-472.68684915589444,0
7331,472.67529220344335,-472.67529220344335,0
7332,472.6561969891844,-472.6561969891844,0
7333,472.6442711273081,-472.6442711273081,0
7334,472.6418147970755,-472.6418147970755,0
7335,472.6761170752899,-472.6761170752899,0
7336,472.69995928152264,-472.69995928152264,0
7337,472.75340798194213,-472.75340798194213,0
7338,472.8123331531027,-472.8123331531027,0
7339,472.8710022408117,-472.8710022408117,0
7340,472.9316085257653,-472.9316085257653,0
7341,473.022647713878,-473.022647713878,0
7342,473.0915472788901,-473.0915472788901,0
7343,473.12776072280394,-473.12776072280394,0
7344,473.14888482083416,-473.14888482083416,0
7345,473.16438199594666,-473.16438199594666,0
7346,473.1836089520085,-473.1836089520085,0
7347,473.19917266209757,-473.19917266209757,0
7348,473.201021372891,-473.201021372891,0
7349,473.2099608666666,-473.2099608666666,0
7350,473.2325551723268,-473.2325551723268,0
7351,473.26530070215534,-473.26530070215534,0
7352,473.2784337538133,-473.2784337538133,0
7353,473.2747198610891,-473.2747198610891,0
7354,473.2706890293914,-473.2706890293914,0
7355,473.26327521501986,-473.26327521501986,0
7356,473.81974559093743,-473.81974559093743,0
7357,474.5798358552752,-474.5798358552752,0
7358,475.06959375700995,-475.06959375700995,0
7359,475.2639859893768,-475.2639859893768,0
7360,475.35311406223326,-475.35311406223326,0
7361,475.4533457816792,-475.4533457816792,0
7362,475.52364556574724,-475.52364556574724,0
7363,475.62664362735484,-475.62664362735484,0
7364,475.70516345580353,-475.70516345580353,0
7365,475.75431157385054,-475.75431157385054,0
7366,475.8064270148804,-475.8064270148804,0
7367,475.83839034395464,-475.83839034395464,0
7368,475.8567676985461,-475.8567676985461,0
7369,475.8716062963014,-475.8716062963014,0
7370,475.88728278190126,-475.88728278190126,0
7371,475.9017774393612,-475.9017774393612,0
7372,475.90870583895963,-475.90870583895963,0
7373,475.9213906334186,-475.9213906334186,0
7374,475.9474794654311,-475.9474794654311,0
7375,475.9870709418428,-475.9870709418428,0
7376,475.99718606229067,-475.99718606229067,0
7377,475.9814159868351,-475.9814159868351,0
7378,475.9549493994749,-475.9549493994749,0
7379,475.9380530745771,-475.9380530745771,0
7380,475.9536930747448,-475.9536930747448,0
7381,475.9530253480126,-475.9530253480126,0
7382,475.94946873469286,-475.94946873469286,0
7383,475.9814106745276,-475.9814106745276,0
7384,476.020698377723,-476.020698377723,0
7385,476.06639927842645,-476.06639927842645,0
7386,476.1055634469637,-476.1055634469637,0
7387,476.1488590477481,-476.1488590477481,0
7388,476.2017562045438,-476.2017562045438,0
7389,476.25943744223775,-476.25943744223775,0
7390,476.2982568896684,-476.2982568896684,0
7391,476.32947629196707,-476.32947629196707,0
7392,476.3551390667659,-476.3551390667659,0
7393,476.3803835790991,-476.3803835790991,0
7394,476.39734795775576,-476.39734795775576,0
7395,476.41218130158757,-476.41218130158757,0
7396,476.41911583821746,-476.41911583821746,0
7397,476.43069609537446,-476.43069609537446,0
7398,476.4686797665476,-476.4686797665476,0
7399,476.52862817449864,-476.52862817449864,0
7400,476.5665958650988,-476.5665958650988,0
7401,476.6264379430409,-476.6264379430409,0
7402,476.6740205884107,-476.6740205884107,0
7403,476.7090278598054,-476.7090278598054,0
7404,476.7672522634668,-476.7672522634668,0
7405,476.80791805368875,-476.80791805368875,0
7406,476.8491375266206,-476.8491375266206,0
7407,476.8986503687409,-476.8986503687409,0
7408,476.93382233983675,-476.93382233983675,0
7409,476.9739179949728,-476.9739179949728,0
7410,477.00666960931994,-477.00666960931994,0
7411,477.04056115471514,-477.04056115471514,0
7412,477.0693102903465,-477.0693102903465,0
7413,477.09743527534397,-477.09743527534397,0
7414,477.1180287666607,-477.1180287666607,0
7415,477.1402049258167,-477.1402049258167,0
7416,477.16550954524564,-477.16550954524564,0
7417,477.1821504623263,-477.1821504623263,0
7418,477.19791207198307,-477.19791207198307,0
7419,477.21193088155667,-477.21193088155667,0
7420,477.2212208923269,-477.2212208923269,0
7421,477.23194301448405,-477.23194301448405,0
7422,477.24375653187565,-477.24375653187565,0
7423,477.29528775035385,-477.29528775035385,0
7424,477.3075933493358,-477.3075933493358,0
7425,477.302625040512,-477.302625040512,0
7426,477.2892518358801,-477.2892518358801,0
7427,477.2759778634755,-477.2759778634755,0
7428,477.2643752581187,-477.2643752581187,0
7429,477.2552458316412,-477.2552458316412,0
7430,477.2448129898278,-477.2448129898278,0
7431,477.26919055051815,-477.26919055051815,0
7432,477.3019283508949,-477.3019283508949,0
7433,477.3676684238557,-477.3676684238557,0
7434,477.41932962742675,-477.41932962742675,0
7435,477.4855863887621,-477.4855863887621,0
7436,477.54267863242995,-477.54267863242995,0
7437,477.6148362377119,-477.6148362377119,0
7438,477.6589144465792,-477.6589144465792,0
7439,477.70061154794917,-477.70061154794917,0
7440,477.72770370633515,-477.72770370633515,0
7441,477.7507975832405,-477.7507975832405,0
7442,477.7716068981797,-477.7716068981797,0
7443,477.7880181949252,-477.7880181949252,0
7444,477.8003075364728,-477.8003075364728,0
7445,477.8164767265367,-477.8164767265367,0
7446,477.8376819218293,-477.8376819218293,0
7447,477.9000632708598,-477.9000632708598,0
7448,477.942995380004,-477.942995380004,0
7449,477.9954580174164,-477.9954580174164,0
7450,478.03915750162383,-478.03915750162383,0
7451,478.27407869205734,-478.27407869205734,0
7452,478.9081528899405,-478.9081528899405,0
7453,479.27232630680487,-479.27232630680487,0
7454,479.38724540592403,-479.38724540592403,0
7455,479.4678128503541,-479.4678128503541,0
7456,479.5645451608301,-479.5645451608301,0
7457,479.67038994621413,-479.67038994621413,0
7458,479.74878025957173,-479.74878025957173,0
7459,479.80795975461376,-479.80795975461376,0
7460,479.8747308957849,-479.8747308957849,0
7461,479.94303091748435,-479.94303091748435,0
7462,479.9965802291042,-479.9965802291042,0
7463,480.0316240418601,-480.0316240418601,0
7464,480.0581127007472,-480.0581127007472,0
7465,480.0819606311774,-480.0819606311774,0
7466,480.10029069865664,-480.10029069865664,0
7467,480.11812375814173,-480.11812375814173,0
7468,480.13219604867203,-480.13219604867203,0
7469,480.1468367494231,-480.1468367494231,0
7470,480.16764445105355,-480.16764445105355,0
7471,480.2405580436335,-480.2405580436335,0
7472,480.29952297387626,-480.29952297387626,0
7473,480.29274207898476,-480.29274207898476,0
7474,480.29289079337366,-480.29289079337366,0
7475,480.29967691711465,-480.29967691711465,0
7476,480.8552000616254,-480.8552000616254,0
7477,481.38920879703915,-481.38920879703915,0
7478,482.0077090230659,-482.0077090230659,0
7479,482.65324214279684,-482.65324214279684,0
7480,483.0448718029031,-483.0448718029031,0
7481,483.22045145337046,-483.22045145337046,0
7482,483.35194835939274,-483.35194835939274,0
7483,483.4385260598058,-483.4385260598058,0
7484,483.52231328853026,-483.52231328853026,0
7485,483.57354409197956,-483.57354409197956,0
7486,483.6385581269751,-483.6385581269751,0
7487,483.69360626146266,-483.69360626146266,0
7488,483.7216782678221,-483.7216782678221,0
7489,483.74500076743226,-483.74500076743226,0
7490,483.7688066811235,-483.7688066811235,0
7491,483.7895636173728,-483.7895636173728,0
7492,483.79885392816163,-483.79885392816163,0
7493,483.81494242548274,-483.81494242548274,0
7494,483.83059047891015,-483.83059047891015,0
7495,483.9066637385646,-483.9066637385646,0
7496,483.95220337135834,-483.95220337135834,0
7497,484.34460821610946,-484.34460821610946,0
7498,484.8569668469292,-484.8569668469292,0
7499,485.1250551877407,-485.1250551877407,0
7500,485.24485346119036,-485.24485346119036,0
7501,485.2919133820136,-485.2919133820136,0
7502,485.2901869080148,-485.2901869080148,0
7503,485.3524033161555,-485.3524033161555,0
7504,485.39158956642586,-485.39158956642586,0
7505,485.4529143830158,-485.4529143830158,0
7506,485.5238872612022,-485.5238872612022,0
7507,485.58749190964045,-485.58749190964045,0
7508,485.66126172075116,-485.66126172075116,0
7509,485.7506674680891,-485.7506674680891,0
7510,485.8180974420929,-485.8180974420929,0
7511,485.8686004716183,-485.8686004716183,0
7512,485.8974161234352,-485.8974161234352,0
7513,485.92260114902246,-485.92260114902246,0
7514,485.9452727314062,-485.9452727314062,0
7515,485.964813947025,-485.964813947025,0
7516,485.98843577467005,-485.98843577467005,0
7517,486.04893104201443,-486.04893104201443,0
7518,486.05640744669495,-486.05640744669495,0
7519,486.0855734344783,-486.0855734344783,0
7520,486.1207291429678,-486.1207291429678,0
7521,486.15127949368195,-486.15127949368195,0
7522,486.2782842280713,-486.2782842280713,0
7523,486.82909334798734,-486.82909334798734,0
7524,487.32919591759185,-487.32919591759185,0
7525,488.0451978981947,-488.0451978981947,0
7526,488.56375773553447,-488.56375773553447,0
7527,488.7745806236159,-488.7745806236159,0
7528,488.8917916167302,-488.8917916167302,0
7529,488.96604481593073,-488.96604481593073,0
7530,489.03065863112505,-489.03065863112505,0
7531,489.0887788287133,-489.0887788287133,0
7532,489.1604281070025,-489.1604281070025,0
7533,489.3071292402707,-489.3071292402707,0
7534,489.3890371090485,-489.3890371090485,0
7535,489.46168645086914,-489.46168645086914,0
7536,489.50715305257626,-489.50715305257626,0
7537,489.5350768239231,-489.5350768239231,0
7538,489.55556614207205,-489.55556614207205,0
7539,489.5753092661221,-489.5753092661221,0
7540,489.5880069493333,-489.5880069493333,0
7541,489.61157268939866,-489.61157268939866,0
7542,489.64294115470966,-489.64294115470966,0
7543,489.7035047665599,-489.7035047665599,0
7544,489.8317962858839,-489.8317962858839,0
7545,489.8588977834746,-489.8588977834746,0
7546,489.9299247071217,-489.9299247071217,0
7547,490.3522554344411,-490.3522554344411,0
7548,491.0808223585837,-491.0808223585837,0
7549,491.48239237994153,-491.48239237994153,0
7550,491.72225427886866,-491.72225427886866,0
7551,491.94549371897347,-491.94549371897347,0
7552,492.1626930227421,-492.1626930227421,0
7553,492.2567170251144,-492.2567170251144,0
7554,492.3431013695116,-492.3431013695116,0
7555,492.40970296745974,-492.40970296745974,0
7556,492.4734212153922,-492.4734212153922,0
7557,492.5450937231228,-492.5450937231228,0
7558,492.6177785741588,-492.6177785741588,0
7559,492.66069594518603,-492.66069594518603,0
7560,492.69573454509907,-492.69573454509907,0
7561,492.71412518041825,-492.71412518041825,0
7562,492.7301793178041,-492.7301793178041,0
7563,492.7498950937438,-492.7498950937438,0
7564,492.75581894810995,-492.75581894810995,0
7565,492.7622534242081,-492.7622534242081,0
7566,492.8053159254414,-492.8053159254414,0
7567,492.8589172610356,-492.8589172610356,0
7568,492.85805899744264,-492.85805899744264,0
7569,492.88912696956646,-492.88912696956646,0
7570,492.89477506143453,-492.89477506143453,0
7571,493.09901214584306,-493.09901214584306,0
7572,493.414761607368,-493.414761607368,0
7573,493.756767353745,-493.756767353745,0
7574,493.81631130367134,-493.81631130367134,0
7575,493.8919221285294,-493.8919221285294,0
7576,493.94580677405344,-493.94580677405344,0
7577,494.01148095238534,-494.01148095238534,0
7578,494.2102574435457,-494.2102574435457,0
7579,494.3033807993871,-494.3033807993871,0
7580,494.38164943172535,-494.38164943172535,0
7581,494.47321517242744,-494.47321517242744,0
7582,494.5353061257575,-494.5353061257575,0
7583,494.58716621182793,-494.58716621182793,0
7584,494.6240198420084,-494.6240198420084,0
7585,494.6608978647563,-494.6608978647563,0
7586,494.68118485404466,-494.68118485404466,0
7587,494.6941609198461,-494.6941609198461,0
7588,494.70532966787414,-494.70532966787414,0
7589,494.71999118605993,-494.71999118605993,0
7590,494.7350531825758,-494.7350531825758,0
7591,495.13125700620725,-495.13125700620725,0
7592,495.189916285558,-495.189916285558,0
7593,495.20600239523765,-495.20600239523765,0
7594,495.21229142587737,-495.21229142587737,0
7595,495.2059272899695,-495.2059272899695,0
7596,495.52112073835866,-495.52112073835866,0
7597,496.0334341715213,-496.0334341715213,0
7598,496.29024823784613,-496.29024823784613,0
7599,496.37792554371583,-496.37792554371583,0
7600,496.4462517649991,-496.4462517649991,0
7601,496.51865562420846,-496.51865562420846,0
7602,496.58716664983365,-496.58716664983365,0
7603,496.65948245421316,-496.65948245421316,0
7604,496.7465995797077,-496.7465995797077,0
7605,496.8078015386244,-496.8078015386244,0
7606,496.8709498396811,-496.8709498396811,0
7607,496.90483038214063,-496.90483038214063,0
7608,496.92591078616636,-496.92591078616636,0
7609,496.94588664205867,-496.94588664205867,0
7610,496.97511191673624,-496.97511191673624,0
7611,496.98644147718323,-496.98644147718323,0
7612,496.9842161787915,-496.9842161787915,0
7613,496.99199117474075,-496.99199117474075,0
7614,497.0298255725008,-497.0298255725008,0
7615,497.074520455237,-497.074520455237,0
7616,497.078708414964,-497.078708414964,0
7617,497.06898171770905,-497.06898171770905,0
7618,497.0642099567315,-497.0642099567315,0
7619,497.18333399287854,-497.18333399287854,0
7620,497.2210224559475,-497.2210224559475,0
7621,497.2140231919131,-497.2140231919131,0
7622,497.20616083049043,-497.20616083049043,0
7623,497.47589777812425,-497.47589777812425,0
7624,498.0978554164416,-498.0978554164416,0
7625,498.5984735052152,-498.5984735052152,0
7626,498.79632233234514,-498.79632233234514,0
7627,498.91741021057175,-498.91741021057175,0
7628,499.016540770078,-499.016540770078,0
7629,499.1106187655514,-499.1106187655514,0
7630,499.1765580347312,-499.1765580347312,0
7631,499.2227885339521,-499.2227885339521,0
7632,499.2454375865721,-499.2454375865721,0
7633,499.2632495112961,-499.2632495112961,0
7634,499.28281432783973,-499.28281432783973,0
7635,499.2944078705806,-499.2944078705806,0
7636,499.3032716360377,-499.3032716360377,0
7637,499.31798189656695,-499.31798189656695,0
7638,499.33500984206887,-499.33500984206887,0
7639,499.393643378047,-499.393643378047,0
7640,499.44793878516265,-499.44793878516265,0
7641,499.48283539647514,-499.48283539647514,0
7642,499.5099250986491,-499.5099250986491,0
7643,499.52917394039895,-499.52917394039895,0
7644,499.52125405432366,-499.52125405432366,0
7645,499.5129437832916,-499.5129437832916,0
7646,499.5002183758464,-499.5002183758464,0
7647,499.6316724946721,-499.6316724946721,0
7648,499.7323953048702,-499.7323953048702,0
7649,499.8551276035402,-499.8551276035402,0
7650,499.91442964733403,-499.91442964733403,0
7651,499.957595087547,-499.957595087547,0
7652,500.00532107595944,-500.00532107595944,0
7653,500.043574971179,-500.043574971179,0
7654,500.09642224839587,-500.09642224839587,0
7655,500.1426599566236,-500.1426599566236,0
7656,500.1701455723013,-500.1701455723013,0
7657,500.1889875534526,-500.1889875534526,0
7658,500.20435295001573,-500.20435295001573,0
7659,500.2207767793551,-500.2207767793551,0
7660,500.22523660757685,-500.22523660757685,0
7661,500.2358134775917,-500.2358134775917,0
7662,500.2560949501132,-500.2560949501132,0
7663,500.31476562758013,-500.31476562758013,0
7664,500.36488285999104,-500.36488285999104,0
7665,500.9186920049161,-500.9186920049161,0
7666,501.66599285806086,-501.66599285806086,0
7667,502.34622691705584,-502.34622691705584,0
7668,503.0945059797345,-503.0945059797345,0
7669,503.7678939262067,-503.7678939262067,0
7670,504.19371058970205,-504.19371058970205,0
7671,504.3764893172866,-504.3764893172866,0
7672,504.54094036702134,-504.54094036702134,0
7673,504.69617468999087,-504.69617468999087,0
7674,504.84586868169345,-504.84586868169345,0
7675,504.9359535985482,-504.9359535985482,0
7676,505.020173344773,-505.020173344773,0
7677,505.12640025573273,-505.12640025573273,0
7678,505.2020258728286,-505.2020258728286,0
7679,505.2522260918225,-505.2522260918225,0
7680,505.27811256256496,-505.27811256256496,0
7681,505.2969455835085,-505.2969455835085,0
7682,505.3131520633374,-505.3131520633374,0
7683,505.329072040598,-505.329072040598,0
7684,505.3540445813151,-505.3540445813151,0
7685,505.368691763925,-505.368691763925,0
7686,505.38366176601795,-505.38366176601795,0
7687,505.430131912516,-505.430131912516,0
7688,505.42630284765943,-505.42630284765943,0
7689,505.428381908973,-505.428381908973,0
7690,505.4226906919599,-505.4226906919599,0
7691,505.4160114204888,-505.4160114204888,0
7692,505.40970204109254,-505.40970204109254,0
7693,505.40353154267495,-505.40353154267495,0
7694,505.39533690078383,-505.39533690078383,0
7695,505.44827553474374,-505.44827553474374,0
7696,505.50952502560045,-505.50952502560045,0
7697,505.5744135867743,-505.5744135867743,0
7698,505.6476070325954,-505.6476070325954,0
7699,505.7166098115738,-505.7166098115738,0
7700,505.7915504850602,-505.7915504850602,0
7701,505.86860892572224,-505.86860892572224,0
7702,505.93436186526867,-505.93436186526867,0
7703,505.9826797794271,-505.9826797794271,0
7704,506.0051335349232,-506.0051335349232,0
7705,506.02558799490697,-506.02558799490697,0
7706,506.04451930723695,-506.04451930723695,0
7707,506.05405188008683,-506.05405188008683,0
7708,506.0616044114876,-506.0616044114876,0
7709,506.07325657467305,-506.07325657467305,0
7710,506.09488421703765,-506.09488421703765,0
7711,506.1721542707907,-506.1721542707907,0
7712,506.28431716527456,-506.28431716527456,0
7713,506.3291271943012,-506.3291271943012,0
7714,506.35732642948625,-506.35732642948625,0
7715,506.4128236804485,-506.4128236804485,0
7716,506.4720305474723,-506.4720305474723,0
7717,506.5574916246801,-506.5574916246801,0
7718,506.6177155524939,-506.6177155524939,0
7719,506.6983703307419,-506.6983703307419,0
7720,506.831083643341,-506.831083643341,0
7721,506.9144563393002,-506.9144563393002,0
7722,507.01852100444995,-507.01852100444995,0
7723,507.1736632977131,-507.1736632977131,0
7724,507.31091752041664,-507.31091752041664,0
7725,507.40644152013,-507.40644152013,0
7726,507.4970102847568,-507.4970102847568,0
7727,507.5478119421398,-507.5478119421398,0
7728,507.58423842681884,-507.58423842681884,0
7729,507.6184941036176,-507.6184941036176,0
7730,507.6469348135593,-507.6469348135593,0
7731,507.66272703200815,-507.66272703200815,0
7732,507.6694728819671,-507.6694728819671,0
7733,507.67569240752727,-507.67569240752727,0
7734,507.68952642076704,-507.68952642076704,0
7735,507.77065236851877,-507.77065236851877,0
7736,507.8322578421255,-507.8322578421255,0
7737,507.89332396352603,-507.89332396352603,0
7738,507.8977770989328,-507.8977770989328,0
7739,507.8940406558242,-507.8940406558242,0
7740,508.39204369588583,-508.39204369588583,0
7741,508.5385061655328,-508.5385061655328,0
7742,508.8205194983856,-508.8205194983856,0
7743,509.07860197168947,-509.07860197168947,0
7744,509.71576977402066,-509.71576977402066,0
7745,510.05019617533895,-510.05019617533895,0
7746,510.2735066892398,-510.2735066892398,0
7747,510.649280581429,-510.649280581429,0
7748,511.1074580084965,-511.1074580084965,0
7749,511.78400865598877,-511.78400865598877,0
7750,512.4933005619125,-512.4933005619125,0
7751,513.1996273925071,-513.1996273925071,0
7752,513.9005333274908,-513.9005333274908,0
7753,514.5116087262073,-514.5116087262073,0
7754,514.7502295094451,-514.7502295094451,0
7755,514.8427477384355,-514.8427477384355,0
7756,514.8850769628043,-514.8850769628043,0
7757,514.916037897059,-514.916037897059,0
7758,514.9354078609063,-514.9354078609063,0
7759,515.0235519134269,-515.0235519134269,0
7760,515.0846876768499,-515.0846876768499,0
7761,515.1200531276905,-515.1200531276905,0
7762,515.4068259555814,-515.4068259555814,0
7763,515.966617699946,-515.966617699946,0
7764,516.0548187929523,-516.0548187929523,0
7765,516.0496082353526,-516.0496082353526,0
7766,516.0516911013877,-516.0516911013877,0
7767,516.146977645072,-516.146977645072,0
7768,516.2211534623848,-516.2211534623848,0
7769,516.2922371234766,-516.2922371234766,0
7770,516.4061620176878,-516.4061620176878,0
7771,516.4787915012353,-516.4787915012353,0
7772,516.6402794649753,-516.6402794649753,0
7773,516.7168789175648,-516.7168789175648,0
7774,516.8105088926606,-516.8105088926606,0
7775,516.8794166665851,-516.8794166665851,0
7776,516.9372524317793,-516.9372524317793,0
7777,516.964808594842,-516.964808594842,0
7778,516.9911302806794,-516.9911302806794,0
7779,517.0077498457746,-517.0077498457746,0
7780,517.0140933931618,-517.0140933931618,0
7781,517.0314941971836,-517.0314941971836,0
7782,517.087990558742,-517.087990558742,0
7783,517.6666051594415,-517.6666051594415,0
7784,518.2337293949636,-518.2337293949636,0
7785,518.9047986036887,-518.9047986036887,0
7786,519.6190766463375,-519.6190766463375,0
7787,520.0252822500306,-520.0252822500306,0
7788,520.2270664633861,-520.2270664633861,0
7789,520.2682367741658,-520.2682367741658,0
7790,520.3499861365303,-520.3499861365303,0
7791,520.4764962800249,-520.4764962800249,0
7792,520.6101121675557,-520.6101121675557,0
7793,520.705907609459,-520.705907609459,0
7794,520.810493980176,-520.810493980176,0
7795,520.9076856783454,-520.9076856783454,0
7796,520.9661786293198,-520.9661786293198,0
7797,521.0413689849844,-521.0413689849844,0
7798,521.0944708023234,-521.0944708023234,0
7799,521.1296550090516,-521.1296550090516,0
7800,521.1547516821685,-521.1547516821685,0
7801,521.1730569717548,-521.1730569717548,0
7802,521.2072221308733,-521.2072221308733,0
7803,521.2182418143557,-521.2182418143557,0
7804,521.2133810971912,-521.2133810971912,0
7805,521.2092670714385,-521.2092670714385,0
7806,521.2227396998712,-521.2227396998712,0
7807,521.2586633144282,-521.2586633144282,0
7808,521.3170273775262,-521.3170273775262,0
7809,521.4605113800093,-521.4605113800093,0
7810,521.9656771985543,-521.9656771985543,0
7811,522.5301502477064,-522.5301502477064,0
7812,523.0928984618724,-523.0928984618724,0
7813,523.4407637509016,-523.4407637509016,0
7814,523.5272520238866,-523.5272520238866,0
7815,523.6799725881297,-523.6799725881297,0
7816,523.8316617210376,-523.8316617210376,0
7817,523.9633741820475,-523.9633741820475,0
7818,524.0868161971378,-524.0868161971378,0
7819,524.2424787917043,-524.2424787917043,0
7820,524.3357337892772,-524.3357337892772,0
7821,524.4421529992077,-524.4421529992077,0
7822,524.5298213666837,-524.5298213666837,0
7823,524.5820662476074,-524.5820662476074,0
7824,524.6159201374588,-524.6159201374588,0
7825,524.6392468890012,-524.6392468890012,0
7826,524.6655189771216,-524.6655189771216,0
7827,524.6800740813374,-524.6800740813374,0
7828,524.6919422739114,-524.6919422739114,0
7829,524.7126004533512,-524.7126004533512,0
7830,524.7255817476815,-524.7255817476815,0
7831,524.8183971282181,-524.8183971282181,0
7832,524.8596508967131,-524.8596508967131,0
7833,525.0582907557946,-525.0582907557946,0
7834,525.6549698623708,-525.6549698623708,0
7835,526.0982333237849,-526.0982333237849,0
7836,526.2872965509463,-526.2872965509463,0
7837,526.376670066569,-526.376670066569,0
7838,526.4064104528759,-526.4064104528759,0
7839,526.4696014175404,-526.4696014175404,0
7840,526.6148002966873,-526.6148002966873,0
7841,526.7527249474177,-526.7527249474177,0
7842,526.8313885005468,-526.8313885005468,0
7843,526.9084199805822,-526.9084199805822,0
7844,527.0012660199668,-527.0012660199668,0
7845,527.0838484771052,-527.0838484771052,0
7846,527.1623442852357,-527.1623442852357,0
7847,527.207493990963,-527.207493990963,0
7848,527.2319042035238,-527.2319042035238,0
7849,527.2503294041817,-527.2503294041817,0
7850,527.2810583114486,-527.2810583114486,0
7851,527.2986660659938,-527.2986660659938,0
7852,527.310888441304,-527.310888441304,0
7853,527.3294046962525,-527.3294046962525,0
7854,527.3385446533442,-527.3385446533442,0
7855,527.3665200794009,-527.3665200794009,0
7856,527.4656161934771,-527.4656161934771,0
7857,528.0557666304734,-528.0557666304734,0
7858,528.6885512881228,-528.6885512881228,0
7859,529.0218023390565,-529.0218023390565,0
7860,529.1507388786372,-529.1507388786372,0
7861,529.2338419897712,-529.2338419897712,0
7862,529.3035440439794,-529.3035440439794,0
7863,529.3997732632763,-529.3997732632763,0
7864,529.5263391690742,-529.5263391690742,0
7865,529.6857335036269,-529.6857335036269,0
7866,529.8469860461944,-529.8469860461944,0
7867,529.984325424641,-529.984325424641,0
7868,530.1683804617571,-530.1683804617571,0
7869,530.2909297337152,-530.2909297337152,0
7870,530.4366736044965,-530.4366736044965,0
7871,530.5216741276404,-530.5216741276404,0
7872,530.5757230216047,-530.5757230216047,0
7873,530.6094454156192,-530.6094454156192,0
7874,530.6450866848264,-530.6450866848264,0
7875,530.6735507599033,-530.6735507599033,0
7876,530.7227618264712,-530.7227618264712,0
7877,530.7467226159238,-530.7467226159238,0
7878,530.7503532415367,-530.7503532415367,0
7879,530.8142677268665,-530.8142677268665,0
7880,530.8662825919916,-530.8662825919916,0
7881,530.9471761297611,-530.9471761297611,0
7882,530.9666539640593,-530.9666539640593,0
7883,530.9895013799764,-530.9895013799764,0
7884,531.4016480456842,-531.4016480456842,0
7885,531.5521267082572,-531.5521267082572,0
7886,531.6471824054142,-531.6471824054142,0
7887,531.8105938552609,-531.8105938552609,0
7888,531.9702036031612,-531.9702036031612,0
7889,532.0883780821893,-532.0883780821893,0
7890,532.2217034490562,-532.2217034490562,0
7891,532.3403445656395,-532.3403445656395,0
7892,532.4570584093752,-532.4570584093752,0
7893,532.582514019374,-532.582514019374,0
7894,532.6998516841511,-532.6998516841511,0
7895,532.7689573875438,-532.7689573875438,0
7896,532.8515253533678,-532.8515253533678,0
7897,532.8786585307677,-532.8786585307677,0
7898,532.900152985148,-532.900152985148,0
7899,532.9120943646798,-532.9120943646798,0
7900,532.920096713913,-532.920096713913,0
7901,532.9345354408797,-532.9345354408797,0
7902,532.9648137119326,-532.9648137119326,0
7903,533.0479172665148,-533.0479172665148,0
7904,533.0983491928126,-533.0983491928126,0
7905,533.125037006851,-533.125037006851,0
7906,533.1506725169886,-533.1506725169886,0
7907,533.246983998758,-533.246983998758,0
7908,533.4107088813505,-533.4107088813505,0
7909,533.9613407626998,-533.9613407626998,0
7910,534.5699618605001,-534.5699618605001,0
7911,535.2041344967191,-535.2041344967191,0
7912,535.5446617875392,-535.5446617875392,0
7913,535.7893378950795,-535.7893378950795,0
7914,535.9538996952639,-535.9538996952639,0
7915,536.1614131194513,-536.1614131194513,0
7916,536.3359873425454,-536.3359873425454,0
7917,536.4764578020886,-536.4764578020886,0
7918,536.5768363941755,-536.5768363941755,0
7919,536.6347853582374,-536.6347853582374,0
7920,536.6756834100219,-536.6756834100219,0
7921,536.6960076188695,-536.6960076188695,0
7922,536.7148317454522,-536.7148317454522,0
7923,536.725297269297,-536.725297269297,0
7924,536.7350126495552,-536.7350126495552,0
7925,536.7479588704728,-536.7479588704728,0
7926,536.7899344483748,-536.7899344483748,0
7927,536.8660952001404,-536.8660952001404,0
7928,536.954172739309,-536.954172739309,0
7929,537.0805881790754,-537.0805881790754,0
7930,537.1644509184686,-537.1644509184686,0
7931,537.1680251446688,-537.1680251446688,0
7932,537.2192658614932,-537.2192658614932,0
7933,537.2384899990342,-537.2384899990342,0
7934,537.316393439494,-537.316393439494,0
7935,537.5142981036931,-537.5142981036931,0
7936,537.6917870447777,-537.6917870447777,0
7937,537.8853779992071,-537.8853779992071,0
7938,538.0418585847669,-538.0418585847669,0
7939,538.199923247732,-538.199923247732,0
7940,538.3848460733515,-538.3848460733515,0
7941,538.4994623828584,-538.4994623828584,0
7942,538.5887810773013,-538.5887810773013,0
7943,538.6566066603154,-538.6566066603154,0
7944,538.6950469235973,-538.6950469235973,0
7945,538.717362276922,-538.717362276922,0
7946,538.7340437644539,-538.7340437644539,0
7947,538.746813647598,-538.746813647598,0
7948,538.7548830662195,-538.7548830662195,0
7949,538.7666080627697,-538.7666080627697,0
7950,538.7703545298156,-538.7703545298156,0
7951,538.8261856079213,-538.8261856079213,0
7952,538.8947837210011,-538.8947837210011,0
7953,539.0226917715119,-539.0226917715119,0
7954,539.0865969601734,-539.0865969601734,0
7955,539.2047256876035,-539.2047256876035,0
7956,539.241374225645,-539.241374225645,0
7957,539.2780720479255,-539.2780720479255,0
7958,539.4180069195057,-539.4180069195057,0
7959,539.6431145677094,-539.6431145677094,0
7960,539.85895396856,-539.85895396856,0
7961,540.0646728815184,-540.0646728815184,0
7962,540.253878063853,-540.253878063853,0
7963,540.4239201719098,-540.4239201719098,0
7964,540.5697739207252,-540.5697739207252,0
7965,540.6931024889824,-540.6931024889824,0
7966,540.8003875077504,-540.8003875077504,0
7967,540.8598315581485,-540.8598315581485,0
7968,540.8902685715614,-540.8902685715614,0
7969,540.9090997322161,-540.9090997322161,0
7970,540.9270200641517,-540.9270200641517,0
7971,540.9413365077286,-540.9413365077286,0
7972,540.9525293735653,-540.9525293735653,0
7973,540.9573729193656,-540.9573729193656,0
7974,540.9974505613654,-540.9974505613654,0
7975,541.0517274913582,-541.0517274913582,0
7976,541.1728760668955,-541.1728760668955,0
7977,541.3257874319195,-541.3257874319195,0
7978,541.3966928843698,-541.3966928843698,0
7979,541.4403194828037,-541.4403194828037,0
7980,541.4646643407248,-541.4646643407248,0
7981,541.5930163754437,-541.5930163754437,0
7982,541.7405285933706,-541.7405285933706,0
7983,541.936498808496,-541.936498808496,0
7984,542.1021589087761,-542.1021589087761,0
7985,542.2452706762728,-542.2452706762728,0
7986,542.3889117764353,-542.3889117764353,0
7987,542.5062763882185,-542.5062763882185,0
7988,542.6218399384577,-542.6218399384577,0
7989,542.7307625091149,-542.7307625091149,0
7990,542.8219100822748,-542.8219100822748,0
7991,542.8777914623108,-542.8777914623108,0
7992,542.9068474321648,-542.9068474321648,0
7993,542.9502554308182,-542.9502554308182,0
7994,542.9698471659161,-542.9698471659161,0
7995,542.9839684802427,-542.9839684802427,0
7996,542.9966278075113,-542.9966278075113,0
7997,542.999896961102,-542.999896961102,0
7998,543.0332549819987,-543.0332549819987,0
7999,543.1002347989652,-543.1002347989652,0
8000,543.2491552867159,-543.2491552867159,0
8001,543.3256032608255,-543.3256032608255,0
8002,543.3947245422092,-543.3947245422092,0
8003,543.4948207680563,-543.4948207680563,0
8004,543.6019410914728,-543.6019410914728,0
8005,543.7351247779186,-543.7351247779186,0
8006,543.8693375933124,-543.8693375933124,0
8007,544.0040086563914,-544.0040086563914,0
8008,544.1426687738538,-544.1426687738538,0
8009,544.3534556340876,-544.3534556340876,0
8010,544.4969844657331,-544.4969844657331,0
8011,544.6542216165622,-544.6542216165622,0
8012,544.7826674920871,-544.7826674920871,0
8013,544.9176766430769,-544.9176766430769,0
8014,545.0467916145991,-545.0467916145991,0
8015,545.1455759244205,-545.1455759244205,0
8016,545.1922855095556,-545.1922855095556,0
8017,545.2329295485281,-545.2329295485281,0
8018,545.298702716761,-545.298702716761,0
8019,545.3526347392503,-545.3526347392503,0
8020,545.3893098638941,-545.3893098638941,0
8021,545.4358385770686,-545.4358385770686,0
8022,545.4876022630566,-545.4876022630566,0
8023,545.5641845016105,-545.5641845016105,0
8024,545.6836007295356,-545.6836007295356,0
8025,545.7370681350754,-545.7370681350754,0
8026,545.8795645133406,-545.8795645133406,0
8027,546.0634757912431,-546.0634757912431,0
8028,546.2543956788841,-546.2543956788841,0
8029,546.4639337159251,-546.4639337159251,0
8030,546.6565606242417,-546.6565606242417,0
8031,546.7904358918113,-546.7904358918113,0
8032,546.9527067445007,-546.9527067445007,0
8033,547.1237361061368,-547.1237361061368,0
8034,547.426448091871,-547.426448091871,0
8035,547.6024432704187,-547.6024432704187,0
8036,547.7922360462937,-547.7922360462937,0
8037,547.9305613593548,-547.9305613593548,0
8038,548.0330600490006,-548.0330600490006,0
8039,548.0943492659393,-548.0943492659393,0
8040,548.1371111279108,-548.1371111279108,0
8041,548.1611687591326,-548.1611687591326,0
8042,548.1811547071624,-548.1811547071624,0
8043,548.2058410125655,-548.2058410125655,0
8044,548.2239583936405,-548.2239583936405,0
8045,548.2428994823614,-548.2428994823614,0
8046,548.2898698269126,-548.2898698269126,0
8047,548.3504307690944,-548.3504307690944,0
8048,548.5400043750578,-548.5400043750578,0
8049,548.7172799465517,-548.7172799465517,0
8050,548.8906604403193,-548.8906604403193,0
8051,549.0363592491489,-549.0363592491489,0
8052,549.2693300008307,-549.2693300008307,0
8053,549.6427499184101,-549.6427499184101,0
8054,550.3096618718547,-550.3096618718547,0
8055,550.9839081084162,-550.9839081084162,0
8056,551.7723621313496,-551.7723621313496,0
8057,552.5157124613448,-552.5157124613448,0
8058,553.0174087361117,-553.0174087361117,0
8059,553.2864796471431,-553.2864796471431,0
8060,553.4682683192408,-553.4682683192408,0
8061,553.6242827351798,-553.6242827351798,0
8062,553.7395535728649,-553.7395535728649,0
8063,553.8219087817105,-553.8219087817105,0
8064,553.8809113763391,-553.8809113763391,0
8065,553.9351715055717,-553.9351715055717,0
8066,553.972779925723,-553.972779925723,0
8067,554.0061248362762,-554.0061248362762,0
8068,554.0354556835777,-554.0354556835777,0
8069,554.0433408289078,-554.0433408289078,0
8070,554.0696424963285,-554.0696424963285,0
8071,554.1507037713567,-554.1507037713567,0
8072,554.2135898907613,-554.2135898907613,0
8073,554.2448624814751,-554.2448624814751,0
8074,554.3705629999986,-554.3705629999986,0
8075,554.4499741451458,-554.4499741451458,0
8076,554.722462783181,-554.722462783181,0
8077,555.3524565766198,-555.3524565766198,0
8078,555.4889098943029,-555.4889098943029,0
8079,555.6325347116593,-555.6325347116593,0
8080,555.8144756483129,-555.8144756483129,0
8081,556.006172064916,-556.006172064916,0
8082,556.1932938667977,-556.1932938667977,0
8083,556.328007303711,-556.328007303711,0
8084,556.449326215986,-556.449326215986,0
8085,556.5600166450405,-556.5600166450405,0
8086,556.6654764224761,-556.6654764224761,0
8087,556.7262055870293,-556.7262055870293,0
8088,556.8104258018232,-556.8104258018232,0
8089,556.8858558492872,-556.8858558492872,0
8090,556.9703049220354,-556.9703049220354,0
8091,557.0943562300924,-557.0943562300924,0
8092,557.1826650211079,-557.1826650211079,0
8093,557.2949925476006,-557.2949925476006,0
8094,557.386297965951,-557.386297965951,0
8095,557.5312537581747,-557.5312537581747,0
8096,557.6723757236563,-557.6723757236563,0
8097,557.798510060284,-557.798510060284,0
8098,557.9068034363551,-557.9068034363551,0
8099,558.0350522950471,-558.0350522950471,0
8100,558.2019210659463,-558.2019210659463,0
8101,558.3509957920755,-558.3509957920755,0
8102,558.485122134829,-558.485122134829,0
8103,558.6538956519046,-558.6538956519046,0
8104,558.8400878495482,-558.8400878495482,0
8105,559.0136812750858,-559.0136812750858,0
8106,559.1805856426932,-559.1805856426932,0
8107,559.3713097431819,-559.3713097431819,0
8108,559.6011548454271,-559.6011548454271,0
8109,559.8417949567244,-559.8417949567244,0
8110,560.0101684013258,-560.0101684013258,0
8111,560.1994925192176,-560.1994925192176,0
8112,560.2497836499673,-560.2497836499673,0
8113,560.2963092156706,-560.2963092156706,0
8114,560.3203704205823,-560.3203704205823,0
8115,560.3426671798373,-560.3426671798373,0
8116,560.3637252351941,-560.3637252351941,0
8117,560.3869069832408,-560.3869069832408,0
8118,560.4023012019343,-560.4023012019343,0
8119,560.4873787310573,-560.4873787310573,0
8120,560.7390784818108,-560.7390784818108,0
8121,561.3575267202988,-561.3575267202988,0
8122,562.094772329251,-562.094772329251,0
8123,562.7780860000795,-562.7780860000795,0
8124,563.2060148194869,-563.2060148194869,0
8125,563.4038732027163,-563.4038732027163,0
8126,563.5773052708895,-563.5773052708895,0
8127,563.8294556486308,-563.8294556486308,0
8128,564.0343519235283,-564.0343519235283,0
8129,564.1512100169155,-564.1512100169155,0
8130,564.3041578263059,-564.3041578263059,0
8131,564.4624377400548,-564.4624377400548,0
8132,564.6382716251288,-564.6382716251288,0
8133,564.7730560648273,-564.7730560648273,0
8134,564.9057742050226,-564.9057742050226,0
8135,564.9717056195842,-564.9717056195842,0
8136,565.0036418100404,-565.0036418100404,0
8137,565.0236106636354,-565.0236106636354,0
8138,565.0421210403993,-565.0421210403993,0
8139,565.0626976953625,-565.0626976953625,0
8140,565.0802624821463,-565.0802624821463,0
8141,565.0807398972735,-565.0807398972735,0
8142,565.079410517559,-565.079410517559,0
8143,565.106521667453,-565.106521667453,0
8144,565.2563301238592,-565.2563301238592,0
8145,565.3552010991053,-565.3552010991053,0
8146,565.4165297182004,-565.4165297182004,0
8147,565.7749306389197,-565.7749306389197,0
8148,566.4068275844414,-566.4068275844414,0
8149,566.5834310122608,-566.5834310122608,0
8150,566.6252749336625,-566.6252749336625,0
8151,566.7287993691044,-566.7287993691044,0
8152,566.8388965736897,-566.8388965736897,0
8153,567.0348091813747,-567.0348091813747,0
8154,567.2351282578983,-567.2351282578983,0
8155,567.4039984803284,-567.4039984803284,0
8156,567.5446515092432,-567.5446515092432,0
8157,567.7214220375284,-567.7214220375284,0
8158,567.8822572868957,-567.8822572868957,0
8159,568.0080844465712,-568.0080844465712,0
8160,568.0627893228627,-568.0627893228627,0
8161,568.1052190220325,-568.1052190220325,0
8162,568.1416346749804,-568.1416346749804,0
8163,568.1854465582738,-568.1854465582738,0
8164,568.2148721204849,-568.2148721204849,0
8165,568.239621021761,-568.239621021761,0
8166,568.2842984757684,-568.2842984757684,0
8167,568.3793398112916,-568.3793398112916,0
8168,568.5620581468122,-568.5620581468122,0
8169,568.5764717457207,-568.5764717457207,0
8170,568.6849152903932,-568.6849152903932,0
8171,568.7356336293958,-568.7356336293958,0
8172,568.8000243519543,-568.8000243519543,0
8173,568.8099152675206,-568.8099152675206,0
8174,568.8770136931637,-568.8770136931637,0
8175,569.0290519336921,-569.0290519336921,0
8176,569.1555256187464,-569.1555256187464,0
8177,569.2948572435337,-569.2948572435337,0
8178,569.3907399830587,-569.3907399830587,0
8179,569.5033412437398,-569.5033412437398,0
8180,569.6132933508853,-569.6132933508853,0
8181,569.7273936415424,-569.7273936415424,0
8182,569.8498582364405,-569.8498582364405,0
8183,569.9254763180845,-569.9254763180845,0
8184,569.9924832088017,-569.9924832088017,0
8185,570.0534092826213,-570.0534092826213,0
8186,570.1245467400074,-570.1245467400074,0
8187,570.2113856726293,-570.2113856726293,0
8188,570.2573868227691,-570.2573868227691,0
8189,570.3273358486235,-570.3273358486235,0
8190,570.3980954720106,-570.3980954720106,0
8191,570.546740301313,-570.546740301313,0
8192,570.6738379500985,-570.6738379500985,0
8193,570.7340700170339,-570.7340700170339,0
8194,570.8003279807136,-570.8003279807136,0
8195,570.8726027138282,-570.8726027138282,0
8196,570.9220544081213,-570.9220544081213,0
8197,570.9950182149441,-570.9950182149441,0
8198,571.3797898319774,-571.3797898319774,0
8199,571.7003300403375,-571.7003300403375,0
8200,571.8555399406171,-571.8555399406171,0
8201,571.9859982826673,-571.9859982826673,0
8202,572.113191150928,-572.113191150928,0
8203,572.2241382984818,-572.2241382984818,0
8204,572.3398945576062,-572.3398945576062,0
8205,572.4595257248267,-572.4595257248267,0
8206,572.5876345076954,-572.5876345076954,0
8207,572.6712152580606,-572.6712152580606,0
8208,572.7591654952096,-572.7591654952096,0
8209,572.8324493972146,-572.8324493972146,0
8210,572.9006870502465,-572.9006870502465,0
8211,572.9506849871715,-572.9506849871715,0
8212,572.9983017975903,-572.9983017975903,0
8213,573.0596030391903,-573.0596030391903,0
8214,573.1478681368319,-573.1478681368319,0
8215,573.3398464537728,-573.3398464537728,0
8216,573.5040119263549,-573.5040119263549,0
8217,573.6358450715559,-573.6358450715559,0
8218,573.7412904506236,-573.7412904506236,0
8219,573.7994593497064,-573.7994593497064,0
8220,574.3380474105429,-574.3380474105429,0
8221,575.1334828030475,-575.1334828030475,0
8222,575.4717182701618,-575.4717182701618,0
8223,575.6396782246486,-575.6396782246486,0
8224,575.8078500065856,-575.8078500065856,0
8225,575.935992217056,-575.935992217056,0
8226,576.0487644984767,-576.0487644984767,0
8227,576.1389366657182,-576.1389366657182,0
8228,576.2720448502048,-576.2720448502048,0
8229,576.4017649531424,-576.4017649531424,0
8230,576.5401979809338,-576.5401979809338,0
8231,576.6306293103193,-576.6306293103193,0
8232,576.6959419726765,-576.6959419726765,0
8233,576.7609883488799,-576.7609883488799,0
8234,576.8232295171157,-576.8232295171157,0
8235,576.8758366492027,-576.8758366492027,0
8236,576.9471343659037,-576.9471343659037,0
8237,576.9890313151815,-576.9890313151815,0
8238,577.0353696030623,-577.0353696030623,0
8239,577.1480702435466,-577.1480702435466,0
8240,577.2562376367068,-577.2562376367068,0
8241,577.4340063541428,-577.4340063541428,0
8242,577.6822320130384,-577.6822320130384,0
8243,578.4318313853764,-578.4318313853764,0
8244,579.0701891603597,-579.0701891603597,0
8245,579.4646648987766,-579.4646648987766,0
8246,579.6756165737038,-579.6756165737038,0
8247,579.7855113912493,-579.7855113912493,0
8248,579.9099511165654,-579.9099511165654,0
8249,580.02321261627,-580.02321261627,0
8250,580.14378821772,-580.14378821772,0
8251,580.2289907115934,-580.2289907115934,0
8252,580.3200422663549,-580.3200422663549,0
8253,580.5150706467786,-580.5150706467786,0
8254,580.6234455193402,-580.6234455193402,0
8255,580.6949254367506,-580.6949254367506,0
8256,580.7609230563415,-580.7609230563415,0
8257,580.8048847173437,-580.8048847173437,0
8258,580.8598275886688,-580.8598275886688,0
8259,580.8991292212539,-580.8991292212539,0
8260,580.9454482849603,-580.9454482849603,0
8261,581.0208129094275,-581.0208129094275,0
8262,581.1007348437882,-581.1007348437882,0
8263,581.2034783882904,-581.2034783882904,0
8264,581.2724511318621,-581.2724511318621,0
8265,581.8069074395961,-581.8069074395961,0
8266,582.4906200994945,-582.4906200994945,0
8267,583.1643886352629,-583.1643886352629,0
8268,583.8273679019986,-583.8273679019986,0
8269,584.5183779810719,-584.5183779810719,0
8270,585.0306008532837,-585.0306008532837,0
8271,585.228932444696,-585.228932444696,0
8272,585.3950993487631,-585.3950993487631,0
8273,585.4923552531785,-585.4923552531785,0
8274,585.5904581430121,-585.5904581430121,0
8275,585.6747668470458,-585.6747668470458,0
8276,585.7746082300149,-585.7746082300149,0
8277,585.8853350224935,-585.8853350224935,0
8278,586.0095375255531,-586.0095375255531,0
8279,586.1031353636313,-586.1031353636313,0
8280,586.1635210218017,-586.1635210218017,0
8281,586.2148930677696,-586.2148930677696,0
8282,586.2894175685315,-586.2894175685315,0
8283,586.3309708616168,-586.3309708616168,0
8284,586.3790260443408,-586.3790260443408,0
8285,586.4402404327467,-586.4402404327467,0
8286,586.4784368284953,-586.4784368284953,0
8287,586.5637993062638,-586.5637993062638,0
8288,586.7384849583912,-586.7384849583912,0
8289,586.8584947122887,-586.8584947122887,0
8290,586.9178629582593,-586.9178629582593,0
8291,587.0047271218466,-587.0047271218466,0
8292,587.6478626378904,-587.6478626378904,0
8293,588.3070299062163,-588.3070299062163,0
8294,589.0181470085732,-589.0181470085732,0
8295,589.4382251378051,-589.4382251378051,0
8296,589.635305770227,-589.635305770227,0
8297,589.796298837447,-589.796298837447,0
8298,589.9375192793553,-589.9375192793553,0
8299,590.0792406052191,-590.0792406052191,0
8300,590.2135864159217,-590.2135864159217,0
8301,590.3469453709146,-590.3469453709146,0
8302,590.4776908274413,-590.4776908274413,0
8303,590.5896648972172,-590.5896648972172,0
8304,590.6626275337265,-590.6626275337265,0
8305,590.7244403981007,-590.7244403981007,0
8306,590.7922843104552,-590.7922843104552,0
8307,590.846261437682,-590.846261437682,0
8308,590.8975140703187,-590.8975140703187,0
8309,590.9604929107713,-590.9604929107713,0
8310,591.0277211168959,-591.0277211168959,0
8311,591.1543274274197,-591.1543274274197,0
8312,591.2648333692855,-591.2648333692855,0
8313,591.300064026139,-591.300064026139,0
8314,591.3391982706111,-591.3391982706111,0
8315,591.369417858727,-591.369417858727,0
8316,591.4468538658979,-591.4468538658979,0
8317,591.9223078489645,-591.9223078489645,0
8318,592.454463149139,-592.454463149139,0
8319,593.1425831699895,-593.1425831699895,0
8320,593.8370094640702,-593.8370094640702,0
8321,594.3280310910432,-594.3280310910432,0
8322,594.6031762360069,-594.6031762360069,0
8323,594.7818431275936,-594.7818431275936,0
8324,594.9789624425621,-594.9789624425621,0
8325,595.1041376669675,-595.1041376669675,0
8326,595.2400099338754,-595.2400099338754,0
8327,595.3307071275505,-595.3307071275505,0
8328,595.3993021555015,-595.3993021555015,0
8329,595.4824199830956,-595.4824199830956,0
8330,595.5381488631974,-595.5381488631974,0
8331,595.5898205336238,-595.5898205336238,0
8332,595.6332483468259,-595.6332483468259,0
8333,595.7226888058503,-595.7226888058503,0
8334,595.8034527589928,-595.8034527589928,0
8335,595.9341314715039,-595.9341314715039,0
8336,596.0732458242206,-596.0732458242206,0
8337,596.1345672005616,-596.1345672005616,0
8338,596.1804816499666,-596.1804816499666,0
8339,596.2104877056311,-596.2104877056311,0
8340,596.2683387368653,-596.2683387368653,0
8341,596.339888732619,-596.339888732619,0
8342,596.4390109356596,-596.4390109356596,0
8343,596.5984675122063,-596.5984675122063,0
8344,596.7508327776948,-596.7508327776948,0
8345,596.9090514114708,-596.9090514114708,0
8346,597.0865347324523,-597.0865347324523,0
8347,597.2571362836946,-597.2571362836946,0
8348,597.4289507653369,-597.4289507653369,0
8349,597.602168307416,-597.602168307416,0
8350,597.7206115224951,-597.7206115224951,0
8351,597.83759541683,-597.83759541683,0
8352,597.906918218975,-597.906918218975,0
8353,597.96388820042,-597.96388820042,0
8354,598.0360404510976,-598.0360404510976,0
8355,598.1021293307011,-598.1021293307011,0
8356,598.1495909029557,-598.1495909029557,0
8357,598.2114473252859,-598.2114473252859,0
8358,598.271385763981,-598.271385763981,0
8359,598.4008301408302,-598.4008301408302,0
8360,598.5493266408804,-598.5493266408804,0
8361,598.6548435750818,-598.6548435750818,0
8362,598.7565685668611,-598.7565685668611,0
8363,598.8605469605806,-598.8605469605806,0
8364,598.9332464975611,-598.9332464975611,0
8365,599.1702089441071,-599.1702089441071,0
8366,599.8260541541491,-599.8260541541491,0
8367,600.3151046601578,-600.3151046601578,0
8368,600.5668796774729,-600.5668796774729,0
8369,600.7584888931711,-600.7584888931711,0
8370,600.9350458476216,-600.9350458476216,0
8371,601.1035639193447,-601.1035639193447,0
8372,601.2723807006413,-601.2723807006413,0
8373,601.463609923079,-601.463609923079,0
8374,601.6371307931558,-601.6371307931558,0
8375,601.7479449099486,-601.7479449099486,0
8376,601.8617008217227,-601.8617008217227,0
8377,601.9659750806459,-601.9659750806459,0
8378,602.0681331145054,-602.0681331145054,0
8379,602.155023554798,-602.155023554798,0
8380,602.2477169777026,-602.2477169777026,0
8381,602.3293304712341,-602.3293304712341,0
8382,602.4239738513172,-602.4239738513172,0
8383,602.5586650712612,-602.5586650712612,0
8384,602.7128283907965,-602.7128283907965,0
8385,602.8989853072359,-602.8989853072359,0
8386,603.0490611271554,-603.0490611271554,0
8387,603.1477445683784,-603.1477445683784,0
8388,603.2038977658032,-603.2038977658032,0
8389,603.3161502700935,-603.3161502700935,0
8390,603.4304958100143,-603.4304958100143,0
8391,603.5464722284307,-603.5464722284307,0
8392,603.6410537467973,-603.6410537467973,0
8393,603.729935380021,-603.729935380021,0
8394,603.8616330882702,-603.8616330882702,0
8395,604.0151080479533,-604.0151080479533,0
8396,604.1725997278052,-604.1725997278052,0
8397,604.3338504818612,-604.3338504818612,0
8398,604.4868949315289,-604.4868949315289,0
8399,604.614745864009,-604.614745864009,0
8400,604.7247026741223,-604.7247026741223,0
8401,604.8129605308435,-604.8129605308435,0
8402,604.8685091953708,-604.8685091953708,0
8403,604.9490148668234,-604.9490148668234,0
8404,605.0226271166692,-605.0226271166692,0
8405,605.0932545252567,-605.0932545252567,0
8406,605.1847498271194,-605.1847498271194,0
8407,605.294464067431,-605.294464067431,0
8408,605.4559317431565,-605.4559317431565,0
8409,606.0092673035439,-606.0092673035439,0
8410,606.5640847611619,-606.5640847611619,0
8411,606.9598846694913,-606.9598846694913,0
8412,607.3734363440092,-607.3734363440092,0
8413,607.6280418740799,-607.6280418740799,0
8414,607.7917825507321,-607.7917825507321,0
8415,607.9129280012631,-607.9129280012631,0
8416,608.0318158514038,-608.0318158514038,0
8417,608.1402414348329,-608.1402414348329,0
8418,608.2539712519657,-608.2539712519657,0
8419,608.3440684986206,-608.3440684986206,0
8420,608.45541547184,-608.45541547184,0
8421,608.5649626390478,-608.5649626390478,0
8422,608.6386274484872,-608.6386274484872,0
8423,608.6856763701917,-608.6856763701917,0
8424,608.7296976820389,-608.7296976820389,0
8425,608.763705833414,-608.763705833414,0
8426,608.7819544143497,-608.7819544143497,0
8427,608.7967342952926,-608.7967342952926,0
8428,608.8357687655359,-608.8357687655359,0
8429,608.849206581505,-608.849206581505,0
8430,608.847117556844,-608.847117556844,0
8431,608.8848119020147,-608.8848119020147,0
8432,608.9541209291497,-608.9541209291497,0
8433,609.0663855737845,-609.0663855737845,0
8434,609.5416377626469,-609.5416377626469,0
8435,610.162002223469,-610.162002223469,0
8436,610.4614477983736,-610.4614477983736,0
8437,610.5847098684337,-610.5847098684337,0
8438,610.6643871961243,-610.6643871961243,0
8439,610.7399146132084,-610.7399146132084,0
8440,610.8385357303852,-610.8385357303852,0
8441,610.9842530781443,-610.9842530781443,0
8442,611.1452687145604,-611.1452687145604,0
8443,611.2893323890353,-611.2893323890353,0
8444,611.4661158942573,-611.4661158942573,0
8445,611.6077934690777,-611.6077934690777,0
8446,611.7738936297256,-611.7738936297256,0
8447,611.9143248396591,-611.9143248396591,0
8448,612.0299987015345,-612.0299987015345,0
8449,612.1274321623645,-612.1274321623645,0
8450,612.2354912692639,-612.2354912692639,0
8451,612.300406471489,-612.300406471489,0
8452,612.3533758588701,-612.3533758588701,0
8453,612.4102504990326,-612.4102504990326,0
8454,612.5024960577932,-612.5024960577932,0
8455,612.5517792669554,-612.5517792669554,0
8456,612.6317628353496,-612.6317628353496,0
8457,612.7846233665805,-612.7846233665805,0
8458,613.0005031042426,-613.0005031042426,0
8459,613.1618796927521,-613.1618796927521,0
8460,613.2743411969271,-613.2743411969271,0
8461,613.3907630680673,-613.3907630680673,0
8462,613.472109441682,-613.472109441682,0
8463,613.5646692917301,-613.5646692917301,0
8464,613.6766385916596,-613.6766385916596,0
8465,613.818505180773,-613.818505180773,0
8466,613.9376952629398,-613.9376952629398,0
8467,614.1154165969298,-614.1154165969298,0
8468,614.249374768611,-614.249374768611,0
8469,614.3657940245395,-614.3657940245395,0
8470,614.47459992364,-614.47459992364,0
8471,614.5393691814126,-614.5393691814126,0
8472,614.6306469096145,-614.6306469096145,0
8473,614.6908044443901,-614.6908044443901,0
8474,614.7423176930071,-614.7423176930071,0
8475,614.8064636149403,-614.8064636149403,0
8476,614.8646533049808,-614.8646533049808,0
8477,614.9346885156714,-614.9346885156714,0
8478,615.0087900241645,-615.0087900241645,0
8479,615.1089931057746,-615.1089931057746,0
8480,615.1928281315775,-615.1928281315775,0
8481,615.3039092166416,-615.3039092166416,0
8482,615.4979219111382,-615.4979219111382,0
8483,615.6378462340735,-615.6378462340735,0
8484,615.7688206908199,-615.7688206908199,0
8485,615.9114542387746,-615.9114542387746,0
8486,616.0415395558331,-616.0415395558331,0
8487,616.1670318527326,-616.1670318527326,0
8488,616.2628016820892,-616.2628016820892,0
8489,616.353660075401,-616.353660075401,0
8490,616.4140177654261,-616.4140177654261,0
8491,616.528711973862,-616.528711973862,0
8492,616.6253578469019,-616.6253578469019,0
8493,616.7727484607639,-616.7727484607639,0
8494,616.8692258489798,-616.8692258489798,0
8495,616.925746105045,-616.925746105045,0
8496,616.9748008280827,-616.9748008280827,0
8497,617.0074087105072,-617.0074087105072,0
8498,617.0466821323279,-617.0466821323279,0
8499,617.0716663862256,-617.0716663862256,0
8500,617.0870695636862,-617.0870695636862,0
8501,617.1159930924845,-617.1159930924845,0
8502,617.1412662598808,-617.1412662598808,0
8503,617.2017488498192,-617.2017488498192,0
8504,617.4044128387109,-617.4044128387109,0
8505,617.5819108920114,-617.5819108920114,0
8506,617.7004078277301,-617.7004078277301,0
8507,617.8595279016828,-617.8595279016828,0
8508,618.0189447998819,-618.0189447998819,0
8509,618.4544684897483,-618.4544684897483,0
8510,618.6999061492774,-618.6999061492774,0
8511,618.8250311009978,-618.8250311009978,0
8512,618.9338719811265,-618.9338719811265,0
8513,619.0476076889839,-619.0476076889839,0
8514,619.1894371622288,-619.1894371622288,0
8515,619.3347043746497,-619.3347043746497,0
8516,619.4379007170979,-619.4379007170979,0
8517,619.5387760836422,-619.5387760836422,0
8518,619.6302160198037,-619.6302160198037,0
8519,619.687856010958,-619.687856010958,0
8520,619.7445482925492,-619.7445482925492,0
8521,619.7707945371392,-619.7707945371392,0
8522,619.7896482197349,-619.7896482197349,0
8523,619.8094732116056,-619.8094732116056,0
8524,619.8202610397904,-619.8202610397904,0
8525,619.831934286367,-619.831934286367,0
8526,619.834598685777,-619.834598685777,0
8527,620.0434361681574,-620.0434361681574,0
8528,620.3520338799656,-620.3520338799656,0
8529,620.5013689608353,-620.5013689608353,0
8530,620.7184861587946,-620.7184861587946,0
8531,620.9839028741069,-620.9839028741069,0
8532,621.1464931477617,-621.1464931477617,0
8533,621.4245788974216,-621.4245788974216,0
8534,621.5593871032182,-621.5593871032182,0
8535,621.6376640381487,-621.6376640381487,0
8536,621.7812651546857,-621.7812651546857,0
8537,621.8763333290262,-621.8763333290262,0
8538,621.9864988746677,-621.9864988746677,0
8539,622.0902551504429,-622.0902551504429,0
8540,622.2065687910125,-622.2065687910125,0
8541,622.3065338188438,-622.3065338188438,0
8542,622.3853724197407,-622.3853724197407,0
8543,622.454058360852,-622.454058360852,0
8544,622.5557000854171,-622.5557000854171,0
8545,622.652480092426,-622.652480092426,0
8546,622.7553985453935,-622.7553985453935,0
8547,622.8435521840917,-622.8435521840917,0
8548,622.9276452790835,-622.9276452790835,0
8549,623.0003329876398,-623.0003329876398,0
8550,623.0925226365362,-623.0925226365362,0
8551,623.2242727615453,-623.2242727615453,0
8552,623.3683268487098,-623.3683268487098,0
8553,623.5359382545524,-623.5359382545524,0
8554,623.6935112085316,-623.6935112085316,0
8555,624.0230050038908,-624.0230050038908,0
8556,624.5226240718014,-624.5226240718014,0
8557,625.1681867927417,-625.1681867927417,0
8558,625.4862505522187,-625.4862505522187,0
8559,625.6666442092431,-625.6666442092431,0
8560,625.7895250599639,-625.7895250599639,0
8561,625.8919150644513,-625.8919150644513,0
8562,626.0341592764939,-626.0341592764939,0
8563,626.1955347237899,-626.1955347237899,0
8564,626.3532119360626,-626.3532119360626,0
8565,626.5107324704043,-626.5107324704043,0
8566,626.6612621014632,-626.6612621014632,0
8567,626.787825606082,-626.787825606082,0
8568,626.8469561224025,-626.8469561224025,0
8569,626.8895234380799,-626.8895234380799,0
8570,626.9149761643762,-626.9149761643762,0
8571,626.9320326886661,-626.9320326886661,0
8572,626.9432224355342,-626.9432224355342,0
8573,626.9511397710073,-626.9511397710073,0
8574,626.9625911672225,-626.9625911672225,0
8575,627.0287624626401,-627.0287624626401,0
8576,627.0923329632972,-627.0923329632972,0
8577,627.2598227088304,-627.2598227088304,0
8578,627.953150629847,-627.953150629847,0
8579,628.6873337993463,-628.6873337993463,0
8580,629.5540746439674,-629.5540746439674,0
8581,630.5398352764659,-630.5398352764659,0
8582,631.3257786994324,-631.3257786994324,0
8583,631.7826889866623,-631.7826889866623,0
8584,632.079065516995,-632.079065516995,0
8585,632.2632161398806,-632.2632161398806,0
8586,632.4511609108463,-632.4511609108463,0
8587,632.5521225905892,-632.5521225905892,0
8588,632.6974581439331,-632.6974581439331,0
8589,632.8003654019983,-632.8003654019983,0
8590,632.9070398015721,-632.9070398015721,0
8591,632.9716793686462,-632.9716793686462,0
8592,633.0139946133312,-633.0139946133312,0
8593,633.0386076275877,-633.0386076275877,0
8594,633.0582604514115,-633.0582604514115,0
8595,633.0732688868304,-633.0732688868304,0
8596,633.0866748660683,-633.0866748660683,0
8597,633.1114718554414,-633.1114718554414,0
8598,633.1585585688849,-633.1585585688849,0
8599,633.1897927637457,-633.1897927637457,0
8600,633.2468448720999,-633.2468448720999,0
8601,633.3508686925858,-633.3508686925858,0
8602,633.4974087140092,-633.4974087140092,0
8603,633.7258030215391,-633.7258030215391,0
8604,633.9456114159942,-633.9456114159942,0
8605,634.0769630762985,-634.0769630762985,0
8606,634.2809131937722,-634.2809131937722,0
8607,634.4208469401744,-634.4208469401744,0
8608,634.5815360829228,-634.5815360829228,0
8609,634.7976383687455,-634.7976383687455,0
8610,635.0187684499253,-635.0187684499253,0
8611,635.1621350219172,-635.1621350219172,0
8612,635.3719526349711,-635.3719526349711,0
8613,635.5681740683575,-635.5681740683575,0
8614,635.6596802615812,-635.6596802615812,0
8615,635.7176453710326,-635.7176453710326,0
8616,635.768146752776,-635.768146752776,0
8617,635.8053896227887,-635.8053896227887,0
8618,635.8255256078236,-635.8255256078236,0
8619,635.8405930513538,-635.8405930513538,0
8620,635.8501242461446,-635.8501242461446,0
8621,635.8602461755568,-635.8602461755568,0
8622,635.8816680397837,-635.8816680397837,0
8623,635.933554317186,-635.933554317186,0
8624,636.0056966184368,-636.0056966184368,0
8625,636.0728655965717,-636.0728655965717,0
8626,636.2956823360154,-636.2956823360154,0
8627,636.4838241559893,-636.4838241559893,0
8628,636.6778185103083,-636.6778185103083,0
8629,636.824641426566,-636.824641426566,0
8630,636.9582563710745,-636.9582563710745,0
8631,637.1149687890601,-637.1149687890601,0
8632,637.3224860576998,-637.3224860576998,0
8633,637.4896910483394,-637.4896910483394,0
8634,637.645011557501,-637.645011557501,0
8635,637.8461183158412,-637.8461183158412,0
8636,637.980905713777,-637.980905713777,0
8637,638.0873393601394,-638.0873393601394,0
8638,638.2065453221969,-638.2065453221969,0
8639,638.2863932491429,-638.2863932491429,0
8640,638.3257511192909,-638.3257511192909,0
8641,638.3511416747763,-638.3511416747763,0
8642,638.3695508887049,-638.3695508887049,0
8643,638.384745163844,-638.384745163844,0
8644,638.39269762734,-638.39269762734,0
8645,638.403848916823,-638.403848916823,0
8646,638.4163105662905,-638.4163105662905,0
8647,638.4645995323458,-638.4645995323458,0
8648,638.6305059014553,-638.6305059014553,0
8649,638.7087995510138,-638.7087995510138,0
8650,638.8046008657163,-638.8046008657163,0
8651,638.8752699368216,-638.8752699368216,0
8652,638.8902104203415,-638.8902104203415,0
8653,638.9016913042936,-638.9016913042936,0
8654,638.9296617418826,-638.9296617418826,0
8655,639.0428815472587,-639.0428815472587,0
8656,639.179269190746,-639.179269190746,0
8657,639.3406878653698,-639.3406878653698,0
8658,639.5248079771051,-639.5248079771051,0
8659,639.6403486510889,-639.6403486510889,0
8660,639.7965050016853,-639.7965050016853,0
8661,639.9373552643343,-639.9373552643343,0
8662,640.0499688932343,-640.0499688932343,0
8663,640.126402243652,-640.126402243652,0
8664,640.1767452957708,-640.1767452957708,0
8665,640.2238035654389,-640.2238035654389,0
8666,640.261150864319,-640.261150864319,0
8667,640.3132446183782,-640.3132446183782,0
8668,640.3541705353424,-640.3541705353424,0
8669,640.3788806637068,-640.3788806637068,0
8670,640.4138341182165,-640.4138341182165,0
8671,640.4926879267929,-640.4926879267929,0
8672,640.593691221286,-640.593691221286,0
8673,640.6863203503926,-640.6863203503926,0
8674,640.8404038424029,-640.8404038424029,0
8675,640.9125778701465,-640.9125778701465,0
8676,640.9247702516036,-640.9247702516036,0
8677,641.3482352568727,-641.3482352568727,0
8678,641.720319836132,-641.720319836132,0
8679,642.0581178859558,-642.0581178859558,0
8680,642.4694351395934,-642.4694351395934,0
8681,642.8126973798257,-642.8126973798257,0
8682,643.0385753446167,-643.0385753446167,0
8683,643.2778338387425,-643.2778338387425,0
8684,643.4368341330329,-643.4368341330329,0
8685,643.593375332009,-643.593375332009,0
8686,643.7467386876142,-643.7467386876142,0
8687,643.8356394362813,-643.8356394362813,0
8688,643.8833212542069,-643.8833212542069,0
8689,643.9093508011003,-643.9093508011003,0
8690,643.9311018031383,-643.9311018031383,0
8691,643.9518448038336,-643.9518448038336,0
8692,643.9664747521394,-643.9664747521394,0
8693,643.9810168729017,-643.9810168729017,0
8694,644.0044658546665,-644.0044658546665,0
8695,644.0621953667733,-644.0621953667733,0
8696,644.1555896975415,-644.1555896975415,0
8697,644.2450562342285,-644.2450562342285,0
8698,644.3136749384927,-644.3136749384927,0
8699,644.4325107456378,-644.4325107456378,0
8700,644.7124987864707,-644.7124987864707,0
8701,645.4699463397518,-645.4699463397518,0
8702,646.0038397059526,-646.0038397059526,0
8703,646.40265380412,-646.40265380412,0
8704,646.622147681269,-646.622147681269,0
8705,646.7726545221313,-646.7726545221313,0
8706,646.9158652351174,-646.9158652351174,0
8707,647.0698204364674,-647.0698204364674,0
8708,647.2401278047384,-647.2401278047384,0
8709,647.4072486298919,-647.4072486298919,0
8710,647.5409467201799,-647.5409467201799,0
8711,647.676531942555,-647.676531942555,0
8712,647.7300385230516,-647.7300385230516,0
8713,647.7856967820522,-647.7856967820522,0
8714,647.832638238491,-647.832638238491,0
8715,647.876542063048,-647.876542063048,0
8716,647.9345414432244,-647.9345414432244,0
8717,647.9894027911972,-647.9894027911972,0
8718,648.0290496165572,-648.0290496165572,0
8719,648.1005535472833,-648.1005535472833,0
8720,648.25667899343,-648.25667899343,0
8721,648.3036163681104,-648.3036163681104,0
8722,648.3279971128499,-648.3279971128499,0
8723,648.3307262223245,-648.3307262223245,0
8724,648.3900075946533,-648.3900075946533,0
8725,648.4756175423756,-648.4756175423756,0
8726,648.4931459663238,-648.4931459663238,0
8727,648.5616350475559,-648.5616350475559,0
8728,648.6803778127628,-648.6803778127628,0
8729,648.7933410762307,-648.7933410762307,0
8730,648.9077287209263,-648.9077287209263,0
8731,649.0256971901217,-649.0256971901217,0
8732,649.1231004474408,-649.1231004474408,0
8733,649.2308282432729,-649.2308282432729,0
8734,649.333392646187,-649.333392646187,0
8735,649.405773082056,-649.405773082056,0
